solid OpenSCAD_Model
  facet normal 0 0 1
    outer loop
      vertex 66.25 25 0.6
      vertex 87.06 28.60000000000001 0.6
      vertex 66.25 28.60000000000001 0.6
    endloop
  endfacet
  facet normal 0 0 1
    outer loop
      vertex 87.06 29.40000000000001 0.6
      vertex 87.06 41.80000000000001 0.6
      vertex 66.25 29.40000000000001 0.6
    endloop
  endfacet
  facet normal 0 0 1
    outer loop
      vertex 66.25 41.80000000000001 0.6
      vertex 66.25 29.40000000000001 0.6
      vertex 87.06 41.80000000000001 0.6
    endloop
  endfacet
  facet normal 0 0 1
    outer loop
      vertex 66.25 42.60000000000001 0.6
      vertex 87.06 42.60000000000001 0.6
      vertex 87.06 55.000000000000014 0.6
    endloop
  endfacet
  facet normal 0 0 1
    outer loop
      vertex 87.06 28.60000000000001 0.6
      vertex 93.65 28.60000000000001 0.6
      vertex 87.06 29.40000000000001 0.6
    endloop
  endfacet
  facet normal 0 0 1
    outer loop
      vertex 87.06 29.40000000000001 0.6
      vertex 93.65 41.80000000000001 0.6
      vertex 87.06 41.80000000000001 0.6
    endloop
  endfacet
  facet normal 0 0 1
    outer loop
      vertex 87.06 41.80000000000001 0.6
      vertex 93.65 41.80000000000001 0.6
      vertex 87.06 42.60000000000001 0.6
    endloop
  endfacet
  facet normal 0 0 1
    outer loop
      vertex 66.25 42.60000000000001 0.6
      vertex 87.06 55.000000000000014 0.6
      vertex 66.25 55.000000000000014 0.6
    endloop
  endfacet
  facet normal 0 0 1
    outer loop
      vertex 66.25 55.80000000000001 0.6
      vertex 87.06 55.80000000000001 0.6
      vertex 87.06 68.20000000000002 0.6
    endloop
  endfacet
  facet normal 0 0 1
    outer loop
      vertex 66.25 55.80000000000001 0.6
      vertex 87.06 68.20000000000002 0.6
      vertex 66.25 68.20000000000002 0.6
    endloop
  endfacet
  facet normal 0 0 1
    outer loop
      vertex 66.25 69 0.6
      vertex 87.06 69 0.6
      vertex 66.25 81.4 0.6
    endloop
  endfacet
  facet normal 0 0 1
    outer loop
      vertex 87.06 42.60000000000001 0.6
      vertex 93.65 55.008839779005534 0.6
      vertex 87.06 55.000000000000014 0.6
    endloop
  endfacet
  facet normal 0 0 1
    outer loop
      vertex 87.06 55.000000000000014 0.6
      vertex 93.65 55.008839779005534 0.6
      vertex 87.06 55.80000000000001 0.6
    endloop
  endfacet
  facet normal 0 0 1
    outer loop
      vertex 87.06 55.80000000000001 0.6
      vertex 93.65 55.008839779005534 0.6
      vertex 87.06 68.20000000000002 0.6
    endloop
  endfacet
  facet normal 0 0 1
    outer loop
      vertex 87.06 68.20000000000002 0.6
      vertex 93.65 68.2 0.6
      vertex 87.06 69 0.6
    endloop
  endfacet
  facet normal 0 0 1
    outer loop
      vertex 87.06 69 0.6
      vertex 87.06 81.4 0.6
      vertex 66.25 81.4 0.6
    endloop
  endfacet
  facet normal 0 0 1
    outer loop
      vertex 66.25 82.2 0.6
      vertex 87.06 82.2 0.6
      vertex 87.06 94.60000000000001 0.6
    endloop
  endfacet
  facet normal 0 0 1
    outer loop
      vertex 66.25 82.2 0.6
      vertex 87.06 94.60000000000001 0.6
      vertex 66.25 94.60000000000001 0.6
    endloop
  endfacet
  facet normal 0 0 1
    outer loop
      vertex 66.25 95.4 0.6
      vertex 87.06 95.4 0.6
      vertex 87.06 107.80000000000001 0.6
    endloop
  endfacet
  facet normal 0 0 1
    outer loop
      vertex 87.06 69 0.6
      vertex 93.65 81.40883977900553 0.6
      vertex 87.06 81.4 0.6
    endloop
  endfacet
  facet normal 0 0 1
    outer loop
      vertex 87.06 81.4 0.6
      vertex 93.65 81.40883977900553 0.6
      vertex 87.06 82.2 0.6
    endloop
  endfacet
  facet normal 0 0 1
    outer loop
      vertex 87.06 82.2 0.6
      vertex 93.65 81.40883977900553 0.6
      vertex 87.06 94.60000000000001 0.6
    endloop
  endfacet
  facet normal 0 0 1
    outer loop
      vertex 87.06 94.60000000000001 0.6
      vertex 93.65 94.60000000000001 0.6
      vertex 87.06 95.4 0.6
    endloop
  endfacet
  facet normal 0 0 1
    outer loop
      vertex 66.25 95.4 0.6
      vertex 87.06 107.80000000000001 0.6
      vertex 66.25 107.80000000000001 0.6
    endloop
  endfacet
  facet normal 0 0 1
    outer loop
      vertex 66.25 108.60000000000001 0.6
      vertex 87.06 108.60000000000001 0.6
      vertex 87.06 121 0.6
    endloop
  endfacet
  facet normal 0 0 1
    outer loop
      vertex 66.25 108.60000000000001 0.6
      vertex 87.06 121 0.6
      vertex 66.25 121 0.6
    endloop
  endfacet
  facet normal 0 0 1
    outer loop
      vertex 66.25 121.8 0.6
      vertex 87.06 121.8 0.6
      vertex 87.06 134.2 0.6
    endloop
  endfacet
  facet normal 0 0 1
    outer loop
      vertex 87.06 95.4 0.6
      vertex 93.65 107.80883977900552 0.6
      vertex 87.06 107.80000000000001 0.6
    endloop
  endfacet
  facet normal 0 0 1
    outer loop
      vertex 87.06 107.80000000000001 0.6
      vertex 93.65 107.80883977900552 0.6
      vertex 87.06 108.60000000000001 0.6
    endloop
  endfacet
  facet normal 0 0 1
    outer loop
      vertex 87.06 108.60000000000001 0.6
      vertex 93.65 107.80883977900552 0.6
      vertex 87.06 121 0.6
    endloop
  endfacet
  facet normal 0 0 1
    outer loop
      vertex 87.06 121 0.6
      vertex 93.65 121 0.6
      vertex 87.06 121.8 0.6
    endloop
  endfacet
  facet normal 0 0 1
    outer loop
      vertex 87.06 29.40000000000001 0.6
      vertex 93.65 28.60000000000001 0.6
      vertex 93.65 41.80000000000001 0.6
    endloop
  endfacet
  facet normal 0 0 1
    outer loop
      vertex 94.85 29.40000000000001 0.6
      vertex 100.85 29.40000000000001 0.6
      vertex 100.85 41.80000000000001 0.6
    endloop
  endfacet
  facet normal 0 0 1
    outer loop
      vertex 87.06 42.60000000000001 0.6
      vertex 93.65 41.80000000000001 0.6
      vertex 93.65 55.008839779005534 0.6
    endloop
  endfacet
  facet normal 0 0 1
    outer loop
      vertex 94.85 29.40000000000001 0.6
      vertex 100.85 41.80000000000001 0.6
      vertex 94.85 41.80000000000001 0.6
    endloop
  endfacet
  facet normal 0 0 1
    outer loop
      vertex 94.85 42.60000000000001 0.6
      vertex 100.85 42.60000000000001 0.6
      vertex 100.85 55.000000000000014 0.6
    endloop
  endfacet
  facet normal 0 0 1
    outer loop
      vertex 94.85 42.60000000000001 0.6
      vertex 100.85 55.000000000000014 0.6
      vertex 94.85 55.000000000000014 0.6
    endloop
  endfacet
  facet normal 0 0 1
    outer loop
      vertex 94.85 55.80000000000001 0.6
      vertex 100.85 55.80000000000001 0.6
      vertex 100.85 68.20000000000002 0.6
    endloop
  endfacet
  facet normal 0 0 1
    outer loop
      vertex 87.06 68.20000000000002 0.6
      vertex 93.65 55.008839779005534 0.6
      vertex 93.65 68.2 0.6
    endloop
  endfacet
  facet normal 0 0 1
    outer loop
      vertex 87.06 69 0.6
      vertex 93.65 68.2 0.6
      vertex 93.65 81.40883977900553 0.6
    endloop
  endfacet
  facet normal 0 0 1
    outer loop
      vertex 94.85 55.80000000000001 0.6
      vertex 100.85 68.20000000000002 0.6
      vertex 94.85 68.20000000000002 0.6
    endloop
  endfacet
  facet normal 0 0 1
    outer loop
      vertex 94.85 69 0.6
      vertex 100.85 69 0.6
      vertex 100.85 81.4 0.6
    endloop
  endfacet
  facet normal 0 0 1
    outer loop
      vertex 66.25 25 0.6
      vertex 199 25 0.6
      vertex 87.06 28.60000000000001 0.6
    endloop
  endfacet
  facet normal 0 0 1
    outer loop
      vertex 87.06 28.60000000000001 0.6
      vertex 199 25 0.6
      vertex 93.65 28.60000000000001 0.6
    endloop
  endfacet
  facet normal 0 1 0
    outer loop
      vertex 199 25 0.6
      vertex 66.25 25 0.6
      vertex 66.25 25 3.45
    endloop
  endfacet
  facet normal 0 0 1
    outer loop
      vertex 94.85 69 0.6
      vertex 100.85 81.4 0.6
      vertex 94.85 81.4 0.6
    endloop
  endfacet
  facet normal 0 0 1
    outer loop
      vertex 94.85 82.2 0.6
      vertex 100.85 82.2 0.6
      vertex 100.85 94.60000000000001 0.6
    endloop
  endfacet
  facet normal 0 0 1
    outer loop
      vertex 87.06 94.60000000000001 0.6
      vertex 93.65 81.40883977900553 0.6
      vertex 93.65 94.60000000000001 0.6
    endloop
  endfacet
  facet normal 0 0 1
    outer loop
      vertex 87.06 95.4 0.6
      vertex 93.65 94.60000000000001 0.6
      vertex 93.65 107.80883977900552 0.6
    endloop
  endfacet
  facet normal 0 0 1
    outer loop
      vertex 94.85 82.2 0.6
      vertex 100.85 94.60000000000001 0.6
      vertex 94.85 94.60000000000001 0.6
    endloop
  endfacet
  facet normal 0 0 1
    outer loop
      vertex 94.85 95.4 0.6
      vertex 100.85 95.4 0.6
      vertex 100.85 107.80000000000001 0.6
    endloop
  endfacet
  facet normal 0 0 1
    outer loop
      vertex 100.85 82.2 0.6
      vertex 100.86188541292101 94.60000000000001 0.6
      vertex 100.85 94.60000000000001 0.6
    endloop
  endfacet
  facet normal 0 0 1
    outer loop
      vertex 94.85 95.4 0.6
      vertex 100.85 107.80000000000001 0.6
      vertex 94.85 107.80000000000001 0.6
    endloop
  endfacet
  facet normal 0 0 1
    outer loop
      vertex 94.85 108.60000000000001 0.6
      vertex 100.85 108.60000000000001 0.6
      vertex 100.85 121 0.6
    endloop
  endfacet
  facet normal 0 0 1
    outer loop
      vertex 87.06 121 0.6
      vertex 93.65 107.80883977900552 0.6
      vertex 93.65 121 0.6
    endloop
  endfacet
  facet normal 0 0 1
    outer loop
      vertex 87.06 121.8 0.6
      vertex 93.65 121 0.6
      vertex 93.65 134.20883977900553 0.6
    endloop
  endfacet
  facet normal 0 0 1
    outer loop
      vertex 94.85 108.60000000000001 0.6
      vertex 100.85 121 0.6
      vertex 94.85 121 0.6
    endloop
  endfacet
  facet normal 0 0 1
    outer loop
      vertex 94.85 121.8 0.6
      vertex 100.85 121.8 0.6
      vertex 100.85 134.2 0.6
    endloop
  endfacet
  facet normal 0 0 1
    outer loop
      vertex 100.85 108.60000000000001 0.6
      vertex 100.86188541292101 121 0.6
      vertex 100.85 121 0.6
    endloop
  endfacet
  facet normal 0 0 1
    outer loop
      vertex 66.25 121.8 0.6
      vertex 87.06 134.2 0.6
      vertex 66.25 134.2 0.6
    endloop
  endfacet
  facet normal 0 0 1
    outer loop
      vertex 66.25 135 0.6
      vertex 87.06 135 0.6
      vertex 87.06 147.4 0.6
    endloop
  endfacet
  facet normal 0 0 1
    outer loop
      vertex 66.25 135 0.6
      vertex 87.06 147.4 0.6
      vertex 66.25 147.4 0.6
    endloop
  endfacet
  facet normal 0 0 1
    outer loop
      vertex 66.25 148.2 0.6
      vertex 87.06 148.2 0.6
      vertex 87.06 160.6 0.6
    endloop
  endfacet
  facet normal 0 0 1
    outer loop
      vertex 87.06 121.8 0.6
      vertex 93.65 134.20883977900553 0.6
      vertex 87.06 134.2 0.6
    endloop
  endfacet
  facet normal 0 0 1
    outer loop
      vertex 87.06 134.2 0.6
      vertex 93.65 134.20883977900553 0.6
      vertex 87.06 135 0.6
    endloop
  endfacet
  facet normal 0 0 1
    outer loop
      vertex 87.06 135 0.6
      vertex 93.65 134.20883977900553 0.6
      vertex 87.06 147.4 0.6
    endloop
  endfacet
  facet normal 0 0 1
    outer loop
      vertex 87.06 147.4 0.6
      vertex 93.65 147.4 0.6
      vertex 87.06 148.2 0.6
    endloop
  endfacet
  facet normal 0 0 1
    outer loop
      vertex 66.25 148.2 0.6
      vertex 87.06 160.6 0.6
      vertex 66.25 160.6 0.6
    endloop
  endfacet
  facet normal 0 0 1
    outer loop
      vertex 66.25 161.4 0.6
      vertex 87.06 161.4 0.6
      vertex 87.06 173.8 0.6
    endloop
  endfacet
  facet normal 0 0 1
    outer loop
      vertex 66.25 161.4 0.6
      vertex 87.06 173.8 0.6
      vertex 66.25 173.8 0.6
    endloop
  endfacet
  facet normal 0 0 1
    outer loop
      vertex 66.25 174.60000000000002 0.6
      vertex 87.06 174.60000000000002 0.6
      vertex 87.06 187 0.6
    endloop
  endfacet
  facet normal 0 0 1
    outer loop
      vertex 87.06 148.2 0.6
      vertex 93.65 160.60883977900554 0.6
      vertex 87.06 160.6 0.6
    endloop
  endfacet
  facet normal 0 0 1
    outer loop
      vertex 87.06 160.6 0.6
      vertex 93.65 160.60883977900554 0.6
      vertex 87.06 161.4 0.6
    endloop
  endfacet
  facet normal 0 0 1
    outer loop
      vertex 87.06 161.4 0.6
      vertex 93.65 160.60883977900554 0.6
      vertex 87.06 173.8 0.6
    endloop
  endfacet
  facet normal 0 0 1
    outer loop
      vertex 87.06 173.8 0.6
      vertex 93.65 173.8 0.6
      vertex 87.06 174.60000000000002 0.6
    endloop
  endfacet
  facet normal 0 0 1
    outer loop
      vertex 66.25 174.60000000000002 0.6
      vertex 87.06 187 0.6
      vertex 66.25 187 0.6
    endloop
  endfacet
  facet normal 0 0 1
    outer loop
      vertex 66.25 187.8 0.6
      vertex 87.06 187.8 0.6
      vertex 87.06 200.2 0.6
    endloop
  endfacet
  facet normal 0 0 1
    outer loop
      vertex 66.25 187.8 0.6
      vertex 87.06 200.2 0.6
      vertex 66.25 200.2 0.6
    endloop
  endfacet
  facet normal 0 0 1
    outer loop
      vertex 66.25 201 0.6
      vertex 87.06 201 0.6
      vertex 87.06 213.39999999999998 0.6
    endloop
  endfacet
  facet normal 0 0 1
    outer loop
      vertex 87.06 174.60000000000002 0.6
      vertex 93.65 187.0088397790055 0.6
      vertex 87.06 187 0.6
    endloop
  endfacet
  facet normal 0 0 1
    outer loop
      vertex 87.06 187 0.6
      vertex 93.65 187.0088397790055 0.6
      vertex 87.06 187.8 0.6
    endloop
  endfacet
  facet normal 0 0 1
    outer loop
      vertex 87.06 187.8 0.6
      vertex 93.65 187.0088397790055 0.6
      vertex 87.06 200.2 0.6
    endloop
  endfacet
  facet normal 0 0 1
    outer loop
      vertex 87.06 200.2 0.6
      vertex 93.65 200.2 0.6
      vertex 87.06 201 0.6
    endloop
  endfacet
  facet normal 0 0 1
    outer loop
      vertex 66.25 201 0.6
      vertex 87.06 213.39999999999998 0.6
      vertex 66.25 213.39999999999998 0.6
    endloop
  endfacet
  facet normal 0 0 1
    outer loop
      vertex 66.25 214.2 0.6
      vertex 87.06 214.2 0.6
      vertex 87.06 226.59999999999997 0.6
    endloop
  endfacet
  facet normal 0 0 1
    outer loop
      vertex 66.25 214.2 0.6
      vertex 87.06 226.59999999999997 0.6
      vertex 66.25 226.59999999999997 0.6
    endloop
  endfacet
  facet normal 0 0 1
    outer loop
      vertex 66.25 227.39999999999998 0.6
      vertex 87.06 227.39999999999998 0.6
      vertex 66.25 231 0.6
    endloop
  endfacet
  facet normal 0 0 1
    outer loop
      vertex 87.06 201 0.6
      vertex 93.65 213.4088397790055 0.6
      vertex 87.06 213.39999999999998 0.6
    endloop
  endfacet
  facet normal 0 0 1
    outer loop
      vertex 87.06 213.39999999999998 0.6
      vertex 93.65 213.4088397790055 0.6
      vertex 87.06 214.2 0.6
    endloop
  endfacet
  facet normal 0 0 1
    outer loop
      vertex 87.06 214.2 0.6
      vertex 93.65 213.4088397790055 0.6
      vertex 87.06 226.59999999999997 0.6
    endloop
  endfacet
  facet normal 0 0 1
    outer loop
      vertex 87.06 226.59999999999997 0.6
      vertex 93.65 227.39999999999998 0.6
      vertex 87.06 227.39999999999998 0.6
    endloop
  endfacet
  facet normal 0 0 1
    outer loop
      vertex 94.85 121.8 0.6
      vertex 100.85 134.2 0.6
      vertex 94.85 134.2 0.6
    endloop
  endfacet
  facet normal 0 0 1
    outer loop
      vertex 94.85 135 0.6
      vertex 100.85 135 0.6
      vertex 100.85 147.4 0.6
    endloop
  endfacet
  facet normal 0 0 1
    outer loop
      vertex 87.06 147.4 0.6
      vertex 93.65 134.20883977900553 0.6
      vertex 93.65 147.4 0.6
    endloop
  endfacet
  facet normal 0 0 1
    outer loop
      vertex 87.06 148.2 0.6
      vertex 93.65 147.4 0.6
      vertex 93.65 160.60883977900554 0.6
    endloop
  endfacet
  facet normal 0 0 1
    outer loop
      vertex 94.85 135 0.6
      vertex 100.85 147.4 0.6
      vertex 94.85 147.4 0.6
    endloop
  endfacet
  facet normal 0 0 1
    outer loop
      vertex 94.85 148.2 0.6
      vertex 100.85 148.2 0.6
      vertex 100.85 160.6 0.6
    endloop
  endfacet
  facet normal 0 0 1
    outer loop
      vertex 100.85 135 0.6
      vertex 100.86188541292101 147.4 0.6
      vertex 100.85 147.4 0.6
    endloop
  endfacet
  facet normal 0 0 1
    outer loop
      vertex 94.85 148.2 0.6
      vertex 100.85 160.6 0.6
      vertex 94.85 160.6 0.6
    endloop
  endfacet
  facet normal 0 0 1
    outer loop
      vertex 94.85 161.4 0.6
      vertex 100.85 161.4 0.6
      vertex 100.85 173.8 0.6
    endloop
  endfacet
  facet normal 0 0 1
    outer loop
      vertex 87.06 173.8 0.6
      vertex 93.65 160.60883977900554 0.6
      vertex 93.65 173.8 0.6
    endloop
  endfacet
  facet normal 0 0 1
    outer loop
      vertex 87.06 174.60000000000002 0.6
      vertex 93.65 173.8 0.6
      vertex 93.65 187.0088397790055 0.6
    endloop
  endfacet
  facet normal 0 0 1
    outer loop
      vertex 94.85 161.4 0.6
      vertex 100.85 173.8 0.6
      vertex 94.85 173.8 0.6
    endloop
  endfacet
  facet normal 0 0 1
    outer loop
      vertex 94.85 174.60000000000002 0.6
      vertex 100.85 174.60000000000002 0.6
      vertex 94.85 187 0.6
    endloop
  endfacet
  facet normal 0 0 1
    outer loop
      vertex 100.85 161.4 0.6
      vertex 100.86188541292101 173.8 0.6
      vertex 100.85 173.8 0.6
    endloop
  endfacet
  facet normal 0 0 1
    outer loop
      vertex 100.85 174.60000000000002 0.6
      vertex 100.85 187 0.6
      vertex 94.85 187 0.6
    endloop
  endfacet
  facet normal 0 0 1
    outer loop
      vertex 94.85 187.8 0.6
      vertex 100.85 187.8 0.6
      vertex 100.85 200.2 0.6
    endloop
  endfacet
  facet normal 0 0 1
    outer loop
      vertex 87.06 200.2 0.6
      vertex 93.65 187.0088397790055 0.6
      vertex 93.65 200.2 0.6
    endloop
  endfacet
  facet normal 0 0 1
    outer loop
      vertex 87.06 201 0.6
      vertex 93.65 200.2 0.6
      vertex 93.65 213.4088397790055 0.6
    endloop
  endfacet
  facet normal 0 0 1
    outer loop
      vertex 94.85 187.8 0.6
      vertex 100.85 200.2 0.6
      vertex 94.85 200.2 0.6
    endloop
  endfacet
  facet normal 0 0 1
    outer loop
      vertex 94.85 201 0.6
      vertex 100.85 201 0.6
      vertex 100.85 213.39999999999998 0.6
    endloop
  endfacet
  facet normal 0 0 1
    outer loop
      vertex 100.85 187.8 0.6
      vertex 100.86188541292101 200.2 0.6
      vertex 100.85 200.2 0.6
    endloop
  endfacet
  facet normal 0 0 1
    outer loop
      vertex 94.85 201 0.6
      vertex 100.85 213.39999999999998 0.6
      vertex 94.85 213.39999999999998 0.6
    endloop
  endfacet
  facet normal 0 0 1
    outer loop
      vertex 94.85 214.2 0.6
      vertex 100.85 214.2 0.6
      vertex 100.85 226.59999999999997 0.6
    endloop
  endfacet
  facet normal 0 0 1
    outer loop
      vertex 87.06 226.59999999999997 0.6
      vertex 93.65 213.4088397790055 0.6
      vertex 93.65 227.39999999999998 0.6
    endloop
  endfacet
  facet normal 0 0 1
    outer loop
      vertex 94.85 214.2 0.6
      vertex 100.85 226.59999999999997 0.6
      vertex 94.85 226.59999999999997 0.6
    endloop
  endfacet
  facet normal 0 0 1
    outer loop
      vertex 87.06 227.39999999999998 0.6
      vertex 199 231 0.6
      vertex 66.25 231 0.6
    endloop
  endfacet
  facet normal 0 0 1
    outer loop
      vertex 87.06 227.39999999999998 0.6
      vertex 93.65 227.39999999999998 0.6
      vertex 199 231 0.6
    endloop
  endfacet
  facet normal 0 -1 0
    outer loop
      vertex 199 231 3.45
      vertex 66.25 231 3.45
      vertex 66.25 231 0.6
    endloop
  endfacet
  facet normal 0 0 1
    outer loop
      vertex 93.65 28.60000000000001 0.6
      vertex 199 25 0.6
      vertex 94.85 28.60000000000001 0.6
    endloop
  endfacet
  facet normal 0 0 1
    outer loop
      vertex 94.85 28.60000000000001 0.6
      vertex 199 25 0.6
      vertex 100.85 28.60000000000001 0.6
    endloop
  endfacet
  facet normal 0 0 1
    outer loop
      vertex 100.85 29.40000000000001 0.6
      vertex 198.7858024691358 41.80000000000001 0.6
      vertex 100.85 41.80000000000001 0.6
    endloop
  endfacet
  facet normal 0 0 1
    outer loop
      vertex 100.85 42.60000000000001 0.6
      vertex 198.7858024691358 55.000000000000014 0.6
      vertex 100.85 55.000000000000014 0.6
    endloop
  endfacet
  facet normal 0 0 1
    outer loop
      vertex 100.85 55.80000000000001 0.6
      vertex 200 68.20000000000002 0.6
      vertex 100.85 68.20000000000002 0.6
    endloop
  endfacet
  facet normal 0 0 1
    outer loop
      vertex 100.85 69 0.6
      vertex 200 81.4 0.6
      vertex 100.85 81.4 0.6
    endloop
  endfacet
  facet normal 0 0 1
    outer loop
      vertex 100.85 82.2 0.6
      vertex 199.52392156862743 94.60000000000001 0.6
      vertex 100.86188541292101 94.60000000000001 0.6
    endloop
  endfacet
  facet normal 0 0 1
    outer loop
      vertex 100.85 95.4 0.6
      vertex 198.7858024691358 107.80000000000001 0.6
      vertex 100.85 107.80000000000001 0.6
    endloop
  endfacet
  facet normal 0 0 1
    outer loop
      vertex 100.85 108.60000000000001 0.6
      vertex 199.52392156862743 121 0.6
      vertex 100.86188541292101 121 0.6
    endloop
  endfacet
  facet normal 0 0 1
    outer loop
      vertex 100.85 28.60000000000001 0.6
      vertex 199 25 0.6
      vertex 200 28.60000000000001 0.6
    endloop
  endfacet
  facet normal 0 0 1
    outer loop
      vertex 100.85 29.40000000000001 0.6
      vertex 200 29.40000000000001 0.6
      vertex 200 41.80000000000001 0.6
    endloop
  endfacet
  facet normal 0 0 1
    outer loop
      vertex 100.85 29.40000000000001 0.6
      vertex 199.52392156862743 41.80000000000001 0.6
      vertex 198.7858024691358 41.80000000000001 0.6
    endloop
  endfacet
  facet normal 0 0 1
    outer loop
      vertex 100.85 29.40000000000001 0.6
      vertex 200 41.80000000000001 0.6
      vertex 199.52392156862743 41.80000000000001 0.6
    endloop
  endfacet
  facet normal 0 0 1
    outer loop
      vertex 100.85 42.60000000000001 0.6
      vertex 200 42.60000000000001 0.6
      vertex 200 55.000000000000014 0.6
    endloop
  endfacet
  facet normal 0 0 1
    outer loop
      vertex 100.85 42.60000000000001 0.6
      vertex 200 55.000000000000014 0.6
      vertex 198.7858024691358 55.000000000000014 0.6
    endloop
  endfacet
  facet normal 0 0 1
    outer loop
      vertex 100.85 55.80000000000001 0.6
      vertex 200 55.80000000000001 0.6
      vertex 200 68.20000000000002 0.6
    endloop
  endfacet
  facet normal 0 0 1
    outer loop
      vertex 100.85 69 0.6
      vertex 200 69 0.6
      vertex 200 81.4 0.6
    endloop
  endfacet
  facet normal 0 0 1
    outer loop
      vertex 199 25 0.6
      vertex 199.19509032201614 25.019214719596768 0.6
      vertex 200 28.60000000000001 0.6
    endloop
  endfacet
  facet normal 0 0 1
    outer loop
      vertex 199.19509032201614 25.019214719596768 0.6
      vertex 199.3826834323651 25.076120467488714 0.6
      vertex 200 28.60000000000001 0.6
    endloop
  endfacet
  facet normal 0 0 1
    outer loop
      vertex 199.3826834323651 25.076120467488714 0.6
      vertex 199.5555702330196 25.168530387697455 0.6
      vertex 200 28.60000000000001 0.6
    endloop
  endfacet
  facet normal 0 0 1
    outer loop
      vertex 199.5555702330196 25.168530387697455 0.6
      vertex 199.70710678118655 25.292893218813454 0.6
      vertex 200 28.60000000000001 0.6
    endloop
  endfacet
  facet normal 0 0 1
    outer loop
      vertex 199.70710678118655 25.292893218813454 0.6
      vertex 199.83146961230256 25.4444297669804 0.6
      vertex 200 28.60000000000001 0.6
    endloop
  endfacet
  facet normal 0 0 1
    outer loop
      vertex 199.83146961230256 25.4444297669804 0.6
      vertex 199.92387953251128 25.61731656763491 0.6
      vertex 200 28.60000000000001 0.6
    endloop
  endfacet
  facet normal 0 0 1
    outer loop
      vertex 199.92387953251128 25.61731656763491 0.6
      vertex 199.98078528040324 25.804909677983872 0.6
      vertex 200 28.60000000000001 0.6
    endloop
  endfacet
  facet normal 0 0 1
    outer loop
      vertex 199.98078528040324 25.804909677983872 0.6
      vertex 200 26 0.6
      vertex 200 28.60000000000001 0.6
    endloop
  endfacet
  facet normal -1 0 0
    outer loop
      vertex 200 26 0.6
      vertex 200 28.60000000000001 2.6499999999999995
      vertex 200 28.60000000000001 0.6
    endloop
  endfacet
  facet normal -1 0 0
    outer loop
      vertex 200 29.40000000000001 0.6
      vertex 200 29.40000000000001 2.63
      vertex 200 41.80000000000001 0.6
    endloop
  endfacet
  facet normal -1 0 0
    outer loop
      vertex 200 42.60000000000001 0.6
      vertex 200 42.60000000000001 2.63
      vertex 200 55.000000000000014 0.6
    endloop
  endfacet
  facet normal -0.0980171403295448 0.9951847266721984 0
    outer loop
      vertex 199 25 0.6
      vertex 199 25 3.45
      vertex 199.19509032201614 25.019214719596768 0.6
    endloop
  endfacet
  facet normal -0.2902846772544811 0.9569403357322032 0
    outer loop
      vertex 199.19509032201614 25.019214719596768 0.6
      vertex 199.19509032201614 25.019214719596768 3.45
      vertex 199.3826834323651 25.076120467488714 0.6
    endloop
  endfacet
  facet normal -0.47139673682600175 0.8819212643483529 0
    outer loop
      vertex 199.3826834323651 25.076120467488714 0.6
      vertex 199.3826834323651 25.076120467488714 3.45
      vertex 199.5555702330196 25.168530387697455 0.6
    endloop
  endfacet
  facet normal -0.6343932841636498 0.7730104533627333 0
    outer loop
      vertex 199.5555702330196 25.168530387697455 0.6
      vertex 199.5555702330196 25.168530387697455 3.45
      vertex 199.70710678118655 25.292893218813454 0.6
    endloop
  endfacet
  facet normal -0.7730104533627244 0.6343932841636606 0
    outer loop
      vertex 199.70710678118655 25.292893218813454 0.6
      vertex 199.70710678118655 25.292893218813454 3.45
      vertex 199.83146961230256 25.4444297669804 0.6
    endloop
  endfacet
  facet normal -0.8819212643483905 0.4713967368259312 0
    outer loop
      vertex 199.83146961230256 25.4444297669804 0.6
      vertex 199.83146961230256 25.4444297669804 3.45
      vertex 199.92387953251128 25.61731656763491 0.6
    endloop
  endfacet
  facet normal -0.9569403357321861 0.29028467725453744 0
    outer loop
      vertex 199.92387953251128 25.61731656763491 0.6
      vertex 199.92387953251128 25.61731656763491 3.45
      vertex 199.98078528040324 25.804909677983872 0.6
    endloop
  endfacet
  facet normal -0.9951847266722013 0.09801714032951596 0
    outer loop
      vertex 199.98078528040324 25.804909677983872 0.6
      vertex 199.98078528040324 25.804909677983872 3.45
      vertex 200 26 0.6
    endloop
  endfacet
  facet normal -1 0 0
    outer loop
      vertex 200 55.80000000000001 0.6
      vertex 200 55.80000000000001 2.6298759580475997
      vertex 200 68.20000000000002 0.6
    endloop
  endfacet
  facet normal -1 0 0
    outer loop
      vertex 200 69 0.6
      vertex 200 69 2.6300000000000026
      vertex 200 81.4 0.6
    endloop
  endfacet
  facet normal 0 0 1
    outer loop
      vertex 100.85 82.2 0.6
      vertex 200 82.2 0.6
      vertex 200 94.60000000000001 0.6
    endloop
  endfacet
  facet normal 0 0 1
    outer loop
      vertex 100.85 82.2 0.6
      vertex 200 94.60000000000001 0.6
      vertex 199.52392156862743 94.60000000000001 0.6
    endloop
  endfacet
  facet normal 0 0 1
    outer loop
      vertex 100.85 95.4 0.6
      vertex 200 95.4 0.6
      vertex 200 107.80000000000001 0.6
    endloop
  endfacet
  facet normal 0 0 1
    outer loop
      vertex 100.85 95.4 0.6
      vertex 200 107.80000000000001 0.6
      vertex 198.7858024691358 107.80000000000001 0.6
    endloop
  endfacet
  facet normal 0 0 1
    outer loop
      vertex 100.85 108.60000000000001 0.6
      vertex 200 108.60000000000001 0.6
      vertex 200 121 0.6
    endloop
  endfacet
  facet normal 0 0 1
    outer loop
      vertex 100.85 108.60000000000001 0.6
      vertex 200 121 0.6
      vertex 199.52392156862743 121 0.6
    endloop
  endfacet
  facet normal 0 0 1
    outer loop
      vertex 100.85 121.8 0.6
      vertex 200 121.8 0.6
      vertex 200 134.2 0.6
    endloop
  endfacet
  facet normal -1 0 0
    outer loop
      vertex 200 82.2 0.6
      vertex 200 83.5 2.63
      vertex 200 94.60000000000001 0.6
    endloop
  endfacet
  facet normal -1 0 0
    outer loop
      vertex 200 95.4 0.6
      vertex 200 95.4 2.63
      vertex 200 107.80000000000001 0.6
    endloop
  endfacet
  facet normal -1 0 0
    outer loop
      vertex 200 108.60000000000001 0.6
      vertex 200 108.60000000000001 2.6298759580475997
      vertex 200 121 0.6
    endloop
  endfacet
  facet normal -1 0 0
    outer loop
      vertex 200 121.8 0.6
      vertex 200 121.8 2.63
      vertex 200 134.2 0.6
    endloop
  endfacet
  facet normal 0 1 0
    outer loop
      vertex 199 25 0.6
      vertex 66.25 25 3.45
      vertex 199 25 3.45
    endloop
  endfacet
  facet normal -1 0 0
    outer loop
      vertex 200 41.80000000000001 0.6
      vertex 200 29.40000000000001 2.63
      vertex 200 30.70000000000001 2.63
    endloop
  endfacet
  facet normal -1 0 0
    outer loop
      vertex 200 41.80000000000001 0.6
      vertex 200 30.70000000000001 2.63
      vertex 200 40.50000000000001 2.63
    endloop
  endfacet
  facet normal -1 0 0
    outer loop
      vertex 200 41.80000000000001 0.6
      vertex 200 40.50000000000001 2.63
      vertex 200 41.80000000000001 2.63
    endloop
  endfacet
  facet normal -1 0 0
    outer loop
      vertex 200 55.000000000000014 0.6
      vertex 200 42.60000000000001 2.63
      vertex 200 43.900000000000006 2.63
    endloop
  endfacet
  facet normal -1 0 0
    outer loop
      vertex 200 26 0.6
      vertex 200 26 3.45
      vertex 200 28.60000000000001 2.6499999999999995
    endloop
  endfacet
  facet normal -0.0980171403295448 0.9951847266721984 0
    outer loop
      vertex 199.19509032201614 25.019214719596768 0.6
      vertex 199 25 3.45
      vertex 199.19509032201614 25.019214719596768 3.45
    endloop
  endfacet
  facet normal -0.2902846772544811 0.9569403357322032 0
    outer loop
      vertex 199.3826834323651 25.076120467488714 0.6
      vertex 199.19509032201614 25.019214719596768 3.45
      vertex 199.3826834323651 25.076120467488714 3.45
    endloop
  endfacet
  facet normal -0.47139673682600175 0.8819212643483529 0
    outer loop
      vertex 199.5555702330196 25.168530387697455 0.6
      vertex 199.3826834323651 25.076120467488714 3.45
      vertex 199.5555702330196 25.168530387697455 3.45
    endloop
  endfacet
  facet normal -0.6343932841636498 0.7730104533627333 0
    outer loop
      vertex 199.70710678118655 25.292893218813454 0.6
      vertex 199.5555702330196 25.168530387697455 3.45
      vertex 199.70710678118655 25.292893218813454 3.45
    endloop
  endfacet
  facet normal -0.7730104533627244 0.6343932841636606 0
    outer loop
      vertex 199.83146961230256 25.4444297669804 0.6
      vertex 199.70710678118655 25.292893218813454 3.45
      vertex 199.83146961230256 25.4444297669804 3.45
    endloop
  endfacet
  facet normal -0.8819212643483905 0.4713967368259312 0
    outer loop
      vertex 199.92387953251128 25.61731656763491 0.6
      vertex 199.83146961230256 25.4444297669804 3.45
      vertex 199.92387953251128 25.61731656763491 3.45
    endloop
  endfacet
  facet normal -0.9569403357321861 0.29028467725453744 0
    outer loop
      vertex 199.98078528040324 25.804909677983872 0.6
      vertex 199.92387953251128 25.61731656763491 3.45
      vertex 199.98078528040324 25.804909677983872 3.45
    endloop
  endfacet
  facet normal -0.9951847266722013 0.09801714032951596 0
    outer loop
      vertex 200 26 0.6
      vertex 199.98078528040324 25.804909677983872 3.45
      vertex 200 26 3.45
    endloop
  endfacet
  facet normal -1 0 0
    outer loop
      vertex 200 55.000000000000014 0.6
      vertex 200 43.900000000000006 2.63
      vertex 200 53.70000000000002 2.63
    endloop
  endfacet
  facet normal -1 0 0
    outer loop
      vertex 200 55.000000000000014 0.6
      vertex 200 53.70000000000002 2.63
      vertex 200 55.00000000000001 2.63
    endloop
  endfacet
  facet normal -1 0 0
    outer loop
      vertex 200 68.20000000000002 0.6
      vertex 200 55.80000000000001 2.6298759580475997
      vertex 200 55.80000000000001 2.63
    endloop
  endfacet
  facet normal -1 0 0
    outer loop
      vertex 200 68.20000000000002 0.6
      vertex 200 55.80000000000001 2.63
      vertex 200 57.10000000000001 2.63
    endloop
  endfacet
  facet normal -1 0 0
    outer loop
      vertex 200 68.20000000000002 0.6
      vertex 200 57.10000000000001 2.63
      vertex 200 66.9 2.63
    endloop
  endfacet
  facet normal -1 0 0
    outer loop
      vertex 200 68.20000000000002 0.6
      vertex 200 66.9 2.63
      vertex 200 68.20000000000002 2.6299999999999817
    endloop
  endfacet
  facet normal -1 0 0
    outer loop
      vertex 200 81.4 0.6
      vertex 200 69 2.6300000000000026
      vertex 200 70.30000000000001 2.63
    endloop
  endfacet
  facet normal -1 0 0
    outer loop
      vertex 200 30.70000000000001 2.63
      vertex 200 40.50000000000001 3.44
      vertex 200 40.50000000000001 2.63
    endloop
  endfacet
  facet normal -1 0 0
    outer loop
      vertex 200 28.60000000000001 2.6499999999999995
      vertex 200 26 3.45
      vertex 200 28.60000000000001 3.44
    endloop
  endfacet
  facet normal -1 0 0
    outer loop
      vertex 200 30.70000000000001 2.63
      vertex 200 30.70000000000001 3.44
      vertex 200 40.50000000000001 3.44
    endloop
  endfacet
  facet normal -1 0 0
    outer loop
      vertex 200 43.900000000000006 2.63
      vertex 200 43.900000000000006 3.44
      vertex 200 53.70000000000002 3.44
    endloop
  endfacet
  facet normal -1 0 0
    outer loop
      vertex 200 43.900000000000006 2.63
      vertex 200 53.70000000000002 3.44
      vertex 200 53.70000000000002 2.63
    endloop
  endfacet
  facet normal -1 0 0
    outer loop
      vertex 200 57.10000000000001 2.63
      vertex 200 66.9 3.44
      vertex 200 66.9 2.63
    endloop
  endfacet
  facet normal -1 0 0
    outer loop
      vertex 200 57.10000000000001 2.63
      vertex 200 57.10000000000001 3.44
      vertex 200 66.9 3.44
    endloop
  endfacet
  facet normal -1 0 0
    outer loop
      vertex 200 70.30000000000001 2.63
      vertex 200 70.30000000000001 3.44
      vertex 200 80.10000000000001 3.44
    endloop
  endfacet
  facet normal -1 0 0
    outer loop
      vertex 200 81.4 0.6
      vertex 200 70.30000000000001 2.63
      vertex 200 80.10000000000001 2.63
    endloop
  endfacet
  facet normal -1 0 0
    outer loop
      vertex 200 81.4 0.6
      vertex 200 80.10000000000001 2.63
      vertex 200 81.4 2.63
    endloop
  endfacet
  facet normal -1 0 0
    outer loop
      vertex 200 82.2 0.6
      vertex 200 82.2 2.6298759580475997
      vertex 200 83.5 2.63
    endloop
  endfacet
  facet normal -1 0 0
    outer loop
      vertex 200 94.60000000000001 0.6
      vertex 200 93.30000000000001 2.63
      vertex 200 94.60000000000001 2.63
    endloop
  endfacet
  facet normal -1 0 0
    outer loop
      vertex 200 107.80000000000001 0.6
      vertex 200 95.4 2.63
      vertex 200 96.7 2.63
    endloop
  endfacet
  facet normal -1 0 0
    outer loop
      vertex 200 94.60000000000001 0.6
      vertex 200 83.5 2.63
      vertex 200 83.5 3.44
    endloop
  endfacet
  facet normal -1 0 0
    outer loop
      vertex 200 94.60000000000001 0.6
      vertex 200 83.5 3.44
      vertex 200 93.30000000000001 2.63
    endloop
  endfacet
  facet normal -1 0 0
    outer loop
      vertex 200 107.80000000000001 0.6
      vertex 200 96.7 2.63
      vertex 200 96.7 3.44
    endloop
  endfacet
  facet normal -1 0 0
    outer loop
      vertex 200 107.80000000000001 0.6
      vertex 200 106.50000000000001 2.63
      vertex 200 107.8 2.63
    endloop
  endfacet
  facet normal -1 0 0
    outer loop
      vertex 200 121 0.6
      vertex 200 108.60000000000001 2.6298759580475997
      vertex 200 108.60000000000001 2.63
    endloop
  endfacet
  facet normal -1 0 0
    outer loop
      vertex 200 121 0.6
      vertex 200 108.60000000000001 2.63
      vertex 200 109.89999999999999 2.63
    endloop
  endfacet
  facet normal -1 0 0
    outer loop
      vertex 200 121 0.6
      vertex 200 119.7 2.63
      vertex 200 121 2.63
    endloop
  endfacet
  facet normal -1 0 0
    outer loop
      vertex 200 121.8 2.63
      vertex 200 123.1 2.63
      vertex 200 134.2 0.6
    endloop
  endfacet
  facet normal -1 0 0
    outer loop
      vertex 200 107.80000000000001 0.6
      vertex 200 96.7 3.44
      vertex 200 106.50000000000001 2.63
    endloop
  endfacet
  facet normal -1 0 0
    outer loop
      vertex 200 121 0.6
      vertex 200 109.89999999999999 2.63
      vertex 200 109.89999999999999 3.44
    endloop
  endfacet
  facet normal -1 0 0
    outer loop
      vertex 200 121 0.6
      vertex 200 109.89999999999999 3.44
      vertex 200 119.7 2.63
    endloop
  endfacet
  facet normal -1 0 0
    outer loop
      vertex 200 123.1 2.63
      vertex 200 123.1 3.44
      vertex 200 134.2 0.6
    endloop
  endfacet
  facet normal -1 0 0
    outer loop
      vertex 200 82.2 2.6298759580475997
      vertex 200 82.2 2.63
      vertex 200 83.5 2.63
    endloop
  endfacet
  facet normal -1 0 0
    outer loop
      vertex 200 70.30000000000001 2.63
      vertex 200 80.10000000000001 3.44
      vertex 200 80.10000000000001 2.63
    endloop
  endfacet
  facet normal -1 0 0
    outer loop
      vertex 200 93.30000000000001 2.63
      vertex 200 83.5 3.44
      vertex 200 93.30000000000001 3.44
    endloop
  endfacet
  facet normal -1 0 0
    outer loop
      vertex 200 26 3.45
      vertex 200 230 3.45
      vertex 200 28.60000000000001 3.44
    endloop
  endfacet
  facet normal -1 0 0
    outer loop
      vertex 200 28.60000000000001 3.44
      vertex 200 230 3.45
      vertex 200 30.70000000000001 3.44
    endloop
  endfacet
  facet normal -1 0 0
    outer loop
      vertex 200 30.70000000000001 3.44
      vertex 200 230 3.45
      vertex 200 40.50000000000001 3.44
    endloop
  endfacet
  facet normal -1 0 0
    outer loop
      vertex 200 96.7 3.44
      vertex 200 106.50000000000001 3.44
      vertex 200 106.50000000000001 2.63
    endloop
  endfacet
  facet normal -1 0 0
    outer loop
      vertex 200 40.50000000000001 3.44
      vertex 200 230 3.45
      vertex 200 42.60000000000001 3.44
    endloop
  endfacet
  facet normal -1 0 0
    outer loop
      vertex 200 42.60000000000001 3.44
      vertex 200 230 3.45
      vertex 200 43.900000000000006 3.44
    endloop
  endfacet
  facet normal -1 0 0
    outer loop
      vertex 200 43.900000000000006 3.44
      vertex 200 230 3.45
      vertex 200 53.70000000000002 3.44
    endloop
  endfacet
  facet normal -1 0 0
    outer loop
      vertex 200 53.70000000000002 3.44
      vertex 200 230 3.45
      vertex 200 55.00021177894313 3.44
    endloop
  endfacet
  facet normal -1 0 0
    outer loop
      vertex 200 55.00021177894313 3.44
      vertex 200 230 3.45
      vertex 200 57.10000000000001 3.44
    endloop
  endfacet
  facet normal -1 0 0
    outer loop
      vertex 200 119.7 2.63
      vertex 200 109.89999999999999 3.44
      vertex 200 119.7 3.44
    endloop
  endfacet
  facet normal -1 0 0
    outer loop
      vertex 200 57.10000000000001 3.44
      vertex 200 230 3.45
      vertex 200 66.9 3.44
    endloop
  endfacet
  facet normal -1 0 0
    outer loop
      vertex 200 66.9 3.44
      vertex 200 230 3.45
      vertex 200 68.20021177894313 3.44
    endloop
  endfacet
  facet normal -1 0 0
    outer loop
      vertex 200 68.20021177894313 3.44
      vertex 200 230 3.45
      vertex 200 70.30000000000001 3.44
    endloop
  endfacet
  facet normal -1 0 0
    outer loop
      vertex 200 70.30000000000001 3.44
      vertex 200 230 3.45
      vertex 200 80.10000000000001 3.44
    endloop
  endfacet
  facet normal 0 0 1
    outer loop
      vertex 100.85 121.8 0.6
      vertex 200 134.2 0.6
      vertex 100.85 134.2 0.6
    endloop
  endfacet
  facet normal 0 0 1
    outer loop
      vertex 100.85 135 0.6
      vertex 199.52392156862743 147.4 0.6
      vertex 100.86188541292101 147.4 0.6
    endloop
  endfacet
  facet normal 0 0 1
    outer loop
      vertex 100.85 148.2 0.6
      vertex 200 160.6 0.6
      vertex 100.85 160.6 0.6
    endloop
  endfacet
  facet normal 0 0 1
    outer loop
      vertex 100.85 161.4 0.6
      vertex 199.52392156862743 173.8 0.6
      vertex 100.86188541292101 173.8 0.6
    endloop
  endfacet
  facet normal 0 0 1
    outer loop
      vertex 100.85 174.60000000000002 0.6
      vertex 200 187 0.6
      vertex 100.85 187 0.6
    endloop
  endfacet
  facet normal 0 0 1
    outer loop
      vertex 100.85 187.8 0.6
      vertex 199.52392156862743 200.2 0.6
      vertex 100.86188541292101 200.2 0.6
    endloop
  endfacet
  facet normal 0 0 1
    outer loop
      vertex 100.85 201 0.6
      vertex 200 213.39999999999998 0.6
      vertex 100.85 213.39999999999998 0.6
    endloop
  endfacet
  facet normal 0 0 1
    outer loop
      vertex 93.65 227.39999999999998 0.6
      vertex 94.85 227.39999999999998 0.6
      vertex 199 231 0.6
    endloop
  endfacet
  facet normal 0 0 1
    outer loop
      vertex 94.85 227.39999999999998 0.6
      vertex 100.85 227.39999999999998 0.6
      vertex 199 231 0.6
    endloop
  endfacet
  facet normal 0 0 1
    outer loop
      vertex 100.85 214.2 0.6
      vertex 200 226.59999999999997 0.6
      vertex 100.85 226.59999999999997 0.6
    endloop
  endfacet
  facet normal 0 -1 0
    outer loop
      vertex 199 231 0.6
      vertex 199 231 3.45
      vertex 66.25 231 0.6
    endloop
  endfacet
  facet normal 0 0 1
    outer loop
      vertex 100.85 135 0.6
      vertex 200 135 0.6
      vertex 200 147.4 0.6
    endloop
  endfacet
  facet normal 0 0 1
    outer loop
      vertex 100.85 135 0.6
      vertex 200 147.4 0.6
      vertex 199.52392156862743 147.4 0.6
    endloop
  endfacet
  facet normal 0 0 1
    outer loop
      vertex 100.85 148.2 0.6
      vertex 200 148.2 0.6
      vertex 200 160.6 0.6
    endloop
  endfacet
  facet normal 0 0 1
    outer loop
      vertex 100.85 161.4 0.6
      vertex 200 161.4 0.6
      vertex 200 173.8 0.6
    endloop
  endfacet
  facet normal 0 0 1
    outer loop
      vertex 100.85 161.4 0.6
      vertex 200 173.8 0.6
      vertex 199.52392156862743 173.8 0.6
    endloop
  endfacet
  facet normal 0 0 1
    outer loop
      vertex 100.85 174.60000000000002 0.6
      vertex 200 174.60000000000002 0.6
      vertex 200 187 0.6
    endloop
  endfacet
  facet normal -1 0 0
    outer loop
      vertex 200 135 0.6
      vertex 200 135 2.6298759580475997
      vertex 200 147.4 0.6
    endloop
  endfacet
  facet normal -1 0 0
    outer loop
      vertex 200 148.2 0.6
      vertex 200 148.2 2.63
      vertex 200 160.6 0.6
    endloop
  endfacet
  facet normal -1 0 0
    outer loop
      vertex 200 161.4 0.6
      vertex 200 161.4 2.6298759580475997
      vertex 200 173.8 0.6
    endloop
  endfacet
  facet normal -1 0 0
    outer loop
      vertex 200 174.60000000000002 0.6
      vertex 200 174.60000000000002 2.63
      vertex 200 187 0.6
    endloop
  endfacet
  facet normal 0 0 1
    outer loop
      vertex 100.85 187.8 0.6
      vertex 200 187.8 0.6
      vertex 200 200.2 0.6
    endloop
  endfacet
  facet normal 0 0 1
    outer loop
      vertex 100.85 187.8 0.6
      vertex 200 200.2 0.6
      vertex 199.52392156862743 200.2 0.6
    endloop
  endfacet
  facet normal 0 0 1
    outer loop
      vertex 100.85 201 0.6
      vertex 200 201 0.6
      vertex 200 213.39999999999998 0.6
    endloop
  endfacet
  facet normal 0 0 1
    outer loop
      vertex 100.85 214.2 0.6
      vertex 200 214.2 0.6
      vertex 200 226.59999999999997 0.6
    endloop
  endfacet
  facet normal 0 0 1
    outer loop
      vertex 100.85 227.39999999999998 0.6
      vertex 199.5555702330196 230.83146961230256 0.6
      vertex 199.3826834323651 230.92387953251128 0.6
    endloop
  endfacet
  facet normal 0 0 1
    outer loop
      vertex 100.85 227.39999999999998 0.6
      vertex 199.70710678118655 230.70710678118655 0.6
      vertex 199.5555702330196 230.83146961230256 0.6
    endloop
  endfacet
  facet normal 0 0 1
    outer loop
      vertex 100.85 227.39999999999998 0.6
      vertex 200 227.39999999999998 0.6
      vertex 200 230 0.6
    endloop
  endfacet
  facet normal 0 0 1
    outer loop
      vertex 100.85 227.39999999999998 0.6
      vertex 200 230 0.6
      vertex 199.98078528040324 230.19509032201614 0.6
    endloop
  endfacet
  facet normal 0 0 1
    outer loop
      vertex 100.85 227.39999999999998 0.6
      vertex 199.92387953251128 230.3826834323651 0.6
      vertex 199.83146961230256 230.5555702330196 0.6
    endloop
  endfacet
  facet normal 0 0 1
    outer loop
      vertex 100.85 227.39999999999998 0.6
      vertex 199.83146961230256 230.5555702330196 0.6
      vertex 199.70710678118655 230.70710678118655 0.6
    endloop
  endfacet
  facet normal 0 0 1
    outer loop
      vertex 100.85 227.39999999999998 0.6
      vertex 199.98078528040324 230.19509032201614 0.6
      vertex 199.92387953251128 230.3826834323651 0.6
    endloop
  endfacet
  facet normal 0 0 1
    outer loop
      vertex 100.85 227.39999999999998 0.6
      vertex 199.19509032201614 230.98078528040324 0.6
      vertex 199 231 0.6
    endloop
  endfacet
  facet normal 0 0 1
    outer loop
      vertex 100.85 227.39999999999998 0.6
      vertex 199.3826834323651 230.92387953251128 0.6
      vertex 199.19509032201614 230.98078528040324 0.6
    endloop
  endfacet
  facet normal -1 0 0
    outer loop
      vertex 200 187.8 0.6
      vertex 200 187.8 2.6298759580475997
      vertex 200 200.2 0.6
    endloop
  endfacet
  facet normal -1 0 0
    outer loop
      vertex 200 201 0.6
      vertex 200 201 2.63
      vertex 200 213.39999999999998 0.6
    endloop
  endfacet
  facet normal -1 0 0
    outer loop
      vertex 200 214.2 0.6
      vertex 200 214.2 2.6298759580475997
      vertex 200 226.59999999999997 0.6
    endloop
  endfacet
  facet normal -1 0 0
    outer loop
      vertex 200 227.39999999999998 0.6
      vertex 200 227.39999999999998 2.6499999999999995
      vertex 200 230 0.6
    endloop
  endfacet
  facet normal -0.2902846772545475 -0.956940335732183 0
    outer loop
      vertex 199.3826834323651 230.92387953251128 0.6
      vertex 199.3826834323651 230.92387953251128 3.45
      vertex 199.19509032201614 230.98078528040324 0.6
    endloop
  endfacet
  facet normal -0.0980171403295089 -0.995184726672202 3.804300683997677e-19
    outer loop
      vertex 199 231 0.6
      vertex 199.19509032201614 230.98078528040324 0.6
      vertex 199.19509032201614 230.98078528040324 3.45
    endloop
  endfacet
  facet normal -0.4713967368259312 -0.8819212643483905 -1.147834181272638e-18
    outer loop
      vertex 199.3826834323651 230.92387953251128 0.6
      vertex 199.5555702330196 230.83146961230256 0.6
      vertex 199.5555702330196 230.83146961230256 3.45
    endloop
  endfacet
  facet normal -0.6343932841636606 -0.7730104533627244 1.1303294640674708e-18
    outer loop
      vertex 199.5555702330196 230.83146961230256 0.6
      vertex 199.70710678118655 230.70710678118655 0.6
      vertex 199.70710678118655 230.70710678118655 3.45
    endloop
  endfacet
  facet normal -0.956940335732183 -0.2902846772545475 1.3078676029750395e-18
    outer loop
      vertex 199.92387953251128 230.3826834323651 0.6
      vertex 199.98078528040324 230.19509032201614 0.6
      vertex 199.98078528040324 230.19509032201614 3.45
    endloop
  endfacet
  facet normal -0.8819212643483905 -0.4713967368259312 0
    outer loop
      vertex 199.92387953251128 230.3826834323651 0.6
      vertex 199.92387953251128 230.3826834323651 3.45
      vertex 199.83146961230256 230.5555702330196 0.6
    endloop
  endfacet
  facet normal -0.995184726672202 -0.0980171403295089 0
    outer loop
      vertex 200 230 0.6
      vertex 200 230 3.45
      vertex 199.98078528040324 230.19509032201614 0.6
    endloop
  endfacet
  facet normal -0.7730104533627244 -0.6343932841636606 1.1303294640674708e-18
    outer loop
      vertex 199.70710678118655 230.70710678118655 0.6
      vertex 199.83146961230256 230.5555702330196 0.6
      vertex 199.83146961230256 230.5555702330196 3.45
    endloop
  endfacet
  facet normal -1 0 0
    outer loop
      vertex 200 134.2 0.6
      vertex 200 132.9 2.63
      vertex 200 134.2 2.63
    endloop
  endfacet
  facet normal -1 0 0
    outer loop
      vertex 200 147.4 0.6
      vertex 200 135 2.6298759580475997
      vertex 200 135 2.63
    endloop
  endfacet
  facet normal -1 0 0
    outer loop
      vertex 200 147.4 0.6
      vertex 200 135 2.63
      vertex 200 136.3 2.63
    endloop
  endfacet
  facet normal -1 0 0
    outer loop
      vertex 200 147.4 0.6
      vertex 200 146.10000000000002 2.63
      vertex 200 147.4 2.63
    endloop
  endfacet
  facet normal -1 0 0
    outer loop
      vertex 200 160.6 0.6
      vertex 200 148.2 2.63
      vertex 200 149.5 2.63
    endloop
  endfacet
  facet normal -1 0 0
    outer loop
      vertex 200 123.1 3.44
      vertex 200 132.9 2.63
      vertex 200 134.2 0.6
    endloop
  endfacet
  facet normal -1 0 0
    outer loop
      vertex 200 147.4 0.6
      vertex 200 136.3 2.63
      vertex 200 136.3 3.44
    endloop
  endfacet
  facet normal -1 0 0
    outer loop
      vertex 200 147.4 0.6
      vertex 200 136.3 3.44
      vertex 200 146.10000000000002 2.63
    endloop
  endfacet
  facet normal -1 0 0
    outer loop
      vertex 200 160.6 0.6
      vertex 200 149.5 2.63
      vertex 200 149.5 3.44
    endloop
  endfacet
  facet normal -1 0 0
    outer loop
      vertex 200 160.6 0.6
      vertex 200 159.29999999999998 2.63
      vertex 200 160.6 2.63
    endloop
  endfacet
  facet normal -1 0 0
    outer loop
      vertex 200 173.8 0.6
      vertex 200 161.4 2.6298759580475997
      vertex 200 161.4 2.63
    endloop
  endfacet
  facet normal -1 0 0
    outer loop
      vertex 200 173.8 0.6
      vertex 200 161.4 2.63
      vertex 200 162.70000000000002 2.63
    endloop
  endfacet
  facet normal -1 0 0
    outer loop
      vertex 200 173.8 0.6
      vertex 200 172.5 2.63
      vertex 200 173.8 2.63
    endloop
  endfacet
  facet normal -1 0 0
    outer loop
      vertex 200 187 0.6
      vertex 200 174.60000000000002 2.63
      vertex 200 175.9 2.63
    endloop
  endfacet
  facet normal -1 0 0
    outer loop
      vertex 200 160.6 0.6
      vertex 200 149.5 3.44
      vertex 200 159.29999999999998 2.63
    endloop
  endfacet
  facet normal -1 0 0
    outer loop
      vertex 200 173.8 0.6
      vertex 200 162.70000000000002 2.63
      vertex 200 162.70000000000002 3.44
    endloop
  endfacet
  facet normal -1 0 0
    outer loop
      vertex 200 173.8 0.6
      vertex 200 162.70000000000002 3.44
      vertex 200 172.5 2.63
    endloop
  endfacet
  facet normal -1 0 0
    outer loop
      vertex 200 187 0.6
      vertex 200 175.9 2.63
      vertex 200 175.9 3.44
    endloop
  endfacet
  facet normal -1 0 0
    outer loop
      vertex 200 123.1 3.44
      vertex 200 132.9 3.44
      vertex 200 132.9 2.63
    endloop
  endfacet
  facet normal -1 0 0
    outer loop
      vertex 200 80.10000000000001 3.44
      vertex 200 230 3.45
      vertex 200 81.4 3.44
    endloop
  endfacet
  facet normal -1 0 0
    outer loop
      vertex 200 81.4 3.44
      vertex 200 230 3.45
      vertex 200 83.5 3.44
    endloop
  endfacet
  facet normal -1 0 0
    outer loop
      vertex 200 83.5 3.44
      vertex 200 230 3.45
      vertex 200 93.30000000000001 3.44
    endloop
  endfacet
  facet normal -1 0 0
    outer loop
      vertex 200 93.30000000000001 3.44
      vertex 200 230 3.45
      vertex 200 95.4 3.44
    endloop
  endfacet
  facet normal -1 0 0
    outer loop
      vertex 200 95.4 3.44
      vertex 200 230 3.45
      vertex 200 96.7 3.44
    endloop
  endfacet
  facet normal -1 0 0
    outer loop
      vertex 200 146.10000000000002 2.63
      vertex 200 136.3 3.44
      vertex 200 146.10000000000002 3.44
    endloop
  endfacet
  facet normal -1 0 0
    outer loop
      vertex 200 96.7 3.44
      vertex 200 230 3.45
      vertex 200 106.50000000000001 3.44
    endloop
  endfacet
  facet normal -1 0 0
    outer loop
      vertex 200 106.50000000000001 3.44
      vertex 200 230 3.45
      vertex 200 107.80021177894312 3.44
    endloop
  endfacet
  facet normal -1 0 0
    outer loop
      vertex 200 107.80021177894312 3.44
      vertex 200 230 3.45
      vertex 200 109.89999999999999 3.44
    endloop
  endfacet
  facet normal -1 0 0
    outer loop
      vertex 200 109.89999999999999 3.44
      vertex 200 230 3.45
      vertex 200 119.7 3.44
    endloop
  endfacet
  facet normal -1 0 0
    outer loop
      vertex 200 149.5 3.44
      vertex 200 159.29999999999998 3.44
      vertex 200 159.29999999999998 2.63
    endloop
  endfacet
  facet normal -1 0 0
    outer loop
      vertex 200 119.7 3.44
      vertex 200 230 3.45
      vertex 200 121.8 3.44
    endloop
  endfacet
  facet normal -1 0 0
    outer loop
      vertex 200 121.8 3.44
      vertex 200 230 3.45
      vertex 200 123.1 3.44
    endloop
  endfacet
  facet normal -1 0 0
    outer loop
      vertex 200 123.1 3.44
      vertex 200 230 3.45
      vertex 200 132.9 3.44
    endloop
  endfacet
  facet normal -1 0 0
    outer loop
      vertex 200 132.9 3.44
      vertex 200 230 3.45
      vertex 200 134.20008067769263 3.44
    endloop
  endfacet
  facet normal -1 0 0
    outer loop
      vertex 200 134.20008067769263 3.44
      vertex 200 230 3.45
      vertex 200 136.3 3.44
    endloop
  endfacet
  facet normal -1 0 0
    outer loop
      vertex 200 172.5 2.63
      vertex 200 162.70000000000002 3.44
      vertex 200 172.5 3.44
    endloop
  endfacet
  facet normal -1 0 0
    outer loop
      vertex 200 136.3 3.44
      vertex 200 230 3.45
      vertex 200 146.10000000000002 3.44
    endloop
  endfacet
  facet normal -1 0 0
    outer loop
      vertex 200 146.10000000000002 3.44
      vertex 200 230 3.45
      vertex 200 148.2 3.44
    endloop
  endfacet
  facet normal -1 0 0
    outer loop
      vertex 200 148.2 3.44
      vertex 200 230 3.45
      vertex 200 149.5 3.44
    endloop
  endfacet
  facet normal -1 0 0
    outer loop
      vertex 200 149.5 3.44
      vertex 200 230 3.45
      vertex 200 159.29999999999998 3.44
    endloop
  endfacet
  facet normal -1 0 0
    outer loop
      vertex 200 187 0.6
      vertex 200 185.7 2.63
      vertex 200 187 2.63
    endloop
  endfacet
  facet normal -1 0 0
    outer loop
      vertex 200 200.2 0.6
      vertex 200 187.8 2.6298759580475997
      vertex 200 187.8 2.63
    endloop
  endfacet
  facet normal -1 0 0
    outer loop
      vertex 200 200.2 0.6
      vertex 200 187.8 2.63
      vertex 200 189.1 2.63
    endloop
  endfacet
  facet normal -1 0 0
    outer loop
      vertex 200 200.2 0.6
      vertex 200 198.89999999999998 2.63
      vertex 200 200.2 2.63
    endloop
  endfacet
  facet normal -1 0 0
    outer loop
      vertex 200 213.39999999999998 0.6
      vertex 200 201 2.63
      vertex 200 202.29999999999998 2.63
    endloop
  endfacet
  facet normal -1 0 0
    outer loop
      vertex 200 187 0.6
      vertex 200 175.9 3.44
      vertex 200 185.7 2.63
    endloop
  endfacet
  facet normal -1 0 0
    outer loop
      vertex 200 200.2 0.6
      vertex 200 189.1 2.63
      vertex 200 189.1 3.44
    endloop
  endfacet
  facet normal -1 0 0
    outer loop
      vertex 200 200.2 0.6
      vertex 200 189.1 3.44
      vertex 200 198.89999999999998 2.63
    endloop
  endfacet
  facet normal -1 0 0
    outer loop
      vertex 200 213.39999999999998 0.6
      vertex 200 202.29999999999998 2.63
      vertex 200 202.29999999999998 3.44
    endloop
  endfacet
  facet normal -1 0 0
    outer loop
      vertex 200 213.39999999999998 0.6
      vertex 200 212.09999999999997 2.63
      vertex 200 213.39999999999998 2.63
    endloop
  endfacet
  facet normal -1 0 0
    outer loop
      vertex 200 226.59999999999997 0.6
      vertex 200 214.2 2.6298759580475997
      vertex 200 214.2 2.63
    endloop
  endfacet
  facet normal -1 0 0
    outer loop
      vertex 200 226.59999999999997 0.6
      vertex 200 214.2 2.63
      vertex 200 215.49999999999997 2.63
    endloop
  endfacet
  facet normal -1 0 0
    outer loop
      vertex 200 226.59999999999997 0.6
      vertex 200 225.29999999999995 2.63
      vertex 200 226.59999999999997 2.63
    endloop
  endfacet
  facet normal -1 0 0
    outer loop
      vertex 200 213.39999999999998 0.6
      vertex 200 202.29999999999998 3.44
      vertex 200 212.09999999999997 2.63
    endloop
  endfacet
  facet normal -1 0 0
    outer loop
      vertex 200 226.59999999999997 0.6
      vertex 200 215.49999999999997 2.63
      vertex 200 215.49999999999997 3.44
    endloop
  endfacet
  facet normal -1 0 0
    outer loop
      vertex 200 226.59999999999997 0.6
      vertex 200 215.49999999999997 3.44
      vertex 200 225.29999999999995 2.63
    endloop
  endfacet
  facet normal -1 0 0
    outer loop
      vertex 200 230 0.6
      vertex 200 227.39999999999998 2.6499999999999995
      vertex 200 230 3.45
    endloop
  endfacet
  facet normal -0.0980171403295089 -0.995184726672202 0
    outer loop
      vertex 199 231 0.6
      vertex 199.19509032201614 230.98078528040324 3.45
      vertex 199 231 3.45
    endloop
  endfacet
  facet normal -0.2902846772545475 -0.956940335732183 0
    outer loop
      vertex 199.19509032201614 230.98078528040324 0.6
      vertex 199.3826834323651 230.92387953251128 3.45
      vertex 199.19509032201614 230.98078528040324 3.45
    endloop
  endfacet
  facet normal -0.4713967368259312 -0.8819212643483905 0
    outer loop
      vertex 199.3826834323651 230.92387953251128 0.6
      vertex 199.5555702330196 230.83146961230256 3.45
      vertex 199.3826834323651 230.92387953251128 3.45
    endloop
  endfacet
  facet normal -0.6343932841636606 -0.7730104533627244 0
    outer loop
      vertex 199.5555702330196 230.83146961230256 0.6
      vertex 199.70710678118655 230.70710678118655 3.45
      vertex 199.5555702330196 230.83146961230256 3.45
    endloop
  endfacet
  facet normal -0.956940335732183 -0.2902846772545475 0
    outer loop
      vertex 199.92387953251128 230.3826834323651 0.6
      vertex 199.98078528040324 230.19509032201614 3.45
      vertex 199.92387953251128 230.3826834323651 3.45
    endloop
  endfacet
  facet normal -0.8819212643483905 -0.4713967368259312 0
    outer loop
      vertex 199.83146961230256 230.5555702330196 0.6
      vertex 199.92387953251128 230.3826834323651 3.45
      vertex 199.83146961230256 230.5555702330196 3.45
    endloop
  endfacet
  facet normal -0.995184726672202 -0.0980171403295089 0
    outer loop
      vertex 199.98078528040324 230.19509032201614 0.6
      vertex 200 230 3.45
      vertex 199.98078528040324 230.19509032201614 3.45
    endloop
  endfacet
  facet normal -0.7730104533627244 -0.6343932841636606 0
    outer loop
      vertex 199.70710678118655 230.70710678118655 0.6
      vertex 199.83146961230256 230.5555702330196 3.45
      vertex 199.70710678118655 230.70710678118655 3.45
    endloop
  endfacet
  facet normal -1 0 0
    outer loop
      vertex 200 175.9 3.44
      vertex 200 185.7 3.44
      vertex 200 185.7 2.63
    endloop
  endfacet
  facet normal -1 0 0
    outer loop
      vertex 200 159.29999999999998 3.44
      vertex 200 230 3.45
      vertex 200 160.60008067769263 3.44
    endloop
  endfacet
  facet normal -1 0 0
    outer loop
      vertex 200 160.60008067769263 3.44
      vertex 200 230 3.45
      vertex 200 162.70000000000002 3.44
    endloop
  endfacet
  facet normal -1 0 0
    outer loop
      vertex 200 162.70000000000002 3.44
      vertex 200 230 3.45
      vertex 200 172.5 3.44
    endloop
  endfacet
  facet normal -1 0 0
    outer loop
      vertex 200 172.5 3.44
      vertex 200 230 3.45
      vertex 200 174.6 3.44
    endloop
  endfacet
  facet normal -1 0 0
    outer loop
      vertex 200 174.6 3.44
      vertex 200 230 3.45
      vertex 200 175.9 3.44
    endloop
  endfacet
  facet normal -1 0 0
    outer loop
      vertex 200 198.89999999999998 2.63
      vertex 200 189.1 3.44
      vertex 200 198.89999999999998 3.44
    endloop
  endfacet
  facet normal -1 0 0
    outer loop
      vertex 200 175.9 3.44
      vertex 200 230 3.45
      vertex 200 185.7 3.44
    endloop
  endfacet
  facet normal -1 0 0
    outer loop
      vertex 200 185.7 3.44
      vertex 200 230 3.45
      vertex 200 187.79999999999998 3.44
    endloop
  endfacet
  facet normal -1 0 0
    outer loop
      vertex 200 187.79999999999998 3.44
      vertex 200 230 3.45
      vertex 200 189.1 3.44
    endloop
  endfacet
  facet normal -1 0 0
    outer loop
      vertex 200 189.1 3.44
      vertex 200 230 3.45
      vertex 200 198.89999999999998 3.44
    endloop
  endfacet
  facet normal -1 0 0
    outer loop
      vertex 200 202.29999999999998 3.44
      vertex 200 212.09999999999997 3.44
      vertex 200 212.09999999999997 2.63
    endloop
  endfacet
  facet normal -1 0 0
    outer loop
      vertex 200 198.89999999999998 3.44
      vertex 200 230 3.45
      vertex 200 200.99999999999997 3.44
    endloop
  endfacet
  facet normal -1 0 0
    outer loop
      vertex 200 200.99999999999997 3.44
      vertex 200 230 3.45
      vertex 200 202.29999999999998 3.44
    endloop
  endfacet
  facet normal -1 0 0
    outer loop
      vertex 200 202.29999999999998 3.44
      vertex 200 230 3.45
      vertex 200 212.09999999999997 3.44
    endloop
  endfacet
  facet normal -1 0 0
    outer loop
      vertex 200 212.09999999999997 3.44
      vertex 200 230 3.45
      vertex 200 214.19999999999996 3.44
    endloop
  endfacet
  facet normal -1 0 0
    outer loop
      vertex 200 225.29999999999995 2.63
      vertex 200 215.49999999999997 3.44
      vertex 200 225.29999999999995 3.44
    endloop
  endfacet
  facet normal -1 0 0
    outer loop
      vertex 200 227.39999999999998 2.6499999999999995
      vertex 200 227.39999999999995 3.44
      vertex 200 230 3.45
    endloop
  endfacet
  facet normal -1 0 0
    outer loop
      vertex 200 214.19999999999996 3.44
      vertex 200 230 3.45
      vertex 200 215.49999999999997 3.44
    endloop
  endfacet
  facet normal -1 0 0
    outer loop
      vertex 200 215.49999999999997 3.44
      vertex 200 230 3.45
      vertex 200 225.29999999999995 3.44
    endloop
  endfacet
  facet normal -1 0 0
    outer loop
      vertex 200 225.29999999999995 3.44
      vertex 200 230 3.45
      vertex 200 227.39999999999995 3.44
    endloop
  endfacet
  facet normal 1 0 0
    outer loop
      vertex 66.25 25 0.6
      vertex 66.25 28.60000000000001 0.6
      vertex 66.25 28.60000000000001 1.29
    endloop
  endfacet
  facet normal 1 0 0
    outer loop
      vertex 66.25 41.80000000000001 0.6
      vertex 66.25 41.80000000000001 1.2899999999999998
      vertex 66.25 29.40000000000001 0.6
    endloop
  endfacet
  facet normal 1 0 0
    outer loop
      vertex 66.25 42.60000000000001 0.6
      vertex 66.25 55.000000000000014 0.6
      vertex 66.25 55.000000000000014 1.2900000000000003
    endloop
  endfacet
  facet normal 1 0 0
    outer loop
      vertex 66.25 55.80000000000001 0.6
      vertex 66.25 68.20000000000002 0.6
      vertex 66.25 68.2 1.2899999999999998
    endloop
  endfacet
  facet normal 1 0 0
    outer loop
      vertex 66.25 29.40000000000001 1.2899999999999998
      vertex 66.25 29.40000000000001 0.6
      vertex 66.25 30.70000000000001 1.29
    endloop
  endfacet
  facet normal 1 0 0
    outer loop
      vertex 66.25 40.50000000000001 1.29
      vertex 66.25 29.40000000000001 0.6
      vertex 66.25 41.80000000000001 1.2899999999999998
    endloop
  endfacet
  facet normal 1 0 0
    outer loop
      vertex 66.25 42.60000000000001 0.6
      vertex 66.25 43.900000000000006 1.29
      vertex 66.25 42.60000000000001 1.2899999999999998
    endloop
  endfacet
  facet normal 1 0 0
    outer loop
      vertex 66.25 30.70000000000001 1.29
      vertex 66.25 29.40000000000001 0.6
      vertex 66.25 40.50000000000001 2.1100000000000003
    endloop
  endfacet
  facet normal 1 0 0
    outer loop
      vertex 66.25 30.70000000000001 1.29
      vertex 66.25 40.50000000000001 2.1100000000000003
      vertex 66.25 30.70000000000001 1.2939234449760766
    endloop
  endfacet
  facet normal 1 0 0
    outer loop
      vertex 66.25 40.50000000000001 1.29
      vertex 66.25 40.50000000000001 2.1100000000000003
      vertex 66.25 29.40000000000001 0.6
    endloop
  endfacet
  facet normal 1 0 0
    outer loop
      vertex 66.25 42.60000000000001 0.6
      vertex 66.25 53.70000000000001 2.1100000000000003
      vertex 66.25 43.900000000000006 1.29
    endloop
  endfacet
  facet normal 1 0 0
    outer loop
      vertex 66.25 42.60000000000001 0.6
      vertex 66.25 55.000000000000014 1.2900000000000003
      vertex 66.25 53.70000000000001 1.29
    endloop
  endfacet
  facet normal 1 0 0
    outer loop
      vertex 66.25 55.80000000000001 0.6
      vertex 66.25 57.10000000000001 1.29
      vertex 66.25 55.80000000000001 1.2899999999999998
    endloop
  endfacet
  facet normal 1 0 0
    outer loop
      vertex 66.25 55.80000000000001 0.6
      vertex 66.25 68.2 1.2899999999999998
      vertex 66.25 66.9 1.29
    endloop
  endfacet
  facet normal 1 0 0
    outer loop
      vertex 66.25 69 0.6
      vertex 66.25 70.30000000000001 1.29
      vertex 66.25 69 1.2899999999999998
    endloop
  endfacet
  facet normal 1 0 0
    outer loop
      vertex 66.25 69 0.6
      vertex 66.25 80.1 1.29
      vertex 66.25 70.30000000000001 1.29
    endloop
  endfacet
  facet normal 1 0 0
    outer loop
      vertex 66.25 42.60000000000001 0.6
      vertex 66.25 53.70000000000001 1.29
      vertex 66.25 53.70000000000001 2.1100000000000003
    endloop
  endfacet
  facet normal 1 0 0
    outer loop
      vertex 66.25 55.80000000000001 0.6
      vertex 66.25 66.9 2.1100000000000003
      vertex 66.25 57.10000000000001 1.29
    endloop
  endfacet
  facet normal 1 0 0
    outer loop
      vertex 66.25 55.80000000000001 0.6
      vertex 66.25 66.9 1.29
      vertex 66.25 66.9 2.1100000000000003
    endloop
  endfacet
  facet normal 1 0 0
    outer loop
      vertex 66.25 70.30000000000001 1.29
      vertex 66.25 80.1 1.29
      vertex 66.25 70.30000000000001 2.1100000000000003
    endloop
  endfacet
  facet normal 1 0 0
    outer loop
      vertex 66.25 69 0.6
      vertex 66.25 81.4 0.6
      vertex 66.25 80.1 1.29
    endloop
  endfacet
  facet normal 1 0 0
    outer loop
      vertex 66.25 82.2 0.6
      vertex 66.25 94.60000000000001 0.6
      vertex 66.25 82.2 1.2899999999999998
    endloop
  endfacet
  facet normal 1 0 0
    outer loop
      vertex 66.25 95.4 0.6
      vertex 66.25 107.80000000000001 0.6
      vertex 66.25 95.4 1.2899999999999998
    endloop
  endfacet
  facet normal 1 0 0
    outer loop
      vertex 66.25 108.60000000000001 0.6
      vertex 66.25 121 0.6
      vertex 66.25 108.60000000000001 1.2899999999999998
    endloop
  endfacet
  facet normal 1 0 0
    outer loop
      vertex 66.25 121.8 0.6
      vertex 66.25 134.2 0.6
      vertex 66.25 121.8 1.2899999999999998
    endloop
  endfacet
  facet normal 1 0 0
    outer loop
      vertex 66.25 81.4 0.6
      vertex 66.25 81.4 1.2899999999999998
      vertex 66.25 80.1 1.29
    endloop
  endfacet
  facet normal 1 0 0
    outer loop
      vertex 66.25 94.60000000000001 0.6
      vertex 66.25 83.5 1.29
      vertex 66.25 82.2 1.2899999999999998
    endloop
  endfacet
  facet normal 1 0 0
    outer loop
      vertex 66.25 94.60000000000001 0.6
      vertex 66.25 93.30000000000001 1.29
      vertex 66.25 83.5 1.29
    endloop
  endfacet
  facet normal 1 0 0
    outer loop
      vertex 66.25 94.60000000000001 0.6
      vertex 66.25 94.60000000000001 1.2899999999999998
      vertex 66.25 93.30000000000001 1.29
    endloop
  endfacet
  facet normal 1 0 0
    outer loop
      vertex 66.25 107.80000000000001 0.6
      vertex 66.25 96.7 1.29
      vertex 66.25 95.4 1.2899999999999998
    endloop
  endfacet
  facet normal 1 0 0
    outer loop
      vertex 66.25 96.7 1.29
      vertex 66.25 106.50000000000001 1.29
      vertex 66.25 96.7 1.2939234449760766
    endloop
  endfacet
  facet normal 1 0 0
    outer loop
      vertex 66.25 83.5 1.29
      vertex 66.25 93.30000000000001 1.29
      vertex 66.25 83.5 2.1100000000000003
    endloop
  endfacet
  facet normal 1 0 0
    outer loop
      vertex 66.25 96.7 1.2939234449760766
      vertex 66.25 106.50000000000001 1.29
      vertex 66.25 96.7 2.1100000000000003
    endloop
  endfacet
  facet normal 1 0 0
    outer loop
      vertex 66.25 107.80000000000001 0.6
      vertex 66.25 106.50000000000001 1.29
      vertex 66.25 96.7 1.29
    endloop
  endfacet
  facet normal 1 0 0
    outer loop
      vertex 66.25 107.80000000000001 0.6
      vertex 66.25 107.80000000000001 1.2900000000000005
      vertex 66.25 106.50000000000001 1.29
    endloop
  endfacet
  facet normal 1 0 0
    outer loop
      vertex 66.25 121 0.6
      vertex 66.25 109.89999999999999 1.29
      vertex 66.25 108.60000000000001 1.2899999999999998
    endloop
  endfacet
  facet normal 1 0 0
    outer loop
      vertex 66.25 109.89999999999999 1.29
      vertex 66.25 119.7 1.29
      vertex 66.25 109.89999999999999 1.2939234449760766
    endloop
  endfacet
  facet normal 1 0 0
    outer loop
      vertex 66.25 121 0.6
      vertex 66.25 119.7 1.29
      vertex 66.25 109.89999999999999 1.29
    endloop
  endfacet
  facet normal 1 0 0
    outer loop
      vertex 66.25 121 0.6
      vertex 66.25 121 1.2899999999999998
      vertex 66.25 119.7 1.29
    endloop
  endfacet
  facet normal 1 0 0
    outer loop
      vertex 66.25 121.8 1.2899999999999998
      vertex 66.25 134.2 0.6
      vertex 66.25 123.1 1.29
    endloop
  endfacet
  facet normal 1 0 0
    outer loop
      vertex 66.25 123.1 1.29
      vertex 66.25 132.9 1.29
      vertex 66.25 123.1 1.2939234449760766
    endloop
  endfacet
  facet normal 1 0 0
    outer loop
      vertex 66.25 119.7 1.29
      vertex 66.25 109.89999999999999 2.1100000000000003
      vertex 66.25 109.89999999999999 1.2939234449760766
    endloop
  endfacet
  facet normal 1 0 0
    outer loop
      vertex 66.25 123.1 1.2939234449760766
      vertex 66.25 132.9 1.29
      vertex 66.25 123.1 2.1100000000000003
    endloop
  endfacet
  facet normal 1 0 0
    outer loop
      vertex 66.25 30.70000000000001 1.2939234449760766
      vertex 66.25 40.50000000000001 2.1100000000000003
      vertex 66.25 30.70000000000001 2.1100000000000003
    endloop
  endfacet
  facet normal 1 0 0
    outer loop
      vertex 66.25 43.900000000000006 1.29
      vertex 66.25 53.70000000000001 2.1100000000000003
      vertex 66.25 43.900000000000006 2.1100000000000003
    endloop
  endfacet
  facet normal 1 0 0
    outer loop
      vertex 66.25 57.10000000000001 1.29
      vertex 66.25 66.9 2.1100000000000003
      vertex 66.25 57.10000000000001 2.1100000000000003
    endloop
  endfacet
  facet normal 1 0 0
    outer loop
      vertex 66.25 80.1 1.29
      vertex 66.25 80.1 2.1100000000000003
      vertex 66.25 70.30000000000001 2.1100000000000003
    endloop
  endfacet
  facet normal 1 0 0
    outer loop
      vertex 66.25 93.30000000000001 1.29
      vertex 66.25 93.30000000000001 2.1100000000000003
      vertex 66.25 83.5 2.1100000000000003
    endloop
  endfacet
  facet normal 1 0 0
    outer loop
      vertex 66.25 106.50000000000001 1.29
      vertex 66.25 106.50000000000001 2.1100000000000003
      vertex 66.25 96.7 2.1100000000000003
    endloop
  endfacet
  facet normal 1 0 0
    outer loop
      vertex 66.25 119.7 1.29
      vertex 66.25 119.7 2.1100000000000003
      vertex 66.25 109.89999999999999 2.1100000000000003
    endloop
  endfacet
  facet normal 1 0 0
    outer loop
      vertex 66.25 135 0.6
      vertex 66.25 147.4 0.6
      vertex 66.25 147.4 1.2899999999999998
    endloop
  endfacet
  facet normal 1 0 0
    outer loop
      vertex 66.25 148.2 0.6
      vertex 66.25 160.6 0.6
      vertex 66.25 160.6 1.2899999999999998
    endloop
  endfacet
  facet normal 1 0 0
    outer loop
      vertex 66.25 161.4 0.6
      vertex 66.25 173.8 0.6
      vertex 66.25 173.8 1.2899999999999998
    endloop
  endfacet
  facet normal 1 0 0
    outer loop
      vertex 66.25 123.1 1.29
      vertex 66.25 134.2 0.6
      vertex 66.25 132.9 1.29
    endloop
  endfacet
  facet normal 1 0 0
    outer loop
      vertex 66.25 134.2 0.6
      vertex 66.25 134.20000000000002 1.2900000000000003
      vertex 66.25 132.9 1.29
    endloop
  endfacet
  facet normal 1 0 0
    outer loop
      vertex 66.25 135 0.6
      vertex 66.25 136.3 1.29
      vertex 66.25 135 1.2899999999999998
    endloop
  endfacet
  facet normal 1 0 0
    outer loop
      vertex 66.25 135 0.6
      vertex 66.25 147.4 1.2899999999999998
      vertex 66.25 146.10000000000002 1.29
    endloop
  endfacet
  facet normal 1 0 0
    outer loop
      vertex 66.25 148.2 0.6
      vertex 66.25 149.5 1.29
      vertex 66.25 148.2 1.2899999999999998
    endloop
  endfacet
  facet normal 1 0 0
    outer loop
      vertex 66.25 135 0.6
      vertex 66.25 146.10000000000002 2.1100000000000003
      vertex 66.25 136.3 1.29
    endloop
  endfacet
  facet normal 1 0 0
    outer loop
      vertex 66.25 136.3 1.29
      vertex 66.25 146.10000000000002 2.1100000000000003
      vertex 66.25 136.3 1.2939234449760766
    endloop
  endfacet
  facet normal 1 0 0
    outer loop
      vertex 66.25 135 0.6
      vertex 66.25 146.10000000000002 1.29
      vertex 66.25 146.10000000000002 2.1100000000000003
    endloop
  endfacet
  facet normal 1 0 0
    outer loop
      vertex 66.25 148.2 0.6
      vertex 66.25 159.3 2.1100000000000003
      vertex 66.25 149.5 1.29
    endloop
  endfacet
  facet normal 1 0 0
    outer loop
      vertex 66.25 149.5 1.29
      vertex 66.25 159.3 2.1100000000000003
      vertex 66.25 149.5 1.2939234449760766
    endloop
  endfacet
  facet normal 1 0 0
    outer loop
      vertex 66.25 148.2 0.6
      vertex 66.25 160.6 1.2899999999999998
      vertex 66.25 159.29999999999998 1.2899999999999998
    endloop
  endfacet
  facet normal 1 0 0
    outer loop
      vertex 66.25 161.4 0.6
      vertex 66.25 162.70000000000002 1.29
      vertex 66.25 161.4 1.2899999999999998
    endloop
  endfacet
  facet normal 1 0 0
    outer loop
      vertex 66.25 161.4 0.6
      vertex 66.25 173.8 1.2899999999999998
      vertex 66.25 172.5 1.2899999999999998
    endloop
  endfacet
  facet normal 1 0 0
    outer loop
      vertex 66.25 174.60000000000002 0.6
      vertex 66.25 175.9 1.29
      vertex 66.25 174.60000000000002 1.2899999999999998
    endloop
  endfacet
  facet normal 1 0 0
    outer loop
      vertex 66.25 148.2 0.6
      vertex 66.25 159.29999999999998 1.2899999999999998
      vertex 66.25 159.3 2.0999999999999996
    endloop
  endfacet
  facet normal 1 0 0
    outer loop
      vertex 66.25 161.4 0.6
      vertex 66.25 172.50000000000003 2.1100000000000003
      vertex 66.25 162.70000000000002 1.29
    endloop
  endfacet
  facet normal 1 0 0
    outer loop
      vertex 66.25 148.2 0.6
      vertex 66.25 159.3 2.0999999999999996
      vertex 66.25 159.3 2.1100000000000003
    endloop
  endfacet
  facet normal 1 0 0
    outer loop
      vertex 66.25 162.70000000000002 1.29
      vertex 66.25 172.50000000000003 2.1100000000000003
      vertex 66.25 162.70000000000002 1.2939234449760766
    endloop
  endfacet
  facet normal 1 0 0
    outer loop
      vertex 66.25 161.4 0.6
      vertex 66.25 172.5 1.2899999999999998
      vertex 66.25 172.50000000000003 2.0999999999999996
    endloop
  endfacet
  facet normal 1 0 0
    outer loop
      vertex 66.25 174.60000000000002 0.6
      vertex 66.25 185.70000000000002 2.1100000000000003
      vertex 66.25 175.9 1.29
    endloop
  endfacet
  facet normal 1 0 0
    outer loop
      vertex 66.25 161.4 0.6
      vertex 66.25 172.50000000000003 2.0999999999999996
      vertex 66.25 172.50000000000003 2.1100000000000003
    endloop
  endfacet
  facet normal 1 0 0
    outer loop
      vertex 66.25 175.9 1.29
      vertex 66.25 185.70000000000002 2.1100000000000003
      vertex 66.25 175.9 1.2939234449760766
    endloop
  endfacet
  facet normal 1 0 0
    outer loop
      vertex 66.25 174.60000000000002 0.6
      vertex 66.25 187 0.6
      vertex 66.25 187 1.2900000000000003
    endloop
  endfacet
  facet normal 1 0 0
    outer loop
      vertex 66.25 187.8 0.6
      vertex 66.25 200.2 0.6
      vertex 66.25 200.2 1.2899999999999998
    endloop
  endfacet
  facet normal 1 0 0
    outer loop
      vertex 66.25 201 0.6
      vertex 66.25 213.39999999999998 0.6
      vertex 66.25 213.39999999999998 1.2900000000000003
    endloop
  endfacet
  facet normal 1 0 0
    outer loop
      vertex 66.25 214.2 0.6
      vertex 66.25 226.59999999999997 0.6
      vertex 66.25 226.59999999999997 1.2899999999999998
    endloop
  endfacet
  facet normal 1 0 0
    outer loop
      vertex 66.25 227.39999999999998 1.29
      vertex 66.25 227.39999999999998 0.6
      vertex 66.25 231 0.6
    endloop
  endfacet
  facet normal 1 0 0
    outer loop
      vertex 66.25 174.60000000000002 0.6
      vertex 66.25 187 1.2900000000000003
      vertex 66.25 185.7 1.2899999999999998
    endloop
  endfacet
  facet normal 1 0 0
    outer loop
      vertex 66.25 187.8 0.6
      vertex 66.25 189.1 1.29
      vertex 66.25 187.8 1.2899999999999998
    endloop
  endfacet
  facet normal 1 0 0
    outer loop
      vertex 66.25 187.8 0.6
      vertex 66.25 200.2 1.2899999999999998
      vertex 66.25 198.89999999999998 1.2899999999999998
    endloop
  endfacet
  facet normal 1 0 0
    outer loop
      vertex 66.25 201 0.6
      vertex 66.25 202.29999999999998 1.29
      vertex 66.25 201 1.2899999999999998
    endloop
  endfacet
  facet normal 1 0 0
    outer loop
      vertex 66.25 174.60000000000002 0.6
      vertex 66.25 185.7 1.2899999999999998
      vertex 66.25 185.70000000000002 2.0999999999999996
    endloop
  endfacet
  facet normal 1 0 0
    outer loop
      vertex 66.25 187.8 0.6
      vertex 66.25 198.9 2.1100000000000003
      vertex 66.25 189.1 1.29
    endloop
  endfacet
  facet normal 1 0 0
    outer loop
      vertex 66.25 174.60000000000002 0.6
      vertex 66.25 185.70000000000002 2.0999999999999996
      vertex 66.25 185.70000000000002 2.1100000000000003
    endloop
  endfacet
  facet normal 1 0 0
    outer loop
      vertex 66.25 189.1 1.29
      vertex 66.25 198.9 2.1100000000000003
      vertex 66.25 189.1 1.2939234449760766
    endloop
  endfacet
  facet normal 1 0 0
    outer loop
      vertex 66.25 187.8 0.6
      vertex 66.25 198.89999999999998 1.2899999999999998
      vertex 66.25 198.9 2.0999999999999996
    endloop
  endfacet
  facet normal 1 0 0
    outer loop
      vertex 66.25 201 0.6
      vertex 66.25 212.1 2.1100000000000003
      vertex 66.25 202.29999999999998 1.29
    endloop
  endfacet
  facet normal 1 0 0
    outer loop
      vertex 66.25 187.8 0.6
      vertex 66.25 198.9 2.0999999999999996
      vertex 66.25 198.9 2.1100000000000003
    endloop
  endfacet
  facet normal 1 0 0
    outer loop
      vertex 66.25 202.29999999999998 1.29
      vertex 66.25 212.1 2.1100000000000003
      vertex 66.25 202.29999999999998 1.2939234449760766
    endloop
  endfacet
  facet normal 1 0 0
    outer loop
      vertex 66.25 201 0.6
      vertex 66.25 213.39999999999998 1.2900000000000003
      vertex 66.25 212.09999999999997 1.2899999999999998
    endloop
  endfacet
  facet normal 1 0 0
    outer loop
      vertex 66.25 214.2 0.6
      vertex 66.25 215.49999999999997 1.29
      vertex 66.25 214.2 1.2899999999999998
    endloop
  endfacet
  facet normal 1 0 0
    outer loop
      vertex 66.25 214.2 0.6
      vertex 66.25 226.59999999999997 1.2899999999999998
      vertex 66.25 225.29999999999995 1.2899999999999998
    endloop
  endfacet
  facet normal 1 0 0
    outer loop
      vertex 66.25 201 0.6
      vertex 66.25 212.09999999999997 1.2899999999999998
      vertex 66.25 212.1 2.0999999999999996
    endloop
  endfacet
  facet normal 1 0 0
    outer loop
      vertex 66.25 214.2 0.6
      vertex 66.25 225.29999999999998 2.1100000000000003
      vertex 66.25 215.49999999999997 1.29
    endloop
  endfacet
  facet normal 1 0 0
    outer loop
      vertex 66.25 201 0.6
      vertex 66.25 212.1 2.0999999999999996
      vertex 66.25 212.1 2.1100000000000003
    endloop
  endfacet
  facet normal 1 0 0
    outer loop
      vertex 66.25 215.49999999999997 1.29
      vertex 66.25 225.29999999999998 2.1100000000000003
      vertex 66.25 215.49999999999997 1.2939234449760766
    endloop
  endfacet
  facet normal 1 0 0
    outer loop
      vertex 66.25 214.2 0.6
      vertex 66.25 225.29999999999995 1.2899999999999998
      vertex 66.25 225.29999999999998 2.0999999999999996
    endloop
  endfacet
  facet normal 1 0 0
    outer loop
      vertex 66.25 227.39999999999998 1.29
      vertex 66.25 231 0.6
      vertex 66.25 227.39999999999998 2.1100000000000003
    endloop
  endfacet
  facet normal 1 0 0
    outer loop
      vertex 66.25 214.2 0.6
      vertex 66.25 225.29999999999998 2.0999999999999996
      vertex 66.25 225.29999999999998 2.1100000000000003
    endloop
  endfacet
  facet normal 1 0 0
    outer loop
      vertex 66.25 123.1 2.1100000000000003
      vertex 66.25 132.9 1.29
      vertex 66.25 132.9 2.1100000000000003
    endloop
  endfacet
  facet normal 1 0 0
    outer loop
      vertex 66.25 136.3 1.2939234449760766
      vertex 66.25 146.10000000000002 2.1100000000000003
      vertex 66.25 136.3 2.1100000000000003
    endloop
  endfacet
  facet normal 1 0 0
    outer loop
      vertex 66.25 149.5 1.2939234449760766
      vertex 66.25 159.3 2.1100000000000003
      vertex 66.25 149.5 2.1100000000000003
    endloop
  endfacet
  facet normal 1 0 0
    outer loop
      vertex 66.25 162.70000000000002 1.2939234449760766
      vertex 66.25 172.50000000000003 2.1100000000000003
      vertex 66.25 162.70000000000002 2.1100000000000003
    endloop
  endfacet
  facet normal 1 0 0
    outer loop
      vertex 66.25 175.9 1.2939234449760766
      vertex 66.25 185.70000000000002 2.1100000000000003
      vertex 66.25 175.9 2.1100000000000003
    endloop
  endfacet
  facet normal 1 0 0
    outer loop
      vertex 66.25 189.1 1.2939234449760766
      vertex 66.25 198.9 2.1100000000000003
      vertex 66.25 189.1 2.1100000000000003
    endloop
  endfacet
  facet normal 1 0 0
    outer loop
      vertex 66.25 202.29999999999998 1.2939234449760766
      vertex 66.25 212.1 2.1100000000000003
      vertex 66.25 202.29999999999998 2.1100000000000003
    endloop
  endfacet
  facet normal 1 0 0
    outer loop
      vertex 66.25 215.49999999999997 1.2939234449760766
      vertex 66.25 225.29999999999998 2.1100000000000003
      vertex 66.25 215.49999999999997 2.1100000000000003
    endloop
  endfacet
  facet normal 0 0 -1
    outer loop
      vertex 57 23 0
      vertex 57.95933128559396 53.947620560996 0
      vertex 58.213458566168 53.4721818591961 0
    endloop
  endfacet
  facet normal 0 0 -1
    outer loop
      vertex 57 23 0
      vertex 58.213458566168 53.4721818591961 0
      vertex 58.55545635173699 53.05545635173699 0
    endloop
  endfacet
  facet normal 0 0 -1
    outer loop
      vertex 57 23 0
      vertex 57.80284047889111 54.46350161445565 0
      vertex 57.95933128559396 53.947620560996 0
    endloop
  endfacet
  facet normal 0 0 -1
    outer loop
      vertex 57 23 0
      vertex 57.75 55 0
      vertex 57.80284047889111 54.46350161445565 0
    endloop
  endfacet
  facet normal 0 0 -1
    outer loop
      vertex 57 23 0
      vertex 58.55545635173699 53.05545635173699 0
      vertex 58.97218185919609 52.713458566168 0
    endloop
  endfacet
  facet normal 0 0 -1
    outer loop
      vertex 57 23 0
      vertex 58.97218185919609 52.713458566168 0
      vertex 59.447620560996 52.45933128559396 0
    endloop
  endfacet
  facet normal 0 0 -1
    outer loop
      vertex 57 23 0
      vertex 59.447620560996 52.45933128559396 0
      vertex 59.963501614455645 52.30284047889111 0
    endloop
  endfacet
  facet normal 0 0 -1
    outer loop
      vertex 57 23 0
      vertex 59.963501614455645 52.30284047889111 0
      vertex 60.5 52.25 0
    endloop
  endfacet
  facet normal 0 0 -1
    outer loop
      vertex 57 23 0
      vertex 57.75 74 0
      vertex 57.75 55 0
    endloop
  endfacet
  facet normal 0 0 -1
    outer loop
      vertex 57.75 55 0
      vertex 57.80284047889111 73.46350161445565 0
      vertex 57.80284047889111 55.536498385544355 0
    endloop
  endfacet
  facet normal 0 0 -1
    outer loop
      vertex 57.80284047889111 55.536498385544355 0
      vertex 57.95933128559396 72.947620560996 0
      vertex 57.95933128559396 56.052379439004 0
    endloop
  endfacet
  facet normal 0 0 -1
    outer loop
      vertex 57.95933128559396 56.052379439004 0
      vertex 58.213458566168 72.4721818591961 0
      vertex 58.213458566168 56.52781814080391 0
    endloop
  endfacet
  facet normal 0 0 -1
    outer loop
      vertex 58.213458566168 56.52781814080391 0
      vertex 58.55545635173699 72.05545635173699 0
      vertex 58.55545635173699 56.94454364826301 0
    endloop
  endfacet
  facet normal 0 0 -1
    outer loop
      vertex 58.55545635173699 56.94454364826301 0
      vertex 58.97218185919609 71.713458566168 0
      vertex 58.97218185919609 57.286541433832 0
    endloop
  endfacet
  facet normal 0 0 -1
    outer loop
      vertex 58.97218185919609 57.286541433832 0
      vertex 59.447620560996 71.45933128559396 0
      vertex 59.447620560996 57.54066871440604 0
    endloop
  endfacet
  facet normal 0 0 -1
    outer loop
      vertex 59.447620560996 57.54066871440604 0
      vertex 59.963501614455645 71.30284047889111 0
      vertex 59.963501614455645 57.69715952110889 0
    endloop
  endfacet
  facet normal 0 0 -1
    outer loop
      vertex 59.963501614455645 57.69715952110889 0
      vertex 60.5 71.25 0
      vertex 60.5 57.75 0
    endloop
  endfacet
  facet normal 0 0 -1
    outer loop
      vertex 60.5 57.75 0
      vertex 61.036498385544355 71.30284047889111 0
      vertex 61.036498385544355 57.69715952110889 0
    endloop
  endfacet
  facet normal 0 0 -1
    outer loop
      vertex 61.036498385544355 57.69715952110889 0
      vertex 61.552379439004 71.45933128559396 0
      vertex 61.552379439004 57.54066871440604 0
    endloop
  endfacet
  facet normal 0 0 -1
    outer loop
      vertex 62.0278181408039 57.286541433832 0
      vertex 61.552379439004 57.54066871440604 0
      vertex 62.0278181408039 71.713458566168 0
    endloop
  endfacet
  facet normal 0 0 -1
    outer loop
      vertex 62.0278181408039 57.286541433832 0
      vertex 62.44454364826301 72.05545635173699 0
      vertex 62.44454364826301 56.94454364826301 0
    endloop
  endfacet
  facet normal 0 0 -1
    outer loop
      vertex 62.44454364826301 56.94454364826301 0
      vertex 62.786541433832 72.4721818591961 0
      vertex 62.786541433832 56.52781814080391 0
    endloop
  endfacet
  facet normal 0 0 -1
    outer loop
      vertex 57 23 0
      vertex 57.75 93 0
      vertex 57.75 74 0
    endloop
  endfacet
  facet normal 0 0 -1
    outer loop
      vertex 57.95933128559396 56.052379439004 0
      vertex 57.95933128559396 72.947620560996 0
      vertex 58.213458566168 72.4721818591961 0
    endloop
  endfacet
  facet normal 0 0 -1
    outer loop
      vertex 58.213458566168 56.52781814080391 0
      vertex 58.213458566168 72.4721818591961 0
      vertex 58.55545635173699 72.05545635173699 0
    endloop
  endfacet
  facet normal 0 0 -1
    outer loop
      vertex 57.75 55 0
      vertex 57.75 74 0
      vertex 57.80284047889111 73.46350161445565 0
    endloop
  endfacet
  facet normal 0 0 -1
    outer loop
      vertex 57.80284047889111 55.536498385544355 0
      vertex 57.80284047889111 73.46350161445565 0
      vertex 57.95933128559396 72.947620560996 0
    endloop
  endfacet
  facet normal 0 0 -1
    outer loop
      vertex 58.55545635173699 56.94454364826301 0
      vertex 58.55545635173699 72.05545635173699 0
      vertex 58.97218185919609 71.713458566168 0
    endloop
  endfacet
  facet normal 0 0 -1
    outer loop
      vertex 58.97218185919609 57.286541433832 0
      vertex 58.97218185919609 71.713458566168 0
      vertex 59.447620560996 71.45933128559396 0
    endloop
  endfacet
  facet normal 0 0 -1
    outer loop
      vertex 59.447620560996 57.54066871440604 0
      vertex 59.447620560996 71.45933128559396 0
      vertex 59.963501614455645 71.30284047889111 0
    endloop
  endfacet
  facet normal 0 0 -1
    outer loop
      vertex 59.963501614455645 57.69715952110889 0
      vertex 59.963501614455645 71.30284047889111 0
      vertex 60.5 71.25 0
    endloop
  endfacet
  facet normal 0 0 -1
    outer loop
      vertex 60.5 57.75 0
      vertex 60.5 71.25 0
      vertex 61.036498385544355 71.30284047889111 0
    endloop
  endfacet
  facet normal 0 0 -1
    outer loop
      vertex 61.036498385544355 57.69715952110889 0
      vertex 61.036498385544355 71.30284047889111 0
      vertex 61.552379439004 71.45933128559396 0
    endloop
  endfacet
  facet normal 0 0 -1
    outer loop
      vertex 61.552379439004 57.54066871440604 0
      vertex 61.552379439004 71.45933128559396 0
      vertex 62.0278181408039 71.713458566168 0
    endloop
  endfacet
  facet normal 0 0 -1
    outer loop
      vertex 62.0278181408039 57.286541433832 0
      vertex 62.0278181408039 71.713458566168 0
      vertex 62.44454364826301 72.05545635173699 0
    endloop
  endfacet
  facet normal 0 0 -1
    outer loop
      vertex 62.44454364826301 56.94454364826301 0
      vertex 62.44454364826301 72.05545635173699 0
      vertex 62.786541433832 72.4721818591961 0
    endloop
  endfacet
  facet normal -0.6343932841636403 -0.7730104533627412 0
    outer loop
      vertex 54.878679656440355 23.878679656440358 0
      vertex 55.333289300941196 23.505591163092365 0
      vertex 54.878679656440355 23.878679656440358 3.45
    endloop
  endfacet
  facet normal -0.7730104533627364 -0.6343932841636463 0
    outer loop
      vertex 54.50559116309236 24.333289300941193 0
      vertex 54.878679656440355 23.878679656440358 0
      vertex 54.50559116309236 24.333289300941193 3.45
    endloop
  endfacet
  facet normal -0.9569403357322092 -0.29028467725446166 -2.859581376640856e-18
    outer loop
      vertex 54.22836140246614 24.85194970290473 0
      vertex 54.05764415879031 25.414729033951616 3.45
      vertex 54.05764415879031 25.414729033951616 0
    endloop
  endfacet
  facet normal -0.881921264348358 -0.4713967368259919 1.8029357149687596e-18
    outer loop
      vertex 54.50559116309236 24.333289300941193 0
      vertex 54.22836140246614 24.85194970290473 3.45
      vertex 54.22836140246614 24.85194970290473 0
    endloop
  endfacet
  facet normal -0.9951847266721967 -0.09801714032956385 -9.096553512711798e-19
    outer loop
      vertex 54.05764415879031 25.414729033951616 0
      vertex 54 26 3.45
      vertex 54 26 0
    endloop
  endfacet
  facet normal -0.47139673682599664 -0.8819212643483556 0
    outer loop
      vertex 55.333289300941196 23.505591163092365 0
      vertex 55.85194970290473 23.228361402466142 0
      vertex 55.333289300941196 23.505591163092365 3.45
    endloop
  endfacet
  facet normal -0.29028467725446333 -0.9569403357322085 0
    outer loop
      vertex 55.85194970290473 23.228361402466142 0
      vertex 56.414729033951616 23.05764415879031 0
      vertex 55.85194970290473 23.228361402466142 3.45
    endloop
  endfacet
  facet normal -0.09801714032956385 -0.9951847266721967 0
    outer loop
      vertex 56.414729033951616 23.05764415879031 0
      vertex 57 23 0
      vertex 56.414729033951616 23.05764415879031 3.45
    endloop
  endfacet
  facet normal 0 0 -1
    outer loop
      vertex 57.75 74 0
      vertex 57.80284047889111 92.46350161445565 0
      vertex 57.80284047889111 74.53649838554435 0
    endloop
  endfacet
  facet normal 0 0 -1
    outer loop
      vertex 57.80284047889111 74.53649838554435 0
      vertex 57.95933128559396 91.947620560996 0
      vertex 57.95933128559396 75.052379439004 0
    endloop
  endfacet
  facet normal 0 0 -1
    outer loop
      vertex 57.95933128559396 75.052379439004 0
      vertex 58.213458566168 91.4721818591961 0
      vertex 58.213458566168 75.5278181408039 0
    endloop
  endfacet
  facet normal 0 0 -1
    outer loop
      vertex 58.213458566168 75.5278181408039 0
      vertex 58.55545635173699 91.05545635173699 0
      vertex 58.55545635173699 75.94454364826301 0
    endloop
  endfacet
  facet normal 0 0 -1
    outer loop
      vertex 57.95933128559396 75.052379439004 0
      vertex 57.95933128559396 91.947620560996 0
      vertex 58.213458566168 91.4721818591961 0
    endloop
  endfacet
  facet normal 0 0 -1
    outer loop
      vertex 57.80284047889111 74.53649838554435 0
      vertex 57.80284047889111 92.46350161445565 0
      vertex 57.95933128559396 91.947620560996 0
    endloop
  endfacet
  facet normal 0 0 -1
    outer loop
      vertex 57.75 74 0
      vertex 57.75 93 0
      vertex 57.80284047889111 92.46350161445565 0
    endloop
  endfacet
  facet normal 0 0 -1
    outer loop
      vertex 58.213458566168 75.5278181408039 0
      vertex 58.213458566168 91.4721818591961 0
      vertex 58.55545635173699 91.05545635173699 0
    endloop
  endfacet
  facet normal 0 0 -1
    outer loop
      vertex 58.55545635173699 75.94454364826301 0
      vertex 58.97218185919609 90.713458566168 0
      vertex 58.97218185919609 76.286541433832 0
    endloop
  endfacet
  facet normal 0 0 -1
    outer loop
      vertex 58.97218185919609 76.286541433832 0
      vertex 59.447620560996 90.45933128559396 0
      vertex 59.447620560996 76.54066871440604 0
    endloop
  endfacet
  facet normal 0 0 -1
    outer loop
      vertex 59.447620560996 76.54066871440604 0
      vertex 59.963501614455645 90.30284047889111 0
      vertex 59.963501614455645 76.69715952110889 0
    endloop
  endfacet
  facet normal 0 0 -1
    outer loop
      vertex 59.963501614455645 76.69715952110889 0
      vertex 60.5 90.25 0
      vertex 60.5 76.75 0
    endloop
  endfacet
  facet normal 0 0 -1
    outer loop
      vertex 60.5 76.75 0
      vertex 61.036498385544355 90.30284047889111 0
      vertex 61.036498385544355 76.69715952110889 0
    endloop
  endfacet
  facet normal 0 0 -1
    outer loop
      vertex 61.036498385544355 76.69715952110889 0
      vertex 61.552379439004 90.45933128559396 0
      vertex 61.552379439004 76.54066871440604 0
    endloop
  endfacet
  facet normal 0 0 -1
    outer loop
      vertex 62.0278181408039 76.286541433832 0
      vertex 61.552379439004 76.54066871440604 0
      vertex 62.0278181408039 90.713458566168 0
    endloop
  endfacet
  facet normal 0 0 -1
    outer loop
      vertex 62.0278181408039 76.286541433832 0
      vertex 62.44454364826301 91.05545635173699 0
      vertex 62.44454364826301 75.94454364826301 0
    endloop
  endfacet
  facet normal 0 0 -1
    outer loop
      vertex 62.44454364826301 75.94454364826301 0
      vertex 62.786541433832 91.4721818591961 0
      vertex 62.786541433832 75.5278181408039 0
    endloop
  endfacet
  facet normal 0 0 -1
    outer loop
      vertex 58.55545635173699 75.94454364826301 0
      vertex 58.55545635173699 91.05545635173699 0
      vertex 58.97218185919609 90.713458566168 0
    endloop
  endfacet
  facet normal 0 0 -1
    outer loop
      vertex 58.97218185919609 76.286541433832 0
      vertex 58.97218185919609 90.713458566168 0
      vertex 59.447620560996 90.45933128559396 0
    endloop
  endfacet
  facet normal 0 0 -1
    outer loop
      vertex 59.447620560996 76.54066871440604 0
      vertex 59.447620560996 90.45933128559396 0
      vertex 59.963501614455645 90.30284047889111 0
    endloop
  endfacet
  facet normal 0 0 -1
    outer loop
      vertex 59.963501614455645 76.69715952110889 0
      vertex 59.963501614455645 90.30284047889111 0
      vertex 60.5 90.25 0
    endloop
  endfacet
  facet normal 0 0 -1
    outer loop
      vertex 60.5 76.75 0
      vertex 60.5 90.25 0
      vertex 61.036498385544355 90.30284047889111 0
    endloop
  endfacet
  facet normal 0 0 -1
    outer loop
      vertex 61.036498385544355 76.69715952110889 0
      vertex 61.036498385544355 90.30284047889111 0
      vertex 61.552379439004 90.45933128559396 0
    endloop
  endfacet
  facet normal 0 0 -1
    outer loop
      vertex 61.552379439004 76.54066871440604 0
      vertex 61.552379439004 90.45933128559396 0
      vertex 62.0278181408039 90.713458566168 0
    endloop
  endfacet
  facet normal 0 0 -1
    outer loop
      vertex 62.0278181408039 76.286541433832 0
      vertex 62.0278181408039 90.713458566168 0
      vertex 62.44454364826301 91.05545635173699 0
    endloop
  endfacet
  facet normal 0 0 -1
    outer loop
      vertex 62.44454364826301 75.94454364826301 0
      vertex 62.44454364826301 91.05545635173699 0
      vertex 62.786541433832 91.4721818591961 0
    endloop
  endfacet
  facet normal 0 0 -1
    outer loop
      vertex 54.50559116309236 24.333289300941193 0
      vertex 54.22836140246614 24.85194970290473 0
      vertex 54.22836140246614 231.14805029709527 0
    endloop
  endfacet
  facet normal 0 0 -1
    outer loop
      vertex 54.50559116309236 24.333289300941193 0
      vertex 54.50559116309236 231.6667106990588 0
      vertex 54.878679656440355 23.878679656440358 0
    endloop
  endfacet
  facet normal 0 0 -1
    outer loop
      vertex 54.878679656440355 23.878679656440358 0
      vertex 54.878679656440355 232.12132034355963 0
      vertex 55.333289300941196 23.505591163092365 0
    endloop
  endfacet
  facet normal 0 0 -1
    outer loop
      vertex 54.22836140246614 24.85194970290473 0
      vertex 54.05764415879031 25.414729033951616 0
      vertex 54.05764415879031 230.5852709660484 0
    endloop
  endfacet
  facet normal 0 0 -1
    outer loop
      vertex 54.05764415879031 25.414729033951616 0
      vertex 54 26 0
      vertex 54 230 0
    endloop
  endfacet
  facet normal 0 0 -1
    outer loop
      vertex 55.333289300941196 23.505591163092365 0
      vertex 55.333289300941196 232.49440883690764 0
      vertex 55.85194970290473 23.228361402466142 0
    endloop
  endfacet
  facet normal 0 0 -1
    outer loop
      vertex 55.85194970290473 23.228361402466142 0
      vertex 55.85194970290473 232.77163859753387 0
      vertex 56.414729033951616 23.05764415879031 0
    endloop
  endfacet
  facet normal 0 0 -1
    outer loop
      vertex 56.414729033951616 23.05764415879031 0
      vertex 56.414729033951616 232.9423558412097 0
      vertex 57 23 0
    endloop
  endfacet
  facet normal 0 0 -1
    outer loop
      vertex 57 23 0
      vertex 57 233 0
      vertex 57.75 93 0
    endloop
  endfacet
  facet normal 0 0 -1
    outer loop
      vertex 57.75 93 0
      vertex 57.80284047889111 162.46350161445565 0
      vertex 57.80284047889111 93.53649838554435 0
    endloop
  endfacet
  facet normal 0 0 -1
    outer loop
      vertex 57.80284047889111 93.53649838554435 0
      vertex 57.95933128559396 161.947620560996 0
      vertex 57.95933128559396 94.052379439004 0
    endloop
  endfacet
  facet normal 0 0 -1
    outer loop
      vertex 57.95933128559396 94.052379439004 0
      vertex 58.213458566168 161.4721818591961 0
      vertex 58.213458566168 94.5278181408039 0
    endloop
  endfacet
  facet normal 0 0 -1
    outer loop
      vertex 58.213458566168 94.5278181408039 0
      vertex 58.55545635173699 161.055456351737 0
      vertex 58.55545635173699 94.94454364826301 0
    endloop
  endfacet
  facet normal 0 0 -1
    outer loop
      vertex 58.55545635173699 94.94454364826301 0
      vertex 58.97218185919609 160.71345856616801 0
      vertex 58.97218185919609 95.286541433832 0
    endloop
  endfacet
  facet normal 0 0 -1
    outer loop
      vertex 58.97218185919609 95.286541433832 0
      vertex 59.447620560996 160.45933128559398 0
      vertex 59.447620560996 95.54066871440604 0
    endloop
  endfacet
  facet normal 0 0 -1
    outer loop
      vertex 59.447620560996 95.54066871440604 0
      vertex 59.963501614455645 160.3028404788911 0
      vertex 59.963501614455645 95.69715952110889 0
    endloop
  endfacet
  facet normal 0 0 -1
    outer loop
      vertex 59.963501614455645 95.69715952110889 0
      vertex 60.5 160.25 0
      vertex 60.5 95.75 0
    endloop
  endfacet
  facet normal 0 0 -1
    outer loop
      vertex 60.5 95.75 0
      vertex 61.036498385544355 160.3028404788911 0
      vertex 61.036498385544355 95.69715952110889 0
    endloop
  endfacet
  facet normal 0 0 -1
    outer loop
      vertex 61.036498385544355 95.69715952110889 0
      vertex 61.552379439004 160.45933128559398 0
      vertex 61.552379439004 95.54066871440604 0
    endloop
  endfacet
  facet normal 0 0 -1
    outer loop
      vertex 61.552379439004 95.54066871440604 0
      vertex 62.0278181408039 160.71345856616801 0
      vertex 62.0278181408039 95.286541433832 0
    endloop
  endfacet
  facet normal 0 0 -1
    outer loop
      vertex 62.44454364826301 94.94454364826301 0
      vertex 62.0278181408039 95.286541433832 0
      vertex 62.44454364826301 161.055456351737 0
    endloop
  endfacet
  facet normal 0 0 -1
    outer loop
      vertex 57 23 0
      vertex 60.5 52.25 0
      vertex 199 23 0
    endloop
  endfacet
  facet normal 0 0 -1
    outer loop
      vertex 60.5 52.25 0
      vertex 61.036498385544355 52.30284047889111 0
      vertex 199 23 0
    endloop
  endfacet
  facet normal 0 0 -1
    outer loop
      vertex 61.036498385544355 52.30284047889111 0
      vertex 61.552379439004 52.45933128559396 0
      vertex 199 23 0
    endloop
  endfacet
  facet normal 0 0 -1
    outer loop
      vertex 61.552379439004 52.45933128559396 0
      vertex 62.0278181408039 52.713458566168 0
      vertex 199 23 0
    endloop
  endfacet
  facet normal 0 0 -1
    outer loop
      vertex 62.0278181408039 52.713458566168 0
      vertex 62.44454364826301 53.05545635173699 0
      vertex 199 23 0
    endloop
  endfacet
  facet normal 0 0 -1
    outer loop
      vertex 62.44454364826301 53.05545635173699 0
      vertex 62.786541433832 53.4721818591961 0
      vertex 199 23 0
    endloop
  endfacet
  facet normal 0 0 -1
    outer loop
      vertex 62.786541433832 53.4721818591961 0
      vertex 63.04066871440604 53.947620560996 0
      vertex 199 23 0
    endloop
  endfacet
  facet normal 0 0 -1
    outer loop
      vertex 62.786541433832 56.52781814080391 0
      vertex 199 23 0
      vertex 63.04066871440604 56.052379439004 0
    endloop
  endfacet
  facet normal 0 0 -1
    outer loop
      vertex 63.04066871440604 53.947620560996 0
      vertex 63.19715952110889 54.46350161445565 0
      vertex 199 23 0
    endloop
  endfacet
  facet normal 0 0 -1
    outer loop
      vertex 63.19715952110889 54.46350161445565 0
      vertex 63.25 55 0
      vertex 199 23 0
    endloop
  endfacet
  facet normal 0 0 -1
    outer loop
      vertex 63.19715952110889 55.536498385544355 0
      vertex 199 23 0
      vertex 63.25 55 0
    endloop
  endfacet
  facet normal 0 0 -1
    outer loop
      vertex 63.19715952110889 55.536498385544355 0
      vertex 63.04066871440604 56.052379439004 0
      vertex 199 23 0
    endloop
  endfacet
  facet normal 0 0 -1
    outer loop
      vertex 62.786541433832 56.52781814080391 0
      vertex 62.786541433832 72.4721818591961 0
      vertex 199 23 0
    endloop
  endfacet
  facet normal 0 0 -1
    outer loop
      vertex 62.786541433832 72.4721818591961 0
      vertex 63.04066871440604 72.947620560996 0
      vertex 199 23 0
    endloop
  endfacet
  facet normal 0 0 -1
    outer loop
      vertex 63.04066871440604 75.052379439004 0
      vertex 62.786541433832 75.5278181408039 0
      vertex 199 23 0
    endloop
  endfacet
  facet normal 0 0 -1
    outer loop
      vertex 63.04066871440604 72.947620560996 0
      vertex 63.19715952110889 73.46350161445565 0
      vertex 199 23 0
    endloop
  endfacet
  facet normal 0 0 -1
    outer loop
      vertex 63.19715952110889 73.46350161445565 0
      vertex 63.25 74 0
      vertex 199 23 0
    endloop
  endfacet
  facet normal 0 0 -1
    outer loop
      vertex 63.19715952110889 74.53649838554435 0
      vertex 199 23 0
      vertex 63.25 74 0
    endloop
  endfacet
  facet normal 0 0 -1
    outer loop
      vertex 63.19715952110889 74.53649838554435 0
      vertex 63.04066871440604 75.052379439004 0
      vertex 199 23 0
    endloop
  endfacet
  facet normal 0 0 -1
    outer loop
      vertex 62.786541433832 75.5278181408039 0
      vertex 62.786541433832 91.4721818591961 0
      vertex 199 23 0
    endloop
  endfacet
  facet normal 0 0 -1
    outer loop
      vertex 62.786541433832 91.4721818591961 0
      vertex 63.04066871440604 91.947620560996 0
      vertex 199 23 0
    endloop
  endfacet
  facet normal 0 0 -1
    outer loop
      vertex 63.04066871440604 94.052379439004 0
      vertex 62.786541433832 94.5278181408039 0
      vertex 199 23 0
    endloop
  endfacet
  facet normal 0 0 -1
    outer loop
      vertex 62.44454364826301 94.94454364826301 0
      vertex 199 23 0
      vertex 62.786541433832 94.5278181408039 0
    endloop
  endfacet
  facet normal 0 0 -1
    outer loop
      vertex 63.04066871440604 91.947620560996 0
      vertex 63.19715952110889 92.46350161445565 0
      vertex 199 23 0
    endloop
  endfacet
  facet normal 0 0 -1
    outer loop
      vertex 63.19715952110889 92.46350161445565 0
      vertex 63.25 93 0
      vertex 199 23 0
    endloop
  endfacet
  facet normal 0 0 -1
    outer loop
      vertex 63.19715952110889 93.53649838554435 0
      vertex 199 23 0
      vertex 63.25 93 0
    endloop
  endfacet
  facet normal 0 0 -1
    outer loop
      vertex 63.19715952110889 93.53649838554435 0
      vertex 63.04066871440604 94.052379439004 0
      vertex 199 23 0
    endloop
  endfacet
  facet normal 0 -1 0
    outer loop
      vertex 57 23 0
      vertex 199 23 0
      vertex 57 23 3.45
    endloop
  endfacet
  facet normal 0 0 -1
    outer loop
      vertex 62.44454364826301 94.94454364826301 0
      vertex 63.25 163 0
      vertex 199 23 0
    endloop
  endfacet
  facet normal 0 0 -1
    outer loop
      vertex 63.19715952110889 163.53649838554435 0
      vertex 199 23 0
      vertex 63.25 163 0
    endloop
  endfacet
  facet normal 0 0 -1
    outer loop
      vertex 63.19715952110889 163.53649838554435 0
      vertex 63.19715952110889 181.46350161445565 0
      vertex 199 23 0
    endloop
  endfacet
  facet normal -0.881921264348358 -0.4713967368259919 0
    outer loop
      vertex 54.50559116309236 24.333289300941193 0
      vertex 54.50559116309236 24.333289300941193 3.45
      vertex 54.22836140246614 24.85194970290473 3.45
    endloop
  endfacet
  facet normal -0.7730104533627364 -0.6343932841636463 0
    outer loop
      vertex 54.878679656440355 23.878679656440358 0
      vertex 54.878679656440355 23.878679656440358 3.45
      vertex 54.50559116309236 24.333289300941193 3.45
    endloop
  endfacet
  facet normal -0.9569403357322092 -0.29028467725446166 0
    outer loop
      vertex 54.22836140246614 24.85194970290473 0
      vertex 54.22836140246614 24.85194970290473 3.45
      vertex 54.05764415879031 25.414729033951616 3.45
    endloop
  endfacet
  facet normal -0.9951847266721967 -0.09801714032956385 0
    outer loop
      vertex 54.05764415879031 25.414729033951616 0
      vertex 54.05764415879031 25.414729033951616 3.45
      vertex 54 26 3.45
    endloop
  endfacet
  facet normal -0.6343932841636403 -0.7730104533627412 0
    outer loop
      vertex 55.333289300941196 23.505591163092365 0
      vertex 55.333289300941196 23.505591163092365 3.45
      vertex 54.878679656440355 23.878679656440358 3.45
    endloop
  endfacet
  facet normal -0.47139673682599664 -0.8819212643483556 0
    outer loop
      vertex 55.85194970290473 23.228361402466142 0
      vertex 55.85194970290473 23.228361402466142 3.45
      vertex 55.333289300941196 23.505591163092365 3.45
    endloop
  endfacet
  facet normal -0.29028467725446333 -0.9569403357322085 0
    outer loop
      vertex 56.414729033951616 23.05764415879031 0
      vertex 56.414729033951616 23.05764415879031 3.45
      vertex 55.85194970290473 23.228361402466142 3.45
    endloop
  endfacet
  facet normal -0.09801714032956385 -0.9951847266721967 0
    outer loop
      vertex 57 23 0
      vertex 57 23 3.45
      vertex 56.414729033951616 23.05764415879031 3.45
    endloop
  endfacet
  facet normal 0 0 1
    outer loop
      vertex 57 23 3.45
      vertex 66.23099152324686 24.995890059080402 3.45
      vertex 59.963501614455645 52.30284047889111 3.45
    endloop
  endfacet
  facet normal 0 0 1
    outer loop
      vertex 57 23 3.45
      vertex 58.213458566168 53.4721818591961 3.45
      vertex 57.95933128559396 53.947620560996 3.45
    endloop
  endfacet
  facet normal 0 0 1
    outer loop
      vertex 57 23 3.45
      vertex 58.55545635173699 53.05545635173699 3.45
      vertex 58.213458566168 53.4721818591961 3.45
    endloop
  endfacet
  facet normal 0 0 1
    outer loop
      vertex 57 23 3.45
      vertex 57.95933128559396 53.947620560996 3.45
      vertex 57.80284047889111 54.46350161445565 3.45
    endloop
  endfacet
  facet normal 0 0 1
    outer loop
      vertex 57 23 3.45
      vertex 57.80284047889111 54.46350161445565 3.45
      vertex 57.75 55 3.45
    endloop
  endfacet
  facet normal 0 0 1
    outer loop
      vertex 57 23 3.45
      vertex 58.97218185919609 52.713458566168 3.45
      vertex 58.55545635173699 53.05545635173699 3.45
    endloop
  endfacet
  facet normal 0 0 1
    outer loop
      vertex 57 23 3.45
      vertex 59.447620560996 52.45933128559396 3.45
      vertex 58.97218185919609 52.713458566168 3.45
    endloop
  endfacet
  facet normal 0 0 1
    outer loop
      vertex 57 23 3.45
      vertex 59.963501614455645 52.30284047889111 3.45
      vertex 59.447620560996 52.45933128559396 3.45
    endloop
  endfacet
  facet normal 0 0 1
    outer loop
      vertex 59.963501614455645 52.30284047889111 3.45
      vertex 66.23099152324686 24.995890059080402 3.45
      vertex 60.5 52.25 3.45
    endloop
  endfacet
  facet normal 0 0 1
    outer loop
      vertex 60.5 52.25 3.45
      vertex 66.23099152324686 24.995890059080402 3.45
      vertex 61.036498385544355 52.30284047889111 3.45
    endloop
  endfacet
  facet normal 0 0 1
    outer loop
      vertex 61.036498385544355 52.30284047889111 3.45
      vertex 66.23099152324686 24.995890059080402 3.45
      vertex 61.552379439004 52.45933128559396 3.45
    endloop
  endfacet
  facet normal 0 0 1
    outer loop
      vertex 61.552379439004 52.45933128559396 3.45
      vertex 66.23099152324686 24.995890059080402 3.45
      vertex 62.0278181408039 52.713458566168 3.45
    endloop
  endfacet
  facet normal 0 0 1
    outer loop
      vertex 62.0278181408039 52.713458566168 3.45
      vertex 66.23099152324686 24.995890059080402 3.45
      vertex 62.44454364826301 53.05545635173699 3.45
    endloop
  endfacet
  facet normal 0 0 1
    outer loop
      vertex 62.44454364826301 53.05545635173699 3.45
      vertex 66.23099152324686 24.995890059080402 3.45
      vertex 62.786541433832 53.4721818591961 3.45
    endloop
  endfacet
  facet normal 0 0 1
    outer loop
      vertex 62.786541433832 53.4721818591961 3.45
      vertex 66.23099152324686 24.995890059080402 3.45
      vertex 63.04066871440604 53.947620560996 3.45
    endloop
  endfacet
  facet normal 0 0 1
    outer loop
      vertex 63.04066871440604 53.947620560996 3.45
      vertex 66.23099152324686 24.995890059080402 3.45
      vertex 63.19715952110889 54.46350161445565 3.45
    endloop
  endfacet
  facet normal 0 0 1
    outer loop
      vertex 63.19715952110889 54.46350161445565 3.45
      vertex 66.23099152324686 24.995890059080402 3.45
      vertex 63.25 55 3.45
    endloop
  endfacet
  facet normal 0 0 1
    outer loop
      vertex 57 23 3.45
      vertex 57.75 55 3.45
      vertex 57.75 74 3.45
    endloop
  endfacet
  facet normal 0 0 1
    outer loop
      vertex 57.75 55 3.45
      vertex 57.80284047889111 55.536498385544355 3.45
      vertex 57.75 74 3.45
    endloop
  endfacet
  facet normal 0 0 1
    outer loop
      vertex 57.80284047889111 55.536498385544355 3.45
      vertex 57.95933128559396 56.052379439004 3.45
      vertex 57.80284047889111 73.46350161445565 3.45
    endloop
  endfacet
  facet normal 0 0 1
    outer loop
      vertex 57.95933128559396 56.052379439004 3.45
      vertex 58.213458566168 56.52781814080391 3.45
      vertex 57.95933128559396 72.947620560996 3.45
    endloop
  endfacet
  facet normal 0 0 1
    outer loop
      vertex 58.213458566168 56.52781814080391 3.45
      vertex 58.55545635173699 56.94454364826301 3.45
      vertex 58.213458566168 72.4721818591961 3.45
    endloop
  endfacet
  facet normal 0 0 1
    outer loop
      vertex 58.55545635173699 56.94454364826301 3.45
      vertex 58.97218185919609 57.286541433832 3.45
      vertex 58.97218185919609 71.713458566168 3.45
    endloop
  endfacet
  facet normal 0 0 1
    outer loop
      vertex 58.97218185919609 57.286541433832 3.45
      vertex 59.447620560996 57.54066871440604 3.45
      vertex 58.97218185919609 71.713458566168 3.45
    endloop
  endfacet
  facet normal 0 0 1
    outer loop
      vertex 59.447620560996 57.54066871440604 3.45
      vertex 59.963501614455645 57.69715952110889 3.45
      vertex 59.447620560996 71.45933128559396 3.45
    endloop
  endfacet
  facet normal 0 0 1
    outer loop
      vertex 59.963501614455645 57.69715952110889 3.45
      vertex 60.5 57.75 3.45
      vertex 59.963501614455645 71.30284047889111 3.45
    endloop
  endfacet
  facet normal 0 0 1
    outer loop
      vertex 60.5 57.75 3.45
      vertex 61.036498385544355 57.69715952110889 3.45
      vertex 60.5 71.25 3.45
    endloop
  endfacet
  facet normal 0 0 1
    outer loop
      vertex 61.036498385544355 57.69715952110889 3.45
      vertex 61.552379439004 57.54066871440604 3.45
      vertex 61.036498385544355 71.30284047889111 3.45
    endloop
  endfacet
  facet normal 0 0 1
    outer loop
      vertex 62.0278181408039 57.286541433832 3.45
      vertex 61.552379439004 71.45933128559396 3.45
      vertex 61.552379439004 57.54066871440604 3.45
    endloop
  endfacet
  facet normal 0 0 1
    outer loop
      vertex 62.0278181408039 57.286541433832 3.45
      vertex 62.44454364826301 56.94454364826301 3.45
      vertex 62.0278181408039 71.713458566168 3.45
    endloop
  endfacet
  facet normal 0 0 1
    outer loop
      vertex 62.44454364826301 56.94454364826301 3.45
      vertex 62.786541433832 56.52781814080391 3.45
      vertex 62.44454364826301 72.05545635173699 3.45
    endloop
  endfacet
  facet normal 0 0 1
    outer loop
      vertex 63.19715952110889 55.536498385544355 3.45
      vertex 63.04066871440604 72.947620560996 3.45
      vertex 63.04066871440604 56.052379439004 3.45
    endloop
  endfacet
  facet normal 0 0 1
    outer loop
      vertex 62.786541433832 56.52781814080391 3.45
      vertex 63.04066871440604 56.052379439004 3.45
      vertex 62.786541433832 72.4721818591961 3.45
    endloop
  endfacet
  facet normal 0 0 1
    outer loop
      vertex 57 23 3.45
      vertex 57.75 74 3.45
      vertex 57.75 93 3.45
    endloop
  endfacet
  facet normal 0 0 1
    outer loop
      vertex 58.55545635173699 56.94454364826301 3.45
      vertex 58.55545635173699 72.05545635173699 3.45
      vertex 58.213458566168 72.4721818591961 3.45
    endloop
  endfacet
  facet normal 0 0 1
    outer loop
      vertex 57.80284047889111 55.536498385544355 3.45
      vertex 57.80284047889111 73.46350161445565 3.45
      vertex 57.75 74 3.45
    endloop
  endfacet
  facet normal 0 0 1
    outer loop
      vertex 57.95933128559396 56.052379439004 3.45
      vertex 57.95933128559396 72.947620560996 3.45
      vertex 57.80284047889111 73.46350161445565 3.45
    endloop
  endfacet
  facet normal 0 0 1
    outer loop
      vertex 58.213458566168 56.52781814080391 3.45
      vertex 58.213458566168 72.4721818591961 3.45
      vertex 57.95933128559396 72.947620560996 3.45
    endloop
  endfacet
  facet normal 0 0 1
    outer loop
      vertex 58.55545635173699 56.94454364826301 3.45
      vertex 58.97218185919609 71.713458566168 3.45
      vertex 58.55545635173699 72.05545635173699 3.45
    endloop
  endfacet
  facet normal 0 0 1
    outer loop
      vertex 59.447620560996 57.54066871440604 3.45
      vertex 59.447620560996 71.45933128559396 3.45
      vertex 58.97218185919609 71.713458566168 3.45
    endloop
  endfacet
  facet normal 0 0 1
    outer loop
      vertex 59.963501614455645 57.69715952110889 3.45
      vertex 59.963501614455645 71.30284047889111 3.45
      vertex 59.447620560996 71.45933128559396 3.45
    endloop
  endfacet
  facet normal 0 0 1
    outer loop
      vertex 60.5 57.75 3.45
      vertex 60.5 71.25 3.45
      vertex 59.963501614455645 71.30284047889111 3.45
    endloop
  endfacet
  facet normal 0 0 1
    outer loop
      vertex 61.036498385544355 57.69715952110889 3.45
      vertex 61.036498385544355 71.30284047889111 3.45
      vertex 60.5 71.25 3.45
    endloop
  endfacet
  facet normal 0 0 1
    outer loop
      vertex 61.552379439004 57.54066871440604 3.45
      vertex 61.552379439004 71.45933128559396 3.45
      vertex 61.036498385544355 71.30284047889111 3.45
    endloop
  endfacet
  facet normal 0 0 1
    outer loop
      vertex 62.0278181408039 57.286541433832 3.45
      vertex 62.0278181408039 71.713458566168 3.45
      vertex 61.552379439004 71.45933128559396 3.45
    endloop
  endfacet
  facet normal 0 0 1
    outer loop
      vertex 62.44454364826301 56.94454364826301 3.45
      vertex 62.44454364826301 72.05545635173699 3.45
      vertex 62.0278181408039 71.713458566168 3.45
    endloop
  endfacet
  facet normal 0 0 1
    outer loop
      vertex 62.786541433832 56.52781814080391 3.45
      vertex 62.786541433832 72.4721818591961 3.45
      vertex 62.44454364826301 72.05545635173699 3.45
    endloop
  endfacet
  facet normal 0 0 1
    outer loop
      vertex 63.04066871440604 56.052379439004 3.45
      vertex 63.04066871440604 72.947620560996 3.45
      vertex 62.786541433832 72.4721818591961 3.45
    endloop
  endfacet
  facet normal 0 0 1
    outer loop
      vertex 63.19715952110889 55.536498385544355 3.45
      vertex 63.19715952110889 73.46350161445565 3.45
      vertex 63.04066871440604 72.947620560996 3.45
    endloop
  endfacet
  facet normal 0 0 1
    outer loop
      vertex 63.19715952110889 55.536498385544355 3.45
      vertex 63.25 74 3.45
      vertex 63.19715952110889 73.46350161445565 3.45
    endloop
  endfacet
  facet normal -1 0 0
    outer loop
      vertex 54 26 0
      vertex 54 26 3.45
      vertex 54 230 3.45
    endloop
  endfacet
  facet normal 0 0 1
    outer loop
      vertex 57.75 74 3.45
      vertex 57.80284047889111 74.53649838554435 3.45
      vertex 57.75 93 3.45
    endloop
  endfacet
  facet normal 0 0 1
    outer loop
      vertex 57.80284047889111 74.53649838554435 3.45
      vertex 57.95933128559396 75.052379439004 3.45
      vertex 57.80284047889111 92.46350161445565 3.45
    endloop
  endfacet
  facet normal 0 0 1
    outer loop
      vertex 57.95933128559396 75.052379439004 3.45
      vertex 58.213458566168 75.5278181408039 3.45
      vertex 57.95933128559396 91.947620560996 3.45
    endloop
  endfacet
  facet normal 0 0 1
    outer loop
      vertex 58.213458566168 75.5278181408039 3.45
      vertex 58.55545635173699 75.94454364826301 3.45
      vertex 58.213458566168 91.4721818591961 3.45
    endloop
  endfacet
  facet normal 0 0 1
    outer loop
      vertex 57.95933128559396 75.052379439004 3.45
      vertex 57.95933128559396 91.947620560996 3.45
      vertex 57.80284047889111 92.46350161445565 3.45
    endloop
  endfacet
  facet normal 0 0 1
    outer loop
      vertex 57.80284047889111 74.53649838554435 3.45
      vertex 57.80284047889111 92.46350161445565 3.45
      vertex 57.75 93 3.45
    endloop
  endfacet
  facet normal 0 0 1
    outer loop
      vertex 58.55545635173699 75.94454364826301 3.45
      vertex 58.55545635173699 91.05545635173699 3.45
      vertex 58.213458566168 91.4721818591961 3.45
    endloop
  endfacet
  facet normal 0 0 1
    outer loop
      vertex 58.213458566168 75.5278181408039 3.45
      vertex 58.213458566168 91.4721818591961 3.45
      vertex 57.95933128559396 91.947620560996 3.45
    endloop
  endfacet
  facet normal 0 0 1
    outer loop
      vertex 58.55545635173699 75.94454364826301 3.45
      vertex 58.97218185919609 76.286541433832 3.45
      vertex 58.55545635173699 91.05545635173699 3.45
    endloop
  endfacet
  facet normal 0 0 1
    outer loop
      vertex 58.97218185919609 76.286541433832 3.45
      vertex 59.447620560996 76.54066871440604 3.45
      vertex 58.97218185919609 90.713458566168 3.45
    endloop
  endfacet
  facet normal 0 0 1
    outer loop
      vertex 59.447620560996 76.54066871440604 3.45
      vertex 59.963501614455645 76.69715952110889 3.45
      vertex 59.963501614455645 90.30284047889111 3.45
    endloop
  endfacet
  facet normal 0 0 1
    outer loop
      vertex 59.963501614455645 76.69715952110889 3.45
      vertex 60.5 76.75 3.45
      vertex 59.963501614455645 90.30284047889111 3.45
    endloop
  endfacet
  facet normal 0 0 1
    outer loop
      vertex 60.5 76.75 3.45
      vertex 61.036498385544355 76.69715952110889 3.45
      vertex 60.5 90.25 3.45
    endloop
  endfacet
  facet normal 0 0 1
    outer loop
      vertex 61.036498385544355 76.69715952110889 3.45
      vertex 61.552379439004 76.54066871440604 3.45
      vertex 61.036498385544355 90.30284047889111 3.45
    endloop
  endfacet
  facet normal 0 0 1
    outer loop
      vertex 62.0278181408039 76.286541433832 3.45
      vertex 61.552379439004 90.45933128559396 3.45
      vertex 61.552379439004 76.54066871440604 3.45
    endloop
  endfacet
  facet normal 0 0 1
    outer loop
      vertex 63.19715952110889 74.53649838554435 3.45
      vertex 63.25 74 3.45
      vertex 63.19715952110889 92.46350161445565 3.45
    endloop
  endfacet
  facet normal 0 0 1
    outer loop
      vertex 62.0278181408039 76.286541433832 3.45
      vertex 62.44454364826301 75.94454364826301 3.45
      vertex 62.0278181408039 90.713458566168 3.45
    endloop
  endfacet
  facet normal 0 0 1
    outer loop
      vertex 62.44454364826301 75.94454364826301 3.45
      vertex 62.786541433832 75.5278181408039 3.45
      vertex 62.44454364826301 91.05545635173699 3.45
    endloop
  endfacet
  facet normal 0 0 1
    outer loop
      vertex 63.04066871440604 75.052379439004 3.45
      vertex 62.786541433832 91.4721818591961 3.45
      vertex 62.786541433832 75.5278181408039 3.45
    endloop
  endfacet
  facet normal 0 0 1
    outer loop
      vertex 63.19715952110889 74.53649838554435 3.45
      vertex 63.04066871440604 91.947620560996 3.45
      vertex 63.04066871440604 75.052379439004 3.45
    endloop
  endfacet
  facet normal 0 0 1
    outer loop
      vertex 58.97218185919609 76.286541433832 3.45
      vertex 58.97218185919609 90.713458566168 3.45
      vertex 58.55545635173699 91.05545635173699 3.45
    endloop
  endfacet
  facet normal 0 0 1
    outer loop
      vertex 59.447620560996 76.54066871440604 3.45
      vertex 59.447620560996 90.45933128559396 3.45
      vertex 58.97218185919609 90.713458566168 3.45
    endloop
  endfacet
  facet normal 0 0 1
    outer loop
      vertex 59.447620560996 76.54066871440604 3.45
      vertex 59.963501614455645 90.30284047889111 3.45
      vertex 59.447620560996 90.45933128559396 3.45
    endloop
  endfacet
  facet normal 0 0 1
    outer loop
      vertex 60.5 76.75 3.45
      vertex 60.5 90.25 3.45
      vertex 59.963501614455645 90.30284047889111 3.45
    endloop
  endfacet
  facet normal 0 0 1
    outer loop
      vertex 61.036498385544355 76.69715952110889 3.45
      vertex 61.036498385544355 90.30284047889111 3.45
      vertex 60.5 90.25 3.45
    endloop
  endfacet
  facet normal 0 0 1
    outer loop
      vertex 61.552379439004 76.54066871440604 3.45
      vertex 61.552379439004 90.45933128559396 3.45
      vertex 61.036498385544355 90.30284047889111 3.45
    endloop
  endfacet
  facet normal 0 0 1
    outer loop
      vertex 62.0278181408039 76.286541433832 3.45
      vertex 62.0278181408039 90.713458566168 3.45
      vertex 61.552379439004 90.45933128559396 3.45
    endloop
  endfacet
  facet normal 0 0 1
    outer loop
      vertex 62.44454364826301 75.94454364826301 3.45
      vertex 62.44454364826301 91.05545635173699 3.45
      vertex 62.0278181408039 90.713458566168 3.45
    endloop
  endfacet
  facet normal 0 0 1
    outer loop
      vertex 62.786541433832 75.5278181408039 3.45
      vertex 62.786541433832 91.4721818591961 3.45
      vertex 62.44454364826301 91.05545635173699 3.45
    endloop
  endfacet
  facet normal 0 0 1
    outer loop
      vertex 63.04066871440604 75.052379439004 3.45
      vertex 63.04066871440604 91.947620560996 3.45
      vertex 62.786541433832 91.4721818591961 3.45
    endloop
  endfacet
  facet normal 0 0 1
    outer loop
      vertex 63.19715952110889 74.53649838554435 3.45
      vertex 63.19715952110889 92.46350161445565 3.45
      vertex 63.04066871440604 91.947620560996 3.45
    endloop
  endfacet
  facet normal 0 0 1
    outer loop
      vertex 63.25 74 3.45
      vertex 63.25 93 3.45
      vertex 63.19715952110889 92.46350161445565 3.45
    endloop
  endfacet
  facet normal 0 0 1
    outer loop
      vertex 54.50559116309236 24.333289300941193 3.45
      vertex 54.22836140246614 231.14805029709527 3.45
      vertex 54.22836140246614 24.85194970290473 3.45
    endloop
  endfacet
  facet normal 0 0 1
    outer loop
      vertex 54.50559116309236 24.333289300941193 3.45
      vertex 54.878679656440355 23.878679656440358 3.45
      vertex 54.50559116309236 231.6667106990588 3.45
    endloop
  endfacet
  facet normal 0 0 1
    outer loop
      vertex 54.878679656440355 23.878679656440358 3.45
      vertex 55.333289300941196 23.505591163092365 3.45
      vertex 54.878679656440355 232.12132034355963 3.45
    endloop
  endfacet
  facet normal 0 0 1
    outer loop
      vertex 54.22836140246614 24.85194970290473 3.45
      vertex 54.05764415879031 230.5852709660484 3.45
      vertex 54.05764415879031 25.414729033951616 3.45
    endloop
  endfacet
  facet normal 0 0 1
    outer loop
      vertex 54.05764415879031 25.414729033951616 3.45
      vertex 54 230 3.45
      vertex 54 26 3.45
    endloop
  endfacet
  facet normal 0 0 1
    outer loop
      vertex 55.333289300941196 23.505591163092365 3.45
      vertex 55.85194970290473 23.228361402466142 3.45
      vertex 55.333289300941196 232.49440883690764 3.45
    endloop
  endfacet
  facet normal 0 0 1
    outer loop
      vertex 55.85194970290473 23.228361402466142 3.45
      vertex 56.414729033951616 23.05764415879031 3.45
      vertex 55.85194970290473 232.77163859753387 3.45
    endloop
  endfacet
  facet normal 0 0 1
    outer loop
      vertex 56.414729033951616 23.05764415879031 3.45
      vertex 57 23 3.45
      vertex 56.414729033951616 232.9423558412097 3.45
    endloop
  endfacet
  facet normal 0 0 1
    outer loop
      vertex 57 23 3.45
      vertex 57.75 93 3.45
      vertex 57.75 163 3.45
    endloop
  endfacet
  facet normal 0 0 1
    outer loop
      vertex 57.75 93 3.45
      vertex 57.80284047889111 93.53649838554435 3.45
      vertex 57.75 163 3.45
    endloop
  endfacet
  facet normal 0 0 1
    outer loop
      vertex 57.80284047889111 93.53649838554435 3.45
      vertex 57.95933128559396 94.052379439004 3.45
      vertex 57.80284047889111 162.46350161445565 3.45
    endloop
  endfacet
  facet normal 0 0 1
    outer loop
      vertex 57.95933128559396 94.052379439004 3.45
      vertex 58.213458566168 94.5278181408039 3.45
      vertex 57.95933128559396 161.947620560996 3.45
    endloop
  endfacet
  facet normal 0 0 1
    outer loop
      vertex 58.213458566168 94.5278181408039 3.45
      vertex 58.55545635173699 94.94454364826301 3.45
      vertex 58.213458566168 161.4721818591961 3.45
    endloop
  endfacet
  facet normal 0 0 1
    outer loop
      vertex 57 23 3.45
      vertex 57.75 163 3.45
      vertex 57.75 182 3.45
    endloop
  endfacet
  facet normal 0 0 1
    outer loop
      vertex 58.55545635173699 94.94454364826301 3.45
      vertex 58.97218185919609 95.286541433832 3.45
      vertex 58.55545635173699 161.055456351737 3.45
    endloop
  endfacet
  facet normal 0 0 1
    outer loop
      vertex 58.97218185919609 95.286541433832 3.45
      vertex 59.447620560996 95.54066871440604 3.45
      vertex 58.97218185919609 160.71345856616801 3.45
    endloop
  endfacet
  facet normal 0 0 1
    outer loop
      vertex 59.447620560996 95.54066871440604 3.45
      vertex 59.963501614455645 95.69715952110889 3.45
      vertex 59.447620560996 160.45933128559398 3.45
    endloop
  endfacet
  facet normal 0 0 1
    outer loop
      vertex 59.963501614455645 95.69715952110889 3.45
      vertex 60.5 95.75 3.45
      vertex 59.963501614455645 160.3028404788911 3.45
    endloop
  endfacet
  facet normal 0 0 1
    outer loop
      vertex 60.5 95.75 3.45
      vertex 61.036498385544355 95.69715952110889 3.45
      vertex 63.19715952110889 162.46350161445565 3.45
    endloop
  endfacet
  facet normal 0 0 1
    outer loop
      vertex 61.036498385544355 95.69715952110889 3.45
      vertex 61.552379439004 95.54066871440604 3.45
      vertex 63.19715952110889 162.46350161445565 3.45
    endloop
  endfacet
  facet normal 0 0 1
    outer loop
      vertex 63.19715952110889 93.53649838554435 3.45
      vertex 63.25 93 3.45
      vertex 63.19715952110889 162.46350161445565 3.45
    endloop
  endfacet
  facet normal 0 0 1
    outer loop
      vertex 61.552379439004 95.54066871440604 3.45
      vertex 62.0278181408039 95.286541433832 3.45
      vertex 63.19715952110889 162.46350161445565 3.45
    endloop
  endfacet
  facet normal 0 0 1
    outer loop
      vertex 62.44454364826301 94.94454364826301 3.45
      vertex 63.19715952110889 162.46350161445565 3.45
      vertex 62.0278181408039 95.286541433832 3.45
    endloop
  endfacet
  facet normal 0 0 1
    outer loop
      vertex 62.44454364826301 94.94454364826301 3.45
      vertex 62.786541433832 94.5278181408039 3.45
      vertex 63.19715952110889 162.46350161445565 3.45
    endloop
  endfacet
  facet normal 0 0 1
    outer loop
      vertex 63.19715952110889 93.53649838554435 3.45
      vertex 63.19715952110889 162.46350161445565 3.45
      vertex 63.04066871440604 94.052379439004 3.45
    endloop
  endfacet
  facet normal 0 0 1
    outer loop
      vertex 63.04066871440604 94.052379439004 3.45
      vertex 63.19715952110889 162.46350161445565 3.45
      vertex 62.786541433832 94.5278181408039 3.45
    endloop
  endfacet
  facet normal 0 0 1
    outer loop
      vertex 63.25 55 3.45
      vertex 66.23099152324686 24.995890059080402 3.45
      vertex 64.2649600206345 231.42919783337632 3.45
    endloop
  endfacet
  facet normal 0 0 1
    outer loop
      vertex 63.19715952110889 55.536498385544355 3.45
      vertex 63.25 55 3.45
      vertex 64.2649600206345 231.42919783337632 3.45
    endloop
  endfacet
  facet normal 0 0 1
    outer loop
      vertex 63.19715952110889 55.536498385544355 3.45
      vertex 64.2649600206345 231.42919783337632 3.45
      vertex 63.25 74 3.45
    endloop
  endfacet
  facet normal 0 0 1
    outer loop
      vertex 57 23 3.45
      vertex 199 23 3.45
      vertex 66.23099152324686 24.995890059080402 3.45
    endloop
  endfacet
  facet normal 0 0 1
    outer loop
      vertex 199 23 3.45
      vertex 66.25 25 3.45
      vertex 66.23099152324686 24.995890059080402 3.45
    endloop
  endfacet
  facet normal 0 0 -1
    outer loop
      vertex 57.80284047889111 93.53649838554435 0
      vertex 57.80284047889111 162.46350161445565 0
      vertex 57.95933128559396 161.947620560996 0
    endloop
  endfacet
  facet normal 0 0 -1
    outer loop
      vertex 57.95933128559396 94.052379439004 0
      vertex 57.95933128559396 161.947620560996 0
      vertex 58.213458566168 161.4721818591961 0
    endloop
  endfacet
  facet normal 0 0 -1
    outer loop
      vertex 58.213458566168 94.5278181408039 0
      vertex 58.213458566168 161.4721818591961 0
      vertex 58.55545635173699 161.055456351737 0
    endloop
  endfacet
  facet normal 0 0 -1
    outer loop
      vertex 57.75 93 0
      vertex 57.75 163 0
      vertex 57.80284047889111 162.46350161445565 0
    endloop
  endfacet
  facet normal 0 0 -1
    outer loop
      vertex 58.55545635173699 94.94454364826301 0
      vertex 58.55545635173699 161.055456351737 0
      vertex 58.97218185919609 160.71345856616801 0
    endloop
  endfacet
  facet normal 0 0 -1
    outer loop
      vertex 58.97218185919609 95.286541433832 0
      vertex 58.97218185919609 160.71345856616801 0
      vertex 59.447620560996 160.45933128559398 0
    endloop
  endfacet
  facet normal 0 0 -1
    outer loop
      vertex 59.447620560996 95.54066871440604 0
      vertex 59.447620560996 160.45933128559398 0
      vertex 59.963501614455645 160.3028404788911 0
    endloop
  endfacet
  facet normal 0 0 -1
    outer loop
      vertex 59.963501614455645 95.69715952110889 0
      vertex 59.963501614455645 160.3028404788911 0
      vertex 60.5 160.25 0
    endloop
  endfacet
  facet normal 0 0 -1
    outer loop
      vertex 60.5 95.75 0
      vertex 60.5 160.25 0
      vertex 61.036498385544355 160.3028404788911 0
    endloop
  endfacet
  facet normal 0 0 -1
    outer loop
      vertex 61.036498385544355 95.69715952110889 0
      vertex 61.036498385544355 160.3028404788911 0
      vertex 61.552379439004 160.45933128559398 0
    endloop
  endfacet
  facet normal 0 0 -1
    outer loop
      vertex 61.552379439004 95.54066871440604 0
      vertex 61.552379439004 160.45933128559398 0
      vertex 62.0278181408039 160.71345856616801 0
    endloop
  endfacet
  facet normal 0 0 -1
    outer loop
      vertex 62.0278181408039 95.286541433832 0
      vertex 62.0278181408039 160.71345856616801 0
      vertex 62.44454364826301 161.055456351737 0
    endloop
  endfacet
  facet normal 0 0 -1
    outer loop
      vertex 62.44454364826301 94.94454364826301 0
      vertex 62.44454364826301 161.055456351737 0
      vertex 62.786541433832 161.4721818591961 0
    endloop
  endfacet
  facet normal 0 0 -1
    outer loop
      vertex 62.44454364826301 94.94454364826301 0
      vertex 62.786541433832 161.4721818591961 0
      vertex 63.04066871440604 161.947620560996 0
    endloop
  endfacet
  facet normal 0 0 -1
    outer loop
      vertex 62.44454364826301 94.94454364826301 0
      vertex 63.04066871440604 161.947620560996 0
      vertex 63.19715952110889 162.46350161445565 0
    endloop
  endfacet
  facet normal 0 0 -1
    outer loop
      vertex 62.44454364826301 94.94454364826301 0
      vertex 63.19715952110889 162.46350161445565 0
      vertex 63.25 163 0
    endloop
  endfacet
  facet normal 0 0 -1
    outer loop
      vertex 54.05764415879031 25.414729033951616 0
      vertex 54 230 0
      vertex 54.05764415879031 230.5852709660484 0
    endloop
  endfacet
  facet normal 0 0 -1
    outer loop
      vertex 54.22836140246614 24.85194970290473 0
      vertex 54.05764415879031 230.5852709660484 0
      vertex 54.22836140246614 231.14805029709527 0
    endloop
  endfacet
  facet normal 0 0 -1
    outer loop
      vertex 54.50559116309236 24.333289300941193 0
      vertex 54.22836140246614 231.14805029709527 0
      vertex 54.50559116309236 231.6667106990588 0
    endloop
  endfacet
  facet normal 0 0 -1
    outer loop
      vertex 54.878679656440355 23.878679656440358 0
      vertex 54.50559116309236 231.6667106990588 0
      vertex 54.878679656440355 232.12132034355963 0
    endloop
  endfacet
  facet normal 0 0 -1
    outer loop
      vertex 55.333289300941196 23.505591163092365 0
      vertex 54.878679656440355 232.12132034355963 0
      vertex 55.333289300941196 232.49440883690764 0
    endloop
  endfacet
  facet normal 0 0 -1
    outer loop
      vertex 55.85194970290473 23.228361402466142 0
      vertex 55.333289300941196 232.49440883690764 0
      vertex 55.85194970290473 232.77163859753387 0
    endloop
  endfacet
  facet normal 0 0 -1
    outer loop
      vertex 56.414729033951616 23.05764415879031 0
      vertex 55.85194970290473 232.77163859753387 0
      vertex 56.414729033951616 232.9423558412097 0
    endloop
  endfacet
  facet normal 0 0 -1
    outer loop
      vertex 57 23 0
      vertex 56.414729033951616 232.9423558412097 0
      vertex 57 233 0
    endloop
  endfacet
  facet normal 0 0 -1
    outer loop
      vertex 57.75 93 0
      vertex 57 233 0
      vertex 57.75 163 0
    endloop
  endfacet
  facet normal 0 0 -1
    outer loop
      vertex 57.75 163 0
      vertex 57.80284047889111 181.46350161445565 0
      vertex 57.80284047889111 163.53649838554435 0
    endloop
  endfacet
  facet normal 0 0 -1
    outer loop
      vertex 57.80284047889111 163.53649838554435 0
      vertex 57.95933128559396 180.947620560996 0
      vertex 57.95933128559396 164.052379439004 0
    endloop
  endfacet
  facet normal 0 0 -1
    outer loop
      vertex 57.95933128559396 164.052379439004 0
      vertex 58.213458566168 180.4721818591961 0
      vertex 58.213458566168 164.5278181408039 0
    endloop
  endfacet
  facet normal 0 0 -1
    outer loop
      vertex 58.213458566168 164.5278181408039 0
      vertex 58.55545635173699 180.055456351737 0
      vertex 58.55545635173699 164.944543648263 0
    endloop
  endfacet
  facet normal 0 0 -1
    outer loop
      vertex 57.95933128559396 164.052379439004 0
      vertex 57.95933128559396 180.947620560996 0
      vertex 58.213458566168 180.4721818591961 0
    endloop
  endfacet
  facet normal 0 0 -1
    outer loop
      vertex 57.80284047889111 163.53649838554435 0
      vertex 57.80284047889111 181.46350161445565 0
      vertex 57.95933128559396 180.947620560996 0
    endloop
  endfacet
  facet normal 0 0 -1
    outer loop
      vertex 57.75 163 0
      vertex 57.75 182 0
      vertex 57.80284047889111 181.46350161445565 0
    endloop
  endfacet
  facet normal 0 0 -1
    outer loop
      vertex 58.213458566168 164.5278181408039 0
      vertex 58.213458566168 180.4721818591961 0
      vertex 58.55545635173699 180.055456351737 0
    endloop
  endfacet
  facet normal 0 0 -1
    outer loop
      vertex 58.55545635173699 164.944543648263 0
      vertex 58.97218185919609 179.71345856616801 0
      vertex 58.97218185919609 165.28654143383199 0
    endloop
  endfacet
  facet normal 0 0 -1
    outer loop
      vertex 58.97218185919609 165.28654143383199 0
      vertex 59.447620560996 179.45933128559398 0
      vertex 59.447620560996 165.54066871440602 0
    endloop
  endfacet
  facet normal 0 0 -1
    outer loop
      vertex 59.447620560996 165.54066871440602 0
      vertex 59.963501614455645 179.3028404788911 0
      vertex 59.963501614455645 165.6971595211089 0
    endloop
  endfacet
  facet normal 0 0 -1
    outer loop
      vertex 59.963501614455645 165.6971595211089 0
      vertex 60.5 179.25 0
      vertex 60.5 165.75 0
    endloop
  endfacet
  facet normal 0 0 -1
    outer loop
      vertex 60.5 165.75 0
      vertex 61.036498385544355 179.3028404788911 0
      vertex 61.036498385544355 165.6971595211089 0
    endloop
  endfacet
  facet normal 0 0 -1
    outer loop
      vertex 61.036498385544355 165.6971595211089 0
      vertex 61.552379439004 179.45933128559398 0
      vertex 61.552379439004 165.54066871440602 0
    endloop
  endfacet
  facet normal 0 0 -1
    outer loop
      vertex 61.552379439004 165.54066871440602 0
      vertex 62.0278181408039 179.71345856616801 0
      vertex 62.0278181408039 165.28654143383199 0
    endloop
  endfacet
  facet normal 0 0 -1
    outer loop
      vertex 62.0278181408039 165.28654143383199 0
      vertex 62.44454364826301 180.055456351737 0
      vertex 62.44454364826301 164.944543648263 0
    endloop
  endfacet
  facet normal 0 0 -1
    outer loop
      vertex 63.19715952110889 163.53649838554435 0
      vertex 63.04066871440604 164.052379439004 0
      vertex 63.19715952110889 181.46350161445565 0
    endloop
  endfacet
  facet normal 0 0 -1
    outer loop
      vertex 62.44454364826301 164.944543648263 0
      vertex 62.786541433832 180.4721818591961 0
      vertex 62.786541433832 164.5278181408039 0
    endloop
  endfacet
  facet normal 0 0 -1
    outer loop
      vertex 63.04066871440604 164.052379439004 0
      vertex 62.786541433832 164.5278181408039 0
      vertex 63.04066871440604 180.947620560996 0
    endloop
  endfacet
  facet normal 0 0 -1
    outer loop
      vertex 58.55545635173699 164.944543648263 0
      vertex 58.55545635173699 180.055456351737 0
      vertex 58.97218185919609 179.71345856616801 0
    endloop
  endfacet
  facet normal 0 0 -1
    outer loop
      vertex 58.97218185919609 165.28654143383199 0
      vertex 58.97218185919609 179.71345856616801 0
      vertex 59.447620560996 179.45933128559398 0
    endloop
  endfacet
  facet normal 0 0 -1
    outer loop
      vertex 59.447620560996 165.54066871440602 0
      vertex 59.447620560996 179.45933128559398 0
      vertex 59.963501614455645 179.3028404788911 0
    endloop
  endfacet
  facet normal 0 0 -1
    outer loop
      vertex 59.963501614455645 165.6971595211089 0
      vertex 59.963501614455645 179.3028404788911 0
      vertex 60.5 179.25 0
    endloop
  endfacet
  facet normal 0 0 -1
    outer loop
      vertex 60.5 165.75 0
      vertex 60.5 179.25 0
      vertex 61.036498385544355 179.3028404788911 0
    endloop
  endfacet
  facet normal 0 0 -1
    outer loop
      vertex 61.036498385544355 165.6971595211089 0
      vertex 61.036498385544355 179.3028404788911 0
      vertex 61.552379439004 179.45933128559398 0
    endloop
  endfacet
  facet normal 0 0 -1
    outer loop
      vertex 61.552379439004 165.54066871440602 0
      vertex 61.552379439004 179.45933128559398 0
      vertex 62.0278181408039 179.71345856616801 0
    endloop
  endfacet
  facet normal 0 0 -1
    outer loop
      vertex 62.0278181408039 165.28654143383199 0
      vertex 62.0278181408039 179.71345856616801 0
      vertex 62.44454364826301 180.055456351737 0
    endloop
  endfacet
  facet normal 0 0 -1
    outer loop
      vertex 62.44454364826301 164.944543648263 0
      vertex 62.44454364826301 180.055456351737 0
      vertex 62.786541433832 180.4721818591961 0
    endloop
  endfacet
  facet normal 0 0 -1
    outer loop
      vertex 62.786541433832 164.5278181408039 0
      vertex 62.786541433832 180.4721818591961 0
      vertex 63.04066871440604 180.947620560996 0
    endloop
  endfacet
  facet normal 0 0 -1
    outer loop
      vertex 63.04066871440604 164.052379439004 0
      vertex 63.04066871440604 180.947620560996 0
      vertex 63.19715952110889 181.46350161445565 0
    endloop
  endfacet
  facet normal -1 0 0
    outer loop
      vertex 54 26 0
      vertex 54 230 3.45
      vertex 54 230 0
    endloop
  endfacet
  facet normal 0 0 -1
    outer loop
      vertex 57.75 182 0
      vertex 57.75 201 0
      vertex 57.80284047889111 182.53649838554435 0
    endloop
  endfacet
  facet normal 0 0 -1
    outer loop
      vertex 57.80284047889111 182.53649838554435 0
      vertex 57.80284047889111 200.46350161445565 0
      vertex 57.95933128559396 183.052379439004 0
    endloop
  endfacet
  facet normal 0 0 -1
    outer loop
      vertex 57.95933128559396 183.052379439004 0
      vertex 57.95933128559396 199.947620560996 0
      vertex 58.213458566168 183.5278181408039 0
    endloop
  endfacet
  facet normal 0 0 -1
    outer loop
      vertex 58.213458566168 183.5278181408039 0
      vertex 58.213458566168 199.4721818591961 0
      vertex 58.55545635173699 183.944543648263 0
    endloop
  endfacet
  facet normal 0 0 -1
    outer loop
      vertex 57.75 163 0
      vertex 57 233 0
      vertex 57.75 182 0
    endloop
  endfacet
  facet normal 0 0 -1
    outer loop
      vertex 58.55545635173699 183.944543648263 0
      vertex 58.97218185919609 198.71345856616801 0
      vertex 58.97218185919609 184.28654143383199 0
    endloop
  endfacet
  facet normal 0 0 -1
    outer loop
      vertex 58.97218185919609 184.28654143383199 0
      vertex 58.97218185919609 198.71345856616801 0
      vertex 59.447620560996 184.54066871440602 0
    endloop
  endfacet
  facet normal 0 0 -1
    outer loop
      vertex 59.447620560996 184.54066871440602 0
      vertex 58.97218185919609 198.71345856616801 0
      vertex 59.963501614455645 184.6971595211089 0
    endloop
  endfacet
  facet normal 0 0 -1
    outer loop
      vertex 59.963501614455645 184.6971595211089 0
      vertex 58.97218185919609 198.71345856616801 0
      vertex 60.5 184.75 0
    endloop
  endfacet
  facet normal 0 0 -1
    outer loop
      vertex 60.5 184.75 0
      vertex 58.97218185919609 198.71345856616801 0
      vertex 61.036498385544355 184.6971595211089 0
    endloop
  endfacet
  facet normal 0 0 -1
    outer loop
      vertex 61.036498385544355 184.6971595211089 0
      vertex 58.97218185919609 198.71345856616801 0
      vertex 61.552379439004 184.54066871440602 0
    endloop
  endfacet
  facet normal 0 0 -1
    outer loop
      vertex 61.552379439004 184.54066871440602 0
      vertex 58.97218185919609 198.71345856616801 0
      vertex 62.0278181408039 184.28654143383199 0
    endloop
  endfacet
  facet normal 0 0 -1
    outer loop
      vertex 62.0278181408039 184.28654143383199 0
      vertex 58.97218185919609 198.71345856616801 0
      vertex 62.44454364826301 183.944543648263 0
    endloop
  endfacet
  facet normal 0 0 -1
    outer loop
      vertex 57.80284047889111 182.53649838554435 0
      vertex 57.75 201 0
      vertex 57.80284047889111 200.46350161445565 0
    endloop
  endfacet
  facet normal 0 0 -1
    outer loop
      vertex 57.95933128559396 183.052379439004 0
      vertex 57.80284047889111 200.46350161445565 0
      vertex 57.95933128559396 199.947620560996 0
    endloop
  endfacet
  facet normal 0 0 -1
    outer loop
      vertex 58.213458566168 183.5278181408039 0
      vertex 57.95933128559396 199.947620560996 0
      vertex 58.213458566168 199.4721818591961 0
    endloop
  endfacet
  facet normal 0 0 -1
    outer loop
      vertex 58.55545635173699 183.944543648263 0
      vertex 58.213458566168 199.4721818591961 0
      vertex 58.55545635173699 199.055456351737 0
    endloop
  endfacet
  facet normal 0 0 -1
    outer loop
      vertex 57.75 182 0
      vertex 57 233 0
      vertex 57.75 201 0
    endloop
  endfacet
  facet normal 0 0 -1
    outer loop
      vertex 58.55545635173699 183.944543648263 0
      vertex 58.55545635173699 199.055456351737 0
      vertex 58.97218185919609 198.71345856616801 0
    endloop
  endfacet
  facet normal 0 0 -1
    outer loop
      vertex 57.75 201 0
      vertex 57 233 0
      vertex 57.80284047889111 201.53649838554435 0
    endloop
  endfacet
  facet normal 0 0 -1
    outer loop
      vertex 57.80284047889111 201.53649838554435 0
      vertex 57 233 0
      vertex 57.95933128559396 202.052379439004 0
    endloop
  endfacet
  facet normal 0 0 -1
    outer loop
      vertex 57.95933128559396 202.052379439004 0
      vertex 57 233 0
      vertex 58.213458566168 202.5278181408039 0
    endloop
  endfacet
  facet normal 0 0 -1
    outer loop
      vertex 58.213458566168 202.5278181408039 0
      vertex 57 233 0
      vertex 58.55545635173699 202.944543648263 0
    endloop
  endfacet
  facet normal 0 0 -1
    outer loop
      vertex 58.55545635173699 202.944543648263 0
      vertex 57 233 0
      vertex 58.97218185919609 203.28654143383199 0
    endloop
  endfacet
  facet normal 0 0 -1
    outer loop
      vertex 58.97218185919609 203.28654143383199 0
      vertex 57 233 0
      vertex 59.447620560996 203.54066871440602 0
    endloop
  endfacet
  facet normal 0 0 -1
    outer loop
      vertex 62.0278181408039 203.28654143383199 0
      vertex 61.552379439004 203.54066871440602 0
      vertex 57 233 0
    endloop
  endfacet
  facet normal 0 0 -1
    outer loop
      vertex 62.0278181408039 203.28654143383199 0
      vertex 57 233 0
      vertex 62.44454364826301 202.944543648263 0
    endloop
  endfacet
  facet normal 0 0 -1
    outer loop
      vertex 62.44454364826301 202.944543648263 0
      vertex 57 233 0
      vertex 62.786541433832 202.5278181408039 0
    endloop
  endfacet
  facet normal 0 0 -1
    outer loop
      vertex 59.447620560996 203.54066871440602 0
      vertex 57 233 0
      vertex 59.963501614455645 203.6971595211089 0
    endloop
  endfacet
  facet normal 0 0 -1
    outer loop
      vertex 59.963501614455645 203.6971595211089 0
      vertex 57 233 0
      vertex 60.5 203.75 0
    endloop
  endfacet
  facet normal 0 0 -1
    outer loop
      vertex 60.5 203.75 0
      vertex 57 233 0
      vertex 61.036498385544355 203.6971595211089 0
    endloop
  endfacet
  facet normal 0 0 -1
    outer loop
      vertex 61.036498385544355 203.6971595211089 0
      vertex 57 233 0
      vertex 61.552379439004 203.54066871440602 0
    endloop
  endfacet
  facet normal -0.9951847266721968 0.09801714032956148 1.0985630032173365e-18
    outer loop
      vertex 54 230 0
      vertex 54.05764415879031 230.5852709660484 3.45
      vertex 54.05764415879031 230.5852709660484 0
    endloop
  endfacet
  facet normal -0.9569403357322066 0.29028467725447005 -6.839632851636487e-19
    outer loop
      vertex 54.05764415879031 230.5852709660484 0
      vertex 54.22836140246614 231.14805029709527 3.45
      vertex 54.22836140246614 231.14805029709527 0
    endloop
  endfacet
  facet normal -0.8819212643483554 0.471396736825997 -1.4037433756383648e-18
    outer loop
      vertex 54.22836140246614 231.14805029709527 0
      vertex 54.50559116309236 231.6667106990588 3.45
      vertex 54.50559116309236 231.6667106990588 0
    endloop
  endfacet
  facet normal -0.7730104533627364 0.6343932841636463 -6.359871452886192e-18
    outer loop
      vertex 54.50559116309236 231.6667106990588 0
      vertex 54.878679656440355 232.12132034355963 3.45
      vertex 54.878679656440355 232.12132034355963 0
    endloop
  endfacet
  facet normal -0.6343932841636548 0.7730104533627293 -2.6555032590193377e-18
    outer loop
      vertex 54.878679656440355 232.12132034355963 0
      vertex 55.333289300941196 232.49440883690764 3.45
      vertex 55.333289300941196 232.49440883690764 0
    endloop
  endfacet
  facet normal -0.47139673682600136 0.881921264348353 -4.852657398218306e-18
    outer loop
      vertex 55.333289300941196 232.49440883690764 0
      vertex 55.85194970290473 232.77163859753387 3.45
      vertex 55.85194970290473 232.77163859753387 0
    endloop
  endfacet
  facet normal -0.2902846772544523 0.9569403357322118 -2.9312708950068497e-18
    outer loop
      vertex 55.85194970290473 232.77163859753387 0
      vertex 56.414729033951616 232.9423558412097 3.45
      vertex 56.414729033951616 232.9423558412097 0
    endloop
  endfacet
  facet normal -0.09801714032956385 0.9951847266721967 9.096553512711798e-19
    outer loop
      vertex 56.414729033951616 232.9423558412097 0
      vertex 57 233 3.45
      vertex 57 233 0
    endloop
  endfacet
  facet normal 0 0 -1
    outer loop
      vertex 62.786541433832 183.5278181408039 0
      vertex 199 23 0
      vertex 63.04066871440604 183.052379439004 0
    endloop
  endfacet
  facet normal 0 0 -1
    outer loop
      vertex 62.786541433832 183.5278181408039 0
      vertex 62.44454364826301 183.944543648263 0
      vertex 199 23 0
    endloop
  endfacet
  facet normal 0 0 -1
    outer loop
      vertex 63.19715952110889 181.46350161445565 0
      vertex 63.25 182 0
      vertex 199 23 0
    endloop
  endfacet
  facet normal 0 0 -1
    outer loop
      vertex 63.19715952110889 182.53649838554435 0
      vertex 199 23 0
      vertex 63.25 182 0
    endloop
  endfacet
  facet normal 0 0 -1
    outer loop
      vertex 63.19715952110889 182.53649838554435 0
      vertex 63.04066871440604 183.052379439004 0
      vertex 199 23 0
    endloop
  endfacet
  facet normal 0 0 -1
    outer loop
      vertex 62.44454364826301 183.944543648263 0
      vertex 58.97218185919609 198.71345856616801 0
      vertex 199 23 0
    endloop
  endfacet
  facet normal 0 0 -1
    outer loop
      vertex 59.447620560996 198.45933128559398 0
      vertex 199 23 0
      vertex 58.97218185919609 198.71345856616801 0
    endloop
  endfacet
  facet normal 0 0 -1
    outer loop
      vertex 59.447620560996 198.45933128559398 0
      vertex 59.963501614455645 198.3028404788911 0
      vertex 199 23 0
    endloop
  endfacet
  facet normal 0 0 -1
    outer loop
      vertex 59.963501614455645 198.3028404788911 0
      vertex 60.5 198.25 0
      vertex 199 23 0
    endloop
  endfacet
  facet normal 0 0 -1
    outer loop
      vertex 60.5 198.25 0
      vertex 61.036498385544355 198.3028404788911 0
      vertex 199 23 0
    endloop
  endfacet
  facet normal 0 0 -1
    outer loop
      vertex 61.036498385544355 198.3028404788911 0
      vertex 61.552379439004 198.45933128559398 0
      vertex 199 23 0
    endloop
  endfacet
  facet normal 0 0 -1
    outer loop
      vertex 61.552379439004 198.45933128559398 0
      vertex 62.0278181408039 198.71345856616801 0
      vertex 199 23 0
    endloop
  endfacet
  facet normal 0 0 -1
    outer loop
      vertex 62.0278181408039 198.71345856616801 0
      vertex 62.44454364826301 199.055456351737 0
      vertex 199 23 0
    endloop
  endfacet
  facet normal 0 0 -1
    outer loop
      vertex 62.44454364826301 199.055456351737 0
      vertex 62.786541433832 199.4721818591961 0
      vertex 199 23 0
    endloop
  endfacet
  facet normal 0 0 -1
    outer loop
      vertex 62.786541433832 199.4721818591961 0
      vertex 63.04066871440604 199.947620560996 0
      vertex 199 23 0
    endloop
  endfacet
  facet normal 0 0 -1
    outer loop
      vertex 62.786541433832 202.5278181408039 0
      vertex 199 23 0
      vertex 63.04066871440604 202.052379439004 0
    endloop
  endfacet
  facet normal 0 0 -1
    outer loop
      vertex 63.04066871440604 199.947620560996 0
      vertex 63.19715952110889 200.46350161445565 0
      vertex 199 23 0
    endloop
  endfacet
  facet normal 0 0 -1
    outer loop
      vertex 63.19715952110889 200.46350161445565 0
      vertex 63.25 201 0
      vertex 199 23 0
    endloop
  endfacet
  facet normal 0 0 -1
    outer loop
      vertex 63.19715952110889 201.53649838554435 0
      vertex 199 23 0
      vertex 63.25 201 0
    endloop
  endfacet
  facet normal 0 0 -1
    outer loop
      vertex 63.19715952110889 201.53649838554435 0
      vertex 63.04066871440604 202.052379439004 0
      vertex 199 23 0
    endloop
  endfacet
  facet normal 0 0 -1
    outer loop
      vertex 62.786541433832 202.5278181408039 0
      vertex 57 233 0
      vertex 199 23 0
    endloop
  endfacet
  facet normal 0 0 1
    outer loop
      vertex 57 23 3.45
      vertex 57.75 182 3.45
      vertex 57.80284047889111 200.46350161445565 3.45
    endloop
  endfacet
  facet normal 0 0 1
    outer loop
      vertex 58.213458566168 94.5278181408039 3.45
      vertex 58.213458566168 161.4721818591961 3.45
      vertex 57.95933128559396 161.947620560996 3.45
    endloop
  endfacet
  facet normal 0 0 1
    outer loop
      vertex 58.55545635173699 94.94454364826301 3.45
      vertex 58.55545635173699 161.055456351737 3.45
      vertex 58.213458566168 161.4721818591961 3.45
    endloop
  endfacet
  facet normal 0 0 1
    outer loop
      vertex 57.80284047889111 93.53649838554435 3.45
      vertex 57.80284047889111 162.46350161445565 3.45
      vertex 57.75 163 3.45
    endloop
  endfacet
  facet normal 0 0 1
    outer loop
      vertex 57.95933128559396 94.052379439004 3.45
      vertex 57.95933128559396 161.947620560996 3.45
      vertex 57.80284047889111 162.46350161445565 3.45
    endloop
  endfacet
  facet normal 0 0 1
    outer loop
      vertex 58.97218185919609 95.286541433832 3.45
      vertex 58.97218185919609 160.71345856616801 3.45
      vertex 58.55545635173699 161.055456351737 3.45
    endloop
  endfacet
  facet normal 0 0 1
    outer loop
      vertex 59.447620560996 95.54066871440604 3.45
      vertex 59.447620560996 160.45933128559398 3.45
      vertex 58.97218185919609 160.71345856616801 3.45
    endloop
  endfacet
  facet normal 0 0 1
    outer loop
      vertex 59.963501614455645 95.69715952110889 3.45
      vertex 59.963501614455645 160.3028404788911 3.45
      vertex 59.447620560996 160.45933128559398 3.45
    endloop
  endfacet
  facet normal 0 0 1
    outer loop
      vertex 60.5 95.75 3.45
      vertex 60.5 160.25 3.45
      vertex 59.963501614455645 160.3028404788911 3.45
    endloop
  endfacet
  facet normal 0 0 1
    outer loop
      vertex 60.5 95.75 3.45
      vertex 61.036498385544355 160.3028404788911 3.45
      vertex 60.5 160.25 3.45
    endloop
  endfacet
  facet normal 0 0 1
    outer loop
      vertex 60.5 95.75 3.45
      vertex 61.552379439004 160.45933128559398 3.45
      vertex 61.036498385544355 160.3028404788911 3.45
    endloop
  endfacet
  facet normal 0 0 1
    outer loop
      vertex 60.5 95.75 3.45
      vertex 62.0278181408039 160.71345856616801 3.45
      vertex 61.552379439004 160.45933128559398 3.45
    endloop
  endfacet
  facet normal 0 0 1
    outer loop
      vertex 60.5 95.75 3.45
      vertex 62.44454364826301 161.055456351737 3.45
      vertex 62.0278181408039 160.71345856616801 3.45
    endloop
  endfacet
  facet normal 0 0 1
    outer loop
      vertex 60.5 95.75 3.45
      vertex 62.786541433832 161.4721818591961 3.45
      vertex 62.44454364826301 161.055456351737 3.45
    endloop
  endfacet
  facet normal 0 0 1
    outer loop
      vertex 60.5 95.75 3.45
      vertex 63.04066871440604 161.947620560996 3.45
      vertex 62.786541433832 161.4721818591961 3.45
    endloop
  endfacet
  facet normal 0 0 1
    outer loop
      vertex 60.5 95.75 3.45
      vertex 63.19715952110889 162.46350161445565 3.45
      vertex 63.04066871440604 161.947620560996 3.45
    endloop
  endfacet
  facet normal 0 0 1
    outer loop
      vertex 63.25 93 3.45
      vertex 63.25 163 3.45
      vertex 63.19715952110889 162.46350161445565 3.45
    endloop
  endfacet
  facet normal 0 0 1
    outer loop
      vertex 57 23 3.45
      vertex 57.80284047889111 200.46350161445565 3.45
      vertex 57.75 201 3.45
    endloop
  endfacet
  facet normal 0 0 1
    outer loop
      vertex 57 23 3.45
      vertex 57.75 201 3.45
      vertex 57 233 3.45
    endloop
  endfacet
  facet normal 0 0 1
    outer loop
      vertex 63.25 74 3.45
      vertex 64.2649600206345 231.42919783337632 3.45
      vertex 63.25 93 3.45
    endloop
  endfacet
  facet normal 0 0 1
    outer loop
      vertex 54.05764415879031 25.414729033951616 3.45
      vertex 54.05764415879031 230.5852709660484 3.45
      vertex 54 230 3.45
    endloop
  endfacet
  facet normal 0 0 1
    outer loop
      vertex 54.22836140246614 24.85194970290473 3.45
      vertex 54.22836140246614 231.14805029709527 3.45
      vertex 54.05764415879031 230.5852709660484 3.45
    endloop
  endfacet
  facet normal 0 0 1
    outer loop
      vertex 54.50559116309236 24.333289300941193 3.45
      vertex 54.50559116309236 231.6667106990588 3.45
      vertex 54.22836140246614 231.14805029709527 3.45
    endloop
  endfacet
  facet normal 0 0 1
    outer loop
      vertex 54.878679656440355 23.878679656440358 3.45
      vertex 54.878679656440355 232.12132034355963 3.45
      vertex 54.50559116309236 231.6667106990588 3.45
    endloop
  endfacet
  facet normal 0 0 1
    outer loop
      vertex 55.333289300941196 23.505591163092365 3.45
      vertex 55.333289300941196 232.49440883690764 3.45
      vertex 54.878679656440355 232.12132034355963 3.45
    endloop
  endfacet
  facet normal 0 0 1
    outer loop
      vertex 55.85194970290473 23.228361402466142 3.45
      vertex 55.85194970290473 232.77163859753387 3.45
      vertex 55.333289300941196 232.49440883690764 3.45
    endloop
  endfacet
  facet normal 0 0 1
    outer loop
      vertex 56.414729033951616 23.05764415879031 3.45
      vertex 56.414729033951616 232.9423558412097 3.45
      vertex 55.85194970290473 232.77163859753387 3.45
    endloop
  endfacet
  facet normal 0 0 1
    outer loop
      vertex 57 23 3.45
      vertex 57 233 3.45
      vertex 56.414729033951616 232.9423558412097 3.45
    endloop
  endfacet
  facet normal 0 0 1
    outer loop
      vertex 57.75 163 3.45
      vertex 57.80284047889111 163.53649838554435 3.45
      vertex 57.75 182 3.45
    endloop
  endfacet
  facet normal 0 0 1
    outer loop
      vertex 57.80284047889111 163.53649838554435 3.45
      vertex 57.95933128559396 164.052379439004 3.45
      vertex 57.80284047889111 181.46350161445565 3.45
    endloop
  endfacet
  facet normal 0 0 1
    outer loop
      vertex 57.95933128559396 164.052379439004 3.45
      vertex 58.213458566168 164.5278181408039 3.45
      vertex 57.95933128559396 180.947620560996 3.45
    endloop
  endfacet
  facet normal 0 0 1
    outer loop
      vertex 58.213458566168 164.5278181408039 3.45
      vertex 58.55545635173699 164.944543648263 3.45
      vertex 58.213458566168 180.4721818591961 3.45
    endloop
  endfacet
  facet normal 0 0 1
    outer loop
      vertex 57.95933128559396 164.052379439004 3.45
      vertex 57.95933128559396 180.947620560996 3.45
      vertex 57.80284047889111 181.46350161445565 3.45
    endloop
  endfacet
  facet normal 0 0 1
    outer loop
      vertex 58.213458566168 164.5278181408039 3.45
      vertex 58.213458566168 180.4721818591961 3.45
      vertex 57.95933128559396 180.947620560996 3.45
    endloop
  endfacet
  facet normal 0 0 1
    outer loop
      vertex 58.55545635173699 164.944543648263 3.45
      vertex 58.55545635173699 180.055456351737 3.45
      vertex 58.213458566168 180.4721818591961 3.45
    endloop
  endfacet
  facet normal 0 0 1
    outer loop
      vertex 57.80284047889111 163.53649838554435 3.45
      vertex 57.80284047889111 181.46350161445565 3.45
      vertex 57.75 182 3.45
    endloop
  endfacet
  facet normal 0 0 1
    outer loop
      vertex 58.55545635173699 164.944543648263 3.45
      vertex 58.97218185919609 165.28654143383199 3.45
      vertex 58.55545635173699 180.055456351737 3.45
    endloop
  endfacet
  facet normal 0 0 1
    outer loop
      vertex 58.97218185919609 165.28654143383199 3.45
      vertex 59.447620560996 165.54066871440602 3.45
      vertex 58.97218185919609 179.71345856616801 3.45
    endloop
  endfacet
  facet normal 0 0 1
    outer loop
      vertex 59.447620560996 165.54066871440602 3.45
      vertex 59.963501614455645 165.6971595211089 3.45
      vertex 59.447620560996 179.45933128559398 3.45
    endloop
  endfacet
  facet normal 0 0 1
    outer loop
      vertex 59.963501614455645 165.6971595211089 3.45
      vertex 60.5 165.75 3.45
      vertex 59.963501614455645 179.3028404788911 3.45
    endloop
  endfacet
  facet normal 0 0 1
    outer loop
      vertex 60.5 165.75 3.45
      vertex 61.036498385544355 165.6971595211089 3.45
      vertex 60.5 179.25 3.45
    endloop
  endfacet
  facet normal 0 0 1
    outer loop
      vertex 61.036498385544355 165.6971595211089 3.45
      vertex 61.552379439004 165.54066871440602 3.45
      vertex 61.036498385544355 179.3028404788911 3.45
    endloop
  endfacet
  facet normal 0 0 1
    outer loop
      vertex 61.552379439004 165.54066871440602 3.45
      vertex 62.0278181408039 165.28654143383199 3.45
      vertex 61.552379439004 179.45933128559398 3.45
    endloop
  endfacet
  facet normal 0 0 1
    outer loop
      vertex 62.0278181408039 165.28654143383199 3.45
      vertex 62.44454364826301 164.944543648263 3.45
      vertex 62.0278181408039 179.71345856616801 3.45
    endloop
  endfacet
  facet normal 0 0 1
    outer loop
      vertex 62.44454364826301 164.944543648263 3.45
      vertex 62.786541433832 164.5278181408039 3.45
      vertex 62.44454364826301 180.055456351737 3.45
    endloop
  endfacet
  facet normal 0 0 1
    outer loop
      vertex 63.04066871440604 164.052379439004 3.45
      vertex 62.786541433832 180.4721818591961 3.45
      vertex 62.786541433832 164.5278181408039 3.45
    endloop
  endfacet
  facet normal 0 0 1
    outer loop
      vertex 63.19715952110889 163.53649838554435 3.45
      vertex 63.25 163 3.45
      vertex 63.19715952110889 181.46350161445565 3.45
    endloop
  endfacet
  facet normal 0 0 1
    outer loop
      vertex 63.19715952110889 163.53649838554435 3.45
      vertex 63.04066871440604 180.947620560996 3.45
      vertex 63.04066871440604 164.052379439004 3.45
    endloop
  endfacet
  facet normal 0 0 1
    outer loop
      vertex 58.97218185919609 165.28654143383199 3.45
      vertex 58.97218185919609 179.71345856616801 3.45
      vertex 58.55545635173699 180.055456351737 3.45
    endloop
  endfacet
  facet normal 0 0 1
    outer loop
      vertex 59.447620560996 165.54066871440602 3.45
      vertex 59.447620560996 179.45933128559398 3.45
      vertex 58.97218185919609 179.71345856616801 3.45
    endloop
  endfacet
  facet normal 0 0 1
    outer loop
      vertex 59.963501614455645 165.6971595211089 3.45
      vertex 59.963501614455645 179.3028404788911 3.45
      vertex 59.447620560996 179.45933128559398 3.45
    endloop
  endfacet
  facet normal 0 0 1
    outer loop
      vertex 60.5 165.75 3.45
      vertex 60.5 179.25 3.45
      vertex 59.963501614455645 179.3028404788911 3.45
    endloop
  endfacet
  facet normal 0 0 1
    outer loop
      vertex 61.036498385544355 165.6971595211089 3.45
      vertex 61.036498385544355 179.3028404788911 3.45
      vertex 60.5 179.25 3.45
    endloop
  endfacet
  facet normal 0 0 1
    outer loop
      vertex 61.552379439004 165.54066871440602 3.45
      vertex 61.552379439004 179.45933128559398 3.45
      vertex 61.036498385544355 179.3028404788911 3.45
    endloop
  endfacet
  facet normal 0 0 1
    outer loop
      vertex 62.0278181408039 165.28654143383199 3.45
      vertex 62.0278181408039 179.71345856616801 3.45
      vertex 61.552379439004 179.45933128559398 3.45
    endloop
  endfacet
  facet normal 0 0 1
    outer loop
      vertex 62.44454364826301 164.944543648263 3.45
      vertex 62.44454364826301 180.055456351737 3.45
      vertex 62.0278181408039 179.71345856616801 3.45
    endloop
  endfacet
  facet normal 0 0 1
    outer loop
      vertex 62.786541433832 164.5278181408039 3.45
      vertex 62.786541433832 180.4721818591961 3.45
      vertex 62.44454364826301 180.055456351737 3.45
    endloop
  endfacet
  facet normal 0 0 1
    outer loop
      vertex 63.04066871440604 164.052379439004 3.45
      vertex 63.04066871440604 180.947620560996 3.45
      vertex 62.786541433832 180.4721818591961 3.45
    endloop
  endfacet
  facet normal 0 0 1
    outer loop
      vertex 63.19715952110889 163.53649838554435 3.45
      vertex 63.19715952110889 181.46350161445565 3.45
      vertex 63.04066871440604 180.947620560996 3.45
    endloop
  endfacet
  facet normal 0 0 1
    outer loop
      vertex 63.25 163 3.45
      vertex 63.25 182 3.45
      vertex 63.19715952110889 181.46350161445565 3.45
    endloop
  endfacet
  facet normal 0 0 1
    outer loop
      vertex 63.25 93 3.45
      vertex 64.2649600206345 231.42919783337632 3.45
      vertex 63.25 163 3.45
    endloop
  endfacet
  facet normal -0.9951847266721968 0.09801714032956148 0
    outer loop
      vertex 54 230 0
      vertex 54 230 3.45
      vertex 54.05764415879031 230.5852709660484 3.45
    endloop
  endfacet
  facet normal -0.9569403357322066 0.29028467725447005 0
    outer loop
      vertex 54.05764415879031 230.5852709660484 0
      vertex 54.05764415879031 230.5852709660484 3.45
      vertex 54.22836140246614 231.14805029709527 3.45
    endloop
  endfacet
  facet normal -0.8819212643483554 0.471396736825997 0
    outer loop
      vertex 54.22836140246614 231.14805029709527 0
      vertex 54.22836140246614 231.14805029709527 3.45
      vertex 54.50559116309236 231.6667106990588 3.45
    endloop
  endfacet
  facet normal -0.7730104533627364 0.6343932841636463 0
    outer loop
      vertex 54.50559116309236 231.6667106990588 0
      vertex 54.50559116309236 231.6667106990588 3.45
      vertex 54.878679656440355 232.12132034355963 3.45
    endloop
  endfacet
  facet normal -0.6343932841636548 0.7730104533627293 0
    outer loop
      vertex 54.878679656440355 232.12132034355963 0
      vertex 54.878679656440355 232.12132034355963 3.45
      vertex 55.333289300941196 232.49440883690764 3.45
    endloop
  endfacet
  facet normal -0.47139673682600136 0.881921264348353 0
    outer loop
      vertex 55.333289300941196 232.49440883690764 0
      vertex 55.333289300941196 232.49440883690764 3.45
      vertex 55.85194970290473 232.77163859753387 3.45
    endloop
  endfacet
  facet normal -0.2902846772544523 0.9569403357322118 0
    outer loop
      vertex 55.85194970290473 232.77163859753387 0
      vertex 55.85194970290473 232.77163859753387 3.45
      vertex 56.414729033951616 232.9423558412097 3.45
    endloop
  endfacet
  facet normal -0.09801714032956385 0.9951847266721967 0
    outer loop
      vertex 56.414729033951616 232.9423558412097 0
      vertex 56.414729033951616 232.9423558412097 3.45
      vertex 57 233 3.45
    endloop
  endfacet
  facet normal 0 0 1
    outer loop
      vertex 57.75 182 3.45
      vertex 57.80284047889111 182.53649838554435 3.45
      vertex 57.80284047889111 200.46350161445565 3.45
    endloop
  endfacet
  facet normal 0 0 1
    outer loop
      vertex 57.80284047889111 182.53649838554435 3.45
      vertex 57.95933128559396 183.052379439004 3.45
      vertex 57.80284047889111 200.46350161445565 3.45
    endloop
  endfacet
  facet normal 0 0 1
    outer loop
      vertex 57.95933128559396 183.052379439004 3.45
      vertex 58.213458566168 183.5278181408039 3.45
      vertex 57.95933128559396 199.947620560996 3.45
    endloop
  endfacet
  facet normal 0 0 1
    outer loop
      vertex 58.213458566168 183.5278181408039 3.45
      vertex 58.55545635173699 183.944543648263 3.45
      vertex 58.213458566168 199.4721818591961 3.45
    endloop
  endfacet
  facet normal 0 0 1
    outer loop
      vertex 58.55545635173699 183.944543648263 3.45
      vertex 58.97218185919609 184.28654143383199 3.45
      vertex 58.55545635173699 199.055456351737 3.45
    endloop
  endfacet
  facet normal 0 0 1
    outer loop
      vertex 58.97218185919609 184.28654143383199 3.45
      vertex 59.447620560996 184.54066871440602 3.45
      vertex 58.97218185919609 198.71345856616801 3.45
    endloop
  endfacet
  facet normal 0 0 1
    outer loop
      vertex 59.447620560996 184.54066871440602 3.45
      vertex 59.963501614455645 184.6971595211089 3.45
      vertex 59.447620560996 198.45933128559398 3.45
    endloop
  endfacet
  facet normal 0 0 1
    outer loop
      vertex 59.963501614455645 184.6971595211089 3.45
      vertex 60.5 184.75 3.45
      vertex 59.963501614455645 198.3028404788911 3.45
    endloop
  endfacet
  facet normal 0 0 1
    outer loop
      vertex 60.5 184.75 3.45
      vertex 61.036498385544355 184.6971595211089 3.45
      vertex 60.5 198.25 3.45
    endloop
  endfacet
  facet normal 0 0 1
    outer loop
      vertex 61.036498385544355 184.6971595211089 3.45
      vertex 61.552379439004 184.54066871440602 3.45
      vertex 61.036498385544355 198.3028404788911 3.45
    endloop
  endfacet
  facet normal 0 0 1
    outer loop
      vertex 61.552379439004 184.54066871440602 3.45
      vertex 62.0278181408039 184.28654143383199 3.45
      vertex 61.552379439004 198.45933128559398 3.45
    endloop
  endfacet
  facet normal 0 0 1
    outer loop
      vertex 62.786541433832 183.5278181408039 3.45
      vertex 63.04066871440604 183.052379439004 3.45
      vertex 62.786541433832 199.4721818591961 3.45
    endloop
  endfacet
  facet normal 0 0 1
    outer loop
      vertex 63.19715952110889 182.53649838554435 3.45
      vertex 63.04066871440604 199.947620560996 3.45
      vertex 63.04066871440604 183.052379439004 3.45
    endloop
  endfacet
  facet normal 0 0 1
    outer loop
      vertex 63.19715952110889 182.53649838554435 3.45
      vertex 63.25 182 3.45
      vertex 63.19715952110889 200.46350161445565 3.45
    endloop
  endfacet
  facet normal 0 0 1
    outer loop
      vertex 62.0278181408039 184.28654143383199 3.45
      vertex 62.44454364826301 183.944543648263 3.45
      vertex 62.0278181408039 198.71345856616801 3.45
    endloop
  endfacet
  facet normal 0 0 1
    outer loop
      vertex 62.786541433832 183.5278181408039 3.45
      vertex 62.44454364826301 199.055456351737 3.45
      vertex 62.44454364826301 183.944543648263 3.45
    endloop
  endfacet
  facet normal 0 0 1
    outer loop
      vertex 57.95933128559396 183.052379439004 3.45
      vertex 57.95933128559396 199.947620560996 3.45
      vertex 57.80284047889111 200.46350161445565 3.45
    endloop
  endfacet
  facet normal 0 0 1
    outer loop
      vertex 58.213458566168 183.5278181408039 3.45
      vertex 58.213458566168 199.4721818591961 3.45
      vertex 57.95933128559396 199.947620560996 3.45
    endloop
  endfacet
  facet normal 0 0 1
    outer loop
      vertex 58.55545635173699 183.944543648263 3.45
      vertex 58.55545635173699 199.055456351737 3.45
      vertex 58.213458566168 199.4721818591961 3.45
    endloop
  endfacet
  facet normal 0 0 1
    outer loop
      vertex 58.97218185919609 184.28654143383199 3.45
      vertex 58.97218185919609 198.71345856616801 3.45
      vertex 58.55545635173699 199.055456351737 3.45
    endloop
  endfacet
  facet normal 0 0 1
    outer loop
      vertex 59.447620560996 184.54066871440602 3.45
      vertex 59.447620560996 198.45933128559398 3.45
      vertex 58.97218185919609 198.71345856616801 3.45
    endloop
  endfacet
  facet normal 0 0 1
    outer loop
      vertex 59.963501614455645 184.6971595211089 3.45
      vertex 59.963501614455645 198.3028404788911 3.45
      vertex 59.447620560996 198.45933128559398 3.45
    endloop
  endfacet
  facet normal 0 0 1
    outer loop
      vertex 60.5 184.75 3.45
      vertex 60.5 198.25 3.45
      vertex 59.963501614455645 198.3028404788911 3.45
    endloop
  endfacet
  facet normal 0 0 1
    outer loop
      vertex 61.036498385544355 184.6971595211089 3.45
      vertex 61.036498385544355 198.3028404788911 3.45
      vertex 60.5 198.25 3.45
    endloop
  endfacet
  facet normal 0 0 1
    outer loop
      vertex 61.552379439004 184.54066871440602 3.45
      vertex 61.552379439004 198.45933128559398 3.45
      vertex 61.036498385544355 198.3028404788911 3.45
    endloop
  endfacet
  facet normal 0 0 1
    outer loop
      vertex 62.0278181408039 184.28654143383199 3.45
      vertex 62.0278181408039 198.71345856616801 3.45
      vertex 61.552379439004 198.45933128559398 3.45
    endloop
  endfacet
  facet normal 0 0 1
    outer loop
      vertex 62.44454364826301 183.944543648263 3.45
      vertex 62.44454364826301 199.055456351737 3.45
      vertex 62.0278181408039 198.71345856616801 3.45
    endloop
  endfacet
  facet normal 0 0 1
    outer loop
      vertex 62.786541433832 183.5278181408039 3.45
      vertex 62.786541433832 199.4721818591961 3.45
      vertex 62.44454364826301 199.055456351737 3.45
    endloop
  endfacet
  facet normal 0 0 1
    outer loop
      vertex 63.04066871440604 183.052379439004 3.45
      vertex 63.04066871440604 199.947620560996 3.45
      vertex 62.786541433832 199.4721818591961 3.45
    endloop
  endfacet
  facet normal 0 0 1
    outer loop
      vertex 63.19715952110889 182.53649838554435 3.45
      vertex 63.19715952110889 200.46350161445565 3.45
      vertex 63.04066871440604 199.947620560996 3.45
    endloop
  endfacet
  facet normal 0 0 1
    outer loop
      vertex 63.19715952110889 200.46350161445565 3.45
      vertex 63.25 182 3.45
      vertex 63.25 201 3.45
    endloop
  endfacet
  facet normal 0 0 1
    outer loop
      vertex 63.25 163 3.45
      vertex 64.2649600206345 231.42919783337632 3.45
      vertex 63.25 182 3.45
    endloop
  endfacet
  facet normal 0 0 1
    outer loop
      vertex 63.25 182 3.45
      vertex 64.2649600206345 231.42919783337632 3.45
      vertex 63.25 201 3.45
    endloop
  endfacet
  facet normal 0 0 1
    outer loop
      vertex 57.75 201 3.45
      vertex 57.80284047889111 201.53649838554435 3.45
      vertex 57 233 3.45
    endloop
  endfacet
  facet normal 0 0 1
    outer loop
      vertex 57.80284047889111 201.53649838554435 3.45
      vertex 57.95933128559396 202.052379439004 3.45
      vertex 57 233 3.45
    endloop
  endfacet
  facet normal 0 0 1
    outer loop
      vertex 57.95933128559396 202.052379439004 3.45
      vertex 58.213458566168 202.5278181408039 3.45
      vertex 57 233 3.45
    endloop
  endfacet
  facet normal 0 0 1
    outer loop
      vertex 58.213458566168 202.5278181408039 3.45
      vertex 58.55545635173699 202.944543648263 3.45
      vertex 57 233 3.45
    endloop
  endfacet
  facet normal 0 0 1
    outer loop
      vertex 58.55545635173699 202.944543648263 3.45
      vertex 58.97218185919609 203.28654143383199 3.45
      vertex 57 233 3.45
    endloop
  endfacet
  facet normal 0 0 1
    outer loop
      vertex 58.97218185919609 203.28654143383199 3.45
      vertex 59.447620560996 203.54066871440602 3.45
      vertex 57 233 3.45
    endloop
  endfacet
  facet normal 0 0 1
    outer loop
      vertex 61.036498385544355 203.6971595211089 3.45
      vertex 61.552379439004 203.54066871440602 3.45
      vertex 64.2649600206345 231.42919783337632 3.45
    endloop
  endfacet
  facet normal 0 0 1
    outer loop
      vertex 62.0278181408039 203.28654143383199 3.45
      vertex 64.2649600206345 231.42919783337632 3.45
      vertex 61.552379439004 203.54066871440602 3.45
    endloop
  endfacet
  facet normal 0 0 1
    outer loop
      vertex 62.44454364826301 202.944543648263 3.45
      vertex 62.786541433832 202.5278181408039 3.45
      vertex 64.2649600206345 231.42919783337632 3.45
    endloop
  endfacet
  facet normal 0 0 1
    outer loop
      vertex 62.0278181408039 203.28654143383199 3.45
      vertex 62.44454364826301 202.944543648263 3.45
      vertex 64.2649600206345 231.42919783337632 3.45
    endloop
  endfacet
  facet normal 0 0 1
    outer loop
      vertex 59.447620560996 203.54066871440602 3.45
      vertex 59.963501614455645 203.6971595211089 3.45
      vertex 57 233 3.45
    endloop
  endfacet
  facet normal 0 0 1
    outer loop
      vertex 59.963501614455645 203.6971595211089 3.45
      vertex 60.5 203.75 3.45
      vertex 57 233 3.45
    endloop
  endfacet
  facet normal 0 0 1
    outer loop
      vertex 60.5 203.75 3.45
      vertex 61.036498385544355 203.6971595211089 3.45
      vertex 57 233 3.45
    endloop
  endfacet
  facet normal 0 0 1
    outer loop
      vertex 61.036498385544355 203.6971595211089 3.45
      vertex 64.2649600206345 231.42919783337632 3.45
      vertex 57 233 3.45
    endloop
  endfacet
  facet normal 0 0 1
    outer loop
      vertex 63.19715952110889 201.53649838554435 3.45
      vertex 63.25 201 3.45
      vertex 64.2649600206345 231.42919783337632 3.45
    endloop
  endfacet
  facet normal 0 0 1
    outer loop
      vertex 62.786541433832 202.5278181408039 3.45
      vertex 63.04066871440604 202.052379439004 3.45
      vertex 64.2649600206345 231.42919783337632 3.45
    endloop
  endfacet
  facet normal 0 0 1
    outer loop
      vertex 63.19715952110889 201.53649838554435 3.45
      vertex 64.2649600206345 231.42919783337632 3.45
      vertex 63.04066871440604 202.052379439004 3.45
    endloop
  endfacet
  facet normal 0 1 0
    outer loop
      vertex 57 233 0
      vertex 57 233 3.45
      vertex 199 233 3.45
    endloop
  endfacet
  facet normal 0 0 1
    outer loop
      vertex 57 233 3.45
      vertex 64.2649600206345 231.42919783337632 3.45
      vertex 199 233 3.45
    endloop
  endfacet
  facet normal 0 0 1
    outer loop
      vertex 64.2649600206345 231.42919783337632 3.45
      vertex 66.25 231 3.45
      vertex 199 233 3.45
    endloop
  endfacet
  facet normal 0.09801714032956148 -0.9951847266721968 0
    outer loop
      vertex 199 23 0
      vertex 199.5852709660484 23.05764415879031 0
      vertex 199 23 3.45
    endloop
  endfacet
  facet normal 0.29028467725447005 -0.9569403357322066 0
    outer loop
      vertex 199.5852709660484 23.05764415879031 0
      vertex 200.14805029709527 23.228361402466142 0
      vertex 199.5852709660484 23.05764415879031 3.45
    endloop
  endfacet
  facet normal 0.4713967368260017 -0.8819212643483528 0
    outer loop
      vertex 200.14805029709527 23.228361402466142 0
      vertex 200.6667106990588 23.505591163092365 0
      vertex 200.14805029709527 23.228361402466142 3.45
    endloop
  endfacet
  facet normal 0.6343932841636463 -0.7730104533627364 0
    outer loop
      vertex 200.6667106990588 23.505591163092365 0
      vertex 201.12132034355963 23.878679656440358 0
      vertex 200.6667106990588 23.505591163092365 3.45
    endloop
  endfacet
  facet normal 0.7730104533627246 -0.6343932841636607 0
    outer loop
      vertex 201.12132034355963 23.878679656440358 0
      vertex 201.49440883690764 24.333289300941193 0
      vertex 201.12132034355963 23.878679656440358 3.45
    endloop
  endfacet
  facet normal 0.881921264348353 -0.47139673682600136 0
    outer loop
      vertex 201.49440883690764 24.333289300941193 0
      vertex 201.77163859753387 24.85194970290473 0
      vertex 201.49440883690764 24.333289300941193 3.45
    endloop
  endfacet
  facet normal 0.9569403357322125 -0.2902846772544506 0
    outer loop
      vertex 201.77163859753387 24.85194970290473 0
      vertex 201.9423558412097 25.414729033951616 0
      vertex 201.77163859753387 24.85194970290473 3.45
    endloop
  endfacet
  facet normal 0.9951847266721967 -0.09801714032956385 0
    outer loop
      vertex 201.9423558412097 25.414729033951616 0
      vertex 202 26 0
      vertex 201.9423558412097 25.414729033951616 3.45
    endloop
  endfacet
  facet normal 0 0 -1
    outer loop
      vertex 199 23 0
      vertex 199 233 0
      vertex 199.5852709660484 23.05764415879031 0
    endloop
  endfacet
  facet normal 0 0 -1
    outer loop
      vertex 199.5852709660484 23.05764415879031 0
      vertex 199.5852709660484 232.9423558412097 0
      vertex 200.14805029709527 23.228361402466142 0
    endloop
  endfacet
  facet normal 0 0 -1
    outer loop
      vertex 200.14805029709527 23.228361402466142 0
      vertex 200.14805029709527 232.77163859753387 0
      vertex 200.6667106990588 23.505591163092365 0
    endloop
  endfacet
  facet normal 0 0 -1
    outer loop
      vertex 200.6667106990588 23.505591163092365 0
      vertex 200.6667106990588 232.49440883690764 0
      vertex 201.12132034355963 23.878679656440358 0
    endloop
  endfacet
  facet normal 0 0 -1
    outer loop
      vertex 201.12132034355963 23.878679656440358 0
      vertex 201.12132034355963 232.12132034355963 0
      vertex 201.49440883690764 24.333289300941193 0
    endloop
  endfacet
  facet normal 0 0 -1
    outer loop
      vertex 201.49440883690764 24.333289300941193 0
      vertex 201.49440883690764 231.6667106990588 0
      vertex 201.77163859753387 24.85194970290473 0
    endloop
  endfacet
  facet normal 0 0 -1
    outer loop
      vertex 201.77163859753387 24.85194970290473 0
      vertex 201.77163859753387 231.14805029709527 0
      vertex 201.9423558412097 25.414729033951616 0
    endloop
  endfacet
  facet normal 0 0 -1
    outer loop
      vertex 201.9423558412097 25.414729033951616 0
      vertex 201.9423558412097 230.5852709660484 0
      vertex 202 26 0
    endloop
  endfacet
  facet normal 1 0 0
    outer loop
      vertex 202 26 0
      vertex 202 230 0
      vertex 202 26 3.45
    endloop
  endfacet
  facet normal 0 -1 0
    outer loop
      vertex 57 23 3.45
      vertex 199 23 0
      vertex 199 23 3.45
    endloop
  endfacet
  facet normal 0 0 1
    outer loop
      vertex 199 23 3.45
      vertex 199 25 3.45
      vertex 66.25 25 3.45
    endloop
  endfacet
  facet normal 0.09801714032956148 -0.9951847266721968 0
    outer loop
      vertex 199.5852709660484 23.05764415879031 0
      vertex 199.5852709660484 23.05764415879031 3.45
      vertex 199 23 3.45
    endloop
  endfacet
  facet normal 0.29028467725447005 -0.9569403357322066 0
    outer loop
      vertex 200.14805029709527 23.228361402466142 0
      vertex 200.14805029709527 23.228361402466142 3.45
      vertex 199.5852709660484 23.05764415879031 3.45
    endloop
  endfacet
  facet normal 0.4713967368260017 -0.8819212643483528 0
    outer loop
      vertex 200.6667106990588 23.505591163092365 0
      vertex 200.6667106990588 23.505591163092365 3.45
      vertex 200.14805029709527 23.228361402466142 3.45
    endloop
  endfacet
  facet normal 0.6343932841636463 -0.7730104533627364 0
    outer loop
      vertex 201.12132034355963 23.878679656440358 0
      vertex 201.12132034355963 23.878679656440358 3.45
      vertex 200.6667106990588 23.505591163092365 3.45
    endloop
  endfacet
  facet normal 0.7730104533627246 -0.6343932841636607 0
    outer loop
      vertex 201.49440883690764 24.333289300941193 0
      vertex 201.49440883690764 24.333289300941193 3.45
      vertex 201.12132034355963 23.878679656440358 3.45
    endloop
  endfacet
  facet normal 0.881921264348353 -0.47139673682600136 0
    outer loop
      vertex 201.77163859753387 24.85194970290473 0
      vertex 201.77163859753387 24.85194970290473 3.45
      vertex 201.49440883690764 24.333289300941193 3.45
    endloop
  endfacet
  facet normal 0.9569403357322125 -0.2902846772544506 0
    outer loop
      vertex 201.9423558412097 25.414729033951616 0
      vertex 201.9423558412097 25.414729033951616 3.45
      vertex 201.77163859753387 24.85194970290473 3.45
    endloop
  endfacet
  facet normal 0.9951847266721967 -0.09801714032956385 0
    outer loop
      vertex 202 26 0
      vertex 202 26 3.45
      vertex 201.9423558412097 25.414729033951616 3.45
    endloop
  endfacet
  facet normal 0 0 1
    outer loop
      vertex 199 23 3.45
      vertex 199.5852709660484 23.05764415879031 3.45
      vertex 199 25 3.45
    endloop
  endfacet
  facet normal 0 0 1
    outer loop
      vertex 199.5852709660484 23.05764415879031 3.45
      vertex 199.19509032201614 25.019214719596768 3.45
      vertex 199 25 3.45
    endloop
  endfacet
  facet normal 0 0 1
    outer loop
      vertex 199.5852709660484 23.05764415879031 3.45
      vertex 199.3826834323651 25.076120467488714 3.45
      vertex 199.19509032201614 25.019214719596768 3.45
    endloop
  endfacet
  facet normal 0 0 1
    outer loop
      vertex 199.5852709660484 23.05764415879031 3.45
      vertex 199.5555702330196 25.168530387697455 3.45
      vertex 199.3826834323651 25.076120467488714 3.45
    endloop
  endfacet
  facet normal 0 0 1
    outer loop
      vertex 199.5852709660484 23.05764415879031 3.45
      vertex 200.14805029709527 23.228361402466142 3.45
      vertex 199.5555702330196 25.168530387697455 3.45
    endloop
  endfacet
  facet normal 0 0 1
    outer loop
      vertex 199.5555702330196 25.168530387697455 3.45
      vertex 200.14805029709527 23.228361402466142 3.45
      vertex 199.70710678118655 25.292893218813454 3.45
    endloop
  endfacet
  facet normal 0 0 1
    outer loop
      vertex 200.14805029709527 23.228361402466142 3.45
      vertex 199.83146961230256 25.4444297669804 3.45
      vertex 199.70710678118655 25.292893218813454 3.45
    endloop
  endfacet
  facet normal 0 0 1
    outer loop
      vertex 200.14805029709527 23.228361402466142 3.45
      vertex 199.92387953251128 25.61731656763491 3.45
      vertex 199.83146961230256 25.4444297669804 3.45
    endloop
  endfacet
  facet normal 0 0 1
    outer loop
      vertex 200.14805029709527 23.228361402466142 3.45
      vertex 200 26 3.45
      vertex 199.98078528040324 25.804909677983872 3.45
    endloop
  endfacet
  facet normal 0 0 1
    outer loop
      vertex 200.14805029709527 23.228361402466142 3.45
      vertex 199.98078528040324 25.804909677983872 3.45
      vertex 199.92387953251128 25.61731656763491 3.45
    endloop
  endfacet
  facet normal 0 0 1
    outer loop
      vertex 200.14805029709527 23.228361402466142 3.45
      vertex 200.6667106990588 23.505591163092365 3.45
      vertex 200.14805029709527 232.77163859753387 3.45
    endloop
  endfacet
  facet normal 0 0 1
    outer loop
      vertex 200.6667106990588 23.505591163092365 3.45
      vertex 201.12132034355963 23.878679656440358 3.45
      vertex 200.6667106990588 232.49440883690764 3.45
    endloop
  endfacet
  facet normal 0 0 1
    outer loop
      vertex 200.14805029709527 23.228361402466142 3.45
      vertex 200.14805029709527 232.77163859753387 3.45
      vertex 200 26 3.45
    endloop
  endfacet
  facet normal 0 0 1
    outer loop
      vertex 201.12132034355963 23.878679656440358 3.45
      vertex 201.49440883690764 24.333289300941193 3.45
      vertex 201.12132034355963 232.12132034355963 3.45
    endloop
  endfacet
  facet normal 0 0 1
    outer loop
      vertex 201.49440883690764 24.333289300941193 3.45
      vertex 201.77163859753387 24.85194970290473 3.45
      vertex 201.49440883690764 231.6667106990588 3.45
    endloop
  endfacet
  facet normal 0 0 1
    outer loop
      vertex 201.77163859753387 24.85194970290473 3.45
      vertex 201.9423558412097 25.414729033951616 3.45
      vertex 201.77163859753387 231.14805029709527 3.45
    endloop
  endfacet
  facet normal 0 0 1
    outer loop
      vertex 201.9423558412097 25.414729033951616 3.45
      vertex 202 26 3.45
      vertex 201.9423558412097 230.5852709660484 3.45
    endloop
  endfacet
  facet normal 0 0 -1
    outer loop
      vertex 57 233 0
      vertex 199 233 0
      vertex 199 23 0
    endloop
  endfacet
  facet normal 0 1 0
    outer loop
      vertex 57 233 0
      vertex 199 233 3.45
      vertex 199 233 0
    endloop
  endfacet
  facet normal 0 0 -1
    outer loop
      vertex 199.5852709660484 23.05764415879031 0
      vertex 199 233 0
      vertex 199.5852709660484 232.9423558412097 0
    endloop
  endfacet
  facet normal 0 0 -1
    outer loop
      vertex 200.14805029709527 23.228361402466142 0
      vertex 199.5852709660484 232.9423558412097 0
      vertex 200.14805029709527 232.77163859753387 0
    endloop
  endfacet
  facet normal 0 0 -1
    outer loop
      vertex 200.6667106990588 23.505591163092365 0
      vertex 200.14805029709527 232.77163859753387 0
      vertex 200.6667106990588 232.49440883690764 0
    endloop
  endfacet
  facet normal 0 0 -1
    outer loop
      vertex 202 26 0
      vertex 201.9423558412097 230.5852709660484 0
      vertex 202 230 0
    endloop
  endfacet
  facet normal 0 0 -1
    outer loop
      vertex 201.9423558412097 25.414729033951616 0
      vertex 201.77163859753387 231.14805029709527 0
      vertex 201.9423558412097 230.5852709660484 0
    endloop
  endfacet
  facet normal 0 0 -1
    outer loop
      vertex 201.12132034355963 23.878679656440358 0
      vertex 200.6667106990588 232.49440883690764 0
      vertex 201.12132034355963 232.12132034355963 0
    endloop
  endfacet
  facet normal 0 0 -1
    outer loop
      vertex 201.49440883690764 24.333289300941193 0
      vertex 201.12132034355963 232.12132034355963 0
      vertex 201.49440883690764 231.6667106990588 0
    endloop
  endfacet
  facet normal 0 0 -1
    outer loop
      vertex 201.77163859753387 24.85194970290473 0
      vertex 201.49440883690764 231.6667106990588 0
      vertex 201.77163859753387 231.14805029709527 0
    endloop
  endfacet
  facet normal 0.09801714032956148 0.9951847266721968 -1.0985630032173365e-18
    outer loop
      vertex 199 233 0
      vertex 199.5852709660484 232.9423558412097 3.45
      vertex 199.5852709660484 232.9423558412097 0
    endloop
  endfacet
  facet normal 0.290284677254459 0.9569403357322099 1.662184415340189e-18
    outer loop
      vertex 199.5852709660484 232.9423558412097 0
      vertex 200.14805029709527 232.77163859753387 3.45
      vertex 200.14805029709527 232.77163859753387 0
    endloop
  endfacet
  facet normal 0.4713967368260064 0.8819212643483504 4.45346505891283e-18
    outer loop
      vertex 200.14805029709527 232.77163859753387 0
      vertex 200.6667106990588 232.49440883690764 3.45
      vertex 200.6667106990588 232.49440883690764 0
    endloop
  endfacet
  facet normal 0.9951847266721968 0.09801714032956148 0
    outer loop
      vertex 202 230 0
      vertex 201.9423558412097 230.5852709660484 0
      vertex 202 230 3.45
    endloop
  endfacet
  facet normal 0.8819212643483504 0.4713967368260064 0
    outer loop
      vertex 201.77163859753387 231.14805029709527 0
      vertex 201.49440883690764 231.6667106990588 0
      vertex 201.77163859753387 231.14805029709527 3.45
    endloop
  endfacet
  facet normal 0.9569403357322099 0.290284677254459 0
    outer loop
      vertex 201.9423558412097 230.5852709660484 0
      vertex 201.77163859753387 231.14805029709527 0
      vertex 201.9423558412097 230.5852709660484 3.45
    endloop
  endfacet
  facet normal 0.7730104533627246 0.6343932841636607 -4.03861906791908e-18
    outer loop
      vertex 201.12132034355963 232.12132034355963 0
      vertex 201.49440883690764 231.6667106990588 3.45
      vertex 201.49440883690764 231.6667106990588 0
    endloop
  endfacet
  facet normal 0.6343932841636607 0.7730104533627246 -4.03861906791908e-18
    outer loop
      vertex 200.6667106990588 232.49440883690764 0
      vertex 201.12132034355963 232.12132034355963 3.45
      vertex 201.12132034355963 232.12132034355963 0
    endloop
  endfacet
  facet normal 0 0 1
    outer loop
      vertex 199 231 3.45
      vertex 199 233 3.45
      vertex 66.25 231 3.45
    endloop
  endfacet
  facet normal 1 0 0
    outer loop
      vertex 202 26 3.45
      vertex 202 230 0
      vertex 202 230 3.45
    endloop
  endfacet
  facet normal 0 0 1
    outer loop
      vertex 200 26 3.45
      vertex 200.14805029709527 232.77163859753387 3.45
      vertex 200 230 3.45
    endloop
  endfacet
  facet normal 0 0 1
    outer loop
      vertex 200.6667106990588 23.505591163092365 3.45
      vertex 200.6667106990588 232.49440883690764 3.45
      vertex 200.14805029709527 232.77163859753387 3.45
    endloop
  endfacet
  facet normal 0 0 1
    outer loop
      vertex 202 26 3.45
      vertex 202 230 3.45
      vertex 201.9423558412097 230.5852709660484 3.45
    endloop
  endfacet
  facet normal 0 0 1
    outer loop
      vertex 201.9423558412097 25.414729033951616 3.45
      vertex 201.9423558412097 230.5852709660484 3.45
      vertex 201.77163859753387 231.14805029709527 3.45
    endloop
  endfacet
  facet normal 0 0 1
    outer loop
      vertex 201.12132034355963 23.878679656440358 3.45
      vertex 201.12132034355963 232.12132034355963 3.45
      vertex 200.6667106990588 232.49440883690764 3.45
    endloop
  endfacet
  facet normal 0 0 1
    outer loop
      vertex 201.49440883690764 24.333289300941193 3.45
      vertex 201.49440883690764 231.6667106990588 3.45
      vertex 201.12132034355963 232.12132034355963 3.45
    endloop
  endfacet
  facet normal 0 0 1
    outer loop
      vertex 201.77163859753387 24.85194970290473 3.45
      vertex 201.77163859753387 231.14805029709527 3.45
      vertex 201.49440883690764 231.6667106990588 3.45
    endloop
  endfacet
  facet normal 0.09801714032956148 0.9951847266721968 0
    outer loop
      vertex 199 233 0
      vertex 199 233 3.45
      vertex 199.5852709660484 232.9423558412097 3.45
    endloop
  endfacet
  facet normal 0.290284677254459 0.9569403357322099 0
    outer loop
      vertex 199.5852709660484 232.9423558412097 0
      vertex 199.5852709660484 232.9423558412097 3.45
      vertex 200.14805029709527 232.77163859753387 3.45
    endloop
  endfacet
  facet normal 0.4713967368260064 0.8819212643483504 0
    outer loop
      vertex 200.14805029709527 232.77163859753387 0
      vertex 200.14805029709527 232.77163859753387 3.45
      vertex 200.6667106990588 232.49440883690764 3.45
    endloop
  endfacet
  facet normal 0.6343932841636607 0.7730104533627246 0
    outer loop
      vertex 200.6667106990588 232.49440883690764 0
      vertex 200.6667106990588 232.49440883690764 3.45
      vertex 201.12132034355963 232.12132034355963 3.45
    endloop
  endfacet
  facet normal 0.9951847266721968 0.09801714032956148 0
    outer loop
      vertex 201.9423558412097 230.5852709660484 0
      vertex 201.9423558412097 230.5852709660484 3.45
      vertex 202 230 3.45
    endloop
  endfacet
  facet normal 0.9569403357322099 0.290284677254459 0
    outer loop
      vertex 201.77163859753387 231.14805029709527 0
      vertex 201.77163859753387 231.14805029709527 3.45
      vertex 201.9423558412097 230.5852709660484 3.45
    endloop
  endfacet
  facet normal 0.7730104533627246 0.6343932841636607 0
    outer loop
      vertex 201.12132034355963 232.12132034355963 0
      vertex 201.12132034355963 232.12132034355963 3.45
      vertex 201.49440883690764 231.6667106990588 3.45
    endloop
  endfacet
  facet normal 0.8819212643483504 0.4713967368260064 0
    outer loop
      vertex 201.49440883690764 231.6667106990588 0
      vertex 201.49440883690764 231.6667106990588 3.45
      vertex 201.77163859753387 231.14805029709527 3.45
    endloop
  endfacet
  facet normal 0 0 1
    outer loop
      vertex 199 231 3.45
      vertex 199.19509032201614 230.98078528040324 3.45
      vertex 199 233 3.45
    endloop
  endfacet
  facet normal 0 0 1
    outer loop
      vertex 199.3826834323651 230.92387953251128 3.45
      vertex 199.5852709660484 232.9423558412097 3.45
      vertex 199.19509032201614 230.98078528040324 3.45
    endloop
  endfacet
  facet normal 0 0 1
    outer loop
      vertex 199.3826834323651 230.92387953251128 3.45
      vertex 199.5555702330196 230.83146961230256 3.45
      vertex 199.5852709660484 232.9423558412097 3.45
    endloop
  endfacet
  facet normal 0 0 1
    outer loop
      vertex 199.5555702330196 230.83146961230256 3.45
      vertex 199.70710678118655 230.70710678118655 3.45
      vertex 199.5852709660484 232.9423558412097 3.45
    endloop
  endfacet
  facet normal 0 0 1
    outer loop
      vertex 199.19509032201614 230.98078528040324 3.45
      vertex 199.5852709660484 232.9423558412097 3.45
      vertex 199 233 3.45
    endloop
  endfacet
  facet normal 0 0 1
    outer loop
      vertex 199.83146961230256 230.5555702330196 3.45
      vertex 200.14805029709527 232.77163859753387 3.45
      vertex 199.70710678118655 230.70710678118655 3.45
    endloop
  endfacet
  facet normal 0 0 1
    outer loop
      vertex 199.92387953251128 230.3826834323651 3.45
      vertex 200.14805029709527 232.77163859753387 3.45
      vertex 199.83146961230256 230.5555702330196 3.45
    endloop
  endfacet
  facet normal 0 0 1
    outer loop
      vertex 200 230 3.45
      vertex 200.14805029709527 232.77163859753387 3.45
      vertex 199.98078528040324 230.19509032201614 3.45
    endloop
  endfacet
  facet normal 0 0 1
    outer loop
      vertex 199.92387953251128 230.3826834323651 3.45
      vertex 199.98078528040324 230.19509032201614 3.45
      vertex 200.14805029709527 232.77163859753387 3.45
    endloop
  endfacet
  facet normal 0 0 1
    outer loop
      vertex 199.5852709660484 232.9423558412097 3.45
      vertex 199.70710678118655 230.70710678118655 3.45
      vertex 200.14805029709527 232.77163859753387 3.45
    endloop
  endfacet
  facet normal 0.8819212643483523 0.47139673682600297 0
    outer loop
      vertex 57.95933128559396 53.947620560996 0
      vertex 57.95933128559396 53.947620560996 3.45
      vertex 58.213458566168 53.4721818591961 0
    endloop
  endfacet
  facet normal 0.7730104533627428 0.6343932841636385 2.2897666809734633e-19
    outer loop
      vertex 58.55545635173699 53.05545635173699 0
      vertex 58.213458566168 53.4721818591961 0
      vertex 58.213458566168 53.4721818591961 3.45
    endloop
  endfacet
  facet normal 0.9569403357322084 0.29028467725446416 3.094019402239834e-19
    outer loop
      vertex 57.95933128559396 53.947620560996 0
      vertex 57.80284047889111 54.46350161445565 0
      vertex 57.80284047889111 54.46350161445565 3.45
    endloop
  endfacet
  facet normal 0.9951847266721973 0.09801714032955577 -2.9598509157468154e-19
    outer loop
      vertex 57.80284047889111 54.46350161445565 0
      vertex 57.75 55 0
      vertex 57.75 55 3.45
    endloop
  endfacet
  facet normal 0.9951847266721975 -0.09801714032955448 7.013421151857707e-19
    outer loop
      vertex 57.75 55 0
      vertex 57.80284047889111 55.536498385544355 0
      vertex 57.80284047889111 55.536498385544355 3.45
    endloop
  endfacet
  facet normal 0.9569403357322072 -0.29028467725446777 -1.229374688707335e-18
    outer loop
      vertex 57.80284047889111 55.536498385544355 0
      vertex 57.95933128559396 56.052379439004 0
      vertex 57.95933128559396 56.052379439004 3.45
    endloop
  endfacet
  facet normal 0.881921264348355 -0.4713967368259975 -1.1850046327484117e-18
    outer loop
      vertex 57.95933128559396 56.052379439004 0
      vertex 58.213458566168 56.52781814080391 0
      vertex 58.213458566168 56.52781814080391 3.45
    endloop
  endfacet
  facet normal 0.7730104533627373 -0.6343932841636449 6.4651456588954956e-18
    outer loop
      vertex 58.213458566168 56.52781814080391 0
      vertex 58.55545635173699 56.94454364826301 0
      vertex 58.55545635173699 56.94454364826301 3.45
    endloop
  endfacet
  facet normal 0.29028467725446777 0.9569403357322072 0
    outer loop
      vertex 59.447620560996 52.45933128559396 0
      vertex 59.447620560996 52.45933128559396 3.45
      vertex 59.963501614455645 52.30284047889111 0
    endloop
  endfacet
  facet normal 0.09801714032955448 0.9951847266721975 0
    outer loop
      vertex 59.963501614455645 52.30284047889111 0
      vertex 59.963501614455645 52.30284047889111 3.45
      vertex 60.5 52.25 0
    endloop
  endfacet
  facet normal -0.09801714032955448 0.9951847266721975 0
    outer loop
      vertex 60.5 52.25 0
      vertex 60.5 52.25 3.45
      vertex 61.036498385544355 52.30284047889111 0
    endloop
  endfacet
  facet normal 0.6343932841636449 0.7730104533627373 0
    outer loop
      vertex 58.55545635173699 53.05545635173699 0
      vertex 58.55545635173699 53.05545635173699 3.45
      vertex 58.97218185919609 52.713458566168 0
    endloop
  endfacet
  facet normal 0.4713967368259975 0.881921264348355 1.1850046327484117e-18
    outer loop
      vertex 59.447620560996 52.45933128559396 0
      vertex 58.97218185919609 52.713458566168 0
      vertex 58.97218185919609 52.713458566168 3.45
    endloop
  endfacet
  facet normal -0.29028467725446777 0.9569403357322072 0
    outer loop
      vertex 61.036498385544355 52.30284047889111 0
      vertex 61.036498385544355 52.30284047889111 3.45
      vertex 61.552379439004 52.45933128559396 0
    endloop
  endfacet
  facet normal -0.47139673682600297 0.8819212643483523 0
    outer loop
      vertex 61.552379439004 52.45933128559396 0
      vertex 61.552379439004 52.45933128559396 3.45
      vertex 62.0278181408039 52.713458566168 0
    endloop
  endfacet
  facet normal -0.6343932841636385 0.7730104533627428 0
    outer loop
      vertex 62.0278181408039 52.713458566168 0
      vertex 62.0278181408039 52.713458566168 3.45
      vertex 62.44454364826301 53.05545635173699 0
    endloop
  endfacet
  facet normal -0.7730104533627428 0.6343932841636385 0
    outer loop
      vertex 62.44454364826301 53.05545635173699 0
      vertex 62.44454364826301 53.05545635173699 3.45
      vertex 62.786541433832 53.4721818591961 0
    endloop
  endfacet
  facet normal -0.8819212643483523 0.47139673682600297 0
    outer loop
      vertex 62.786541433832 53.4721818591961 0
      vertex 62.786541433832 53.4721818591961 3.45
      vertex 63.04066871440604 53.947620560996 0
    endloop
  endfacet
  facet normal -0.9569403357322084 0.29028467725446416 0
    outer loop
      vertex 63.04066871440604 53.947620560996 0
      vertex 63.04066871440604 53.947620560996 3.45
      vertex 63.19715952110889 54.46350161445565 0
    endloop
  endfacet
  facet normal -0.9951847266721973 0.09801714032955577 0
    outer loop
      vertex 63.19715952110889 54.46350161445565 0
      vertex 63.19715952110889 54.46350161445565 3.45
      vertex 63.25 55 0
    endloop
  endfacet
  facet normal -0.9951847266721975 -0.09801714032955448 -7.013421151857707e-19
    outer loop
      vertex 63.19715952110889 55.536498385544355 0
      vertex 63.25 55 0
      vertex 63.25 55 3.45
    endloop
  endfacet
  facet normal -0.9569403357322072 -0.29028467725446777 0
    outer loop
      vertex 63.19715952110889 55.536498385544355 0
      vertex 63.19715952110889 55.536498385544355 3.45
      vertex 63.04066871440604 56.052379439004 0
    endloop
  endfacet
  facet normal 0.6343932841636449 -0.7730104533627373 6.4651456588954956e-18
    outer loop
      vertex 58.55545635173699 56.94454364826301 0
      vertex 58.97218185919609 57.286541433832 0
      vertex 58.97218185919609 57.286541433832 3.45
    endloop
  endfacet
  facet normal 0.4713967368259975 -0.881921264348355 -1.1850046327484117e-18
    outer loop
      vertex 58.97218185919609 57.286541433832 0
      vertex 59.447620560996 57.54066871440604 0
      vertex 59.447620560996 57.54066871440604 3.45
    endloop
  endfacet
  facet normal 0.29028467725446777 -0.9569403357322072 -1.229374688707335e-18
    outer loop
      vertex 59.447620560996 57.54066871440604 0
      vertex 59.963501614455645 57.69715952110889 0
      vertex 59.963501614455645 57.69715952110889 3.45
    endloop
  endfacet
  facet normal 0.09801714032955448 -0.9951847266721975 7.013421151857707e-19
    outer loop
      vertex 59.963501614455645 57.69715952110889 0
      vertex 60.5 57.75 0
      vertex 60.5 57.75 3.45
    endloop
  endfacet
  facet normal -0.09801714032955448 -0.9951847266721975 -7.013421151857707e-19
    outer loop
      vertex 60.5 57.75 0
      vertex 61.036498385544355 57.69715952110889 0
      vertex 61.036498385544355 57.69715952110889 3.45
    endloop
  endfacet
  facet normal -0.47139673682600297 -0.8819212643483523 0
    outer loop
      vertex 62.0278181408039 57.286541433832 0
      vertex 62.0278181408039 57.286541433832 3.45
      vertex 61.552379439004 57.54066871440604 0
    endloop
  endfacet
  facet normal -0.29028467725446777 -0.9569403357322072 1.229374688707335e-18
    outer loop
      vertex 61.036498385544355 57.69715952110889 0
      vertex 61.552379439004 57.54066871440604 0
      vertex 61.552379439004 57.54066871440604 3.45
    endloop
  endfacet
  facet normal -0.6343932841636385 -0.7730104533627428 2.2897666809734633e-19
    outer loop
      vertex 62.0278181408039 57.286541433832 0
      vertex 62.44454364826301 56.94454364826301 0
      vertex 62.44454364826301 56.94454364826301 3.45
    endloop
  endfacet
  facet normal -0.881921264348355 -0.4713967368259975 1.1850046327484117e-18
    outer loop
      vertex 62.786541433832 56.52781814080391 0
      vertex 63.04066871440604 56.052379439004 0
      vertex 63.04066871440604 56.052379439004 3.45
    endloop
  endfacet
  facet normal -0.7730104533627373 -0.6343932841636449 -6.4651456588954956e-18
    outer loop
      vertex 62.44454364826301 56.94454364826301 0
      vertex 62.786541433832 56.52781814080391 0
      vertex 62.786541433832 56.52781814080391 3.45
    endloop
  endfacet
  facet normal 0.9569403357322084 0.29028467725446416 0
    outer loop
      vertex 57.95933128559396 53.947620560996 0
      vertex 57.80284047889111 54.46350161445565 3.45
      vertex 57.95933128559396 53.947620560996 3.45
    endloop
  endfacet
  facet normal 0.7730104533627428 0.6343932841636385 0
    outer loop
      vertex 58.55545635173699 53.05545635173699 0
      vertex 58.213458566168 53.4721818591961 3.45
      vertex 58.55545635173699 53.05545635173699 3.45
    endloop
  endfacet
  facet normal 0.8819212643483523 0.47139673682600297 0
    outer loop
      vertex 58.213458566168 53.4721818591961 0
      vertex 57.95933128559396 53.947620560996 3.45
      vertex 58.213458566168 53.4721818591961 3.45
    endloop
  endfacet
  facet normal 0.9951847266721973 0.09801714032955577 0
    outer loop
      vertex 57.80284047889111 54.46350161445565 0
      vertex 57.75 55 3.45
      vertex 57.80284047889111 54.46350161445565 3.45
    endloop
  endfacet
  facet normal 0.9951847266721975 -0.09801714032955448 0
    outer loop
      vertex 57.75 55 0
      vertex 57.80284047889111 55.536498385544355 3.45
      vertex 57.75 55 3.45
    endloop
  endfacet
  facet normal 0.9569403357322072 -0.29028467725446777 0
    outer loop
      vertex 57.80284047889111 55.536498385544355 0
      vertex 57.95933128559396 56.052379439004 3.45
      vertex 57.80284047889111 55.536498385544355 3.45
    endloop
  endfacet
  facet normal 0.881921264348355 -0.4713967368259975 0
    outer loop
      vertex 57.95933128559396 56.052379439004 0
      vertex 58.213458566168 56.52781814080391 3.45
      vertex 57.95933128559396 56.052379439004 3.45
    endloop
  endfacet
  facet normal 0.7730104533627373 -0.6343932841636449 0
    outer loop
      vertex 58.213458566168 56.52781814080391 0
      vertex 58.55545635173699 56.94454364826301 3.45
      vertex 58.213458566168 56.52781814080391 3.45
    endloop
  endfacet
  facet normal 0.29028467725446777 0.9569403357322072 0
    outer loop
      vertex 59.963501614455645 52.30284047889111 0
      vertex 59.447620560996 52.45933128559396 3.45
      vertex 59.963501614455645 52.30284047889111 3.45
    endloop
  endfacet
  facet normal 0.09801714032955448 0.9951847266721975 0
    outer loop
      vertex 60.5 52.25 0
      vertex 59.963501614455645 52.30284047889111 3.45
      vertex 60.5 52.25 3.45
    endloop
  endfacet
  facet normal -0.09801714032955448 0.9951847266721975 0
    outer loop
      vertex 61.036498385544355 52.30284047889111 0
      vertex 60.5 52.25 3.45
      vertex 61.036498385544355 52.30284047889111 3.45
    endloop
  endfacet
  facet normal 0.6343932841636449 0.7730104533627373 0
    outer loop
      vertex 58.97218185919609 52.713458566168 0
      vertex 58.55545635173699 53.05545635173699 3.45
      vertex 58.97218185919609 52.713458566168 3.45
    endloop
  endfacet
  facet normal 0.4713967368259975 0.881921264348355 0
    outer loop
      vertex 59.447620560996 52.45933128559396 0
      vertex 58.97218185919609 52.713458566168 3.45
      vertex 59.447620560996 52.45933128559396 3.45
    endloop
  endfacet
  facet normal -0.29028467725446777 0.9569403357322072 0
    outer loop
      vertex 61.552379439004 52.45933128559396 0
      vertex 61.036498385544355 52.30284047889111 3.45
      vertex 61.552379439004 52.45933128559396 3.45
    endloop
  endfacet
  facet normal -0.47139673682600297 0.8819212643483523 0
    outer loop
      vertex 62.0278181408039 52.713458566168 0
      vertex 61.552379439004 52.45933128559396 3.45
      vertex 62.0278181408039 52.713458566168 3.45
    endloop
  endfacet
  facet normal -0.6343932841636385 0.7730104533627428 0
    outer loop
      vertex 62.44454364826301 53.05545635173699 0
      vertex 62.0278181408039 52.713458566168 3.45
      vertex 62.44454364826301 53.05545635173699 3.45
    endloop
  endfacet
  facet normal -0.7730104533627428 0.6343932841636385 0
    outer loop
      vertex 62.786541433832 53.4721818591961 0
      vertex 62.44454364826301 53.05545635173699 3.45
      vertex 62.786541433832 53.4721818591961 3.45
    endloop
  endfacet
  facet normal -0.8819212643483523 0.47139673682600297 0
    outer loop
      vertex 63.04066871440604 53.947620560996 0
      vertex 62.786541433832 53.4721818591961 3.45
      vertex 63.04066871440604 53.947620560996 3.45
    endloop
  endfacet
  facet normal -0.9569403357322084 0.29028467725446416 0
    outer loop
      vertex 63.19715952110889 54.46350161445565 0
      vertex 63.04066871440604 53.947620560996 3.45
      vertex 63.19715952110889 54.46350161445565 3.45
    endloop
  endfacet
  facet normal -0.9951847266721973 0.09801714032955577 0
    outer loop
      vertex 63.25 55 0
      vertex 63.19715952110889 54.46350161445565 3.45
      vertex 63.25 55 3.45
    endloop
  endfacet
  facet normal -0.9951847266721975 -0.09801714032955448 0
    outer loop
      vertex 63.19715952110889 55.536498385544355 0
      vertex 63.25 55 3.45
      vertex 63.19715952110889 55.536498385544355 3.45
    endloop
  endfacet
  facet normal 0.6343932841636449 -0.7730104533627373 0
    outer loop
      vertex 58.55545635173699 56.94454364826301 0
      vertex 58.97218185919609 57.286541433832 3.45
      vertex 58.55545635173699 56.94454364826301 3.45
    endloop
  endfacet
  facet normal 0.4713967368259975 -0.881921264348355 0
    outer loop
      vertex 58.97218185919609 57.286541433832 0
      vertex 59.447620560996 57.54066871440604 3.45
      vertex 58.97218185919609 57.286541433832 3.45
    endloop
  endfacet
  facet normal 0.29028467725446777 -0.9569403357322072 0
    outer loop
      vertex 59.447620560996 57.54066871440604 0
      vertex 59.963501614455645 57.69715952110889 3.45
      vertex 59.447620560996 57.54066871440604 3.45
    endloop
  endfacet
  facet normal 0.09801714032955448 -0.9951847266721975 0
    outer loop
      vertex 59.963501614455645 57.69715952110889 0
      vertex 60.5 57.75 3.45
      vertex 59.963501614455645 57.69715952110889 3.45
    endloop
  endfacet
  facet normal -0.09801714032955448 -0.9951847266721975 0
    outer loop
      vertex 60.5 57.75 0
      vertex 61.036498385544355 57.69715952110889 3.45
      vertex 60.5 57.75 3.45
    endloop
  endfacet
  facet normal -0.29028467725446777 -0.9569403357322072 0
    outer loop
      vertex 61.036498385544355 57.69715952110889 0
      vertex 61.552379439004 57.54066871440604 3.45
      vertex 61.036498385544355 57.69715952110889 3.45
    endloop
  endfacet
  facet normal -0.47139673682600297 -0.8819212643483523 0
    outer loop
      vertex 61.552379439004 57.54066871440604 0
      vertex 62.0278181408039 57.286541433832 3.45
      vertex 61.552379439004 57.54066871440604 3.45
    endloop
  endfacet
  facet normal -0.6343932841636385 -0.7730104533627428 0
    outer loop
      vertex 62.0278181408039 57.286541433832 0
      vertex 62.44454364826301 56.94454364826301 3.45
      vertex 62.0278181408039 57.286541433832 3.45
    endloop
  endfacet
  facet normal -0.7730104533627373 -0.6343932841636449 0
    outer loop
      vertex 62.44454364826301 56.94454364826301 0
      vertex 62.786541433832 56.52781814080391 3.45
      vertex 62.44454364826301 56.94454364826301 3.45
    endloop
  endfacet
  facet normal -0.881921264348355 -0.4713967368259975 0
    outer loop
      vertex 62.786541433832 56.52781814080391 0
      vertex 63.04066871440604 56.052379439004 3.45
      vertex 62.786541433832 56.52781814080391 3.45
    endloop
  endfacet
  facet normal -0.9569403357322072 -0.29028467725446777 0
    outer loop
      vertex 63.04066871440604 56.052379439004 0
      vertex 63.19715952110889 55.536498385544355 3.45
      vertex 63.04066871440604 56.052379439004 3.45
    endloop
  endfacet
  facet normal 0.8819212643483523 0.47139673682600297 0
    outer loop
      vertex 57.95933128559396 72.947620560996 0
      vertex 57.95933128559396 72.947620560996 3.45
      vertex 58.213458566168 72.4721818591961 0
    endloop
  endfacet
  facet normal 0.9569403357322084 0.29028467725446416 3.094019402239834e-19
    outer loop
      vertex 57.95933128559396 72.947620560996 0
      vertex 57.80284047889111 73.46350161445565 0
      vertex 57.80284047889111 73.46350161445565 3.45
    endloop
  endfacet
  facet normal 0.9951847266721973 0.09801714032955577 -2.9598509157468154e-19
    outer loop
      vertex 57.80284047889111 73.46350161445565 0
      vertex 57.75 74 0
      vertex 57.75 74 3.45
    endloop
  endfacet
  facet normal 0.7730104533627428 0.6343932841636385 2.2897666809734633e-19
    outer loop
      vertex 58.55545635173699 72.05545635173699 0
      vertex 58.213458566168 72.4721818591961 0
      vertex 58.213458566168 72.4721818591961 3.45
    endloop
  endfacet
  facet normal 0.9951847266721973 -0.09801714032955577 2.9598509157468154e-19
    outer loop
      vertex 57.75 74 0
      vertex 57.80284047889111 74.53649838554435 0
      vertex 57.80284047889111 74.53649838554435 3.45
    endloop
  endfacet
  facet normal 0.9569403357322084 -0.29028467725446416 -3.094019402239834e-19
    outer loop
      vertex 57.80284047889111 74.53649838554435 0
      vertex 57.95933128559396 75.052379439004 0
      vertex 57.95933128559396 75.052379439004 3.45
    endloop
  endfacet
  facet normal 0.8819212643483523 -0.47139673682600297 -2.029425084058263e-18
    outer loop
      vertex 57.95933128559396 75.052379439004 0
      vertex 58.213458566168 75.5278181408039 0
      vertex 58.213458566168 75.5278181408039 3.45
    endloop
  endfacet
  facet normal 0.6343932841636449 0.7730104533627373 0
    outer loop
      vertex 58.55545635173699 72.05545635173699 0
      vertex 58.55545635173699 72.05545635173699 3.45
      vertex 58.97218185919609 71.713458566168 0
    endloop
  endfacet
  facet normal 0.4713967368259975 0.881921264348355 0
    outer loop
      vertex 58.97218185919609 71.713458566168 0
      vertex 58.97218185919609 71.713458566168 3.45
      vertex 59.447620560996 71.45933128559396 0
    endloop
  endfacet
  facet normal 0.29028467725446777 0.9569403357322072 0
    outer loop
      vertex 59.447620560996 71.45933128559396 0
      vertex 59.447620560996 71.45933128559396 3.45
      vertex 59.963501614455645 71.30284047889111 0
    endloop
  endfacet
  facet normal 0.09801714032955448 0.9951847266721975 0
    outer loop
      vertex 59.963501614455645 71.30284047889111 0
      vertex 59.963501614455645 71.30284047889111 3.45
      vertex 60.5 71.25 0
    endloop
  endfacet
  facet normal -0.09801714032955448 0.9951847266721975 0
    outer loop
      vertex 60.5 71.25 0
      vertex 60.5 71.25 3.45
      vertex 61.036498385544355 71.30284047889111 0
    endloop
  endfacet
  facet normal -0.29028467725446777 0.9569403357322072 0
    outer loop
      vertex 61.036498385544355 71.30284047889111 0
      vertex 61.036498385544355 71.30284047889111 3.45
      vertex 61.552379439004 71.45933128559396 0
    endloop
  endfacet
  facet normal -0.47139673682600297 0.8819212643483523 0
    outer loop
      vertex 61.552379439004 71.45933128559396 0
      vertex 61.552379439004 71.45933128559396 3.45
      vertex 62.0278181408039 71.713458566168 0
    endloop
  endfacet
  facet normal -0.6343932841636385 0.7730104533627428 0
    outer loop
      vertex 62.0278181408039 71.713458566168 0
      vertex 62.0278181408039 71.713458566168 3.45
      vertex 62.44454364826301 72.05545635173699 0
    endloop
  endfacet
  facet normal -0.7730104533627428 0.6343932841636385 0
    outer loop
      vertex 62.44454364826301 72.05545635173699 0
      vertex 62.44454364826301 72.05545635173699 3.45
      vertex 62.786541433832 72.4721818591961 0
    endloop
  endfacet
  facet normal -0.8819212643483523 0.47139673682600297 0
    outer loop
      vertex 62.786541433832 72.4721818591961 0
      vertex 62.786541433832 72.4721818591961 3.45
      vertex 63.04066871440604 72.947620560996 0
    endloop
  endfacet
  facet normal -0.9569403357322084 0.29028467725446416 0
    outer loop
      vertex 63.04066871440604 72.947620560996 0
      vertex 63.04066871440604 72.947620560996 3.45
      vertex 63.19715952110889 73.46350161445565 0
    endloop
  endfacet
  facet normal -0.9951847266721973 0.09801714032955577 0
    outer loop
      vertex 63.19715952110889 73.46350161445565 0
      vertex 63.19715952110889 73.46350161445565 3.45
      vertex 63.25 74 0
    endloop
  endfacet
  facet normal -0.9951847266721973 -0.09801714032955577 -2.9598509157468154e-19
    outer loop
      vertex 63.19715952110889 74.53649838554435 0
      vertex 63.25 74 0
      vertex 63.25 74 3.45
    endloop
  endfacet
  facet normal -0.8819212643483523 -0.47139673682600297 0
    outer loop
      vertex 63.04066871440604 75.052379439004 0
      vertex 63.04066871440604 75.052379439004 3.45
      vertex 62.786541433832 75.5278181408039 0
    endloop
  endfacet
  facet normal -0.9569403357322084 -0.29028467725446416 0
    outer loop
      vertex 63.19715952110889 74.53649838554435 0
      vertex 63.19715952110889 74.53649838554435 3.45
      vertex 63.04066871440604 75.052379439004 0
    endloop
  endfacet
  facet normal 0.7730104533627428 -0.6343932841636385 -2.2897666809734633e-19
    outer loop
      vertex 58.213458566168 75.5278181408039 0
      vertex 58.55545635173699 75.94454364826301 0
      vertex 58.55545635173699 75.94454364826301 3.45
    endloop
  endfacet
  facet normal 0.6343932841636449 -0.7730104533627373 6.4651456588954956e-18
    outer loop
      vertex 58.55545635173699 75.94454364826301 0
      vertex 58.97218185919609 76.286541433832 0
      vertex 58.97218185919609 76.286541433832 3.45
    endloop
  endfacet
  facet normal 0.4713967368259975 -0.881921264348355 -1.1850046327484117e-18
    outer loop
      vertex 58.97218185919609 76.286541433832 0
      vertex 59.447620560996 76.54066871440604 0
      vertex 59.447620560996 76.54066871440604 3.45
    endloop
  endfacet
  facet normal 0.29028467725446777 -0.9569403357322072 -1.229374688707335e-18
    outer loop
      vertex 59.447620560996 76.54066871440604 0
      vertex 59.963501614455645 76.69715952110889 0
      vertex 59.963501614455645 76.69715952110889 3.45
    endloop
  endfacet
  facet normal 0.09801714032955448 -0.9951847266721975 7.013421151857707e-19
    outer loop
      vertex 59.963501614455645 76.69715952110889 0
      vertex 60.5 76.75 0
      vertex 60.5 76.75 3.45
    endloop
  endfacet
  facet normal -0.09801714032955448 -0.9951847266721975 -7.013421151857707e-19
    outer loop
      vertex 60.5 76.75 0
      vertex 61.036498385544355 76.69715952110889 0
      vertex 61.036498385544355 76.69715952110889 3.45
    endloop
  endfacet
  facet normal -0.29028467725446777 -0.9569403357322072 1.229374688707335e-18
    outer loop
      vertex 61.036498385544355 76.69715952110889 0
      vertex 61.552379439004 76.54066871440604 0
      vertex 61.552379439004 76.54066871440604 3.45
    endloop
  endfacet
  facet normal -0.47139673682600297 -0.8819212643483523 0
    outer loop
      vertex 62.0278181408039 76.286541433832 0
      vertex 62.0278181408039 76.286541433832 3.45
      vertex 61.552379439004 76.54066871440604 0
    endloop
  endfacet
  facet normal -0.6343932841636385 -0.7730104533627428 2.2897666809734633e-19
    outer loop
      vertex 62.0278181408039 76.286541433832 0
      vertex 62.44454364826301 75.94454364826301 0
      vertex 62.44454364826301 75.94454364826301 3.45
    endloop
  endfacet
  facet normal -0.7730104533627428 -0.6343932841636385 2.2897666809734633e-19
    outer loop
      vertex 62.44454364826301 75.94454364826301 0
      vertex 62.786541433832 75.5278181408039 0
      vertex 62.786541433832 75.5278181408039 3.45
    endloop
  endfacet
  facet normal 0.7730104533627428 0.6343932841636385 0
    outer loop
      vertex 58.55545635173699 72.05545635173699 0
      vertex 58.213458566168 72.4721818591961 3.45
      vertex 58.55545635173699 72.05545635173699 3.45
    endloop
  endfacet
  facet normal 0.9569403357322084 0.29028467725446416 0
    outer loop
      vertex 57.95933128559396 72.947620560996 0
      vertex 57.80284047889111 73.46350161445565 3.45
      vertex 57.95933128559396 72.947620560996 3.45
    endloop
  endfacet
  facet normal 0.9951847266721973 0.09801714032955577 0
    outer loop
      vertex 57.80284047889111 73.46350161445565 0
      vertex 57.75 74 3.45
      vertex 57.80284047889111 73.46350161445565 3.45
    endloop
  endfacet
  facet normal 0.8819212643483523 0.47139673682600297 0
    outer loop
      vertex 58.213458566168 72.4721818591961 0
      vertex 57.95933128559396 72.947620560996 3.45
      vertex 58.213458566168 72.4721818591961 3.45
    endloop
  endfacet
  facet normal 0.9951847266721973 -0.09801714032955577 0
    outer loop
      vertex 57.75 74 0
      vertex 57.80284047889111 74.53649838554435 3.45
      vertex 57.75 74 3.45
    endloop
  endfacet
  facet normal 0.9569403357322084 -0.29028467725446416 0
    outer loop
      vertex 57.80284047889111 74.53649838554435 0
      vertex 57.95933128559396 75.052379439004 3.45
      vertex 57.80284047889111 74.53649838554435 3.45
    endloop
  endfacet
  facet normal 0.8819212643483523 -0.47139673682600297 0
    outer loop
      vertex 57.95933128559396 75.052379439004 0
      vertex 58.213458566168 75.5278181408039 3.45
      vertex 57.95933128559396 75.052379439004 3.45
    endloop
  endfacet
  facet normal 0.6343932841636449 0.7730104533627373 0
    outer loop
      vertex 58.97218185919609 71.713458566168 0
      vertex 58.55545635173699 72.05545635173699 3.45
      vertex 58.97218185919609 71.713458566168 3.45
    endloop
  endfacet
  facet normal 0.4713967368259975 0.881921264348355 0
    outer loop
      vertex 59.447620560996 71.45933128559396 0
      vertex 58.97218185919609 71.713458566168 3.45
      vertex 59.447620560996 71.45933128559396 3.45
    endloop
  endfacet
  facet normal 0.29028467725446777 0.9569403357322072 0
    outer loop
      vertex 59.963501614455645 71.30284047889111 0
      vertex 59.447620560996 71.45933128559396 3.45
      vertex 59.963501614455645 71.30284047889111 3.45
    endloop
  endfacet
  facet normal 0.09801714032955448 0.9951847266721975 0
    outer loop
      vertex 60.5 71.25 0
      vertex 59.963501614455645 71.30284047889111 3.45
      vertex 60.5 71.25 3.45
    endloop
  endfacet
  facet normal -0.09801714032955448 0.9951847266721975 0
    outer loop
      vertex 61.036498385544355 71.30284047889111 0
      vertex 60.5 71.25 3.45
      vertex 61.036498385544355 71.30284047889111 3.45
    endloop
  endfacet
  facet normal -0.29028467725446777 0.9569403357322072 0
    outer loop
      vertex 61.552379439004 71.45933128559396 0
      vertex 61.036498385544355 71.30284047889111 3.45
      vertex 61.552379439004 71.45933128559396 3.45
    endloop
  endfacet
  facet normal -0.47139673682600297 0.8819212643483523 0
    outer loop
      vertex 62.0278181408039 71.713458566168 0
      vertex 61.552379439004 71.45933128559396 3.45
      vertex 62.0278181408039 71.713458566168 3.45
    endloop
  endfacet
  facet normal -0.6343932841636385 0.7730104533627428 0
    outer loop
      vertex 62.44454364826301 72.05545635173699 0
      vertex 62.0278181408039 71.713458566168 3.45
      vertex 62.44454364826301 72.05545635173699 3.45
    endloop
  endfacet
  facet normal -0.7730104533627428 0.6343932841636385 0
    outer loop
      vertex 62.786541433832 72.4721818591961 0
      vertex 62.44454364826301 72.05545635173699 3.45
      vertex 62.786541433832 72.4721818591961 3.45
    endloop
  endfacet
  facet normal -0.8819212643483523 0.47139673682600297 0
    outer loop
      vertex 63.04066871440604 72.947620560996 0
      vertex 62.786541433832 72.4721818591961 3.45
      vertex 63.04066871440604 72.947620560996 3.45
    endloop
  endfacet
  facet normal -0.9569403357322084 0.29028467725446416 0
    outer loop
      vertex 63.19715952110889 73.46350161445565 0
      vertex 63.04066871440604 72.947620560996 3.45
      vertex 63.19715952110889 73.46350161445565 3.45
    endloop
  endfacet
  facet normal -0.9951847266721973 0.09801714032955577 0
    outer loop
      vertex 63.25 74 0
      vertex 63.19715952110889 73.46350161445565 3.45
      vertex 63.25 74 3.45
    endloop
  endfacet
  facet normal -0.9951847266721973 -0.09801714032955577 0
    outer loop
      vertex 63.19715952110889 74.53649838554435 0
      vertex 63.25 74 3.45
      vertex 63.19715952110889 74.53649838554435 3.45
    endloop
  endfacet
  facet normal -0.8819212643483523 -0.47139673682600297 0
    outer loop
      vertex 62.786541433832 75.5278181408039 0
      vertex 63.04066871440604 75.052379439004 3.45
      vertex 62.786541433832 75.5278181408039 3.45
    endloop
  endfacet
  facet normal -0.9569403357322084 -0.29028467725446416 0
    outer loop
      vertex 63.04066871440604 75.052379439004 0
      vertex 63.19715952110889 74.53649838554435 3.45
      vertex 63.04066871440604 75.052379439004 3.45
    endloop
  endfacet
  facet normal 0.7730104533627428 -0.6343932841636385 0
    outer loop
      vertex 58.213458566168 75.5278181408039 0
      vertex 58.55545635173699 75.94454364826301 3.45
      vertex 58.213458566168 75.5278181408039 3.45
    endloop
  endfacet
  facet normal 0.6343932841636449 -0.7730104533627373 0
    outer loop
      vertex 58.55545635173699 75.94454364826301 0
      vertex 58.97218185919609 76.286541433832 3.45
      vertex 58.55545635173699 75.94454364826301 3.45
    endloop
  endfacet
  facet normal 0.4713967368259975 -0.881921264348355 0
    outer loop
      vertex 58.97218185919609 76.286541433832 0
      vertex 59.447620560996 76.54066871440604 3.45
      vertex 58.97218185919609 76.286541433832 3.45
    endloop
  endfacet
  facet normal 0.29028467725446777 -0.9569403357322072 0
    outer loop
      vertex 59.447620560996 76.54066871440604 0
      vertex 59.963501614455645 76.69715952110889 3.45
      vertex 59.447620560996 76.54066871440604 3.45
    endloop
  endfacet
  facet normal 0.09801714032955448 -0.9951847266721975 0
    outer loop
      vertex 59.963501614455645 76.69715952110889 0
      vertex 60.5 76.75 3.45
      vertex 59.963501614455645 76.69715952110889 3.45
    endloop
  endfacet
  facet normal -0.09801714032955448 -0.9951847266721975 0
    outer loop
      vertex 60.5 76.75 0
      vertex 61.036498385544355 76.69715952110889 3.45
      vertex 60.5 76.75 3.45
    endloop
  endfacet
  facet normal -0.29028467725446777 -0.9569403357322072 0
    outer loop
      vertex 61.036498385544355 76.69715952110889 0
      vertex 61.552379439004 76.54066871440604 3.45
      vertex 61.036498385544355 76.69715952110889 3.45
    endloop
  endfacet
  facet normal -0.47139673682600297 -0.8819212643483523 0
    outer loop
      vertex 61.552379439004 76.54066871440604 0
      vertex 62.0278181408039 76.286541433832 3.45
      vertex 61.552379439004 76.54066871440604 3.45
    endloop
  endfacet
  facet normal -0.6343932841636385 -0.7730104533627428 0
    outer loop
      vertex 62.0278181408039 76.286541433832 0
      vertex 62.44454364826301 75.94454364826301 3.45
      vertex 62.0278181408039 76.286541433832 3.45
    endloop
  endfacet
  facet normal -0.7730104533627428 -0.6343932841636385 0
    outer loop
      vertex 62.44454364826301 75.94454364826301 0
      vertex 62.786541433832 75.5278181408039 3.45
      vertex 62.44454364826301 75.94454364826301 3.45
    endloop
  endfacet
  facet normal 0.8819212643483523 0.47139673682600297 2.029425084058263e-18
    outer loop
      vertex 58.213458566168 91.4721818591961 0
      vertex 57.95933128559396 91.947620560996 0
      vertex 57.95933128559396 91.947620560996 3.45
    endloop
  endfacet
  facet normal 0.7730104533627428 0.6343932841636385 2.2897666809734633e-19
    outer loop
      vertex 58.55545635173699 91.05545635173699 0
      vertex 58.213458566168 91.4721818591961 0
      vertex 58.213458566168 91.4721818591961 3.45
    endloop
  endfacet
  facet normal 0.9569403357322084 0.29028467725446416 3.094019402239834e-19
    outer loop
      vertex 57.95933128559396 91.947620560996 0
      vertex 57.80284047889111 92.46350161445565 0
      vertex 57.80284047889111 92.46350161445565 3.45
    endloop
  endfacet
  facet normal 0.9951847266721973 0.09801714032955577 -2.9598509157468154e-19
    outer loop
      vertex 57.80284047889111 92.46350161445565 0
      vertex 57.75 93 0
      vertex 57.75 93 3.45
    endloop
  endfacet
  facet normal 0.9951847266721973 -0.09801714032955577 2.9598509157468154e-19
    outer loop
      vertex 57.75 93 0
      vertex 57.80284047889111 93.53649838554435 0
      vertex 57.80284047889111 93.53649838554435 3.45
    endloop
  endfacet
  facet normal 0.9569403357322084 -0.29028467725446416 -3.094019402239834e-19
    outer loop
      vertex 57.80284047889111 93.53649838554435 0
      vertex 57.95933128559396 94.052379439004 0
      vertex 57.95933128559396 94.052379439004 3.45
    endloop
  endfacet
  facet normal 0.8819212643483523 -0.47139673682600297 -2.029425084058263e-18
    outer loop
      vertex 57.95933128559396 94.052379439004 0
      vertex 58.213458566168 94.5278181408039 0
      vertex 58.213458566168 94.5278181408039 3.45
    endloop
  endfacet
  facet normal 0.7730104533627428 -0.6343932841636385 -2.2897666809734633e-19
    outer loop
      vertex 58.213458566168 94.5278181408039 0
      vertex 58.55545635173699 94.94454364826301 0
      vertex 58.55545635173699 94.94454364826301 3.45
    endloop
  endfacet
  facet normal 0.6343932841636449 0.7730104533627373 0
    outer loop
      vertex 58.55545635173699 91.05545635173699 0
      vertex 58.55545635173699 91.05545635173699 3.45
      vertex 58.97218185919609 90.713458566168 0
    endloop
  endfacet
  facet normal 0.4713967368259975 0.881921264348355 0
    outer loop
      vertex 58.97218185919609 90.713458566168 0
      vertex 58.97218185919609 90.713458566168 3.45
      vertex 59.447620560996 90.45933128559396 0
    endloop
  endfacet
  facet normal 0.29028467725446777 0.9569403357322072 0
    outer loop
      vertex 59.447620560996 90.45933128559396 0
      vertex 59.447620560996 90.45933128559396 3.45
      vertex 59.963501614455645 90.30284047889111 0
    endloop
  endfacet
  facet normal 0.09801714032955448 0.9951847266721975 -7.013421151857707e-19
    outer loop
      vertex 60.5 90.25 0
      vertex 59.963501614455645 90.30284047889111 0
      vertex 59.963501614455645 90.30284047889111 3.45
    endloop
  endfacet
  facet normal -0.09801714032955448 0.9951847266721975 0
    outer loop
      vertex 60.5 90.25 0
      vertex 60.5 90.25 3.45
      vertex 61.036498385544355 90.30284047889111 0
    endloop
  endfacet
  facet normal 0.6343932841636449 -0.7730104533627373 6.4651456588954956e-18
    outer loop
      vertex 58.55545635173699 94.94454364826301 0
      vertex 58.97218185919609 95.286541433832 0
      vertex 58.97218185919609 95.286541433832 3.45
    endloop
  endfacet
  facet normal -0.29028467725446777 0.9569403357322072 0
    outer loop
      vertex 61.036498385544355 90.30284047889111 0
      vertex 61.036498385544355 90.30284047889111 3.45
      vertex 61.552379439004 90.45933128559396 0
    endloop
  endfacet
  facet normal -0.47139673682600297 0.8819212643483523 0
    outer loop
      vertex 61.552379439004 90.45933128559396 0
      vertex 61.552379439004 90.45933128559396 3.45
      vertex 62.0278181408039 90.713458566168 0
    endloop
  endfacet
  facet normal -0.6343932841636385 0.7730104533627428 0
    outer loop
      vertex 62.0278181408039 90.713458566168 0
      vertex 62.0278181408039 90.713458566168 3.45
      vertex 62.44454364826301 91.05545635173699 0
    endloop
  endfacet
  facet normal -0.7730104533627428 0.6343932841636385 0
    outer loop
      vertex 62.44454364826301 91.05545635173699 0
      vertex 62.44454364826301 91.05545635173699 3.45
      vertex 62.786541433832 91.4721818591961 0
    endloop
  endfacet
  facet normal -0.8819212643483523 0.47139673682600297 0
    outer loop
      vertex 62.786541433832 91.4721818591961 0
      vertex 62.786541433832 91.4721818591961 3.45
      vertex 63.04066871440604 91.947620560996 0
    endloop
  endfacet
  facet normal -0.9569403357322084 0.29028467725446416 0
    outer loop
      vertex 63.04066871440604 91.947620560996 0
      vertex 63.04066871440604 91.947620560996 3.45
      vertex 63.19715952110889 92.46350161445565 0
    endloop
  endfacet
  facet normal -0.9951847266721973 0.09801714032955577 0
    outer loop
      vertex 63.19715952110889 92.46350161445565 0
      vertex 63.19715952110889 92.46350161445565 3.45
      vertex 63.25 93 0
    endloop
  endfacet
  facet normal -0.9951847266721973 -0.09801714032955577 -2.9598509157468154e-19
    outer loop
      vertex 63.19715952110889 93.53649838554435 0
      vertex 63.25 93 0
      vertex 63.25 93 3.45
    endloop
  endfacet
  facet normal -0.6343932841636385 -0.7730104533627428 0
    outer loop
      vertex 62.44454364826301 94.94454364826301 0
      vertex 62.44454364826301 94.94454364826301 3.45
      vertex 62.0278181408039 95.286541433832 0
    endloop
  endfacet
  facet normal -0.8819212643483523 -0.47139673682600297 0
    outer loop
      vertex 63.04066871440604 94.052379439004 0
      vertex 63.04066871440604 94.052379439004 3.45
      vertex 62.786541433832 94.5278181408039 0
    endloop
  endfacet
  facet normal -0.9569403357322084 -0.29028467725446416 0
    outer loop
      vertex 63.19715952110889 93.53649838554435 0
      vertex 63.19715952110889 93.53649838554435 3.45
      vertex 63.04066871440604 94.052379439004 0
    endloop
  endfacet
  facet normal -0.7730104533627428 -0.6343932841636385 2.2897666809734633e-19
    outer loop
      vertex 62.44454364826301 94.94454364826301 0
      vertex 62.786541433832 94.5278181408039 0
      vertex 62.786541433832 94.5278181408039 3.45
    endloop
  endfacet
  facet normal 0.4713967368259975 -0.881921264348355 -1.1850046327484117e-18
    outer loop
      vertex 58.97218185919609 95.286541433832 0
      vertex 59.447620560996 95.54066871440604 0
      vertex 59.447620560996 95.54066871440604 3.45
    endloop
  endfacet
  facet normal 0.29028467725446777 -0.9569403357322072 -1.229374688707335e-18
    outer loop
      vertex 59.447620560996 95.54066871440604 0
      vertex 59.963501614455645 95.69715952110889 0
      vertex 59.963501614455645 95.69715952110889 3.45
    endloop
  endfacet
  facet normal 0.09801714032955448 -0.9951847266721975 7.013421151857707e-19
    outer loop
      vertex 59.963501614455645 95.69715952110889 0
      vertex 60.5 95.75 0
      vertex 60.5 95.75 3.45
    endloop
  endfacet
  facet normal -0.09801714032955448 -0.9951847266721975 -7.013421151857707e-19
    outer loop
      vertex 60.5 95.75 0
      vertex 61.036498385544355 95.69715952110889 0
      vertex 61.036498385544355 95.69715952110889 3.45
    endloop
  endfacet
  facet normal -0.29028467725446777 -0.9569403357322072 1.229374688707335e-18
    outer loop
      vertex 61.036498385544355 95.69715952110889 0
      vertex 61.552379439004 95.54066871440604 0
      vertex 61.552379439004 95.54066871440604 3.45
    endloop
  endfacet
  facet normal -0.47139673682600297 -0.8819212643483523 2.029425084058263e-18
    outer loop
      vertex 61.552379439004 95.54066871440604 0
      vertex 62.0278181408039 95.286541433832 0
      vertex 62.0278181408039 95.286541433832 3.45
    endloop
  endfacet
  facet normal 0.8819212643483523 0.47139673682600297 0
    outer loop
      vertex 58.213458566168 91.4721818591961 0
      vertex 57.95933128559396 91.947620560996 3.45
      vertex 58.213458566168 91.4721818591961 3.45
    endloop
  endfacet
  facet normal 0.7730104533627428 0.6343932841636385 0
    outer loop
      vertex 58.55545635173699 91.05545635173699 0
      vertex 58.213458566168 91.4721818591961 3.45
      vertex 58.55545635173699 91.05545635173699 3.45
    endloop
  endfacet
  facet normal 0.9569403357322084 0.29028467725446416 0
    outer loop
      vertex 57.95933128559396 91.947620560996 0
      vertex 57.80284047889111 92.46350161445565 3.45
      vertex 57.95933128559396 91.947620560996 3.45
    endloop
  endfacet
  facet normal 0.9951847266721973 0.09801714032955577 0
    outer loop
      vertex 57.80284047889111 92.46350161445565 0
      vertex 57.75 93 3.45
      vertex 57.80284047889111 92.46350161445565 3.45
    endloop
  endfacet
  facet normal 0.9951847266721973 -0.09801714032955577 0
    outer loop
      vertex 57.75 93 0
      vertex 57.80284047889111 93.53649838554435 3.45
      vertex 57.75 93 3.45
    endloop
  endfacet
  facet normal 0.9569403357322084 -0.29028467725446416 0
    outer loop
      vertex 57.80284047889111 93.53649838554435 0
      vertex 57.95933128559396 94.052379439004 3.45
      vertex 57.80284047889111 93.53649838554435 3.45
    endloop
  endfacet
  facet normal 0.8819212643483523 -0.47139673682600297 0
    outer loop
      vertex 57.95933128559396 94.052379439004 0
      vertex 58.213458566168 94.5278181408039 3.45
      vertex 57.95933128559396 94.052379439004 3.45
    endloop
  endfacet
  facet normal 0.7730104533627428 -0.6343932841636385 0
    outer loop
      vertex 58.213458566168 94.5278181408039 0
      vertex 58.55545635173699 94.94454364826301 3.45
      vertex 58.213458566168 94.5278181408039 3.45
    endloop
  endfacet
  facet normal 0.6343932841636449 0.7730104533627373 0
    outer loop
      vertex 58.97218185919609 90.713458566168 0
      vertex 58.55545635173699 91.05545635173699 3.45
      vertex 58.97218185919609 90.713458566168 3.45
    endloop
  endfacet
  facet normal 0.4713967368259975 0.881921264348355 0
    outer loop
      vertex 59.447620560996 90.45933128559396 0
      vertex 58.97218185919609 90.713458566168 3.45
      vertex 59.447620560996 90.45933128559396 3.45
    endloop
  endfacet
  facet normal 0.29028467725446777 0.9569403357322072 0
    outer loop
      vertex 59.963501614455645 90.30284047889111 0
      vertex 59.447620560996 90.45933128559396 3.45
      vertex 59.963501614455645 90.30284047889111 3.45
    endloop
  endfacet
  facet normal 0.09801714032955448 0.9951847266721975 0
    outer loop
      vertex 60.5 90.25 0
      vertex 59.963501614455645 90.30284047889111 3.45
      vertex 60.5 90.25 3.45
    endloop
  endfacet
  facet normal -0.09801714032955448 0.9951847266721975 0
    outer loop
      vertex 61.036498385544355 90.30284047889111 0
      vertex 60.5 90.25 3.45
      vertex 61.036498385544355 90.30284047889111 3.45
    endloop
  endfacet
  facet normal 0.6343932841636449 -0.7730104533627373 0
    outer loop
      vertex 58.55545635173699 94.94454364826301 0
      vertex 58.97218185919609 95.286541433832 3.45
      vertex 58.55545635173699 94.94454364826301 3.45
    endloop
  endfacet
  facet normal -0.29028467725446777 0.9569403357322072 0
    outer loop
      vertex 61.552379439004 90.45933128559396 0
      vertex 61.036498385544355 90.30284047889111 3.45
      vertex 61.552379439004 90.45933128559396 3.45
    endloop
  endfacet
  facet normal -0.47139673682600297 0.8819212643483523 0
    outer loop
      vertex 62.0278181408039 90.713458566168 0
      vertex 61.552379439004 90.45933128559396 3.45
      vertex 62.0278181408039 90.713458566168 3.45
    endloop
  endfacet
  facet normal -0.6343932841636385 0.7730104533627428 0
    outer loop
      vertex 62.44454364826301 91.05545635173699 0
      vertex 62.0278181408039 90.713458566168 3.45
      vertex 62.44454364826301 91.05545635173699 3.45
    endloop
  endfacet
  facet normal -0.7730104533627428 0.6343932841636385 0
    outer loop
      vertex 62.786541433832 91.4721818591961 0
      vertex 62.44454364826301 91.05545635173699 3.45
      vertex 62.786541433832 91.4721818591961 3.45
    endloop
  endfacet
  facet normal -0.8819212643483523 0.47139673682600297 0
    outer loop
      vertex 63.04066871440604 91.947620560996 0
      vertex 62.786541433832 91.4721818591961 3.45
      vertex 63.04066871440604 91.947620560996 3.45
    endloop
  endfacet
  facet normal -0.9569403357322084 0.29028467725446416 0
    outer loop
      vertex 63.19715952110889 92.46350161445565 0
      vertex 63.04066871440604 91.947620560996 3.45
      vertex 63.19715952110889 92.46350161445565 3.45
    endloop
  endfacet
  facet normal -0.9951847266721973 0.09801714032955577 0
    outer loop
      vertex 63.25 93 0
      vertex 63.19715952110889 92.46350161445565 3.45
      vertex 63.25 93 3.45
    endloop
  endfacet
  facet normal -0.9951847266721973 -0.09801714032955577 0
    outer loop
      vertex 63.19715952110889 93.53649838554435 0
      vertex 63.25 93 3.45
      vertex 63.19715952110889 93.53649838554435 3.45
    endloop
  endfacet
  facet normal -0.6343932841636385 -0.7730104533627428 0
    outer loop
      vertex 62.0278181408039 95.286541433832 0
      vertex 62.44454364826301 94.94454364826301 3.45
      vertex 62.0278181408039 95.286541433832 3.45
    endloop
  endfacet
  facet normal -0.7730104533627428 -0.6343932841636385 0
    outer loop
      vertex 62.44454364826301 94.94454364826301 0
      vertex 62.786541433832 94.5278181408039 3.45
      vertex 62.44454364826301 94.94454364826301 3.45
    endloop
  endfacet
  facet normal -0.9569403357322084 -0.29028467725446416 0
    outer loop
      vertex 63.04066871440604 94.052379439004 0
      vertex 63.19715952110889 93.53649838554435 3.45
      vertex 63.04066871440604 94.052379439004 3.45
    endloop
  endfacet
  facet normal -0.8819212643483523 -0.47139673682600297 0
    outer loop
      vertex 62.786541433832 94.5278181408039 0
      vertex 63.04066871440604 94.052379439004 3.45
      vertex 62.786541433832 94.5278181408039 3.45
    endloop
  endfacet
  facet normal 0.4713967368259975 -0.881921264348355 0
    outer loop
      vertex 58.97218185919609 95.286541433832 0
      vertex 59.447620560996 95.54066871440604 3.45
      vertex 58.97218185919609 95.286541433832 3.45
    endloop
  endfacet
  facet normal 0.29028467725446777 -0.9569403357322072 0
    outer loop
      vertex 59.447620560996 95.54066871440604 0
      vertex 59.963501614455645 95.69715952110889 3.45
      vertex 59.447620560996 95.54066871440604 3.45
    endloop
  endfacet
  facet normal 0.09801714032955448 -0.9951847266721975 0
    outer loop
      vertex 59.963501614455645 95.69715952110889 0
      vertex 60.5 95.75 3.45
      vertex 59.963501614455645 95.69715952110889 3.45
    endloop
  endfacet
  facet normal -0.09801714032955448 -0.9951847266721975 0
    outer loop
      vertex 60.5 95.75 0
      vertex 61.036498385544355 95.69715952110889 3.45
      vertex 60.5 95.75 3.45
    endloop
  endfacet
  facet normal -0.29028467725446777 -0.9569403357322072 0
    outer loop
      vertex 61.036498385544355 95.69715952110889 0
      vertex 61.552379439004 95.54066871440604 3.45
      vertex 61.036498385544355 95.69715952110889 3.45
    endloop
  endfacet
  facet normal -0.47139673682600297 -0.8819212643483523 0
    outer loop
      vertex 61.552379439004 95.54066871440604 0
      vertex 62.0278181408039 95.286541433832 3.45
      vertex 61.552379439004 95.54066871440604 3.45
    endloop
  endfacet
  facet normal 0.8819212643483523 0.47139673682600297 0
    outer loop
      vertex 57.95933128559396 161.947620560996 0
      vertex 57.95933128559396 161.947620560996 3.45
      vertex 58.213458566168 161.4721818591961 0
    endloop
  endfacet
  facet normal 0.9569403357322084 0.29028467725446416 3.094019402239834e-19
    outer loop
      vertex 57.95933128559396 161.947620560996 0
      vertex 57.80284047889111 162.46350161445565 0
      vertex 57.80284047889111 162.46350161445565 3.45
    endloop
  endfacet
  facet normal 0.7730104533627321 0.6343932841636514 0
    outer loop
      vertex 58.213458566168 161.4721818591961 0
      vertex 58.213458566168 161.4721818591961 3.45
      vertex 58.55545635173699 161.055456351737 0
    endloop
  endfacet
  facet normal 0.9951847266721973 0.09801714032955577 0
    outer loop
      vertex 57.75 163 0
      vertex 57.75 163 3.45
      vertex 57.80284047889111 162.46350161445565 0
    endloop
  endfacet
  facet normal 0.9951847266721973 -0.09801714032955577 2.9598509157468154e-19
    outer loop
      vertex 57.75 163 0
      vertex 57.80284047889111 163.53649838554435 0
      vertex 57.80284047889111 163.53649838554435 3.45
    endloop
  endfacet
  facet normal 0.9569403357322084 -0.29028467725446416 -3.094019402239834e-19
    outer loop
      vertex 57.80284047889111 163.53649838554435 0
      vertex 57.95933128559396 164.052379439004 0
      vertex 57.95933128559396 164.052379439004 3.45
    endloop
  endfacet
  facet normal 0.8819212643483523 -0.47139673682600297 -2.029425084058263e-18
    outer loop
      vertex 57.95933128559396 164.052379439004 0
      vertex 58.213458566168 164.5278181408039 0
      vertex 58.213458566168 164.5278181408039 3.45
    endloop
  endfacet
  facet normal 0.7730104533627321 -0.6343932841636514 -1.7640855016045433e-18
    outer loop
      vertex 58.213458566168 164.5278181408039 0
      vertex 58.55545635173699 164.944543648263 0
      vertex 58.55545635173699 164.944543648263 3.45
    endloop
  endfacet
  facet normal 0.4713967368259975 0.881921264348355 0
    outer loop
      vertex 58.97218185919609 160.71345856616801 0
      vertex 58.97218185919609 160.71345856616801 3.45
      vertex 59.447620560996 160.45933128559398 0
    endloop
  endfacet
  facet normal 0.29028467725449186 0.9569403357321999 0
    outer loop
      vertex 59.447620560996 160.45933128559398 0
      vertex 59.447620560996 160.45933128559398 3.45
      vertex 59.963501614455645 160.3028404788911 0
    endloop
  endfacet
  facet normal 0.09801714032955448 0.9951847266721975 0
    outer loop
      vertex 59.963501614455645 160.3028404788911 0
      vertex 59.963501614455645 160.3028404788911 3.45
      vertex 60.5 160.25 0
    endloop
  endfacet
  facet normal -0.09801714032955448 0.9951847266721975 0
    outer loop
      vertex 60.5 160.25 0
      vertex 60.5 160.25 3.45
      vertex 61.036498385544355 160.3028404788911 0
    endloop
  endfacet
  facet normal -0.29028467725449186 0.9569403357321999 0
    outer loop
      vertex 61.036498385544355 160.3028404788911 0
      vertex 61.036498385544355 160.3028404788911 3.45
      vertex 61.552379439004 160.45933128559398 0
    endloop
  endfacet
  facet normal -0.47139673682600297 0.8819212643483523 0
    outer loop
      vertex 61.552379439004 160.45933128559398 0
      vertex 61.552379439004 160.45933128559398 3.45
      vertex 62.0278181408039 160.71345856616801 0
    endloop
  endfacet
  facet normal 0.6343932841636449 0.7730104533627373 0
    outer loop
      vertex 58.55545635173699 161.055456351737 0
      vertex 58.55545635173699 161.055456351737 3.45
      vertex 58.97218185919609 160.71345856616801 0
    endloop
  endfacet
  facet normal 0.6343932841636449 -0.7730104533627373 6.4651456588954956e-18
    outer loop
      vertex 58.55545635173699 164.944543648263 0
      vertex 58.97218185919609 165.28654143383199 0
      vertex 58.97218185919609 165.28654143383199 3.45
    endloop
  endfacet
  facet normal 0.4713967368259975 -0.881921264348355 -1.1850046327484117e-18
    outer loop
      vertex 58.97218185919609 165.28654143383199 0
      vertex 59.447620560996 165.54066871440602 0
      vertex 59.447620560996 165.54066871440602 3.45
    endloop
  endfacet
  facet normal 0.29028467725449186 -0.9569403357321999 7.270675717542575e-19
    outer loop
      vertex 59.447620560996 165.54066871440602 0
      vertex 59.963501614455645 165.6971595211089 0
      vertex 59.963501614455645 165.6971595211089 3.45
    endloop
  endfacet
  facet normal 0.09801714032955448 -0.9951847266721975 7.013421151857707e-19
    outer loop
      vertex 59.963501614455645 165.6971595211089 0
      vertex 60.5 165.75 0
      vertex 60.5 165.75 3.45
    endloop
  endfacet
  facet normal -0.09801714032955448 -0.9951847266721975 -7.013421151857707e-19
    outer loop
      vertex 60.5 165.75 0
      vertex 61.036498385544355 165.6971595211089 0
      vertex 61.036498385544355 165.6971595211089 3.45
    endloop
  endfacet
  facet normal -0.6343932841636385 0.7730104533627428 0
    outer loop
      vertex 62.0278181408039 160.71345856616801 0
      vertex 62.0278181408039 160.71345856616801 3.45
      vertex 62.44454364826301 161.055456351737 0
    endloop
  endfacet
  facet normal -0.7730104533627321 0.6343932841636514 0
    outer loop
      vertex 62.44454364826301 161.055456351737 0
      vertex 62.44454364826301 161.055456351737 3.45
      vertex 62.786541433832 161.4721818591961 0
    endloop
  endfacet
  facet normal -0.8819212643483523 0.47139673682600297 0
    outer loop
      vertex 62.786541433832 161.4721818591961 0
      vertex 62.786541433832 161.4721818591961 3.45
      vertex 63.04066871440604 161.947620560996 0
    endloop
  endfacet
  facet normal -0.9569403357322084 0.29028467725446416 0
    outer loop
      vertex 63.04066871440604 161.947620560996 0
      vertex 63.04066871440604 161.947620560996 3.45
      vertex 63.19715952110889 162.46350161445565 0
    endloop
  endfacet
  facet normal -0.9951847266721973 0.09801714032955577 0
    outer loop
      vertex 63.19715952110889 162.46350161445565 0
      vertex 63.19715952110889 162.46350161445565 3.45
      vertex 63.25 163 0
    endloop
  endfacet
  facet normal -0.9951847266721973 -0.09801714032955577 -2.9598509157468154e-19
    outer loop
      vertex 63.19715952110889 163.53649838554435 0
      vertex 63.25 163 0
      vertex 63.25 163 3.45
    endloop
  endfacet
  facet normal -0.9569403357322084 -0.29028467725446416 0
    outer loop
      vertex 63.19715952110889 163.53649838554435 0
      vertex 63.19715952110889 163.53649838554435 3.45
      vertex 63.04066871440604 164.052379439004 0
    endloop
  endfacet
  facet normal -0.29028467725449186 -0.9569403357321999 -7.270675717542575e-19
    outer loop
      vertex 61.036498385544355 165.6971595211089 0
      vertex 61.552379439004 165.54066871440602 0
      vertex 61.552379439004 165.54066871440602 3.45
    endloop
  endfacet
  facet normal -0.47139673682600297 -0.8819212643483523 2.029425084058263e-18
    outer loop
      vertex 61.552379439004 165.54066871440602 0
      vertex 62.0278181408039 165.28654143383199 0
      vertex 62.0278181408039 165.28654143383199 3.45
    endloop
  endfacet
  facet normal -0.6343932841636385 -0.7730104533627428 2.2897666809734633e-19
    outer loop
      vertex 62.0278181408039 165.28654143383199 0
      vertex 62.44454364826301 164.944543648263 0
      vertex 62.44454364826301 164.944543648263 3.45
    endloop
  endfacet
  facet normal -0.8819212643483523 -0.47139673682600297 0
    outer loop
      vertex 63.04066871440604 164.052379439004 0
      vertex 63.04066871440604 164.052379439004 3.45
      vertex 62.786541433832 164.5278181408039 0
    endloop
  endfacet
  facet normal -0.7730104533627321 -0.6343932841636514 1.7640855016045433e-18
    outer loop
      vertex 62.44454364826301 164.944543648263 0
      vertex 62.786541433832 164.5278181408039 0
      vertex 62.786541433832 164.5278181408039 3.45
    endloop
  endfacet
  facet normal 0.9569403357322084 0.29028467725446416 0
    outer loop
      vertex 57.95933128559396 161.947620560996 0
      vertex 57.80284047889111 162.46350161445565 3.45
      vertex 57.95933128559396 161.947620560996 3.45
    endloop
  endfacet
  facet normal 0.8819212643483523 0.47139673682600297 0
    outer loop
      vertex 58.213458566168 161.4721818591961 0
      vertex 57.95933128559396 161.947620560996 3.45
      vertex 58.213458566168 161.4721818591961 3.45
    endloop
  endfacet
  facet normal 0.7730104533627321 0.6343932841636514 0
    outer loop
      vertex 58.55545635173699 161.055456351737 0
      vertex 58.213458566168 161.4721818591961 3.45
      vertex 58.55545635173699 161.055456351737 3.45
    endloop
  endfacet
  facet normal 0.9951847266721973 0.09801714032955577 0
    outer loop
      vertex 57.80284047889111 162.46350161445565 0
      vertex 57.75 163 3.45
      vertex 57.80284047889111 162.46350161445565 3.45
    endloop
  endfacet
  facet normal 0.9951847266721973 -0.09801714032955577 0
    outer loop
      vertex 57.75 163 0
      vertex 57.80284047889111 163.53649838554435 3.45
      vertex 57.75 163 3.45
    endloop
  endfacet
  facet normal 0.9569403357322084 -0.29028467725446416 0
    outer loop
      vertex 57.80284047889111 163.53649838554435 0
      vertex 57.95933128559396 164.052379439004 3.45
      vertex 57.80284047889111 163.53649838554435 3.45
    endloop
  endfacet
  facet normal 0.8819212643483523 -0.47139673682600297 0
    outer loop
      vertex 57.95933128559396 164.052379439004 0
      vertex 58.213458566168 164.5278181408039 3.45
      vertex 57.95933128559396 164.052379439004 3.45
    endloop
  endfacet
  facet normal 0.7730104533627321 -0.6343932841636514 0
    outer loop
      vertex 58.213458566168 164.5278181408039 0
      vertex 58.55545635173699 164.944543648263 3.45
      vertex 58.213458566168 164.5278181408039 3.45
    endloop
  endfacet
  facet normal 0.4713967368259975 0.881921264348355 0
    outer loop
      vertex 59.447620560996 160.45933128559398 0
      vertex 58.97218185919609 160.71345856616801 3.45
      vertex 59.447620560996 160.45933128559398 3.45
    endloop
  endfacet
  facet normal 0.29028467725449186 0.9569403357321999 0
    outer loop
      vertex 59.963501614455645 160.3028404788911 0
      vertex 59.447620560996 160.45933128559398 3.45
      vertex 59.963501614455645 160.3028404788911 3.45
    endloop
  endfacet
  facet normal 0.09801714032955448 0.9951847266721975 0
    outer loop
      vertex 60.5 160.25 0
      vertex 59.963501614455645 160.3028404788911 3.45
      vertex 60.5 160.25 3.45
    endloop
  endfacet
  facet normal -0.09801714032955448 0.9951847266721975 0
    outer loop
      vertex 61.036498385544355 160.3028404788911 0
      vertex 60.5 160.25 3.45
      vertex 61.036498385544355 160.3028404788911 3.45
    endloop
  endfacet
  facet normal -0.29028467725449186 0.9569403357321999 0
    outer loop
      vertex 61.552379439004 160.45933128559398 0
      vertex 61.036498385544355 160.3028404788911 3.45
      vertex 61.552379439004 160.45933128559398 3.45
    endloop
  endfacet
  facet normal -0.47139673682600297 0.8819212643483523 0
    outer loop
      vertex 62.0278181408039 160.71345856616801 0
      vertex 61.552379439004 160.45933128559398 3.45
      vertex 62.0278181408039 160.71345856616801 3.45
    endloop
  endfacet
  facet normal 0.6343932841636449 0.7730104533627373 0
    outer loop
      vertex 58.97218185919609 160.71345856616801 0
      vertex 58.55545635173699 161.055456351737 3.45
      vertex 58.97218185919609 160.71345856616801 3.45
    endloop
  endfacet
  facet normal 0.6343932841636449 -0.7730104533627373 0
    outer loop
      vertex 58.55545635173699 164.944543648263 0
      vertex 58.97218185919609 165.28654143383199 3.45
      vertex 58.55545635173699 164.944543648263 3.45
    endloop
  endfacet
  facet normal 0.4713967368259975 -0.881921264348355 0
    outer loop
      vertex 58.97218185919609 165.28654143383199 0
      vertex 59.447620560996 165.54066871440602 3.45
      vertex 58.97218185919609 165.28654143383199 3.45
    endloop
  endfacet
  facet normal 0.29028467725449186 -0.9569403357321999 0
    outer loop
      vertex 59.447620560996 165.54066871440602 0
      vertex 59.963501614455645 165.6971595211089 3.45
      vertex 59.447620560996 165.54066871440602 3.45
    endloop
  endfacet
  facet normal 0.09801714032955448 -0.9951847266721975 0
    outer loop
      vertex 59.963501614455645 165.6971595211089 0
      vertex 60.5 165.75 3.45
      vertex 59.963501614455645 165.6971595211089 3.45
    endloop
  endfacet
  facet normal -0.09801714032955448 -0.9951847266721975 0
    outer loop
      vertex 60.5 165.75 0
      vertex 61.036498385544355 165.6971595211089 3.45
      vertex 60.5 165.75 3.45
    endloop
  endfacet
  facet normal -0.6343932841636385 0.7730104533627428 0
    outer loop
      vertex 62.44454364826301 161.055456351737 0
      vertex 62.0278181408039 160.71345856616801 3.45
      vertex 62.44454364826301 161.055456351737 3.45
    endloop
  endfacet
  facet normal -0.7730104533627321 0.6343932841636514 0
    outer loop
      vertex 62.786541433832 161.4721818591961 0
      vertex 62.44454364826301 161.055456351737 3.45
      vertex 62.786541433832 161.4721818591961 3.45
    endloop
  endfacet
  facet normal -0.8819212643483523 0.47139673682600297 0
    outer loop
      vertex 63.04066871440604 161.947620560996 0
      vertex 62.786541433832 161.4721818591961 3.45
      vertex 63.04066871440604 161.947620560996 3.45
    endloop
  endfacet
  facet normal -0.9569403357322084 0.29028467725446416 0
    outer loop
      vertex 63.19715952110889 162.46350161445565 0
      vertex 63.04066871440604 161.947620560996 3.45
      vertex 63.19715952110889 162.46350161445565 3.45
    endloop
  endfacet
  facet normal -0.9951847266721973 0.09801714032955577 0
    outer loop
      vertex 63.25 163 0
      vertex 63.19715952110889 162.46350161445565 3.45
      vertex 63.25 163 3.45
    endloop
  endfacet
  facet normal -0.9951847266721973 -0.09801714032955577 0
    outer loop
      vertex 63.19715952110889 163.53649838554435 0
      vertex 63.25 163 3.45
      vertex 63.19715952110889 163.53649838554435 3.45
    endloop
  endfacet
  facet normal -0.9569403357322084 -0.29028467725446416 0
    outer loop
      vertex 63.04066871440604 164.052379439004 0
      vertex 63.19715952110889 163.53649838554435 3.45
      vertex 63.04066871440604 164.052379439004 3.45
    endloop
  endfacet
  facet normal -0.29028467725449186 -0.9569403357321999 0
    outer loop
      vertex 61.036498385544355 165.6971595211089 0
      vertex 61.552379439004 165.54066871440602 3.45
      vertex 61.036498385544355 165.6971595211089 3.45
    endloop
  endfacet
  facet normal -0.47139673682600297 -0.8819212643483523 0
    outer loop
      vertex 61.552379439004 165.54066871440602 0
      vertex 62.0278181408039 165.28654143383199 3.45
      vertex 61.552379439004 165.54066871440602 3.45
    endloop
  endfacet
  facet normal -0.7730104533627321 -0.6343932841636514 0
    outer loop
      vertex 62.44454364826301 164.944543648263 0
      vertex 62.786541433832 164.5278181408039 3.45
      vertex 62.44454364826301 164.944543648263 3.45
    endloop
  endfacet
  facet normal -0.6343932841636385 -0.7730104533627428 0
    outer loop
      vertex 62.0278181408039 165.28654143383199 0
      vertex 62.44454364826301 164.944543648263 3.45
      vertex 62.0278181408039 165.28654143383199 3.45
    endloop
  endfacet
  facet normal -0.8819212643483523 -0.47139673682600297 0
    outer loop
      vertex 62.786541433832 164.5278181408039 0
      vertex 63.04066871440604 164.052379439004 3.45
      vertex 62.786541433832 164.5278181408039 3.45
    endloop
  endfacet
  facet normal 0.7730104533627321 0.6343932841636514 0
    outer loop
      vertex 58.213458566168 180.4721818591961 0
      vertex 58.213458566168 180.4721818591961 3.45
      vertex 58.55545635173699 180.055456351737 0
    endloop
  endfacet
  facet normal 0.4713967368259975 0.881921264348355 0
    outer loop
      vertex 58.97218185919609 179.71345856616801 0
      vertex 58.97218185919609 179.71345856616801 3.45
      vertex 59.447620560996 179.45933128559398 0
    endloop
  endfacet
  facet normal 0.6343932841636449 0.7730104533627373 0
    outer loop
      vertex 58.55545635173699 180.055456351737 0
      vertex 58.55545635173699 180.055456351737 3.45
      vertex 58.97218185919609 179.71345856616801 0
    endloop
  endfacet
  facet normal 0.29028467725449186 0.9569403357321999 0
    outer loop
      vertex 59.447620560996 179.45933128559398 0
      vertex 59.447620560996 179.45933128559398 3.45
      vertex 59.963501614455645 179.3028404788911 0
    endloop
  endfacet
  facet normal 0.09801714032955448 0.9951847266721975 0
    outer loop
      vertex 59.963501614455645 179.3028404788911 0
      vertex 59.963501614455645 179.3028404788911 3.45
      vertex 60.5 179.25 0
    endloop
  endfacet
  facet normal -0.09801714032955448 0.9951847266721975 0
    outer loop
      vertex 60.5 179.25 0
      vertex 60.5 179.25 3.45
      vertex 61.036498385544355 179.3028404788911 0
    endloop
  endfacet
  facet normal -0.29028467725449186 0.9569403357321999 0
    outer loop
      vertex 61.036498385544355 179.3028404788911 0
      vertex 61.036498385544355 179.3028404788911 3.45
      vertex 61.552379439004 179.45933128559398 0
    endloop
  endfacet
  facet normal -0.47139673682600297 0.8819212643483523 0
    outer loop
      vertex 61.552379439004 179.45933128559398 0
      vertex 61.552379439004 179.45933128559398 3.45
      vertex 62.0278181408039 179.71345856616801 0
    endloop
  endfacet
  facet normal -0.6343932841636385 0.7730104533627428 0
    outer loop
      vertex 62.0278181408039 179.71345856616801 0
      vertex 62.0278181408039 179.71345856616801 3.45
      vertex 62.44454364826301 180.055456351737 0
    endloop
  endfacet
  facet normal -0.7730104533627321 0.6343932841636514 0
    outer loop
      vertex 62.44454364826301 180.055456351737 0
      vertex 62.44454364826301 180.055456351737 3.45
      vertex 62.786541433832 180.4721818591961 0
    endloop
  endfacet
  facet normal 0.8819212643483523 0.47139673682600297 2.029425084058263e-18
    outer loop
      vertex 58.213458566168 180.4721818591961 0
      vertex 57.95933128559396 180.947620560996 0
      vertex 57.95933128559396 180.947620560996 3.45
    endloop
  endfacet
  facet normal 0.9569403357322084 0.29028467725446416 3.094019402239834e-19
    outer loop
      vertex 57.95933128559396 180.947620560996 0
      vertex 57.80284047889111 181.46350161445565 0
      vertex 57.80284047889111 181.46350161445565 3.45
    endloop
  endfacet
  facet normal 0.9951847266721973 0.09801714032955577 0
    outer loop
      vertex 57.75 182 0
      vertex 57.75 182 3.45
      vertex 57.80284047889111 181.46350161445565 0
    endloop
  endfacet
  facet normal 0.9951847266721973 -0.09801714032955577 2.9598509157468154e-19
    outer loop
      vertex 57.75 182 0
      vertex 57.80284047889111 182.53649838554435 0
      vertex 57.80284047889111 182.53649838554435 3.45
    endloop
  endfacet
  facet normal 0.9569403357322084 -0.29028467725446416 -3.094019402239834e-19
    outer loop
      vertex 57.80284047889111 182.53649838554435 0
      vertex 57.95933128559396 183.052379439004 0
      vertex 57.95933128559396 183.052379439004 3.45
    endloop
  endfacet
  facet normal 0.8819212643483523 -0.47139673682600297 -2.029425084058263e-18
    outer loop
      vertex 57.95933128559396 183.052379439004 0
      vertex 58.213458566168 183.5278181408039 0
      vertex 58.213458566168 183.5278181408039 3.45
    endloop
  endfacet
  facet normal 0.7730104533627321 -0.6343932841636514 -1.7640855016045433e-18
    outer loop
      vertex 58.213458566168 183.5278181408039 0
      vertex 58.55545635173699 183.944543648263 0
      vertex 58.55545635173699 183.944543648263 3.45
    endloop
  endfacet
  facet normal 0.6343932841636449 -0.7730104533627373 6.4651456588954956e-18
    outer loop
      vertex 58.55545635173699 183.944543648263 0
      vertex 58.97218185919609 184.28654143383199 0
      vertex 58.97218185919609 184.28654143383199 3.45
    endloop
  endfacet
  facet normal 0.4713967368259975 -0.881921264348355 -1.1850046327484117e-18
    outer loop
      vertex 58.97218185919609 184.28654143383199 0
      vertex 59.447620560996 184.54066871440602 0
      vertex 59.447620560996 184.54066871440602 3.45
    endloop
  endfacet
  facet normal 0.29028467725449186 -0.9569403357321999 7.270675717542575e-19
    outer loop
      vertex 59.447620560996 184.54066871440602 0
      vertex 59.963501614455645 184.6971595211089 0
      vertex 59.963501614455645 184.6971595211089 3.45
    endloop
  endfacet
  facet normal 0.09801714032955448 -0.9951847266721975 7.013421151857707e-19
    outer loop
      vertex 59.963501614455645 184.6971595211089 0
      vertex 60.5 184.75 0
      vertex 60.5 184.75 3.45
    endloop
  endfacet
  facet normal -0.09801714032955448 -0.9951847266721975 -7.013421151857707e-19
    outer loop
      vertex 60.5 184.75 0
      vertex 61.036498385544355 184.6971595211089 0
      vertex 61.036498385544355 184.6971595211089 3.45
    endloop
  endfacet
  facet normal -0.8819212643483523 0.47139673682600297 0
    outer loop
      vertex 62.786541433832 180.4721818591961 0
      vertex 62.786541433832 180.4721818591961 3.45
      vertex 63.04066871440604 180.947620560996 0
    endloop
  endfacet
  facet normal -0.9569403357322084 0.29028467725446416 0
    outer loop
      vertex 63.04066871440604 180.947620560996 0
      vertex 63.04066871440604 180.947620560996 3.45
      vertex 63.19715952110889 181.46350161445565 0
    endloop
  endfacet
  facet normal -0.9951847266721973 0.09801714032955577 0
    outer loop
      vertex 63.19715952110889 181.46350161445565 0
      vertex 63.19715952110889 181.46350161445565 3.45
      vertex 63.25 182 0
    endloop
  endfacet
  facet normal -0.9951847266721973 -0.09801714032955577 -2.9598509157468154e-19
    outer loop
      vertex 63.19715952110889 182.53649838554435 0
      vertex 63.25 182 0
      vertex 63.25 182 3.45
    endloop
  endfacet
  facet normal -0.9569403357322084 -0.29028467725446416 0
    outer loop
      vertex 63.19715952110889 182.53649838554435 0
      vertex 63.19715952110889 182.53649838554435 3.45
      vertex 63.04066871440604 183.052379439004 0
    endloop
  endfacet
  facet normal -0.8819212643483523 -0.47139673682600297 2.029425084058263e-18
    outer loop
      vertex 62.786541433832 183.5278181408039 0
      vertex 63.04066871440604 183.052379439004 0
      vertex 63.04066871440604 183.052379439004 3.45
    endloop
  endfacet
  facet normal -0.7730104533627321 -0.6343932841636514 0
    outer loop
      vertex 62.786541433832 183.5278181408039 0
      vertex 62.786541433832 183.5278181408039 3.45
      vertex 62.44454364826301 183.944543648263 0
    endloop
  endfacet
  facet normal -0.29028467725449186 -0.9569403357321999 -7.270675717542575e-19
    outer loop
      vertex 61.036498385544355 184.6971595211089 0
      vertex 61.552379439004 184.54066871440602 0
      vertex 61.552379439004 184.54066871440602 3.45
    endloop
  endfacet
  facet normal -0.47139673682600297 -0.8819212643483523 2.029425084058263e-18
    outer loop
      vertex 61.552379439004 184.54066871440602 0
      vertex 62.0278181408039 184.28654143383199 0
      vertex 62.0278181408039 184.28654143383199 3.45
    endloop
  endfacet
  facet normal -0.6343932841636385 -0.7730104533627428 2.2897666809734633e-19
    outer loop
      vertex 62.0278181408039 184.28654143383199 0
      vertex 62.44454364826301 183.944543648263 0
      vertex 62.44454364826301 183.944543648263 3.45
    endloop
  endfacet
  facet normal 0.7730104533627321 0.6343932841636514 0
    outer loop
      vertex 58.55545635173699 180.055456351737 0
      vertex 58.213458566168 180.4721818591961 3.45
      vertex 58.55545635173699 180.055456351737 3.45
    endloop
  endfacet
  facet normal 0.6343932841636449 0.7730104533627373 0
    outer loop
      vertex 58.97218185919609 179.71345856616801 0
      vertex 58.55545635173699 180.055456351737 3.45
      vertex 58.97218185919609 179.71345856616801 3.45
    endloop
  endfacet
  facet normal 0.4713967368259975 0.881921264348355 0
    outer loop
      vertex 59.447620560996 179.45933128559398 0
      vertex 58.97218185919609 179.71345856616801 3.45
      vertex 59.447620560996 179.45933128559398 3.45
    endloop
  endfacet
  facet normal 0.29028467725449186 0.9569403357321999 0
    outer loop
      vertex 59.963501614455645 179.3028404788911 0
      vertex 59.447620560996 179.45933128559398 3.45
      vertex 59.963501614455645 179.3028404788911 3.45
    endloop
  endfacet
  facet normal 0.09801714032955448 0.9951847266721975 0
    outer loop
      vertex 60.5 179.25 0
      vertex 59.963501614455645 179.3028404788911 3.45
      vertex 60.5 179.25 3.45
    endloop
  endfacet
  facet normal -0.09801714032955448 0.9951847266721975 0
    outer loop
      vertex 61.036498385544355 179.3028404788911 0
      vertex 60.5 179.25 3.45
      vertex 61.036498385544355 179.3028404788911 3.45
    endloop
  endfacet
  facet normal -0.29028467725449186 0.9569403357321999 0
    outer loop
      vertex 61.552379439004 179.45933128559398 0
      vertex 61.036498385544355 179.3028404788911 3.45
      vertex 61.552379439004 179.45933128559398 3.45
    endloop
  endfacet
  facet normal -0.47139673682600297 0.8819212643483523 0
    outer loop
      vertex 62.0278181408039 179.71345856616801 0
      vertex 61.552379439004 179.45933128559398 3.45
      vertex 62.0278181408039 179.71345856616801 3.45
    endloop
  endfacet
  facet normal -0.6343932841636385 0.7730104533627428 0
    outer loop
      vertex 62.44454364826301 180.055456351737 0
      vertex 62.0278181408039 179.71345856616801 3.45
      vertex 62.44454364826301 180.055456351737 3.45
    endloop
  endfacet
  facet normal -0.7730104533627321 0.6343932841636514 0
    outer loop
      vertex 62.786541433832 180.4721818591961 0
      vertex 62.44454364826301 180.055456351737 3.45
      vertex 62.786541433832 180.4721818591961 3.45
    endloop
  endfacet
  facet normal 0.9569403357322084 0.29028467725446416 0
    outer loop
      vertex 57.95933128559396 180.947620560996 0
      vertex 57.80284047889111 181.46350161445565 3.45
      vertex 57.95933128559396 180.947620560996 3.45
    endloop
  endfacet
  facet normal 0.9951847266721973 0.09801714032955577 0
    outer loop
      vertex 57.80284047889111 181.46350161445565 0
      vertex 57.75 182 3.45
      vertex 57.80284047889111 181.46350161445565 3.45
    endloop
  endfacet
  facet normal 0.8819212643483523 0.47139673682600297 0
    outer loop
      vertex 58.213458566168 180.4721818591961 0
      vertex 57.95933128559396 180.947620560996 3.45
      vertex 58.213458566168 180.4721818591961 3.45
    endloop
  endfacet
  facet normal 0.9951847266721973 -0.09801714032955577 0
    outer loop
      vertex 57.75 182 0
      vertex 57.80284047889111 182.53649838554435 3.45
      vertex 57.75 182 3.45
    endloop
  endfacet
  facet normal 0.9569403357322084 -0.29028467725446416 0
    outer loop
      vertex 57.80284047889111 182.53649838554435 0
      vertex 57.95933128559396 183.052379439004 3.45
      vertex 57.80284047889111 182.53649838554435 3.45
    endloop
  endfacet
  facet normal 0.8819212643483523 -0.47139673682600297 0
    outer loop
      vertex 57.95933128559396 183.052379439004 0
      vertex 58.213458566168 183.5278181408039 3.45
      vertex 57.95933128559396 183.052379439004 3.45
    endloop
  endfacet
  facet normal 0.7730104533627321 -0.6343932841636514 0
    outer loop
      vertex 58.213458566168 183.5278181408039 0
      vertex 58.55545635173699 183.944543648263 3.45
      vertex 58.213458566168 183.5278181408039 3.45
    endloop
  endfacet
  facet normal 0.6343932841636449 -0.7730104533627373 0
    outer loop
      vertex 58.55545635173699 183.944543648263 0
      vertex 58.97218185919609 184.28654143383199 3.45
      vertex 58.55545635173699 183.944543648263 3.45
    endloop
  endfacet
  facet normal 0.4713967368259975 -0.881921264348355 0
    outer loop
      vertex 58.97218185919609 184.28654143383199 0
      vertex 59.447620560996 184.54066871440602 3.45
      vertex 58.97218185919609 184.28654143383199 3.45
    endloop
  endfacet
  facet normal 0.29028467725449186 -0.9569403357321999 0
    outer loop
      vertex 59.447620560996 184.54066871440602 0
      vertex 59.963501614455645 184.6971595211089 3.45
      vertex 59.447620560996 184.54066871440602 3.45
    endloop
  endfacet
  facet normal 0.09801714032955448 -0.9951847266721975 0
    outer loop
      vertex 59.963501614455645 184.6971595211089 0
      vertex 60.5 184.75 3.45
      vertex 59.963501614455645 184.6971595211089 3.45
    endloop
  endfacet
  facet normal -0.09801714032955448 -0.9951847266721975 0
    outer loop
      vertex 60.5 184.75 0
      vertex 61.036498385544355 184.6971595211089 3.45
      vertex 60.5 184.75 3.45
    endloop
  endfacet
  facet normal -0.8819212643483523 0.47139673682600297 0
    outer loop
      vertex 63.04066871440604 180.947620560996 0
      vertex 62.786541433832 180.4721818591961 3.45
      vertex 63.04066871440604 180.947620560996 3.45
    endloop
  endfacet
  facet normal -0.9569403357322084 0.29028467725446416 0
    outer loop
      vertex 63.19715952110889 181.46350161445565 0
      vertex 63.04066871440604 180.947620560996 3.45
      vertex 63.19715952110889 181.46350161445565 3.45
    endloop
  endfacet
  facet normal -0.9951847266721973 0.09801714032955577 0
    outer loop
      vertex 63.25 182 0
      vertex 63.19715952110889 181.46350161445565 3.45
      vertex 63.25 182 3.45
    endloop
  endfacet
  facet normal -0.9951847266721973 -0.09801714032955577 0
    outer loop
      vertex 63.19715952110889 182.53649838554435 0
      vertex 63.25 182 3.45
      vertex 63.19715952110889 182.53649838554435 3.45
    endloop
  endfacet
  facet normal -0.9569403357322084 -0.29028467725446416 0
    outer loop
      vertex 63.04066871440604 183.052379439004 0
      vertex 63.19715952110889 182.53649838554435 3.45
      vertex 63.04066871440604 183.052379439004 3.45
    endloop
  endfacet
  facet normal -0.8819212643483523 -0.47139673682600297 0
    outer loop
      vertex 62.786541433832 183.5278181408039 0
      vertex 63.04066871440604 183.052379439004 3.45
      vertex 62.786541433832 183.5278181408039 3.45
    endloop
  endfacet
  facet normal -0.29028467725449186 -0.9569403357321999 0
    outer loop
      vertex 61.036498385544355 184.6971595211089 0
      vertex 61.552379439004 184.54066871440602 3.45
      vertex 61.036498385544355 184.6971595211089 3.45
    endloop
  endfacet
  facet normal -0.47139673682600297 -0.8819212643483523 0
    outer loop
      vertex 61.552379439004 184.54066871440602 0
      vertex 62.0278181408039 184.28654143383199 3.45
      vertex 61.552379439004 184.54066871440602 3.45
    endloop
  endfacet
  facet normal -0.6343932841636385 -0.7730104533627428 0
    outer loop
      vertex 62.0278181408039 184.28654143383199 0
      vertex 62.44454364826301 183.944543648263 3.45
      vertex 62.0278181408039 184.28654143383199 3.45
    endloop
  endfacet
  facet normal -0.7730104533627321 -0.6343932841636514 0
    outer loop
      vertex 62.44454364826301 183.944543648263 0
      vertex 62.786541433832 183.5278181408039 3.45
      vertex 62.44454364826301 183.944543648263 3.45
    endloop
  endfacet
  facet normal 0.8819212643483523 0.47139673682600297 0
    outer loop
      vertex 57.95933128559396 199.947620560996 0
      vertex 57.95933128559396 199.947620560996 3.45
      vertex 58.213458566168 199.4721818591961 0
    endloop
  endfacet
  facet normal 0.7730104533627321 0.6343932841636514 1.7640855016045433e-18
    outer loop
      vertex 58.55545635173699 199.055456351737 0
      vertex 58.213458566168 199.4721818591961 0
      vertex 58.213458566168 199.4721818591961 3.45
    endloop
  endfacet
  facet normal 0.9569403357322084 0.29028467725446416 3.094019402239834e-19
    outer loop
      vertex 57.95933128559396 199.947620560996 0
      vertex 57.80284047889111 200.46350161445565 0
      vertex 57.80284047889111 200.46350161445565 3.45
    endloop
  endfacet
  facet normal 0.9951847266721973 0.09801714032955577 0
    outer loop
      vertex 57.75 201 0
      vertex 57.75 201 3.45
      vertex 57.80284047889111 200.46350161445565 0
    endloop
  endfacet
  facet normal 0.9951847266721973 -0.09801714032955577 2.9598509157468154e-19
    outer loop
      vertex 57.75 201 0
      vertex 57.80284047889111 201.53649838554435 0
      vertex 57.80284047889111 201.53649838554435 3.45
    endloop
  endfacet
  facet normal 0.9569403357322084 -0.29028467725446416 -3.094019402239834e-19
    outer loop
      vertex 57.80284047889111 201.53649838554435 0
      vertex 57.95933128559396 202.052379439004 0
      vertex 57.95933128559396 202.052379439004 3.45
    endloop
  endfacet
  facet normal 0.8819212643483523 -0.47139673682600297 -2.029425084058263e-18
    outer loop
      vertex 57.95933128559396 202.052379439004 0
      vertex 58.213458566168 202.5278181408039 0
      vertex 58.213458566168 202.5278181408039 3.45
    endloop
  endfacet
  facet normal 0.7730104533627321 -0.6343932841636514 -1.7640855016045433e-18
    outer loop
      vertex 58.213458566168 202.5278181408039 0
      vertex 58.55545635173699 202.944543648263 0
      vertex 58.55545635173699 202.944543648263 3.45
    endloop
  endfacet
  facet normal 0.29028467725449186 0.9569403357321999 0
    outer loop
      vertex 59.447620560996 198.45933128559398 0
      vertex 59.447620560996 198.45933128559398 3.45
      vertex 59.963501614455645 198.3028404788911 0
    endloop
  endfacet
  facet normal 0.6343932841636449 0.7730104533627373 0
    outer loop
      vertex 58.55545635173699 199.055456351737 0
      vertex 58.55545635173699 199.055456351737 3.45
      vertex 58.97218185919609 198.71345856616801 0
    endloop
  endfacet
  facet normal 0.4713967368259975 0.881921264348355 1.1850046327484117e-18
    outer loop
      vertex 59.447620560996 198.45933128559398 0
      vertex 58.97218185919609 198.71345856616801 0
      vertex 58.97218185919609 198.71345856616801 3.45
    endloop
  endfacet
  facet normal 0.09801714032955448 0.9951847266721975 0
    outer loop
      vertex 59.963501614455645 198.3028404788911 0
      vertex 59.963501614455645 198.3028404788911 3.45
      vertex 60.5 198.25 0
    endloop
  endfacet
  facet normal -0.09801714032955448 0.9951847266721975 0
    outer loop
      vertex 60.5 198.25 0
      vertex 60.5 198.25 3.45
      vertex 61.036498385544355 198.3028404788911 0
    endloop
  endfacet
  facet normal -0.29028467725449186 0.9569403357321999 0
    outer loop
      vertex 61.036498385544355 198.3028404788911 0
      vertex 61.036498385544355 198.3028404788911 3.45
      vertex 61.552379439004 198.45933128559398 0
    endloop
  endfacet
  facet normal -0.47139673682600297 0.8819212643483523 0
    outer loop
      vertex 61.552379439004 198.45933128559398 0
      vertex 61.552379439004 198.45933128559398 3.45
      vertex 62.0278181408039 198.71345856616801 0
    endloop
  endfacet
  facet normal -0.6343932841636385 0.7730104533627428 0
    outer loop
      vertex 62.0278181408039 198.71345856616801 0
      vertex 62.0278181408039 198.71345856616801 3.45
      vertex 62.44454364826301 199.055456351737 0
    endloop
  endfacet
  facet normal -0.7730104533627321 0.6343932841636514 0
    outer loop
      vertex 62.44454364826301 199.055456351737 0
      vertex 62.44454364826301 199.055456351737 3.45
      vertex 62.786541433832 199.4721818591961 0
    endloop
  endfacet
  facet normal -0.8819212643483523 0.47139673682600297 0
    outer loop
      vertex 62.786541433832 199.4721818591961 0
      vertex 62.786541433832 199.4721818591961 3.45
      vertex 63.04066871440604 199.947620560996 0
    endloop
  endfacet
  facet normal -0.9569403357322084 0.29028467725446416 0
    outer loop
      vertex 63.04066871440604 199.947620560996 0
      vertex 63.04066871440604 199.947620560996 3.45
      vertex 63.19715952110889 200.46350161445565 0
    endloop
  endfacet
  facet normal 0.6343932841636449 -0.7730104533627373 6.4651456588954956e-18
    outer loop
      vertex 58.55545635173699 202.944543648263 0
      vertex 58.97218185919609 203.28654143383199 0
      vertex 58.97218185919609 203.28654143383199 3.45
    endloop
  endfacet
  facet normal 0.4713967368259975 -0.881921264348355 -1.1850046327484117e-18
    outer loop
      vertex 58.97218185919609 203.28654143383199 0
      vertex 59.447620560996 203.54066871440602 0
      vertex 59.447620560996 203.54066871440602 3.45
    endloop
  endfacet
  facet normal 0.29028467725449186 -0.9569403357321999 7.270675717542575e-19
    outer loop
      vertex 59.447620560996 203.54066871440602 0
      vertex 59.963501614455645 203.6971595211089 0
      vertex 59.963501614455645 203.6971595211089 3.45
    endloop
  endfacet
  facet normal 0.09801714032955448 -0.9951847266721975 7.013421151857707e-19
    outer loop
      vertex 59.963501614455645 203.6971595211089 0
      vertex 60.5 203.75 0
      vertex 60.5 203.75 3.45
    endloop
  endfacet
  facet normal -0.09801714032955448 -0.9951847266721975 -7.013421151857707e-19
    outer loop
      vertex 60.5 203.75 0
      vertex 61.036498385544355 203.6971595211089 0
      vertex 61.036498385544355 203.6971595211089 3.45
    endloop
  endfacet
  facet normal -0.47139673682600297 -0.8819212643483523 0
    outer loop
      vertex 62.0278181408039 203.28654143383199 0
      vertex 62.0278181408039 203.28654143383199 3.45
      vertex 61.552379439004 203.54066871440602 0
    endloop
  endfacet
  facet normal -0.9951847266721973 0.09801714032955577 0
    outer loop
      vertex 63.19715952110889 200.46350161445565 0
      vertex 63.19715952110889 200.46350161445565 3.45
      vertex 63.25 201 0
    endloop
  endfacet
  facet normal -0.9951847266721973 -0.09801714032955577 -2.9598509157468154e-19
    outer loop
      vertex 63.19715952110889 201.53649838554435 0
      vertex 63.25 201 0
      vertex 63.25 201 3.45
    endloop
  endfacet
  facet normal -0.9569403357322084 -0.29028467725446416 0
    outer loop
      vertex 63.19715952110889 201.53649838554435 0
      vertex 63.19715952110889 201.53649838554435 3.45
      vertex 63.04066871440604 202.052379439004 0
    endloop
  endfacet
  facet normal -0.6343932841636385 -0.7730104533627428 2.2897666809734633e-19
    outer loop
      vertex 62.0278181408039 203.28654143383199 0
      vertex 62.44454364826301 202.944543648263 0
      vertex 62.44454364826301 202.944543648263 3.45
    endloop
  endfacet
  facet normal -0.8819212643483523 -0.47139673682600297 2.029425084058263e-18
    outer loop
      vertex 62.786541433832 202.5278181408039 0
      vertex 63.04066871440604 202.052379439004 0
      vertex 63.04066871440604 202.052379439004 3.45
    endloop
  endfacet
  facet normal -0.7730104533627321 -0.6343932841636514 1.7640855016045433e-18
    outer loop
      vertex 62.44454364826301 202.944543648263 0
      vertex 62.786541433832 202.5278181408039 0
      vertex 62.786541433832 202.5278181408039 3.45
    endloop
  endfacet
  facet normal -0.29028467725449186 -0.9569403357321999 -7.270675717542575e-19
    outer loop
      vertex 61.036498385544355 203.6971595211089 0
      vertex 61.552379439004 203.54066871440602 0
      vertex 61.552379439004 203.54066871440602 3.45
    endloop
  endfacet
  facet normal 0.9569403357322084 0.29028467725446416 0
    outer loop
      vertex 57.95933128559396 199.947620560996 0
      vertex 57.80284047889111 200.46350161445565 3.45
      vertex 57.95933128559396 199.947620560996 3.45
    endloop
  endfacet
  facet normal 0.7730104533627321 0.6343932841636514 0
    outer loop
      vertex 58.55545635173699 199.055456351737 0
      vertex 58.213458566168 199.4721818591961 3.45
      vertex 58.55545635173699 199.055456351737 3.45
    endloop
  endfacet
  facet normal 0.8819212643483523 0.47139673682600297 0
    outer loop
      vertex 58.213458566168 199.4721818591961 0
      vertex 57.95933128559396 199.947620560996 3.45
      vertex 58.213458566168 199.4721818591961 3.45
    endloop
  endfacet
  facet normal 0.9951847266721973 0.09801714032955577 0
    outer loop
      vertex 57.80284047889111 200.46350161445565 0
      vertex 57.75 201 3.45
      vertex 57.80284047889111 200.46350161445565 3.45
    endloop
  endfacet
  facet normal 0.9951847266721973 -0.09801714032955577 0
    outer loop
      vertex 57.75 201 0
      vertex 57.80284047889111 201.53649838554435 3.45
      vertex 57.75 201 3.45
    endloop
  endfacet
  facet normal 0.9569403357322084 -0.29028467725446416 0
    outer loop
      vertex 57.80284047889111 201.53649838554435 0
      vertex 57.95933128559396 202.052379439004 3.45
      vertex 57.80284047889111 201.53649838554435 3.45
    endloop
  endfacet
  facet normal 0.8819212643483523 -0.47139673682600297 0
    outer loop
      vertex 57.95933128559396 202.052379439004 0
      vertex 58.213458566168 202.5278181408039 3.45
      vertex 57.95933128559396 202.052379439004 3.45
    endloop
  endfacet
  facet normal 0.7730104533627321 -0.6343932841636514 0
    outer loop
      vertex 58.213458566168 202.5278181408039 0
      vertex 58.55545635173699 202.944543648263 3.45
      vertex 58.213458566168 202.5278181408039 3.45
    endloop
  endfacet
  facet normal 0.4713967368259975 0.881921264348355 0
    outer loop
      vertex 59.447620560996 198.45933128559398 0
      vertex 58.97218185919609 198.71345856616801 3.45
      vertex 59.447620560996 198.45933128559398 3.45
    endloop
  endfacet
  facet normal 0.6343932841636449 0.7730104533627373 0
    outer loop
      vertex 58.97218185919609 198.71345856616801 0
      vertex 58.55545635173699 199.055456351737 3.45
      vertex 58.97218185919609 198.71345856616801 3.45
    endloop
  endfacet
  facet normal 0.29028467725449186 0.9569403357321999 0
    outer loop
      vertex 59.963501614455645 198.3028404788911 0
      vertex 59.447620560996 198.45933128559398 3.45
      vertex 59.963501614455645 198.3028404788911 3.45
    endloop
  endfacet
  facet normal 0.09801714032955448 0.9951847266721975 0
    outer loop
      vertex 60.5 198.25 0
      vertex 59.963501614455645 198.3028404788911 3.45
      vertex 60.5 198.25 3.45
    endloop
  endfacet
  facet normal -0.09801714032955448 0.9951847266721975 0
    outer loop
      vertex 61.036498385544355 198.3028404788911 0
      vertex 60.5 198.25 3.45
      vertex 61.036498385544355 198.3028404788911 3.45
    endloop
  endfacet
  facet normal -0.29028467725449186 0.9569403357321999 0
    outer loop
      vertex 61.552379439004 198.45933128559398 0
      vertex 61.036498385544355 198.3028404788911 3.45
      vertex 61.552379439004 198.45933128559398 3.45
    endloop
  endfacet
  facet normal -0.47139673682600297 0.8819212643483523 0
    outer loop
      vertex 62.0278181408039 198.71345856616801 0
      vertex 61.552379439004 198.45933128559398 3.45
      vertex 62.0278181408039 198.71345856616801 3.45
    endloop
  endfacet
  facet normal -0.6343932841636385 0.7730104533627428 0
    outer loop
      vertex 62.44454364826301 199.055456351737 0
      vertex 62.0278181408039 198.71345856616801 3.45
      vertex 62.44454364826301 199.055456351737 3.45
    endloop
  endfacet
  facet normal -0.7730104533627321 0.6343932841636514 0
    outer loop
      vertex 62.786541433832 199.4721818591961 0
      vertex 62.44454364826301 199.055456351737 3.45
      vertex 62.786541433832 199.4721818591961 3.45
    endloop
  endfacet
  facet normal -0.8819212643483523 0.47139673682600297 0
    outer loop
      vertex 63.04066871440604 199.947620560996 0
      vertex 62.786541433832 199.4721818591961 3.45
      vertex 63.04066871440604 199.947620560996 3.45
    endloop
  endfacet
  facet normal 0.6343932841636449 -0.7730104533627373 0
    outer loop
      vertex 58.55545635173699 202.944543648263 0
      vertex 58.97218185919609 203.28654143383199 3.45
      vertex 58.55545635173699 202.944543648263 3.45
    endloop
  endfacet
  facet normal 0.4713967368259975 -0.881921264348355 0
    outer loop
      vertex 58.97218185919609 203.28654143383199 0
      vertex 59.447620560996 203.54066871440602 3.45
      vertex 58.97218185919609 203.28654143383199 3.45
    endloop
  endfacet
  facet normal 0.29028467725449186 -0.9569403357321999 0
    outer loop
      vertex 59.447620560996 203.54066871440602 0
      vertex 59.963501614455645 203.6971595211089 3.45
      vertex 59.447620560996 203.54066871440602 3.45
    endloop
  endfacet
  facet normal 0.09801714032955448 -0.9951847266721975 0
    outer loop
      vertex 59.963501614455645 203.6971595211089 0
      vertex 60.5 203.75 3.45
      vertex 59.963501614455645 203.6971595211089 3.45
    endloop
  endfacet
  facet normal -0.09801714032955448 -0.9951847266721975 0
    outer loop
      vertex 60.5 203.75 0
      vertex 61.036498385544355 203.6971595211089 3.45
      vertex 60.5 203.75 3.45
    endloop
  endfacet
  facet normal -0.47139673682600297 -0.8819212643483523 0
    outer loop
      vertex 61.552379439004 203.54066871440602 0
      vertex 62.0278181408039 203.28654143383199 3.45
      vertex 61.552379439004 203.54066871440602 3.45
    endloop
  endfacet
  facet normal -0.9569403357322084 0.29028467725446416 0
    outer loop
      vertex 63.19715952110889 200.46350161445565 0
      vertex 63.04066871440604 199.947620560996 3.45
      vertex 63.19715952110889 200.46350161445565 3.45
    endloop
  endfacet
  facet normal -0.9951847266721973 0.09801714032955577 0
    outer loop
      vertex 63.25 201 0
      vertex 63.19715952110889 200.46350161445565 3.45
      vertex 63.25 201 3.45
    endloop
  endfacet
  facet normal -0.9951847266721973 -0.09801714032955577 0
    outer loop
      vertex 63.19715952110889 201.53649838554435 0
      vertex 63.25 201 3.45
      vertex 63.19715952110889 201.53649838554435 3.45
    endloop
  endfacet
  facet normal -0.6343932841636385 -0.7730104533627428 0
    outer loop
      vertex 62.0278181408039 203.28654143383199 0
      vertex 62.44454364826301 202.944543648263 3.45
      vertex 62.0278181408039 203.28654143383199 3.45
    endloop
  endfacet
  facet normal -0.7730104533627321 -0.6343932841636514 0
    outer loop
      vertex 62.44454364826301 202.944543648263 0
      vertex 62.786541433832 202.5278181408039 3.45
      vertex 62.44454364826301 202.944543648263 3.45
    endloop
  endfacet
  facet normal -0.8819212643483523 -0.47139673682600297 0
    outer loop
      vertex 62.786541433832 202.5278181408039 0
      vertex 63.04066871440604 202.052379439004 3.45
      vertex 62.786541433832 202.5278181408039 3.45
    endloop
  endfacet
  facet normal -0.9569403357322084 -0.29028467725446416 0
    outer loop
      vertex 63.04066871440604 202.052379439004 0
      vertex 63.19715952110889 201.53649838554435 3.45
      vertex 63.04066871440604 202.052379439004 3.45
    endloop
  endfacet
  facet normal -0.29028467725449186 -0.9569403357321999 0
    outer loop
      vertex 61.036498385544355 203.6971595211089 0
      vertex 61.552379439004 203.54066871440602 3.45
      vertex 61.036498385544355 203.6971595211089 3.45
    endloop
  endfacet
  facet normal 0 -1 0
    outer loop
      vertex 66.25 28.60000000000001 0.6
      vertex 87.06 28.60000000000001 0.6
      vertex 87.05 28.60000000000001 1.29
    endloop
  endfacet
  facet normal 0 1 1.544658121217609e-14
    outer loop
      vertex 87.06 29.40000000000001 0.6
      vertex 66.25 29.40000000000001 0.6
      vertex 87.06 29.4 1.29
    endloop
  endfacet
  facet normal 1 0 0
    outer loop
      vertex 87.06 28.60000000000001 0.6
      vertex 87.06 29.40000000000001 0.6
      vertex 87.06 28.60000000000001 1.29
    endloop
  endfacet
  facet normal 0 -1 0
    outer loop
      vertex 66.25 28.60000000000001 0.6
      vertex 87.05 28.60000000000001 1.29
      vertex 66.25 28.60000000000001 1.29
    endloop
  endfacet
  facet normal 5.121643938684047e-16 1 0
    outer loop
      vertex 66.25 29.40000000000001 1.2899999999999998
      vertex 87.06 29.4 1.29
      vertex 66.25 29.40000000000001 0.6
    endloop
  endfacet
  facet normal 0 -1 0
    outer loop
      vertex 87.06 28.60000000000001 0.6
      vertex 87.06 28.60000000000001 1.29
      vertex 87.05 28.60000000000001 1.29
    endloop
  endfacet
  facet normal 1 0 0
    outer loop
      vertex 87.06 29.40000000000001 0.6
      vertex 87.06 29.4 1.29
      vertex 87.06 28.60000000000001 1.29
    endloop
  endfacet
  facet normal 1.0670091538925185e-17 1.70803542250024e-16 -1
    outer loop
      vertex 66.25 29.40000000000001 1.2899999999999998
      vertex 66.25 30.70000000000001 1.29
      vertex 87.06 29.4 1.29
    endloop
  endfacet
  facet normal 0 0 -1
    outer loop
      vertex 66.25 30.70000000000001 1.29
      vertex 87.06 30.696111111111115 1.29
      vertex 87.06 29.4 1.29
    endloop
  endfacet
  facet normal -1.0670091538925098e-17 -5.709718412349232e-14 -1
    outer loop
      vertex 66.25 30.70000000000001 1.29
      vertex 87.06 30.70000000000001 1.2899999999999998
      vertex 87.06 30.696111111111115 1.29
    endloop
  endfacet
  facet normal 0 1 0
    outer loop
      vertex 66.25 30.70000000000001 1.29
      vertex 66.25 30.70000000000001 1.2939234449760766
      vertex 86.7951219512195 30.70000000000001 2.0999999999999996
    endloop
  endfacet
  facet normal 0 1 0
    outer loop
      vertex 66.25 30.70000000000001 1.29
      vertex 86.7951219512195 30.70000000000001 2.0999999999999996
      vertex 87.06 30.70000000000001 1.2899999999999998
    endloop
  endfacet
  facet normal 1 0 0
    outer loop
      vertex 87.06 30.696111111111115 1.29
      vertex 87.06 30.70000000000001 1.2899999999999998
      vertex 87.06 30.70000000000001 2.0999999999999996
    endloop
  endfacet
  facet normal 0 1 0
    outer loop
      vertex 87.06 30.70000000000001 1.2899999999999998
      vertex 86.7951219512195 30.70000000000001 2.0999999999999996
      vertex 87.05 30.70000000000001 2.0999999999999996
    endloop
  endfacet
  facet normal 1 0 0
    outer loop
      vertex 87.06 30.696111111111115 1.29
      vertex 87.06 30.70000000000001 2.0999999999999996
      vertex 87.06 30.696111111111115 2.0999999999999996
    endloop
  endfacet
  facet normal 0 1 0
    outer loop
      vertex 87.06 30.70000000000001 1.2899999999999998
      vertex 87.05 30.70000000000001 2.0999999999999996
      vertex 87.06 30.70000000000001 2.0999999999999996
    endloop
  endfacet
  facet normal 0 0 1
    outer loop
      vertex 87.06 30.696111111111115 2.0999999999999996
      vertex 87.06 30.70000000000001 2.0999999999999996
      vertex 87.05 30.70000000000001 2.0999999999999996
    endloop
  endfacet
  facet normal 0 0 -1
    outer loop
      vertex 87.06 28.60000000000001 1.29
      vertex 87.06 29.4 1.29
      vertex 91.55 28.95000000000001 1.29
    endloop
  endfacet
  facet normal 0 0 -1
    outer loop
      vertex 87.06 28.60000000000001 1.29
      vertex 91.55 28.95000000000001 1.29
      vertex 91.55 28.60000000000001 1.29
    endloop
  endfacet
  facet normal 0 0 -1
    outer loop
      vertex 87.06 29.4 1.29
      vertex 87.06 30.696111111111115 1.29
      vertex 91.55 28.95000000000001 1.29
    endloop
  endfacet
  facet normal 0 -1 0
    outer loop
      vertex 66.25 28.60000000000001 1.29
      vertex 87.05 28.60000000000001 1.29
      vertex 91.55 28.60000000000001 2.1100000000000003
    endloop
  endfacet
  facet normal 0 -1 0
    outer loop
      vertex 87.06 28.60000000000001 1.29
      vertex 91.55 28.60000000000001 2.1100000000000003
      vertex 87.05 28.60000000000001 1.29
    endloop
  endfacet
  facet normal 0 -1 0
    outer loop
      vertex 87.06 28.60000000000001 1.29
      vertex 91.55 28.60000000000001 1.29
      vertex 91.55 28.60000000000001 2.1100000000000003
    endloop
  endfacet
  facet normal 0.3624462611549477 0.9320046715412962 0
    outer loop
      vertex 87.06 30.696111111111115 1.29
      vertex 87.06 30.696111111111115 2.0999999999999996
      vertex 91.55 28.95000000000001 1.29
    endloop
  endfacet
  facet normal 1 0 0
    outer loop
      vertex 91.55 28.60000000000001 1.29
      vertex 91.55 28.95000000000001 1.29
      vertex 91.55 28.60000000000001 2.1100000000000003
    endloop
  endfacet
  facet normal 0 -1 0
    outer loop
      vertex 66.25 28.60000000000001 1.29
      vertex 91.55 28.60000000000001 2.1100000000000003
      vertex 66.25 28.60000000000001 2.1100000000000003
    endloop
  endfacet
  facet normal 0 1 0
    outer loop
      vertex 66.25 30.70000000000001 1.2939234449760766
      vertex 66.25 30.70000000000001 2.1100000000000003
      vertex 86.7951219512195 30.70000000000001 2.0999999999999996
    endloop
  endfacet
  facet normal 0 0 1
    outer loop
      vertex 66.25 28.60000000000001 2.1100000000000003
      vertex 87.05 30.70000000000001 2.1100000000000003
      vertex 66.25 30.70000000000001 2.1100000000000003
    endloop
  endfacet
  facet normal 0 0 1
    outer loop
      vertex 66.25 28.60000000000001 2.1100000000000003
      vertex 91.55 28.60000000000001 2.1100000000000003
      vertex 87.05 30.70000000000001 2.1100000000000003
    endloop
  endfacet
  facet normal 0 1 0
    outer loop
      vertex 66.25 30.70000000000001 2.1100000000000003
      vertex 87.05 30.70000000000001 2.1100000000000003
      vertex 86.7951219512195 30.70000000000001 2.0999999999999996
    endloop
  endfacet
  facet normal 0.3624462611549484 0.9320046715412958 0
    outer loop
      vertex 91.55 28.95000000000001 1.29
      vertex 87.05 30.70000000000001 2.1100000000000003
      vertex 91.55 28.95000000000001 2.1100000000000003
    endloop
  endfacet
  facet normal 0.3624462611548754 0.9320046715413244 -4.4988393278409187e-13
    outer loop
      vertex 91.55 28.95000000000001 1.29
      vertex 87.06 30.696111111111115 2.0999999999999996
      vertex 87.05 30.70000000000001 2.1100000000000003
    endloop
  endfacet
  facet normal 0 0 1
    outer loop
      vertex 87.05 30.70000000000001 2.1100000000000003
      vertex 91.55 28.60000000000001 2.1100000000000003
      vertex 91.55 28.95000000000001 2.1100000000000003
    endloop
  endfacet
  facet normal 0 1 0
    outer loop
      vertex 86.7951219512195 30.70000000000001 2.0999999999999996
      vertex 87.05 30.70000000000001 2.1100000000000003
      vertex 87.05 30.70000000000001 2.0999999999999996
    endloop
  endfacet
  facet normal 0.362446261155268 0.9320046715411717 -1.0913200371308848e-17
    outer loop
      vertex 87.06 30.696111111111115 2.0999999999999996
      vertex 87.05 30.70000000000001 2.0999999999999996
      vertex 87.05 30.70000000000001 2.1100000000000003
    endloop
  endfacet
  facet normal 1 0 0
    outer loop
      vertex 91.55 28.95000000000001 1.29
      vertex 91.55 28.95000000000001 2.1100000000000003
      vertex 91.55 28.60000000000001 2.1100000000000003
    endloop
  endfacet
  facet normal 0 1 0
    outer loop
      vertex 66.25 42.60000000000001 0.6
      vertex 87.06 42.60000000000001 1.29
      vertex 87.06 42.60000000000001 0.6
    endloop
  endfacet
  facet normal 1 0 0
    outer loop
      vertex 87.06 41.80000000000001 0.6
      vertex 87.06 42.60000000000001 0.6
      vertex 87.06 41.80000000000001 1.29
    endloop
  endfacet
  facet normal 0 1 0
    outer loop
      vertex 66.25 42.60000000000001 0.6
      vertex 66.25 42.60000000000001 1.2899999999999998
      vertex 87.06 42.60000000000001 1.29
    endloop
  endfacet
  facet normal 0 -1.7080354225002353e-16 -1
    outer loop
      vertex 66.25 40.50000000000001 1.29
      vertex 66.25 41.80000000000001 1.2899999999999998
      vertex 87.05 40.50000000000001 1.29
    endloop
  endfacet
  facet normal 3.566859171584574e-15 5.709718412359597e-14 -1
    outer loop
      vertex 66.25 41.80000000000001 1.2899999999999998
      vertex 87.06 40.503888888888895 1.29
      vertex 87.06 40.50000000000001 1.2899999999999998
    endloop
  endfacet
  facet normal -2.2204460492490802e-14 -3.5544217142210164e-13 -1
    outer loop
      vertex 66.25 41.80000000000001 1.2899999999999998
      vertex 87.06 40.50000000000001 1.2899999999999998
      vertex 87.05 40.50000000000001 1.29
    endloop
  endfacet
  facet normal 1.0670091538925098e-17 0 -1
    outer loop
      vertex 66.25 41.80000000000001 1.2899999999999998
      vertex 87.06 41.80000000000001 1.29
      vertex 87.06 40.503888888888895 1.29
    endloop
  endfacet
  facet normal 0 -1 0
    outer loop
      vertex 87.06 40.50000000000001 1.2899999999999998
      vertex 87.06 40.50000000000001 2.0999999999999996
      vertex 87.05 40.50000000000001 1.29
    endloop
  endfacet
  facet normal 1 0 0
    outer loop
      vertex 87.06 40.50000000000001 1.2899999999999998
      vertex 87.06 40.503888888888895 1.29
      vertex 87.06 40.503888888888895 2.0999999999999996
    endloop
  endfacet
  facet normal 0 -1 0
    outer loop
      vertex 87.05 40.50000000000001 1.29
      vertex 87.06 40.50000000000001 2.0999999999999996
      vertex 87.05 40.50000000000001 2.0999999999999996
    endloop
  endfacet
  facet normal 1 0 0
    outer loop
      vertex 87.06 40.50000000000001 1.2899999999999998
      vertex 87.06 40.503888888888895 2.0999999999999996
      vertex 87.06 40.50000000000001 2.0999999999999996
    endloop
  endfacet
  facet normal 0 0 1
    outer loop
      vertex 87.06 40.50000000000001 2.0999999999999996
      vertex 87.06 40.503888888888895 2.0999999999999996
      vertex 87.05 40.50000000000001 2.0999999999999996
    endloop
  endfacet
  facet normal 0 0 -1
    outer loop
      vertex 87.06 40.503888888888895 1.29
      vertex 87.06 41.80000000000001 1.29
      vertex 89.83635038430955 41.80000000000001 1.29
    endloop
  endfacet
  facet normal 0 0 -1
    outer loop
      vertex 87.06 41.80000000000001 1.29
      vertex 87.06 42.60000000000001 1.29
      vertex 89.93359999999998 42.31200000000001 1.29
    endloop
  endfacet
  facet normal 0 0 -1
    outer loop
      vertex 87.06 40.503888888888895 1.29
      vertex 89.83635038430955 41.80000000000001 1.29
      vertex 90.39285714285714 41.80000000000001 1.29
    endloop
  endfacet
  facet normal 0 0 -1
    outer loop
      vertex 87.06 41.80000000000001 1.29
      vertex 90.39285714285714 42.059799554565714 1.29
      vertex 89.83635038430955 41.80000000000001 1.29
    endloop
  endfacet
  facet normal 0 0 -1
    outer loop
      vertex 90.39285714285714 42.60000000000001 1.29
      vertex 91.55 42.60000000000001 1.29
      vertex 91.02413244650086 42.35450404858301 1.29
    endloop
  endfacet
  facet normal 0 -1 0
    outer loop
      vertex 66.25 40.50000000000001 1.29
      vertex 87.05 40.50000000000001 1.29
      vertex 87.05 40.50000000000001 2.0999999999999996
    endloop
  endfacet
  facet normal 0.36244626115495043 -0.9320046715412952 -8.748673866579444e-17
    outer loop
      vertex 87.06 40.503888888888895 1.29
      vertex 90.39285714285714 41.80000000000001 1.29
      vertex 90.39285714285714 41.80000000000001 2.1100000000000003
    endloop
  endfacet
  facet normal 0 1 0
    outer loop
      vertex 90.39285714285714 42.60000000000001 1.29
      vertex 90.39285714285714 42.60000000000001 2.1100000000000003
      vertex 91.55 42.60000000000001 1.29
    endloop
  endfacet
  facet normal 0 0 -1
    outer loop
      vertex 91.02413244650086 42.35450404858301 1.29
      vertex 91.55 42.60000000000001 1.29
      vertex 91.42142857142858 42.20000000000001 1.29
    endloop
  endfacet
  facet normal 0 0 -1
    outer loop
      vertex 91.42142857142858 42.20000000000001 1.29
      vertex 91.55 42.60000000000001 1.29
      vertex 91.55 42.25000000000001 1.29
    endloop
  endfacet
  facet normal 0.36244626115495343 -0.9320046715412941 3.811897652254368e-18
    outer loop
      vertex 91.42142857142858 42.20000000000001 1.29
      vertex 91.55 42.25000000000001 1.29
      vertex 91.55 42.25000000000001 2.1100000000000003
    endloop
  endfacet
  facet normal 1 0 0
    outer loop
      vertex 91.55 42.25000000000001 1.29
      vertex 91.55 42.60000000000001 1.29
      vertex 91.55 42.25000000000001 2.1100000000000003
    endloop
  endfacet
  facet normal 0 -1 0
    outer loop
      vertex 66.25 40.50000000000001 1.29
      vertex 87.05 40.50000000000001 2.1100000000000003
      vertex 66.25 40.50000000000001 2.1100000000000003
    endloop
  endfacet
  facet normal 0 -1 0
    outer loop
      vertex 66.25 40.50000000000001 1.29
      vertex 87.05 40.50000000000001 2.0999999999999996
      vertex 87.05 40.50000000000001 2.1100000000000003
    endloop
  endfacet
  facet normal 0 0 1
    outer loop
      vertex 66.25 40.50000000000001 2.1100000000000003
      vertex 89.83571428571429 42.60000000000001 2.1100000000000003
      vertex 66.25 42.60000000000001 2.1100000000000003
    endloop
  endfacet
  facet normal 0 0 1
    outer loop
      vertex 66.25 40.50000000000001 2.1100000000000003
      vertex 87.05 40.50000000000001 2.1100000000000003
      vertex 90.39285714285714 41.80000000000001 2.1100000000000003
    endloop
  endfacet
  facet normal 0.3624462611549503 -0.9320046715412952 0
    outer loop
      vertex 87.06 40.503888888888895 1.29
      vertex 90.39285714285714 41.80000000000001 2.1100000000000003
      vertex 87.06 40.503888888888895 2.0999999999999996
    endloop
  endfacet
  facet normal 0 0 1
    outer loop
      vertex 66.25 40.50000000000001 2.1100000000000003
      vertex 90.39285714285714 41.80000000000001 2.1100000000000003
      vertex 91.02402597402597 42.045454545454554 2.1100000000000003
    endloop
  endfacet
  facet normal 0 0 1
    outer loop
      vertex 66.25 40.50000000000001 2.1100000000000003
      vertex 91.55 42.25000000000001 2.1100000000000003
      vertex 89.83571428571429 42.60000000000001 2.1100000000000003
    endloop
  endfacet
  facet normal 0 0 1
    outer loop
      vertex 66.25 40.50000000000001 2.1100000000000003
      vertex 91.02402597402597 42.045454545454554 2.1100000000000003
      vertex 91.42142857142858 42.20000000000001 2.1100000000000003
    endloop
  endfacet
  facet normal 0 0 1
    outer loop
      vertex 66.25 40.50000000000001 2.1100000000000003
      vertex 91.42142857142858 42.20000000000001 2.1100000000000003
      vertex 91.55 42.25000000000001 2.1100000000000003
    endloop
  endfacet
  facet normal 0.36244626115469275 -0.9320046715413953 0
    outer loop
      vertex 87.05 40.50000000000001 2.0999999999999996
      vertex 87.06 40.503888888888895 2.0999999999999996
      vertex 87.05 40.50000000000001 2.1100000000000003
    endloop
  endfacet
  facet normal 0.36244626115494954 -0.9320046715412954 2.9564923942582906e-13
    outer loop
      vertex 87.06 40.503888888888895 2.0999999999999996
      vertex 90.39285714285714 41.80000000000001 2.1100000000000003
      vertex 87.05 40.50000000000001 2.1100000000000003
    endloop
  endfacet
  facet normal 0 0 1
    outer loop
      vertex 89.83571428571429 42.60000000000001 2.1100000000000003
      vertex 91.55 42.25000000000001 2.1100000000000003
      vertex 90.39285714285714 42.60000000000001 2.1100000000000003
    endloop
  endfacet
  facet normal 0 1 0
    outer loop
      vertex 91.55 42.60000000000001 1.29
      vertex 90.39285714285714 42.60000000000001 2.1100000000000003
      vertex 91.55 42.60000000000001 2.1100000000000003
    endloop
  endfacet
  facet normal 0.36244626115495343 -0.9320046715412941 0
    outer loop
      vertex 91.42142857142858 42.20000000000001 1.29
      vertex 91.55 42.25000000000001 2.1100000000000003
      vertex 91.42142857142858 42.20000000000001 2.1100000000000003
    endloop
  endfacet
  facet normal 1 0 0
    outer loop
      vertex 91.55 42.60000000000001 1.29
      vertex 91.55 42.60000000000001 2.1100000000000003
      vertex 91.55 42.25000000000001 2.1100000000000003
    endloop
  endfacet
  facet normal 0 0 1
    outer loop
      vertex 90.39285714285714 42.60000000000001 2.1100000000000003
      vertex 91.55 42.25000000000001 2.1100000000000003
      vertex 91.55 42.60000000000001 2.1100000000000003
    endloop
  endfacet
  facet normal 0 -1 0
    outer loop
      vertex 94.85 28.60000000000001 0.6
      vertex 100.85 28.60000000000001 0.6
      vertex 94.85 28.60000000000001 1.4
    endloop
  endfacet
  facet normal 0 1 0
    outer loop
      vertex 94.85 29.40000000000001 0.6
      vertex 100.85 29.40000000000001 1.4
      vertex 100.85 29.40000000000001 0.6
    endloop
  endfacet
  facet normal 0 1 0
    outer loop
      vertex 94.85 29.40000000000001 0.6
      vertex 94.85 29.40000000000001 1.4
      vertex 100.85 29.40000000000001 1.4
    endloop
  endfacet
  facet normal 0 -1 0
    outer loop
      vertex 100.85 28.60000000000001 0.6
      vertex 100.85 28.60000000000001 1.4
      vertex 94.85 28.60000000000001 1.4
    endloop
  endfacet
  facet normal 0 0 1
    outer loop
      vertex 94.85 28.60000000000001 1.4
      vertex 100.85 28.60000000000001 1.4
      vertex 94.85 29.40000000000001 1.4
    endloop
  endfacet
  facet normal 0 0 1
    outer loop
      vertex 94.85 29.40000000000001 1.4
      vertex 100.85 28.60000000000001 1.4
      vertex 100.85 29.40000000000001 1.4
    endloop
  endfacet
  facet normal 0 1 0
    outer loop
      vertex 94.85 42.60000000000001 0.6
      vertex 100.85 42.60000000000001 1.4
      vertex 100.85 42.60000000000001 0.6
    endloop
  endfacet
  facet normal 0 1 0
    outer loop
      vertex 94.85 42.60000000000001 0.6
      vertex 94.85 42.60000000000001 1.4
      vertex 100.85 42.60000000000001 1.4
    endloop
  endfacet
  facet normal 0 0 1
    outer loop
      vertex 94.85 42.20000000000001 1.4
      vertex 100.85 41.80000000000001 1.4
      vertex 94.85 42.60000000000001 1.4
    endloop
  endfacet
  facet normal 0 0 1
    outer loop
      vertex 94.85 42.60000000000001 1.4
      vertex 100.85 41.80000000000001 1.4
      vertex 100.85 42.60000000000001 1.4
    endloop
  endfacet
  facet normal -1 0 0
    outer loop
      vertex 100.85 28.60000000000001 1.4
      vertex 100.85 29.40000000000001 2.63
      vertex 100.85 29.40000000000001 1.4
    endloop
  endfacet
  facet normal -1 0 0
    outer loop
      vertex 100.85 28.60000000000001 1.4
      vertex 100.85 28.60000000000001 2.6356445993031357
      vertex 100.85 29.40000000000001 2.6499999999999995
    endloop
  endfacet
  facet normal -1 0 0
    outer loop
      vertex 100.85 28.60000000000001 1.4
      vertex 100.85 29.40000000000001 2.6499999999999995
      vertex 100.85 29.40000000000001 2.63
    endloop
  endfacet
  facet normal 0 -1 0
    outer loop
      vertex 100.85 28.60000000000001 1.4
      vertex 103.29839506172834 28.60000000000001 2.6499999999999995
      vertex 100.85 28.60000000000001 2.6356445993031357
    endloop
  endfacet
  facet normal -1 0 0
    outer loop
      vertex 100.85 28.60000000000001 2.6356445993031357
      vertex 100.85 28.60000000000001 2.6499999999999995
      vertex 100.85 29.40000000000001 2.6499999999999995
    endloop
  endfacet
  facet normal 0 -1 0
    outer loop
      vertex 100.85 28.60000000000001 0.6
      vertex 200 28.60000000000001 0.6
      vertex 100.85 28.60000000000001 1.4
    endloop
  endfacet
  facet normal 0 1 0
    outer loop
      vertex 100.85 29.40000000000001 0.6
      vertex 100.85 29.40000000000001 1.4
      vertex 200 29.40000000000001 0.6
    endloop
  endfacet
  facet normal 0 1 0
    outer loop
      vertex 100.85 29.40000000000001 1.4
      vertex 100.85 29.40000000000001 2.63
      vertex 200 29.40000000000001 0.6
    endloop
  endfacet
  facet normal 0 -1 0
    outer loop
      vertex 100.85 28.60000000000001 1.4
      vertex 200 28.60000000000001 0.6
      vertex 103.29839506172834 28.60000000000001 2.6499999999999995
    endloop
  endfacet
  facet normal 0 1 0
    outer loop
      vertex 100.85 29.40000000000001 2.63
      vertex 200 29.40000000000001 2.63
      vertex 200 29.40000000000001 0.6
    endloop
  endfacet
  facet normal 0 -1 0
    outer loop
      vertex 103.29839506172834 28.60000000000001 2.6499999999999995
      vertex 200 28.60000000000001 0.6
      vertex 200 28.60000000000001 2.6499999999999995
    endloop
  endfacet
  facet normal 0 -1 0
    outer loop
      vertex 100.85 28.60000000000001 2.6356445993031357
      vertex 103.29839506172834 28.60000000000001 2.6499999999999995
      vertex 100.85 28.60000000000001 2.6499999999999995
    endloop
  endfacet
  facet normal -1 0 0
    outer loop
      vertex 100.85 29.40000000000001 2.63
      vertex 100.85 29.40000000000001 2.6499999999999995
      vertex 100.85 30.70000000000001 2.63
    endloop
  endfacet
  facet normal -1 0 0
    outer loop
      vertex 100.85 28.60000000000001 2.6499999999999995
      vertex 100.85 28.60000000000001 3.44
      vertex 100.85 29.40000000000001 2.6499999999999995
    endloop
  endfacet
  facet normal 0 -1 0
    outer loop
      vertex 100.85 28.60000000000001 2.6499999999999995
      vertex 103.29839506172834 28.60000000000001 2.6499999999999995
      vertex 100.85 28.60000000000001 3.44
    endloop
  endfacet
  facet normal -1 0 0
    outer loop
      vertex 100.85 29.40000000000001 2.6499999999999995
      vertex 100.85 30.70000000000001 3.44
      vertex 100.85 30.70000000000001 2.63
    endloop
  endfacet
  facet normal -1 0 0
    outer loop
      vertex 100.85 29.40000000000001 2.6499999999999995
      vertex 100.85 28.60000000000001 3.44
      vertex 100.85 30.70000000000001 3.44
    endloop
  endfacet
  facet normal 0 0 -1
    outer loop
      vertex 100.85 29.40000000000001 2.63
      vertex 100.85 30.70000000000001 2.63
      vertex 200 29.40000000000001 2.63
    endloop
  endfacet
  facet normal 0 1 0
    outer loop
      vertex 100.85 30.70000000000001 2.63
      vertex 100.85 30.70000000000001 3.44
      vertex 200 30.70000000000001 2.63
    endloop
  endfacet
  facet normal 0 -1 0
    outer loop
      vertex 103.29839506172834 28.60000000000001 2.6499999999999995
      vertex 200 28.60000000000001 3.44
      vertex 100.85 28.60000000000001 3.44
    endloop
  endfacet
  facet normal 0 0 1
    outer loop
      vertex 100.85 28.60000000000001 3.44
      vertex 200 30.70000000000001 3.44
      vertex 100.85 30.70000000000001 3.44
    endloop
  endfacet
  facet normal 0 0 -1
    outer loop
      vertex 100.85 30.70000000000001 2.63
      vertex 200 30.70000000000001 2.63
      vertex 200 29.40000000000001 2.63
    endloop
  endfacet
  facet normal 0 -1 0
    outer loop
      vertex 103.29839506172834 28.60000000000001 2.6499999999999995
      vertex 200 28.60000000000001 2.6499999999999995
      vertex 200 28.60000000000001 3.44
    endloop
  endfacet
  facet normal 0 1 0
    outer loop
      vertex 100.85 30.70000000000001 3.44
      vertex 200 30.70000000000001 3.44
      vertex 200 30.70000000000001 2.63
    endloop
  endfacet
  facet normal 0 0 1
    outer loop
      vertex 100.85 28.60000000000001 3.44
      vertex 200 28.60000000000001 3.44
      vertex 200 30.70000000000001 3.44
    endloop
  endfacet
  facet normal 0 -1 0
    outer loop
      vertex 100.85 41.80000000000001 1.4
      vertex 101.80346153846152 41.80000000000001 1.3922115384615386
      vertex 100.85 41.80000000000001 2.63
    endloop
  endfacet
  facet normal 0 -1 0
    outer loop
      vertex 101.80346153846152 41.80000000000001 1.3922115384615386
      vertex 103.2167532467532 41.80000000000001 2.5813092313092323
      vertex 100.85 41.80000000000001 2.63
    endloop
  endfacet
  facet normal 0 -1 0
    outer loop
      vertex 103.2167532467532 41.80000000000001 2.5813092313092323
      vertex 199.52392156862743 41.80000000000001 0.6
      vertex 200 41.80000000000001 0.6
    endloop
  endfacet
  facet normal 0 -1 0
    outer loop
      vertex 103.2167532467532 41.80000000000001 2.5813092313092323
      vertex 200 41.80000000000001 2.63
      vertex 100.85 41.80000000000001 2.63
    endloop
  endfacet
  facet normal 0 -1 0
    outer loop
      vertex 103.2167532467532 41.80000000000001 2.5813092313092323
      vertex 200 41.80000000000001 0.6
      vertex 200 41.80000000000001 2.63
    endloop
  endfacet
  facet normal -1 0 0
    outer loop
      vertex 100.85 40.50000000000001 2.63
      vertex 100.85 41.80000000000001 2.6499999999999995
      vertex 100.85 41.80000000000001 2.63
    endloop
  endfacet
  facet normal -1 0 0
    outer loop
      vertex 100.85 40.50000000000001 2.63
      vertex 100.85 40.50000000000001 3.44
      vertex 100.85 41.80000000000001 2.6499999999999995
    endloop
  endfacet
  facet normal -1 0 0
    outer loop
      vertex 100.85 41.80000000000001 2.6499999999999995
      vertex 100.85 40.50000000000001 3.44
      vertex 100.85 41.80000000000001 3.44
    endloop
  endfacet
  facet normal -1 0 0
    outer loop
      vertex 100.85 42.60000000000001 2.6499999999999995
      vertex 100.85 41.80000000000001 3.44
      vertex 100.85 42.60000000000001 3.44
    endloop
  endfacet
  facet normal 0 0 -1
    outer loop
      vertex 100.85 40.50000000000001 2.63
      vertex 100.85 41.80000000000001 2.63
      vertex 200 40.50000000000001 2.63
    endloop
  endfacet
  facet normal 0 -1 0
    outer loop
      vertex 100.85 40.50000000000001 2.63
      vertex 200 40.50000000000001 3.44
      vertex 100.85 40.50000000000001 3.44
    endloop
  endfacet
  facet normal 0 0 1
    outer loop
      vertex 100.85 40.50000000000001 3.44
      vertex 200 42.60000000000001 3.44
      vertex 100.85 41.80000000000001 3.44
    endloop
  endfacet
  facet normal 0 0 1
    outer loop
      vertex 100.85 41.80000000000001 3.44
      vertex 200 42.60000000000001 3.44
      vertex 100.85 42.60000000000001 3.44
    endloop
  endfacet
  facet normal 0 0 -1
    outer loop
      vertex 100.85 41.80000000000001 2.63
      vertex 200 41.80000000000001 2.63
      vertex 200 40.50000000000001 2.63
    endloop
  endfacet
  facet normal 0 -1 0
    outer loop
      vertex 100.85 40.50000000000001 2.63
      vertex 200 40.50000000000001 2.63
      vertex 200 40.50000000000001 3.44
    endloop
  endfacet
  facet normal 0 0 1
    outer loop
      vertex 100.85 40.50000000000001 3.44
      vertex 200 40.50000000000001 3.44
      vertex 200 42.60000000000001 3.44
    endloop
  endfacet
  facet normal 1 0 0
    outer loop
      vertex 94.85 29.40000000000001 0.6
      vertex 94.85 41.80000000000001 0.6
      vertex 94.85 29.40000000000001 1.4
    endloop
  endfacet
  facet normal 0 -1 0
    outer loop
      vertex 93.65 28.60000000000001 0.6
      vertex 94.85 28.60000000000001 0.6
      vertex 93.65 28.60000000000001 2.4
    endloop
  endfacet
  facet normal -1 0 0
    outer loop
      vertex 93.65 28.60000000000001 0.6
      vertex 93.65 41.80000000000001 1.4683823529411764
      vertex 93.65 41.80000000000001 0.6
    endloop
  endfacet
  facet normal 1 0 0
    outer loop
      vertex 94.85 41.80000000000001 0.6
      vertex 94.85 41.80000000000001 1.4
      vertex 94.85 29.40000000000001 1.4
    endloop
  endfacet
  facet normal 0 -1 0
    outer loop
      vertex 94.85 28.60000000000001 0.6
      vertex 94.85 28.60000000000001 1.4
      vertex 93.65 28.60000000000001 2.4
    endloop
  endfacet
  facet normal -1 0 0
    outer loop
      vertex 93.65 28.60000000000001 0.6
      vertex 93.65 42.18823529411766 2.346764705882353
      vertex 93.65 41.80000000000001 1.4683823529411764
    endloop
  endfacet
  facet normal 1 0 0
    outer loop
      vertex 94.85 41.80000000000001 1.4
      vertex 94.85 42.20000000000001 1.4
      vertex 94.85 42.06666666666668 1.7333333333333332
    endloop
  endfacet
  facet normal 1 0 0
    outer loop
      vertex 94.85 41.80000000000001 1.4
      vertex 94.85 42.06666666666668 1.7333333333333332
      vertex 94.85 41.80000000000001 1.914705882352941
    endloop
  endfacet
  facet normal 1 0 0
    outer loop
      vertex 94.85 28.60000000000001 1.4
      vertex 94.85 29.40000000000001 1.4
      vertex 94.85 28.60000000000001 2.4
    endloop
  endfacet
  facet normal 1 0 0
    outer loop
      vertex 94.85 29.40000000000001 1.4
      vertex 94.85 41.80000000000001 1.4
      vertex 94.85 28.60000000000001 2.4
    endloop
  endfacet
  facet normal -1 0 0
    outer loop
      vertex 93.65 28.60000000000001 0.6
      vertex 93.65 28.60000000000001 2.4
      vertex 93.65 41.80000000000001 2.4
    endloop
  endfacet
  facet normal 0 -1 0
    outer loop
      vertex 94.85 28.60000000000001 1.4
      vertex 94.85 28.60000000000001 2.4
      vertex 93.65 28.60000000000001 2.4
    endloop
  endfacet
  facet normal -1 0 0
    outer loop
      vertex 93.65 28.60000000000001 0.6
      vertex 93.65 41.80000000000001 2.4
      vertex 93.65 42.18823529411766 2.346764705882353
    endloop
  endfacet
  facet normal 1 0 0
    outer loop
      vertex 94.85 41.80000000000001 1.4
      vertex 94.85 41.80000000000001 1.914705882352941
      vertex 94.85 28.60000000000001 2.4
    endloop
  endfacet
  facet normal 0 0 1
    outer loop
      vertex 93.65 28.60000000000001 2.4
      vertex 94.85 28.60000000000001 2.4
      vertex 93.65 41.80000000000001 2.4
    endloop
  endfacet
  facet normal 1 0 0
    outer loop
      vertex 94.85 41.80000000000001 1.914705882352941
      vertex 94.85 41.80000000000001 2.4
      vertex 94.85 28.60000000000001 2.4
    endloop
  endfacet
  facet normal 1 0 0
    outer loop
      vertex 94.85 42.554285714285726 2.342857142857143
      vertex 94.85 42.60000000000001 2.3705882352941177
      vertex 94.85 42.60000000000001 2.4
    endloop
  endfacet
  facet normal 0 0 1
    outer loop
      vertex 94.85 28.60000000000001 2.4
      vertex 94.85 41.80000000000001 2.4
      vertex 93.65 41.80000000000001 2.4
    endloop
  endfacet
  facet normal 1 0 0
    outer loop
      vertex 94.85 42.554285714285726 2.342857142857143
      vertex 94.85 42.60000000000001 2.4
      vertex 94.85 41.80000000000001 2.4
    endloop
  endfacet
  facet normal 0 0 1
    outer loop
      vertex 94.85 41.80000000000001 2.4
      vertex 94.85 42.60000000000001 2.4
      vertex 94.78142857142856 42.60000000000001 2.4
    endloop
  endfacet
  facet normal 0 -1 0
    outer loop
      vertex 66.25 41.80000000000001 0.6
      vertex 87.06 41.80000000000001 0.6
      vertex 87.06 41.80000000000001 1.29
    endloop
  endfacet
  facet normal 0 -1 0
    outer loop
      vertex 66.25 41.80000000000001 0.6
      vertex 87.06 41.80000000000001 1.29
      vertex 66.25 41.80000000000001 1.2899999999999998
    endloop
  endfacet
  facet normal 1 0 0
    outer loop
      vertex 87.06 42.60000000000001 0.6
      vertex 87.06 42.60000000000001 1.29
      vertex 87.06 41.80000000000001 1.29
    endloop
  endfacet
  facet normal 1.0670091538925098e-17 1.7080354225002446e-16 -1
    outer loop
      vertex 66.25 42.60000000000001 1.2899999999999998
      vertex 66.25 43.900000000000006 1.29
      vertex 87.06 42.60000000000001 1.29
    endloop
  endfacet
  facet normal 0 0 -1
    outer loop
      vertex 66.25 43.900000000000006 1.29
      vertex 87.05 43.900000000000006 1.29
      vertex 87.06 42.60000000000001 1.29
    endloop
  endfacet
  facet normal 0 0 -1
    outer loop
      vertex 87.06 42.60000000000001 1.29
      vertex 87.05 43.900000000000006 1.29
      vertex 87.06 43.89611111111112 1.29
    endloop
  endfacet
  facet normal -2.2204460492491774e-14 -5.709718412359664e-14 -1
    outer loop
      vertex 87.06 43.89611111111112 1.29
      vertex 87.05 43.900000000000006 1.29
      vertex 87.06 43.900000000000006 1.2899999999999998
    endloop
  endfacet
  facet normal 0 1 0
    outer loop
      vertex 87.06 43.900000000000006 1.2899999999999998
      vertex 87.05 43.900000000000006 1.29
      vertex 87.05 43.900000000000006 2.0999999999999996
    endloop
  endfacet
  facet normal 1 0 0
    outer loop
      vertex 87.06 43.89611111111112 1.29
      vertex 87.06 43.900000000000006 1.2899999999999998
      vertex 87.06 43.900000000000006 2.0999999999999996
    endloop
  endfacet
  facet normal 1 0 0
    outer loop
      vertex 87.06 43.89611111111112 1.29
      vertex 87.06 43.900000000000006 2.0999999999999996
      vertex 87.06 43.89611111111112 2.0999999999999996
    endloop
  endfacet
  facet normal 0 1 0
    outer loop
      vertex 87.06 43.900000000000006 1.2899999999999998
      vertex 87.05 43.900000000000006 2.0999999999999996
      vertex 87.06 43.900000000000006 2.0999999999999996
    endloop
  endfacet
  facet normal 0 0 1
    outer loop
      vertex 87.06 43.89611111111112 2.0999999999999996
      vertex 87.06 43.900000000000006 2.0999999999999996
      vertex 87.05 43.900000000000006 2.0999999999999996
    endloop
  endfacet
  facet normal 0 0 -1
    outer loop
      vertex 87.06 41.80000000000001 1.29
      vertex 89.93359999999998 42.31200000000001 1.29
      vertex 90.39285714285714 42.059799554565714 1.29
    endloop
  endfacet
  facet normal 0 0 -1
    outer loop
      vertex 89.83635038430955 41.80000000000001 1.29
      vertex 90.39285714285714 42.059799554565714 1.29
      vertex 90.39285714285714 41.80000000000001 1.29
    endloop
  endfacet
  facet normal 0 0 -1
    outer loop
      vertex 89.93359999999998 42.31200000000001 1.29
      vertex 91.55 42.150000000000006 1.29
      vertex 90.39285714285714 42.059799554565714 1.29
    endloop
  endfacet
  facet normal 0 0 -1
    outer loop
      vertex 89.93359999999998 42.31200000000001 1.29
      vertex 90.39285714285714 42.60000000000001 1.29
      vertex 91.02413244650086 42.35450404858301 1.29
    endloop
  endfacet
  facet normal 0 0 -1
    outer loop
      vertex 90.39285714285714 41.80000000000001 1.29
      vertex 90.39285714285714 42.059799554565714 1.29
      vertex 91.55 41.80000000000001 1.29
    endloop
  endfacet
  facet normal 0 0 -1
    outer loop
      vertex 89.93359999999998 42.31200000000001 1.29
      vertex 91.42142857142858 42.20000000000001 1.29
      vertex 91.55 42.150000000000006 1.29
    endloop
  endfacet
  facet normal 0 0 -1
    outer loop
      vertex 89.93359999999998 42.31200000000001 1.29
      vertex 91.02413244650086 42.35450404858301 1.29
      vertex 91.42142857142858 42.20000000000001 1.29
    endloop
  endfacet
  facet normal 0 0 -1
    outer loop
      vertex 87.06 42.60000000000001 1.29
      vertex 87.06 43.89611111111112 1.29
      vertex 89.93359999999998 42.31200000000001 1.29
    endloop
  endfacet
  facet normal 0 0 -1
    outer loop
      vertex 89.93359999999998 42.31200000000001 1.29
      vertex 87.06 43.89611111111112 1.29
      vertex 90.39285714285714 42.60000000000001 1.29
    endloop
  endfacet
  facet normal 0 1 0
    outer loop
      vertex 66.25 43.900000000000006 1.29
      vertex 66.25 43.900000000000006 2.1100000000000003
      vertex 87.05 43.900000000000006 1.29
    endloop
  endfacet
  facet normal 0 -1 0
    outer loop
      vertex 90.39285714285714 41.80000000000001 1.29
      vertex 91.55 41.80000000000001 1.29
      vertex 90.39285714285714 41.80000000000001 2.1100000000000003
    endloop
  endfacet
  facet normal 0.36244626115494866 0.932004671541296 0
    outer loop
      vertex 90.39285714285714 42.60000000000001 1.29
      vertex 87.06 43.89611111111112 1.29
      vertex 90.39285714285714 42.60000000000001 2.1100000000000003
    endloop
  endfacet
  facet normal 0 0 -1
    outer loop
      vertex 90.39285714285714 42.059799554565714 1.29
      vertex 91.55 42.150000000000006 1.29
      vertex 91.55 41.80000000000001 1.29
    endloop
  endfacet
  facet normal 1 0 0
    outer loop
      vertex 91.55 41.80000000000001 1.29
      vertex 91.55 42.150000000000006 1.29
      vertex 91.55 41.80000000000001 2.1100000000000003
    endloop
  endfacet
  facet normal 0.3624462611549981 0.9320046715412765 1.8840413685915538e-18
    outer loop
      vertex 91.42142857142858 42.20000000000001 1.29
      vertex 91.55 42.150000000000006 2.1100000000000003
      vertex 91.55 42.150000000000006 1.29
    endloop
  endfacet
  facet normal 0 1 0
    outer loop
      vertex 87.05 43.900000000000006 1.29
      vertex 66.25 43.900000000000006 2.1100000000000003
      vertex 87.05 43.900000000000006 2.0999999999999996
    endloop
  endfacet
  facet normal 0 0 1
    outer loop
      vertex 66.25 42.60000000000001 2.1100000000000003
      vertex 87.05 43.900000000000006 2.1100000000000003
      vertex 66.25 43.900000000000006 2.1100000000000003
    endloop
  endfacet
  facet normal 0 1 0
    outer loop
      vertex 66.25 43.900000000000006 2.1100000000000003
      vertex 87.05 43.900000000000006 2.1100000000000003
      vertex 87.05 43.900000000000006 2.0999999999999996
    endloop
  endfacet
  facet normal 0 0 1
    outer loop
      vertex 66.25 42.60000000000001 2.1100000000000003
      vertex 89.83571428571429 42.60000000000001 2.1100000000000003
      vertex 87.05 43.900000000000006 2.1100000000000003
    endloop
  endfacet
  facet normal 0.3624462611549486 0.9320046715412958 0
    outer loop
      vertex 87.06 43.89611111111112 1.29
      vertex 87.06 43.89611111111112 2.0999999999999996
      vertex 90.39285714285714 42.60000000000001 2.1100000000000003
    endloop
  endfacet
  facet normal 0 0 1
    outer loop
      vertex 90.39285714285714 41.80000000000001 2.1100000000000003
      vertex 91.55 41.80000000000001 2.1100000000000003
      vertex 91.02402597402597 42.045454545454554 2.1100000000000003
    endloop
  endfacet
  facet normal 0.36244626115469275 0.9320046715413953 -2.6070422377289668e-17
    outer loop
      vertex 87.06 43.89611111111112 2.0999999999999996
      vertex 87.05 43.900000000000006 2.0999999999999996
      vertex 87.05 43.900000000000006 2.1100000000000003
    endloop
  endfacet
  facet normal 0.3624462611549478 0.9320046715412962 2.8390952236542155e-13
    outer loop
      vertex 90.39285714285714 42.60000000000001 2.1100000000000003
      vertex 87.06 43.89611111111112 2.0999999999999996
      vertex 87.05 43.900000000000006 2.1100000000000003
    endloop
  endfacet
  facet normal 0 0 1
    outer loop
      vertex 89.83571428571429 42.60000000000001 2.1100000000000003
      vertex 90.39285714285714 42.60000000000001 2.1100000000000003
      vertex 87.05 43.900000000000006 2.1100000000000003
    endloop
  endfacet
  facet normal 0 -1 0
    outer loop
      vertex 91.55 41.80000000000001 1.29
      vertex 91.55 41.80000000000001 2.1100000000000003
      vertex 90.39285714285714 41.80000000000001 2.1100000000000003
    endloop
  endfacet
  facet normal 1 0 0
    outer loop
      vertex 91.55 42.150000000000006 1.29
      vertex 91.55 42.150000000000006 2.1100000000000003
      vertex 91.55 41.80000000000001 2.1100000000000003
    endloop
  endfacet
  facet normal 0.3624462611549981 0.9320046715412765 0
    outer loop
      vertex 91.42142857142858 42.20000000000001 1.29
      vertex 91.42142857142858 42.20000000000001 2.1100000000000003
      vertex 91.55 42.150000000000006 2.1100000000000003
    endloop
  endfacet
  facet normal 0 0 1
    outer loop
      vertex 91.55 41.80000000000001 2.1100000000000003
      vertex 91.42142857142858 42.20000000000001 2.1100000000000003
      vertex 91.02402597402597 42.045454545454554 2.1100000000000003
    endloop
  endfacet
  facet normal 0 0 1
    outer loop
      vertex 91.55 41.80000000000001 2.1100000000000003
      vertex 91.55 42.150000000000006 2.1100000000000003
      vertex 91.42142857142858 42.20000000000001 2.1100000000000003
    endloop
  endfacet
  facet normal 0 1 1.0297720808117394e-14
    outer loop
      vertex 66.25 55.80000000000001 0.6
      vertex 87.06 55.800000000000004 1.29
      vertex 87.06 55.80000000000001 0.6
    endloop
  endfacet
  facet normal 1 0 0
    outer loop
      vertex 87.06 55.000000000000014 0.6
      vertex 87.06 55.80000000000001 0.6
      vertex 87.06 55.000000000000014 1.289999999999997
    endloop
  endfacet
  facet normal 3.4144292924560314e-16 1 0
    outer loop
      vertex 66.25 55.80000000000001 0.6
      vertex 66.25 55.80000000000001 1.2899999999999998
      vertex 87.06 55.800000000000004 1.29
    endloop
  endfacet
  facet normal 0 1.7080354225002353e-16 -1
    outer loop
      vertex 66.25 53.70000000000001 1.29
      vertex 66.25 55.000000000000014 1.2900000000000003
      vertex 87.05 53.70000000000001 1.29
    endloop
  endfacet
  facet normal -2.2204460492242128e-14 -3.551005643336228e-13 -1
    outer loop
      vertex 66.25 55.000000000000014 1.2900000000000003
      vertex 87.06 53.70000000000002 1.2899999999999998
      vertex 87.05 53.70000000000001 1.29
    endloop
  endfacet
  facet normal 3.5455189885132215e-15 5.709718412370028e-14 -1
    outer loop
      vertex 66.25 55.000000000000014 1.2900000000000003
      vertex 87.06 53.7038888888889 1.29
      vertex 87.06 53.70000000000002 1.2899999999999998
    endloop
  endfacet
  facet normal -1.6005137308387647e-16 -2.3984243652425057e-15 -1
    outer loop
      vertex 66.25 55.000000000000014 1.2900000000000003
      vertex 87.06 55.000000000000014 1.289999999999997
      vertex 87.06 53.7038888888889 1.29
    endloop
  endfacet
  facet normal 7.105427357597367e-13 -1 0
    outer loop
      vertex 87.06 53.70000000000002 1.2899999999999998
      vertex 87.06 53.70000000000002 2.0999999999999996
      vertex 87.05 53.70000000000001 1.29
    endloop
  endfacet
  facet normal 1 0 0
    outer loop
      vertex 87.06 53.70000000000002 1.2899999999999998
      vertex 87.06 53.7038888888889 1.29
      vertex 87.06 53.7038888888889 2.0999999999999996
    endloop
  endfacet
  facet normal 0 -1 8.772132540248155e-15
    outer loop
      vertex 87.05 53.70000000000001 1.29
      vertex 87.06 53.70000000000002 2.0999999999999996
      vertex 87.05000000000001 53.70000000000002 2.0999999999999996
    endloop
  endfacet
  facet normal 1 0 0
    outer loop
      vertex 87.06 53.70000000000002 1.2899999999999998
      vertex 87.06 53.7038888888889 2.0999999999999996
      vertex 87.06 53.70000000000002 2.0999999999999996
    endloop
  endfacet
  facet normal 0 0 1
    outer loop
      vertex 87.06 53.70000000000002 2.0999999999999996
      vertex 87.06 53.7038888888889 2.0999999999999996
      vertex 87.05000000000001 53.70000000000002 2.0999999999999996
    endloop
  endfacet
  facet normal 1.1196801695199192e-15 -2.3984243652425053e-15 -1
    outer loop
      vertex 87.06 53.7038888888889 1.29
      vertex 87.06 55.000000000000014 1.289999999999997
      vertex 90.39285714285714 55.25979955456571 1.29
    endloop
  endfacet
  facet normal -8.284222965244349e-30 3.885780586188096e-15 -1
    outer loop
      vertex 87.06 55.000000000000014 1.289999999999997
      vertex 87.06 55.800000000000004 1.29
      vertex 90.39285714285714 55.80000000000001 1.29
    endloop
  endfacet
  facet normal 0 0 -1
    outer loop
      vertex 87.06 53.7038888888889 1.29
      vertex 90.39285714285714 55.25979955456571 1.29
      vertex 90.39285714285714 55.00000000000001 1.29
    endloop
  endfacet
  facet normal 1.1196801695199222e-15 -2.3984243652425416e-15 -1
    outer loop
      vertex 87.06 55.000000000000014 1.289999999999997
      vertex 90.75643683176958 55.4295330569496 1.29
      vertex 90.39285714285714 55.25979955456571 1.29
    endloop
  endfacet
  facet normal 0 3.885780586188061e-15 -1
    outer loop
      vertex 87.06 55.000000000000014 1.289999999999997
      vertex 90.39285714285714 55.80000000000001 1.29
      vertex 91.55 55.80000000000001 1.29
    endloop
  endfacet
  facet normal 1.1196801695199137e-15 -2.3984243652424694e-15 -1
    outer loop
      vertex 87.06 55.000000000000014 1.289999999999997
      vertex 91.55 55.80000000000001 1.29
      vertex 90.75643683176958 55.4295330569496 1.29
    endloop
  endfacet
  facet normal 0 0 -1
    outer loop
      vertex 90.39285714285714 55.00000000000001 1.29
      vertex 90.39285714285714 55.25979955456571 1.29
      vertex 91.2283923597294 55.324930362117 1.29
    endloop
  endfacet
  facet normal 0 -1 8.772132540248155e-15
    outer loop
      vertex 66.25 53.70000000000001 1.29
      vertex 87.05 53.70000000000001 1.29
      vertex 87.05000000000001 53.70000000000002 2.0999999999999996
    endloop
  endfacet
  facet normal 0.3624462611549486 -0.9320046715412958 0
    outer loop
      vertex 87.06 53.7038888888889 1.29
      vertex 90.39285714285714 55.00000000000001 1.29
      vertex 87.06 53.7038888888889 2.0999999999999996
    endloop
  endfacet
  facet normal 0 0 -1
    outer loop
      vertex 90.75643683176958 55.4295330569496 1.29
      vertex 91.55 55.80000000000001 1.29
      vertex 91.42142857142856 55.40000000000001 1.29
    endloop
  endfacet
  facet normal 0 0 -1
    outer loop
      vertex 91.42142857142856 55.40000000000001 1.29
      vertex 91.55 55.80000000000001 1.29
      vertex 91.55 55.45000000000001 1.29
    endloop
  endfacet
  facet normal 0 1 0
    outer loop
      vertex 90.39285714285714 55.80000000000001 1.29
      vertex 91.55 55.80000000000001 2.1100000000000003
      vertex 91.55 55.80000000000001 1.29
    endloop
  endfacet
  facet normal 0.3624462611549186 -0.9320046715413076 -8.075965232416512e-15
    outer loop
      vertex 91.42142857142856 55.40000000000001 1.29
      vertex 91.55 55.45000000000001 1.29
      vertex 91.42142857142856 55.400000000000006 2.1100000000000003
    endloop
  endfacet
  facet normal 1 0 0
    outer loop
      vertex 91.55 55.45000000000001 1.29
      vertex 91.55 55.80000000000001 1.29
      vertex 91.55 55.45000000000001 2.1100000000000003
    endloop
  endfacet
  facet normal 0 0 1
    outer loop
      vertex 66.25 53.70000000000001 2.1100000000000003
      vertex 73.15169812876105 55.70351990767456 2.1100000000000003
      vertex 66.25 55.79862204724411 2.1100000000000003
    endloop
  endfacet
  facet normal 0 -1 0
    outer loop
      vertex 66.25 53.70000000000001 1.29
      vertex 87.05 53.70000000000001 2.1100000000000003
      vertex 66.25 53.70000000000001 2.1100000000000003
    endloop
  endfacet
  facet normal 2.8011780929000515e-14 -1 -7.105427357600127e-13
    outer loop
      vertex 66.25 53.70000000000001 1.29
      vertex 87.05000000000001 53.70000000000002 2.0999999999999996
      vertex 87.05 53.70000000000001 2.1100000000000003
    endloop
  endfacet
  facet normal 0 0 1
    outer loop
      vertex 66.25 53.70000000000001 2.1100000000000003
      vertex 85.01857142857139 55.00000000000001 2.1100000000000003
      vertex 73.15169812876105 55.70351990767456 2.1100000000000003
    endloop
  endfacet
  facet normal 0 0 1
    outer loop
      vertex 66.25 53.70000000000001 2.1100000000000003
      vertex 87.05 53.70000000000001 2.1100000000000003
      vertex 85.01857142857139 55.00000000000001 2.1100000000000003
    endloop
  endfacet
  facet normal 0.36244626115494866 -0.932004671541296 0
    outer loop
      vertex 90.39285714285714 55.00000000000001 1.29
      vertex 90.39285714285714 55.00000000000001 2.1100000000000003
      vertex 87.06 53.7038888888889 2.0999999999999996
    endloop
  endfacet
  facet normal 0 1 0
    outer loop
      vertex 90.39285714285714 55.80000000000001 1.29
      vertex 90.39285714285714 55.80000000000001 2.1100000000000003
      vertex 91.55 55.80000000000001 2.1100000000000003
    endloop
  endfacet
  facet normal 0 0 1
    outer loop
      vertex 73.15169812876105 55.70351990767456 2.1100000000000003
      vertex 85.01857142857139 55.00000000000001 2.1100000000000003
      vertex 90.70976476353835 55.39210977701545 2.1100000000000003
    endloop
  endfacet
  facet normal 0 0 1
    outer loop
      vertex 85.01857142857139 55.00000000000001 2.1100000000000003
      vertex 87.05 53.70000000000001 2.1100000000000003
      vertex 90.39285714285714 55.00000000000001 2.1100000000000003
    endloop
  endfacet
  facet normal 0.3624462611545649 -0.9320046715414451 1.4721108234479136e-10
    outer loop
      vertex 87.05000000000001 53.70000000000002 2.0999999999999996
      vertex 87.06 53.7038888888889 2.0999999999999996
      vertex 90.39285714285714 55.00000000000001 2.1100000000000003
    endloop
  endfacet
  facet normal 0.362446261154948 -0.9320046715412963 -1.4716203312402353e-13
    outer loop
      vertex 87.05000000000001 53.70000000000002 2.0999999999999996
      vertex 90.39285714285714 55.00000000000001 2.1100000000000003
      vertex 87.05 53.70000000000001 2.1100000000000003
    endloop
  endfacet
  facet normal 0 0 1
    outer loop
      vertex 90.39285714285714 55.80000000000001 2.1100000000000003
      vertex 90.55637496377861 55.46369168356999 2.1100000000000003
      vertex 91.55 55.80000000000001 2.1100000000000003
    endloop
  endfacet
  facet normal 0 0 1
    outer loop
      vertex 90.70976476353835 55.39210977701545 2.1100000000000003
      vertex 91.33155757286193 55.43494983277593 2.1100000000000003
      vertex 90.55637496377861 55.46369168356999 2.1100000000000003
    endloop
  endfacet
  facet normal 0.3624462611549633 -0.9320046715412901 0
    outer loop
      vertex 91.55 55.45000000000001 1.29
      vertex 91.55 55.45000000000001 2.1100000000000003
      vertex 91.42142857142856 55.400000000000006 2.1100000000000003
    endloop
  endfacet
  facet normal 1 0 0
    outer loop
      vertex 91.55 55.80000000000001 1.29
      vertex 91.55 55.80000000000001 2.1100000000000003
      vertex 91.55 55.45000000000001 2.1100000000000003
    endloop
  endfacet
  facet normal 0 0 1
    outer loop
      vertex 90.55637496377861 55.46369168356999 2.1100000000000003
      vertex 91.33155757286193 55.43494983277593 2.1100000000000003
      vertex 91.55 55.45000000000001 2.1100000000000003
    endloop
  endfacet
  facet normal 0 0 1
    outer loop
      vertex 90.55637496377861 55.46369168356999 2.1100000000000003
      vertex 91.55 55.45000000000001 2.1100000000000003
      vertex 91.55 55.80000000000001 2.1100000000000003
    endloop
  endfacet
  facet normal 0 0 1
    outer loop
      vertex 91.42142857142856 55.400000000000006 2.1100000000000003
      vertex 91.55 55.45000000000001 2.1100000000000003
      vertex 91.33155757286193 55.43494983277593 2.1100000000000003
    endloop
  endfacet
  facet normal 0 -1 0
    outer loop
      vertex 94.85 41.80000000000001 0.6
      vertex 100.85 41.80000000000001 0.6
      vertex 94.85 41.80000000000001 1.4
    endloop
  endfacet
  facet normal 0 -1 0
    outer loop
      vertex 100.85 41.80000000000001 0.6
      vertex 100.85 41.80000000000001 1.4
      vertex 94.85 41.80000000000001 1.4
    endloop
  endfacet
  facet normal 0 0 1
    outer loop
      vertex 94.85 41.80000000000001 1.4
      vertex 100.85 41.80000000000001 1.4
      vertex 94.85 42.20000000000001 1.4
    endloop
  endfacet
  facet normal 0 1 0
    outer loop
      vertex 94.85 55.80000000000001 0.6
      vertex 100.85 55.80000000000001 1.4
      vertex 100.85 55.80000000000001 0.6
    endloop
  endfacet
  facet normal 0 1 0
    outer loop
      vertex 94.85 55.80000000000001 0.6
      vertex 94.85 55.80000000000001 1.4
      vertex 100.85 55.80000000000001 1.4
    endloop
  endfacet
  facet normal 0 0 1
    outer loop
      vertex 94.85 55.80000000000001 1.4
      vertex 100.85 55.000000000000014 1.4
      vertex 100.85 55.80000000000001 1.4
    endloop
  endfacet
  facet normal 0 -1 0
    outer loop
      vertex 100.85 41.80000000000001 0.6
      vertex 101.80346153846152 41.80000000000001 1.3922115384615386
      vertex 100.85 41.80000000000001 1.4
    endloop
  endfacet
  facet normal -1 0 0
    outer loop
      vertex 100.85 41.80000000000001 1.4
      vertex 100.85 42.60000000000001 2.63
      vertex 100.85 42.60000000000001 1.4
    endloop
  endfacet
  facet normal -1 0 0
    outer loop
      vertex 100.85 41.80000000000001 1.4
      vertex 100.85 41.80000000000001 2.63
      vertex 100.85 42.60000000000001 2.6499999999999995
    endloop
  endfacet
  facet normal -1 0 0
    outer loop
      vertex 100.85 41.80000000000001 1.4
      vertex 100.85 42.60000000000001 2.6499999999999995
      vertex 100.85 42.60000000000001 2.63
    endloop
  endfacet
  facet normal -1 0 0
    outer loop
      vertex 100.85 41.80000000000001 2.63
      vertex 100.85 41.80000000000001 2.6499999999999995
      vertex 100.85 42.60000000000001 2.6499999999999995
    endloop
  endfacet
  facet normal 0 -1 0
    outer loop
      vertex 100.85 41.80000000000001 0.6
      vertex 198.7858024691358 41.80000000000001 0.6
      vertex 101.80346153846152 41.80000000000001 1.3922115384615386
    endloop
  endfacet
  facet normal 0 1 0
    outer loop
      vertex 100.85 42.60000000000001 0.6
      vertex 100.85 42.60000000000001 1.4
      vertex 200 42.60000000000001 0.6
    endloop
  endfacet
  facet normal 0 -1 0
    outer loop
      vertex 101.80346153846152 41.80000000000001 1.3922115384615386
      vertex 198.7858024691358 41.80000000000001 0.6
      vertex 103.2167532467532 41.80000000000001 2.5813092313092323
    endloop
  endfacet
  facet normal 0 1 0
    outer loop
      vertex 100.85 42.60000000000001 1.4
      vertex 100.85 42.60000000000001 2.63
      vertex 200 42.60000000000001 0.6
    endloop
  endfacet
  facet normal 0 -1 0
    outer loop
      vertex 103.2167532467532 41.80000000000001 2.5813092313092323
      vertex 198.7858024691358 41.80000000000001 0.6
      vertex 199.52392156862743 41.80000000000001 0.6
    endloop
  endfacet
  facet normal 0 1 0
    outer loop
      vertex 100.85 42.60000000000001 2.63
      vertex 200 42.60000000000001 2.63
      vertex 200 42.60000000000001 0.6
    endloop
  endfacet
  facet normal -1 0 0
    outer loop
      vertex 100.85 42.60000000000001 2.63
      vertex 100.85 42.60000000000001 2.6499999999999995
      vertex 100.85 43.900000000000006 2.63
    endloop
  endfacet
  facet normal -1 0 0
    outer loop
      vertex 100.85 41.80000000000001 2.6499999999999995
      vertex 100.85 41.80000000000001 3.44
      vertex 100.85 42.60000000000001 2.6499999999999995
    endloop
  endfacet
  facet normal -1 0 0
    outer loop
      vertex 100.85 42.60000000000001 2.6499999999999995
      vertex 100.85 43.900000000000006 3.44
      vertex 100.85 43.900000000000006 2.63
    endloop
  endfacet
  facet normal -1 0 0
    outer loop
      vertex 100.85 42.60000000000001 2.6499999999999995
      vertex 100.85 42.60000000000001 3.44
      vertex 100.85 43.900000000000006 3.44
    endloop
  endfacet
  facet normal 0 0 -1
    outer loop
      vertex 100.85 42.60000000000001 2.63
      vertex 100.85 43.900000000000006 2.63
      vertex 200 42.60000000000001 2.63
    endloop
  endfacet
  facet normal 0 1 0
    outer loop
      vertex 100.85 43.900000000000006 2.63
      vertex 100.85 43.900000000000006 3.44
      vertex 200 43.900000000000006 2.63
    endloop
  endfacet
  facet normal 0 0 1
    outer loop
      vertex 100.85 42.60000000000001 3.44
      vertex 200 43.900000000000006 3.44
      vertex 100.85 43.900000000000006 3.44
    endloop
  endfacet
  facet normal 0 0 -1
    outer loop
      vertex 100.85 43.900000000000006 2.63
      vertex 200 43.900000000000006 2.63
      vertex 200 42.60000000000001 2.63
    endloop
  endfacet
  facet normal 0 1 0
    outer loop
      vertex 100.85 43.900000000000006 3.44
      vertex 200 43.900000000000006 3.44
      vertex 200 43.900000000000006 2.63
    endloop
  endfacet
  facet normal 0 0 1
    outer loop
      vertex 100.85 42.60000000000001 3.44
      vertex 200 42.60000000000001 3.44
      vertex 200 43.900000000000006 3.44
    endloop
  endfacet
  facet normal 0 -1 0
    outer loop
      vertex 100.85 55.000000000000014 0.6
      vertex 198.7858024691358 55.000000000000014 0.6
      vertex 100.85 55.000000000000014 1.4
    endloop
  endfacet
  facet normal 0 1 0
    outer loop
      vertex 100.85 55.80000000000001 0.6
      vertex 100.85 55.80000000000001 1.4
      vertex 200 55.80000000000001 2.6298759580475997
    endloop
  endfacet
  facet normal 0 1 0
    outer loop
      vertex 100.85 55.80000000000001 0.6
      vertex 200 55.80000000000001 2.6298759580475997
      vertex 200 55.80000000000001 0.6
    endloop
  endfacet
  facet normal -1 0 0
    outer loop
      vertex 100.85 53.70000000000002 2.63
      vertex 100.85 55.000000000000014 2.6499999999999995
      vertex 100.85 55.000000000000014 2.63
    endloop
  endfacet
  facet normal -1 0 0
    outer loop
      vertex 100.85 53.70000000000002 2.63
      vertex 100.85 55.80000000000001 3.44
      vertex 100.85 55.000000000000014 2.6499999999999995
    endloop
  endfacet
  facet normal -1 0 0
    outer loop
      vertex 100.85 55.000000000000014 2.6499999999999995
      vertex 100.85 55.80000000000001 3.44
      vertex 100.85 55.80000000000001 2.6499999999999995
    endloop
  endfacet
  facet normal -1 0 0
    outer loop
      vertex 100.85 53.70000000000002 2.63
      vertex 100.85 53.70000000000002 3.44
      vertex 100.85 55.80000000000001 3.44
    endloop
  endfacet
  facet normal 0 0 -1
    outer loop
      vertex 100.85 53.70000000000002 2.63
      vertex 100.85 55.000000000000014 2.63
      vertex 200 53.70000000000002 2.63
    endloop
  endfacet
  facet normal 0 -1 0
    outer loop
      vertex 100.85 53.70000000000002 2.63
      vertex 200 53.70000000000002 3.44
      vertex 100.85 53.70000000000002 3.44
    endloop
  endfacet
  facet normal 0 0 1
    outer loop
      vertex 100.85 53.70000000000002 3.44
      vertex 200 55.00021177894313 3.44
      vertex 100.85 55.80000000000001 3.44
    endloop
  endfacet
  facet normal 0 0 1
    outer loop
      vertex 100.85 55.80000000000001 3.44
      vertex 200 55.00021177894313 3.44
      vertex 162.23476190476174 55.80000000000001 3.44
    endloop
  endfacet
  facet normal 0 0 -1
    outer loop
      vertex 100.85 55.000000000000014 2.63
      vertex 200 55.00000000000001 2.63
      vertex 200 53.70000000000002 2.63
    endloop
  endfacet
  facet normal 0 -1 0
    outer loop
      vertex 100.85 53.70000000000002 2.63
      vertex 200 53.70000000000002 2.63
      vertex 200 53.70000000000002 3.44
    endloop
  endfacet
  facet normal 0 0 1
    outer loop
      vertex 100.85 53.70000000000002 3.44
      vertex 200 53.70000000000002 3.44
      vertex 200 55.00021177894313 3.44
    endloop
  endfacet
  facet normal 1 0 0
    outer loop
      vertex 94.85 42.60000000000001 0.6
      vertex 94.85 55.000000000000014 0.6
      vertex 94.85 42.60000000000001 1.4
    endloop
  endfacet
  facet normal -1 0 0
    outer loop
      vertex 93.65 41.80000000000001 0.6
      vertex 93.65 41.80000000000001 1.4683823529411764
      vertex 93.65 55.80000000000001 2.4
    endloop
  endfacet
  facet normal 1 0 0
    outer loop
      vertex 94.85 42.20000000000001 1.4
      vertex 94.85 42.60000000000001 1.4
      vertex 94.85 42.06666666666668 1.7333333333333332
    endloop
  endfacet
  facet normal 1 0 0
    outer loop
      vertex 94.85 42.60000000000001 1.4
      vertex 94.85 55.000000000000014 1.4
      vertex 94.85 42.554285714285726 2.342857142857143
    endloop
  endfacet
  facet normal -1 0 0
    outer loop
      vertex 93.65 41.80000000000001 0.6
      vertex 93.65 55.80000000000001 1.4949999999999999
      vertex 93.65 55.008839779005534 0.6
    endloop
  endfacet
  facet normal 1 0 0
    outer loop
      vertex 94.85 55.000000000000014 0.6
      vertex 94.85 55.000000000000014 1.4
      vertex 94.85 42.60000000000001 1.4
    endloop
  endfacet
  facet normal -1 0 0
    outer loop
      vertex 93.65 41.80000000000001 0.6
      vertex 93.65 55.80000000000001 2.4
      vertex 93.65 55.80000000000001 1.4949999999999999
    endloop
  endfacet
  facet normal 1 0 0
    outer loop
      vertex 94.85 42.60000000000001 1.4
      vertex 94.85 41.80000000000001 2.4
      vertex 94.85 42.06666666666668 1.7333333333333332
    endloop
  endfacet
  facet normal 1 0 0
    outer loop
      vertex 94.85 42.06666666666668 1.7333333333333332
      vertex 94.85 41.80000000000001 2.4
      vertex 94.85 41.80000000000001 1.914705882352941
    endloop
  endfacet
  facet normal 1 0 0
    outer loop
      vertex 94.85 42.60000000000001 1.4
      vertex 94.85 42.554285714285726 2.342857142857143
      vertex 94.85 41.80000000000001 2.4
    endloop
  endfacet
  facet normal 1 0 0
    outer loop
      vertex 94.85 55.000000000000014 1.4
      vertex 94.85 42.60000000000001 2.3705882352941177
      vertex 94.85 42.554285714285726 2.342857142857143
    endloop
  endfacet
  facet normal -1 0 0
    outer loop
      vertex 93.65 41.80000000000001 1.4683823529411764
      vertex 93.65 42.18823529411766 2.346764705882353
      vertex 93.65 55.80000000000001 2.4
    endloop
  endfacet
  facet normal 1 0 0
    outer loop
      vertex 94.85 55.000000000000014 1.4
      vertex 94.85 42.60000000000001 2.4
      vertex 94.85 42.60000000000001 2.3705882352941177
    endloop
  endfacet
  facet normal 0 0 1
    outer loop
      vertex 93.65 41.80000000000001 2.4
      vertex 94.85 41.80000000000001 2.4
      vertex 94.78142857142856 42.60000000000001 2.4
    endloop
  endfacet
  facet normal -1 0 0
    outer loop
      vertex 93.65 42.18823529411766 2.346764705882353
      vertex 93.65 41.80000000000001 2.4
      vertex 93.65 55.80000000000001 2.4
    endloop
  endfacet
  facet normal 0 0 1
    outer loop
      vertex 93.65 41.80000000000001 2.4
      vertex 94.78142857142856 42.60000000000001 2.4
      vertex 93.65 55.80000000000001 2.4
    endloop
  endfacet
  facet normal 0 0 1
    outer loop
      vertex 94.85 42.60000000000001 2.4
      vertex 94.85 55.400000000000006 2.4
      vertex 94.78142857142856 42.60000000000001 2.4
    endloop
  endfacet
  facet normal 1 0 0
    outer loop
      vertex 94.85 55.000000000000014 1.4
      vertex 94.85 55.40000000000001 1.8999999999999977
      vertex 94.85 55.400000000000006 2.4
    endloop
  endfacet
  facet normal 1 0 0
    outer loop
      vertex 94.85 55.40000000000001 1.8999999999999977
      vertex 94.85 55.80000000000001 1.9
      vertex 94.85 55.80000000000001 2.339393939393939
    endloop
  endfacet
  facet normal 1 0 0
    outer loop
      vertex 94.85 55.000000000000014 1.4
      vertex 94.85 55.400000000000006 2.4
      vertex 94.85 42.60000000000001 2.4
    endloop
  endfacet
  facet normal 1 0 0
    outer loop
      vertex 94.85 55.40000000000001 1.8999999999999977
      vertex 94.85 55.80000000000001 2.339393939393939
      vertex 94.85 55.77714285714287 2.371428571428571
    endloop
  endfacet
  facet normal 1 0 0
    outer loop
      vertex 94.85 55.40000000000001 1.8999999999999977
      vertex 94.85 55.77714285714287 2.371428571428571
      vertex 94.85 55.400000000000006 2.4
    endloop
  endfacet
  facet normal 0 0 1
    outer loop
      vertex 94.78142857142856 42.60000000000001 2.4
      vertex 94.78142857142856 55.80000000000001 2.4
      vertex 93.65 55.80000000000001 2.4
    endloop
  endfacet
  facet normal 0 0 1
    outer loop
      vertex 94.78142857142856 42.60000000000001 2.4
      vertex 94.85 55.400000000000006 2.4
      vertex 94.78142857142856 55.80000000000001 2.4
    endloop
  endfacet
  facet normal 0 -1 0
    outer loop
      vertex 66.25 55.000000000000014 0.6
      vertex 87.06 55.000000000000014 0.6
      vertex 87.06 55.000000000000014 1.289999999999997
    endloop
  endfacet
  facet normal 0 -1 0
    outer loop
      vertex 66.25 55.000000000000014 0.6
      vertex 87.06 55.000000000000014 1.289999999999997
      vertex 66.25 55.000000000000014 1.2900000000000003
    endloop
  endfacet
  facet normal 1 0 0
    outer loop
      vertex 87.06 55.80000000000001 0.6
      vertex 87.06 55.800000000000004 1.29
      vertex 87.06 55.000000000000014 1.289999999999997
    endloop
  endfacet
  facet normal 1.0670091538925155e-17 1.7080354225002446e-16 -1
    outer loop
      vertex 66.25 55.80000000000001 1.2899999999999998
      vertex 66.25 57.10000000000001 1.29
      vertex 87.06 55.800000000000004 1.29
    endloop
  endfacet
  facet normal 0 0 -1
    outer loop
      vertex 66.25 57.10000000000001 1.29
      vertex 87.05 57.10000000000001 1.29
      vertex 87.06 55.800000000000004 1.29
    endloop
  endfacet
  facet normal 0 0 -1
    outer loop
      vertex 87.06 55.800000000000004 1.29
      vertex 87.05 57.10000000000001 1.29
      vertex 87.06 57.09611111111112 1.29
    endloop
  endfacet
  facet normal -2.2204460492491774e-14 -5.709718412359664e-14 -1
    outer loop
      vertex 87.06 57.09611111111112 1.29
      vertex 87.05 57.10000000000001 1.29
      vertex 87.06 57.10000000000001 1.2899999999999998
    endloop
  endfacet
  facet normal 0 1 0
    outer loop
      vertex 87.06 57.10000000000001 1.2899999999999998
      vertex 87.05 57.10000000000001 1.29
      vertex 87.05 57.10000000000001 2.0999999999999996
    endloop
  endfacet
  facet normal 1 0 0
    outer loop
      vertex 87.06 57.09611111111112 1.29
      vertex 87.06 57.10000000000001 1.2899999999999998
      vertex 87.06 57.10000000000001 2.0999999999999996
    endloop
  endfacet
  facet normal 1 0 0
    outer loop
      vertex 87.06 57.09611111111112 1.29
      vertex 87.06 57.10000000000001 2.0999999999999996
      vertex 87.06 57.09611111111112 2.0999999999999996
    endloop
  endfacet
  facet normal 0 1 0
    outer loop
      vertex 87.06 57.10000000000001 1.2899999999999998
      vertex 87.05 57.10000000000001 2.0999999999999996
      vertex 87.06 57.10000000000001 2.0999999999999996
    endloop
  endfacet
  facet normal 0 0 1
    outer loop
      vertex 87.06 57.09611111111112 2.0999999999999996
      vertex 87.06 57.10000000000001 2.0999999999999996
      vertex 87.05 57.10000000000001 2.0999999999999996
    endloop
  endfacet
  facet normal 0 0 -1
    outer loop
      vertex 90.39285714285714 55.25979955456571 1.29
      vertex 90.75643683176958 55.4295330569496 1.29
      vertex 91.2283923597294 55.324930362117 1.29
    endloop
  endfacet
  facet normal 0 0 -1
    outer loop
      vertex 87.06 55.800000000000004 1.29
      vertex 87.06 57.09611111111112 1.29
      vertex 90.39285714285714 55.80000000000001 1.29
    endloop
  endfacet
  facet normal 0 1 0
    outer loop
      vertex 66.25 57.10000000000001 1.29
      vertex 66.25 57.10000000000001 2.1100000000000003
      vertex 87.05 57.10000000000001 1.29
    endloop
  endfacet
  facet normal 0.3624462611549486 0.9320046715412958 -1.4811755488984115e-17
    outer loop
      vertex 90.39285714285714 55.80000000000001 1.29
      vertex 87.06 57.09611111111112 1.29
      vertex 87.06 57.09611111111112 2.0999999999999996
    endloop
  endfacet
  facet normal 0 0 -1
    outer loop
      vertex 90.39285714285714 55.00000000000001 1.29
      vertex 91.2283923597294 55.324930362117 1.29
      vertex 91.55 55.00000000000001 1.29
    endloop
  endfacet
  facet normal 0 0 -1
    outer loop
      vertex 90.75643683176958 55.4295330569496 1.29
      vertex 91.55 55.35000000000001 1.29
      vertex 91.2283923597294 55.324930362117 1.29
    endloop
  endfacet
  facet normal 0 0 -1
    outer loop
      vertex 90.75643683176958 55.4295330569496 1.29
      vertex 91.42142857142856 55.40000000000001 1.29
      vertex 91.55 55.35000000000001 1.29
    endloop
  endfacet
  facet normal 0 0 -1
    outer loop
      vertex 91.2283923597294 55.324930362117 1.29
      vertex 91.55 55.35000000000001 1.29
      vertex 91.55 55.00000000000001 1.29
    endloop
  endfacet
  facet normal 0 -1 0
    outer loop
      vertex 90.39285714285714 55.00000000000001 1.29
      vertex 91.55 55.00000000000001 1.29
      vertex 91.55 55.00000000000001 2.1100000000000003
    endloop
  endfacet
  facet normal 1 0 0
    outer loop
      vertex 91.55 55.00000000000001 1.29
      vertex 91.55 55.35000000000001 1.29
      vertex 91.55 55.00000000000001 2.1100000000000003
    endloop
  endfacet
  facet normal 0.3624462611549633 0.9320046715412901 8.075965232416361e-15
    outer loop
      vertex 91.42142857142856 55.40000000000001 1.29
      vertex 91.42142857142856 55.400000000000006 2.1100000000000003
      vertex 91.55 55.35000000000001 1.29
    endloop
  endfacet
  facet normal 0 0 1
    outer loop
      vertex 66.25 55.79862204724411 2.1100000000000003
      vertex 73.15169812876105 55.70351990767456 2.1100000000000003
      vertex 66.25 57.10000000000001 2.1100000000000003
    endloop
  endfacet
  facet normal 0 1 0
    outer loop
      vertex 87.05 57.10000000000001 1.29
      vertex 66.25 57.10000000000001 2.1100000000000003
      vertex 87.05 57.10000000000001 2.0999999999999996
    endloop
  endfacet
  facet normal 0 0 1
    outer loop
      vertex 66.25 57.10000000000001 2.1100000000000003
      vertex 73.15169812876105 55.70351990767456 2.1100000000000003
      vertex 87.05 57.10000000000001 2.1100000000000003
    endloop
  endfacet
  facet normal 0 1 0
    outer loop
      vertex 66.25 57.10000000000001 2.1100000000000003
      vertex 87.05 57.10000000000001 2.1100000000000003
      vertex 87.05 57.10000000000001 2.0999999999999996
    endloop
  endfacet
  facet normal 0 -1 0
    outer loop
      vertex 90.39285714285714 55.00000000000001 1.29
      vertex 91.55 55.00000000000001 2.1100000000000003
      vertex 90.39285714285714 55.00000000000001 2.1100000000000003
    endloop
  endfacet
  facet normal 0.36244626115503087 0.9320046715412639 3.761881553426757e-13
    outer loop
      vertex 90.39285714285714 55.80000000000001 1.29
      vertex 87.06 57.09611111111112 2.0999999999999996
      vertex 87.05 57.10000000000001 2.1100000000000003
    endloop
  endfacet
  facet normal 0.3624462611549479 0.9320046715412962 0
    outer loop
      vertex 90.39285714285714 55.80000000000001 1.29
      vertex 87.05 57.10000000000001 2.1100000000000003
      vertex 90.39285714285714 55.80000000000001 2.1100000000000003
    endloop
  endfacet
  facet normal 0 0 1
    outer loop
      vertex 73.15169812876105 55.70351990767456 2.1100000000000003
      vertex 90.70976476353835 55.39210977701545 2.1100000000000003
      vertex 87.05 57.10000000000001 2.1100000000000003
    endloop
  endfacet
  facet normal 0 0 1
    outer loop
      vertex 85.01857142857139 55.00000000000001 2.1100000000000003
      vertex 90.39285714285714 55.00000000000001 2.1100000000000003
      vertex 90.70976476353835 55.39210977701545 2.1100000000000003
    endloop
  endfacet
  facet normal 0 0 1
    outer loop
      vertex 90.39285714285714 55.00000000000001 2.1100000000000003
      vertex 91.55 55.00000000000001 2.1100000000000003
      vertex 90.70976476353835 55.39210977701545 2.1100000000000003
    endloop
  endfacet
  facet normal 0.36244626115469275 0.9320046715413953 -2.6070422377289668e-17
    outer loop
      vertex 87.06 57.09611111111112 2.0999999999999996
      vertex 87.05 57.10000000000001 2.0999999999999996
      vertex 87.05 57.10000000000001 2.1100000000000003
    endloop
  endfacet
  facet normal 0 0 1
    outer loop
      vertex 90.39285714285714 55.80000000000001 2.1100000000000003
      vertex 87.05 57.10000000000001 2.1100000000000003
      vertex 90.55637496377861 55.46369168356999 2.1100000000000003
    endloop
  endfacet
  facet normal 0 0 -1
    outer loop
      vertex 90.70976476353835 55.39210977701545 2.1100000000000003
      vertex 90.55637496377861 55.46369168356999 2.1100000000000003
      vertex 87.05 57.10000000000001 2.1100000000000003
    endloop
  endfacet
  facet normal 0.3624462611549186 0.9320046715413076 0
    outer loop
      vertex 91.55 55.35000000000001 1.29
      vertex 91.42142857142856 55.400000000000006 2.1100000000000003
      vertex 91.55 55.35000000000001 2.1100000000000003
    endloop
  endfacet
  facet normal 1 0 0
    outer loop
      vertex 91.55 55.35000000000001 1.29
      vertex 91.55 55.35000000000001 2.1100000000000003
      vertex 91.55 55.00000000000001 2.1100000000000003
    endloop
  endfacet
  facet normal 0 0 1
    outer loop
      vertex 90.70976476353835 55.39210977701545 2.1100000000000003
      vertex 91.55 55.00000000000001 2.1100000000000003
      vertex 91.33155757286193 55.43494983277593 2.1100000000000003
    endloop
  endfacet
  facet normal 0 0 1
    outer loop
      vertex 91.42142857142856 55.400000000000006 2.1100000000000003
      vertex 91.55 55.00000000000001 2.1100000000000003
      vertex 91.55 55.35000000000001 2.1100000000000003
    endloop
  endfacet
  facet normal 0 0 1
    outer loop
      vertex 91.42142857142856 55.400000000000006 2.1100000000000003
      vertex 91.33155757286193 55.43494983277593 2.1100000000000003
      vertex 91.55 55.00000000000001 2.1100000000000003
    endloop
  endfacet
  facet normal 0 1 0
    outer loop
      vertex 66.25 69 0.6
      vertex 87.06 69 1.29
      vertex 87.06 69 0.6
    endloop
  endfacet
  facet normal 1 0 0
    outer loop
      vertex 87.06 68.20000000000002 0.6
      vertex 87.06 69 0.6
      vertex 87.06 68.2 1.29
    endloop
  endfacet
  facet normal 0 1 0
    outer loop
      vertex 66.25 69 0.6
      vertex 66.25 69 1.2899999999999998
      vertex 87.06 69 1.29
    endloop
  endfacet
  facet normal 1 0 0
    outer loop
      vertex 87.06 69 0.6
      vertex 87.06 69 1.29
      vertex 87.06 68.2 1.29
    endloop
  endfacet
  facet normal 0 -1.7080354225002444e-16 -1
    outer loop
      vertex 66.25 66.9 1.29
      vertex 66.25 68.2 1.2899999999999998
      vertex 87.05 66.9 1.29
    endloop
  endfacet
  facet normal -2.220446049249444e-14 -3.554421714221618e-13 -1
    outer loop
      vertex 66.25 68.2 1.2899999999999998
      vertex 87.06 66.9 1.2899999999999998
      vertex 87.05 66.9 1.29
    endloop
  endfacet
  facet normal 3.566859171578075e-15 5.709718412349223e-14 -1
    outer loop
      vertex 66.25 68.2 1.2899999999999998
      vertex 87.06 66.9038888888889 1.29
      vertex 87.06 66.9 1.2899999999999998
    endloop
  endfacet
  facet normal 1.0670091538925098e-17 0 -1
    outer loop
      vertex 66.25 68.2 1.2899999999999998
      vertex 87.06 68.2 1.29
      vertex 87.06 66.9038888888889 1.29
    endloop
  endfacet
  facet normal 0 -1 0
    outer loop
      vertex 87.06 66.9 1.2899999999999998
      vertex 87.06 66.9 2.0999999999999996
      vertex 87.05 66.9 1.29
    endloop
  endfacet
  facet normal 1 0 0
    outer loop
      vertex 87.06 66.9 1.2899999999999998
      vertex 87.06 66.9038888888889 1.29
      vertex 87.06 66.9038888888889 2.0999999999999996
    endloop
  endfacet
  facet normal 0 -1 0
    outer loop
      vertex 87.05 66.9 1.29
      vertex 87.06 66.9 2.0999999999999996
      vertex 87.05000000000001 66.9 2.0999999999999996
    endloop
  endfacet
  facet normal 1 0 0
    outer loop
      vertex 87.06 66.9 1.2899999999999998
      vertex 87.06 66.9038888888889 2.0999999999999996
      vertex 87.06 66.9 2.0999999999999996
    endloop
  endfacet
  facet normal 0 0 1
    outer loop
      vertex 87.06 66.9 2.0999999999999996
      vertex 87.06 66.9038888888889 2.0999999999999996
      vertex 87.05000000000001 66.9 2.0999999999999996
    endloop
  endfacet
  facet normal 0 0 -1
    outer loop
      vertex 87.06 66.9038888888889 1.29
      vertex 87.06 68.2 1.29
      vertex 89.83635038430955 68.2 1.29
    endloop
  endfacet
  facet normal 0 0 -1
    outer loop
      vertex 87.06 66.9038888888889 1.29
      vertex 89.83635038430955 68.2 1.29
      vertex 90.39285714285714 68.2 1.29
    endloop
  endfacet
  facet normal 0 0 -1
    outer loop
      vertex 87.06 68.2 1.29
      vertex 90.39285714285714 68.4597995545657 1.29
      vertex 89.83635038430955 68.2 1.29
    endloop
  endfacet
  facet normal 0 0 -1
    outer loop
      vertex 90.39285714285714 69 1.29
      vertex 91.55 69 1.29
      vertex 91.02413244650086 68.754504048583 1.29
    endloop
  endfacet
  facet normal 0 -1 0
    outer loop
      vertex 66.25 66.9 1.29
      vertex 87.05 66.9 1.29
      vertex 87.05000000000001 66.9 2.0999999999999996
    endloop
  endfacet
  facet normal 0.3624462611549469 -0.9320046715412965 1.1674898731476317e-16
    outer loop
      vertex 87.06 66.9038888888889 1.29
      vertex 90.39285714285714 68.2 1.29
      vertex 90.39285714285714 68.2 2.1100000000000003
    endloop
  endfacet
  facet normal 0 1 0
    outer loop
      vertex 90.39285714285714 69 1.29
      vertex 90.39285714285714 69 2.1100000000000003
      vertex 91.55 69 1.29
    endloop
  endfacet
  facet normal 0 0 -1
    outer loop
      vertex 91.02413244650086 68.754504048583 1.29
      vertex 91.55 69 1.29
      vertex 91.42142857142856 68.60000000000001 1.29
    endloop
  endfacet
  facet normal 0 0 -1
    outer loop
      vertex 91.42142857142856 68.60000000000001 1.29
      vertex 91.55 69 1.29
      vertex 91.55 68.65 1.29
    endloop
  endfacet
  facet normal 0.3624462611549186 -0.9320046715413076 -2.3221905237664003e-18
    outer loop
      vertex 91.42142857142856 68.60000000000001 1.29
      vertex 91.55 68.65 1.29
      vertex 91.55 68.65 2.1100000000000003
    endloop
  endfacet
  facet normal 1 0 0
    outer loop
      vertex 91.55 68.65 1.29
      vertex 91.55 69 1.29
      vertex 91.55 68.65 2.1100000000000003
    endloop
  endfacet
  facet normal 0 -1 0
    outer loop
      vertex 66.25 66.9 1.29
      vertex 87.05 66.9 2.1100000000000003
      vertex 66.25 66.9 2.1100000000000003
    endloop
  endfacet
  facet normal 0 -1 0
    outer loop
      vertex 66.25 66.9 1.29
      vertex 87.05000000000001 66.9 2.0999999999999996
      vertex 87.05 66.9 2.1100000000000003
    endloop
  endfacet
  facet normal 0 0 1
    outer loop
      vertex 66.25 66.9 2.1100000000000003
      vertex 89.83571428571427 69 2.1100000000000003
      vertex 66.25 69 2.1100000000000003
    endloop
  endfacet
  facet normal 0 0 1
    outer loop
      vertex 66.25 66.9 2.1100000000000003
      vertex 87.05 66.9 2.1100000000000003
      vertex 90.39285714285714 68.2 2.1100000000000003
    endloop
  endfacet
  facet normal 0.3624462611549468 -0.9320046715412964 0
    outer loop
      vertex 87.06 66.9038888888889 1.29
      vertex 90.39285714285714 68.2 2.1100000000000003
      vertex 87.06 66.9038888888889 2.0999999999999996
    endloop
  endfacet
  facet normal 0 0 1
    outer loop
      vertex 66.25 66.9 2.1100000000000003
      vertex 90.39285714285714 68.2 2.1100000000000003
      vertex 91.02402597402596 68.44545454545455 2.1100000000000003
    endloop
  endfacet
  facet normal 0 0 1
    outer loop
      vertex 66.25 66.9 2.1100000000000003
      vertex 91.02402597402596 68.44545454545455 2.1100000000000003
      vertex 91.42142857142856 68.60000000000001 2.1100000000000003
    endloop
  endfacet
  facet normal 0 0 1
    outer loop
      vertex 66.25 66.9 2.1100000000000003
      vertex 91.55 68.65 2.1100000000000003
      vertex 89.83571428571427 69 2.1100000000000003
    endloop
  endfacet
  facet normal 0 0 1
    outer loop
      vertex 66.25 66.9 2.1100000000000003
      vertex 91.42142857142856 68.60000000000001 2.1100000000000003
      vertex 91.55 68.65 2.1100000000000003
    endloop
  endfacet
  facet normal 0.36244626115571543 -0.9320046715409976 -2.9486309030841224e-10
    outer loop
      vertex 87.05000000000001 66.9 2.0999999999999996
      vertex 87.06 66.9038888888889 2.0999999999999996
      vertex 90.39285714285714 68.2 2.1100000000000003
    endloop
  endfacet
  facet normal 0.362446261154948 -0.9320046715412963 5.150671159340782e-13
    outer loop
      vertex 87.05000000000001 66.9 2.0999999999999996
      vertex 90.39285714285714 68.2 2.1100000000000003
      vertex 87.05 66.9 2.1100000000000003
    endloop
  endfacet
  facet normal 0 0 1
    outer loop
      vertex 89.83571428571427 69 2.1100000000000003
      vertex 91.55 68.65 2.1100000000000003
      vertex 90.39285714285714 69 2.1100000000000003
    endloop
  endfacet
  facet normal 0.3624462611549186 -0.9320046715413076 0
    outer loop
      vertex 91.42142857142856 68.60000000000001 1.29
      vertex 91.55 68.65 2.1100000000000003
      vertex 91.42142857142856 68.60000000000001 2.1100000000000003
    endloop
  endfacet
  facet normal 1 0 0
    outer loop
      vertex 91.55 69 1.29
      vertex 91.55 69 2.1100000000000003
      vertex 91.55 68.65 2.1100000000000003
    endloop
  endfacet
  facet normal 0 1 0
    outer loop
      vertex 91.55 69 1.29
      vertex 90.39285714285714 69 2.1100000000000003
      vertex 91.55 69 2.1100000000000003
    endloop
  endfacet
  facet normal 0 0 1
    outer loop
      vertex 90.39285714285714 69 2.1100000000000003
      vertex 91.55 68.65 2.1100000000000003
      vertex 91.55 69 2.1100000000000003
    endloop
  endfacet
  facet normal 0 -1 0
    outer loop
      vertex 94.85 55.000000000000014 0.6
      vertex 100.85 55.000000000000014 0.6
      vertex 94.85 55.000000000000014 1.4
    endloop
  endfacet
  facet normal 0 -1 0
    outer loop
      vertex 100.85 55.000000000000014 0.6
      vertex 100.85 55.000000000000014 1.4
      vertex 94.85 55.000000000000014 1.4
    endloop
  endfacet
  facet normal 0 0 1
    outer loop
      vertex 94.85 55.000000000000014 1.4
      vertex 100.85 55.000000000000014 1.4
      vertex 94.85 55.80000000000001 1.4
    endloop
  endfacet
  facet normal 0 1 0
    outer loop
      vertex 94.85 69 0.6
      vertex 100.85 69 1.4
      vertex 100.85 69 0.6
    endloop
  endfacet
  facet normal 0 1 0
    outer loop
      vertex 94.85 69 0.6
      vertex 94.85 69 1.4
      vertex 100.85 69 1.4
    endloop
  endfacet
  facet normal 0 0 1
    outer loop
      vertex 94.85 68.20000000000002 1.4
      vertex 100.85 68.20000000000002 1.4
      vertex 94.85 69 1.4
    endloop
  endfacet
  facet normal 0 0 1
    outer loop
      vertex 94.85 69 1.4
      vertex 100.85 68.20000000000002 1.4
      vertex 100.85 69 1.4
    endloop
  endfacet
  facet normal -1 0 0
    outer loop
      vertex 100.85 55.000000000000014 1.4
      vertex 100.85 55.80000000000001 2.63
      vertex 100.85 55.80000000000001 1.4
    endloop
  endfacet
  facet normal -1 0 0
    outer loop
      vertex 100.85 55.000000000000014 1.4
      vertex 100.85 55.000000000000014 2.63
      vertex 100.85 55.80000000000001 2.6499999999999995
    endloop
  endfacet
  facet normal -1 0 0
    outer loop
      vertex 100.85 55.000000000000014 1.4
      vertex 100.85 55.80000000000001 2.6499999999999995
      vertex 100.85 55.80000000000001 2.63
    endloop
  endfacet
  facet normal -1 0 0
    outer loop
      vertex 100.85 55.000000000000014 2.63
      vertex 100.85 55.000000000000014 2.6499999999999995
      vertex 100.85 55.80000000000001 2.6499999999999995
    endloop
  endfacet
  facet normal 0 -1 0
    outer loop
      vertex 100.85 55.000000000000014 1.4
      vertex 198.7858024691358 55.000000000000014 0.6
      vertex 100.85 55.000000000000014 2.63
    endloop
  endfacet
  facet normal 0 -1 0
    outer loop
      vertex 100.85 55.000000000000014 2.63
      vertex 198.7858024691358 55.000000000000014 0.6
      vertex 200 55.000000000000014 0.6
    endloop
  endfacet
  facet normal 0 1 0
    outer loop
      vertex 100.85 55.80000000000001 1.4
      vertex 100.85 55.80000000000001 2.63
      vertex 200 55.80000000000001 2.6298759580475997
    endloop
  endfacet
  facet normal -7.166341258296522e-17 -1 -3.5002105209857157e-15
    outer loop
      vertex 100.85 55.000000000000014 2.63
      vertex 200 55.000000000000014 0.6
      vertex 200 55.00000000000001 2.63
    endloop
  endfacet
  facet normal 0 1 0
    outer loop
      vertex 100.85 55.80000000000001 2.63
      vertex 200 55.80000000000001 2.63
      vertex 200 55.80000000000001 2.6298759580475997
    endloop
  endfacet
  facet normal -1 0 0
    outer loop
      vertex 100.85 55.80000000000001 2.63
      vertex 100.85 55.80000000000001 2.6499999999999995
      vertex 100.85 57.10000000000001 2.63
    endloop
  endfacet
  facet normal -1 0 0
    outer loop
      vertex 100.85 55.80000000000001 2.6499999999999995
      vertex 100.85 57.10000000000001 3.44
      vertex 100.85 57.10000000000001 2.63
    endloop
  endfacet
  facet normal -1 0 0
    outer loop
      vertex 100.85 55.80000000000001 2.6499999999999995
      vertex 100.85 55.80000000000001 3.44
      vertex 100.85 57.10000000000001 3.44
    endloop
  endfacet
  facet normal 0 0 1
    outer loop
      vertex 100.85 55.80000000000001 3.44
      vertex 162.23476190476174 55.80000000000001 3.44
      vertex 100.85 57.10000000000001 3.44
    endloop
  endfacet
  facet normal 0 0 -1
    outer loop
      vertex 100.85 55.80000000000001 2.63
      vertex 100.85 57.10000000000001 2.63
      vertex 200 55.80000000000001 2.63
    endloop
  endfacet
  facet normal 0 1 0
    outer loop
      vertex 100.85 57.10000000000001 2.63
      vertex 100.85 57.10000000000001 3.44
      vertex 200 57.10000000000001 2.63
    endloop
  endfacet
  facet normal 0 0 1
    outer loop
      vertex 100.85 57.10000000000001 3.44
      vertex 162.23476190476174 55.80000000000001 3.44
      vertex 200 57.10000000000001 3.44
    endloop
  endfacet
  facet normal 0 0 -1
    outer loop
      vertex 100.85 57.10000000000001 2.63
      vertex 200 57.10000000000001 2.63
      vertex 200 55.80000000000001 2.63
    endloop
  endfacet
  facet normal 0 1 0
    outer loop
      vertex 100.85 57.10000000000001 3.44
      vertex 200 57.10000000000001 3.44
      vertex 200 57.10000000000001 2.63
    endloop
  endfacet
  facet normal 0 0 1
    outer loop
      vertex 162.23476190476174 55.80000000000001 3.44
      vertex 200 55.00021177894313 3.44
      vertex 200 57.10000000000001 3.44
    endloop
  endfacet
  facet normal -1 4.1539421475205947e-13 -2.700062395888468e-11
    outer loop
      vertex 100.85 66.9 2.63
      vertex 100.85 68.20000000000002 2.6499999999999995
      vertex 100.85000000000053 68.2 2.63
    endloop
  endfacet
  facet normal -1 0 0
    outer loop
      vertex 100.85 66.9 2.63
      vertex 100.85 66.9 3.44
      vertex 100.85 68.20000000000002 2.6499999999999995
    endloop
  endfacet
  facet normal -1 0 0
    outer loop
      vertex 100.85 68.20000000000002 2.6499999999999995
      vertex 100.85 66.9 3.44
      vertex 100.85 68.2 3.44
    endloop
  endfacet
  facet normal 0 0 1
    outer loop
      vertex 100.85 66.9 3.44
      vertex 138.62523809523861 68.2 3.44
      vertex 100.85 68.2 3.44
    endloop
  endfacet
  facet normal 0 0 -1
    outer loop
      vertex 100.85 66.9 2.63
      vertex 100.85000000000053 68.2 2.63
      vertex 200 66.9 2.63
    endloop
  endfacet
  facet normal 0 -1 0
    outer loop
      vertex 100.85 66.9 2.63
      vertex 200 66.9 3.44
      vertex 100.85 66.9 3.44
    endloop
  endfacet
  facet normal 0 0 1
    outer loop
      vertex 100.85 66.9 3.44
      vertex 200 66.9 3.44
      vertex 138.62523809523861 68.2 3.44
    endloop
  endfacet
  facet normal -1.8363749474384737e-16 -1.4005890464501852e-14 -1
    outer loop
      vertex 100.85000000000053 68.2 2.63
      vertex 200 68.20000000000002 2.6299999999999817
      vertex 200 66.9 2.63
    endloop
  endfacet
  facet normal 0 -1 0
    outer loop
      vertex 100.85 66.9 2.63
      vertex 200 66.9 2.63
      vertex 200 66.9 3.44
    endloop
  endfacet
  facet normal 0 0 1
    outer loop
      vertex 138.62523809523861 68.2 3.44
      vertex 200 68.20021177894313 3.44
      vertex 162.2347619047614 69.00000000000001 3.44
    endloop
  endfacet
  facet normal 0 0 1
    outer loop
      vertex 138.62523809523861 68.2 3.44
      vertex 200 66.9 3.44
      vertex 200 68.20021177894313 3.44
    endloop
  endfacet
  facet normal 1 0 0
    outer loop
      vertex 94.85 55.80000000000001 0.6
      vertex 94.85 68.20000000000002 0.6
      vertex 94.85 55.80000000000001 1.4
    endloop
  endfacet
  facet normal -1 0 0
    outer loop
      vertex 93.65 55.008839779005534 0.6
      vertex 93.65 68.2 1.4683823529411764
      vertex 93.65 68.2 0.6
    endloop
  endfacet
  facet normal 1 0 0
    outer loop
      vertex 94.85 68.20000000000002 0.6
      vertex 94.85 68.20000000000002 1.4
      vertex 94.85 55.80000000000001 1.4
    endloop
  endfacet
  facet normal -1 0 0
    outer loop
      vertex 93.65 55.008839779005534 0.6
      vertex 93.65 55.80000000000001 1.4949999999999999
      vertex 93.65 68.58823529411765 2.3467647058823524
    endloop
  endfacet
  facet normal 1 0 0
    outer loop
      vertex 94.85 55.000000000000014 1.4
      vertex 94.85 55.80000000000001 1.4
      vertex 94.85 55.40000000000001 1.8999999999999977
    endloop
  endfacet
  facet normal 1 0 0
    outer loop
      vertex 94.85 55.80000000000001 1.4
      vertex 94.85 68.20000000000002 1.4
      vertex 94.85 55.80000000000001 1.9
    endloop
  endfacet
  facet normal -1 0 0
    outer loop
      vertex 93.65 55.008839779005534 0.6
      vertex 93.65 68.58823529411765 2.3467647058823524
      vertex 93.65 68.2 1.4683823529411764
    endloop
  endfacet
  facet normal 1 0 0
    outer loop
      vertex 94.85 55.80000000000001 1.4
      vertex 94.85 55.80000000000001 1.9
      vertex 94.85 55.40000000000001 1.8999999999999977
    endloop
  endfacet
  facet normal 1 0 0
    outer loop
      vertex 94.85 68.20000000000002 1.4
      vertex 94.85 55.80000000000001 2.339393939393939
      vertex 94.85 55.80000000000001 1.9
    endloop
  endfacet
  facet normal 1 0 0
    outer loop
      vertex 94.85 68.20000000000002 1.4
      vertex 94.85 55.77714285714287 2.371428571428571
      vertex 94.85 55.80000000000001 2.339393939393939
    endloop
  endfacet
  facet normal -1 0 0
    outer loop
      vertex 93.65 55.80000000000001 1.4949999999999999
      vertex 93.65 55.80000000000001 2.4
      vertex 93.65 68.2 2.4
    endloop
  endfacet
  facet normal 1 0 0
    outer loop
      vertex 94.85 68.20000000000002 1.4
      vertex 94.85 68.60000000000001 1.8999999999999977
      vertex 94.85 55.77714285714287 2.371428571428571
    endloop
  endfacet
  facet normal -1 0 0
    outer loop
      vertex 93.65 55.80000000000001 1.4949999999999999
      vertex 93.65 68.2 2.4
      vertex 93.65 68.58823529411765 2.3467647058823524
    endloop
  endfacet
  facet normal 1 0 0
    outer loop
      vertex 94.85 68.60000000000001 1.8999999999999977
      vertex 94.85 69 1.9
      vertex 94.85 69 2.4
    endloop
  endfacet
  facet normal 0 0 1
    outer loop
      vertex 94.85 55.400000000000006 2.4
      vertex 93.71857142857144 68.2 2.4
      vertex 94.78142857142856 55.80000000000001 2.4
    endloop
  endfacet
  facet normal 0 0 1
    outer loop
      vertex 93.65 55.80000000000001 2.4
      vertex 94.78142857142856 55.80000000000001 2.4
      vertex 93.71857142857144 68.2 2.4
    endloop
  endfacet
  facet normal 1 0 0
    outer loop
      vertex 94.85 55.77714285714287 2.371428571428571
      vertex 94.85 69 2.4
      vertex 94.85 55.400000000000006 2.4
    endloop
  endfacet
  facet normal 1 0 0
    outer loop
      vertex 94.85 68.60000000000001 1.8999999999999977
      vertex 94.85 69 2.4
      vertex 94.85 55.77714285714287 2.371428571428571
    endloop
  endfacet
  facet normal 0 0 1
    outer loop
      vertex 93.65 55.80000000000001 2.4
      vertex 93.71857142857144 68.2 2.4
      vertex 93.65 68.2 2.4
    endloop
  endfacet
  facet normal 0 0 1
    outer loop
      vertex 94.85 55.400000000000006 2.4
      vertex 94.78142857142856 69 2.4
      vertex 93.71857142857144 68.2 2.4
    endloop
  endfacet
  facet normal 0 0 1
    outer loop
      vertex 94.85 55.400000000000006 2.4
      vertex 94.85 69 2.4
      vertex 94.78142857142856 69 2.4
    endloop
  endfacet
  facet normal 0 -1 -2.0595441616234788e-14
    outer loop
      vertex 87.06 68.20000000000002 0.6
      vertex 87.06 68.2 1.29
      vertex 66.25 68.20000000000002 0.6
    endloop
  endfacet
  facet normal 2.197552473298127e-31 -1 -2.059544161623479e-14
    outer loop
      vertex 66.25 68.2 1.2899999999999998
      vertex 66.25 68.20000000000002 0.6
      vertex 87.06 68.2 1.29
    endloop
  endfacet
  facet normal 1.0670091538925098e-17 1.708035422500226e-16 -1
    outer loop
      vertex 66.25 69 1.2899999999999998
      vertex 66.25 70.30000000000001 1.29
      vertex 87.06 69 1.29
    endloop
  endfacet
  facet normal 0 0 -1
    outer loop
      vertex 66.25 70.30000000000001 1.29
      vertex 87.05 70.30000000000001 1.29
      vertex 87.06 69 1.29
    endloop
  endfacet
  facet normal 0 0 -1
    outer loop
      vertex 87.06 69 1.29
      vertex 87.05 70.30000000000001 1.29
      vertex 87.06 70.29611111111112 1.29
    endloop
  endfacet
  facet normal -2.220446049249177e-14 -5.709718412349232e-14 -1
    outer loop
      vertex 87.06 70.29611111111112 1.29
      vertex 87.05 70.30000000000001 1.29
      vertex 87.06 70.30000000000001 1.2899999999999998
    endloop
  endfacet
  facet normal 0 1 0
    outer loop
      vertex 87.06 70.30000000000001 1.2899999999999998
      vertex 87.05 70.30000000000001 1.29
      vertex 87.05 70.30000000000001 2.0999999999999996
    endloop
  endfacet
  facet normal 1 0 0
    outer loop
      vertex 87.06 70.29611111111112 1.29
      vertex 87.06 70.30000000000001 1.2899999999999998
      vertex 87.06 70.30000000000001 2.0999999999999996
    endloop
  endfacet
  facet normal 1 0 0
    outer loop
      vertex 87.06 70.29611111111112 1.29
      vertex 87.06 70.30000000000001 2.0999999999999996
      vertex 87.06 70.29611111111112 2.0999999999999996
    endloop
  endfacet
  facet normal 0 1 0
    outer loop
      vertex 87.06 70.30000000000001 1.2899999999999998
      vertex 87.05 70.30000000000001 2.0999999999999996
      vertex 87.06 70.30000000000001 2.0999999999999996
    endloop
  endfacet
  facet normal 0 0 1
    outer loop
      vertex 87.06 70.29611111111112 2.0999999999999996
      vertex 87.06 70.30000000000001 2.0999999999999996
      vertex 87.05 70.30000000000001 2.0999999999999996
    endloop
  endfacet
  facet normal 0 0 -1
    outer loop
      vertex 87.06 68.2 1.29
      vertex 87.06 69 1.29
      vertex 90.39285714285714 68.4597995545657 1.29
    endloop
  endfacet
  facet normal 0 0 -1
    outer loop
      vertex 87.06 69 1.29
      vertex 90.39285714285714 69 1.29
      vertex 91.02413244650086 68.754504048583 1.29
    endloop
  endfacet
  facet normal 0 0 -1
    outer loop
      vertex 90.39285714285714 68.4597995545657 1.29
      vertex 87.06 69 1.29
      vertex 91.55 68.55000000000001 1.29
    endloop
  endfacet
  facet normal 0 0 -1
    outer loop
      vertex 87.06 69 1.29
      vertex 91.02413244650086 68.754504048583 1.29
      vertex 91.42142857142856 68.60000000000001 1.29
    endloop
  endfacet
  facet normal 0 0 -1
    outer loop
      vertex 87.06 69 1.29
      vertex 91.42142857142856 68.60000000000001 1.29
      vertex 91.55 68.55000000000001 1.29
    endloop
  endfacet
  facet normal 0 0 -1
    outer loop
      vertex 89.83635038430955 68.2 1.29
      vertex 90.39285714285714 68.4597995545657 1.29
      vertex 90.39285714285714 68.2 1.29
    endloop
  endfacet
  facet normal 0 0 -1
    outer loop
      vertex 90.39285714285714 68.2 1.29
      vertex 90.39285714285714 68.4597995545657 1.29
      vertex 91.55 68.2 1.29
    endloop
  endfacet
  facet normal 0 0 -1
    outer loop
      vertex 87.06 69 1.29
      vertex 87.06 70.29611111111112 1.29
      vertex 90.39285714285714 69 1.29
    endloop
  endfacet
  facet normal 0 1 0
    outer loop
      vertex 66.25 70.30000000000001 1.29
      vertex 66.25 70.30000000000001 2.1100000000000003
      vertex 87.05 70.30000000000001 1.29
    endloop
  endfacet
  facet normal 0 -1 0
    outer loop
      vertex 90.39285714285714 68.2 1.29
      vertex 91.55 68.2 1.29
      vertex 90.39285714285714 68.2 2.1100000000000003
    endloop
  endfacet
  facet normal 0.36244626115495043 0.9320046715412952 8.748673866579444e-17
    outer loop
      vertex 87.06 70.29611111111112 1.29
      vertex 90.39285714285714 69 2.1100000000000003
      vertex 90.39285714285714 69 1.29
    endloop
  endfacet
  facet normal 0 0 -1
    outer loop
      vertex 90.39285714285714 68.4597995545657 1.29
      vertex 91.55 68.55000000000001 1.29
      vertex 91.55 68.2 1.29
    endloop
  endfacet
  facet normal 1 0 0
    outer loop
      vertex 91.55 68.2 1.29
      vertex 91.55 68.55000000000001 1.29
      vertex 91.55 68.2 2.1100000000000003
    endloop
  endfacet
  facet normal 0.3624462611549186 0.9320046715413076 2.3221905237664003e-18
    outer loop
      vertex 91.42142857142856 68.60000000000001 1.29
      vertex 91.55 68.55000000000001 2.1100000000000003
      vertex 91.55 68.55000000000001 1.29
    endloop
  endfacet
  facet normal 0 1 0
    outer loop
      vertex 87.05 70.30000000000001 1.29
      vertex 66.25 70.30000000000001 2.1100000000000003
      vertex 87.05 70.30000000000001 2.0999999999999996
    endloop
  endfacet
  facet normal 0 0 1
    outer loop
      vertex 66.25 69 2.1100000000000003
      vertex 87.05 70.30000000000001 2.1100000000000003
      vertex 66.25 70.30000000000001 2.1100000000000003
    endloop
  endfacet
  facet normal 0 1 0
    outer loop
      vertex 66.25 70.30000000000001 2.1100000000000003
      vertex 87.05 70.30000000000001 2.1100000000000003
      vertex 87.05 70.30000000000001 2.0999999999999996
    endloop
  endfacet
  facet normal 0 0 1
    outer loop
      vertex 66.25 69 2.1100000000000003
      vertex 89.83571428571427 69 2.1100000000000003
      vertex 87.05 70.30000000000001 2.1100000000000003
    endloop
  endfacet
  facet normal 0.3624462611549503 0.9320046715412952 0
    outer loop
      vertex 87.06 70.29611111111112 1.29
      vertex 87.06 70.29611111111112 2.0999999999999996
      vertex 90.39285714285714 69 2.1100000000000003
    endloop
  endfacet
  facet normal 0 0 1
    outer loop
      vertex 90.39285714285714 68.2 2.1100000000000003
      vertex 91.55 68.2 2.1100000000000003
      vertex 91.02402597402596 68.44545454545455 2.1100000000000003
    endloop
  endfacet
  facet normal 0.362446261155268 0.9320046715411717 -1.0913200371308848e-17
    outer loop
      vertex 87.06 70.29611111111112 2.0999999999999996
      vertex 87.05 70.30000000000001 2.0999999999999996
      vertex 87.05 70.30000000000001 2.1100000000000003
    endloop
  endfacet
  facet normal 0.3624462611549512 0.9320046715412947 -3.645793004563019e-13
    outer loop
      vertex 87.06 70.29611111111112 2.0999999999999996
      vertex 87.05 70.30000000000001 2.1100000000000003
      vertex 90.39285714285714 69 2.1100000000000003
    endloop
  endfacet
  facet normal 0 0 1
    outer loop
      vertex 87.05 70.30000000000001 2.1100000000000003
      vertex 89.83571428571427 69 2.1100000000000003
      vertex 90.39285714285714 69 2.1100000000000003
    endloop
  endfacet
  facet normal 0 -1 0
    outer loop
      vertex 91.55 68.2 1.29
      vertex 91.55 68.2 2.1100000000000003
      vertex 90.39285714285714 68.2 2.1100000000000003
    endloop
  endfacet
  facet normal 1 0 0
    outer loop
      vertex 91.55 68.55000000000001 1.29
      vertex 91.55 68.55000000000001 2.1100000000000003
      vertex 91.55 68.2 2.1100000000000003
    endloop
  endfacet
  facet normal 0.3624462611549186 0.9320046715413076 0
    outer loop
      vertex 91.42142857142856 68.60000000000001 1.29
      vertex 91.42142857142856 68.60000000000001 2.1100000000000003
      vertex 91.55 68.55000000000001 2.1100000000000003
    endloop
  endfacet
  facet normal 0 0 1
    outer loop
      vertex 91.02402597402596 68.44545454545455 2.1100000000000003
      vertex 91.55 68.2 2.1100000000000003
      vertex 91.42142857142856 68.60000000000001 2.1100000000000003
    endloop
  endfacet
  facet normal 0 0 1
    outer loop
      vertex 91.55 68.2 2.1100000000000003
      vertex 91.55 68.55000000000001 2.1100000000000003
      vertex 91.42142857142856 68.60000000000001 2.1100000000000003
    endloop
  endfacet
  facet normal 0 1 0
    outer loop
      vertex 66.25 82.2 0.6
      vertex 66.25 82.2 1.2899999999999998
      vertex 87.06 82.2 0.6
    endloop
  endfacet
  facet normal 0 -1 0
    outer loop
      vertex 66.25 81.4 0.6
      vertex 87.06 81.4 0.6
      vertex 87.06 81.4 1.29
    endloop
  endfacet
  facet normal 0 -1 0
    outer loop
      vertex 66.25 81.4 0.6
      vertex 87.06 81.4 1.29
      vertex 66.25 81.4 1.2899999999999998
    endloop
  endfacet
  facet normal 0 1 0
    outer loop
      vertex 87.06 82.2 0.6
      vertex 66.25 82.2 1.2899999999999998
      vertex 87.05999999999989 82.2 1.29
    endloop
  endfacet
  facet normal 1 1.4210854715202054e-13 1.647635329298783e-13
    outer loop
      vertex 87.06 82.2 0.6
      vertex 87.05999999999989 82.2 1.29
      vertex 87.06 81.4 1.29
    endloop
  endfacet
  facet normal 0 -1.708035422500226e-16 -1
    outer loop
      vertex 66.25 80.1 1.29
      vertex 66.25 81.4 1.2899999999999998
      vertex 87.05 80.1 1.29
    endloop
  endfacet
  facet normal -2.2204460491989327e-14 -3.5544217141407616e-13 -1
    outer loop
      vertex 66.25 81.4 1.2899999999999998
      vertex 87.06 80.10000000000001 1.2899999999999998
      vertex 87.05 80.1 1.29
    endloop
  endfacet
  facet normal 3.5668591715910716e-15 5.709718412370028e-14 -1
    outer loop
      vertex 66.25 81.4 1.2899999999999998
      vertex 87.06 80.10388888888889 1.29
      vertex 87.06 80.10000000000001 1.2899999999999998
    endloop
  endfacet
  facet normal 1.0670091538925098e-17 0 -1
    outer loop
      vertex 66.25 81.4 1.2899999999999998
      vertex 87.06 81.4 1.29
      vertex 87.06 80.10388888888889 1.29
    endloop
  endfacet
  facet normal 1.4210854715194734e-12 -1 0
    outer loop
      vertex 87.06 80.10000000000001 1.2899999999999998
      vertex 87.06 80.10000000000001 2.0999999999999996
      vertex 87.05 80.1 1.29
    endloop
  endfacet
  facet normal 1 0 0
    outer loop
      vertex 87.06 80.10000000000001 1.2899999999999998
      vertex 87.06 80.10388888888889 1.29
      vertex 87.06 80.10388888888889 2.0999999999999996
    endloop
  endfacet
  facet normal 0 -1 1.754426508049631e-14
    outer loop
      vertex 87.05 80.1 1.29
      vertex 87.06 80.10000000000001 2.0999999999999996
      vertex 87.05000000000001 80.10000000000001 2.0999999999999996
    endloop
  endfacet
  facet normal 1 0 0
    outer loop
      vertex 87.06 80.10000000000001 1.2899999999999998
      vertex 87.06 80.10388888888889 2.0999999999999996
      vertex 87.06 80.10000000000001 2.0999999999999996
    endloop
  endfacet
  facet normal 0 0 1
    outer loop
      vertex 87.06 80.10000000000001 2.0999999999999996
      vertex 87.06 80.10388888888889 2.0999999999999996
      vertex 87.05000000000001 80.10000000000001 2.0999999999999996
    endloop
  endfacet
  facet normal 0 0 -1
    outer loop
      vertex 87.06 80.10388888888889 1.29
      vertex 87.06 81.4 1.29
      vertex 90.39285714285715 81.65979955456571 1.29
    endloop
  endfacet
  facet normal 0 0 -1
    outer loop
      vertex 87.06 81.4 1.29
      vertex 87.05999999999989 82.2 1.29
      vertex 90.39285714285715 82.2 1.29
    endloop
  endfacet
  facet normal 0 0 -1
    outer loop
      vertex 87.06 80.10388888888889 1.29
      vertex 90.39285714285715 81.65979955456571 1.29
      vertex 90.39285714285715 81.4 1.29
    endloop
  endfacet
  facet normal 0 0 -1
    outer loop
      vertex 87.06 81.4 1.29
      vertex 90.75643683176958 81.8295330569496 1.29
      vertex 90.39285714285715 81.65979955456571 1.29
    endloop
  endfacet
  facet normal 0 0 -1
    outer loop
      vertex 87.06 81.4 1.29
      vertex 90.39285714285715 82.2 1.29
      vertex 91.55 82.2 1.29
    endloop
  endfacet
  facet normal 0 0 -1
    outer loop
      vertex 87.06 81.4 1.29
      vertex 91.55 82.2 1.29
      vertex 90.75643683176958 81.8295330569496 1.29
    endloop
  endfacet
  facet normal 0 0 -1
    outer loop
      vertex 90.39285714285715 81.4 1.29
      vertex 90.39285714285715 81.65979955456571 1.29
      vertex 91.22839235972943 81.724930362117 1.29
    endloop
  endfacet
  facet normal 0 -1 1.754426508049631e-14
    outer loop
      vertex 66.25 80.1 1.29
      vertex 87.05 80.1 1.29
      vertex 87.05000000000001 80.10000000000001 2.0999999999999996
    endloop
  endfacet
  facet normal 0.362446261154949 -0.9320046715412957 0
    outer loop
      vertex 87.06 80.10388888888889 1.29
      vertex 90.39285714285715 81.4 1.29
      vertex 87.06 80.10388888888889 2.0999999999999996
    endloop
  endfacet
  facet normal 0 0 -1
    outer loop
      vertex 90.75643683176958 81.8295330569496 1.29
      vertex 91.55 82.2 1.29
      vertex 91.42142857142858 81.80000000000001 1.29
    endloop
  endfacet
  facet normal 0 0 -1
    outer loop
      vertex 91.42142857142858 81.80000000000001 1.29
      vertex 91.55 82.2 1.29
      vertex 91.55 81.85 1.29
    endloop
  endfacet
  facet normal 0.36244626115486395 -0.9320046715413288 0
    outer loop
      vertex 91.42142857142858 81.80000000000001 1.29
      vertex 91.55 81.85 1.29
      vertex 91.42142857142858 81.80000000000001 2.1100000000000003
    endloop
  endfacet
  facet normal 1 0 0
    outer loop
      vertex 91.55 81.85 1.29
      vertex 91.55 82.2 1.29
      vertex 91.55 81.85 2.1100000000000003
    endloop
  endfacet
  facet normal 0 1 0
    outer loop
      vertex 90.39285714285715 82.2 1.29
      vertex 91.55 82.2 2.1100000000000003
      vertex 91.55 82.2 1.29
    endloop
  endfacet
  facet normal 0 0 1
    outer loop
      vertex 66.25 80.1 2.1100000000000003
      vertex 73.15169812876098 82.10351990767455 2.1100000000000003
      vertex 66.25 82.1986220472441 2.1100000000000003
    endloop
  endfacet
  facet normal 0 -1 0
    outer loop
      vertex 66.25 80.1 1.29
      vertex 87.05 80.1 2.1100000000000003
      vertex 66.25 80.1 2.1100000000000003
    endloop
  endfacet
  facet normal 5.602356185800103e-14 -1 -1.4210854715200255e-12
    outer loop
      vertex 66.25 80.1 1.29
      vertex 87.05000000000001 80.10000000000001 2.0999999999999996
      vertex 87.05 80.1 2.1100000000000003
    endloop
  endfacet
  facet normal 0 0 1
    outer loop
      vertex 66.25 80.1 2.1100000000000003
      vertex 85.01857142857149 81.4 2.1100000000000003
      vertex 73.15169812876098 82.10351990767455 2.1100000000000003
    endloop
  endfacet
  facet normal 0 0 1
    outer loop
      vertex 66.25 80.1 2.1100000000000003
      vertex 87.05 80.1 2.1100000000000003
      vertex 85.01857142857149 81.4 2.1100000000000003
    endloop
  endfacet
  facet normal 0.362446261154949 -0.9320046715412956 0
    outer loop
      vertex 90.39285714285715 81.4 1.29
      vertex 90.39285714285715 81.4 2.1100000000000003
      vertex 87.06 80.10388888888889 2.0999999999999996
    endloop
  endfacet
  facet normal 0 1 0
    outer loop
      vertex 90.39285714285715 82.2 1.29
      vertex 90.39285714285715 82.2 2.1100000000000003
      vertex 91.55 82.2 2.1100000000000003
    endloop
  endfacet
  facet normal 0 0 1
    outer loop
      vertex 73.15169812876098 82.10351990767455 2.1100000000000003
      vertex 85.01857142857149 81.4 2.1100000000000003
      vertex 90.70976476353835 81.79210977701544 2.1100000000000003
    endloop
  endfacet
  facet normal 0 0 1
    outer loop
      vertex 85.01857142857149 81.4 2.1100000000000003
      vertex 87.05 80.1 2.1100000000000003
      vertex 90.39285714285715 81.4 2.1100000000000003
    endloop
  endfacet
  facet normal 0.3624462611545649 -0.9320046715414451 1.4735594497114737e-10
    outer loop
      vertex 87.05000000000001 80.10000000000001 2.0999999999999996
      vertex 87.06 80.10388888888889 2.0999999999999996
      vertex 90.39285714285715 81.4 2.1100000000000003
    endloop
  endfacet
  facet normal 0.36244626115495 -0.9320046715412953 -8.093911821821208e-13
    outer loop
      vertex 87.05000000000001 80.10000000000001 2.0999999999999996
      vertex 90.39285714285715 81.4 2.1100000000000003
      vertex 87.05 80.1 2.1100000000000003
    endloop
  endfacet
  facet normal 0 0 1
    outer loop
      vertex 90.55637496377862 81.86369168356998 2.1100000000000003
      vertex 90.70976476353835 81.79210977701544 2.1100000000000003
      vertex 91.33155757286193 81.83494983277592 2.1100000000000003
    endloop
  endfacet
  facet normal 0 0 1
    outer loop
      vertex 90.55637496377862 81.86369168356998 2.1100000000000003
      vertex 91.55 82.2 2.1100000000000003
      vertex 90.39285714285715 82.2 2.1100000000000003
    endloop
  endfacet
  facet normal 0.36244626115486395 -0.9320046715413288 0
    outer loop
      vertex 91.55 81.85 1.29
      vertex 91.55 81.85 2.1100000000000003
      vertex 91.42142857142858 81.80000000000001 2.1100000000000003
    endloop
  endfacet
  facet normal 1 0 0
    outer loop
      vertex 91.55 82.2 1.29
      vertex 91.55 82.2 2.1100000000000003
      vertex 91.55 81.85 2.1100000000000003
    endloop
  endfacet
  facet normal 0 0 1
    outer loop
      vertex 90.55637496377862 81.86369168356998 2.1100000000000003
      vertex 91.33155757286193 81.83494983277592 2.1100000000000003
      vertex 91.55 81.85 2.1100000000000003
    endloop
  endfacet
  facet normal 0 0 1
    outer loop
      vertex 90.55637496377862 81.86369168356998 2.1100000000000003
      vertex 91.55 81.85 2.1100000000000003
      vertex 91.55 82.2 2.1100000000000003
    endloop
  endfacet
  facet normal 0 0 1
    outer loop
      vertex 91.33155757286193 81.83494983277592 2.1100000000000003
      vertex 91.42142857142858 81.80000000000001 2.1100000000000003
      vertex 91.55 81.85 2.1100000000000003
    endloop
  endfacet
  facet normal 0 -1 0
    outer loop
      vertex 94.85 68.20000000000002 0.6
      vertex 100.85 68.20000000000002 0.6
      vertex 94.85 68.20000000000002 1.4
    endloop
  endfacet
  facet normal 0 -1 0
    outer loop
      vertex 100.85 68.20000000000002 0.6
      vertex 100.85 68.20000000000002 1.4
      vertex 94.85 68.20000000000002 1.4
    endloop
  endfacet
  facet normal 0 1 0
    outer loop
      vertex 94.85 82.2 0.6
      vertex 100.85 82.2 1.4
      vertex 100.85 82.2 0.6
    endloop
  endfacet
  facet normal 0 1 0
    outer loop
      vertex 94.85 82.2 0.6
      vertex 94.85 82.2 1.4
      vertex 100.85 82.2 1.4
    endloop
  endfacet
  facet normal 0 0 1
    outer loop
      vertex 94.85 82.2 1.4
      vertex 100.85 81.4 1.4
      vertex 100.85 82.2 1.4
    endloop
  endfacet
  facet normal -1 0 0
    outer loop
      vertex 100.85 68.20000000000002 1.4
      vertex 100.85 69 2.63
      vertex 100.85 69 1.4
    endloop
  endfacet
  facet normal -1 -6.859914623700175e-13 4.3903453591680195e-13
    outer loop
      vertex 100.85 68.20000000000002 1.4
      vertex 100.85000000000053 68.2 2.63
      vertex 100.85 69 2.6499999999999995
    endloop
  endfacet
  facet normal -1 0 0
    outer loop
      vertex 100.85 68.20000000000002 1.4
      vertex 100.85 69 2.6499999999999995
      vertex 100.85 69 2.63
    endloop
  endfacet
  facet normal -1 0 -2.7000623958884385e-11
    outer loop
      vertex 100.85000000000053 68.2 2.63
      vertex 100.85 68.20000000000002 2.6499999999999995
      vertex 100.85 69 2.6499999999999995
    endloop
  endfacet
  facet normal 0 -1 0
    outer loop
      vertex 100.85 68.20000000000002 0.6
      vertex 200 68.20000000000002 0.6
      vertex 100.85 68.20000000000002 1.4
    endloop
  endfacet
  facet normal 0 1 0
    outer loop
      vertex 100.85 69 0.6
      vertex 100.85 69 1.4
      vertex 200 69 0.6
    endloop
  endfacet
  facet normal -9.322069929491377e-17 -1 -1.1553540418863376e-14
    outer loop
      vertex 100.85 68.20000000000002 1.4
      vertex 200 68.20000000000002 0.6
      vertex 100.85000000000053 68.2 2.63
    endloop
  endfacet
  facet normal 0 1 0
    outer loop
      vertex 100.85 69 1.4
      vertex 100.85 69 2.63
      vertex 200 69 0.6
    endloop
  endfacet
  facet normal 1.4332682516593123e-16 -1 0
    outer loop
      vertex 100.85000000000053 68.2 2.63
      vertex 200 68.20000000000002 0.6
      vertex 200 68.20000000000002 2.6299999999999817
    endloop
  endfacet
  facet normal 0 1 0
    outer loop
      vertex 100.85 69 2.63
      vertex 200 69 2.6300000000000026
      vertex 200 69 0.6
    endloop
  endfacet
  facet normal -1 0 0
    outer loop
      vertex 100.85 69 2.63
      vertex 100.85 69 2.6499999999999995
      vertex 100.85 70.30000000000001 2.63
    endloop
  endfacet
  facet normal -1 0 0
    outer loop
      vertex 100.85 68.20000000000002 2.6499999999999995
      vertex 100.85 68.2 3.44
      vertex 100.85 69 2.6499999999999995
    endloop
  endfacet
  facet normal -1 0 0
    outer loop
      vertex 100.85 70.30000000000001 2.63
      vertex 100.85 69 2.6499999999999995
      vertex 100.85 70.30000000000001 3.44
    endloop
  endfacet
  facet normal -1 0 0
    outer loop
      vertex 100.85 69 2.6499999999999995
      vertex 100.85 68.2 3.44
      vertex 100.85 70.30000000000001 3.44
    endloop
  endfacet
  facet normal 0 0 1
    outer loop
      vertex 100.85 68.2 3.44
      vertex 138.62523809523861 68.2 3.44
      vertex 100.85 70.30000000000001 3.44
    endloop
  endfacet
  facet normal 2.6873779718611953e-17 0 -1
    outer loop
      vertex 100.85 69 2.63
      vertex 100.85 70.30000000000001 2.63
      vertex 200 69 2.6300000000000026
    endloop
  endfacet
  facet normal 0 1 0
    outer loop
      vertex 100.85 70.30000000000001 2.63
      vertex 100.85 70.30000000000001 3.44
      vertex 200 70.30000000000001 2.63
    endloop
  endfacet
  facet normal 0 0 1
    outer loop
      vertex 100.85 70.30000000000001 3.44
      vertex 138.62523809523861 68.2 3.44
      vertex 162.2347619047614 69.00000000000001 3.44
    endloop
  endfacet
  facet normal 0 0 1
    outer loop
      vertex 100.85 70.30000000000001 3.44
      vertex 162.2347619047614 69.00000000000001 3.44
      vertex 200 70.30000000000001 3.44
    endloop
  endfacet
  facet normal 0 -2.049642507000271e-15 -1
    outer loop
      vertex 100.85 70.30000000000001 2.63
      vertex 200 70.30000000000001 2.63
      vertex 200 69 2.6300000000000026
    endloop
  endfacet
  facet normal 0 1 0
    outer loop
      vertex 100.85 70.30000000000001 3.44
      vertex 200 70.30000000000001 3.44
      vertex 200 70.30000000000001 2.63
    endloop
  endfacet
  facet normal 0 0 1
    outer loop
      vertex 162.2347619047614 69.00000000000001 3.44
      vertex 200 68.20021177894313 3.44
      vertex 200 70.30000000000001 3.44
    endloop
  endfacet
  facet normal -1 0 0
    outer loop
      vertex 100.85 81.4 2.63
      vertex 100.85 81.4 2.6499999999999995
      vertex 100.85 81.80000000000001 2.6499999999999995
    endloop
  endfacet
  facet normal 0 -1 0
    outer loop
      vertex 100.85 81.4 0.6
      vertex 200 81.4 0.6
      vertex 100.85 81.4 1.4
    endloop
  endfacet
  facet normal 0 -1 0
    outer loop
      vertex 100.85 81.4 1.4
      vertex 200 81.4 0.6
      vertex 100.85 81.4 2.63
    endloop
  endfacet
  facet normal 0 1 0
    outer loop
      vertex 100.85 82.2 0.6
      vertex 100.85 82.2 1.4
      vertex 200 82.2 2.6298759580475997
    endloop
  endfacet
  facet normal 0 1 0
    outer loop
      vertex 100.85 82.2 0.6
      vertex 200 82.2 2.6298759580475997
      vertex 200 82.2 0.6
    endloop
  endfacet
  facet normal 0 -1 0
    outer loop
      vertex 100.85 81.4 2.63
      vertex 200 81.4 0.6
      vertex 200 81.4 2.63
    endloop
  endfacet
  facet normal -1 0 0
    outer loop
      vertex 100.85 80.10000000000001 2.63
      vertex 100.85 81.4 2.6499999999999995
      vertex 100.85 81.4 2.63
    endloop
  endfacet
  facet normal -1 0 0
    outer loop
      vertex 100.85 80.10000000000001 2.63
      vertex 100.85 81.4 3.44
      vertex 100.85 81.4 2.6499999999999995
    endloop
  endfacet
  facet normal -1 0 0
    outer loop
      vertex 100.85 80.10000000000001 2.63
      vertex 100.85 80.10000000000001 3.44
      vertex 100.85 81.4 3.44
    endloop
  endfacet
  facet normal 0 0 -1
    outer loop
      vertex 100.85 80.10000000000001 2.63
      vertex 100.85 81.4 2.63
      vertex 200 80.10000000000001 2.63
    endloop
  endfacet
  facet normal 0 -1 0
    outer loop
      vertex 100.85 80.10000000000001 2.63
      vertex 200 80.10000000000001 3.44
      vertex 100.85 80.10000000000001 3.44
    endloop
  endfacet
  facet normal 0 0 1
    outer loop
      vertex 100.85 80.10000000000001 3.44
      vertex 200 81.4 3.44
      vertex 100.85 81.4 3.44
    endloop
  endfacet
  facet normal 0 0 -1
    outer loop
      vertex 100.85 81.4 2.63
      vertex 200 81.4 2.63
      vertex 200 80.10000000000001 2.63
    endloop
  endfacet
  facet normal 0 -1 0
    outer loop
      vertex 100.85 80.10000000000001 2.63
      vertex 200 80.10000000000001 2.63
      vertex 200 80.10000000000001 3.44
    endloop
  endfacet
  facet normal 0 0 1
    outer loop
      vertex 100.85 80.10000000000001 3.44
      vertex 200 80.10000000000001 3.44
      vertex 200 81.4 3.44
    endloop
  endfacet
  facet normal 1 0 0
    outer loop
      vertex 94.85 69 0.6
      vertex 94.85 81.4 0.6
      vertex 94.85 69 1.4
    endloop
  endfacet
  facet normal -1 0 0
    outer loop
      vertex 93.65 68.2 0.6
      vertex 93.65 68.2 1.4683823529411764
      vertex 93.65 82.2 2.4
    endloop
  endfacet
  facet normal 1 0 0
    outer loop
      vertex 94.85 68.20000000000002 1.4
      vertex 94.85 69 1.4
      vertex 94.85 68.60000000000001 1.8999999999999977
    endloop
  endfacet
  facet normal 1 0 0
    outer loop
      vertex 94.85 69 1.4
      vertex 94.85 81.4 1.4
      vertex 94.85 69 1.9
    endloop
  endfacet
  facet normal -1 0 0
    outer loop
      vertex 93.65 68.2 0.6
      vertex 93.65 82.2 1.4949999999999999
      vertex 93.65 81.40883977900553 0.6
    endloop
  endfacet
  facet normal 1 0 0
    outer loop
      vertex 94.85 69 1.4
      vertex 94.85 81.4 0.6
      vertex 94.85 81.4 1.4
    endloop
  endfacet
  facet normal -1 0 0
    outer loop
      vertex 93.65 68.2 0.6
      vertex 93.65 82.2 2.4
      vertex 93.65 82.2 1.4949999999999999
    endloop
  endfacet
  facet normal 1 0 0
    outer loop
      vertex 94.85 69 1.4
      vertex 94.85 69 1.9
      vertex 94.85 68.60000000000001 1.8999999999999977
    endloop
  endfacet
  facet normal 1 0 0
    outer loop
      vertex 94.85 81.4 1.4
      vertex 94.85 69 2.4
      vertex 94.85 69 1.9
    endloop
  endfacet
  facet normal -1 0 0
    outer loop
      vertex 93.65 68.2 1.4683823529411764
      vertex 93.65 68.58823529411765 2.3467647058823524
      vertex 93.65 82.2 2.4
    endloop
  endfacet
  facet normal 0 0 1
    outer loop
      vertex 93.71857142857144 68.2 2.4
      vertex 94.78142857142856 69 2.4
      vertex 93.65 68.2 2.4
    endloop
  endfacet
  facet normal -1 0 0
    outer loop
      vertex 93.65 68.58823529411765 2.3467647058823524
      vertex 93.65 68.2 2.4
      vertex 93.65 82.2 2.4
    endloop
  endfacet
  facet normal 0 0 1
    outer loop
      vertex 93.65 68.2 2.4
      vertex 94.78142857142856 69 2.4
      vertex 93.71857142857144 81.4 2.4
    endloop
  endfacet
  facet normal 0 0 1
    outer loop
      vertex 94.85 69 2.4
      vertex 94.85 81.4 2.4
      vertex 94.78142857142856 69 2.4
    endloop
  endfacet
  facet normal 1 0 0
    outer loop
      vertex 94.85 81.4 1.4
      vertex 94.85 81.4 2.4
      vertex 94.85 69 2.4
    endloop
  endfacet
  facet normal 0 0 1
    outer loop
      vertex 93.65 68.2 2.4
      vertex 93.71857142857144 81.4 2.4
      vertex 93.65 82.2 2.4
    endloop
  endfacet
  facet normal 0 0 1
    outer loop
      vertex 94.78142857142856 69 2.4
      vertex 94.85 81.4 2.4
      vertex 93.71857142857144 81.4 2.4
    endloop
  endfacet
  facet normal 1 0 0
    outer loop
      vertex 87.06 81.4 0.6
      vertex 87.06 82.2 0.6
      vertex 87.06 81.4 1.29
    endloop
  endfacet
  facet normal 1.0670091538925157e-17 1.7080354225002446e-16 -1
    outer loop
      vertex 66.25 82.2 1.2899999999999998
      vertex 66.25 83.5 1.29
      vertex 87.05999999999989 82.2 1.29
    endloop
  endfacet
  facet normal 0 0 -1
    outer loop
      vertex 66.25 83.5 1.29
      vertex 87.05 83.5 1.29
      vertex 87.05999999999989 82.2 1.29
    endloop
  endfacet
  facet normal 0 0 -1
    outer loop
      vertex 87.05999999999989 82.2 1.29
      vertex 87.05 83.5 1.29
      vertex 87.06 83.49611111111112 1.29
    endloop
  endfacet
  facet normal -2.220446049249177e-14 -5.709718412370096e-14 -1
    outer loop
      vertex 87.06 83.49611111111112 1.29
      vertex 87.05 83.5 1.29
      vertex 87.06 83.5 1.2899999999999998
    endloop
  endfacet
  facet normal 0 1 0
    outer loop
      vertex 87.06 83.5 1.2899999999999998
      vertex 87.05 83.5 1.29
      vertex 87.05 83.5 2.0999999999999996
    endloop
  endfacet
  facet normal 1 0 0
    outer loop
      vertex 87.06 83.49611111111112 1.29
      vertex 87.06 83.5 1.2899999999999998
      vertex 87.06 83.5 2.0999999999999996
    endloop
  endfacet
  facet normal 1 0 0
    outer loop
      vertex 87.06 83.49611111111112 1.29
      vertex 87.06 83.5 2.0999999999999996
      vertex 87.06 83.49611111111112 2.0999999999999996
    endloop
  endfacet
  facet normal 0 1 0
    outer loop
      vertex 87.06 83.5 1.2899999999999998
      vertex 87.05 83.5 2.0999999999999996
      vertex 87.06 83.5 2.0999999999999996
    endloop
  endfacet
  facet normal 0 0 1
    outer loop
      vertex 87.06 83.49611111111112 2.0999999999999996
      vertex 87.06 83.5 2.0999999999999996
      vertex 87.05 83.5 2.0999999999999996
    endloop
  endfacet
  facet normal 0 0 -1
    outer loop
      vertex 90.39285714285715 81.65979955456571 1.29
      vertex 90.75643683176958 81.8295330569496 1.29
      vertex 91.22839235972943 81.724930362117 1.29
    endloop
  endfacet
  facet normal 0 0 -1
    outer loop
      vertex 87.05999999999989 82.2 1.29
      vertex 87.06 83.49611111111112 1.29
      vertex 90.39285714285715 82.2 1.29
    endloop
  endfacet
  facet normal 0 1 0
    outer loop
      vertex 66.25 83.5 1.29
      vertex 66.25 83.5 2.1100000000000003
      vertex 87.05 83.5 1.29
    endloop
  endfacet
  facet normal 0.362446261154949 0.9320046715412957 0
    outer loop
      vertex 87.06 83.49611111111112 1.29
      vertex 87.06 83.49611111111112 2.0999999999999996
      vertex 90.39285714285715 82.2 1.29
    endloop
  endfacet
  facet normal 0 0 -1
    outer loop
      vertex 90.39285714285715 81.4 1.29
      vertex 91.22839235972943 81.724930362117 1.29
      vertex 91.55 81.4 1.29
    endloop
  endfacet
  facet normal 0 0 -1
    outer loop
      vertex 90.75643683176958 81.8295330569496 1.29
      vertex 91.42142857142858 81.80000000000001 1.29
      vertex 91.55 81.75 1.29
    endloop
  endfacet
  facet normal 0 0 -1
    outer loop
      vertex 90.75643683176958 81.8295330569496 1.29
      vertex 91.55 81.75 1.29
      vertex 91.22839235972943 81.724930362117 1.29
    endloop
  endfacet
  facet normal 0 0 -1
    outer loop
      vertex 91.22839235972943 81.724930362117 1.29
      vertex 91.55 81.75 1.29
      vertex 91.55 81.4 1.29
    endloop
  endfacet
  facet normal 0 -1 0
    outer loop
      vertex 90.39285714285715 81.4 1.29
      vertex 91.55 81.4 1.29
      vertex 91.55 81.4 2.1100000000000003
    endloop
  endfacet
  facet normal 1 0 0
    outer loop
      vertex 91.55 81.4 1.29
      vertex 91.55 81.75 1.29
      vertex 91.55 81.4 2.1100000000000003
    endloop
  endfacet
  facet normal 0.36244626115504286 0.9320046715412592 0
    outer loop
      vertex 91.42142857142858 81.80000000000001 1.29
      vertex 91.42142857142858 81.80000000000001 2.1100000000000003
      vertex 91.55 81.75 1.29
    endloop
  endfacet
  facet normal 0 0 1
    outer loop
      vertex 66.25 82.1986220472441 2.1100000000000003
      vertex 73.15169812876098 82.10351990767455 2.1100000000000003
      vertex 66.25 83.5 2.1100000000000003
    endloop
  endfacet
  facet normal 0 1 0
    outer loop
      vertex 87.05 83.5 1.29
      vertex 66.25 83.5 2.1100000000000003
      vertex 87.05 83.5 2.0999999999999996
    endloop
  endfacet
  facet normal 0 0 1
    outer loop
      vertex 66.25 83.5 2.1100000000000003
      vertex 73.15169812876098 82.10351990767455 2.1100000000000003
      vertex 87.05 83.5 2.1100000000000003
    endloop
  endfacet
  facet normal 0 1 0
    outer loop
      vertex 66.25 83.5 2.1100000000000003
      vertex 87.05 83.5 2.1100000000000003
      vertex 87.05 83.5 2.0999999999999996
    endloop
  endfacet
  facet normal 0 -1 0
    outer loop
      vertex 90.39285714285715 81.4 1.29
      vertex 91.55 81.4 2.1100000000000003
      vertex 90.39285714285715 81.4 2.1100000000000003
    endloop
  endfacet
  facet normal 0.3624462611552118 0.9320046715411934 1.2686600549792892e-12
    outer loop
      vertex 90.39285714285715 82.2 1.29
      vertex 87.06 83.49611111111112 2.0999999999999996
      vertex 87.05 83.5 2.1100000000000003
    endloop
  endfacet
  facet normal 0.36244626115494655 0.9320046715412967 0
    outer loop
      vertex 90.39285714285715 82.2 1.29
      vertex 87.05 83.5 2.1100000000000003
      vertex 90.39285714285715 82.2 2.1100000000000003
    endloop
  endfacet
  facet normal 0 0 1
    outer loop
      vertex 73.15169812876098 82.10351990767455 2.1100000000000003
      vertex 90.70976476353835 81.79210977701544 2.1100000000000003
      vertex 87.05 83.5 2.1100000000000003
    endloop
  endfacet
  facet normal 0 0 1
    outer loop
      vertex 85.01857142857149 81.4 2.1100000000000003
      vertex 90.39285714285715 81.4 2.1100000000000003
      vertex 90.70976476353835 81.79210977701544 2.1100000000000003
    endloop
  endfacet
  facet normal 0 0 1
    outer loop
      vertex 90.39285714285715 81.4 2.1100000000000003
      vertex 91.55 81.4 2.1100000000000003
      vertex 90.70976476353835 81.79210977701544 2.1100000000000003
    endloop
  endfacet
  facet normal 0.36244626115411754 0.9320046715416191 2.192744871993956e-17
    outer loop
      vertex 87.06 83.49611111111112 2.0999999999999996
      vertex 87.05 83.5 2.0999999999999996
      vertex 87.05 83.5 2.1100000000000003
    endloop
  endfacet
  facet normal 0 0 1
    outer loop
      vertex 90.55637496377862 81.86369168356998 2.1100000000000003
      vertex 87.05 83.5 2.1100000000000003
      vertex 90.70976476353835 81.79210977701544 2.1100000000000003
    endloop
  endfacet
  facet normal 0 0 1
    outer loop
      vertex 90.55637496377862 81.86369168356998 2.1100000000000003
      vertex 90.39285714285715 82.2 2.1100000000000003
      vertex 87.05 83.5 2.1100000000000003
    endloop
  endfacet
  facet normal 1 0 0
    outer loop
      vertex 91.55 81.75 1.29
      vertex 91.55 81.75 2.1100000000000003
      vertex 91.55 81.4 2.1100000000000003
    endloop
  endfacet
  facet normal 0.36244626115504286 0.9320046715412592 0
    outer loop
      vertex 91.55 81.75 1.29
      vertex 91.42142857142858 81.80000000000001 2.1100000000000003
      vertex 91.55 81.75 2.1100000000000003
    endloop
  endfacet
  facet normal 0 0 1
    outer loop
      vertex 90.70976476353835 81.79210977701544 2.1100000000000003
      vertex 91.55 81.4 2.1100000000000003
      vertex 91.33155757286193 81.83494983277592 2.1100000000000003
    endloop
  endfacet
  facet normal 0 0 1
    outer loop
      vertex 91.55 81.4 2.1100000000000003
      vertex 91.55 81.75 2.1100000000000003
      vertex 91.42142857142858 81.80000000000001 2.1100000000000003
    endloop
  endfacet
  facet normal 0 0 1
    outer loop
      vertex 91.55 81.4 2.1100000000000003
      vertex 91.42142857142858 81.80000000000001 2.1100000000000003
      vertex 91.33155757286193 81.83494983277592 2.1100000000000003
    endloop
  endfacet
  facet normal 0 1 0
    outer loop
      vertex 66.25 95.4 0.6
      vertex 66.25 95.4 1.2899999999999998
      vertex 87.06 95.4 0.6
    endloop
  endfacet
  facet normal 1 0 0
    outer loop
      vertex 87.06 94.60000000000001 0.6
      vertex 87.06 95.4 0.6
      vertex 87.06 94.60000000000001 1.29
    endloop
  endfacet
  facet normal 0 1 0
    outer loop
      vertex 87.06 95.4 0.6
      vertex 66.25 95.4 1.2899999999999998
      vertex 87.06 95.4 1.29
    endloop
  endfacet
  facet normal 0 -1.7080354225002444e-16 -1
    outer loop
      vertex 66.25 93.30000000000001 1.29
      vertex 66.25 94.60000000000001 1.2899999999999998
      vertex 87.05 93.30000000000001 1.29
    endloop
  endfacet
  facet normal 3.566859171578075e-15 5.709718412349223e-14 -1
    outer loop
      vertex 66.25 94.60000000000001 1.2899999999999998
      vertex 87.06 93.3038888888889 1.29
      vertex 87.06 93.30000000000001 1.2899999999999998
    endloop
  endfacet
  facet normal -2.220446049249444e-14 -3.554421714221618e-13 -1
    outer loop
      vertex 66.25 94.60000000000001 1.2899999999999998
      vertex 87.06 93.30000000000001 1.2899999999999998
      vertex 87.05 93.30000000000001 1.29
    endloop
  endfacet
  facet normal 1.0670091538925098e-17 0 -1
    outer loop
      vertex 66.25 94.60000000000001 1.2899999999999998
      vertex 87.06 94.60000000000001 1.29
      vertex 87.06 93.3038888888889 1.29
    endloop
  endfacet
  facet normal 0 -1 0
    outer loop
      vertex 87.06 93.30000000000001 1.2899999999999998
      vertex 87.05 93.30000000000001 2.0996126255380196
      vertex 87.05 93.30000000000001 1.29
    endloop
  endfacet
  facet normal 1 0 0
    outer loop
      vertex 87.06 93.30000000000001 1.2899999999999998
      vertex 87.06 93.3038888888889 1.29
      vertex 87.06 93.3038888888889 2.0999999999999996
    endloop
  endfacet
  facet normal 0 -1 0
    outer loop
      vertex 76.66660973376533 93.30000000000001 1.6973866037470065
      vertex 87.05 93.30000000000001 2.0996126255380196
      vertex 66.4048780487805 93.30000000000001 2.0999999999999996
    endloop
  endfacet
  facet normal 0 -1 0
    outer loop
      vertex 66.4048780487805 93.30000000000001 2.0999999999999996
      vertex 87.05 93.30000000000001 2.0996126255380196
      vertex 87.05 93.30000000000001 2.0999999999999996
    endloop
  endfacet
  facet normal 0 -1 0
    outer loop
      vertex 87.06 93.30000000000001 1.2899999999999998
      vertex 87.06 93.30000000000001 2.0999999999999996
      vertex 87.05 93.30000000000001 2.0996126255380196
    endloop
  endfacet
  facet normal 1 0 0
    outer loop
      vertex 87.06 93.30000000000001 1.2899999999999998
      vertex 87.06 93.3038888888889 2.0999999999999996
      vertex 87.06 93.30000000000001 2.0999999999999996
    endloop
  endfacet
  facet normal 0 -1 0
    outer loop
      vertex 87.05 93.30000000000001 2.0996126255380196
      vertex 87.06 93.30000000000001 2.0999999999999996
      vertex 87.05 93.30000000000001 2.0999999999999996
    endloop
  endfacet
  facet normal 0 0 1
    outer loop
      vertex 87.06 93.30000000000001 2.0999999999999996
      vertex 87.06 93.3038888888889 2.0999999999999996
      vertex 87.05 93.30000000000001 2.0999999999999996
    endloop
  endfacet
  facet normal 0 -1 0
    outer loop
      vertex 66.25 93.30000000000001 1.29
      vertex 76.66660973376533 93.30000000000001 1.6973866037470065
      vertex 66.4048780487805 93.30000000000001 2.0999999999999996
    endloop
  endfacet
  facet normal 0 0 -1
    outer loop
      vertex 87.06 93.3038888888889 1.29
      vertex 87.06 94.60000000000001 1.29
      vertex 89.83635038430955 94.60000000000001 1.29
    endloop
  endfacet
  facet normal 0 0 -1
    outer loop
      vertex 87.06 94.60000000000001 1.29
      vertex 87.06 95.4 1.29
      vertex 89.93359999999997 95.112 1.29
    endloop
  endfacet
  facet normal 0 0 -1
    outer loop
      vertex 87.06 93.3038888888889 1.29
      vertex 89.83635038430955 94.60000000000001 1.29
      vertex 90.39285714285714 94.60000000000001 1.29
    endloop
  endfacet
  facet normal 0 0 -1
    outer loop
      vertex 87.06 94.60000000000001 1.29
      vertex 90.39285714285714 94.85979955456571 1.29
      vertex 89.83635038430955 94.60000000000001 1.29
    endloop
  endfacet
  facet normal 0 0 -1
    outer loop
      vertex 90.39285714285714 95.4 1.29
      vertex 91.55 95.4 1.29
      vertex 91.02413244650086 95.15450404858301 1.29
    endloop
  endfacet
  facet normal 0 -1 0
    outer loop
      vertex 66.25 93.30000000000001 1.29
      vertex 87.05 93.30000000000001 1.29
      vertex 76.66660973376533 93.30000000000001 1.6973866037470065
    endloop
  endfacet
  facet normal 0 -1 0
    outer loop
      vertex 87.05 93.30000000000001 1.29
      vertex 87.05 93.30000000000001 2.0996126255380196
      vertex 76.66660973376533 93.30000000000001 1.6973866037470065
    endloop
  endfacet
  facet normal 0.3624462611549469 -0.9320046715412965 1.1674898731476317e-16
    outer loop
      vertex 87.06 93.3038888888889 1.29
      vertex 90.39285714285714 94.60000000000001 1.29
      vertex 90.39285714285714 94.60000000000001 2.1100000000000003
    endloop
  endfacet
  facet normal 0 1 0
    outer loop
      vertex 90.39285714285714 95.4 1.29
      vertex 90.39285714285714 95.4 2.1100000000000003
      vertex 91.55 95.4 1.29
    endloop
  endfacet
  facet normal 0 0 -1
    outer loop
      vertex 91.02413244650086 95.15450404858301 1.29
      vertex 91.55 95.4 1.29
      vertex 91.42142857142855 95 1.29
    endloop
  endfacet
  facet normal 0 0 -1
    outer loop
      vertex 91.42142857142855 95 1.29
      vertex 91.55 95.4 1.29
      vertex 91.55 95.05000000000001 1.29
    endloop
  endfacet
  facet normal 0.3624462611549733 -0.9320046715412863 3.1546739208300338e-18
    outer loop
      vertex 91.42142857142855 95 1.29
      vertex 91.55 95.05000000000001 1.29
      vertex 91.55 95.05000000000001 2.1100000000000003
    endloop
  endfacet
  facet normal 1 0 0
    outer loop
      vertex 91.55 95.05000000000001 1.29
      vertex 91.55 95.4 1.29
      vertex 91.55 95.05000000000001 2.1100000000000003
    endloop
  endfacet
  facet normal 0 -1 0
    outer loop
      vertex 66.25 93.30000000000001 1.29
      vertex 66.4048780487805 93.30000000000001 2.0999999999999996
      vertex 66.25 93.30000000000001 2.1100000000000003
    endloop
  endfacet
  facet normal 0 0 1
    outer loop
      vertex 66.25 93.30000000000001 2.1100000000000003
      vertex 74.11190476190475 95.4 2.1100000000000003
      vertex 66.25 94.61004784688996 2.1100000000000003
    endloop
  endfacet
  facet normal 0 -1 0
    outer loop
      vertex 66.4048780487805 93.30000000000001 2.0999999999999996
      vertex 87.05 93.30000000000001 2.1100000000000003
      vertex 66.25 93.30000000000001 2.1100000000000003
    endloop
  endfacet
  facet normal 0 0 1
    outer loop
      vertex 66.25 93.30000000000001 2.1100000000000003
      vertex 89.83571428571429 95.4 2.1100000000000003
      vertex 74.11190476190475 95.4 2.1100000000000003
    endloop
  endfacet
  facet normal 0 -1 0
    outer loop
      vertex 66.4048780487805 93.30000000000001 2.0999999999999996
      vertex 87.05 93.30000000000001 2.0999999999999996
      vertex 87.05 93.30000000000001 2.1100000000000003
    endloop
  endfacet
  facet normal 0 0 1
    outer loop
      vertex 66.25 93.30000000000001 2.1100000000000003
      vertex 87.05 93.30000000000001 2.1100000000000003
      vertex 90.39285714285714 94.60000000000001 2.1100000000000003
    endloop
  endfacet
  facet normal 0.3624462611549468 -0.9320046715412964 0
    outer loop
      vertex 87.06 93.3038888888889 1.29
      vertex 90.39285714285714 94.60000000000001 2.1100000000000003
      vertex 87.06 93.3038888888889 2.0999999999999996
    endloop
  endfacet
  facet normal 0 0 1
    outer loop
      vertex 66.25 93.30000000000001 2.1100000000000003
      vertex 90.39285714285714 94.60000000000001 2.1100000000000003
      vertex 91.02402597402596 94.84545454545456 2.1100000000000003
    endloop
  endfacet
  facet normal 0 0 1
    outer loop
      vertex 66.25 93.30000000000001 2.1100000000000003
      vertex 91.55 95.05000000000001 2.1100000000000003
      vertex 89.83571428571429 95.4 2.1100000000000003
    endloop
  endfacet
  facet normal 0 0 1
    outer loop
      vertex 66.25 93.30000000000001 2.1100000000000003
      vertex 91.02402597402596 94.84545454545456 2.1100000000000003
      vertex 91.42142857142855 95 2.1100000000000003
    endloop
  endfacet
  facet normal 0 0 1
    outer loop
      vertex 66.25 93.30000000000001 2.1100000000000003
      vertex 91.42142857142855 95 2.1100000000000003
      vertex 91.55 95.05000000000001 2.1100000000000003
    endloop
  endfacet
  facet normal 0.362446261155268 -0.9320046715411717 -1.2320087807575462e-10
    outer loop
      vertex 87.05 93.30000000000001 2.0999999999999996
      vertex 87.06 93.3038888888889 2.0999999999999996
      vertex 90.39285714285714 94.60000000000001 2.1100000000000003
    endloop
  endfacet
  facet normal 0.3624462611549478 -0.9320046715412962 0
    outer loop
      vertex 87.05 93.30000000000001 2.0999999999999996
      vertex 90.39285714285714 94.60000000000001 2.1100000000000003
      vertex 87.05 93.30000000000001 2.1100000000000003
    endloop
  endfacet
  facet normal 0 0 1
    outer loop
      vertex 89.83571428571429 95.4 2.1100000000000003
      vertex 91.55 95.05000000000001 2.1100000000000003
      vertex 90.39285714285714 95.4 2.1100000000000003
    endloop
  endfacet
  facet normal 0.3624462611549733 -0.9320046715412863 0
    outer loop
      vertex 91.42142857142855 95 1.29
      vertex 91.55 95.05000000000001 2.1100000000000003
      vertex 91.42142857142855 95 2.1100000000000003
    endloop
  endfacet
  facet normal 0 1 0
    outer loop
      vertex 91.55 95.4 1.29
      vertex 90.39285714285714 95.4 2.1100000000000003
      vertex 91.55 95.4 2.1100000000000003
    endloop
  endfacet
  facet normal 1 0 0
    outer loop
      vertex 91.55 95.4 1.29
      vertex 91.55 95.4 2.1100000000000003
      vertex 91.55 95.05000000000001 2.1100000000000003
    endloop
  endfacet
  facet normal 0 0 1
    outer loop
      vertex 90.39285714285714 95.4 2.1100000000000003
      vertex 91.55 95.05000000000001 2.1100000000000003
      vertex 91.55 95.4 2.1100000000000003
    endloop
  endfacet
  facet normal 0 -1 0
    outer loop
      vertex 94.85 81.4 0.6
      vertex 100.85 81.4 0.6
      vertex 94.85 81.4 1.4
    endloop
  endfacet
  facet normal 0 -1 0
    outer loop
      vertex 100.85 81.4 0.6
      vertex 100.85 81.4 1.4
      vertex 94.85 81.4 1.4
    endloop
  endfacet
  facet normal 0 0 1
    outer loop
      vertex 94.85 81.4 1.4
      vertex 100.85 81.4 1.4
      vertex 94.85 82.2 1.4
    endloop
  endfacet
  facet normal 0 1 0
    outer loop
      vertex 94.85 95.4 0.6
      vertex 100.85 95.4 1.4
      vertex 100.85 95.4 0.6
    endloop
  endfacet
  facet normal 0 1 0
    outer loop
      vertex 94.85 95.4 0.6
      vertex 94.85 95.4 1.4
      vertex 100.85 95.4 1.4
    endloop
  endfacet
  facet normal 0 0 1
    outer loop
      vertex 94.85 95 1.4
      vertex 100.85 94.60000000000001 1.4
      vertex 94.85 95.4 1.4
    endloop
  endfacet
  facet normal 0 0 1
    outer loop
      vertex 94.85 95.4 1.4
      vertex 100.85 94.60000000000001 1.4
      vertex 100.85 95.4 1.4
    endloop
  endfacet
  facet normal -1 0 0
    outer loop
      vertex 100.85 81.4 1.4
      vertex 100.85 82.2 2.63
      vertex 100.85 82.2 1.4
    endloop
  endfacet
  facet normal -1 0 0
    outer loop
      vertex 100.85 81.4 1.4
      vertex 100.85 81.4 2.63
      vertex 100.85 81.80000000000001 2.6499999999999995
    endloop
  endfacet
  facet normal -1 0 0
    outer loop
      vertex 100.85 81.4 1.4
      vertex 100.85 82.2 2.6499999999999995
      vertex 100.85 82.2 2.63
    endloop
  endfacet
  facet normal -1 0 0
    outer loop
      vertex 100.85 81.4 1.4
      vertex 100.85 81.80000000000001 2.6499999999999995
      vertex 100.85 82.2 2.6499999999999995
    endloop
  endfacet
  facet normal 0 1 0
    outer loop
      vertex 100.85 82.2 1.4
      vertex 100.85 82.2 2.63
      vertex 200 82.2 2.6298759580475997
    endloop
  endfacet
  facet normal 0 1 0
    outer loop
      vertex 100.85 82.2 2.63
      vertex 200 82.2 2.63
      vertex 200 82.2 2.6298759580475997
    endloop
  endfacet
  facet normal -1 0 0
    outer loop
      vertex 100.85 82.2 2.63
      vertex 100.85 82.2 2.6499999999999995
      vertex 100.85 83.5 2.63
    endloop
  endfacet
  facet normal -1 0 0
    outer loop
      vertex 100.85 81.4 2.6499999999999995
      vertex 100.85 81.4 3.44
      vertex 100.85 81.80000000000001 2.6499999999999995
    endloop
  endfacet
  facet normal -1 0 0
    outer loop
      vertex 100.85 81.80000000000001 2.6499999999999995
      vertex 100.85 81.4 3.44
      vertex 100.85 82.2 2.6499999999999995
    endloop
  endfacet
  facet normal -1 0 0
    outer loop
      vertex 100.85 83.5 2.63
      vertex 100.85 82.2 2.6499999999999995
      vertex 100.85 83.5 3.44
    endloop
  endfacet
  facet normal -1 0 0
    outer loop
      vertex 100.85 82.2 2.6499999999999995
      vertex 100.85 81.4 3.44
      vertex 100.85 83.5 3.44
    endloop
  endfacet
  facet normal 0 0 -1
    outer loop
      vertex 100.85 82.2 2.63
      vertex 100.85 83.5 2.63
      vertex 200 82.2 2.63
    endloop
  endfacet
  facet normal 0 1 0
    outer loop
      vertex 100.85 83.5 2.63
      vertex 100.85 83.5 3.44
      vertex 200 83.5 2.63
    endloop
  endfacet
  facet normal 0 0 1
    outer loop
      vertex 100.85 81.4 3.44
      vertex 200 83.5 3.44
      vertex 100.85 83.5 3.44
    endloop
  endfacet
  facet normal 0 0 -1
    outer loop
      vertex 100.85 83.5 2.63
      vertex 200 83.5 2.63
      vertex 200 82.2 2.63
    endloop
  endfacet
  facet normal 0 1 0
    outer loop
      vertex 100.85 83.5 3.44
      vertex 200 83.5 3.44
      vertex 200 83.5 2.63
    endloop
  endfacet
  facet normal 0 0 1
    outer loop
      vertex 100.85 81.4 3.44
      vertex 200 81.4 3.44
      vertex 200 83.5 3.44
    endloop
  endfacet
  facet normal 0 -1 0
    outer loop
      vertex 100.85 94.60000000000001 0.6
      vertex 100.86188541292101 94.60000000000001 0.6
      vertex 100.85 94.60000000000001 1.4
    endloop
  endfacet
  facet normal 0 -1 0
    outer loop
      vertex 100.86188541292101 94.60000000000001 0.6
      vertex 103.2167532467532 94.60000000000001 2.5813092313092323
      vertex 100.85 94.60000000000001 1.4
    endloop
  endfacet
  facet normal 0 -1 0
    outer loop
      vertex 100.85 94.60000000000001 1.4
      vertex 103.2167532467532 94.60000000000001 2.5813092313092323
      vertex 100.85 94.60000000000001 2.63
    endloop
  endfacet
  facet normal 0 -1 0
    outer loop
      vertex 103.2167532467532 94.60000000000001 2.5813092313092323
      vertex 199.52392156862743 94.60000000000001 0.6
      vertex 200 94.60000000000001 0.6
    endloop
  endfacet
  facet normal 0 -1 0
    outer loop
      vertex 103.2167532467532 94.60000000000001 2.5813092313092323
      vertex 200 94.60000000000001 2.63
      vertex 100.85 94.60000000000001 2.63
    endloop
  endfacet
  facet normal 0 -1 0
    outer loop
      vertex 103.2167532467532 94.60000000000001 2.5813092313092323
      vertex 200 94.60000000000001 0.6
      vertex 200 94.60000000000001 2.63
    endloop
  endfacet
  facet normal -1 0 0
    outer loop
      vertex 100.85 93.30000000000001 2.63
      vertex 100.85 94.60000000000001 2.6499999999999995
      vertex 100.85 94.60000000000001 2.63
    endloop
  endfacet
  facet normal -1 0 0
    outer loop
      vertex 100.85 93.30000000000001 2.63
      vertex 100.85 93.30000000000001 3.44
      vertex 100.85 94.60000000000001 2.6499999999999995
    endloop
  endfacet
  facet normal -1 0 0
    outer loop
      vertex 100.85 94.60000000000001 2.6499999999999995
      vertex 100.85 93.30000000000001 3.44
      vertex 100.85 94.60000000000001 3.44
    endloop
  endfacet
  facet normal -1 0 0
    outer loop
      vertex 100.85 95.4 2.6499999999999995
      vertex 100.85 95 3.045
      vertex 100.85 95.4 3.44
    endloop
  endfacet
  facet normal -1 0 0
    outer loop
      vertex 100.85 95 3.045
      vertex 100.85 95.06535552193647 3.3109228441754914
      vertex 100.85 95.4 3.44
    endloop
  endfacet
  facet normal -1 0 0
    outer loop
      vertex 100.85 95.06535552193647 3.3109228441754914
      vertex 100.85 94.60000000000001 3.44
      vertex 100.85 95.4 3.44
    endloop
  endfacet
  facet normal 0 0 -1
    outer loop
      vertex 100.85 93.30000000000001 2.63
      vertex 100.85 94.60000000000001 2.63
      vertex 200 93.30000000000001 2.63
    endloop
  endfacet
  facet normal 0 -1 0
    outer loop
      vertex 100.85 93.30000000000001 2.63
      vertex 200 93.30000000000001 3.44
      vertex 100.85 93.30000000000001 3.44
    endloop
  endfacet
  facet normal 0 0 1
    outer loop
      vertex 100.85 93.30000000000001 3.44
      vertex 200 95.4 3.44
      vertex 100.85 94.60000000000001 3.44
    endloop
  endfacet
  facet normal 0 0 1
    outer loop
      vertex 100.85 94.60000000000001 3.44
      vertex 200 95.4 3.44
      vertex 100.85 95.4 3.44
    endloop
  endfacet
  facet normal 0 0 -1
    outer loop
      vertex 100.85 94.60000000000001 2.63
      vertex 200 94.60000000000001 2.63
      vertex 200 93.30000000000001 2.63
    endloop
  endfacet
  facet normal 0 -1 0
    outer loop
      vertex 100.85 93.30000000000001 2.63
      vertex 200 93.30000000000001 2.63
      vertex 200 93.30000000000001 3.44
    endloop
  endfacet
  facet normal 0 0 1
    outer loop
      vertex 100.85 93.30000000000001 3.44
      vertex 200 93.30000000000001 3.44
      vertex 200 95.4 3.44
    endloop
  endfacet
  facet normal 1 0 0
    outer loop
      vertex 94.85 82.2 0.6
      vertex 94.85 94.60000000000001 0.6
      vertex 94.85 82.2 1.4
    endloop
  endfacet
  facet normal -1 0 0
    outer loop
      vertex 93.65 81.40883977900553 0.6
      vertex 93.65 94.60000000000001 1.4683823529411764
      vertex 93.65 94.60000000000001 0.6
    endloop
  endfacet
  facet normal 1 0 0
    outer loop
      vertex 94.85 94.60000000000001 0.6
      vertex 94.85 94.60000000000001 1.4
      vertex 94.85 82.2 1.4
    endloop
  endfacet
  facet normal -1 0 0
    outer loop
      vertex 93.65 81.40883977900553 0.6
      vertex 93.65 82.2 1.4949999999999999
      vertex 93.65 94.98823529411764 2.346764705882353
    endloop
  endfacet
  facet normal -1 0 0
    outer loop
      vertex 93.65 81.40883977900553 0.6
      vertex 93.65 94.98823529411764 2.346764705882353
      vertex 93.65 94.60000000000001 1.4683823529411764
    endloop
  endfacet
  facet normal 1 0 0
    outer loop
      vertex 94.85 94.60000000000001 1.4
      vertex 94.85 95 1.4
      vertex 94.85 94.86666666666667 1.7333333333333332
    endloop
  endfacet
  facet normal 1 0 0
    outer loop
      vertex 94.85 94.60000000000001 1.4
      vertex 94.85 94.86666666666667 1.7333333333333332
      vertex 94.85 94.60000000000001 1.914705882352941
    endloop
  endfacet
  facet normal 1 0 0
    outer loop
      vertex 94.85 81.4 1.4
      vertex 94.85 82.2 1.4
      vertex 94.85 81.4 2.4
    endloop
  endfacet
  facet normal 1 0 0
    outer loop
      vertex 94.85 82.2 1.4
      vertex 94.85 94.60000000000001 1.4
      vertex 94.85 81.4 2.4
    endloop
  endfacet
  facet normal -1 0 0
    outer loop
      vertex 93.65 82.2 1.4949999999999999
      vertex 93.65 82.2 2.4
      vertex 93.65 94.60000000000001 2.4
    endloop
  endfacet
  facet normal 1 0 0
    outer loop
      vertex 94.85 94.60000000000001 1.4
      vertex 94.85 94.60000000000001 1.914705882352941
      vertex 94.85 81.4 2.4
    endloop
  endfacet
  facet normal -1 0 0
    outer loop
      vertex 93.65 82.2 1.4949999999999999
      vertex 93.65 94.60000000000001 2.4
      vertex 93.65 94.98823529411764 2.346764705882353
    endloop
  endfacet
  facet normal 0 0 1
    outer loop
      vertex 93.71857142857144 81.4 2.4
      vertex 94.85 81.4 2.4
      vertex 93.65 82.2 2.4
    endloop
  endfacet
  facet normal 0 0 1
    outer loop
      vertex 94.85 81.4 2.4
      vertex 93.65 94.60000000000001 2.4
      vertex 93.65 82.2 2.4
    endloop
  endfacet
  facet normal 1 0 0
    outer loop
      vertex 94.85 94.60000000000001 1.914705882352941
      vertex 94.85 94.60000000000001 2.4
      vertex 94.85 81.4 2.4
    endloop
  endfacet
  facet normal 1 0 0
    outer loop
      vertex 94.85 95.35428571428572 2.342857142857143
      vertex 94.85 95.4 2.3705882352941177
      vertex 94.85 95.4 2.4
    endloop
  endfacet
  facet normal 0 0 1
    outer loop
      vertex 94.85 81.4 2.4
      vertex 94.85 94.60000000000001 2.4
      vertex 93.65 94.60000000000001 2.4
    endloop
  endfacet
  facet normal 1 0 0
    outer loop
      vertex 94.85 95.35428571428572 2.342857142857143
      vertex 94.85 95.4 2.4
      vertex 94.85 94.60000000000001 2.4
    endloop
  endfacet
  facet normal 0 0 1
    outer loop
      vertex 94.85 94.60000000000001 2.4
      vertex 94.85 95.4 2.4
      vertex 94.78142857142856 95.4 2.4
    endloop
  endfacet
  facet normal 0 -1 0
    outer loop
      vertex 66.25 94.60000000000001 0.6
      vertex 87.06 94.60000000000001 0.6
      vertex 87.06 94.60000000000001 1.29
    endloop
  endfacet
  facet normal 0 -1 0
    outer loop
      vertex 66.25 94.60000000000001 0.6
      vertex 87.06 94.60000000000001 1.29
      vertex 66.25 94.60000000000001 1.2899999999999998
    endloop
  endfacet
  facet normal 1 0 0
    outer loop
      vertex 87.06 95.4 0.6
      vertex 87.06 95.4 1.29
      vertex 87.06 94.60000000000001 1.29
    endloop
  endfacet
  facet normal 1.0670091538925098e-17 1.7080354225002446e-16 -1
    outer loop
      vertex 66.25 95.4 1.2899999999999998
      vertex 66.25 96.7 1.29
      vertex 87.06 95.4 1.29
    endloop
  endfacet
  facet normal 0 0 -1
    outer loop
      vertex 66.25 96.7 1.29
      vertex 87.06 96.69611111111111 1.29
      vertex 87.06 95.4 1.29
    endloop
  endfacet
  facet normal -1.0670091538925098e-17 -5.709718412349232e-14 -1
    outer loop
      vertex 66.25 96.7 1.29
      vertex 87.06 96.7 1.2899999999999998
      vertex 87.06 96.69611111111111 1.29
    endloop
  endfacet
  facet normal 0 1 0
    outer loop
      vertex 66.25 96.7 1.29
      vertex 66.25 96.7 1.2939234449760766
      vertex 86.7951219512195 96.7 2.0999999999999996
    endloop
  endfacet
  facet normal 0 1 0
    outer loop
      vertex 66.25 96.7 1.29
      vertex 86.7951219512195 96.7 2.0999999999999996
      vertex 87.06 96.7 1.2899999999999998
    endloop
  endfacet
  facet normal 1 0 0
    outer loop
      vertex 87.06 96.69611111111111 1.29
      vertex 87.06 96.7 1.2899999999999998
      vertex 87.06 96.7 2.0999999999999996
    endloop
  endfacet
  facet normal 0 1 0
    outer loop
      vertex 87.06 96.7 1.2899999999999998
      vertex 86.7951219512195 96.7 2.0999999999999996
      vertex 87.05 96.7 2.0999999999999996
    endloop
  endfacet
  facet normal 1 0 0
    outer loop
      vertex 87.06 96.69611111111111 1.29
      vertex 87.06 96.7 2.0999999999999996
      vertex 87.06 96.69611111111111 2.0999999999999996
    endloop
  endfacet
  facet normal 0 1 0
    outer loop
      vertex 87.06 96.7 1.2899999999999998
      vertex 87.05 96.7 2.0999999999999996
      vertex 87.06 96.7 2.0999999999999996
    endloop
  endfacet
  facet normal 0 0 1
    outer loop
      vertex 87.06 96.69611111111111 2.0999999999999996
      vertex 87.06 96.7 2.0999999999999996
      vertex 87.05 96.7 2.0999999999999996
    endloop
  endfacet
  facet normal 0 0 -1
    outer loop
      vertex 87.06 94.60000000000001 1.29
      vertex 89.93359999999997 95.112 1.29
      vertex 90.39285714285714 94.85979955456571 1.29
    endloop
  endfacet
  facet normal 0 0 -1
    outer loop
      vertex 89.83635038430955 94.60000000000001 1.29
      vertex 90.39285714285714 94.85979955456571 1.29
      vertex 90.39285714285714 94.60000000000001 1.29
    endloop
  endfacet
  facet normal 0 0 -1
    outer loop
      vertex 89.93359999999997 95.112 1.29
      vertex 91.55 94.95 1.29
      vertex 90.39285714285714 94.85979955456571 1.29
    endloop
  endfacet
  facet normal 0 0 -1
    outer loop
      vertex 90.39285714285714 94.60000000000001 1.29
      vertex 90.39285714285714 94.85979955456571 1.29
      vertex 91.55 94.60000000000001 1.29
    endloop
  endfacet
  facet normal 0 0 -1
    outer loop
      vertex 89.93359999999997 95.112 1.29
      vertex 91.02413244650086 95.15450404858301 1.29
      vertex 91.42142857142855 95 1.29
    endloop
  endfacet
  facet normal 0 0 -1
    outer loop
      vertex 89.93359999999997 95.112 1.29
      vertex 91.42142857142855 95 1.29
      vertex 91.55 94.95 1.29
    endloop
  endfacet
  facet normal 0 0 -1
    outer loop
      vertex 89.93359999999997 95.112 1.29
      vertex 87.06 95.4 1.29
      vertex 87.06 96.69611111111111 1.29
    endloop
  endfacet
  facet normal 0 0 -1
    outer loop
      vertex 89.93359999999997 95.112 1.29
      vertex 87.06 96.69611111111111 1.29
      vertex 90.39285714285714 95.4 1.29
    endloop
  endfacet
  facet normal 0 0 -1
    outer loop
      vertex 89.93359999999997 95.112 1.29
      vertex 90.39285714285714 95.4 1.29
      vertex 91.02413244650086 95.15450404858301 1.29
    endloop
  endfacet
  facet normal 0 -1 0
    outer loop
      vertex 90.39285714285714 94.60000000000001 1.29
      vertex 91.55 94.60000000000001 1.29
      vertex 90.39285714285714 94.60000000000001 2.1100000000000003
    endloop
  endfacet
  facet normal 0.3624462611549469 0.9320046715412965 -1.1674898731476317e-16
    outer loop
      vertex 87.06 96.69611111111111 1.29
      vertex 90.39285714285714 95.4 2.1100000000000003
      vertex 90.39285714285714 95.4 1.29
    endloop
  endfacet
  facet normal 0 0 -1
    outer loop
      vertex 90.39285714285714 94.85979955456571 1.29
      vertex 91.55 94.95 1.29
      vertex 91.55 94.60000000000001 1.29
    endloop
  endfacet
  facet normal 1 0 0
    outer loop
      vertex 91.55 94.60000000000001 1.29
      vertex 91.55 94.95 1.29
      vertex 91.55 94.60000000000001 2.1100000000000003
    endloop
  endfacet
  facet normal 0.3624462611548838 0.9320046715413212 7.886684802075379e-19
    outer loop
      vertex 91.42142857142855 95 1.29
      vertex 91.55 94.95 2.1100000000000003
      vertex 91.55 94.95 1.29
    endloop
  endfacet
  facet normal 0 0 1
    outer loop
      vertex 66.25 94.61004784688996 2.1100000000000003
      vertex 74.11190476190475 95.4 2.1100000000000003
      vertex 66.25 96.7 2.1100000000000003
    endloop
  endfacet
  facet normal 0 1 0
    outer loop
      vertex 66.25 96.7 1.2939234449760766
      vertex 66.25 96.7 2.1100000000000003
      vertex 86.7951219512195 96.7 2.0999999999999996
    endloop
  endfacet
  facet normal 0 0 1
    outer loop
      vertex 66.25 96.7 2.1100000000000003
      vertex 74.11190476190475 95.4 2.1100000000000003
      vertex 87.05 96.7 2.1100000000000003
    endloop
  endfacet
  facet normal 0 1 0
    outer loop
      vertex 66.25 96.7 2.1100000000000003
      vertex 87.05 96.7 2.1100000000000003
      vertex 86.7951219512195 96.7 2.0999999999999996
    endloop
  endfacet
  facet normal 0.3624462611549468 0.9320046715412964 0
    outer loop
      vertex 87.06 96.69611111111111 1.29
      vertex 87.06 96.69611111111111 2.0999999999999996
      vertex 90.39285714285714 95.4 2.1100000000000003
    endloop
  endfacet
  facet normal 0 0 1
    outer loop
      vertex 74.11190476190475 95.4 2.1100000000000003
      vertex 89.83571428571429 95.4 2.1100000000000003
      vertex 87.05 96.7 2.1100000000000003
    endloop
  endfacet
  facet normal 0 0 1
    outer loop
      vertex 90.39285714285714 94.60000000000001 2.1100000000000003
      vertex 91.55 94.60000000000001 2.1100000000000003
      vertex 91.02402597402596 94.84545454545456 2.1100000000000003
    endloop
  endfacet
  facet normal 0 1 0
    outer loop
      vertex 86.7951219512195 96.7 2.0999999999999996
      vertex 87.05 96.7 2.1100000000000003
      vertex 87.05 96.7 2.0999999999999996
    endloop
  endfacet
  facet normal 0.362446261155268 0.9320046715411717 -1.0913200371308848e-17
    outer loop
      vertex 87.06 96.69611111111111 2.0999999999999996
      vertex 87.05 96.7 2.0999999999999996
      vertex 87.05 96.7 2.1100000000000003
    endloop
  endfacet
  facet normal 0.3624462611549478 0.9320046715412962 -3.6854135519425893e-13
    outer loop
      vertex 87.06 96.69611111111111 2.0999999999999996
      vertex 87.05 96.7 2.1100000000000003
      vertex 90.39285714285714 95.4 2.1100000000000003
    endloop
  endfacet
  facet normal 0 0 1
    outer loop
      vertex 87.05 96.7 2.1100000000000003
      vertex 89.83571428571429 95.4 2.1100000000000003
      vertex 90.39285714285714 95.4 2.1100000000000003
    endloop
  endfacet
  facet normal 0 -1 0
    outer loop
      vertex 91.55 94.60000000000001 1.29
      vertex 91.55 94.60000000000001 2.1100000000000003
      vertex 90.39285714285714 94.60000000000001 2.1100000000000003
    endloop
  endfacet
  facet normal 1 0 0
    outer loop
      vertex 91.55 94.95 1.29
      vertex 91.55 94.95 2.1100000000000003
      vertex 91.55 94.60000000000001 2.1100000000000003
    endloop
  endfacet
  facet normal 0.3624462611548838 0.9320046715413212 0
    outer loop
      vertex 91.42142857142855 95 1.29
      vertex 91.42142857142855 95 2.1100000000000003
      vertex 91.55 94.95 2.1100000000000003
    endloop
  endfacet
  facet normal 0 0 1
    outer loop
      vertex 91.02402597402596 94.84545454545456 2.1100000000000003
      vertex 91.55 94.60000000000001 2.1100000000000003
      vertex 91.42142857142855 95 2.1100000000000003
    endloop
  endfacet
  facet normal 0 0 1
    outer loop
      vertex 91.55 94.60000000000001 2.1100000000000003
      vertex 91.55 94.95 2.1100000000000003
      vertex 91.42142857142855 95 2.1100000000000003
    endloop
  endfacet
  facet normal 0 1 0
    outer loop
      vertex 66.25 108.60000000000001 0.6
      vertex 66.25 108.60000000000001 1.2899999999999998
      vertex 87.06 108.60000000000001 0.6
    endloop
  endfacet
  facet normal 1 0 0
    outer loop
      vertex 87.06 107.80000000000001 0.6
      vertex 87.06 108.60000000000001 0.6
      vertex 87.06 107.80000000000001 1.2899999999999938
    endloop
  endfacet
  facet normal 6.828858584912061e-16 1 2.0595441616234788e-14
    outer loop
      vertex 87.06 108.60000000000001 0.6
      vertex 66.25 108.60000000000001 1.2899999999999998
      vertex 87.06 108.6 1.29
    endloop
  endfacet
  facet normal 0 3.416070845000489e-16 -1
    outer loop
      vertex 66.25 106.50000000000001 1.29
      vertex 66.25 107.80000000000001 1.2900000000000005
      vertex 87.05 106.50000000000001 1.29
    endloop
  endfacet
  facet normal 3.5348488969612996e-15 5.709718412349223e-14 -1
    outer loop
      vertex 66.25 107.80000000000001 1.2900000000000005
      vertex 87.06 106.50388888888891 1.29
      vertex 87.06 106.50000000000001 1.2899999999999998
    endloop
  endfacet
  facet normal -2.220446049249444e-14 -3.549297607954117e-13 -1
    outer loop
      vertex 66.25 107.80000000000001 1.2900000000000005
      vertex 87.06 106.50000000000001 1.2899999999999998
      vertex 87.05 106.50000000000001 1.29
    endloop
  endfacet
  facet normal -3.2010274616775293e-16 -4.7968487304850635e-15 -1
    outer loop
      vertex 66.25 107.80000000000001 1.2900000000000005
      vertex 87.06 107.80000000000001 1.2899999999999938
      vertex 87.06 106.50388888888891 1.29
    endloop
  endfacet
  facet normal 0 -1 0
    outer loop
      vertex 87.06 106.50000000000001 1.2899999999999998
      vertex 87.05 106.50000000000001 2.0996126255380196
      vertex 87.05 106.50000000000001 1.29
    endloop
  endfacet
  facet normal 1 0 0
    outer loop
      vertex 87.06 106.50000000000001 1.2899999999999998
      vertex 87.06 106.50388888888891 1.29
      vertex 87.06 106.50388888888891 2.0999999999999996
    endloop
  endfacet
  facet normal 0 -1 0
    outer loop
      vertex 76.66660973376533 106.50000000000001 1.6973866037470065
      vertex 87.05 106.50000000000001 2.0996126255380196
      vertex 66.4048780487805 106.50000000000001 2.0999999999999996
    endloop
  endfacet
  facet normal 0 -1 0
    outer loop
      vertex 66.4048780487805 106.50000000000001 2.0999999999999996
      vertex 87.05 106.50000000000001 2.0996126255380196
      vertex 87.05 106.50000000000001 2.0999999999999996
    endloop
  endfacet
  facet normal 0 -1 0
    outer loop
      vertex 87.06 106.50000000000001 1.2899999999999998
      vertex 87.06 106.50000000000001 2.0999999999999996
      vertex 87.05 106.50000000000001 2.0996126255380196
    endloop
  endfacet
  facet normal 1 0 0
    outer loop
      vertex 87.06 106.50000000000001 1.2899999999999998
      vertex 87.06 106.50388888888891 2.0999999999999996
      vertex 87.06 106.50000000000001 2.0999999999999996
    endloop
  endfacet
  facet normal 0 -1 0
    outer loop
      vertex 87.05 106.50000000000001 2.0996126255380196
      vertex 87.06 106.50000000000001 2.0999999999999996
      vertex 87.05 106.50000000000001 2.0999999999999996
    endloop
  endfacet
  facet normal 0 0 1
    outer loop
      vertex 87.06 106.50000000000001 2.0999999999999996
      vertex 87.06 106.50388888888891 2.0999999999999996
      vertex 87.05 106.50000000000001 2.0999999999999996
    endloop
  endfacet
  facet normal 0 -1 0
    outer loop
      vertex 66.25 106.50000000000001 1.29
      vertex 76.66660973376533 106.50000000000001 1.6973866037470065
      vertex 66.4048780487805 106.50000000000001 2.0999999999999996
    endloop
  endfacet
  facet normal 2.239360339039841e-15 -4.7968487304850635e-15 -1
    outer loop
      vertex 87.06 106.50388888888891 1.29
      vertex 87.06 107.80000000000001 1.2899999999999938
      vertex 90.3928571428571 108.05979955456569 1.29
    endloop
  endfacet
  facet normal 0 0 -1
    outer loop
      vertex 87.06 106.50388888888891 1.29
      vertex 90.3928571428571 108.05979955456569 1.29
      vertex 90.3928571428571 107.8 1.29
    endloop
  endfacet
  facet normal 2.239360339039822e-15 -4.796848730484821e-15 -1
    outer loop
      vertex 87.06 107.80000000000001 1.2899999999999938
      vertex 90.75643683176955 108.22953305694959 1.29
      vertex 90.3928571428571 108.05979955456569 1.29
    endloop
  endfacet
  facet normal 2.2393603390398507e-15 -4.796848730485068e-15 -1
    outer loop
      vertex 87.06 107.80000000000001 1.2899999999999938
      vertex 91.55 108.60000000000001 1.29
      vertex 90.75643683176955 108.22953305694959 1.29
    endloop
  endfacet
  facet normal 0 0 -1
    outer loop
      vertex 90.3928571428571 107.8 1.29
      vertex 90.3928571428571 108.05979955456569 1.29
      vertex 91.22839235972933 108.12493036211698 1.29
    endloop
  endfacet
  facet normal -3.313689186097811e-29 7.771561172376261e-15 -1
    outer loop
      vertex 87.06 107.80000000000001 1.2899999999999938
      vertex 87.06 108.6 1.29
      vertex 90.3928571428571 108.60000000000001 1.29
    endloop
  endfacet
  facet normal 0 7.771561172376123e-15 -1
    outer loop
      vertex 87.06 107.80000000000001 1.2899999999999938
      vertex 90.3928571428571 108.60000000000001 1.29
      vertex 91.55 108.60000000000001 1.29
    endloop
  endfacet
  facet normal 0 -1 0
    outer loop
      vertex 66.25 106.50000000000001 1.29
      vertex 87.05 106.50000000000001 1.29
      vertex 76.66660973376533 106.50000000000001 1.6973866037470065
    endloop
  endfacet
  facet normal 0 -1 0
    outer loop
      vertex 87.05 106.50000000000001 1.29
      vertex 87.05 106.50000000000001 2.0996126255380196
      vertex 76.66660973376533 106.50000000000001 1.6973866037470065
    endloop
  endfacet
  facet normal 0.3624462611549475 -0.9320046715412963 0
    outer loop
      vertex 87.06 106.50388888888891 1.29
      vertex 90.3928571428571 107.8 1.29
      vertex 87.06 106.50388888888891 2.0999999999999996
    endloop
  endfacet
  facet normal 0 0 -1
    outer loop
      vertex 90.75643683176955 108.22953305694959 1.29
      vertex 91.55 108.60000000000001 1.29
      vertex 91.42142857142855 108.2 1.29
    endloop
  endfacet
  facet normal 0 0 -1
    outer loop
      vertex 91.42142857142855 108.2 1.29
      vertex 91.55 108.60000000000001 1.29
      vertex 91.55 108.25000000000001 1.29
    endloop
  endfacet
  facet normal 0.3624462611549733 -0.9320046715412863 0
    outer loop
      vertex 91.42142857142855 108.2 1.29
      vertex 91.55 108.25000000000001 1.29
      vertex 91.42142857142855 108.2 2.1100000000000003
    endloop
  endfacet
  facet normal 0 1 0
    outer loop
      vertex 90.3928571428571 108.60000000000001 1.29
      vertex 91.55 108.60000000000001 2.1100000000000003
      vertex 91.55 108.60000000000001 1.29
    endloop
  endfacet
  facet normal 1 0 0
    outer loop
      vertex 91.55 108.25000000000001 1.29
      vertex 91.55 108.60000000000001 1.29
      vertex 91.55 108.25000000000001 2.1100000000000003
    endloop
  endfacet
  facet normal 0 -1 0
    outer loop
      vertex 66.25 106.50000000000001 1.29
      vertex 66.4048780487805 106.50000000000001 2.0999999999999996
      vertex 66.25 106.50000000000001 2.1100000000000003
    endloop
  endfacet
  facet normal 0 0 1
    outer loop
      vertex 66.25 106.50000000000001 2.1100000000000003
      vertex 73.15169812876115 108.50351990767456 2.1100000000000003
      vertex 66.25 107.81004784688994 2.1100000000000003
    endloop
  endfacet
  facet normal 0 -1 0
    outer loop
      vertex 66.4048780487805 106.50000000000001 2.0999999999999996
      vertex 87.05 106.50000000000001 2.1100000000000003
      vertex 66.25 106.50000000000001 2.1100000000000003
    endloop
  endfacet
  facet normal 0 0 1
    outer loop
      vertex 66.25 106.50000000000001 2.1100000000000003
      vertex 85.01857142857118 107.8 2.1100000000000003
      vertex 73.15169812876115 108.50351990767456 2.1100000000000003
    endloop
  endfacet
  facet normal 0 -1 0
    outer loop
      vertex 66.4048780487805 106.50000000000001 2.0999999999999996
      vertex 87.05 106.50000000000001 2.0999999999999996
      vertex 87.05 106.50000000000001 2.1100000000000003
    endloop
  endfacet
  facet normal 0 0 1
    outer loop
      vertex 66.25 106.50000000000001 2.1100000000000003
      vertex 87.05 106.50000000000001 2.1100000000000003
      vertex 85.01857142857118 107.8 2.1100000000000003
    endloop
  endfacet
  facet normal 0.3624462611549475 -0.9320046715412964 0
    outer loop
      vertex 90.3928571428571 107.8 1.29
      vertex 90.3928571428571 107.8 2.1100000000000003
      vertex 87.06 106.50388888888891 2.0999999999999996
    endloop
  endfacet
  facet normal 0 1 0
    outer loop
      vertex 90.3928571428571 108.60000000000001 1.29
      vertex 90.3928571428571 108.60000000000001 2.1100000000000003
      vertex 91.55 108.60000000000001 2.1100000000000003
    endloop
  endfacet
  facet normal 0 0 1
    outer loop
      vertex 73.15169812876115 108.50351990767456 2.1100000000000003
      vertex 85.01857142857118 107.8 2.1100000000000003
      vertex 90.70976476353832 108.19210977701545 2.1100000000000003
    endloop
  endfacet
  facet normal 0 0 1
    outer loop
      vertex 85.01857142857118 107.8 2.1100000000000003
      vertex 87.05 106.50000000000001 2.1100000000000003
      vertex 90.3928571428571 107.8 2.1100000000000003
    endloop
  endfacet
  facet normal 0.362446261155268 -0.9320046715411717 -1.2298940450960113e-10
    outer loop
      vertex 87.05 106.50000000000001 2.0999999999999996
      vertex 87.06 106.50388888888891 2.0999999999999996
      vertex 90.3928571428571 107.8 2.1100000000000003
    endloop
  endfacet
  facet normal 0.3624462611549485 -0.9320046715412961 0
    outer loop
      vertex 87.05 106.50000000000001 2.0999999999999996
      vertex 90.3928571428571 107.8 2.1100000000000003
      vertex 87.05 106.50000000000001 2.1100000000000003
    endloop
  endfacet
  facet normal 0 0 1
    outer loop
      vertex 90.55637496377858 108.26369168356999 2.1100000000000003
      vertex 90.70976476353832 108.19210977701545 2.1100000000000003
      vertex 91.33155757286187 108.23494983277592 2.1100000000000003
    endloop
  endfacet
  facet normal 0 0 1
    outer loop
      vertex 90.55637496377858 108.26369168356999 2.1100000000000003
      vertex 91.55 108.60000000000001 2.1100000000000003
      vertex 90.3928571428571 108.60000000000001 2.1100000000000003
    endloop
  endfacet
  facet normal 0.3624462611549733 -0.9320046715412863 0
    outer loop
      vertex 91.55 108.25000000000001 1.29
      vertex 91.55 108.25000000000001 2.1100000000000003
      vertex 91.42142857142855 108.2 2.1100000000000003
    endloop
  endfacet
  facet normal 1 0 0
    outer loop
      vertex 91.55 108.60000000000001 1.29
      vertex 91.55 108.60000000000001 2.1100000000000003
      vertex 91.55 108.25000000000001 2.1100000000000003
    endloop
  endfacet
  facet normal 0 0 1
    outer loop
      vertex 90.55637496377858 108.26369168356999 2.1100000000000003
      vertex 91.33155757286187 108.23494983277592 2.1100000000000003
      vertex 91.55 108.25000000000001 2.1100000000000003
    endloop
  endfacet
  facet normal 0 0 1
    outer loop
      vertex 91.33155757286187 108.23494983277592 2.1100000000000003
      vertex 91.42142857142855 108.2 2.1100000000000003
      vertex 91.55 108.25000000000001 2.1100000000000003
    endloop
  endfacet
  facet normal 0 0 1
    outer loop
      vertex 90.55637496377858 108.26369168356999 2.1100000000000003
      vertex 91.55 108.25000000000001 2.1100000000000003
      vertex 91.55 108.60000000000001 2.1100000000000003
    endloop
  endfacet
  facet normal 0 -1 0
    outer loop
      vertex 94.85 94.60000000000001 0.6
      vertex 100.85 94.60000000000001 0.6
      vertex 94.85 94.60000000000001 1.4
    endloop
  endfacet
  facet normal 0 -1 0
    outer loop
      vertex 100.85 94.60000000000001 0.6
      vertex 100.85 94.60000000000001 1.4
      vertex 94.85 94.60000000000001 1.4
    endloop
  endfacet
  facet normal 0 0 1
    outer loop
      vertex 94.85 94.60000000000001 1.4
      vertex 100.85 94.60000000000001 1.4
      vertex 94.85 95 1.4
    endloop
  endfacet
  facet normal 0 1 0
    outer loop
      vertex 94.85 108.60000000000001 0.6
      vertex 100.85 108.60000000000001 1.4
      vertex 100.85 108.60000000000001 0.6
    endloop
  endfacet
  facet normal 0 1 0
    outer loop
      vertex 94.85 108.60000000000001 0.6
      vertex 94.85 108.60000000000001 1.4
      vertex 100.85 108.60000000000001 1.4
    endloop
  endfacet
  facet normal 0 0 1
    outer loop
      vertex 94.85 108.60000000000001 1.4
      vertex 100.85 107.80000000000001 1.4
      vertex 100.85 108.60000000000001 1.4
    endloop
  endfacet
  facet normal -1 0 0
    outer loop
      vertex 100.85 94.60000000000001 1.4
      vertex 100.85 95.4 2.63
      vertex 100.85 95.4 1.4
    endloop
  endfacet
  facet normal -1 0 0
    outer loop
      vertex 100.85 94.60000000000001 1.4
      vertex 100.85 94.60000000000001 2.63
      vertex 100.85 95.4 2.6499999999999995
    endloop
  endfacet
  facet normal -1 0 0
    outer loop
      vertex 100.85 94.60000000000001 1.4
      vertex 100.85 95.4 2.6499999999999995
      vertex 100.85 95.4 2.63
    endloop
  endfacet
  facet normal -1 0 0
    outer loop
      vertex 100.85 94.60000000000001 2.63
      vertex 100.85 94.60000000000001 2.6499999999999995
      vertex 100.85 95.4 2.6499999999999995
    endloop
  endfacet
  facet normal 0 1 0
    outer loop
      vertex 100.85 95.4 0.6
      vertex 100.85 95.4 1.4
      vertex 200 95.4 0.6
    endloop
  endfacet
  facet normal 0 -1 0
    outer loop
      vertex 100.86188541292101 94.60000000000001 0.6
      vertex 199.52392156862743 94.60000000000001 0.6
      vertex 103.2167532467532 94.60000000000001 2.5813092313092323
    endloop
  endfacet
  facet normal 0 1 0
    outer loop
      vertex 100.85 95.4 1.4
      vertex 100.85 95.4 2.63
      vertex 200 95.4 0.6
    endloop
  endfacet
  facet normal 0 1 0
    outer loop
      vertex 100.85 95.4 2.63
      vertex 200 95.4 2.63
      vertex 200 95.4 0.6
    endloop
  endfacet
  facet normal -1 0 0
    outer loop
      vertex 100.85 94.60000000000001 2.6499999999999995
      vertex 100.85 95 3.045
      vertex 100.85 95.4 2.6499999999999995
    endloop
  endfacet
  facet normal -1 0 0
    outer loop
      vertex 100.85 95.4 2.63
      vertex 100.85 95.4 2.6499999999999995
      vertex 100.85 96.7 2.63
    endloop
  endfacet
  facet normal -1 0 0
    outer loop
      vertex 100.85 96.7 2.63
      vertex 100.85 95.4 2.6499999999999995
      vertex 100.85 96.7 3.44
    endloop
  endfacet
  facet normal -1 0 0
    outer loop
      vertex 100.85 94.60000000000001 2.6499999999999995
      vertex 100.85 94.60000000000001 3.44
      vertex 100.85 95 3.045
    endloop
  endfacet
  facet normal -1 0 0
    outer loop
      vertex 100.85 95.4 2.6499999999999995
      vertex 100.85 95.4 3.44
      vertex 100.85 96.7 3.44
    endloop
  endfacet
  facet normal -1 0 0
    outer loop
      vertex 100.85 95 3.045
      vertex 100.85 94.60000000000001 3.44
      vertex 100.85 95.06535552193647 3.3109228441754914
    endloop
  endfacet
  facet normal 0 0 -1
    outer loop
      vertex 100.85 95.4 2.63
      vertex 100.85 96.7 2.63
      vertex 200 95.4 2.63
    endloop
  endfacet
  facet normal 0 1 0
    outer loop
      vertex 100.85 96.7 2.63
      vertex 100.85 96.7 3.44
      vertex 200 96.7 2.63
    endloop
  endfacet
  facet normal 0 0 1
    outer loop
      vertex 100.85 95.4 3.44
      vertex 200 96.7 3.44
      vertex 100.85 96.7 3.44
    endloop
  endfacet
  facet normal 0 0 -1
    outer loop
      vertex 100.85 96.7 2.63
      vertex 200 96.7 2.63
      vertex 200 95.4 2.63
    endloop
  endfacet
  facet normal 0 1 0
    outer loop
      vertex 100.85 96.7 3.44
      vertex 200 96.7 3.44
      vertex 200 96.7 2.63
    endloop
  endfacet
  facet normal 0 0 1
    outer loop
      vertex 100.85 95.4 3.44
      vertex 200 95.4 3.44
      vertex 200 96.7 3.44
    endloop
  endfacet
  facet normal 0 -1 0
    outer loop
      vertex 100.85 107.80000000000001 0.6
      vertex 198.7858024691358 107.80000000000001 0.6
      vertex 100.85 107.80000000000001 1.4
    endloop
  endfacet
  facet normal 0 1 0
    outer loop
      vertex 100.85 108.60000000000001 0.6
      vertex 100.85 108.60000000000001 1.4
      vertex 200 108.60000000000001 0.6
    endloop
  endfacet
  facet normal 0 1 0
    outer loop
      vertex 100.85 108.60000000000001 1.4
      vertex 200 108.60000000000001 2.6298759580475997
      vertex 200 108.60000000000001 0.6
    endloop
  endfacet
  facet normal -1 0 0
    outer loop
      vertex 100.85 106.50000000000001 2.63
      vertex 100.85 107.80000000000001 2.6499999999999995
      vertex 100.85 107.80000000000003 2.630000000000001
    endloop
  endfacet
  facet normal -1 0 0
    outer loop
      vertex 100.85 106.50000000000001 2.63
      vertex 100.85 108.60000000000001 3.44
      vertex 100.85 107.80000000000001 2.6499999999999995
    endloop
  endfacet
  facet normal -1 0 0
    outer loop
      vertex 100.85 107.80000000000001 2.6499999999999995
      vertex 100.85 108.60000000000001 3.44
      vertex 100.85 108.60000000000001 2.6499999999999995
    endloop
  endfacet
  facet normal -1 0 0
    outer loop
      vertex 100.85 106.50000000000001 2.63
      vertex 100.85 106.50000000000001 3.44
      vertex 100.85 108.60000000000001 3.44
    endloop
  endfacet
  facet normal 0 6.832141690000903e-16 -1
    outer loop
      vertex 100.85 106.50000000000001 2.63
      vertex 100.85 107.80000000000003 2.630000000000001
      vertex 200 106.50000000000001 2.63
    endloop
  endfacet
  facet normal 0 -1 0
    outer loop
      vertex 100.85 106.50000000000001 2.63
      vertex 200 106.50000000000001 3.44
      vertex 100.85 106.50000000000001 3.44
    endloop
  endfacet
  facet normal 0 0 1
    outer loop
      vertex 100.85 106.50000000000001 3.44
      vertex 200 107.80021177894312 3.44
      vertex 100.85 108.60000000000001 3.44
    endloop
  endfacet
  facet normal 0 0 1
    outer loop
      vertex 100.85 108.60000000000001 3.44
      vertex 200 107.80021177894312 3.44
      vertex 162.23476190476126 108.60000000000001 3.44
    endloop
  endfacet
  facet normal -8.957926572870653e-18 0 -1
    outer loop
      vertex 100.85 107.80000000000003 2.630000000000001
      vertex 200 107.8 2.63
      vertex 200 106.50000000000001 2.63
    endloop
  endfacet
  facet normal 0 -1 0
    outer loop
      vertex 100.85 106.50000000000001 2.63
      vertex 200 106.50000000000001 2.63
      vertex 200 106.50000000000001 3.44
    endloop
  endfacet
  facet normal 0 0 1
    outer loop
      vertex 100.85 106.50000000000001 3.44
      vertex 200 106.50000000000001 3.44
      vertex 200 107.80021177894312 3.44
    endloop
  endfacet
  facet normal 1 0 0
    outer loop
      vertex 94.85 95.4 0.6
      vertex 94.85 107.80000000000001 0.6
      vertex 94.85 95.4 1.4
    endloop
  endfacet
  facet normal -1 0 0
    outer loop
      vertex 93.65 94.60000000000001 0.6
      vertex 93.65 94.60000000000001 1.4683823529411764
      vertex 93.65 108.60000000000001 2.4
    endloop
  endfacet
  facet normal 1 0 0
    outer loop
      vertex 94.85 95 1.4
      vertex 94.85 95.4 1.4
      vertex 94.85 94.86666666666667 1.7333333333333332
    endloop
  endfacet
  facet normal 1 0 0
    outer loop
      vertex 94.85 95.4 1.4
      vertex 94.85 107.80000000000001 1.4
      vertex 94.85 95.35428571428572 2.342857142857143
    endloop
  endfacet
  facet normal -1 0 0
    outer loop
      vertex 93.65 94.60000000000001 0.6
      vertex 93.65 108.60000000000001 1.4949999999999999
      vertex 93.65 107.80883977900552 0.6
    endloop
  endfacet
  facet normal 1 0 0
    outer loop
      vertex 94.85 107.80000000000001 0.6
      vertex 94.85 107.80000000000001 1.4
      vertex 94.85 95.4 1.4
    endloop
  endfacet
  facet normal -1 0 0
    outer loop
      vertex 93.65 94.60000000000001 0.6
      vertex 93.65 108.60000000000001 2.4
      vertex 93.65 108.60000000000001 1.4949999999999999
    endloop
  endfacet
  facet normal 1 0 0
    outer loop
      vertex 94.85 95.4 1.4
      vertex 94.85 94.60000000000001 2.4
      vertex 94.85 94.86666666666667 1.7333333333333332
    endloop
  endfacet
  facet normal 1 0 0
    outer loop
      vertex 94.85 94.86666666666667 1.7333333333333332
      vertex 94.85 94.60000000000001 2.4
      vertex 94.85 94.60000000000001 1.914705882352941
    endloop
  endfacet
  facet normal 1 0 0
    outer loop
      vertex 94.85 95.4 1.4
      vertex 94.85 95.35428571428572 2.342857142857143
      vertex 94.85 94.60000000000001 2.4
    endloop
  endfacet
  facet normal 1 0 0
    outer loop
      vertex 94.85 107.80000000000001 1.4
      vertex 94.85 95.4 2.3705882352941177
      vertex 94.85 95.35428571428572 2.342857142857143
    endloop
  endfacet
  facet normal -1 0 0
    outer loop
      vertex 93.65 94.60000000000001 1.4683823529411764
      vertex 93.65 94.98823529411764 2.346764705882353
      vertex 93.65 108.60000000000001 2.4
    endloop
  endfacet
  facet normal 1 0 0
    outer loop
      vertex 94.85 107.80000000000001 1.4
      vertex 94.85 95.4 2.4
      vertex 94.85 95.4 2.3705882352941177
    endloop
  endfacet
  facet normal 0 0 1
    outer loop
      vertex 93.65 94.60000000000001 2.4
      vertex 94.85 94.60000000000001 2.4
      vertex 94.78142857142856 95.4 2.4
    endloop
  endfacet
  facet normal -1 0 0
    outer loop
      vertex 93.65 94.98823529411764 2.346764705882353
      vertex 93.65 94.60000000000001 2.4
      vertex 93.65 108.60000000000001 2.4
    endloop
  endfacet
  facet normal 0 0 1
    outer loop
      vertex 93.65 94.60000000000001 2.4
      vertex 94.78142857142856 95.4 2.4
      vertex 93.65 108.60000000000001 2.4
    endloop
  endfacet
  facet normal 0 0 1
    outer loop
      vertex 94.85 95.4 2.4
      vertex 94.85 108.2 2.4
      vertex 94.78142857142856 95.4 2.4
    endloop
  endfacet
  facet normal 1 0 0
    outer loop
      vertex 94.85 107.80000000000001 1.4
      vertex 94.85 108.2 1.8999999999999955
      vertex 94.85 108.2 2.4
    endloop
  endfacet
  facet normal 1 0 0
    outer loop
      vertex 94.85 107.80000000000001 1.4
      vertex 94.85 108.2 2.4
      vertex 94.85 95.4 2.4
    endloop
  endfacet
  facet normal 1 0 0
    outer loop
      vertex 94.85 108.2 1.8999999999999955
      vertex 94.85 108.60000000000001 1.9
      vertex 94.85 108.60000000000001 2.3393939393939385
    endloop
  endfacet
  facet normal 1 0 0
    outer loop
      vertex 94.85 108.2 1.8999999999999955
      vertex 94.85 108.60000000000001 2.3393939393939385
      vertex 94.85 108.57714285714287 2.371428571428571
    endloop
  endfacet
  facet normal 1 0 0
    outer loop
      vertex 94.85 108.2 1.8999999999999955
      vertex 94.85 108.57714285714287 2.371428571428571
      vertex 94.85 108.2 2.4
    endloop
  endfacet
  facet normal 0 0 1
    outer loop
      vertex 94.78142857142856 95.4 2.4
      vertex 94.78142857142856 108.60000000000001 2.4
      vertex 93.65 108.60000000000001 2.4
    endloop
  endfacet
  facet normal 0 0 1
    outer loop
      vertex 94.78142857142856 95.4 2.4
      vertex 94.85 108.2 2.4
      vertex 94.78142857142856 108.60000000000001 2.4
    endloop
  endfacet
  facet normal 0 -1 0
    outer loop
      vertex 66.25 107.80000000000001 0.6
      vertex 87.06 107.80000000000001 0.6
      vertex 87.06 107.80000000000001 1.2899999999999938
    endloop
  endfacet
  facet normal 0 -1 0
    outer loop
      vertex 66.25 107.80000000000001 0.6
      vertex 87.06 107.80000000000001 1.2899999999999938
      vertex 66.25 107.80000000000001 1.2900000000000005
    endloop
  endfacet
  facet normal 1 0 0
    outer loop
      vertex 87.06 108.60000000000001 0.6
      vertex 87.06 108.6 1.29
      vertex 87.06 107.80000000000001 1.2899999999999938
    endloop
  endfacet
  facet normal 1.0670091538925214e-17 1.708035422500263e-16 -1
    outer loop
      vertex 66.25 108.60000000000001 1.2899999999999998
      vertex 66.25 109.89999999999999 1.29
      vertex 87.06 108.6 1.29
    endloop
  endfacet
  facet normal 0 0 -1
    outer loop
      vertex 66.25 109.89999999999999 1.29
      vertex 87.06 109.8961111111111 1.29
      vertex 87.06 108.6 1.29
    endloop
  endfacet
  facet normal -1.0670091538925098e-17 -5.709718412349232e-14 -1
    outer loop
      vertex 66.25 109.89999999999999 1.29
      vertex 87.06 109.89999999999999 1.2899999999999998
      vertex 87.06 109.8961111111111 1.29
    endloop
  endfacet
  facet normal 0 1 0
    outer loop
      vertex 66.25 109.89999999999999 1.29
      vertex 66.25 109.89999999999999 1.2939234449760766
      vertex 86.7951219512195 109.89999999999999 2.0999999999999996
    endloop
  endfacet
  facet normal 0 1 0
    outer loop
      vertex 66.25 109.89999999999999 1.29
      vertex 86.7951219512195 109.89999999999999 2.0999999999999996
      vertex 87.06 109.89999999999999 1.2899999999999998
    endloop
  endfacet
  facet normal 1 0 0
    outer loop
      vertex 87.06 109.8961111111111 1.29
      vertex 87.06 109.89999999999999 1.2899999999999998
      vertex 87.06 109.89999999999999 2.0999999999999996
    endloop
  endfacet
  facet normal 0 1 0
    outer loop
      vertex 87.06 109.89999999999999 1.2899999999999998
      vertex 86.7951219512195 109.89999999999999 2.0999999999999996
      vertex 87.05 109.89999999999999 2.0999999999999996
    endloop
  endfacet
  facet normal 1 0 0
    outer loop
      vertex 87.06 109.8961111111111 1.29
      vertex 87.06 109.89999999999999 2.0999999999999996
      vertex 87.06 109.8961111111111 2.0999999999999996
    endloop
  endfacet
  facet normal 0 1 0
    outer loop
      vertex 87.06 109.89999999999999 1.2899999999999998
      vertex 87.05 109.89999999999999 2.0999999999999996
      vertex 87.06 109.89999999999999 2.0999999999999996
    endloop
  endfacet
  facet normal 0 0 1
    outer loop
      vertex 87.06 109.8961111111111 2.0999999999999996
      vertex 87.06 109.89999999999999 2.0999999999999996
      vertex 87.05 109.89999999999999 2.0999999999999996
    endloop
  endfacet
  facet normal 0 0 -1
    outer loop
      vertex 90.3928571428571 108.05979955456569 1.29
      vertex 90.75643683176955 108.22953305694959 1.29
      vertex 91.22839235972933 108.12493036211698 1.29
    endloop
  endfacet
  facet normal 0 0 -1
    outer loop
      vertex 87.06 108.6 1.29
      vertex 87.06 109.8961111111111 1.29
      vertex 90.3928571428571 108.60000000000001 1.29
    endloop
  endfacet
  facet normal 0.3624462611549475 0.9320046715412963 0
    outer loop
      vertex 87.06 109.8961111111111 1.29
      vertex 87.06 109.8961111111111 2.0999999999999996
      vertex 90.3928571428571 108.60000000000001 1.29
    endloop
  endfacet
  facet normal 0 0 -1
    outer loop
      vertex 90.3928571428571 107.8 1.29
      vertex 91.22839235972933 108.12493036211698 1.29
      vertex 91.55 107.8 1.29
    endloop
  endfacet
  facet normal 0 0 -1
    outer loop
      vertex 90.75643683176955 108.22953305694959 1.29
      vertex 91.42142857142855 108.2 1.29
      vertex 91.55 108.14999999999999 1.29
    endloop
  endfacet
  facet normal 0 0 -1
    outer loop
      vertex 90.75643683176955 108.22953305694959 1.29
      vertex 91.55 108.14999999999999 1.29
      vertex 91.22839235972933 108.12493036211698 1.29
    endloop
  endfacet
  facet normal 0 0 -1
    outer loop
      vertex 91.22839235972933 108.12493036211698 1.29
      vertex 91.55 108.14999999999999 1.29
      vertex 91.55 107.8 1.29
    endloop
  endfacet
  facet normal 0 -1 0
    outer loop
      vertex 90.3928571428571 107.8 1.29
      vertex 91.55 107.8 1.29
      vertex 91.55 107.8 2.1100000000000003
    endloop
  endfacet
  facet normal 1 0 0
    outer loop
      vertex 91.55 107.8 1.29
      vertex 91.55 108.14999999999999 1.29
      vertex 91.55 107.8 2.1100000000000003
    endloop
  endfacet
  facet normal 0.3624462611549733 0.9320046715412863 0
    outer loop
      vertex 91.42142857142855 108.2 1.29
      vertex 91.42142857142855 108.2 2.1100000000000003
      vertex 91.55 108.14999999999999 1.29
    endloop
  endfacet
  facet normal 0 0 1
    outer loop
      vertex 66.25 107.81004784688994 2.1100000000000003
      vertex 73.15169812876115 108.50351990767456 2.1100000000000003
      vertex 66.25 109.89999999999999 2.1100000000000003
    endloop
  endfacet
  facet normal 0 1 0
    outer loop
      vertex 66.25 109.89999999999999 1.2939234449760766
      vertex 66.25 109.89999999999999 2.1100000000000003
      vertex 86.7951219512195 109.89999999999999 2.0999999999999996
    endloop
  endfacet
  facet normal 0 0 1
    outer loop
      vertex 66.25 109.89999999999999 2.1100000000000003
      vertex 73.15169812876115 108.50351990767456 2.1100000000000003
      vertex 87.05 109.89999999999999 2.1100000000000003
    endloop
  endfacet
  facet normal 0 1 0
    outer loop
      vertex 66.25 109.89999999999999 2.1100000000000003
      vertex 87.05 109.89999999999999 2.1100000000000003
      vertex 86.7951219512195 109.89999999999999 2.0999999999999996
    endloop
  endfacet
  facet normal 0 -1 0
    outer loop
      vertex 90.3928571428571 107.8 1.29
      vertex 91.55 107.8 2.1100000000000003
      vertex 90.3928571428571 107.8 2.1100000000000003
    endloop
  endfacet
  facet normal 0.36244626115484174 0.9320046715413374 -4.859097006510281e-13
    outer loop
      vertex 90.3928571428571 108.60000000000001 1.29
      vertex 87.06 109.8961111111111 2.0999999999999996
      vertex 87.05 109.89999999999999 2.1100000000000003
    endloop
  endfacet
  facet normal 0.3624462611549484 0.932004671541296 0
    outer loop
      vertex 90.3928571428571 108.60000000000001 1.29
      vertex 87.05 109.89999999999999 2.1100000000000003
      vertex 90.3928571428571 108.60000000000001 2.1100000000000003
    endloop
  endfacet
  facet normal 0 0 1
    outer loop
      vertex 73.15169812876115 108.50351990767456 2.1100000000000003
      vertex 90.70976476353832 108.19210977701545 2.1100000000000003
      vertex 87.05 109.89999999999999 2.1100000000000003
    endloop
  endfacet
  facet normal 0 0 1
    outer loop
      vertex 85.01857142857118 107.8 2.1100000000000003
      vertex 90.3928571428571 107.8 2.1100000000000003
      vertex 90.70976476353832 108.19210977701545 2.1100000000000003
    endloop
  endfacet
  facet normal 0 0 1
    outer loop
      vertex 90.3928571428571 107.8 2.1100000000000003
      vertex 91.55 107.8 2.1100000000000003
      vertex 90.70976476353832 108.19210977701545 2.1100000000000003
    endloop
  endfacet
  facet normal 0 1 0
    outer loop
      vertex 86.7951219512195 109.89999999999999 2.0999999999999996
      vertex 87.05 109.89999999999999 2.1100000000000003
      vertex 87.05 109.89999999999999 2.0999999999999996
    endloop
  endfacet
  facet normal 0.362446261155268 0.9320046715411717 -1.0913200371308848e-17
    outer loop
      vertex 87.06 109.8961111111111 2.0999999999999996
      vertex 87.05 109.89999999999999 2.0999999999999996
      vertex 87.05 109.89999999999999 2.1100000000000003
    endloop
  endfacet
  facet normal 0 0 1
    outer loop
      vertex 90.55637496377858 108.26369168356999 2.1100000000000003
      vertex 90.3928571428571 108.60000000000001 2.1100000000000003
      vertex 87.05 109.89999999999999 2.1100000000000003
    endloop
  endfacet
  facet normal 0 0 -1
    outer loop
      vertex 90.55637496377858 108.26369168356999 2.1100000000000003
      vertex 87.05 109.89999999999999 2.1100000000000003
      vertex 90.70976476353832 108.19210977701545 2.1100000000000003
    endloop
  endfacet
  facet normal 1 0 0
    outer loop
      vertex 91.55 108.14999999999999 1.29
      vertex 91.55 108.14999999999999 2.1100000000000003
      vertex 91.55 107.8 2.1100000000000003
    endloop
  endfacet
  facet normal 0.3624462611549733 0.9320046715412863 0
    outer loop
      vertex 91.55 108.14999999999999 1.29
      vertex 91.42142857142855 108.2 2.1100000000000003
      vertex 91.55 108.14999999999999 2.1100000000000003
    endloop
  endfacet
  facet normal 0 0 1
    outer loop
      vertex 90.70976476353832 108.19210977701545 2.1100000000000003
      vertex 91.55 107.8 2.1100000000000003
      vertex 91.33155757286187 108.23494983277592 2.1100000000000003
    endloop
  endfacet
  facet normal 0 0 1
    outer loop
      vertex 91.55 107.8 2.1100000000000003
      vertex 91.55 108.14999999999999 2.1100000000000003
      vertex 91.42142857142855 108.2 2.1100000000000003
    endloop
  endfacet
  facet normal 0 0 1
    outer loop
      vertex 91.55 107.8 2.1100000000000003
      vertex 91.42142857142855 108.2 2.1100000000000003
      vertex 91.33155757286187 108.23494983277592 2.1100000000000003
    endloop
  endfacet
  facet normal 0 1 0
    outer loop
      vertex 66.25 121.8 0.6
      vertex 66.25 121.8 1.2899999999999998
      vertex 87.06 121.8 0.6
    endloop
  endfacet
  facet normal 1 0 0
    outer loop
      vertex 87.06 121 0.6
      vertex 87.06 121.8 0.6
      vertex 87.06 121 1.29
    endloop
  endfacet
  facet normal 0 1 0
    outer loop
      vertex 87.06 121.8 0.6
      vertex 66.25 121.8 1.2899999999999998
      vertex 87.06 121.8 1.29
    endloop
  endfacet
  facet normal 0 -1.7080354225002444e-16 -1
    outer loop
      vertex 66.25 119.7 1.29
      vertex 66.25 121 1.2899999999999998
      vertex 87.05 119.7 1.29
    endloop
  endfacet
  facet normal 3.566859171578075e-15 5.709718412349223e-14 -1
    outer loop
      vertex 66.25 121 1.2899999999999998
      vertex 87.06 119.7038888888889 1.29
      vertex 87.06 119.7 1.2899999999999998
    endloop
  endfacet
  facet normal -2.220446049249444e-14 -3.554421714221618e-13 -1
    outer loop
      vertex 66.25 121 1.2899999999999998
      vertex 87.06 119.7 1.2899999999999998
      vertex 87.05 119.7 1.29
    endloop
  endfacet
  facet normal 1.0670091538925098e-17 0 -1
    outer loop
      vertex 66.25 121 1.2899999999999998
      vertex 87.06 121 1.29
      vertex 87.06 119.7038888888889 1.29
    endloop
  endfacet
  facet normal 0 -1 0
    outer loop
      vertex 87.06 119.7 1.2899999999999998
      vertex 87.05 119.7 2.0996126255380196
      vertex 87.05 119.7 1.29
    endloop
  endfacet
  facet normal 1 0 0
    outer loop
      vertex 87.06 119.7 1.2899999999999998
      vertex 87.06 119.7038888888889 1.29
      vertex 87.06 119.7038888888889 2.0999999999999996
    endloop
  endfacet
  facet normal 0 -1 0
    outer loop
      vertex 76.66660973376533 119.7 1.6973866037470065
      vertex 87.05 119.7 2.0996126255380196
      vertex 66.4048780487805 119.7 2.0999999999999996
    endloop
  endfacet
  facet normal 0 -1 0
    outer loop
      vertex 66.4048780487805 119.7 2.0999999999999996
      vertex 87.05 119.7 2.0996126255380196
      vertex 87.05 119.7 2.0999999999999996
    endloop
  endfacet
  facet normal 0 -1 0
    outer loop
      vertex 87.06 119.7 1.2899999999999998
      vertex 87.06 119.7 2.0999999999999996
      vertex 87.05 119.7 2.0996126255380196
    endloop
  endfacet
  facet normal 1 0 0
    outer loop
      vertex 87.06 119.7 1.2899999999999998
      vertex 87.06 119.7038888888889 2.0999999999999996
      vertex 87.06 119.7 2.0999999999999996
    endloop
  endfacet
  facet normal 0 -1 0
    outer loop
      vertex 87.05 119.7 2.0996126255380196
      vertex 87.06 119.7 2.0999999999999996
      vertex 87.05 119.7 2.0999999999999996
    endloop
  endfacet
  facet normal 0 0 1
    outer loop
      vertex 87.06 119.7 2.0999999999999996
      vertex 87.06 119.7038888888889 2.0999999999999996
      vertex 87.05 119.7 2.0999999999999996
    endloop
  endfacet
  facet normal 0 -1 0
    outer loop
      vertex 66.25 119.7 1.29
      vertex 76.66660973376533 119.7 1.6973866037470065
      vertex 66.4048780487805 119.7 2.0999999999999996
    endloop
  endfacet
  facet normal 0 0 -1
    outer loop
      vertex 87.06 119.7038888888889 1.29
      vertex 87.06 121 1.29
      vertex 89.83635038430955 121 1.29
    endloop
  endfacet
  facet normal 0 0 -1
    outer loop
      vertex 87.06 121 1.29
      vertex 87.06 121.8 1.29
      vertex 89.93359999999997 121.51199999999999 1.29
    endloop
  endfacet
  facet normal 0 0 -1
    outer loop
      vertex 87.06 119.7038888888889 1.29
      vertex 89.83635038430955 121 1.29
      vertex 90.39285714285714 121 1.29
    endloop
  endfacet
  facet normal 0 0 -1
    outer loop
      vertex 87.06 121 1.29
      vertex 90.39285714285714 121.2597995545657 1.29
      vertex 89.83635038430955 121 1.29
    endloop
  endfacet
  facet normal 0 0 -1
    outer loop
      vertex 90.39285714285714 121.8 1.29
      vertex 91.55 121.8 1.29
      vertex 91.02413244650086 121.554504048583 1.29
    endloop
  endfacet
  facet normal 0 -1 0
    outer loop
      vertex 66.25 119.7 1.29
      vertex 87.05 119.7 1.29
      vertex 76.66660973376533 119.7 1.6973866037470065
    endloop
  endfacet
  facet normal 0 -1 0
    outer loop
      vertex 87.05 119.7 1.29
      vertex 87.05 119.7 2.0996126255380196
      vertex 76.66660973376533 119.7 1.6973866037470065
    endloop
  endfacet
  facet normal 0.3624462611549469 -0.9320046715412965 1.1674898731476317e-16
    outer loop
      vertex 87.06 119.7038888888889 1.29
      vertex 90.39285714285714 121 1.29
      vertex 90.39285714285714 121 2.1100000000000003
    endloop
  endfacet
  facet normal 0 1 0
    outer loop
      vertex 90.39285714285714 121.8 1.29
      vertex 90.39285714285714 121.8 2.1100000000000003
      vertex 91.55 121.8 1.29
    endloop
  endfacet
  facet normal 0 0 -1
    outer loop
      vertex 91.42142857142855 121.4 1.29
      vertex 91.02413244650086 121.554504048583 1.29
      vertex 91.55 121.8 1.29
    endloop
  endfacet
  facet normal 0 0 -1
    outer loop
      vertex 91.42142857142855 121.4 1.29
      vertex 91.55 121.8 1.29
      vertex 91.55 121.45 1.29
    endloop
  endfacet
  facet normal 0.3624462611548838 -0.9320046715413212 -7.886684802075379e-19
    outer loop
      vertex 91.42142857142855 121.4 1.29
      vertex 91.55 121.45 1.29
      vertex 91.55 121.45 2.1100000000000003
    endloop
  endfacet
  facet normal 1 0 0
    outer loop
      vertex 91.55 121.45 1.29
      vertex 91.55 121.8 1.29
      vertex 91.55 121.45 2.1100000000000003
    endloop
  endfacet
  facet normal 0 -1 0
    outer loop
      vertex 66.25 119.7 1.29
      vertex 66.4048780487805 119.7 2.0999999999999996
      vertex 66.25 119.7 2.1100000000000003
    endloop
  endfacet
  facet normal 0 0 1
    outer loop
      vertex 66.25 119.7 2.1100000000000003
      vertex 74.11190476190475 121.8 2.1100000000000003
      vertex 66.25 121.01004784688995 2.1100000000000003
    endloop
  endfacet
  facet normal 0 -1 0
    outer loop
      vertex 66.4048780487805 119.7 2.0999999999999996
      vertex 87.05 119.7 2.1100000000000003
      vertex 66.25 119.7 2.1100000000000003
    endloop
  endfacet
  facet normal 0 0 1
    outer loop
      vertex 66.25 119.7 2.1100000000000003
      vertex 89.83571428571429 121.8 2.1100000000000003
      vertex 74.11190476190475 121.8 2.1100000000000003
    endloop
  endfacet
  facet normal 0 -1 0
    outer loop
      vertex 66.4048780487805 119.7 2.0999999999999996
      vertex 87.05 119.7 2.0999999999999996
      vertex 87.05 119.7 2.1100000000000003
    endloop
  endfacet
  facet normal 0 0 1
    outer loop
      vertex 66.25 119.7 2.1100000000000003
      vertex 87.05 119.7 2.1100000000000003
      vertex 90.39285714285714 121 2.1100000000000003
    endloop
  endfacet
  facet normal 0.3624462611549468 -0.9320046715412964 0
    outer loop
      vertex 87.06 119.7038888888889 1.29
      vertex 90.39285714285714 121 2.1100000000000003
      vertex 87.06 119.7038888888889 2.0999999999999996
    endloop
  endfacet
  facet normal 0 0 1
    outer loop
      vertex 66.25 119.7 2.1100000000000003
      vertex 90.39285714285714 121 2.1100000000000003
      vertex 91.02402597402596 121.24545454545455 2.1100000000000003
    endloop
  endfacet
  facet normal 0 0 1
    outer loop
      vertex 66.25 119.7 2.1100000000000003
      vertex 91.55 121.45 2.1100000000000003
      vertex 89.83571428571429 121.8 2.1100000000000003
    endloop
  endfacet
  facet normal 0 0 1
    outer loop
      vertex 66.25 119.7 2.1100000000000003
      vertex 91.02402597402596 121.24545454545455 2.1100000000000003
      vertex 91.42142857142855 121.4 2.1100000000000003
    endloop
  endfacet
  facet normal 0 0 1
    outer loop
      vertex 66.25 119.7 2.1100000000000003
      vertex 91.42142857142855 121.4 2.1100000000000003
      vertex 91.55 121.45 2.1100000000000003
    endloop
  endfacet
  facet normal 0.362446261155268 -0.9320046715411717 -1.2320087807575462e-10
    outer loop
      vertex 87.05 119.7 2.0999999999999996
      vertex 87.06 119.7038888888889 2.0999999999999996
      vertex 90.39285714285714 121 2.1100000000000003
    endloop
  endfacet
  facet normal 0.3624462611549478 -0.9320046715412962 0
    outer loop
      vertex 87.05 119.7 2.0999999999999996
      vertex 90.39285714285714 121 2.1100000000000003
      vertex 87.05 119.7 2.1100000000000003
    endloop
  endfacet
  facet normal 0 0 1
    outer loop
      vertex 89.83571428571429 121.8 2.1100000000000003
      vertex 91.55 121.45 2.1100000000000003
      vertex 90.39285714285714 121.8 2.1100000000000003
    endloop
  endfacet
  facet normal 0.3624462611548838 -0.9320046715413212 0
    outer loop
      vertex 91.42142857142855 121.4 1.29
      vertex 91.55 121.45 2.1100000000000003
      vertex 91.42142857142855 121.4 2.1100000000000003
    endloop
  endfacet
  facet normal 0 1 0
    outer loop
      vertex 91.55 121.8 1.29
      vertex 90.39285714285714 121.8 2.1100000000000003
      vertex 91.55 121.8 2.1100000000000003
    endloop
  endfacet
  facet normal 1 0 0
    outer loop
      vertex 91.55 121.8 1.29
      vertex 91.55 121.8 2.1100000000000003
      vertex 91.55 121.45 2.1100000000000003
    endloop
  endfacet
  facet normal 0 0 1
    outer loop
      vertex 90.39285714285714 121.8 2.1100000000000003
      vertex 91.55 121.45 2.1100000000000003
      vertex 91.55 121.8 2.1100000000000003
    endloop
  endfacet
  facet normal 0 -1 0
    outer loop
      vertex 94.85 107.80000000000001 0.6
      vertex 100.85 107.80000000000001 0.6
      vertex 94.85 107.80000000000001 1.4
    endloop
  endfacet
  facet normal 0 -1 0
    outer loop
      vertex 100.85 107.80000000000001 0.6
      vertex 100.85 107.80000000000001 1.4
      vertex 94.85 107.80000000000001 1.4
    endloop
  endfacet
  facet normal 0 0 1
    outer loop
      vertex 94.85 107.80000000000001 1.4
      vertex 100.85 107.80000000000001 1.4
      vertex 94.85 108.60000000000001 1.4
    endloop
  endfacet
  facet normal 0 1 0
    outer loop
      vertex 94.85 121.8 0.6
      vertex 100.85 121.8 1.4
      vertex 100.85 121.8 0.6
    endloop
  endfacet
  facet normal 0 1 0
    outer loop
      vertex 94.85 121.8 0.6
      vertex 94.85 121.8 1.4
      vertex 100.85 121.8 1.4
    endloop
  endfacet
  facet normal 0 0 1
    outer loop
      vertex 94.85 121.4 1.4
      vertex 100.85 121 1.4
      vertex 94.85 121.8 1.4
    endloop
  endfacet
  facet normal 0 0 1
    outer loop
      vertex 94.85 121.8 1.4
      vertex 100.85 121 1.4
      vertex 100.85 121.8 1.4
    endloop
  endfacet
  facet normal -1 0 0
    outer loop
      vertex 100.85 107.80000000000001 1.4
      vertex 100.85 108.60000000000001 2.63
      vertex 100.85 108.60000000000001 1.4
    endloop
  endfacet
  facet normal -1 0 0
    outer loop
      vertex 100.85 107.80000000000001 1.4
      vertex 100.85 107.80000000000003 2.630000000000001
      vertex 100.85 108.60000000000001 2.6499999999999995
    endloop
  endfacet
  facet normal -1 0 0
    outer loop
      vertex 100.85 107.80000000000001 1.4
      vertex 100.85 108.60000000000001 2.6499999999999995
      vertex 100.85 108.60000000000001 2.63
    endloop
  endfacet
  facet normal -1 0 0
    outer loop
      vertex 100.85 107.80000000000003 2.630000000000001
      vertex 100.85 107.80000000000001 2.6499999999999995
      vertex 100.85 108.60000000000001 2.6499999999999995
    endloop
  endfacet
  facet normal 9.43764394844631e-17 -1 1.155354041886341e-14
    outer loop
      vertex 100.85 107.80000000000001 1.4
      vertex 198.7858024691358 107.80000000000001 0.6
      vertex 100.85 107.80000000000003 2.630000000000001
    endloop
  endfacet
  facet normal 0 -1 7.000421041971415e-15
    outer loop
      vertex 100.85 107.80000000000003 2.630000000000001
      vertex 198.7858024691358 107.80000000000001 0.6
      vertex 200 107.80000000000001 0.6
    endloop
  endfacet
  facet normal 0 1 0
    outer loop
      vertex 100.85 108.60000000000001 1.4
      vertex 100.85 108.60000000000001 2.63
      vertex 200 108.60000000000001 2.6298759580475997
    endloop
  endfacet
  facet normal -2.8665365033186093e-16 -1 -7.000421041971431e-15
    outer loop
      vertex 100.85 107.80000000000003 2.630000000000001
      vertex 200 107.80000000000001 0.6
      vertex 200 107.8 2.63
    endloop
  endfacet
  facet normal 0 1 0
    outer loop
      vertex 100.85 108.60000000000001 2.63
      vertex 200 108.60000000000001 2.63
      vertex 200 108.60000000000001 2.6298759580475997
    endloop
  endfacet
  facet normal -1 0 0
    outer loop
      vertex 100.85 108.60000000000001 2.63
      vertex 100.85 108.60000000000001 2.6499999999999995
      vertex 100.85 109.89999999999999 2.63
    endloop
  endfacet
  facet normal -1 0 0
    outer loop
      vertex 100.85 109.89999999999999 2.63
      vertex 100.85 108.60000000000001 2.6499999999999995
      vertex 100.85 109.89999999999999 3.44
    endloop
  endfacet
  facet normal -1 0 0
    outer loop
      vertex 100.85 108.60000000000001 2.6499999999999995
      vertex 100.85 108.60000000000001 3.44
      vertex 100.85 109.89999999999999 3.44
    endloop
  endfacet
  facet normal 0 0 1
    outer loop
      vertex 100.85 108.60000000000001 3.44
      vertex 162.23476190476126 108.60000000000001 3.44
      vertex 100.85 109.89999999999999 3.44
    endloop
  endfacet
  facet normal 0 0 -1
    outer loop
      vertex 100.85 108.60000000000001 2.63
      vertex 100.85 109.89999999999999 2.63
      vertex 200 108.60000000000001 2.63
    endloop
  endfacet
  facet normal 0 1 0
    outer loop
      vertex 100.85 109.89999999999999 2.63
      vertex 100.85 109.89999999999999 3.44
      vertex 200 109.89999999999999 2.63
    endloop
  endfacet
  facet normal 0 0 1
    outer loop
      vertex 100.85 109.89999999999999 3.44
      vertex 162.23476190476126 108.60000000000001 3.44
      vertex 200 109.89999999999999 3.44
    endloop
  endfacet
  facet normal 0 0 -1
    outer loop
      vertex 100.85 109.89999999999999 2.63
      vertex 200 109.89999999999999 2.63
      vertex 200 108.60000000000001 2.63
    endloop
  endfacet
  facet normal 0 1 0
    outer loop
      vertex 100.85 109.89999999999999 3.44
      vertex 200 109.89999999999999 3.44
      vertex 200 109.89999999999999 2.63
    endloop
  endfacet
  facet normal 0 0 1
    outer loop
      vertex 162.23476190476126 108.60000000000001 3.44
      vertex 200 107.80021177894312 3.44
      vertex 200 109.89999999999999 3.44
    endloop
  endfacet
  facet normal 0 -1 0
    outer loop
      vertex 100.85 121 0.6
      vertex 100.86188541292101 121 0.6
      vertex 100.85 121 1.4
    endloop
  endfacet
  facet normal 0 -1 0
    outer loop
      vertex 100.86188541292101 121 0.6
      vertex 103.2167532467532 121 2.5813092313092323
      vertex 100.85 121 1.4
    endloop
  endfacet
  facet normal 0 -1 0
    outer loop
      vertex 100.85 121 1.4
      vertex 103.2167532467532 121 2.5813092313092323
      vertex 100.85 121 2.63
    endloop
  endfacet
  facet normal 0 -1 0
    outer loop
      vertex 103.2167532467532 121 2.5813092313092323
      vertex 199.52392156862743 121 0.6
      vertex 200 121 0.6
    endloop
  endfacet
  facet normal 0 -1 0
    outer loop
      vertex 103.2167532467532 121 2.5813092313092323
      vertex 200 121 2.63
      vertex 100.85 121 2.63
    endloop
  endfacet
  facet normal 0 -1 0
    outer loop
      vertex 103.2167532467532 121 2.5813092313092323
      vertex 200 121 0.6
      vertex 200 121 2.63
    endloop
  endfacet
  facet normal -1 0 0
    outer loop
      vertex 100.85 119.7 2.63
      vertex 100.85 121 2.6499999999999995
      vertex 100.85 121 2.63
    endloop
  endfacet
  facet normal -1 0 0
    outer loop
      vertex 100.85 119.7 2.63
      vertex 100.85 119.7 3.44
      vertex 100.85 121 2.6499999999999995
    endloop
  endfacet
  facet normal -1 0 0
    outer loop
      vertex 100.85 121 2.6499999999999995
      vertex 100.85 119.7 3.44
      vertex 100.85 121 3.44
    endloop
  endfacet
  facet normal -1 0 0
    outer loop
      vertex 100.85 121.8 2.6499999999999995
      vertex 100.85 121.4 3.045
      vertex 100.85 121.8 3.44
    endloop
  endfacet
  facet normal -1 0 0
    outer loop
      vertex 100.85 121 3.44
      vertex 100.85 121.8 3.44
      vertex 100.85 121.46535552193646 3.3109228441754914
    endloop
  endfacet
  facet normal -1 0 0
    outer loop
      vertex 100.85 121.4 3.045
      vertex 100.85 121.46535552193646 3.3109228441754914
      vertex 100.85 121.8 3.44
    endloop
  endfacet
  facet normal 0 0 -1
    outer loop
      vertex 100.85 119.7 2.63
      vertex 100.85 121 2.63
      vertex 200 119.7 2.63
    endloop
  endfacet
  facet normal 0 -1 0
    outer loop
      vertex 100.85 119.7 2.63
      vertex 200 119.7 3.44
      vertex 100.85 119.7 3.44
    endloop
  endfacet
  facet normal 0 0 1
    outer loop
      vertex 100.85 119.7 3.44
      vertex 200 121.8 3.44
      vertex 100.85 121 3.44
    endloop
  endfacet
  facet normal 0 0 1
    outer loop
      vertex 100.85 121 3.44
      vertex 200 121.8 3.44
      vertex 100.85 121.8 3.44
    endloop
  endfacet
  facet normal 0 0 -1
    outer loop
      vertex 100.85 121 2.63
      vertex 200 121 2.63
      vertex 200 119.7 2.63
    endloop
  endfacet
  facet normal 0 -1 0
    outer loop
      vertex 100.85 119.7 2.63
      vertex 200 119.7 2.63
      vertex 200 119.7 3.44
    endloop
  endfacet
  facet normal 0 0 1
    outer loop
      vertex 100.85 119.7 3.44
      vertex 200 119.7 3.44
      vertex 200 121.8 3.44
    endloop
  endfacet
  facet normal 1 0 0
    outer loop
      vertex 94.85 108.60000000000001 0.6
      vertex 94.85 121 0.6
      vertex 94.85 108.60000000000001 1.4
    endloop
  endfacet
  facet normal -1 0 0
    outer loop
      vertex 93.65 107.80883977900552 0.6
      vertex 93.65 121 1.4683823529411764
      vertex 93.65 121 0.6
    endloop
  endfacet
  facet normal 1 0 0
    outer loop
      vertex 94.85 121 0.6
      vertex 94.85 121 1.4
      vertex 94.85 108.60000000000001 1.4
    endloop
  endfacet
  facet normal -1 0 0
    outer loop
      vertex 93.65 107.80883977900552 0.6
      vertex 93.65 108.60000000000001 1.4949999999999999
      vertex 93.65 121.38823529411765 2.346764705882353
    endloop
  endfacet
  facet normal 1 0 0
    outer loop
      vertex 94.85 107.80000000000001 1.4
      vertex 94.85 108.60000000000001 1.4
      vertex 94.85 108.2 1.8999999999999955
    endloop
  endfacet
  facet normal 1 0 0
    outer loop
      vertex 94.85 108.60000000000001 1.4
      vertex 94.85 121 1.4
      vertex 94.85 108.60000000000001 1.9
    endloop
  endfacet
  facet normal -1 0 0
    outer loop
      vertex 93.65 107.80883977900552 0.6
      vertex 93.65 121.38823529411765 2.346764705882353
      vertex 93.65 121 1.4683823529411764
    endloop
  endfacet
  facet normal 1 0 0
    outer loop
      vertex 94.85 121 1.4
      vertex 94.85 121.4 1.4
      vertex 94.85 121.26666666666667 1.7333333333333332
    endloop
  endfacet
  facet normal 1 0 0
    outer loop
      vertex 94.85 121 1.4
      vertex 94.85 121.26666666666667 1.7333333333333332
      vertex 94.85 121 1.9
    endloop
  endfacet
  facet normal 1 0 0
    outer loop
      vertex 94.85 108.60000000000001 1.4
      vertex 94.85 108.60000000000001 1.9
      vertex 94.85 108.2 1.8999999999999955
    endloop
  endfacet
  facet normal 1 0 0
    outer loop
      vertex 94.85 121 1.4
      vertex 94.85 108.60000000000001 2.3393939393939385
      vertex 94.85 108.60000000000001 1.9
    endloop
  endfacet
  facet normal -1 0 0
    outer loop
      vertex 93.65 108.60000000000001 1.4949999999999999
      vertex 93.65 108.60000000000001 2.4
      vertex 93.65 121 2.4
    endloop
  endfacet
  facet normal 1 0 0
    outer loop
      vertex 94.85 121 1.4
      vertex 94.85 121 1.9
      vertex 94.85 108.60000000000001 2.3393939393939385
    endloop
  endfacet
  facet normal -1 0 0
    outer loop
      vertex 93.65 108.60000000000001 1.4949999999999999
      vertex 93.65 121 2.4
      vertex 93.65 121.38823529411765 2.346764705882353
    endloop
  endfacet
  facet normal 1 0 0
    outer loop
      vertex 94.85 108.60000000000001 2.3393939393939385
      vertex 94.85 121 2.4
      vertex 94.85 108.57714285714287 2.371428571428571
    endloop
  endfacet
  facet normal 0 0 1
    outer loop
      vertex 93.65 108.60000000000001 2.4
      vertex 94.78142857142856 108.60000000000001 2.4
      vertex 93.65 121 2.4
    endloop
  endfacet
  facet normal 1 0 0
    outer loop
      vertex 94.85 108.57714285714287 2.371428571428571
      vertex 94.85 121 2.4
      vertex 94.85 108.2 2.4
    endloop
  endfacet
  facet normal 0 0 1
    outer loop
      vertex 94.85 108.2 2.4
      vertex 94.85 121 2.4
      vertex 94.78142857142856 108.60000000000001 2.4
    endloop
  endfacet
  facet normal 1 0 0
    outer loop
      vertex 94.85 121 1.9
      vertex 94.85 121 2.4
      vertex 94.85 108.60000000000001 2.3393939393939385
    endloop
  endfacet
  facet normal 1 0 0
    outer loop
      vertex 94.85 121.75428571428571 2.342857142857143
      vertex 94.85 121.8 2.3705882352941177
      vertex 94.85 121.8 2.4
    endloop
  endfacet
  facet normal 0 0 1
    outer loop
      vertex 94.78142857142856 108.60000000000001 2.4
      vertex 94.85 121 2.4
      vertex 93.65 121 2.4
    endloop
  endfacet
  facet normal 0 0 1
    outer loop
      vertex 94.85 121 2.4
      vertex 94.85 121.4 2.4
      vertex 94.78142857142856 121.8 2.4
    endloop
  endfacet
  facet normal 1 0 0
    outer loop
      vertex 94.85 121.75428571428571 2.342857142857143
      vertex 94.85 121.8 2.4
      vertex 94.85 121.4 2.4
    endloop
  endfacet
  facet normal 0 0 1
    outer loop
      vertex 94.85 121.4 2.4
      vertex 94.85 121.8 2.4
      vertex 94.78142857142856 121.8 2.4
    endloop
  endfacet
  facet normal 0 -1 0
    outer loop
      vertex 66.25 121 0.6
      vertex 87.06 121 0.6
      vertex 87.06 121 1.29
    endloop
  endfacet
  facet normal 0 -1 0
    outer loop
      vertex 66.25 121 0.6
      vertex 87.06 121 1.29
      vertex 66.25 121 1.2899999999999998
    endloop
  endfacet
  facet normal 1 0 0
    outer loop
      vertex 87.06 121.8 0.6
      vertex 87.06 121.8 1.29
      vertex 87.06 121 1.29
    endloop
  endfacet
  facet normal 1.0670091538925098e-17 1.7080354225002446e-16 -1
    outer loop
      vertex 66.25 121.8 1.2899999999999998
      vertex 66.25 123.1 1.29
      vertex 87.06 121.8 1.29
    endloop
  endfacet
  facet normal 0 0 -1
    outer loop
      vertex 66.25 123.1 1.29
      vertex 87.06 123.0961111111111 1.29
      vertex 87.06 121.8 1.29
    endloop
  endfacet
  facet normal -1.0670091538925098e-17 -5.709718412349232e-14 -1
    outer loop
      vertex 66.25 123.1 1.29
      vertex 87.06 123.1 1.2899999999999998
      vertex 87.06 123.0961111111111 1.29
    endloop
  endfacet
  facet normal 0 1 0
    outer loop
      vertex 66.25 123.1 1.29
      vertex 66.25 123.1 1.2939234449760766
      vertex 86.7951219512195 123.1 2.0999999999999996
    endloop
  endfacet
  facet normal 0 1 0
    outer loop
      vertex 66.25 123.1 1.29
      vertex 86.7951219512195 123.1 2.0999999999999996
      vertex 87.06 123.1 1.2899999999999998
    endloop
  endfacet
  facet normal 1 0 0
    outer loop
      vertex 87.06 123.0961111111111 1.29
      vertex 87.06 123.1 1.2899999999999998
      vertex 87.06 123.1 2.0999999999999996
    endloop
  endfacet
  facet normal 0 1 0
    outer loop
      vertex 87.06 123.1 1.2899999999999998
      vertex 86.7951219512195 123.1 2.0999999999999996
      vertex 87.05 123.1 2.0999999999999996
    endloop
  endfacet
  facet normal 1 0 0
    outer loop
      vertex 87.06 123.0961111111111 1.29
      vertex 87.06 123.1 2.0999999999999996
      vertex 87.06 123.0961111111111 2.0999999999999996
    endloop
  endfacet
  facet normal 0 1 0
    outer loop
      vertex 87.06 123.1 1.2899999999999998
      vertex 87.05 123.1 2.0999999999999996
      vertex 87.06 123.1 2.0999999999999996
    endloop
  endfacet
  facet normal 0 0 1
    outer loop
      vertex 87.06 123.0961111111111 2.0999999999999996
      vertex 87.06 123.1 2.0999999999999996
      vertex 87.05 123.1 2.0999999999999996
    endloop
  endfacet
  facet normal 0 0 -1
    outer loop
      vertex 87.06 121 1.29
      vertex 89.93359999999997 121.51199999999999 1.29
      vertex 90.39285714285714 121.2597995545657 1.29
    endloop
  endfacet
  facet normal 0 0 -1
    outer loop
      vertex 89.83635038430955 121 1.29
      vertex 90.39285714285714 121.2597995545657 1.29
      vertex 90.39285714285714 121 1.29
    endloop
  endfacet
  facet normal 0 0 -1
    outer loop
      vertex 90.39285714285714 121.2597995545657 1.29
      vertex 89.93359999999997 121.51199999999999 1.29
      vertex 91.55 121.35 1.29
    endloop
  endfacet
  facet normal 0 0 -1
    outer loop
      vertex 90.39285714285714 121 1.29
      vertex 90.39285714285714 121.2597995545657 1.29
      vertex 91.55 121 1.29
    endloop
  endfacet
  facet normal 0 0 -1
    outer loop
      vertex 89.93359999999997 121.51199999999999 1.29
      vertex 91.42142857142855 121.4 1.29
      vertex 91.55 121.35 1.29
    endloop
  endfacet
  facet normal 0 0 -1
    outer loop
      vertex 87.06 121.8 1.29
      vertex 87.06 123.0961111111111 1.29
      vertex 89.93359999999997 121.51199999999999 1.29
    endloop
  endfacet
  facet normal 0 0 -1
    outer loop
      vertex 87.06 123.0961111111111 1.29
      vertex 90.39285714285714 121.8 1.29
      vertex 89.93359999999997 121.51199999999999 1.29
    endloop
  endfacet
  facet normal 0 0 -1
    outer loop
      vertex 89.93359999999997 121.51199999999999 1.29
      vertex 90.39285714285714 121.8 1.29
      vertex 91.02413244650086 121.554504048583 1.29
    endloop
  endfacet
  facet normal 0 0 -1
    outer loop
      vertex 89.93359999999997 121.51199999999999 1.29
      vertex 91.02413244650086 121.554504048583 1.29
      vertex 91.42142857142855 121.4 1.29
    endloop
  endfacet
  facet normal 0 -1 0
    outer loop
      vertex 90.39285714285714 121 1.29
      vertex 91.55 121 1.29
      vertex 90.39285714285714 121 2.1100000000000003
    endloop
  endfacet
  facet normal 0.3624462611549469 0.9320046715412965 -1.1674898731476317e-16
    outer loop
      vertex 87.06 123.0961111111111 1.29
      vertex 90.39285714285714 121.8 2.1100000000000003
      vertex 90.39285714285714 121.8 1.29
    endloop
  endfacet
  facet normal 0 0 -1
    outer loop
      vertex 90.39285714285714 121.2597995545657 1.29
      vertex 91.55 121.35 1.29
      vertex 91.55 121 1.29
    endloop
  endfacet
  facet normal 1 0 0
    outer loop
      vertex 91.55 121 1.29
      vertex 91.55 121.35 1.29
      vertex 91.55 121 2.1100000000000003
    endloop
  endfacet
  facet normal 0.3624462611549733 0.9320046715412863 -3.1546739208300338e-18
    outer loop
      vertex 91.42142857142855 121.4 1.29
      vertex 91.55 121.35 2.1100000000000003
      vertex 91.55 121.35 1.29
    endloop
  endfacet
  facet normal 0 0 1
    outer loop
      vertex 66.25 121.01004784688995 2.1100000000000003
      vertex 74.11190476190475 121.8 2.1100000000000003
      vertex 66.25 123.1 2.1100000000000003
    endloop
  endfacet
  facet normal 0 1 0
    outer loop
      vertex 66.25 123.1 1.2939234449760766
      vertex 66.25 123.1 2.1100000000000003
      vertex 86.7951219512195 123.1 2.0999999999999996
    endloop
  endfacet
  facet normal 0 0 1
    outer loop
      vertex 66.25 123.1 2.1100000000000003
      vertex 74.11190476190475 121.8 2.1100000000000003
      vertex 87.05 123.1 2.1100000000000003
    endloop
  endfacet
  facet normal 0 1 0
    outer loop
      vertex 66.25 123.1 2.1100000000000003
      vertex 87.05 123.1 2.1100000000000003
      vertex 86.7951219512195 123.1 2.0999999999999996
    endloop
  endfacet
  facet normal 0.3624462611549468 0.9320046715412964 0
    outer loop
      vertex 87.06 123.0961111111111 1.29
      vertex 87.06 123.0961111111111 2.0999999999999996
      vertex 90.39285714285714 121.8 2.1100000000000003
    endloop
  endfacet
  facet normal 0 0 1
    outer loop
      vertex 74.11190476190475 121.8 2.1100000000000003
      vertex 89.83571428571429 121.8 2.1100000000000003
      vertex 87.05 123.1 2.1100000000000003
    endloop
  endfacet
  facet normal 0 0 1
    outer loop
      vertex 90.39285714285714 121 2.1100000000000003
      vertex 91.55 121 2.1100000000000003
      vertex 91.02402597402596 121.24545454545455 2.1100000000000003
    endloop
  endfacet
  facet normal 0 1 0
    outer loop
      vertex 86.7951219512195 123.1 2.0999999999999996
      vertex 87.05 123.1 2.1100000000000003
      vertex 87.05 123.1 2.0999999999999996
    endloop
  endfacet
  facet normal 0.362446261155268 0.9320046715411717 -1.0913200371308848e-17
    outer loop
      vertex 87.06 123.0961111111111 2.0999999999999996
      vertex 87.05 123.1 2.0999999999999996
      vertex 87.05 123.1 2.1100000000000003
    endloop
  endfacet
  facet normal 0.3624462611549478 0.9320046715412962 -3.6854135519425893e-13
    outer loop
      vertex 87.06 123.0961111111111 2.0999999999999996
      vertex 87.05 123.1 2.1100000000000003
      vertex 90.39285714285714 121.8 2.1100000000000003
    endloop
  endfacet
  facet normal 0 0 1
    outer loop
      vertex 87.05 123.1 2.1100000000000003
      vertex 89.83571428571429 121.8 2.1100000000000003
      vertex 90.39285714285714 121.8 2.1100000000000003
    endloop
  endfacet
  facet normal 0 -1 0
    outer loop
      vertex 91.55 121 1.29
      vertex 91.55 121 2.1100000000000003
      vertex 90.39285714285714 121 2.1100000000000003
    endloop
  endfacet
  facet normal 0.3624462611549733 0.9320046715412863 0
    outer loop
      vertex 91.42142857142855 121.4 1.29
      vertex 91.42142857142855 121.4 2.1100000000000003
      vertex 91.55 121.35 2.1100000000000003
    endloop
  endfacet
  facet normal 1 0 0
    outer loop
      vertex 91.55 121.35 1.29
      vertex 91.55 121.35 2.1100000000000003
      vertex 91.55 121 2.1100000000000003
    endloop
  endfacet
  facet normal 0 0 1
    outer loop
      vertex 91.02402597402596 121.24545454545455 2.1100000000000003
      vertex 91.55 121 2.1100000000000003
      vertex 91.42142857142855 121.4 2.1100000000000003
    endloop
  endfacet
  facet normal 0 0 1
    outer loop
      vertex 91.55 121 2.1100000000000003
      vertex 91.55 121.35 2.1100000000000003
      vertex 91.42142857142855 121.4 2.1100000000000003
    endloop
  endfacet
  facet normal 0 -1 0
    outer loop
      vertex 66.25 134.2 0.6
      vertex 87.06 134.2 0.6
      vertex 87.06 134.2 1.29
    endloop
  endfacet
  facet normal 0 1 0
    outer loop
      vertex 66.25 135 0.6
      vertex 87.06 135 1.29
      vertex 87.06 135 0.6
    endloop
  endfacet
  facet normal -1.365771716982412e-15 -1 4.119088323246956e-14
    outer loop
      vertex 66.25 134.2 0.6
      vertex 87.06 134.2 1.29
      vertex 66.25 134.20000000000002 1.2900000000000003
    endloop
  endfacet
  facet normal 0 1 0
    outer loop
      vertex 66.25 135 0.6
      vertex 66.25 135 1.2899999999999998
      vertex 87.06 135 1.29
    endloop
  endfacet
  facet normal 0 1.708035422500226e-16 -1
    outer loop
      vertex 66.25 132.9 1.29
      vertex 66.25 134.20000000000002 1.2900000000000003
      vertex 87.05 132.9 1.29
    endloop
  endfacet
  facet normal 3.5455189885002266e-15 5.709718412349164e-14 -1
    outer loop
      vertex 66.25 134.20000000000002 1.2900000000000003
      vertex 87.06 132.9038888888889 1.29
      vertex 87.06 132.9 1.2899999999999998
    endloop
  endfacet
  facet normal -2.220446049249323e-14 -3.5510056433763847e-13 -1
    outer loop
      vertex 66.25 134.20000000000002 1.2900000000000003
      vertex 87.06 132.9 1.2899999999999998
      vertex 87.05 132.9 1.29
    endloop
  endfacet
  facet normal -1.0670091538925097e-17 0 -1
    outer loop
      vertex 66.25 134.20000000000002 1.2900000000000003
      vertex 87.06 134.2 1.29
      vertex 87.06 132.9038888888889 1.29
    endloop
  endfacet
  facet normal 0 -1 0
    outer loop
      vertex 87.06 132.9 1.2899999999999998
      vertex 87.05 132.9 2.0996126255380196
      vertex 87.05 132.9 1.29
    endloop
  endfacet
  facet normal 1 0 0
    outer loop
      vertex 87.06 132.9 1.2899999999999998
      vertex 87.06 132.9038888888889 1.29
      vertex 87.06 132.9038888888889 2.0999999999999996
    endloop
  endfacet
  facet normal 0 -1 0
    outer loop
      vertex 76.66660973376533 132.9 1.6973866037470065
      vertex 87.05 132.9 2.0996126255380196
      vertex 66.4048780487805 132.9 2.0999999999999996
    endloop
  endfacet
  facet normal 0 -1 0
    outer loop
      vertex 66.4048780487805 132.9 2.0999999999999996
      vertex 87.05 132.9 2.0996126255380196
      vertex 87.05 132.9 2.0999999999999996
    endloop
  endfacet
  facet normal 0 -1 0
    outer loop
      vertex 87.06 132.9 1.2899999999999998
      vertex 87.06 132.9 2.0999999999999996
      vertex 87.05 132.9 2.0996126255380196
    endloop
  endfacet
  facet normal 1 0 0
    outer loop
      vertex 87.06 132.9 1.2899999999999998
      vertex 87.06 132.9038888888889 2.0999999999999996
      vertex 87.06 132.9 2.0999999999999996
    endloop
  endfacet
  facet normal 0 -1 0
    outer loop
      vertex 87.05 132.9 2.0996126255380196
      vertex 87.06 132.9 2.0999999999999996
      vertex 87.05 132.9 2.0999999999999996
    endloop
  endfacet
  facet normal 0 0 1
    outer loop
      vertex 87.06 132.9 2.0999999999999996
      vertex 87.06 132.9038888888889 2.0999999999999996
      vertex 87.05 132.9 2.0999999999999996
    endloop
  endfacet
  facet normal 0 -1 0
    outer loop
      vertex 66.25 132.9 1.29
      vertex 76.66660973376533 132.9 1.6973866037470065
      vertex 66.4048780487805 132.9 2.0999999999999996
    endloop
  endfacet
  facet normal 0 0 -1
    outer loop
      vertex 87.06 132.9038888888889 1.29
      vertex 87.06 134.2 1.29
      vertex 90.39285714285714 134.4597995545657 1.29
    endloop
  endfacet
  facet normal 0 0 -1
    outer loop
      vertex 87.06 132.9038888888889 1.29
      vertex 90.39285714285714 134.4597995545657 1.29
      vertex 90.39285714285714 134.2 1.29
    endloop
  endfacet
  facet normal 0 0 -1
    outer loop
      vertex 87.06 134.2 1.29
      vertex 90.75643683176958 134.62953305694958 1.29
      vertex 90.39285714285714 134.4597995545657 1.29
    endloop
  endfacet
  facet normal 0 0 -1
    outer loop
      vertex 90.39285714285714 134.2 1.29
      vertex 90.39285714285714 134.4597995545657 1.29
      vertex 91.22839235972938 134.524930362117 1.29
    endloop
  endfacet
  facet normal 0 0 -1
    outer loop
      vertex 87.06 134.2 1.29
      vertex 87.06 135 1.29
      vertex 90.39285714285714 135 1.29
    endloop
  endfacet
  facet normal 0 0 -1
    outer loop
      vertex 87.06 134.2 1.29
      vertex 90.39285714285714 135 1.29
      vertex 91.55 135 1.29
    endloop
  endfacet
  facet normal 0 0 -1
    outer loop
      vertex 87.06 134.2 1.29
      vertex 91.55 135 1.29
      vertex 90.75643683176958 134.62953305694958 1.29
    endloop
  endfacet
  facet normal 0 -1 0
    outer loop
      vertex 66.25 132.9 1.29
      vertex 87.05 132.9 1.29
      vertex 76.66660973376533 132.9 1.6973866037470065
    endloop
  endfacet
  facet normal 0 -1 0
    outer loop
      vertex 87.05 132.9 1.29
      vertex 87.05 132.9 2.0996126255380196
      vertex 76.66660973376533 132.9 1.6973866037470065
    endloop
  endfacet
  facet normal 0.36244626115494344 -0.9320046715412978 0
    outer loop
      vertex 87.06 132.9038888888889 1.29
      vertex 90.39285714285714 134.2 1.29
      vertex 87.06 132.9038888888889 2.0999999999999996
    endloop
  endfacet
  facet normal 0 0 -1
    outer loop
      vertex 90.75643683176958 134.62953305694958 1.29
      vertex 91.55 135 1.29
      vertex 91.42142857142855 134.6 1.29
    endloop
  endfacet
  facet normal 0 0 -1
    outer loop
      vertex 91.42142857142855 134.6 1.29
      vertex 91.55 135 1.29
      vertex 91.55 134.65 1.29
    endloop
  endfacet
  facet normal 0 1 0
    outer loop
      vertex 90.39285714285714 135 1.29
      vertex 91.55 135 2.1100000000000003
      vertex 91.55 135 1.29
    endloop
  endfacet
  facet normal 0.3624462611549733 -0.9320046715412863 0
    outer loop
      vertex 91.42142857142855 134.6 1.29
      vertex 91.55 134.65 1.29
      vertex 91.42142857142855 134.6 2.1100000000000003
    endloop
  endfacet
  facet normal 1 0 0
    outer loop
      vertex 91.55 134.65 1.29
      vertex 91.55 135 1.29
      vertex 91.55 134.65 2.1100000000000003
    endloop
  endfacet
  facet normal 0 -1 0
    outer loop
      vertex 66.25 132.9 1.29
      vertex 66.4048780487805 132.9 2.0999999999999996
      vertex 66.25 132.9 2.1100000000000003
    endloop
  endfacet
  facet normal 0 0 1
    outer loop
      vertex 66.25 132.9 2.1100000000000003
      vertex 73.15169812876104 134.90351990767454 2.1100000000000003
      vertex 66.25 134.21004784688995 2.1100000000000003
    endloop
  endfacet
  facet normal 0 -1 0
    outer loop
      vertex 66.4048780487805 132.9 2.0999999999999996
      vertex 87.05 132.9 2.1100000000000003
      vertex 66.25 132.9 2.1100000000000003
    endloop
  endfacet
  facet normal 0 0 1
    outer loop
      vertex 66.25 132.9 2.1100000000000003
      vertex 85.01857142857139 134.2 2.1100000000000003
      vertex 73.15169812876104 134.90351990767454 2.1100000000000003
    endloop
  endfacet
  facet normal 0 -1 0
    outer loop
      vertex 66.4048780487805 132.9 2.0999999999999996
      vertex 87.05 132.9 2.0999999999999996
      vertex 87.05 132.9 2.1100000000000003
    endloop
  endfacet
  facet normal 0 0 1
    outer loop
      vertex 66.25 132.9 2.1100000000000003
      vertex 87.05 132.9 2.1100000000000003
      vertex 85.01857142857139 134.2 2.1100000000000003
    endloop
  endfacet
  facet normal 0.3624462611549435 -0.932004671541298 0
    outer loop
      vertex 90.39285714285714 134.2 1.29
      vertex 90.39285714285714 134.2 2.1100000000000003
      vertex 87.06 132.9038888888889 2.0999999999999996
    endloop
  endfacet
  facet normal 0 1 0
    outer loop
      vertex 90.39285714285714 135 1.29
      vertex 90.39285714285714 135 2.1100000000000003
      vertex 91.55 135 2.1100000000000003
    endloop
  endfacet
  facet normal 0 0 1
    outer loop
      vertex 73.15169812876104 134.90351990767454 2.1100000000000003
      vertex 85.01857142857139 134.2 2.1100000000000003
      vertex 90.70976476353835 134.59210977701542 2.1100000000000003
    endloop
  endfacet
  facet normal 0 0 1
    outer loop
      vertex 85.01857142857139 134.2 2.1100000000000003
      vertex 87.05 132.9 2.1100000000000003
      vertex 90.39285714285714 134.2 2.1100000000000003
    endloop
  endfacet
  facet normal 0.362446261155268 -0.9320046715411717 -1.2452533637387065e-10
    outer loop
      vertex 87.05 132.9 2.0999999999999996
      vertex 87.06 132.9038888888889 2.0999999999999996
      vertex 90.39285714285714 134.2 2.1100000000000003
    endloop
  endfacet
  facet normal 0.36244626115494444 -0.9320046715412975 0
    outer loop
      vertex 87.05 132.9 2.0999999999999996
      vertex 90.39285714285714 134.2 2.1100000000000003
      vertex 87.05 132.9 2.1100000000000003
    endloop
  endfacet
  facet normal 0 0 1
    outer loop
      vertex 90.39285714285714 135 2.1100000000000003
      vertex 90.55637496377861 134.66369168357 2.1100000000000003
      vertex 91.55 135 2.1100000000000003
    endloop
  endfacet
  facet normal 0 0 1
    outer loop
      vertex 90.55637496377861 134.66369168357 2.1100000000000003
      vertex 90.70976476353835 134.59210977701542 2.1100000000000003
      vertex 91.3315575728619 134.63494983277593 2.1100000000000003
    endloop
  endfacet
  facet normal 0.3624462611549733 -0.9320046715412863 0
    outer loop
      vertex 91.55 134.65 1.29
      vertex 91.55 134.65 2.1100000000000003
      vertex 91.42142857142855 134.6 2.1100000000000003
    endloop
  endfacet
  facet normal 1 0 0
    outer loop
      vertex 91.55 135 1.29
      vertex 91.55 135 2.1100000000000003
      vertex 91.55 134.65 2.1100000000000003
    endloop
  endfacet
  facet normal 0 0 1
    outer loop
      vertex 90.55637496377861 134.66369168357 2.1100000000000003
      vertex 91.3315575728619 134.63494983277593 2.1100000000000003
      vertex 91.55 134.65 2.1100000000000003
    endloop
  endfacet
  facet normal 0 0 1
    outer loop
      vertex 90.55637496377861 134.66369168357 2.1100000000000003
      vertex 91.55 134.65 2.1100000000000003
      vertex 91.55 135 2.1100000000000003
    endloop
  endfacet
  facet normal 0 0 1
    outer loop
      vertex 91.42142857142855 134.6 2.1100000000000003
      vertex 91.55 134.65 2.1100000000000003
      vertex 91.3315575728619 134.63494983277593 2.1100000000000003
    endloop
  endfacet
  facet normal 0 -1 0
    outer loop
      vertex 94.85 121 0.6
      vertex 100.85 121 0.6
      vertex 94.85 121 1.4
    endloop
  endfacet
  facet normal 0 -1 0
    outer loop
      vertex 100.85 121 0.6
      vertex 100.85 121 1.4
      vertex 94.85 121 1.4
    endloop
  endfacet
  facet normal 0 0 1
    outer loop
      vertex 94.85 121 1.4
      vertex 100.85 121 1.4
      vertex 94.85 121.4 1.4
    endloop
  endfacet
  facet normal 0 1 0
    outer loop
      vertex 94.85 135 0.6
      vertex 100.85 135 1.4
      vertex 100.85 135 0.6
    endloop
  endfacet
  facet normal 0 1 0
    outer loop
      vertex 94.85 135 0.6
      vertex 94.85 135 1.4
      vertex 100.85 135 1.4
    endloop
  endfacet
  facet normal 0 0 1
    outer loop
      vertex 94.85 135 1.4
      vertex 100.85 134.2 1.4
      vertex 100.85 135 1.4
    endloop
  endfacet
  facet normal -1 0 0
    outer loop
      vertex 100.85 121 1.4
      vertex 100.85 121.8 2.63
      vertex 100.85 121.8 1.4
    endloop
  endfacet
  facet normal -1 0 0
    outer loop
      vertex 100.85 121 1.4
      vertex 100.85 121 2.63
      vertex 100.85 121.8 2.6499999999999995
    endloop
  endfacet
  facet normal -1 0 0
    outer loop
      vertex 100.85 121 1.4
      vertex 100.85 121.8 2.6499999999999995
      vertex 100.85 121.8 2.63
    endloop
  endfacet
  facet normal -1 0 0
    outer loop
      vertex 100.85 121 2.63
      vertex 100.85 121 2.6499999999999995
      vertex 100.85 121.8 2.6499999999999995
    endloop
  endfacet
  facet normal 0 1 0
    outer loop
      vertex 100.85 121.8 0.6
      vertex 100.85 121.8 1.4
      vertex 200 121.8 0.6
    endloop
  endfacet
  facet normal 0 -1 0
    outer loop
      vertex 100.86188541292101 121 0.6
      vertex 199.52392156862743 121 0.6
      vertex 103.2167532467532 121 2.5813092313092323
    endloop
  endfacet
  facet normal 0 1 0
    outer loop
      vertex 100.85 121.8 1.4
      vertex 100.85 121.8 2.63
      vertex 200 121.8 0.6
    endloop
  endfacet
  facet normal 0 1 0
    outer loop
      vertex 100.85 121.8 2.63
      vertex 200 121.8 2.63
      vertex 200 121.8 0.6
    endloop
  endfacet
  facet normal -1 0 0
    outer loop
      vertex 100.85 121 2.6499999999999995
      vertex 100.85 121.4 3.045
      vertex 100.85 121.8 2.6499999999999995
    endloop
  endfacet
  facet normal -1 0 0
    outer loop
      vertex 100.85 121.8 2.63
      vertex 100.85 121.8 2.6499999999999995
      vertex 100.85 123.1 2.63
    endloop
  endfacet
  facet normal -1 0 0
    outer loop
      vertex 100.85 123.1 2.63
      vertex 100.85 121.8 2.6499999999999995
      vertex 100.85 123.1 3.44
    endloop
  endfacet
  facet normal -1 0 0
    outer loop
      vertex 100.85 121 2.6499999999999995
      vertex 100.85 121 3.44
      vertex 100.85 121.4 3.045
    endloop
  endfacet
  facet normal -1 0 0
    outer loop
      vertex 100.85 121.8 2.6499999999999995
      vertex 100.85 121.8 3.44
      vertex 100.85 123.1 3.44
    endloop
  endfacet
  facet normal -1 0 0
    outer loop
      vertex 100.85 121.4 3.045
      vertex 100.85 121 3.44
      vertex 100.85 121.46535552193646 3.3109228441754914
    endloop
  endfacet
  facet normal 0 0 -1
    outer loop
      vertex 100.85 121.8 2.63
      vertex 100.85 123.1 2.63
      vertex 200 121.8 2.63
    endloop
  endfacet
  facet normal 0 1 0
    outer loop
      vertex 100.85 123.1 2.63
      vertex 100.85 123.1 3.44
      vertex 200 123.1 2.63
    endloop
  endfacet
  facet normal 0 0 1
    outer loop
      vertex 100.85 121.8 3.44
      vertex 200 123.1 3.44
      vertex 100.85 123.1 3.44
    endloop
  endfacet
  facet normal 0 0 -1
    outer loop
      vertex 100.85 123.1 2.63
      vertex 200 123.1 2.63
      vertex 200 121.8 2.63
    endloop
  endfacet
  facet normal 0 1 0
    outer loop
      vertex 100.85 123.1 3.44
      vertex 200 123.1 3.44
      vertex 200 123.1 2.63
    endloop
  endfacet
  facet normal 0 0 1
    outer loop
      vertex 100.85 121.8 3.44
      vertex 200 121.8 3.44
      vertex 200 123.1 3.44
    endloop
  endfacet
  facet normal -1 0 0
    outer loop
      vertex 100.85 134.2 2.63
      vertex 100.85 134.2 2.6499999999999995
      vertex 100.85 134.6 2.6499999999999995
    endloop
  endfacet
  facet normal 0 -1 0
    outer loop
      vertex 100.85 134.2 0.6
      vertex 200 134.2 0.6
      vertex 100.85 134.2 1.4
    endloop
  endfacet
  facet normal 0 1 0
    outer loop
      vertex 100.85 135 0.6
      vertex 100.85 135 1.4
      vertex 200 135 0.6
    endloop
  endfacet
  facet normal 0 -1 0
    outer loop
      vertex 100.85 134.2 1.4
      vertex 200 134.2 0.6
      vertex 100.85 134.2 2.63
    endloop
  endfacet
  facet normal 0 1 0
    outer loop
      vertex 100.85 135 1.4
      vertex 200 135 2.6298759580475997
      vertex 200 135 0.6
    endloop
  endfacet
  facet normal 0 -1 0
    outer loop
      vertex 100.85 134.2 2.63
      vertex 200 134.2 0.6
      vertex 200 134.2 2.63
    endloop
  endfacet
  facet normal -1 0 0
    outer loop
      vertex 100.85 132.9 2.63
      vertex 100.85 134.2 2.6499999999999995
      vertex 100.85 134.2 2.63
    endloop
  endfacet
  facet normal -1 0 0
    outer loop
      vertex 100.85 132.9 2.63
      vertex 100.85 134.2 3.44
      vertex 100.85 134.2 2.6499999999999995
    endloop
  endfacet
  facet normal -1 0 0
    outer loop
      vertex 100.85 132.9 2.63
      vertex 100.85 132.9 3.44
      vertex 100.85 134.2 3.44
    endloop
  endfacet
  facet normal -1 0 0
    outer loop
      vertex 100.85 135 2.6499999999999995
      vertex 100.85 134.2 3.44
      vertex 100.85 135 3.44
    endloop
  endfacet
  facet normal 0 0 -1
    outer loop
      vertex 100.85 132.9 2.63
      vertex 100.85 134.2 2.63
      vertex 200 132.9 2.63
    endloop
  endfacet
  facet normal 0 -1 0
    outer loop
      vertex 100.85 132.9 2.63
      vertex 200 132.9 3.44
      vertex 100.85 132.9 3.44
    endloop
  endfacet
  facet normal 0 0 1
    outer loop
      vertex 100.85 132.9 3.44
      vertex 200 134.20008067769263 3.44
      vertex 100.85 134.2 3.44
    endloop
  endfacet
  facet normal 0 0 1
    outer loop
      vertex 100.85 134.2 3.44
      vertex 200 134.20008067769263 3.44
      vertex 100.85 135 3.44
    endloop
  endfacet
  facet normal 0 0 -1
    outer loop
      vertex 100.85 134.2 2.63
      vertex 200 134.2 2.63
      vertex 200 132.9 2.63
    endloop
  endfacet
  facet normal 0 -1 0
    outer loop
      vertex 100.85 132.9 2.63
      vertex 200 132.9 2.63
      vertex 200 132.9 3.44
    endloop
  endfacet
  facet normal 0 0 1
    outer loop
      vertex 100.85 132.9 3.44
      vertex 200 132.9 3.44
      vertex 200 134.20008067769263 3.44
    endloop
  endfacet
  facet normal 1 0 0
    outer loop
      vertex 94.85 121.8 0.6
      vertex 94.85 134.2 0.6
      vertex 94.85 121.8 1.4
    endloop
  endfacet
  facet normal -1 0 0
    outer loop
      vertex 93.65 121 0.6
      vertex 93.65 121 1.4683823529411764
      vertex 93.65 135 2.4
    endloop
  endfacet
  facet normal 1 0 0
    outer loop
      vertex 94.85 121.4 1.4
      vertex 94.85 121.8 1.4
      vertex 94.85 121.26666666666667 1.7333333333333332
    endloop
  endfacet
  facet normal 1 0 0
    outer loop
      vertex 94.85 121.8 1.4
      vertex 94.85 134.2 1.4
      vertex 94.85 121.75428571428571 2.342857142857143
    endloop
  endfacet
  facet normal 1 0 0
    outer loop
      vertex 94.85 121.8 1.4
      vertex 94.85 121 2.4
      vertex 94.85 121.26666666666667 1.7333333333333332
    endloop
  endfacet
  facet normal 1 0 0
    outer loop
      vertex 94.85 121.26666666666667 1.7333333333333332
      vertex 94.85 121 2.4
      vertex 94.85 121 1.9
    endloop
  endfacet
  facet normal 1 0 0
    outer loop
      vertex 94.85 121.8 1.4
      vertex 94.85 121.75428571428571 2.342857142857143
      vertex 94.85 121 2.4
    endloop
  endfacet
  facet normal 1 0 0
    outer loop
      vertex 94.85 121.75428571428571 2.342857142857143
      vertex 94.85 134.2 1.4
      vertex 94.85 121.8 2.3705882352941177
    endloop
  endfacet
  facet normal -1 0 0
    outer loop
      vertex 93.65 121 1.4683823529411764
      vertex 93.65 121.38823529411765 2.346764705882353
      vertex 93.65 135 2.4
    endloop
  endfacet
  facet normal 0 0 1
    outer loop
      vertex 93.65 121 2.4
      vertex 94.85 121 2.4
      vertex 94.78142857142856 121.8 2.4
    endloop
  endfacet
  facet normal 1 0 0
    outer loop
      vertex 94.85 121.75428571428571 2.342857142857143
      vertex 94.85 121.4 2.4
      vertex 94.85 121 2.4
    endloop
  endfacet
  facet normal -1 0 0
    outer loop
      vertex 93.65 121.38823529411765 2.346764705882353
      vertex 93.65 121 2.4
      vertex 93.65 135 2.4
    endloop
  endfacet
  facet normal 0 0 1
    outer loop
      vertex 93.65 121 2.4
      vertex 94.78142857142856 121.8 2.4
      vertex 93.71857142857144 134.2 2.4
    endloop
  endfacet
  facet normal 1 0 0
    outer loop
      vertex 94.85 121.8 2.3705882352941177
      vertex 94.85 134.2 2.4
      vertex 94.85 121.8 2.4
    endloop
  endfacet
  facet normal 0 0 1
    outer loop
      vertex 94.85 121.8 2.4
      vertex 94.85 134.2 2.4
      vertex 94.78142857142856 121.8 2.4
    endloop
  endfacet
  facet normal -1 0 0
    outer loop
      vertex 93.65 121 0.6
      vertex 93.65 135 1.4949999999999999
      vertex 93.65 134.20883977900553 0.6
    endloop
  endfacet
  facet normal 1 0 0
    outer loop
      vertex 94.85 121.8 1.4
      vertex 94.85 134.2 0.6
      vertex 94.85 134.2 1.4
    endloop
  endfacet
  facet normal -1 0 0
    outer loop
      vertex 93.65 121 0.6
      vertex 93.65 135 2.4
      vertex 93.65 135 1.4949999999999999
    endloop
  endfacet
  facet normal 1 0 0
    outer loop
      vertex 94.85 121.8 2.3705882352941177
      vertex 94.85 134.2 1.4
      vertex 94.85 134.2 2.4
    endloop
  endfacet
  facet normal 0 0 1
    outer loop
      vertex 93.65 121 2.4
      vertex 93.71857142857144 134.2 2.4
      vertex 93.65 135 2.4
    endloop
  endfacet
  facet normal 0 0 1
    outer loop
      vertex 94.78142857142856 121.8 2.4
      vertex 94.85 134.2 2.4
      vertex 93.71857142857144 134.2 2.4
    endloop
  endfacet
  facet normal 1 0 0
    outer loop
      vertex 87.06 134.2 0.6
      vertex 87.06 135 0.6
      vertex 87.06 134.2 1.29
    endloop
  endfacet
  facet normal 1 0 0
    outer loop
      vertex 87.06 135 0.6
      vertex 87.06 135 1.29
      vertex 87.06 134.2 1.29
    endloop
  endfacet
  facet normal 1.0670091538925098e-17 1.708035422500226e-16 -1
    outer loop
      vertex 66.25 135 1.2899999999999998
      vertex 66.25 136.3 1.29
      vertex 87.06 135 1.29
    endloop
  endfacet
  facet normal 0 0 -1
    outer loop
      vertex 66.25 136.3 1.29
      vertex 87.06 136.2961111111111 1.29
      vertex 87.06 135 1.29
    endloop
  endfacet
  facet normal -1.0670091538925098e-17 -5.709718412307502e-14 -1
    outer loop
      vertex 66.25 136.3 1.29
      vertex 87.06 136.3 1.2899999999999998
      vertex 87.06 136.2961111111111 1.29
    endloop
  endfacet
  facet normal 0 1 0
    outer loop
      vertex 66.25 136.3 1.29
      vertex 66.25 136.3 1.2939234449760766
      vertex 86.7951219512195 136.3 2.0999999999999996
    endloop
  endfacet
  facet normal 0 1 0
    outer loop
      vertex 66.25 136.3 1.29
      vertex 86.7951219512195 136.3 2.0999999999999996
      vertex 87.06 136.3 1.2899999999999998
    endloop
  endfacet
  facet normal 1 0 0
    outer loop
      vertex 87.06 136.2961111111111 1.29
      vertex 87.06 136.3 1.2899999999999998
      vertex 87.06 136.3 2.0999999999999996
    endloop
  endfacet
  facet normal 0 1 0
    outer loop
      vertex 87.06 136.3 1.2899999999999998
      vertex 86.7951219512195 136.3 2.0999999999999996
      vertex 87.05 136.3 2.0999999999999996
    endloop
  endfacet
  facet normal 1 0 0
    outer loop
      vertex 87.06 136.2961111111111 1.29
      vertex 87.06 136.3 2.0999999999999996
      vertex 87.06 136.2961111111111 2.0999999999999996
    endloop
  endfacet
  facet normal 0 1 0
    outer loop
      vertex 87.06 136.3 1.2899999999999998
      vertex 87.05 136.3 2.0999999999999996
      vertex 87.06 136.3 2.0999999999999996
    endloop
  endfacet
  facet normal 0 0 1
    outer loop
      vertex 87.06 136.2961111111111 2.0999999999999996
      vertex 87.06 136.3 2.0999999999999996
      vertex 87.05 136.3 2.0999999999999996
    endloop
  endfacet
  facet normal 0 0 -1
    outer loop
      vertex 90.39285714285714 134.4597995545657 1.29
      vertex 90.75643683176958 134.62953305694958 1.29
      vertex 91.22839235972938 134.524930362117 1.29
    endloop
  endfacet
  facet normal 0 0 -1
    outer loop
      vertex 87.06 135 1.29
      vertex 87.06 136.2961111111111 1.29
      vertex 90.39285714285714 135 1.29
    endloop
  endfacet
  facet normal 0.36244626115494344 0.9320046715412978 0
    outer loop
      vertex 87.06 136.2961111111111 1.29
      vertex 87.06 136.2961111111111 2.0999999999999996
      vertex 90.39285714285714 135 1.29
    endloop
  endfacet
  facet normal 0 0 -1
    outer loop
      vertex 90.39285714285714 134.2 1.29
      vertex 91.22839235972938 134.524930362117 1.29
      vertex 91.55 134.2 1.29
    endloop
  endfacet
  facet normal 0 0 -1
    outer loop
      vertex 91.22839235972938 134.524930362117 1.29
      vertex 91.55 134.55 1.29
      vertex 91.55 134.2 1.29
    endloop
  endfacet
  facet normal 0 0 -1
    outer loop
      vertex 90.75643683176958 134.62953305694958 1.29
      vertex 91.42142857142855 134.6 1.29
      vertex 91.55 134.55 1.29
    endloop
  endfacet
  facet normal 0 0 -1
    outer loop
      vertex 90.75643683176958 134.62953305694958 1.29
      vertex 91.55 134.55 1.29
      vertex 91.22839235972938 134.524930362117 1.29
    endloop
  endfacet
  facet normal 0 -1 0
    outer loop
      vertex 90.39285714285714 134.2 1.29
      vertex 91.55 134.2 1.29
      vertex 91.55 134.2 2.1100000000000003
    endloop
  endfacet
  facet normal 1 0 0
    outer loop
      vertex 91.55 134.2 1.29
      vertex 91.55 134.55 1.29
      vertex 91.55 134.2 2.1100000000000003
    endloop
  endfacet
  facet normal 0.36244626115479434 0.9320046715413559 -2.9355993383333358e-18
    outer loop
      vertex 91.55 134.55 1.29
      vertex 91.42142857142855 134.6 1.29
      vertex 91.42142857142855 134.6 2.1100000000000003
    endloop
  endfacet
  facet normal 0 0 1
    outer loop
      vertex 66.25 134.21004784688995 2.1100000000000003
      vertex 73.15169812876104 134.90351990767454 2.1100000000000003
      vertex 66.25 136.3 2.1100000000000003
    endloop
  endfacet
  facet normal 0 1 0
    outer loop
      vertex 66.25 136.3 1.2939234449760766
      vertex 66.25 136.3 2.1100000000000003
      vertex 86.7951219512195 136.3 2.0999999999999996
    endloop
  endfacet
  facet normal 0 0 1
    outer loop
      vertex 66.25 136.3 2.1100000000000003
      vertex 73.15169812876104 134.90351990767454 2.1100000000000003
      vertex 87.05 136.3 2.1100000000000003
    endloop
  endfacet
  facet normal 0 1 0
    outer loop
      vertex 66.25 136.3 2.1100000000000003
      vertex 87.05 136.3 2.1100000000000003
      vertex 86.7951219512195 136.3 2.0999999999999996
    endloop
  endfacet
  facet normal 0 -1 0
    outer loop
      vertex 90.39285714285714 134.2 1.29
      vertex 91.55 134.2 2.1100000000000003
      vertex 90.39285714285714 134.2 2.1100000000000003
    endloop
  endfacet
  facet normal 0.3624462611541066 0.9320046715416234 -3.9984241056513494e-12
    outer loop
      vertex 90.39285714285714 135 1.29
      vertex 87.06 136.2961111111111 2.0999999999999996
      vertex 87.05 136.3 2.1100000000000003
    endloop
  endfacet
  facet normal 0.3624462611549512 0.9320046715412947 0
    outer loop
      vertex 90.39285714285714 135 1.29
      vertex 87.05 136.3 2.1100000000000003
      vertex 90.39285714285714 135 2.1100000000000003
    endloop
  endfacet
  facet normal 0 0 1
    outer loop
      vertex 73.15169812876104 134.90351990767454 2.1100000000000003
      vertex 90.70976476353835 134.59210977701542 2.1100000000000003
      vertex 87.05 136.3 2.1100000000000003
    endloop
  endfacet
  facet normal 0 0 1
    outer loop
      vertex 85.01857142857139 134.2 2.1100000000000003
      vertex 90.39285714285714 134.2 2.1100000000000003
      vertex 90.70976476353835 134.59210977701542 2.1100000000000003
    endloop
  endfacet
  facet normal 0 0 1
    outer loop
      vertex 90.39285714285714 134.2 2.1100000000000003
      vertex 91.55 134.2 2.1100000000000003
      vertex 90.70976476353835 134.59210977701542 2.1100000000000003
    endloop
  endfacet
  facet normal 0 1 0
    outer loop
      vertex 86.7951219512195 136.3 2.0999999999999996
      vertex 87.05 136.3 2.1100000000000003
      vertex 87.05 136.3 2.0999999999999996
    endloop
  endfacet
  facet normal 0.36244626115756895 0.9320046715402769 -1.3439405450584707e-17
    outer loop
      vertex 87.06 136.2961111111111 2.0999999999999996
      vertex 87.05 136.3 2.0999999999999996
      vertex 87.05 136.3 2.1100000000000003
    endloop
  endfacet
  facet normal 0 0 1
    outer loop
      vertex 87.05 136.3 2.1100000000000003
      vertex 90.55637496377861 134.66369168357 2.1100000000000003
      vertex 90.39285714285714 135 2.1100000000000003
    endloop
  endfacet
  facet normal 0 0 1
    outer loop
      vertex 87.05 136.3 2.1100000000000003
      vertex 90.70976476353835 134.59210977701542 2.1100000000000003
      vertex 90.55637496377861 134.66369168357 2.1100000000000003
    endloop
  endfacet
  facet normal 1 0 0
    outer loop
      vertex 91.55 134.55 1.29
      vertex 91.55 134.55 2.1100000000000003
      vertex 91.55 134.2 2.1100000000000003
    endloop
  endfacet
  facet normal 0.36244626115479434 0.9320046715413559 0
    outer loop
      vertex 91.55 134.55 1.29
      vertex 91.42142857142855 134.6 2.1100000000000003
      vertex 91.55 134.55 2.1100000000000003
    endloop
  endfacet
  facet normal 0 0 1
    outer loop
      vertex 90.70976476353835 134.59210977701542 2.1100000000000003
      vertex 91.55 134.2 2.1100000000000003
      vertex 91.3315575728619 134.63494983277593 2.1100000000000003
    endloop
  endfacet
  facet normal 0 0 1
    outer loop
      vertex 91.55 134.2 2.1100000000000003
      vertex 91.55 134.55 2.1100000000000003
      vertex 91.42142857142855 134.6 2.1100000000000003
    endloop
  endfacet
  facet normal 0 0 1
    outer loop
      vertex 91.55 134.2 2.1100000000000003
      vertex 91.42142857142855 134.6 2.1100000000000003
      vertex 91.3315575728619 134.63494983277593 2.1100000000000003
    endloop
  endfacet
  facet normal 0 1 0
    outer loop
      vertex 66.25 148.2 0.6
      vertex 87.06 148.2 1.29
      vertex 87.06 148.2 0.6
    endloop
  endfacet
  facet normal 1 0 0
    outer loop
      vertex 87.06 147.4 0.6
      vertex 87.06 148.2 0.6
      vertex 87.06 147.4 1.29
    endloop
  endfacet
  facet normal 0 1 0
    outer loop
      vertex 66.25 148.2 0.6
      vertex 66.25 148.2 1.2899999999999998
      vertex 87.06 148.2 1.29
    endloop
  endfacet
  facet normal 0 -1.7080354225002634e-16 -1
    outer loop
      vertex 66.25 146.10000000000002 1.29
      vertex 66.25 147.4 1.2899999999999998
      vertex 87.05 146.10000000000002 1.29
    endloop
  endfacet
  facet normal 3.5668591716040665e-15 5.709718412390893e-14 -1
    outer loop
      vertex 66.25 147.4 1.2899999999999998
      vertex 87.06 146.1038888888889 1.29
      vertex 87.06 146.10000000000002 1.2899999999999998
    endloop
  endfacet
  facet normal -2.2204460492489588e-14 -3.55442171422088e-13 -1
    outer loop
      vertex 66.25 147.4 1.2899999999999998
      vertex 87.06 146.10000000000002 1.2899999999999998
      vertex 87.05 146.10000000000002 1.29
    endloop
  endfacet
  facet normal 1.0670091538925098e-17 0 -1
    outer loop
      vertex 66.25 147.4 1.2899999999999998
      vertex 87.06 147.4 1.29
      vertex 87.06 146.1038888888889 1.29
    endloop
  endfacet
  facet normal 0 -1 0
    outer loop
      vertex 87.06 146.10000000000002 1.2899999999999998
      vertex 87.05 146.10000000000002 2.0996126255380196
      vertex 87.05 146.10000000000002 1.29
    endloop
  endfacet
  facet normal 1 0 0
    outer loop
      vertex 87.06 146.10000000000002 1.2899999999999998
      vertex 87.06 146.1038888888889 1.29
      vertex 87.06 146.1038888888889 2.0999999999999996
    endloop
  endfacet
  facet normal 0 -1 0
    outer loop
      vertex 76.66660973376533 146.10000000000002 1.6973866037470065
      vertex 87.05 146.10000000000002 2.0996126255380196
      vertex 66.4048780487805 146.10000000000002 2.0999999999999996
    endloop
  endfacet
  facet normal 0 -1 0
    outer loop
      vertex 66.4048780487805 146.10000000000002 2.0999999999999996
      vertex 87.05 146.10000000000002 2.0996126255380196
      vertex 87.05 146.10000000000002 2.0999999999999996
    endloop
  endfacet
  facet normal 0 -1 0
    outer loop
      vertex 87.06 146.10000000000002 1.2899999999999998
      vertex 87.06 146.10000000000002 2.0999999999999996
      vertex 87.05 146.10000000000002 2.0996126255380196
    endloop
  endfacet
  facet normal 1 0 0
    outer loop
      vertex 87.06 146.10000000000002 1.2899999999999998
      vertex 87.06 146.1038888888889 2.0999999999999996
      vertex 87.06 146.10000000000002 2.0999999999999996
    endloop
  endfacet
  facet normal 0 -1 0
    outer loop
      vertex 87.05 146.10000000000002 2.0996126255380196
      vertex 87.06 146.10000000000002 2.0999999999999996
      vertex 87.05 146.10000000000002 2.0999999999999996
    endloop
  endfacet
  facet normal 0 0 1
    outer loop
      vertex 87.06 146.10000000000002 2.0999999999999996
      vertex 87.06 146.1038888888889 2.0999999999999996
      vertex 87.05 146.10000000000002 2.0999999999999996
    endloop
  endfacet
  facet normal 0 -1 0
    outer loop
      vertex 66.25 146.10000000000002 1.29
      vertex 76.66660973376533 146.10000000000002 1.6973866037470065
      vertex 66.4048780487805 146.10000000000002 2.0999999999999996
    endloop
  endfacet
  facet normal 0 0 -1
    outer loop
      vertex 87.06 146.1038888888889 1.29
      vertex 87.06 147.4 1.29
      vertex 89.83635038430955 147.4 1.29
    endloop
  endfacet
  facet normal 0 0 -1
    outer loop
      vertex 87.06 146.1038888888889 1.29
      vertex 89.83635038430955 147.4 1.29
      vertex 90.39285714285714 147.4 1.29
    endloop
  endfacet
  facet normal 0 0 -1
    outer loop
      vertex 87.06 147.4 1.29
      vertex 90.39285714285714 147.65979955456572 1.29
      vertex 89.83635038430955 147.4 1.29
    endloop
  endfacet
  facet normal 0 0 -1
    outer loop
      vertex 87.06 147.4 1.29
      vertex 87.06 148.2 1.29
      vertex 89.93359999999997 147.91199999999998 1.29
    endloop
  endfacet
  facet normal 0 0 -1
    outer loop
      vertex 90.39285714285714 148.2 1.29
      vertex 91.55 148.2 1.29
      vertex 91.02413244650086 147.954504048583 1.29
    endloop
  endfacet
  facet normal 0 -1 0
    outer loop
      vertex 66.25 146.10000000000002 1.29
      vertex 87.05 146.10000000000002 1.29
      vertex 76.66660973376533 146.10000000000002 1.6973866037470065
    endloop
  endfacet
  facet normal 0 -1 0
    outer loop
      vertex 87.05 146.10000000000002 1.29
      vertex 87.05 146.10000000000002 2.0996126255380196
      vertex 76.66660973376533 146.10000000000002 1.6973866037470065
    endloop
  endfacet
  facet normal 0.36244626115495043 -0.9320046715412952 -8.748673866579444e-17
    outer loop
      vertex 87.06 146.1038888888889 1.29
      vertex 90.39285714285714 147.4 1.29
      vertex 90.39285714285714 147.4 2.1100000000000003
    endloop
  endfacet
  facet normal 0 1 0
    outer loop
      vertex 90.39285714285714 148.2 1.29
      vertex 90.39285714285714 148.2 2.1100000000000003
      vertex 91.55 148.2 1.29
    endloop
  endfacet
  facet normal 0 0 -1
    outer loop
      vertex 91.02413244650086 147.954504048583 1.29
      vertex 91.55 148.2 1.29
      vertex 91.42142857142855 147.8 1.29
    endloop
  endfacet
  facet normal 0 0 -1
    outer loop
      vertex 91.42142857142855 147.8 1.29
      vertex 91.55 148.2 1.29
      vertex 91.55 147.85000000000002 1.29
    endloop
  endfacet
  facet normal 0.3624462611549733 -0.9320046715412863 3.1546739208300338e-18
    outer loop
      vertex 91.42142857142855 147.8 1.29
      vertex 91.55 147.85000000000002 1.29
      vertex 91.55 147.85000000000002 2.1100000000000003
    endloop
  endfacet
  facet normal 1 0 0
    outer loop
      vertex 91.55 147.85000000000002 1.29
      vertex 91.55 148.2 1.29
      vertex 91.55 147.85000000000002 2.1100000000000003
    endloop
  endfacet
  facet normal 0 -1 0
    outer loop
      vertex 66.25 146.10000000000002 1.29
      vertex 66.4048780487805 146.10000000000002 2.0999999999999996
      vertex 66.25 146.10000000000002 2.1100000000000003
    endloop
  endfacet
  facet normal 0 0 1
    outer loop
      vertex 66.25 146.10000000000002 2.1100000000000003
      vertex 74.11190476190475 148.2 2.1100000000000003
      vertex 66.25 147.41004784688994 2.1100000000000003
    endloop
  endfacet
  facet normal 0 -1 0
    outer loop
      vertex 66.4048780487805 146.10000000000002 2.0999999999999996
      vertex 87.05 146.10000000000002 2.1100000000000003
      vertex 66.25 146.10000000000002 2.1100000000000003
    endloop
  endfacet
  facet normal 0 0 1
    outer loop
      vertex 66.25 146.10000000000002 2.1100000000000003
      vertex 89.83571428571429 148.2 2.1100000000000003
      vertex 74.11190476190475 148.2 2.1100000000000003
    endloop
  endfacet
  facet normal 0 -1 0
    outer loop
      vertex 66.4048780487805 146.10000000000002 2.0999999999999996
      vertex 87.05 146.10000000000002 2.0999999999999996
      vertex 87.05 146.10000000000002 2.1100000000000003
    endloop
  endfacet
  facet normal 0 0 1
    outer loop
      vertex 66.25 146.10000000000002 2.1100000000000003
      vertex 87.05 146.10000000000002 2.1100000000000003
      vertex 90.39285714285714 147.4 2.1100000000000003
    endloop
  endfacet
  facet normal 0.3624462611549503 -0.9320046715412952 0
    outer loop
      vertex 87.06 146.1038888888889 1.29
      vertex 90.39285714285714 147.4 2.1100000000000003
      vertex 87.06 146.1038888888889 2.0999999999999996
    endloop
  endfacet
  facet normal 0 0 1
    outer loop
      vertex 66.25 146.10000000000002 2.1100000000000003
      vertex 90.39285714285714 147.4 2.1100000000000003
      vertex 91.02402597402596 147.64545454545456 2.1100000000000003
    endloop
  endfacet
  facet normal 0 0 1
    outer loop
      vertex 66.25 146.10000000000002 2.1100000000000003
      vertex 91.55 147.85000000000002 2.1100000000000003
      vertex 89.83571428571429 148.2 2.1100000000000003
    endloop
  endfacet
  facet normal 0 0 1
    outer loop
      vertex 66.25 146.10000000000002 2.1100000000000003
      vertex 91.02402597402596 147.64545454545456 2.1100000000000003
      vertex 91.42142857142855 147.8 2.1100000000000003
    endloop
  endfacet
  facet normal 0 0 1
    outer loop
      vertex 66.25 146.10000000000002 2.1100000000000003
      vertex 91.42142857142855 147.8 2.1100000000000003
      vertex 91.55 147.85000000000002 2.1100000000000003
    endloop
  endfacet
  facet normal 0.3624462611529671 -0.9320046715420665 7.609636349339829e-10
    outer loop
      vertex 87.05 146.10000000000002 2.0999999999999996
      vertex 87.06 146.1038888888889 2.0999999999999996
      vertex 90.39285714285714 147.4 2.1100000000000003
    endloop
  endfacet
  facet normal 0.36244626115494444 -0.9320046715412975 0
    outer loop
      vertex 87.05 146.10000000000002 2.0999999999999996
      vertex 90.39285714285714 147.4 2.1100000000000003
      vertex 87.05 146.10000000000002 2.1100000000000003
    endloop
  endfacet
  facet normal 0 0 1
    outer loop
      vertex 89.83571428571429 148.2 2.1100000000000003
      vertex 91.55 147.85000000000002 2.1100000000000003
      vertex 90.39285714285714 148.2 2.1100000000000003
    endloop
  endfacet
  facet normal 0 1 0
    outer loop
      vertex 91.55 148.2 1.29
      vertex 90.39285714285714 148.2 2.1100000000000003
      vertex 91.55 148.2 2.1100000000000003
    endloop
  endfacet
  facet normal 0.3624462611549733 -0.9320046715412863 0
    outer loop
      vertex 91.42142857142855 147.8 1.29
      vertex 91.55 147.85000000000002 2.1100000000000003
      vertex 91.42142857142855 147.8 2.1100000000000003
    endloop
  endfacet
  facet normal 1 0 0
    outer loop
      vertex 91.55 148.2 1.29
      vertex 91.55 148.2 2.1100000000000003
      vertex 91.55 147.85000000000002 2.1100000000000003
    endloop
  endfacet
  facet normal 0 0 1
    outer loop
      vertex 90.39285714285714 148.2 2.1100000000000003
      vertex 91.55 147.85000000000002 2.1100000000000003
      vertex 91.55 148.2 2.1100000000000003
    endloop
  endfacet
  facet normal 0 -1 0
    outer loop
      vertex 94.85 134.2 0.6
      vertex 100.85 134.2 0.6
      vertex 94.85 134.2 1.4
    endloop
  endfacet
  facet normal 0 -1 0
    outer loop
      vertex 100.85 134.2 0.6
      vertex 100.85 134.2 1.4
      vertex 94.85 134.2 1.4
    endloop
  endfacet
  facet normal 0 0 1
    outer loop
      vertex 94.85 134.2 1.4
      vertex 100.85 134.2 1.4
      vertex 94.85 135 1.4
    endloop
  endfacet
  facet normal 0 1 0
    outer loop
      vertex 94.85 148.2 0.6
      vertex 100.85 148.2 1.4
      vertex 100.85 148.2 0.6
    endloop
  endfacet
  facet normal 0 1 0
    outer loop
      vertex 94.85 148.2 0.6
      vertex 94.85 148.2 1.4
      vertex 100.85 148.2 1.4
    endloop
  endfacet
  facet normal 0 0 1
    outer loop
      vertex 94.85 147.8 1.4
      vertex 100.85 147.4 1.4
      vertex 94.85 148.2 1.4
    endloop
  endfacet
  facet normal 0 0 1
    outer loop
      vertex 94.85 148.2 1.4
      vertex 100.85 147.4 1.4
      vertex 100.85 148.2 1.4
    endloop
  endfacet
  facet normal -1 0 0
    outer loop
      vertex 100.85 134.2 1.4
      vertex 100.85 135 2.63
      vertex 100.85 135 1.4
    endloop
  endfacet
  facet normal -1 0 0
    outer loop
      vertex 100.85 134.2 1.4
      vertex 100.85 134.2 2.63
      vertex 100.85 134.6 2.6499999999999995
    endloop
  endfacet
  facet normal -1 0 0
    outer loop
      vertex 100.85 134.2 1.4
      vertex 100.85 135 2.6499999999999995
      vertex 100.85 135 2.63
    endloop
  endfacet
  facet normal -1 0 0
    outer loop
      vertex 100.85 134.2 1.4
      vertex 100.85 134.6 2.6499999999999995
      vertex 100.85 135 2.6499999999999995
    endloop
  endfacet
  facet normal 0 1 0
    outer loop
      vertex 100.85 135 1.4
      vertex 100.85 135 2.63
      vertex 200 135 2.6298759580475997
    endloop
  endfacet
  facet normal 0 1 0
    outer loop
      vertex 100.85 135 2.63
      vertex 200 135 2.63
      vertex 200 135 2.6298759580475997
    endloop
  endfacet
  facet normal -1 0 0
    outer loop
      vertex 100.85 135 2.63
      vertex 100.85 135 2.6499999999999995
      vertex 100.85 136.3 2.63
    endloop
  endfacet
  facet normal -1 0 0
    outer loop
      vertex 100.85 134.2 2.6499999999999995
      vertex 100.85 134.2 3.44
      vertex 100.85 134.6 2.6499999999999995
    endloop
  endfacet
  facet normal -1 0 0
    outer loop
      vertex 100.85 136.3 2.63
      vertex 100.85 135 2.6499999999999995
      vertex 100.85 136.3 3.44
    endloop
  endfacet
  facet normal -1 0 0
    outer loop
      vertex 100.85 134.6 2.6499999999999995
      vertex 100.85 134.2 3.44
      vertex 100.85 135 2.6499999999999995
    endloop
  endfacet
  facet normal -1 0 0
    outer loop
      vertex 100.85 135 2.6499999999999995
      vertex 100.85 135 3.44
      vertex 100.85 136.3 3.44
    endloop
  endfacet
  facet normal 0 0 -1
    outer loop
      vertex 100.85 135 2.63
      vertex 100.85 136.3 2.63
      vertex 200 135 2.63
    endloop
  endfacet
  facet normal 0 1 0
    outer loop
      vertex 100.85 136.3 2.63
      vertex 100.85 136.3 3.44
      vertex 200 136.3 2.63
    endloop
  endfacet
  facet normal 0 0 1
    outer loop
      vertex 100.85 135 3.44
      vertex 200 136.3 3.44
      vertex 100.85 136.3 3.44
    endloop
  endfacet
  facet normal 0 0 -1
    outer loop
      vertex 100.85 136.3 2.63
      vertex 200 136.3 2.63
      vertex 200 135 2.63
    endloop
  endfacet
  facet normal 0 1 0
    outer loop
      vertex 100.85 136.3 3.44
      vertex 200 136.3 3.44
      vertex 200 136.3 2.63
    endloop
  endfacet
  facet normal 0 0 1
    outer loop
      vertex 100.85 135 3.44
      vertex 200 134.20008067769263 3.44
      vertex 200 136.3 3.44
    endloop
  endfacet
  facet normal 0 -1 0
    outer loop
      vertex 100.85 147.4 0.6
      vertex 100.86188541292101 147.4 0.6
      vertex 100.85 147.4 1.4
    endloop
  endfacet
  facet normal 0 -1 0
    outer loop
      vertex 100.86188541292101 147.4 0.6
      vertex 103.2167532467532 147.4 2.5813092313092323
      vertex 100.85 147.4 1.4
    endloop
  endfacet
  facet normal 0 -1 0
    outer loop
      vertex 100.85 147.4 1.4
      vertex 103.2167532467532 147.4 2.5813092313092323
      vertex 100.85 147.4 2.63
    endloop
  endfacet
  facet normal 0 -1 0
    outer loop
      vertex 103.2167532467532 147.4 2.5813092313092323
      vertex 199.52392156862743 147.4 0.6
      vertex 200 147.4 0.6
    endloop
  endfacet
  facet normal 0 -1 0
    outer loop
      vertex 103.2167532467532 147.4 2.5813092313092323
      vertex 200 147.4 2.63
      vertex 100.85 147.4 2.63
    endloop
  endfacet
  facet normal 0 -1 0
    outer loop
      vertex 103.2167532467532 147.4 2.5813092313092323
      vertex 200 147.4 0.6
      vertex 200 147.4 2.63
    endloop
  endfacet
  facet normal -1 0 0
    outer loop
      vertex 100.85 146.10000000000002 2.63
      vertex 100.85 147.4 2.6499999999999995
      vertex 100.85 147.4 2.63
    endloop
  endfacet
  facet normal -1 0 0
    outer loop
      vertex 100.85 146.10000000000002 2.63
      vertex 100.85 146.10000000000002 3.44
      vertex 100.85 147.4 2.6499999999999995
    endloop
  endfacet
  facet normal -1 0 0
    outer loop
      vertex 100.85 147.4 2.6499999999999995
      vertex 100.85 146.10000000000002 3.44
      vertex 100.85 147.4 3.44
    endloop
  endfacet
  facet normal -1 0 0
    outer loop
      vertex 100.85 148.2 2.6499999999999995
      vertex 100.85 147.8 3.045
      vertex 100.85 148.2 3.44
    endloop
  endfacet
  facet normal -1 0 0
    outer loop
      vertex 100.85 147.8 3.045
      vertex 100.85 147.86535552193646 3.3109228441754914
      vertex 100.85 148.2 3.44
    endloop
  endfacet
  facet normal -1 0 0
    outer loop
      vertex 100.85 147.4 3.44
      vertex 100.85 148.2 3.44
      vertex 100.85 147.86535552193646 3.3109228441754914
    endloop
  endfacet
  facet normal 0 0 -1
    outer loop
      vertex 100.85 146.10000000000002 2.63
      vertex 100.85 147.4 2.63
      vertex 200 146.10000000000002 2.63
    endloop
  endfacet
  facet normal 0 -1 0
    outer loop
      vertex 100.85 146.10000000000002 2.63
      vertex 200 146.10000000000002 3.44
      vertex 100.85 146.10000000000002 3.44
    endloop
  endfacet
  facet normal 0 0 1
    outer loop
      vertex 100.85 146.10000000000002 3.44
      vertex 200 148.2 3.44
      vertex 100.85 147.4 3.44
    endloop
  endfacet
  facet normal 0 0 1
    outer loop
      vertex 100.85 147.4 3.44
      vertex 200 148.2 3.44
      vertex 100.85 148.2 3.44
    endloop
  endfacet
  facet normal 0 0 -1
    outer loop
      vertex 100.85 147.4 2.63
      vertex 200 147.4 2.63
      vertex 200 146.10000000000002 2.63
    endloop
  endfacet
  facet normal 0 -1 0
    outer loop
      vertex 100.85 146.10000000000002 2.63
      vertex 200 146.10000000000002 2.63
      vertex 200 146.10000000000002 3.44
    endloop
  endfacet
  facet normal 0 0 1
    outer loop
      vertex 100.85 146.10000000000002 3.44
      vertex 200 146.10000000000002 3.44
      vertex 200 148.2 3.44
    endloop
  endfacet
  facet normal 1 0 0
    outer loop
      vertex 94.85 135 0.6
      vertex 94.85 147.4 0.6
      vertex 94.85 135 1.4
    endloop
  endfacet
  facet normal -1 0 0
    outer loop
      vertex 93.65 134.20883977900553 0.6
      vertex 93.65 147.4 1.4683823529411764
      vertex 93.65 147.4 0.6
    endloop
  endfacet
  facet normal 1 0 0
    outer loop
      vertex 94.85 147.4 0.6
      vertex 94.85 147.4 1.4
      vertex 94.85 135 1.4
    endloop
  endfacet
  facet normal -1 0 0
    outer loop
      vertex 93.65 134.20883977900553 0.6
      vertex 93.65 135 1.4949999999999999
      vertex 93.65 147.78823529411767 2.346764705882353
    endloop
  endfacet
  facet normal -1 0 0
    outer loop
      vertex 93.65 134.20883977900553 0.6
      vertex 93.65 147.78823529411767 2.346764705882353
      vertex 93.65 147.4 1.4683823529411764
    endloop
  endfacet
  facet normal 1 0 0
    outer loop
      vertex 94.85 147.4 1.4
      vertex 94.85 147.8 1.4
      vertex 94.85 147.66666666666669 1.7333333333333332
    endloop
  endfacet
  facet normal 1 0 0
    outer loop
      vertex 94.85 147.4 1.4
      vertex 94.85 147.66666666666669 1.7333333333333332
      vertex 94.85 147.4 1.914705882352941
    endloop
  endfacet
  facet normal 1 0 0
    outer loop
      vertex 94.85 134.2 1.4
      vertex 94.85 135 1.4
      vertex 94.85 134.2 2.4
    endloop
  endfacet
  facet normal 1 0 0
    outer loop
      vertex 94.85 135 1.4
      vertex 94.85 147.4 1.4
      vertex 94.85 134.2 2.4
    endloop
  endfacet
  facet normal -1 0 0
    outer loop
      vertex 93.65 135 1.4949999999999999
      vertex 93.65 135 2.4
      vertex 93.65 147.4 2.4
    endloop
  endfacet
  facet normal 1 0 0
    outer loop
      vertex 94.85 147.4 1.4
      vertex 94.85 147.4 1.914705882352941
      vertex 94.85 134.2 2.4
    endloop
  endfacet
  facet normal -1 0 0
    outer loop
      vertex 93.65 135 1.4949999999999999
      vertex 93.65 147.4 2.4
      vertex 93.65 147.78823529411767 2.346764705882353
    endloop
  endfacet
  facet normal 0 0 1
    outer loop
      vertex 93.71857142857144 134.2 2.4
      vertex 94.85 134.2 2.4
      vertex 93.65 135 2.4
    endloop
  endfacet
  facet normal 0 0 1
    outer loop
      vertex 94.85 134.2 2.4
      vertex 93.65 147.4 2.4
      vertex 93.65 135 2.4
    endloop
  endfacet
  facet normal 1 0 0
    outer loop
      vertex 94.85 147.4 1.914705882352941
      vertex 94.85 147.4 2.4
      vertex 94.85 134.2 2.4
    endloop
  endfacet
  facet normal 1 0 0
    outer loop
      vertex 94.85 148.15428571428572 2.342857142857143
      vertex 94.85 148.2 2.3705882352941177
      vertex 94.85 148.2 2.4
    endloop
  endfacet
  facet normal 0 0 1
    outer loop
      vertex 94.85 134.2 2.4
      vertex 94.85 147.4 2.4
      vertex 93.65 147.4 2.4
    endloop
  endfacet
  facet normal 1 0 0
    outer loop
      vertex 94.85 148.15428571428572 2.342857142857143
      vertex 94.85 148.2 2.4
      vertex 94.85 147.4 2.4
    endloop
  endfacet
  facet normal 0 0 1
    outer loop
      vertex 94.85 147.4 2.4
      vertex 94.85 148.2 2.4
      vertex 94.78142857142856 148.2 2.4
    endloop
  endfacet
  facet normal 0 -1 0
    outer loop
      vertex 66.25 147.4 0.6
      vertex 87.06 147.4 0.6
      vertex 87.06 147.4 1.29
    endloop
  endfacet
  facet normal 0 -1 0
    outer loop
      vertex 66.25 147.4 0.6
      vertex 87.06 147.4 1.29
      vertex 66.25 147.4 1.2899999999999998
    endloop
  endfacet
  facet normal 1 0 0
    outer loop
      vertex 87.06 148.2 0.6
      vertex 87.06 148.2 1.29
      vertex 87.06 147.4 1.29
    endloop
  endfacet
  facet normal 1.0670091538925098e-17 1.708035422500226e-16 -1
    outer loop
      vertex 66.25 148.2 1.2899999999999998
      vertex 66.25 149.5 1.29
      vertex 87.06 148.2 1.29
    endloop
  endfacet
  facet normal 0 0 -1
    outer loop
      vertex 66.25 149.5 1.29
      vertex 87.06 149.4961111111111 1.29
      vertex 87.06 148.2 1.29
    endloop
  endfacet
  facet normal -1.0670091538925098e-17 -5.709718412349232e-14 -1
    outer loop
      vertex 66.25 149.5 1.29
      vertex 87.06 149.5 1.2899999999999998
      vertex 87.06 149.4961111111111 1.29
    endloop
  endfacet
  facet normal 0 1 0
    outer loop
      vertex 66.25 149.5 1.29
      vertex 66.25 149.5 1.2939234449760766
      vertex 86.7951219512195 149.5 2.0999999999999996
    endloop
  endfacet
  facet normal 0 1 0
    outer loop
      vertex 66.25 149.5 1.29
      vertex 86.7951219512195 149.5 2.0999999999999996
      vertex 87.06 149.5 1.2899999999999998
    endloop
  endfacet
  facet normal 1 0 0
    outer loop
      vertex 87.06 149.4961111111111 1.29
      vertex 87.06 149.5 1.2899999999999998
      vertex 87.06 149.5 2.0999999999999996
    endloop
  endfacet
  facet normal 0 1 0
    outer loop
      vertex 87.06 149.5 1.2899999999999998
      vertex 86.7951219512195 149.5 2.0999999999999996
      vertex 87.05 149.5 2.0999999999999996
    endloop
  endfacet
  facet normal 1 0 0
    outer loop
      vertex 87.06 149.4961111111111 1.29
      vertex 87.06 149.5 2.0999999999999996
      vertex 87.06 149.4961111111111 2.0999999999999996
    endloop
  endfacet
  facet normal 0 1 0
    outer loop
      vertex 87.06 149.5 1.2899999999999998
      vertex 87.05 149.5 2.0999999999999996
      vertex 87.06 149.5 2.0999999999999996
    endloop
  endfacet
  facet normal 0 0 1
    outer loop
      vertex 87.06 149.4961111111111 2.0999999999999996
      vertex 87.06 149.5 2.0999999999999996
      vertex 87.05 149.5 2.0999999999999996
    endloop
  endfacet
  facet normal 0 0 -1
    outer loop
      vertex 87.06 147.4 1.29
      vertex 89.93359999999997 147.91199999999998 1.29
      vertex 90.39285714285714 147.65979955456572 1.29
    endloop
  endfacet
  facet normal 0 0 -1
    outer loop
      vertex 89.83635038430955 147.4 1.29
      vertex 90.39285714285714 147.65979955456572 1.29
      vertex 90.39285714285714 147.4 1.29
    endloop
  endfacet
  facet normal 0 0 -1
    outer loop
      vertex 90.39285714285714 147.4 1.29
      vertex 90.39285714285714 147.65979955456572 1.29
      vertex 91.55 147.4 1.29
    endloop
  endfacet
  facet normal 0 0 -1
    outer loop
      vertex 87.06 148.2 1.29
      vertex 87.06 149.4961111111111 1.29
      vertex 89.93359999999997 147.91199999999998 1.29
    endloop
  endfacet
  facet normal 0 0 -1
    outer loop
      vertex 87.06 149.4961111111111 1.29
      vertex 90.39285714285714 148.2 1.29
      vertex 89.93359999999997 147.91199999999998 1.29
    endloop
  endfacet
  facet normal 0 0 -1
    outer loop
      vertex 89.93359999999997 147.91199999999998 1.29
      vertex 90.39285714285714 148.2 1.29
      vertex 91.02413244650086 147.954504048583 1.29
    endloop
  endfacet
  facet normal 0 0 -1
    outer loop
      vertex 90.39285714285714 147.65979955456572 1.29
      vertex 89.93359999999997 147.91199999999998 1.29
      vertex 91.55 147.75 1.29
    endloop
  endfacet
  facet normal 0 0 -1
    outer loop
      vertex 89.93359999999997 147.91199999999998 1.29
      vertex 91.02413244650086 147.954504048583 1.29
      vertex 91.42142857142855 147.8 1.29
    endloop
  endfacet
  facet normal 0 0 -1
    outer loop
      vertex 89.93359999999997 147.91199999999998 1.29
      vertex 91.42142857142855 147.8 1.29
      vertex 91.55 147.75 1.29
    endloop
  endfacet
  facet normal 0 -1 0
    outer loop
      vertex 90.39285714285714 147.4 1.29
      vertex 91.55 147.4 1.29
      vertex 90.39285714285714 147.4 2.1100000000000003
    endloop
  endfacet
  facet normal 0.36244626115495043 0.9320046715412952 8.748673866579444e-17
    outer loop
      vertex 87.06 149.4961111111111 1.29
      vertex 90.39285714285714 148.2 2.1100000000000003
      vertex 90.39285714285714 148.2 1.29
    endloop
  endfacet
  facet normal 0 0 -1
    outer loop
      vertex 90.39285714285714 147.65979955456572 1.29
      vertex 91.55 147.75 1.29
      vertex 91.55 147.4 1.29
    endloop
  endfacet
  facet normal 1 0 0
    outer loop
      vertex 91.55 147.4 1.29
      vertex 91.55 147.75 1.29
      vertex 91.55 147.4 2.1100000000000003
    endloop
  endfacet
  facet normal 0.3624462611549733 0.9320046715412863 -3.1546739208300338e-18
    outer loop
      vertex 91.42142857142855 147.8 1.29
      vertex 91.55 147.75 2.1100000000000003
      vertex 91.55 147.75 1.29
    endloop
  endfacet
  facet normal 0 0 1
    outer loop
      vertex 66.25 147.41004784688994 2.1100000000000003
      vertex 74.11190476190475 148.2 2.1100000000000003
      vertex 66.25 149.5 2.1100000000000003
    endloop
  endfacet
  facet normal 0 1 0
    outer loop
      vertex 66.25 149.5 1.2939234449760766
      vertex 66.25 149.5 2.1100000000000003
      vertex 86.7951219512195 149.5 2.0999999999999996
    endloop
  endfacet
  facet normal 0 0 1
    outer loop
      vertex 66.25 149.5 2.1100000000000003
      vertex 74.11190476190475 148.2 2.1100000000000003
      vertex 87.05 149.5 2.1100000000000003
    endloop
  endfacet
  facet normal 0 1 0
    outer loop
      vertex 66.25 149.5 2.1100000000000003
      vertex 87.05 149.5 2.1100000000000003
      vertex 86.7951219512195 149.5 2.0999999999999996
    endloop
  endfacet
  facet normal 0.3624462611549503 0.9320046715412952 0
    outer loop
      vertex 87.06 149.4961111111111 1.29
      vertex 87.06 149.4961111111111 2.0999999999999996
      vertex 90.39285714285714 148.2 2.1100000000000003
    endloop
  endfacet
  facet normal 0 0 1
    outer loop
      vertex 74.11190476190475 148.2 2.1100000000000003
      vertex 89.83571428571429 148.2 2.1100000000000003
      vertex 87.05 149.5 2.1100000000000003
    endloop
  endfacet
  facet normal 0 0 1
    outer loop
      vertex 90.39285714285714 147.4 2.1100000000000003
      vertex 91.55 147.4 2.1100000000000003
      vertex 91.02402597402596 147.64545454545456 2.1100000000000003
    endloop
  endfacet
  facet normal 0 1 0
    outer loop
      vertex 86.7951219512195 149.5 2.0999999999999996
      vertex 87.05 149.5 2.1100000000000003
      vertex 87.05 149.5 2.0999999999999996
    endloop
  endfacet
  facet normal 0.362446261155268 0.9320046715411717 -1.0913200371308848e-17
    outer loop
      vertex 87.06 149.4961111111111 2.0999999999999996
      vertex 87.05 149.5 2.0999999999999996
      vertex 87.05 149.5 2.1100000000000003
    endloop
  endfacet
  facet normal 0.3624462611549512 0.9320046715412947 -3.645793004563019e-13
    outer loop
      vertex 87.06 149.4961111111111 2.0999999999999996
      vertex 87.05 149.5 2.1100000000000003
      vertex 90.39285714285714 148.2 2.1100000000000003
    endloop
  endfacet
  facet normal 0 0 1
    outer loop
      vertex 87.05 149.5 2.1100000000000003
      vertex 89.83571428571429 148.2 2.1100000000000003
      vertex 90.39285714285714 148.2 2.1100000000000003
    endloop
  endfacet
  facet normal 0 -1 0
    outer loop
      vertex 91.55 147.4 1.29
      vertex 91.55 147.4 2.1100000000000003
      vertex 90.39285714285714 147.4 2.1100000000000003
    endloop
  endfacet
  facet normal 1 0 0
    outer loop
      vertex 91.55 147.75 1.29
      vertex 91.55 147.75 2.1100000000000003
      vertex 91.55 147.4 2.1100000000000003
    endloop
  endfacet
  facet normal 0.3624462611549733 0.9320046715412863 0
    outer loop
      vertex 91.42142857142855 147.8 1.29
      vertex 91.42142857142855 147.8 2.1100000000000003
      vertex 91.55 147.75 2.1100000000000003
    endloop
  endfacet
  facet normal 0 0 1
    outer loop
      vertex 91.02402597402596 147.64545454545456 2.1100000000000003
      vertex 91.55 147.4 2.1100000000000003
      vertex 91.42142857142855 147.8 2.1100000000000003
    endloop
  endfacet
  facet normal 0 0 1
    outer loop
      vertex 91.55 147.4 2.1100000000000003
      vertex 91.55 147.75 2.1100000000000003
      vertex 91.42142857142855 147.8 2.1100000000000003
    endloop
  endfacet
  facet normal 0 -1 0
    outer loop
      vertex 66.25 160.6 0.6
      vertex 87.06 160.6 0.6
      vertex 87.06 160.6 1.29
    endloop
  endfacet
  facet normal 0 1 0
    outer loop
      vertex 66.25 161.4 0.6
      vertex 87.06 161.4 1.29
      vertex 87.06 161.4 0.6
    endloop
  endfacet
  facet normal 1 0 0
    outer loop
      vertex 87.06 160.6 0.6
      vertex 87.06 161.4 0.6
      vertex 87.06 160.6 1.29
    endloop
  endfacet
  facet normal 0 -1 0
    outer loop
      vertex 66.25 160.6 0.6
      vertex 87.06 160.6 1.29
      vertex 66.25 160.6 1.2899999999999998
    endloop
  endfacet
  facet normal 0 1 0
    outer loop
      vertex 66.25 161.4 0.6
      vertex 66.25 161.4 1.2899999999999998
      vertex 87.06 161.4 1.29
    endloop
  endfacet
  facet normal 1 0 0
    outer loop
      vertex 87.06 161.4 0.6
      vertex 87.06 161.4 1.29
      vertex 87.06 160.6 1.29
    endloop
  endfacet
  facet normal 0 0 -1
    outer loop
      vertex 66.25 159.29999999999998 1.2899999999999998
      vertex 66.25 160.6 1.2899999999999998
      vertex 87.06 159.29999999999998 1.2899999999999998
    endloop
  endfacet
  facet normal 3.566859171552084e-15 5.709718412307555e-14 -1
    outer loop
      vertex 66.25 160.6 1.2899999999999998
      vertex 87.06 159.3038888888889 1.29
      vertex 87.06 159.29999999999998 1.2899999999999998
    endloop
  endfacet
  facet normal 1.0670091538925097e-17 0 -1
    outer loop
      vertex 66.25 160.6 1.2899999999999998
      vertex 87.06 160.6 1.29
      vertex 87.06 159.3038888888889 1.29
    endloop
  endfacet
  facet normal 0 -1 0
    outer loop
      vertex 66.25 159.29999999999998 1.2899999999999998
      vertex 87.06 159.29999999999998 1.2899999999999998
      vertex 87.06 159.29999999999998 2.0999999999999996
    endloop
  endfacet
  facet normal 1 0 0
    outer loop
      vertex 87.06 159.29999999999998 1.2899999999999998
      vertex 87.06 159.3038888888889 1.29
      vertex 87.06 159.3038888888889 2.0999999999999996
    endloop
  endfacet
  facet normal 0 -1 3.5088530160992606e-14
    outer loop
      vertex 66.25 159.29999999999998 1.2899999999999998
      vertex 87.05 159.3 2.0999999999999996
      vertex 66.25 159.3 2.0999999999999996
    endloop
  endfacet
  facet normal -2.8421709430391103e-12 -1 7.301923126499248e-11
    outer loop
      vertex 66.25 159.29999999999998 1.2899999999999998
      vertex 87.06 159.29999999999998 2.0999999999999996
      vertex 87.05 159.3 2.0999999999999996
    endloop
  endfacet
  facet normal 1 0 0
    outer loop
      vertex 87.06 159.29999999999998 1.2899999999999998
      vertex 87.06 159.3038888888889 2.0999999999999996
      vertex 87.06 159.29999999999998 2.0999999999999996
    endloop
  endfacet
  facet normal 0 0 1
    outer loop
      vertex 87.06 159.29999999999998 2.0999999999999996
      vertex 87.06 159.3038888888889 2.0999999999999996
      vertex 87.05 159.3 2.0999999999999996
    endloop
  endfacet
  facet normal 0 0 -1
    outer loop
      vertex 87.06 159.3038888888889 1.29
      vertex 87.06 160.6 1.29
      vertex 90.3928571428572 160.85979955456574 1.29
    endloop
  endfacet
  facet normal 0 0 -1
    outer loop
      vertex 87.06 159.3038888888889 1.29
      vertex 90.3928571428572 160.85979955456574 1.29
      vertex 90.39285714285717 160.60000000000002 1.29
    endloop
  endfacet
  facet normal 0 0 -1
    outer loop
      vertex 90.39285714285717 160.60000000000002 1.29
      vertex 90.3928571428572 160.85979955456574 1.29
      vertex 91.22839235972944 160.924930362117 1.29
    endloop
  endfacet
  facet normal 0 0 -1
    outer loop
      vertex 87.06 160.6 1.29
      vertex 87.06 161.4 1.29
      vertex 90.39285714285717 161.4 1.29
    endloop
  endfacet
  facet normal 0 0 -1
    outer loop
      vertex 87.06 160.6 1.29
      vertex 90.75643683176959 161.02953305694962 1.29
      vertex 90.3928571428572 160.85979955456574 1.29
    endloop
  endfacet
  facet normal 0 0 -1
    outer loop
      vertex 87.06 160.6 1.29
      vertex 90.39285714285717 161.4 1.29
      vertex 91.55 161.4 1.29
    endloop
  endfacet
  facet normal 0 0 -1
    outer loop
      vertex 87.06 160.6 1.29
      vertex 91.55 161.4 1.29
      vertex 90.75643683176959 161.02953305694962 1.29
    endloop
  endfacet
  facet normal 0.36244626115494766 -0.9320046715412963 0
    outer loop
      vertex 87.06 159.3038888888889 1.29
      vertex 90.39285714285717 160.60000000000002 1.29
      vertex 87.06 159.3038888888889 2.0999999999999996
    endloop
  endfacet
  facet normal 0 0 -1
    outer loop
      vertex 90.75643683176959 161.02953305694962 1.29
      vertex 91.55 161.4 1.29
      vertex 91.42142857142858 161 1.29
    endloop
  endfacet
  facet normal 0 0 -1
    outer loop
      vertex 91.42142857142858 161 1.29
      vertex 91.55 161.4 1.29
      vertex 91.55 161.05 1.29
    endloop
  endfacet
  facet normal 0 1 0
    outer loop
      vertex 90.39285714285717 161.4 1.29
      vertex 91.55 161.4 2.1100000000000003
      vertex 91.55 161.4 1.29
    endloop
  endfacet
  facet normal 0.36244626115504286 -0.9320046715412592 0
    outer loop
      vertex 91.42142857142858 161 1.29
      vertex 91.55 161.05 1.29
      vertex 91.42142857142858 161 2.1100000000000003
    endloop
  endfacet
  facet normal 1 0 0
    outer loop
      vertex 91.55 161.05 1.29
      vertex 91.55 161.4 1.29
      vertex 91.55 161.05 2.1100000000000003
    endloop
  endfacet
  facet normal 0 0 1
    outer loop
      vertex 66.25 159.3 2.1100000000000003
      vertex 85.01857142857159 160.60000000000002 2.1100000000000003
      vertex 66.25 160.6015965534719 2.1100000000000003
    endloop
  endfacet
  facet normal 0 -1 0
    outer loop
      vertex 66.25 159.3 2.0999999999999996
      vertex 87.05 159.3 2.1100000000000003
      vertex 66.25 159.3 2.1100000000000003
    endloop
  endfacet
  facet normal 0 0 1
    outer loop
      vertex 66.25 159.3 2.1100000000000003
      vertex 87.05 159.3 2.1100000000000003
      vertex 85.01857142857159 160.60000000000002 2.1100000000000003
    endloop
  endfacet
  facet normal 0 -1 0
    outer loop
      vertex 66.25 159.3 2.0999999999999996
      vertex 87.05 159.3 2.0999999999999996
      vertex 87.05 159.3 2.1100000000000003
    endloop
  endfacet
  facet normal 0 0 1
    outer loop
      vertex 66.25 160.6015965534719 2.1100000000000003
      vertex 85.01857142857159 160.60000000000002 2.1100000000000003
      vertex 90.70976476353836 160.99210977701546 2.1100000000000003
    endloop
  endfacet
  facet normal 0.36244626115494766 -0.9320046715412962 0
    outer loop
      vertex 90.39285714285717 160.60000000000002 1.29
      vertex 90.39285714285717 160.60000000000002 2.1100000000000003
      vertex 87.06 159.3038888888889 2.0999999999999996
    endloop
  endfacet
  facet normal 0 1 0
    outer loop
      vertex 90.39285714285717 161.4 1.29
      vertex 90.39285714285717 161.4 2.1100000000000003
      vertex 91.55 161.4 2.1100000000000003
    endloop
  endfacet
  facet normal 0 0 1
    outer loop
      vertex 85.01857142857159 160.60000000000002 2.1100000000000003
      vertex 87.05 159.3 2.1100000000000003
      vertex 90.39285714285717 160.60000000000002 2.1100000000000003
    endloop
  endfacet
  facet normal 0.362446261155268 -0.9320046715411717 -1.229111528230412e-10
    outer loop
      vertex 87.05 159.3 2.0999999999999996
      vertex 87.06 159.3038888888889 2.0999999999999996
      vertex 90.39285714285717 160.60000000000002 2.1100000000000003
    endloop
  endfacet
  facet normal 0.36244626115494866 -0.932004671541296 0
    outer loop
      vertex 87.05 159.3 2.0999999999999996
      vertex 90.39285714285717 160.60000000000002 2.1100000000000003
      vertex 87.05 159.3 2.1100000000000003
    endloop
  endfacet
  facet normal 0 0 1
    outer loop
      vertex 90.55637496377864 161.06369168357 2.1100000000000003
      vertex 90.70976476353836 160.99210977701546 2.1100000000000003
      vertex 91.33155757286193 161.03494983277594 2.1100000000000003
    endloop
  endfacet
  facet normal 0 0 1
    outer loop
      vertex 90.39285714285717 161.4 2.1100000000000003
      vertex 90.55637496377864 161.06369168357 2.1100000000000003
      vertex 91.55 161.4 2.1100000000000003
    endloop
  endfacet
  facet normal 0.36244626115504286 -0.9320046715412592 0
    outer loop
      vertex 91.55 161.05 1.29
      vertex 91.55 161.05 2.1100000000000003
      vertex 91.42142857142858 161 2.1100000000000003
    endloop
  endfacet
  facet normal 1 0 0
    outer loop
      vertex 91.55 161.4 1.29
      vertex 91.55 161.4 2.1100000000000003
      vertex 91.55 161.05 2.1100000000000003
    endloop
  endfacet
  facet normal 0 0 1
    outer loop
      vertex 90.55637496377864 161.06369168357 2.1100000000000003
      vertex 91.33155757286193 161.03494983277594 2.1100000000000003
      vertex 91.55 161.05 2.1100000000000003
    endloop
  endfacet
  facet normal 0 0 1
    outer loop
      vertex 90.55637496377864 161.06369168357 2.1100000000000003
      vertex 91.55 161.05 2.1100000000000003
      vertex 91.55 161.4 2.1100000000000003
    endloop
  endfacet
  facet normal 0 0 1
    outer loop
      vertex 91.42142857142858 161 2.1100000000000003
      vertex 91.55 161.05 2.1100000000000003
      vertex 91.33155757286193 161.03494983277594 2.1100000000000003
    endloop
  endfacet
  facet normal 0 -1 0
    outer loop
      vertex 94.85 147.4 0.6
      vertex 100.85 147.4 0.6
      vertex 94.85 147.4 1.4
    endloop
  endfacet
  facet normal 0 -1 0
    outer loop
      vertex 100.85 147.4 0.6
      vertex 100.85 147.4 1.4
      vertex 94.85 147.4 1.4
    endloop
  endfacet
  facet normal 0 0 1
    outer loop
      vertex 94.85 147.4 1.4
      vertex 100.85 147.4 1.4
      vertex 94.85 147.8 1.4
    endloop
  endfacet
  facet normal 0 -1 0
    outer loop
      vertex 94.85 160.6 0.6
      vertex 100.85 160.6 0.6
      vertex 94.85 160.6 1.4
    endloop
  endfacet
  facet normal 0 1 0
    outer loop
      vertex 94.85 161.4 0.6
      vertex 100.85 161.4 1.4
      vertex 100.85 161.4 0.6
    endloop
  endfacet
  facet normal 0 -1 0
    outer loop
      vertex 100.85 160.6 0.6
      vertex 100.85 160.6 1.4
      vertex 94.85 160.6 1.4
    endloop
  endfacet
  facet normal 0 1 0
    outer loop
      vertex 94.85 161.4 0.6
      vertex 94.85 161.4 1.4
      vertex 100.85 161.4 1.4
    endloop
  endfacet
  facet normal 0 0 1
    outer loop
      vertex 94.85 161.4 1.4
      vertex 100.85 160.6 1.4
      vertex 100.85 161.4 1.4
    endloop
  endfacet
  facet normal -1 0 0
    outer loop
      vertex 100.85 147.4 1.4
      vertex 100.85 148.2 2.63
      vertex 100.85 148.2 1.4
    endloop
  endfacet
  facet normal -1 0 0
    outer loop
      vertex 100.85 147.4 1.4
      vertex 100.85 147.4 2.63
      vertex 100.85 148.2 2.6499999999999995
    endloop
  endfacet
  facet normal -1 0 0
    outer loop
      vertex 100.85 147.4 1.4
      vertex 100.85 148.2 2.6499999999999995
      vertex 100.85 148.2 2.63
    endloop
  endfacet
  facet normal -1 0 0
    outer loop
      vertex 100.85 147.4 2.63
      vertex 100.85 147.4 2.6499999999999995
      vertex 100.85 148.2 2.6499999999999995
    endloop
  endfacet
  facet normal 0 1 0
    outer loop
      vertex 100.85 148.2 0.6
      vertex 100.85 148.2 1.4
      vertex 200 148.2 0.6
    endloop
  endfacet
  facet normal 0 -1 0
    outer loop
      vertex 100.86188541292101 147.4 0.6
      vertex 199.52392156862743 147.4 0.6
      vertex 103.2167532467532 147.4 2.5813092313092323
    endloop
  endfacet
  facet normal 0 1 0
    outer loop
      vertex 100.85 148.2 1.4
      vertex 100.85 148.2 2.63
      vertex 200 148.2 0.6
    endloop
  endfacet
  facet normal 0 1 0
    outer loop
      vertex 100.85 148.2 2.63
      vertex 200 148.2 2.63
      vertex 200 148.2 0.6
    endloop
  endfacet
  facet normal -1 0 0
    outer loop
      vertex 100.85 148.2 2.63
      vertex 100.85 148.2 2.6499999999999995
      vertex 100.85 149.5 2.63
    endloop
  endfacet
  facet normal -1 0 0
    outer loop
      vertex 100.85 147.4 2.6499999999999995
      vertex 100.85 147.8 3.045
      vertex 100.85 148.2 2.6499999999999995
    endloop
  endfacet
  facet normal -1 0 0
    outer loop
      vertex 100.85 149.5 2.63
      vertex 100.85 148.2 2.6499999999999995
      vertex 100.85 149.5 3.44
    endloop
  endfacet
  facet normal -1 0 0
    outer loop
      vertex 100.85 147.4 2.6499999999999995
      vertex 100.85 147.4 3.44
      vertex 100.85 147.8 3.045
    endloop
  endfacet
  facet normal -1 0 0
    outer loop
      vertex 100.85 148.2 2.6499999999999995
      vertex 100.85 148.2 3.44
      vertex 100.85 149.5 3.44
    endloop
  endfacet
  facet normal -1 0 0
    outer loop
      vertex 100.85 147.8 3.045
      vertex 100.85 147.4 3.44
      vertex 100.85 147.86535552193646 3.3109228441754914
    endloop
  endfacet
  facet normal 0 0 -1
    outer loop
      vertex 100.85 148.2 2.63
      vertex 100.85 149.5 2.63
      vertex 200 148.2 2.63
    endloop
  endfacet
  facet normal 0 1 0
    outer loop
      vertex 100.85 149.5 2.63
      vertex 100.85 149.5 3.44
      vertex 200 149.5 2.63
    endloop
  endfacet
  facet normal 0 0 1
    outer loop
      vertex 100.85 148.2 3.44
      vertex 200 149.5 3.44
      vertex 100.85 149.5 3.44
    endloop
  endfacet
  facet normal 0 0 -1
    outer loop
      vertex 100.85 149.5 2.63
      vertex 200 149.5 2.63
      vertex 200 148.2 2.63
    endloop
  endfacet
  facet normal 0 1 0
    outer loop
      vertex 100.85 149.5 3.44
      vertex 200 149.5 3.44
      vertex 200 149.5 2.63
    endloop
  endfacet
  facet normal 0 0 1
    outer loop
      vertex 100.85 148.2 3.44
      vertex 200 148.2 3.44
      vertex 200 149.5 3.44
    endloop
  endfacet
  facet normal -1 0 0
    outer loop
      vertex 100.85 160.6 2.63
      vertex 100.85 160.6 2.6499999999999995
      vertex 100.85 161 2.6499999999999995
    endloop
  endfacet
  facet normal 0 -1 0
    outer loop
      vertex 100.85 160.6 0.6
      vertex 200 160.6 0.6
      vertex 100.85 160.6 1.4
    endloop
  endfacet
  facet normal 0 1 0
    outer loop
      vertex 100.85 161.4 0.6
      vertex 100.85 161.4 1.4
      vertex 200 161.4 0.6
    endloop
  endfacet
  facet normal 0 -1 0
    outer loop
      vertex 100.85 160.6 1.4
      vertex 200 160.6 0.6
      vertex 100.85 160.6 2.63
    endloop
  endfacet
  facet normal 0 1 0
    outer loop
      vertex 100.85 161.4 1.4
      vertex 200 161.4 2.6298759580475997
      vertex 200 161.4 0.6
    endloop
  endfacet
  facet normal 0 -1 0
    outer loop
      vertex 100.85 160.6 2.63
      vertex 200 160.6 0.6
      vertex 200 160.6 2.63
    endloop
  endfacet
  facet normal -1 0 0
    outer loop
      vertex 100.85 159.29999999999998 2.63
      vertex 100.85 160.6 2.6499999999999995
      vertex 100.85 160.6 2.63
    endloop
  endfacet
  facet normal -1 0 0
    outer loop
      vertex 100.85 159.29999999999998 2.63
      vertex 100.85 160.60000000000002 3.44
      vertex 100.85 160.6 2.6499999999999995
    endloop
  endfacet
  facet normal -1 0 0
    outer loop
      vertex 100.85 159.29999999999998 2.63
      vertex 100.85 159.29999999999998 3.44
      vertex 100.85 160.60000000000002 3.44
    endloop
  endfacet
  facet normal -1 0 0
    outer loop
      vertex 100.85 161.4 2.6499999999999995
      vertex 100.85 160.60000000000002 3.44
      vertex 100.85 161.39999999999998 3.44
    endloop
  endfacet
  facet normal 0 0 -1
    outer loop
      vertex 100.85 159.29999999999998 2.63
      vertex 100.85 160.6 2.63
      vertex 200 159.29999999999998 2.63
    endloop
  endfacet
  facet normal 0 -1 0
    outer loop
      vertex 100.85 159.29999999999998 2.63
      vertex 200 159.29999999999998 3.44
      vertex 100.85 159.29999999999998 3.44
    endloop
  endfacet
  facet normal 0 0 1
    outer loop
      vertex 100.85 159.29999999999998 3.44
      vertex 200 160.60008067769263 3.44
      vertex 100.85 160.60000000000002 3.44
    endloop
  endfacet
  facet normal 0 0 1
    outer loop
      vertex 100.85 160.60000000000002 3.44
      vertex 200 160.60008067769263 3.44
      vertex 100.85 161.39999999999998 3.44
    endloop
  endfacet
  facet normal 0 0 -1
    outer loop
      vertex 100.85 160.6 2.63
      vertex 200 160.6 2.63
      vertex 200 159.29999999999998 2.63
    endloop
  endfacet
  facet normal 0 -1 0
    outer loop
      vertex 100.85 159.29999999999998 2.63
      vertex 200 159.29999999999998 2.63
      vertex 200 159.29999999999998 3.44
    endloop
  endfacet
  facet normal 0 0 1
    outer loop
      vertex 100.85 159.29999999999998 3.44
      vertex 200 159.29999999999998 3.44
      vertex 200 160.60008067769263 3.44
    endloop
  endfacet
  facet normal 1 0 0
    outer loop
      vertex 94.85 148.2 0.6
      vertex 94.85 160.6 0.6
      vertex 94.85 148.2 1.4
    endloop
  endfacet
  facet normal -1 0 0
    outer loop
      vertex 93.65 147.4 0.6
      vertex 93.65 147.4 1.4683823529411764
      vertex 93.65 161.4 2.4
    endloop
  endfacet
  facet normal 1 0 0
    outer loop
      vertex 94.85 147.8 1.4
      vertex 94.85 148.2 1.4
      vertex 94.85 147.66666666666669 1.7333333333333332
    endloop
  endfacet
  facet normal 1 0 0
    outer loop
      vertex 94.85 148.2 1.4
      vertex 94.85 160.6 1.4
      vertex 94.85 148.15428571428572 2.342857142857143
    endloop
  endfacet
  facet normal -1 0 0
    outer loop
      vertex 93.65 147.4 0.6
      vertex 93.65 161.4 1.4949999999999997
      vertex 93.65 160.60883977900554 0.6
    endloop
  endfacet
  facet normal 1 0 0
    outer loop
      vertex 94.85 160.6 0.6
      vertex 94.85 160.6 1.4
      vertex 94.85 148.2 1.4
    endloop
  endfacet
  facet normal -1 0 0
    outer loop
      vertex 93.65 147.4 0.6
      vertex 93.65 161.4 2.4
      vertex 93.65 161.4 1.4949999999999997
    endloop
  endfacet
  facet normal 1 0 0
    outer loop
      vertex 94.85 148.2 1.4
      vertex 94.85 147.4 2.4
      vertex 94.85 147.66666666666669 1.7333333333333332
    endloop
  endfacet
  facet normal 1 0 0
    outer loop
      vertex 94.85 147.66666666666669 1.7333333333333332
      vertex 94.85 147.4 2.4
      vertex 94.85 147.4 1.914705882352941
    endloop
  endfacet
  facet normal 1 0 0
    outer loop
      vertex 94.85 148.2 1.4
      vertex 94.85 148.15428571428572 2.342857142857143
      vertex 94.85 147.4 2.4
    endloop
  endfacet
  facet normal 1 0 0
    outer loop
      vertex 94.85 160.6 1.4
      vertex 94.85 148.2 2.3705882352941177
      vertex 94.85 148.15428571428572 2.342857142857143
    endloop
  endfacet
  facet normal -1 0 0
    outer loop
      vertex 93.65 147.4 1.4683823529411764
      vertex 93.65 147.78823529411767 2.346764705882353
      vertex 93.65 161.4 2.4
    endloop
  endfacet
  facet normal 0 0 1
    outer loop
      vertex 93.65 147.4 2.4
      vertex 94.85 147.4 2.4
      vertex 94.78142857142856 148.2 2.4
    endloop
  endfacet
  facet normal -1 0 0
    outer loop
      vertex 93.65 147.78823529411767 2.346764705882353
      vertex 93.65 147.4 2.4
      vertex 93.65 161.4 2.4
    endloop
  endfacet
  facet normal 0 0 1
    outer loop
      vertex 93.65 147.4 2.4
      vertex 94.78142857142856 148.2 2.4
      vertex 93.71857142857142 160.60000000000002 2.4
    endloop
  endfacet
  facet normal 1 0 0
    outer loop
      vertex 94.85 148.2 2.3705882352941177
      vertex 94.85 160.60000000000002 2.4
      vertex 94.85 148.2 2.4
    endloop
  endfacet
  facet normal 0 0 1
    outer loop
      vertex 94.85 148.2 2.4
      vertex 94.85 160.60000000000002 2.4
      vertex 94.78142857142856 148.2 2.4
    endloop
  endfacet
  facet normal 1 0 0
    outer loop
      vertex 94.85 160.6 1.4
      vertex 94.85 160.60000000000002 2.4
      vertex 94.85 148.2 2.3705882352941177
    endloop
  endfacet
  facet normal 0 0 1
    outer loop
      vertex 93.65 147.4 2.4
      vertex 93.71857142857142 160.60000000000002 2.4
      vertex 93.65 161.4 2.4
    endloop
  endfacet
  facet normal 0 0 1
    outer loop
      vertex 94.78142857142856 148.2 2.4
      vertex 94.85 160.60000000000002 2.4
      vertex 93.71857142857142 160.60000000000002 2.4
    endloop
  endfacet
  facet normal 1.0670091538925098e-17 1.708035422500226e-16 -1
    outer loop
      vertex 66.25 161.4 1.2899999999999998
      vertex 66.25 162.70000000000002 1.29
      vertex 87.06 161.4 1.29
    endloop
  endfacet
  facet normal 0 0 -1
    outer loop
      vertex 66.25 162.70000000000002 1.29
      vertex 87.06 162.69611111111112 1.29
      vertex 87.06 161.4 1.29
    endloop
  endfacet
  facet normal -1.0670091538925098e-17 -5.709718412349232e-14 -1
    outer loop
      vertex 66.25 162.70000000000002 1.29
      vertex 87.06 162.70000000000002 1.2899999999999998
      vertex 87.06 162.69611111111112 1.29
    endloop
  endfacet
  facet normal 0 1 0
    outer loop
      vertex 66.25 162.70000000000002 1.29
      vertex 66.25 162.70000000000002 1.2939234449760766
      vertex 86.7951219512195 162.70000000000002 2.0999999999999996
    endloop
  endfacet
  facet normal 0 1 0
    outer loop
      vertex 66.25 162.70000000000002 1.29
      vertex 86.7951219512195 162.70000000000002 2.0999999999999996
      vertex 87.06 162.70000000000002 1.2899999999999998
    endloop
  endfacet
  facet normal 1 0 0
    outer loop
      vertex 87.06 162.69611111111112 1.29
      vertex 87.06 162.70000000000002 1.2899999999999998
      vertex 87.06 162.70000000000002 2.0999999999999996
    endloop
  endfacet
  facet normal 0 1 0
    outer loop
      vertex 87.06 162.70000000000002 1.2899999999999998
      vertex 86.7951219512195 162.70000000000002 2.0999999999999996
      vertex 87.05 162.70000000000002 2.0999999999999996
    endloop
  endfacet
  facet normal 1 0 0
    outer loop
      vertex 87.06 162.69611111111112 1.29
      vertex 87.06 162.70000000000002 2.0999999999999996
      vertex 87.06 162.69611111111112 2.0999999999999996
    endloop
  endfacet
  facet normal 0 1 0
    outer loop
      vertex 87.06 162.70000000000002 1.2899999999999998
      vertex 87.05 162.70000000000002 2.0999999999999996
      vertex 87.06 162.70000000000002 2.0999999999999996
    endloop
  endfacet
  facet normal 0 0 1
    outer loop
      vertex 87.06 162.69611111111112 2.0999999999999996
      vertex 87.06 162.70000000000002 2.0999999999999996
      vertex 87.05 162.70000000000002 2.0999999999999996
    endloop
  endfacet
  facet normal 0 0 -1
    outer loop
      vertex 87.06 161.4 1.29
      vertex 87.06 162.69611111111112 1.29
      vertex 90.39285714285717 161.4 1.29
    endloop
  endfacet
  facet normal 0 0 -1
    outer loop
      vertex 90.3928571428572 160.85979955456574 1.29
      vertex 90.75643683176959 161.02953305694962 1.29
      vertex 91.22839235972944 160.924930362117 1.29
    endloop
  endfacet
  facet normal 0.36244626115494766 0.9320046715412963 0
    outer loop
      vertex 87.06 162.69611111111112 1.29
      vertex 87.06 162.69611111111112 2.0999999999999996
      vertex 90.39285714285717 161.4 1.29
    endloop
  endfacet
  facet normal 0 0 -1
    outer loop
      vertex 90.39285714285717 160.60000000000002 1.29
      vertex 91.22839235972944 160.924930362117 1.29
      vertex 91.55 160.60000000000002 1.29
    endloop
  endfacet
  facet normal 0 0 -1
    outer loop
      vertex 90.75643683176959 161.02953305694962 1.29
      vertex 91.42142857142858 161 1.29
      vertex 91.55 160.95000000000002 1.29
    endloop
  endfacet
  facet normal 0 0 -1
    outer loop
      vertex 90.75643683176959 161.02953305694962 1.29
      vertex 91.55 160.95000000000002 1.29
      vertex 91.22839235972944 160.924930362117 1.29
    endloop
  endfacet
  facet normal 0 0 -1
    outer loop
      vertex 91.55 160.60000000000002 1.29
      vertex 91.22839235972944 160.924930362117 1.29
      vertex 91.55 160.95000000000002 1.29
    endloop
  endfacet
  facet normal 0 -1 0
    outer loop
      vertex 90.39285714285717 160.60000000000002 1.29
      vertex 91.55 160.60000000000002 1.29
      vertex 91.55 160.60000000000002 2.1100000000000003
    endloop
  endfacet
  facet normal 1 0 0
    outer loop
      vertex 91.55 160.60000000000002 1.29
      vertex 91.55 160.95000000000002 1.29
      vertex 91.55 160.60000000000002 2.1100000000000003
    endloop
  endfacet
  facet normal 0.36244626115486395 0.9320046715413288 0
    outer loop
      vertex 91.42142857142858 161 1.29
      vertex 91.42142857142858 161 2.1100000000000003
      vertex 91.55 160.95000000000002 1.29
    endloop
  endfacet
  facet normal 0 1 0
    outer loop
      vertex 66.25 162.70000000000002 1.2939234449760766
      vertex 66.25 162.70000000000002 2.1100000000000003
      vertex 86.7951219512195 162.70000000000002 2.0999999999999996
    endloop
  endfacet
  facet normal 0 0 1
    outer loop
      vertex 66.25 160.6015965534719 2.1100000000000003
      vertex 87.05 162.70000000000002 2.1100000000000003
      vertex 66.25 162.70000000000002 2.1100000000000003
    endloop
  endfacet
  facet normal 0 1 0
    outer loop
      vertex 66.25 162.70000000000002 2.1100000000000003
      vertex 87.05 162.70000000000002 2.1100000000000003
      vertex 86.7951219512195 162.70000000000002 2.0999999999999996
    endloop
  endfacet
  facet normal 0 0 1
    outer loop
      vertex 66.25 160.6015965534719 2.1100000000000003
      vertex 90.55637496377864 161.06369168357 2.1100000000000003
      vertex 87.05 162.70000000000002 2.1100000000000003
    endloop
  endfacet
  facet normal 0 -1 0
    outer loop
      vertex 90.39285714285717 160.60000000000002 1.29
      vertex 91.55 160.60000000000002 2.1100000000000003
      vertex 90.39285714285717 160.60000000000002 2.1100000000000003
    endloop
  endfacet
  facet normal 0.362446261154848 0.9320046715413349 -4.744725607606901e-13
    outer loop
      vertex 90.39285714285717 161.4 1.29
      vertex 87.06 162.69611111111112 2.0999999999999996
      vertex 87.05 162.70000000000002 2.1100000000000003
    endloop
  endfacet
  facet normal 0.36244626115494866 0.932004671541296 0
    outer loop
      vertex 90.39285714285717 161.4 1.29
      vertex 87.05 162.70000000000002 2.1100000000000003
      vertex 90.39285714285717 161.4 2.1100000000000003
    endloop
  endfacet
  facet normal 0 0 1
    outer loop
      vertex 66.25 160.6015965534719 2.1100000000000003
      vertex 90.70976476353836 160.99210977701546 2.1100000000000003
      vertex 90.55637496377864 161.06369168357 2.1100000000000003
    endloop
  endfacet
  facet normal 0 0 1
    outer loop
      vertex 85.01857142857159 160.60000000000002 2.1100000000000003
      vertex 90.39285714285717 160.60000000000002 2.1100000000000003
      vertex 90.70976476353836 160.99210977701546 2.1100000000000003
    endloop
  endfacet
  facet normal 0 0 1
    outer loop
      vertex 90.39285714285717 160.60000000000002 2.1100000000000003
      vertex 91.55 160.60000000000002 2.1100000000000003
      vertex 90.70976476353836 160.99210977701546 2.1100000000000003
    endloop
  endfacet
  facet normal 0 1 0
    outer loop
      vertex 86.7951219512195 162.70000000000002 2.0999999999999996
      vertex 87.05 162.70000000000002 2.1100000000000003
      vertex 87.05 162.70000000000002 2.0999999999999996
    endloop
  endfacet
  facet normal 0.362446261155268 0.9320046715411717 -1.0913200371308848e-17
    outer loop
      vertex 87.06 162.69611111111112 2.0999999999999996
      vertex 87.05 162.70000000000002 2.0999999999999996
      vertex 87.05 162.70000000000002 2.1100000000000003
    endloop
  endfacet
  facet normal 0 0 1
    outer loop
      vertex 87.05 162.70000000000002 2.1100000000000003
      vertex 90.55637496377864 161.06369168357 2.1100000000000003
      vertex 90.39285714285717 161.4 2.1100000000000003
    endloop
  endfacet
  facet normal 0.36244626115486395 0.9320046715413288 0
    outer loop
      vertex 91.55 160.95000000000002 1.29
      vertex 91.42142857142858 161 2.1100000000000003
      vertex 91.55 160.95000000000002 2.1100000000000003
    endloop
  endfacet
  facet normal 1 0 0
    outer loop
      vertex 91.55 160.95000000000002 1.29
      vertex 91.55 160.95000000000002 2.1100000000000003
      vertex 91.55 160.60000000000002 2.1100000000000003
    endloop
  endfacet
  facet normal 0 0 1
    outer loop
      vertex 90.70976476353836 160.99210977701546 2.1100000000000003
      vertex 91.55 160.60000000000002 2.1100000000000003
      vertex 91.33155757286193 161.03494983277594 2.1100000000000003
    endloop
  endfacet
  facet normal 0 0 1
    outer loop
      vertex 91.55 160.60000000000002 2.1100000000000003
      vertex 91.55 160.95000000000002 2.1100000000000003
      vertex 91.42142857142858 161 2.1100000000000003
    endloop
  endfacet
  facet normal 0 0 1
    outer loop
      vertex 91.55 160.60000000000002 2.1100000000000003
      vertex 91.42142857142858 161 2.1100000000000003
      vertex 91.33155757286193 161.03494983277594 2.1100000000000003
    endloop
  endfacet
  facet normal 1 0 0
    outer loop
      vertex 87.06 173.8 0.6
      vertex 87.06 174.60000000000002 0.6
      vertex 87.06 173.8 1.29
    endloop
  endfacet
  facet normal 1 0 0
    outer loop
      vertex 87.06 174.60000000000002 0.6
      vertex 87.06 174.60000000000002 1.29
      vertex 87.06 173.8 1.29
    endloop
  endfacet
  facet normal 0 0 -1
    outer loop
      vertex 66.25 172.5 1.2899999999999998
      vertex 66.25 173.8 1.2899999999999998
      vertex 87.06 172.5 1.2899999999999998
    endloop
  endfacet
  facet normal 3.566859171552084e-15 5.709718412307555e-14 -1
    outer loop
      vertex 66.25 173.8 1.2899999999999998
      vertex 87.06 172.50388888888892 1.29
      vertex 87.06 172.5 1.2899999999999998
    endloop
  endfacet
  facet normal 1.0670091538925097e-17 0 -1
    outer loop
      vertex 66.25 173.8 1.2899999999999998
      vertex 87.06 173.8 1.29
      vertex 87.06 172.50388888888892 1.29
    endloop
  endfacet
  facet normal 0 -1 0
    outer loop
      vertex 66.25 172.5 1.2899999999999998
      vertex 87.06 172.5 1.2899999999999998
      vertex 87.06 172.5 2.0999999999999996
    endloop
  endfacet
  facet normal 1 0 0
    outer loop
      vertex 87.06 172.5 1.2899999999999998
      vertex 87.06 172.50388888888892 1.29
      vertex 87.06 172.50388888888892 2.0999999999999996
    endloop
  endfacet
  facet normal 0 -1 3.5088530160992606e-14
    outer loop
      vertex 66.25 172.5 1.2899999999999998
      vertex 87.05 172.50000000000003 2.0999999999999996
      vertex 66.25 172.50000000000003 2.0999999999999996
    endloop
  endfacet
  facet normal -2.8421709430391103e-12 -1 7.301923126499248e-11
    outer loop
      vertex 66.25 172.5 1.2899999999999998
      vertex 87.06 172.5 2.0999999999999996
      vertex 87.05 172.50000000000003 2.0999999999999996
    endloop
  endfacet
  facet normal 1 0 0
    outer loop
      vertex 87.06 172.5 1.2899999999999998
      vertex 87.06 172.50388888888892 2.0999999999999996
      vertex 87.06 172.5 2.0999999999999996
    endloop
  endfacet
  facet normal 0 0 1
    outer loop
      vertex 87.06 172.5 2.0999999999999996
      vertex 87.06 172.50388888888892 2.0999999999999996
      vertex 87.05 172.50000000000003 2.0999999999999996
    endloop
  endfacet
  facet normal 0 0 -1
    outer loop
      vertex 87.06 172.50388888888892 1.29
      vertex 87.06 173.8 1.29
      vertex 89.83635038430953 173.8 1.29
    endloop
  endfacet
  facet normal 0 0 -1
    outer loop
      vertex 87.06 172.50388888888892 1.29
      vertex 89.83635038430953 173.8 1.29
      vertex 90.3928571428571 173.8 1.29
    endloop
  endfacet
  facet normal 0 0 -1
    outer loop
      vertex 87.06 173.8 1.29
      vertex 90.3928571428571 174.0597995545657 1.29
      vertex 89.83635038430953 173.8 1.29
    endloop
  endfacet
  facet normal 0 0 -1
    outer loop
      vertex 90.3928571428571 174.60000000000002 1.29
      vertex 91.55 174.60000000000002 1.29
      vertex 91.02413244650084 174.354504048583 1.29
    endloop
  endfacet
  facet normal 0.3624462611549475 -0.9320046715412964 -4.652420605348588e-17
    outer loop
      vertex 87.06 172.50388888888892 1.29
      vertex 90.3928571428571 173.8 1.29
      vertex 90.3928571428571 173.8 2.1100000000000003
    endloop
  endfacet
  facet normal 0 1 0
    outer loop
      vertex 90.3928571428571 174.60000000000002 1.29
      vertex 90.3928571428571 174.60000000000002 2.1100000000000003
      vertex 91.55 174.60000000000002 1.29
    endloop
  endfacet
  facet normal 0 0 -1
    outer loop
      vertex 91.02413244650084 174.354504048583 1.29
      vertex 91.55 174.60000000000002 1.29
      vertex 91.42142857142855 174.20000000000002 1.29
    endloop
  endfacet
  facet normal 0 0 -1
    outer loop
      vertex 91.42142857142855 174.20000000000002 1.29
      vertex 91.55 174.60000000000002 1.29
      vertex 91.55 174.25000000000003 1.29
    endloop
  endfacet
  facet normal 0.3624462611549733 -0.9320046715412863 3.1546739208300338e-18
    outer loop
      vertex 91.42142857142855 174.20000000000002 1.29
      vertex 91.55 174.25000000000003 1.29
      vertex 91.55 174.25000000000003 2.1100000000000003
    endloop
  endfacet
  facet normal 1 0 0
    outer loop
      vertex 91.55 174.25000000000003 1.29
      vertex 91.55 174.60000000000002 1.29
      vertex 91.55 174.25000000000003 2.1100000000000003
    endloop
  endfacet
  facet normal 0 0 1
    outer loop
      vertex 66.25 172.50000000000003 2.1100000000000003
      vertex 74.1119047619049 174.60000000000002 2.1100000000000003
      vertex 66.25 173.81004784688997 2.1100000000000003
    endloop
  endfacet
  facet normal 0 -1 0
    outer loop
      vertex 66.25 172.50000000000003 2.0999999999999996
      vertex 87.05 172.50000000000003 2.1100000000000003
      vertex 66.25 172.50000000000003 2.1100000000000003
    endloop
  endfacet
  facet normal 0 0 1
    outer loop
      vertex 66.25 172.50000000000003 2.1100000000000003
      vertex 89.83571428571426 174.60000000000002 2.1100000000000003
      vertex 74.1119047619049 174.60000000000002 2.1100000000000003
    endloop
  endfacet
  facet normal 0 -1 0
    outer loop
      vertex 66.25 172.50000000000003 2.0999999999999996
      vertex 87.05 172.50000000000003 2.0999999999999996
      vertex 87.05 172.50000000000003 2.1100000000000003
    endloop
  endfacet
  facet normal 0 0 1
    outer loop
      vertex 66.25 172.50000000000003 2.1100000000000003
      vertex 87.05 172.50000000000003 2.1100000000000003
      vertex 90.3928571428571 173.8 2.1100000000000003
    endloop
  endfacet
  facet normal 0.3624462611549475 -0.9320046715412963 0
    outer loop
      vertex 87.06 172.50388888888892 1.29
      vertex 90.3928571428571 173.8 2.1100000000000003
      vertex 87.06 172.50388888888892 2.0999999999999996
    endloop
  endfacet
  facet normal 0 0 1
    outer loop
      vertex 66.25 172.50000000000003 2.1100000000000003
      vertex 90.3928571428571 173.8 2.1100000000000003
      vertex 91.02402597402596 174.04545454545456 2.1100000000000003
    endloop
  endfacet
  facet normal 0 0 1
    outer loop
      vertex 66.25 172.50000000000003 2.1100000000000003
      vertex 91.55 174.25000000000003 2.1100000000000003
      vertex 89.83571428571426 174.60000000000002 2.1100000000000003
    endloop
  endfacet
  facet normal 0 0 1
    outer loop
      vertex 66.25 172.50000000000003 2.1100000000000003
      vertex 91.02402597402596 174.04545454545456 2.1100000000000003
      vertex 91.42142857142855 174.20000000000002 2.1100000000000003
    endloop
  endfacet
  facet normal 0 0 1
    outer loop
      vertex 66.25 172.50000000000003 2.1100000000000003
      vertex 91.42142857142855 174.20000000000002 2.1100000000000003
      vertex 91.55 174.25000000000003 2.1100000000000003
    endloop
  endfacet
  facet normal 0.362446261155268 -0.9320046715411717 -1.2298940450960113e-10
    outer loop
      vertex 87.05 172.50000000000003 2.0999999999999996
      vertex 87.06 172.50388888888892 2.0999999999999996
      vertex 90.3928571428571 173.8 2.1100000000000003
    endloop
  endfacet
  facet normal 0.3624462611549485 -0.9320046715412961 0
    outer loop
      vertex 87.05 172.50000000000003 2.0999999999999996
      vertex 90.3928571428571 173.8 2.1100000000000003
      vertex 87.05 172.50000000000003 2.1100000000000003
    endloop
  endfacet
  facet normal 0 0 1
    outer loop
      vertex 89.83571428571426 174.60000000000002 2.1100000000000003
      vertex 91.55 174.25000000000003 2.1100000000000003
      vertex 90.3928571428571 174.60000000000002 2.1100000000000003
    endloop
  endfacet
  facet normal 0 1 0
    outer loop
      vertex 91.55 174.60000000000002 1.29
      vertex 90.3928571428571 174.60000000000002 2.1100000000000003
      vertex 91.55 174.60000000000002 2.1100000000000003
    endloop
  endfacet
  facet normal 0.3624462611549733 -0.9320046715412863 0
    outer loop
      vertex 91.42142857142855 174.20000000000002 1.29
      vertex 91.55 174.25000000000003 2.1100000000000003
      vertex 91.42142857142855 174.20000000000002 2.1100000000000003
    endloop
  endfacet
  facet normal 1 0 0
    outer loop
      vertex 91.55 174.60000000000002 1.29
      vertex 91.55 174.60000000000002 2.1100000000000003
      vertex 91.55 174.25000000000003 2.1100000000000003
    endloop
  endfacet
  facet normal 0 0 1
    outer loop
      vertex 90.3928571428571 174.60000000000002 2.1100000000000003
      vertex 91.55 174.25000000000003 2.1100000000000003
      vertex 91.55 174.60000000000002 2.1100000000000003
    endloop
  endfacet
  facet normal 0 0 1
    outer loop
      vertex 94.85 160.6 1.4
      vertex 100.85 160.6 1.4
      vertex 94.85 161.4 1.4
    endloop
  endfacet
  facet normal 0 1 0
    outer loop
      vertex 94.85 174.60000000000002 0.6
      vertex 100.85 174.60000000000002 1.4
      vertex 100.85 174.60000000000002 0.6
    endloop
  endfacet
  facet normal 0 1 0
    outer loop
      vertex 94.85 174.60000000000002 0.6
      vertex 94.85 174.60000000000002 1.4
      vertex 100.85 174.60000000000002 1.4
    endloop
  endfacet
  facet normal 0 0 1
    outer loop
      vertex 94.85 174.20000000000002 1.4
      vertex 100.85 173.8 1.4
      vertex 94.85 174.60000000000002 1.4
    endloop
  endfacet
  facet normal 0 0 1
    outer loop
      vertex 94.85 174.60000000000002 1.4
      vertex 100.85 173.8 1.4
      vertex 100.85 174.60000000000002 1.4
    endloop
  endfacet
  facet normal -1 0 0
    outer loop
      vertex 100.85 160.6 1.4
      vertex 100.85 161.4 2.63
      vertex 100.85 161.4 1.4
    endloop
  endfacet
  facet normal -1 0 0
    outer loop
      vertex 100.85 160.6 1.4
      vertex 100.85 160.6 2.63
      vertex 100.85 161 2.6499999999999995
    endloop
  endfacet
  facet normal -1 0 0
    outer loop
      vertex 100.85 160.6 1.4
      vertex 100.85 161.4 2.6499999999999995
      vertex 100.85 161.4 2.63
    endloop
  endfacet
  facet normal -1 0 0
    outer loop
      vertex 100.85 160.6 1.4
      vertex 100.85 161 2.6499999999999995
      vertex 100.85 161.4 2.6499999999999995
    endloop
  endfacet
  facet normal 0 1 0
    outer loop
      vertex 100.85 161.4 1.4
      vertex 100.85 161.4 2.63
      vertex 200 161.4 2.6298759580475997
    endloop
  endfacet
  facet normal 0 1 0
    outer loop
      vertex 100.85 161.4 2.63
      vertex 200 161.4 2.63
      vertex 200 161.4 2.6298759580475997
    endloop
  endfacet
  facet normal -1 0 0
    outer loop
      vertex 100.85 161.4 2.63
      vertex 100.85 161.4 2.6499999999999995
      vertex 100.85 162.70000000000002 2.63
    endloop
  endfacet
  facet normal -1 0 0
    outer loop
      vertex 100.85 160.6 2.6499999999999995
      vertex 100.85 160.60000000000002 3.44
      vertex 100.85 161 2.6499999999999995
    endloop
  endfacet
  facet normal -1 0 0
    outer loop
      vertex 100.85 162.70000000000002 2.63
      vertex 100.85 161.4 2.6499999999999995
      vertex 100.85 162.70000000000002 3.44
    endloop
  endfacet
  facet normal -1 0 0
    outer loop
      vertex 100.85 161 2.6499999999999995
      vertex 100.85 160.60000000000002 3.44
      vertex 100.85 161.4 2.6499999999999995
    endloop
  endfacet
  facet normal -1 0 0
    outer loop
      vertex 100.85 161.4 2.6499999999999995
      vertex 100.85 161.39999999999998 3.44
      vertex 100.85 162.70000000000002 3.44
    endloop
  endfacet
  facet normal 0 0 -1
    outer loop
      vertex 100.85 161.4 2.63
      vertex 100.85 162.70000000000002 2.63
      vertex 200 161.4 2.63
    endloop
  endfacet
  facet normal 0 1 0
    outer loop
      vertex 100.85 162.70000000000002 2.63
      vertex 100.85 162.70000000000002 3.44
      vertex 200 162.70000000000002 2.63
    endloop
  endfacet
  facet normal 0 0 1
    outer loop
      vertex 100.85 161.39999999999998 3.44
      vertex 200 162.70000000000002 3.44
      vertex 100.85 162.70000000000002 3.44
    endloop
  endfacet
  facet normal 0 0 -1
    outer loop
      vertex 100.85 162.70000000000002 2.63
      vertex 200 162.70000000000002 2.63
      vertex 200 161.4 2.63
    endloop
  endfacet
  facet normal 0 1 0
    outer loop
      vertex 100.85 162.70000000000002 3.44
      vertex 200 162.70000000000002 3.44
      vertex 200 162.70000000000002 2.63
    endloop
  endfacet
  facet normal 0 0 1
    outer loop
      vertex 100.85 161.39999999999998 3.44
      vertex 200 160.60008067769263 3.44
      vertex 200 162.70000000000002 3.44
    endloop
  endfacet
  facet normal 0 -1 0
    outer loop
      vertex 100.85 173.8 0.6
      vertex 100.86188541292101 173.8 0.6
      vertex 100.85 173.8 1.4
    endloop
  endfacet
  facet normal 0 -1 0
    outer loop
      vertex 100.86188541292101 173.8 0.6
      vertex 103.2167532467532 173.8 2.5813092313092323
      vertex 100.85 173.8 1.4
    endloop
  endfacet
  facet normal 0 -1 0
    outer loop
      vertex 100.85 173.8 1.4
      vertex 103.2167532467532 173.8 2.5813092313092323
      vertex 100.85 173.8 2.63
    endloop
  endfacet
  facet normal 0 -1 0
    outer loop
      vertex 103.2167532467532 173.8 2.5813092313092323
      vertex 199.52392156862743 173.8 0.6
      vertex 200 173.8 0.6
    endloop
  endfacet
  facet normal 0 -1 0
    outer loop
      vertex 103.2167532467532 173.8 2.5813092313092323
      vertex 200 173.8 2.63
      vertex 100.85 173.8 2.63
    endloop
  endfacet
  facet normal 0 -1 0
    outer loop
      vertex 103.2167532467532 173.8 2.5813092313092323
      vertex 200 173.8 0.6
      vertex 200 173.8 2.63
    endloop
  endfacet
  facet normal -1 0 0
    outer loop
      vertex 100.85 172.5 2.63
      vertex 100.85 173.8 2.6499999999999995
      vertex 100.85 173.8 2.63
    endloop
  endfacet
  facet normal -1 0 0
    outer loop
      vertex 100.85 172.5 2.63
      vertex 100.85 174.6 3.44
      vertex 100.85 173.8 2.6499999999999995
    endloop
  endfacet
  facet normal -1 0 0
    outer loop
      vertex 100.85 173.8 2.6499999999999995
      vertex 100.85 174.6 3.44
      vertex 100.85 174.60000000000002 2.6499999999999995
    endloop
  endfacet
  facet normal -1 0 0
    outer loop
      vertex 100.85 172.5 2.63
      vertex 100.85 172.5 3.44
      vertex 100.85 174.6 3.44
    endloop
  endfacet
  facet normal 0 0 -1
    outer loop
      vertex 100.85 172.5 2.63
      vertex 100.85 173.8 2.63
      vertex 200 172.5 2.63
    endloop
  endfacet
  facet normal 0 -1 0
    outer loop
      vertex 100.85 172.5 2.63
      vertex 200 172.5 3.44
      vertex 100.85 172.5 3.44
    endloop
  endfacet
  facet normal 0 0 1
    outer loop
      vertex 100.85 172.5 3.44
      vertex 200 174.6 3.44
      vertex 100.85 174.6 3.44
    endloop
  endfacet
  facet normal 0 0 -1
    outer loop
      vertex 100.85 173.8 2.63
      vertex 200 173.8 2.63
      vertex 200 172.5 2.63
    endloop
  endfacet
  facet normal 0 -1 0
    outer loop
      vertex 100.85 172.5 2.63
      vertex 200 172.5 2.63
      vertex 200 172.5 3.44
    endloop
  endfacet
  facet normal 0 0 1
    outer loop
      vertex 100.85 172.5 3.44
      vertex 200 172.5 3.44
      vertex 200 174.6 3.44
    endloop
  endfacet
  facet normal 1 0 0
    outer loop
      vertex 94.85 161.4 0.6
      vertex 94.85 173.8 0.6
      vertex 94.85 161.4 1.4
    endloop
  endfacet
  facet normal -1 0 0
    outer loop
      vertex 93.65 160.60883977900554 0.6
      vertex 93.65 173.8 1.468382352941176
      vertex 93.65 173.8 0.6
    endloop
  endfacet
  facet normal 1 0 0
    outer loop
      vertex 94.85 173.8 0.6
      vertex 94.85 173.8 1.4
      vertex 94.85 161.4 1.4
    endloop
  endfacet
  facet normal -1 0 0
    outer loop
      vertex 93.65 160.60883977900554 0.6
      vertex 93.65 161.4 1.4949999999999997
      vertex 93.65 174.18823529411767 2.346764705882352
    endloop
  endfacet
  facet normal -1 0 0
    outer loop
      vertex 93.65 160.60883977900554 0.6
      vertex 93.65 174.18823529411767 2.346764705882352
      vertex 93.65 173.8 1.468382352941176
    endloop
  endfacet
  facet normal 1 0 0
    outer loop
      vertex 94.85 173.8 1.4
      vertex 94.85 174.0666666666667 1.7333333333333332
      vertex 94.85 173.8 1.9147058823529415
    endloop
  endfacet
  facet normal 1 0 0
    outer loop
      vertex 94.85 173.8 1.4
      vertex 94.85 174.20000000000002 1.4
      vertex 94.85 174.0666666666667 1.7333333333333332
    endloop
  endfacet
  facet normal 1 0 0
    outer loop
      vertex 94.85 160.6 1.4
      vertex 94.85 161.4 1.4
      vertex 94.85 160.60000000000002 2.4
    endloop
  endfacet
  facet normal 1 0 0
    outer loop
      vertex 94.85 161.4 1.4
      vertex 94.85 173.8 1.4
      vertex 94.85 160.60000000000002 2.4
    endloop
  endfacet
  facet normal -1 0 0
    outer loop
      vertex 93.65 161.4 1.4949999999999997
      vertex 93.65 161.4 2.4
      vertex 93.65 173.8 2.4
    endloop
  endfacet
  facet normal 1 0 0
    outer loop
      vertex 94.85 173.8 1.4
      vertex 94.85 173.8 1.9147058823529415
      vertex 94.85 160.60000000000002 2.4
    endloop
  endfacet
  facet normal -1 0 0
    outer loop
      vertex 93.65 161.4 1.4949999999999997
      vertex 93.65 173.8 2.4
      vertex 93.65 174.18823529411767 2.346764705882352
    endloop
  endfacet
  facet normal 0 0 1
    outer loop
      vertex 93.71857142857142 160.60000000000002 2.4
      vertex 94.85 160.60000000000002 2.4
      vertex 93.65 161.4 2.4
    endloop
  endfacet
  facet normal 0 0 1
    outer loop
      vertex 94.85 160.60000000000002 2.4
      vertex 93.65 173.8 2.4
      vertex 93.65 161.4 2.4
    endloop
  endfacet
  facet normal 1 0 0
    outer loop
      vertex 94.85 173.8 1.9147058823529415
      vertex 94.85 173.8 2.4
      vertex 94.85 160.60000000000002 2.4
    endloop
  endfacet
  facet normal 1 0 0
    outer loop
      vertex 94.85 174.55428571428573 2.342857142857142
      vertex 94.85 174.60000000000002 2.370588235294117
      vertex 94.85 174.60000000000002 2.4
    endloop
  endfacet
  facet normal 0 0 1
    outer loop
      vertex 94.85 160.60000000000002 2.4
      vertex 94.85 173.8 2.4
      vertex 93.65 173.8 2.4
    endloop
  endfacet
  facet normal 1 0 0
    outer loop
      vertex 94.85 174.55428571428573 2.342857142857142
      vertex 94.85 174.60000000000002 2.4
      vertex 94.85 173.8 2.4
    endloop
  endfacet
  facet normal 0 0 1
    outer loop
      vertex 94.85 173.8 2.4
      vertex 94.85 174.60000000000002 2.4
      vertex 94.78142857142856 174.60000000000002 2.4
    endloop
  endfacet
  facet normal 0 -1 0
    outer loop
      vertex 66.25 173.8 0.6
      vertex 87.06 173.8 0.6
      vertex 87.06 173.8 1.29
    endloop
  endfacet
  facet normal 0 1 0
    outer loop
      vertex 66.25 174.60000000000002 0.6
      vertex 87.06 174.60000000000002 1.29
      vertex 87.06 174.60000000000002 0.6
    endloop
  endfacet
  facet normal 0 -1 0
    outer loop
      vertex 66.25 173.8 0.6
      vertex 87.06 173.8 1.29
      vertex 66.25 173.8 1.2899999999999998
    endloop
  endfacet
  facet normal 0 1 0
    outer loop
      vertex 66.25 174.60000000000002 0.6
      vertex 66.25 174.60000000000002 1.2899999999999998
      vertex 87.06 174.60000000000002 1.29
    endloop
  endfacet
  facet normal 1.0670091538925097e-17 1.708035422500263e-16 -1
    outer loop
      vertex 66.25 174.60000000000002 1.2899999999999998
      vertex 66.25 175.9 1.29
      vertex 87.06 174.60000000000002 1.29
    endloop
  endfacet
  facet normal 0 0 -1
    outer loop
      vertex 66.25 175.9 1.29
      vertex 87.06 175.8961111111111 1.29
      vertex 87.06 174.60000000000002 1.29
    endloop
  endfacet
  facet normal -1.0670091538925098e-17 -5.709718412349232e-14 -1
    outer loop
      vertex 66.25 175.9 1.29
      vertex 87.06 175.9 1.2899999999999998
      vertex 87.06 175.8961111111111 1.29
    endloop
  endfacet
  facet normal 0 1 0
    outer loop
      vertex 66.25 175.9 1.29
      vertex 66.25 175.9 1.2939234449760766
      vertex 86.7951219512195 175.9 2.0999999999999996
    endloop
  endfacet
  facet normal 0 1 0
    outer loop
      vertex 66.25 175.9 1.29
      vertex 86.7951219512195 175.9 2.0999999999999996
      vertex 87.06 175.9 1.2899999999999998
    endloop
  endfacet
  facet normal 1 0 0
    outer loop
      vertex 87.06 175.8961111111111 1.29
      vertex 87.06 175.9 1.2899999999999998
      vertex 87.06 175.9 2.0999999999999996
    endloop
  endfacet
  facet normal 0 1 0
    outer loop
      vertex 87.06 175.9 1.2899999999999998
      vertex 86.7951219512195 175.9 2.0999999999999996
      vertex 87.05 175.9 2.0999999999999996
    endloop
  endfacet
  facet normal 1 0 0
    outer loop
      vertex 87.06 175.8961111111111 1.29
      vertex 87.06 175.9 2.0999999999999996
      vertex 87.06 175.8961111111111 2.0999999999999996
    endloop
  endfacet
  facet normal 0 1 0
    outer loop
      vertex 87.06 175.9 1.2899999999999998
      vertex 87.05 175.9 2.0999999999999996
      vertex 87.06 175.9 2.0999999999999996
    endloop
  endfacet
  facet normal 0 0 1
    outer loop
      vertex 87.06 175.8961111111111 2.0999999999999996
      vertex 87.06 175.9 2.0999999999999996
      vertex 87.05 175.9 2.0999999999999996
    endloop
  endfacet
  facet normal 0 0 -1
    outer loop
      vertex 89.83635038430953 173.8 1.29
      vertex 90.3928571428571 174.0597995545657 1.29
      vertex 90.3928571428571 173.8 1.29
    endloop
  endfacet
  facet normal 0 0 -1
    outer loop
      vertex 90.3928571428571 173.8 1.29
      vertex 90.3928571428571 174.0597995545657 1.29
      vertex 91.55 173.8 1.29
    endloop
  endfacet
  facet normal 0 0 -1
    outer loop
      vertex 87.06 173.8 1.29
      vertex 87.06 174.60000000000002 1.29
      vertex 90.3928571428571 174.0597995545657 1.29
    endloop
  endfacet
  facet normal 0 0 -1
    outer loop
      vertex 87.06 174.60000000000002 1.29
      vertex 87.06 175.8961111111111 1.29
      vertex 90.3928571428571 174.60000000000002 1.29
    endloop
  endfacet
  facet normal 0 0 -1
    outer loop
      vertex 87.06 174.60000000000002 1.29
      vertex 90.3928571428571 174.60000000000002 1.29
      vertex 91.02413244650084 174.354504048583 1.29
    endloop
  endfacet
  facet normal 0 0 -1
    outer loop
      vertex 87.06 174.60000000000002 1.29
      vertex 91.55 174.15 1.29
      vertex 90.3928571428571 174.0597995545657 1.29
    endloop
  endfacet
  facet normal 0 0 -1
    outer loop
      vertex 87.06 174.60000000000002 1.29
      vertex 91.02413244650084 174.354504048583 1.29
      vertex 91.42142857142855 174.20000000000002 1.29
    endloop
  endfacet
  facet normal 0 0 -1
    outer loop
      vertex 87.06 174.60000000000002 1.29
      vertex 91.42142857142855 174.20000000000002 1.29
      vertex 91.55 174.15 1.29
    endloop
  endfacet
  facet normal 0 -1 0
    outer loop
      vertex 90.3928571428571 173.8 1.29
      vertex 91.55 173.8 1.29
      vertex 90.3928571428571 173.8 2.1100000000000003
    endloop
  endfacet
  facet normal 0.3624462611549475 0.9320046715412964 4.652420605348588e-17
    outer loop
      vertex 87.06 175.8961111111111 1.29
      vertex 90.3928571428571 174.60000000000002 2.1100000000000003
      vertex 90.3928571428571 174.60000000000002 1.29
    endloop
  endfacet
  facet normal 0 0 -1
    outer loop
      vertex 90.3928571428571 174.0597995545657 1.29
      vertex 91.55 174.15 1.29
      vertex 91.55 173.8 1.29
    endloop
  endfacet
  facet normal 1 0 0
    outer loop
      vertex 91.55 173.8 1.29
      vertex 91.55 174.15 1.29
      vertex 91.55 173.8 2.1100000000000003
    endloop
  endfacet
  facet normal 0.3624462611549733 0.9320046715412863 -3.1546739208300338e-18
    outer loop
      vertex 91.42142857142855 174.20000000000002 1.29
      vertex 91.55 174.15 2.1100000000000003
      vertex 91.55 174.15 1.29
    endloop
  endfacet
  facet normal 0 0 1
    outer loop
      vertex 66.25 173.81004784688997 2.1100000000000003
      vertex 74.1119047619049 174.60000000000002 2.1100000000000003
      vertex 66.25 175.9 2.1100000000000003
    endloop
  endfacet
  facet normal 0 1 0
    outer loop
      vertex 66.25 175.9 1.2939234449760766
      vertex 66.25 175.9 2.1100000000000003
      vertex 86.7951219512195 175.9 2.0999999999999996
    endloop
  endfacet
  facet normal 0 0 1
    outer loop
      vertex 66.25 175.9 2.1100000000000003
      vertex 74.1119047619049 174.60000000000002 2.1100000000000003
      vertex 87.05 175.9 2.1100000000000003
    endloop
  endfacet
  facet normal 0 1 0
    outer loop
      vertex 66.25 175.9 2.1100000000000003
      vertex 87.05 175.9 2.1100000000000003
      vertex 86.7951219512195 175.9 2.0999999999999996
    endloop
  endfacet
  facet normal 0.3624462611549475 0.9320046715412963 0
    outer loop
      vertex 87.06 175.8961111111111 1.29
      vertex 87.06 175.8961111111111 2.0999999999999996
      vertex 90.3928571428571 174.60000000000002 2.1100000000000003
    endloop
  endfacet
  facet normal 0 0 1
    outer loop
      vertex 74.1119047619049 174.60000000000002 2.1100000000000003
      vertex 89.83571428571426 174.60000000000002 2.1100000000000003
      vertex 87.05 175.9 2.1100000000000003
    endloop
  endfacet
  facet normal 0 0 1
    outer loop
      vertex 90.3928571428571 173.8 2.1100000000000003
      vertex 91.55 173.8 2.1100000000000003
      vertex 91.02402597402596 174.04545454545456 2.1100000000000003
    endloop
  endfacet
  facet normal 0 1 0
    outer loop
      vertex 86.7951219512195 175.9 2.0999999999999996
      vertex 87.05 175.9 2.1100000000000003
      vertex 87.05 175.9 2.0999999999999996
    endloop
  endfacet
  facet normal 0.362446261155268 0.9320046715411717 -1.0913200371308848e-17
    outer loop
      vertex 87.06 175.8961111111111 2.0999999999999996
      vertex 87.05 175.9 2.0999999999999996
      vertex 87.05 175.9 2.1100000000000003
    endloop
  endfacet
  facet normal 0.3624462611549485 0.9320046715412961 -3.6790874196218015e-13
    outer loop
      vertex 87.06 175.8961111111111 2.0999999999999996
      vertex 87.05 175.9 2.1100000000000003
      vertex 90.3928571428571 174.60000000000002 2.1100000000000003
    endloop
  endfacet
  facet normal 0 0 1
    outer loop
      vertex 87.05 175.9 2.1100000000000003
      vertex 89.83571428571426 174.60000000000002 2.1100000000000003
      vertex 90.3928571428571 174.60000000000002 2.1100000000000003
    endloop
  endfacet
  facet normal 0 -1 0
    outer loop
      vertex 91.55 173.8 1.29
      vertex 91.55 173.8 2.1100000000000003
      vertex 90.3928571428571 173.8 2.1100000000000003
    endloop
  endfacet
  facet normal 1 0 0
    outer loop
      vertex 91.55 174.15 1.29
      vertex 91.55 174.15 2.1100000000000003
      vertex 91.55 173.8 2.1100000000000003
    endloop
  endfacet
  facet normal 0.3624462611549733 0.9320046715412863 0
    outer loop
      vertex 91.42142857142855 174.20000000000002 1.29
      vertex 91.42142857142855 174.20000000000002 2.1100000000000003
      vertex 91.55 174.15 2.1100000000000003
    endloop
  endfacet
  facet normal 0 0 1
    outer loop
      vertex 91.55 173.8 2.1100000000000003
      vertex 91.42142857142855 174.20000000000002 2.1100000000000003
      vertex 91.02402597402596 174.04545454545456 2.1100000000000003
    endloop
  endfacet
  facet normal 0 0 1
    outer loop
      vertex 91.55 173.8 2.1100000000000003
      vertex 91.55 174.15 2.1100000000000003
      vertex 91.42142857142855 174.20000000000002 2.1100000000000003
    endloop
  endfacet
  facet normal 0 -1 0
    outer loop
      vertex 66.25 187 0.6
      vertex 87.06 187 0.6
      vertex 87.06 187 1.29
    endloop
  endfacet
  facet normal 0 1 0
    outer loop
      vertex 66.25 187.8 0.6
      vertex 87.06 187.8 1.29
      vertex 87.06 187.8 0.6
    endloop
  endfacet
  facet normal 0 -1 0
    outer loop
      vertex 66.25 187 0.6
      vertex 87.06 187 1.29
      vertex 66.25 187 1.2900000000000003
    endloop
  endfacet
  facet normal 0 1 0
    outer loop
      vertex 66.25 187.8 0.6
      vertex 66.25 187.8 1.2899999999999998
      vertex 87.06 187.8 1.29
    endloop
  endfacet
  facet normal 1 0 0
    outer loop
      vertex 87.06 187.8 0.6
      vertex 87.06 187.8 1.29
      vertex 87.06 187 1.29
    endloop
  endfacet
  facet normal 0 3.416070845000452e-16 -1
    outer loop
      vertex 66.25 185.7 1.2899999999999998
      vertex 66.25 187 1.2900000000000003
      vertex 87.06 185.7 1.2899999999999998
    endloop
  endfacet
  facet normal 3.545518988474233e-15 5.709718412307555e-14 -1
    outer loop
      vertex 66.25 187 1.2900000000000003
      vertex 87.06 185.7038888888889 1.29
      vertex 87.06 185.7 1.2899999999999998
    endloop
  endfacet
  facet normal -1.0670091538925097e-17 0 -1
    outer loop
      vertex 66.25 187 1.2900000000000003
      vertex 87.06 187 1.29
      vertex 87.06 185.7038888888889 1.29
    endloop
  endfacet
  facet normal 0 -1 0
    outer loop
      vertex 66.25 185.7 1.2899999999999998
      vertex 87.06 185.7 1.2899999999999998
      vertex 87.06 185.7 2.0999999999999996
    endloop
  endfacet
  facet normal 1 0 0
    outer loop
      vertex 87.06 185.7 1.2899999999999998
      vertex 87.06 185.7038888888889 1.29
      vertex 87.06 185.7038888888889 2.0999999999999996
    endloop
  endfacet
  facet normal 0 -1 3.5088530160992606e-14
    outer loop
      vertex 66.25 185.7 1.2899999999999998
      vertex 87.05 185.70000000000002 2.0999999999999996
      vertex 66.25 185.70000000000002 2.0999999999999996
    endloop
  endfacet
  facet normal -2.8421709430391103e-12 -1 7.301923126499248e-11
    outer loop
      vertex 66.25 185.7 1.2899999999999998
      vertex 87.06 185.7 2.0999999999999996
      vertex 87.05 185.70000000000002 2.0999999999999996
    endloop
  endfacet
  facet normal 1 0 0
    outer loop
      vertex 87.06 185.7 1.2899999999999998
      vertex 87.06 185.7038888888889 2.0999999999999996
      vertex 87.06 185.7 2.0999999999999996
    endloop
  endfacet
  facet normal 0 0 1
    outer loop
      vertex 87.06 185.7 2.0999999999999996
      vertex 87.06 185.7038888888889 2.0999999999999996
      vertex 87.05 185.70000000000002 2.0999999999999996
    endloop
  endfacet
  facet normal 0 0 -1
    outer loop
      vertex 87.06 185.7038888888889 1.29
      vertex 87.06 187 1.29
      vertex 90.3928571428571 187.2597995545657 1.29
    endloop
  endfacet
  facet normal 0 0 -1
    outer loop
      vertex 87.06 185.7038888888889 1.29
      vertex 90.3928571428571 187.2597995545657 1.29
      vertex 90.3928571428571 187 1.29
    endloop
  endfacet
  facet normal 0 0 -1
    outer loop
      vertex 87.06 187 1.29
      vertex 87.06 187.8 1.29
      vertex 90.3928571428571 187.8 1.29
    endloop
  endfacet
  facet normal 0 0 -1
    outer loop
      vertex 87.06 187 1.29
      vertex 90.75643683176955 187.4295330569496 1.29
      vertex 90.3928571428571 187.2597995545657 1.29
    endloop
  endfacet
  facet normal 0 0 -1
    outer loop
      vertex 87.06 187 1.29
      vertex 91.55 187.8 1.29
      vertex 90.75643683176955 187.4295330569496 1.29
    endloop
  endfacet
  facet normal 0 0 -1
    outer loop
      vertex 87.06 187 1.29
      vertex 90.3928571428571 187.8 1.29
      vertex 91.55 187.8 1.29
    endloop
  endfacet
  facet normal 0 0 -1
    outer loop
      vertex 90.3928571428571 187 1.29
      vertex 90.3928571428571 187.2597995545657 1.29
      vertex 91.22839235972933 187.324930362117 1.29
    endloop
  endfacet
  facet normal 0.3624462611549475 -0.9320046715412963 0
    outer loop
      vertex 87.06 185.7038888888889 1.29
      vertex 90.3928571428571 187 1.29
      vertex 87.06 185.7038888888889 2.0999999999999996
    endloop
  endfacet
  facet normal 0 0 -1
    outer loop
      vertex 90.75643683176955 187.4295330569496 1.29
      vertex 91.55 187.8 1.29
      vertex 91.42142857142855 187.4 1.29
    endloop
  endfacet
  facet normal 0 0 -1
    outer loop
      vertex 91.42142857142855 187.4 1.29
      vertex 91.55 187.8 1.29
      vertex 91.55 187.45000000000002 1.29
    endloop
  endfacet
  facet normal 0 1 0
    outer loop
      vertex 90.3928571428571 187.8 1.29
      vertex 91.55 187.8 2.1100000000000003
      vertex 91.55 187.8 1.29
    endloop
  endfacet
  facet normal 0.3624462611549733 -0.9320046715412863 0
    outer loop
      vertex 91.42142857142855 187.4 1.29
      vertex 91.55 187.45000000000002 1.29
      vertex 91.42142857142855 187.4 2.1100000000000003
    endloop
  endfacet
  facet normal 1 0 0
    outer loop
      vertex 91.55 187.45000000000002 1.29
      vertex 91.55 187.8 1.29
      vertex 91.55 187.45000000000002 2.1100000000000003
    endloop
  endfacet
  facet normal 0 0 1
    outer loop
      vertex 66.25 185.70000000000002 2.1100000000000003
      vertex 85.01857142857118 187 2.1100000000000003
      vertex 66.25 187.00159655347187 2.1100000000000003
    endloop
  endfacet
  facet normal 0 -1 0
    outer loop
      vertex 66.25 185.70000000000002 2.0999999999999996
      vertex 87.05 185.70000000000002 2.1100000000000003
      vertex 66.25 185.70000000000002 2.1100000000000003
    endloop
  endfacet
  facet normal 0 0 1
    outer loop
      vertex 66.25 185.70000000000002 2.1100000000000003
      vertex 87.05 185.70000000000002 2.1100000000000003
      vertex 85.01857142857118 187 2.1100000000000003
    endloop
  endfacet
  facet normal 0 -1 0
    outer loop
      vertex 66.25 185.70000000000002 2.0999999999999996
      vertex 87.05 185.70000000000002 2.0999999999999996
      vertex 87.05 185.70000000000002 2.1100000000000003
    endloop
  endfacet
  facet normal 0 0 1
    outer loop
      vertex 66.25 187.00159655347187 2.1100000000000003
      vertex 85.01857142857118 187 2.1100000000000003
      vertex 90.70976476353832 187.39210977701546 2.1100000000000003
    endloop
  endfacet
  facet normal 0.3624462611549475 -0.9320046715412964 0
    outer loop
      vertex 90.3928571428571 187 1.29
      vertex 90.3928571428571 187 2.1100000000000003
      vertex 87.06 185.7038888888889 2.0999999999999996
    endloop
  endfacet
  facet normal 0 1 0
    outer loop
      vertex 90.3928571428571 187.8 1.29
      vertex 90.3928571428571 187.8 2.1100000000000003
      vertex 91.55 187.8 2.1100000000000003
    endloop
  endfacet
  facet normal 0 0 1
    outer loop
      vertex 85.01857142857118 187 2.1100000000000003
      vertex 87.05 185.70000000000002 2.1100000000000003
      vertex 90.3928571428571 187 2.1100000000000003
    endloop
  endfacet
  facet normal 0.362446261155268 -0.9320046715411717 -1.2298940450960113e-10
    outer loop
      vertex 87.05 185.70000000000002 2.0999999999999996
      vertex 87.06 185.7038888888889 2.0999999999999996
      vertex 90.3928571428571 187 2.1100000000000003
    endloop
  endfacet
  facet normal 0.3624462611549485 -0.9320046715412961 0
    outer loop
      vertex 87.05 185.70000000000002 2.0999999999999996
      vertex 90.3928571428571 187 2.1100000000000003
      vertex 87.05 185.70000000000002 2.1100000000000003
    endloop
  endfacet
  facet normal 0 0 1
    outer loop
      vertex 90.55637496377858 187.46369168357 2.1100000000000003
      vertex 90.70976476353832 187.39210977701546 2.1100000000000003
      vertex 91.33155757286187 187.43494983277594 2.1100000000000003
    endloop
  endfacet
  facet normal 0 0 1
    outer loop
      vertex 90.3928571428571 187.8 2.1100000000000003
      vertex 90.55637496377858 187.46369168357 2.1100000000000003
      vertex 91.55 187.8 2.1100000000000003
    endloop
  endfacet
  facet normal 0.3624462611549733 -0.9320046715412863 0
    outer loop
      vertex 91.55 187.45000000000002 1.29
      vertex 91.55 187.45000000000002 2.1100000000000003
      vertex 91.42142857142855 187.4 2.1100000000000003
    endloop
  endfacet
  facet normal 1 0 0
    outer loop
      vertex 91.55 187.8 1.29
      vertex 91.55 187.8 2.1100000000000003
      vertex 91.55 187.45000000000002 2.1100000000000003
    endloop
  endfacet
  facet normal 0 0 1
    outer loop
      vertex 90.55637496377858 187.46369168357 2.1100000000000003
      vertex 91.33155757286187 187.43494983277594 2.1100000000000003
      vertex 91.55 187.45000000000002 2.1100000000000003
    endloop
  endfacet
  facet normal 0 0 1
    outer loop
      vertex 90.55637496377858 187.46369168357 2.1100000000000003
      vertex 91.55 187.45000000000002 2.1100000000000003
      vertex 91.55 187.8 2.1100000000000003
    endloop
  endfacet
  facet normal 0 0 1
    outer loop
      vertex 91.42142857142855 187.4 2.1100000000000003
      vertex 91.55 187.45000000000002 2.1100000000000003
      vertex 91.33155757286187 187.43494983277594 2.1100000000000003
    endloop
  endfacet
  facet normal 0 -1 0
    outer loop
      vertex 94.85 173.8 0.6
      vertex 100.85 173.8 0.6
      vertex 94.85 173.8 1.4
    endloop
  endfacet
  facet normal 0 -1 0
    outer loop
      vertex 100.85 173.8 0.6
      vertex 100.85 173.8 1.4
      vertex 94.85 173.8 1.4
    endloop
  endfacet
  facet normal 0 0 1
    outer loop
      vertex 94.85 173.8 1.4
      vertex 100.85 173.8 1.4
      vertex 94.85 174.20000000000002 1.4
    endloop
  endfacet
  facet normal 0 1 0
    outer loop
      vertex 94.85 187.8 0.6
      vertex 100.85 187.8 1.4
      vertex 100.85 187.8 0.6
    endloop
  endfacet
  facet normal 0 1 0
    outer loop
      vertex 94.85 187.8 0.6
      vertex 94.85 187.8 1.4
      vertex 100.85 187.8 1.4
    endloop
  endfacet
  facet normal 0 0 1
    outer loop
      vertex 94.85 187.8 1.4
      vertex 100.85 187 1.4
      vertex 100.85 187.8 1.4
    endloop
  endfacet
  facet normal -1 0 0
    outer loop
      vertex 100.85 173.8 1.4
      vertex 100.85 174.60000000000002 2.63
      vertex 100.85 174.60000000000002 1.4
    endloop
  endfacet
  facet normal -1 0 0
    outer loop
      vertex 100.85 173.8 1.4
      vertex 100.85 173.8 2.63
      vertex 100.85 174.60000000000002 2.6499999999999995
    endloop
  endfacet
  facet normal -1 0 0
    outer loop
      vertex 100.85 173.8 1.4
      vertex 100.85 174.60000000000002 2.6499999999999995
      vertex 100.85 174.60000000000002 2.63
    endloop
  endfacet
  facet normal -1 0 0
    outer loop
      vertex 100.85 173.8 2.63
      vertex 100.85 173.8 2.6499999999999995
      vertex 100.85 174.60000000000002 2.6499999999999995
    endloop
  endfacet
  facet normal 0 1 0
    outer loop
      vertex 100.85 174.60000000000002 0.6
      vertex 100.85 174.60000000000002 1.4
      vertex 200 174.60000000000002 0.6
    endloop
  endfacet
  facet normal 0 -1 0
    outer loop
      vertex 100.86188541292101 173.8 0.6
      vertex 199.52392156862743 173.8 0.6
      vertex 103.2167532467532 173.8 2.5813092313092323
    endloop
  endfacet
  facet normal 0 1 0
    outer loop
      vertex 100.85 174.60000000000002 1.4
      vertex 100.85 174.60000000000002 2.63
      vertex 200 174.60000000000002 0.6
    endloop
  endfacet
  facet normal 0 1 0
    outer loop
      vertex 100.85 174.60000000000002 2.63
      vertex 200 174.60000000000002 2.63
      vertex 200 174.60000000000002 0.6
    endloop
  endfacet
  facet normal -1 0 0
    outer loop
      vertex 100.85 174.60000000000002 2.63
      vertex 100.85 174.60000000000002 2.6499999999999995
      vertex 100.85 175.9 2.63
    endloop
  endfacet
  facet normal -1 0 0
    outer loop
      vertex 100.85 175.9 2.63
      vertex 100.85 174.60000000000002 2.6499999999999995
      vertex 100.85 175.9 3.44
    endloop
  endfacet
  facet normal -1 0 0
    outer loop
      vertex 100.85 174.60000000000002 2.6499999999999995
      vertex 100.85 174.6 3.44
      vertex 100.85 175.9 3.44
    endloop
  endfacet
  facet normal 0 0 -1
    outer loop
      vertex 100.85 174.60000000000002 2.63
      vertex 100.85 175.9 2.63
      vertex 200 174.60000000000002 2.63
    endloop
  endfacet
  facet normal 0 1 0
    outer loop
      vertex 100.85 175.9 2.63
      vertex 100.85 175.9 3.44
      vertex 200 175.9 2.63
    endloop
  endfacet
  facet normal 0 0 1
    outer loop
      vertex 100.85 174.6 3.44
      vertex 200 175.9 3.44
      vertex 100.85 175.9 3.44
    endloop
  endfacet
  facet normal 0 0 -1
    outer loop
      vertex 100.85 175.9 2.63
      vertex 200 175.9 2.63
      vertex 200 174.60000000000002 2.63
    endloop
  endfacet
  facet normal 0 1 0
    outer loop
      vertex 100.85 175.9 3.44
      vertex 200 175.9 3.44
      vertex 200 175.9 2.63
    endloop
  endfacet
  facet normal 0 0 1
    outer loop
      vertex 100.85 174.6 3.44
      vertex 200 174.6 3.44
      vertex 200 175.9 3.44
    endloop
  endfacet
  facet normal 0 -1 0
    outer loop
      vertex 100.85 187 0.6
      vertex 200 187 0.6
      vertex 100.85 187 1.4
    endloop
  endfacet
  facet normal 0 1 0
    outer loop
      vertex 100.85 187.8 0.6
      vertex 100.85 187.8 1.4
      vertex 200 187.8 0.6
    endloop
  endfacet
  facet normal 0 -1 0
    outer loop
      vertex 100.85 187 1.4
      vertex 200 187 0.6
      vertex 100.85 187 2.63
    endloop
  endfacet
  facet normal 0 1 0
    outer loop
      vertex 100.85 187.8 1.4
      vertex 200 187.8 2.6298759580475997
      vertex 200 187.8 0.6
    endloop
  endfacet
  facet normal 0 -1 0
    outer loop
      vertex 100.85 187 2.63
      vertex 200 187 0.6
      vertex 200 187 2.63
    endloop
  endfacet
  facet normal -1 0 0
    outer loop
      vertex 100.85 185.7 2.63
      vertex 100.85 187 2.6499999999999995
      vertex 100.85 187 2.63
    endloop
  endfacet
  facet normal -1 0 0
    outer loop
      vertex 100.85 185.7 2.63
      vertex 100.85 187.79999999999998 3.44
      vertex 100.85 187 2.6499999999999995
    endloop
  endfacet
  facet normal -1 0 0
    outer loop
      vertex 100.85 187 2.6499999999999995
      vertex 100.85 187.79999999999998 3.44
      vertex 100.85 187.8 2.6499999999999995
    endloop
  endfacet
  facet normal -1 0 0
    outer loop
      vertex 100.85 185.7 2.63
      vertex 100.85 185.7 3.44
      vertex 100.85 187.79999999999998 3.44
    endloop
  endfacet
  facet normal 0 0 -1
    outer loop
      vertex 100.85 185.7 2.63
      vertex 100.85 187 2.63
      vertex 200 185.7 2.63
    endloop
  endfacet
  facet normal 0 -1 0
    outer loop
      vertex 100.85 185.7 2.63
      vertex 200 185.7 3.44
      vertex 100.85 185.7 3.44
    endloop
  endfacet
  facet normal 0 0 1
    outer loop
      vertex 100.85 185.7 3.44
      vertex 200 187.79999999999998 3.44
      vertex 100.85 187.79999999999998 3.44
    endloop
  endfacet
  facet normal 0 0 -1
    outer loop
      vertex 100.85 187 2.63
      vertex 200 187 2.63
      vertex 200 185.7 2.63
    endloop
  endfacet
  facet normal 0 -1 0
    outer loop
      vertex 100.85 185.7 2.63
      vertex 200 185.7 2.63
      vertex 200 185.7 3.44
    endloop
  endfacet
  facet normal 0 0 1
    outer loop
      vertex 100.85 185.7 3.44
      vertex 200 185.7 3.44
      vertex 200 187.79999999999998 3.44
    endloop
  endfacet
  facet normal 1 0 0
    outer loop
      vertex 94.85 174.60000000000002 0.6
      vertex 94.85 187 0.6
      vertex 94.85 174.60000000000002 1.4
    endloop
  endfacet
  facet normal -1 0 0
    outer loop
      vertex 93.65 173.8 0.6
      vertex 93.65 173.8 1.468382352941176
      vertex 93.65 187.8 2.4
    endloop
  endfacet
  facet normal 1 0 0
    outer loop
      vertex 94.85 174.20000000000002 1.4
      vertex 94.85 174.60000000000002 1.4
      vertex 94.85 174.0666666666667 1.7333333333333332
    endloop
  endfacet
  facet normal 1 0 0
    outer loop
      vertex 94.85 174.60000000000002 1.4
      vertex 94.85 187 1.4
      vertex 94.85 174.55428571428573 2.342857142857142
    endloop
  endfacet
  facet normal -1 0 0
    outer loop
      vertex 93.65 173.8 0.6
      vertex 93.65 187.8 1.4949999999999999
      vertex 93.65 187.0088397790055 0.6
    endloop
  endfacet
  facet normal 1 0 0
    outer loop
      vertex 94.85 174.60000000000002 1.4
      vertex 94.85 187 0.6
      vertex 94.85 187 1.4
    endloop
  endfacet
  facet normal -1 0 0
    outer loop
      vertex 93.65 173.8 0.6
      vertex 93.65 187.8 2.4
      vertex 93.65 187.8 1.4949999999999999
    endloop
  endfacet
  facet normal 1 0 0
    outer loop
      vertex 94.85 174.60000000000002 1.4
      vertex 94.85 173.8 2.4
      vertex 94.85 174.0666666666667 1.7333333333333332
    endloop
  endfacet
  facet normal 1 0 0
    outer loop
      vertex 94.85 173.8 1.9147058823529415
      vertex 94.85 174.0666666666667 1.7333333333333332
      vertex 94.85 173.8 2.4
    endloop
  endfacet
  facet normal 1 0 0
    outer loop
      vertex 94.85 174.60000000000002 1.4
      vertex 94.85 174.55428571428573 2.342857142857142
      vertex 94.85 173.8 2.4
    endloop
  endfacet
  facet normal 1 0 0
    outer loop
      vertex 94.85 187 1.4
      vertex 94.85 174.60000000000002 2.370588235294117
      vertex 94.85 174.55428571428573 2.342857142857142
    endloop
  endfacet
  facet normal -1 0 0
    outer loop
      vertex 93.65 173.8 1.468382352941176
      vertex 93.65 174.18823529411767 2.346764705882352
      vertex 93.65 187.8 2.4
    endloop
  endfacet
  facet normal 0 0 1
    outer loop
      vertex 93.65 173.8 2.4
      vertex 94.85 173.8 2.4
      vertex 94.78142857142856 174.60000000000002 2.4
    endloop
  endfacet
  facet normal -1 0 0
    outer loop
      vertex 93.65 174.18823529411767 2.346764705882352
      vertex 93.65 173.8 2.4
      vertex 93.65 187.8 2.4
    endloop
  endfacet
  facet normal 0 0 1
    outer loop
      vertex 93.65 173.8 2.4
      vertex 94.78142857142856 174.60000000000002 2.4
      vertex 93.71857142857144 187 2.4
    endloop
  endfacet
  facet normal 1 0 0
    outer loop
      vertex 94.85 174.60000000000002 2.370588235294117
      vertex 94.85 187 2.4
      vertex 94.85 174.60000000000002 2.4
    endloop
  endfacet
  facet normal 0 0 1
    outer loop
      vertex 94.85 174.60000000000002 2.4
      vertex 94.85 187 2.4
      vertex 94.78142857142856 174.60000000000002 2.4
    endloop
  endfacet
  facet normal 1 0 0
    outer loop
      vertex 94.85 187 1.4
      vertex 94.85 187 2.4
      vertex 94.85 174.60000000000002 2.370588235294117
    endloop
  endfacet
  facet normal 0 0 1
    outer loop
      vertex 93.65 173.8 2.4
      vertex 93.71857142857144 187 2.4
      vertex 93.65 187.8 2.4
    endloop
  endfacet
  facet normal 0 0 1
    outer loop
      vertex 94.78142857142856 174.60000000000002 2.4
      vertex 94.85 187 2.4
      vertex 93.71857142857144 187 2.4
    endloop
  endfacet
  facet normal 1 0 0
    outer loop
      vertex 87.06 187 0.6
      vertex 87.06 187.8 0.6
      vertex 87.06 187 1.29
    endloop
  endfacet
  facet normal 1.0670091538925097e-17 1.708035422500263e-16 -1
    outer loop
      vertex 66.25 187.8 1.2899999999999998
      vertex 66.25 189.1 1.29
      vertex 87.06 187.8 1.29
    endloop
  endfacet
  facet normal 0 0 -1
    outer loop
      vertex 66.25 189.1 1.29
      vertex 87.06 189.0961111111111 1.29
      vertex 87.06 187.8 1.29
    endloop
  endfacet
  facet normal -1.0670091538925098e-17 -5.709718412349232e-14 -1
    outer loop
      vertex 66.25 189.1 1.29
      vertex 87.06 189.1 1.2899999999999998
      vertex 87.06 189.0961111111111 1.29
    endloop
  endfacet
  facet normal 0 1 0
    outer loop
      vertex 66.25 189.1 1.29
      vertex 66.25 189.1 1.2939234449760766
      vertex 86.7951219512195 189.1 2.0999999999999996
    endloop
  endfacet
  facet normal 0 1 0
    outer loop
      vertex 66.25 189.1 1.29
      vertex 86.7951219512195 189.1 2.0999999999999996
      vertex 87.06 189.1 1.2899999999999998
    endloop
  endfacet
  facet normal 1 0 0
    outer loop
      vertex 87.06 189.0961111111111 1.29
      vertex 87.06 189.1 1.2899999999999998
      vertex 87.06 189.1 2.0999999999999996
    endloop
  endfacet
  facet normal 0 1 0
    outer loop
      vertex 87.06 189.1 1.2899999999999998
      vertex 86.7951219512195 189.1 2.0999999999999996
      vertex 87.05 189.1 2.0999999999999996
    endloop
  endfacet
  facet normal 1 0 0
    outer loop
      vertex 87.06 189.0961111111111 1.29
      vertex 87.06 189.1 2.0999999999999996
      vertex 87.06 189.0961111111111 2.0999999999999996
    endloop
  endfacet
  facet normal 0 1 0
    outer loop
      vertex 87.06 189.1 1.2899999999999998
      vertex 87.05 189.1 2.0999999999999996
      vertex 87.06 189.1 2.0999999999999996
    endloop
  endfacet
  facet normal 0 0 1
    outer loop
      vertex 87.06 189.0961111111111 2.0999999999999996
      vertex 87.06 189.1 2.0999999999999996
      vertex 87.05 189.1 2.0999999999999996
    endloop
  endfacet
  facet normal 0 0 -1
    outer loop
      vertex 87.06 187.8 1.29
      vertex 87.06 189.0961111111111 1.29
      vertex 90.3928571428571 187.8 1.29
    endloop
  endfacet
  facet normal 0 0 -1
    outer loop
      vertex 90.3928571428571 187.2597995545657 1.29
      vertex 90.75643683176955 187.4295330569496 1.29
      vertex 91.22839235972933 187.324930362117 1.29
    endloop
  endfacet
  facet normal 0.3624462611549475 0.9320046715412963 0
    outer loop
      vertex 87.06 189.0961111111111 1.29
      vertex 87.06 189.0961111111111 2.0999999999999996
      vertex 90.3928571428571 187.8 1.29
    endloop
  endfacet
  facet normal 0 0 -1
    outer loop
      vertex 90.3928571428571 187 1.29
      vertex 91.22839235972933 187.324930362117 1.29
      vertex 91.55 187 1.29
    endloop
  endfacet
  facet normal 0 0 -1
    outer loop
      vertex 90.75643683176955 187.4295330569496 1.29
      vertex 91.42142857142855 187.4 1.29
      vertex 91.55 187.35 1.29
    endloop
  endfacet
  facet normal 0 0 -1
    outer loop
      vertex 90.75643683176955 187.4295330569496 1.29
      vertex 91.55 187.35 1.29
      vertex 91.22839235972933 187.324930362117 1.29
    endloop
  endfacet
  facet normal 0 0 -1
    outer loop
      vertex 91.55 187 1.29
      vertex 91.22839235972933 187.324930362117 1.29
      vertex 91.55 187.35 1.29
    endloop
  endfacet
  facet normal 0 -1 0
    outer loop
      vertex 90.3928571428571 187 1.29
      vertex 91.55 187 1.29
      vertex 91.55 187 2.1100000000000003
    endloop
  endfacet
  facet normal 1 0 0
    outer loop
      vertex 91.55 187 1.29
      vertex 91.55 187.35 1.29
      vertex 91.55 187 2.1100000000000003
    endloop
  endfacet
  facet normal 0.3624462611549733 0.9320046715412863 0
    outer loop
      vertex 91.42142857142855 187.4 1.29
      vertex 91.42142857142855 187.4 2.1100000000000003
      vertex 91.55 187.35 1.29
    endloop
  endfacet
  facet normal 0 1 0
    outer loop
      vertex 66.25 189.1 1.2939234449760766
      vertex 66.25 189.1 2.1100000000000003
      vertex 86.7951219512195 189.1 2.0999999999999996
    endloop
  endfacet
  facet normal 0 0 1
    outer loop
      vertex 66.25 187.00159655347187 2.1100000000000003
      vertex 87.05 189.1 2.1100000000000003
      vertex 66.25 189.1 2.1100000000000003
    endloop
  endfacet
  facet normal 0 1 0
    outer loop
      vertex 66.25 189.1 2.1100000000000003
      vertex 87.05 189.1 2.1100000000000003
      vertex 86.7951219512195 189.1 2.0999999999999996
    endloop
  endfacet
  facet normal 0 0 1
    outer loop
      vertex 66.25 187.00159655347187 2.1100000000000003
      vertex 90.55637496377858 187.46369168357 2.1100000000000003
      vertex 87.05 189.1 2.1100000000000003
    endloop
  endfacet
  facet normal 0 -1 0
    outer loop
      vertex 90.3928571428571 187 1.29
      vertex 91.55 187 2.1100000000000003
      vertex 90.3928571428571 187 2.1100000000000003
    endloop
  endfacet
  facet normal 0.36244626115484174 0.9320046715413374 -4.859097006510281e-13
    outer loop
      vertex 90.3928571428571 187.8 1.29
      vertex 87.06 189.0961111111111 2.0999999999999996
      vertex 87.05 189.1 2.1100000000000003
    endloop
  endfacet
  facet normal 0.3624462611549484 0.932004671541296 0
    outer loop
      vertex 90.3928571428571 187.8 1.29
      vertex 87.05 189.1 2.1100000000000003
      vertex 90.3928571428571 187.8 2.1100000000000003
    endloop
  endfacet
  facet normal 0 0 1
    outer loop
      vertex 66.25 187.00159655347187 2.1100000000000003
      vertex 90.70976476353832 187.39210977701546 2.1100000000000003
      vertex 90.55637496377858 187.46369168357 2.1100000000000003
    endloop
  endfacet
  facet normal 0 1 0
    outer loop
      vertex 86.7951219512195 189.1 2.0999999999999996
      vertex 87.05 189.1 2.1100000000000003
      vertex 87.05 189.1 2.0999999999999996
    endloop
  endfacet
  facet normal 0.362446261155268 0.9320046715411717 -1.0913200371308848e-17
    outer loop
      vertex 87.06 189.0961111111111 2.0999999999999996
      vertex 87.05 189.1 2.0999999999999996
      vertex 87.05 189.1 2.1100000000000003
    endloop
  endfacet
  facet normal 0 0 1
    outer loop
      vertex 85.01857142857118 187 2.1100000000000003
      vertex 90.3928571428571 187 2.1100000000000003
      vertex 90.70976476353832 187.39210977701546 2.1100000000000003
    endloop
  endfacet
  facet normal 0 0 1
    outer loop
      vertex 87.05 189.1 2.1100000000000003
      vertex 90.55637496377858 187.46369168357 2.1100000000000003
      vertex 90.3928571428571 187.8 2.1100000000000003
    endloop
  endfacet
  facet normal 0 0 1
    outer loop
      vertex 90.3928571428571 187 2.1100000000000003
      vertex 91.55 187 2.1100000000000003
      vertex 90.70976476353832 187.39210977701546 2.1100000000000003
    endloop
  endfacet
  facet normal 1 0 0
    outer loop
      vertex 91.55 187.35 1.29
      vertex 91.55 187.35 2.1100000000000003
      vertex 91.55 187 2.1100000000000003
    endloop
  endfacet
  facet normal 0.3624462611549733 0.9320046715412863 0
    outer loop
      vertex 91.55 187.35 1.29
      vertex 91.42142857142855 187.4 2.1100000000000003
      vertex 91.55 187.35 2.1100000000000003
    endloop
  endfacet
  facet normal 0 0 1
    outer loop
      vertex 90.70976476353832 187.39210977701546 2.1100000000000003
      vertex 91.55 187 2.1100000000000003
      vertex 91.33155757286187 187.43494983277594 2.1100000000000003
    endloop
  endfacet
  facet normal 0 0 1
    outer loop
      vertex 91.55 187 2.1100000000000003
      vertex 91.55 187.35 2.1100000000000003
      vertex 91.42142857142855 187.4 2.1100000000000003
    endloop
  endfacet
  facet normal 0 0 1
    outer loop
      vertex 91.55 187 2.1100000000000003
      vertex 91.42142857142855 187.4 2.1100000000000003
      vertex 91.33155757286187 187.43494983277594 2.1100000000000003
    endloop
  endfacet
  facet normal 1 0 0
    outer loop
      vertex 87.06 200.2 0.6
      vertex 87.06 201 0.6
      vertex 87.06 200.2 1.29
    endloop
  endfacet
  facet normal 1 0 0
    outer loop
      vertex 87.06 201 0.6
      vertex 87.06 201 1.29
      vertex 87.06 200.2 1.29
    endloop
  endfacet
  facet normal 0 0 -1
    outer loop
      vertex 66.25 198.89999999999998 1.2899999999999998
      vertex 66.25 200.2 1.2899999999999998
      vertex 87.06 198.89999999999998 1.2899999999999998
    endloop
  endfacet
  facet normal 3.566859171552084e-15 5.709718412307555e-14 -1
    outer loop
      vertex 66.25 200.2 1.2899999999999998
      vertex 87.06 198.9038888888889 1.29
      vertex 87.06 198.89999999999998 1.2899999999999998
    endloop
  endfacet
  facet normal 1.0670091538925097e-17 0 -1
    outer loop
      vertex 66.25 200.2 1.2899999999999998
      vertex 87.06 200.2 1.29
      vertex 87.06 198.9038888888889 1.29
    endloop
  endfacet
  facet normal 0 -1 0
    outer loop
      vertex 66.25 198.89999999999998 1.2899999999999998
      vertex 87.06 198.89999999999998 1.2899999999999998
      vertex 87.06 198.89999999999998 2.0999999999999996
    endloop
  endfacet
  facet normal 1 0 0
    outer loop
      vertex 87.06 198.89999999999998 1.2899999999999998
      vertex 87.06 198.9038888888889 1.29
      vertex 87.06 198.9038888888889 2.0999999999999996
    endloop
  endfacet
  facet normal 0 -1 3.5088530160992606e-14
    outer loop
      vertex 66.25 198.89999999999998 1.2899999999999998
      vertex 87.05 198.9 2.0999999999999996
      vertex 66.25 198.9 2.0999999999999996
    endloop
  endfacet
  facet normal -2.8421709430391103e-12 -1 7.301923126499248e-11
    outer loop
      vertex 66.25 198.89999999999998 1.2899999999999998
      vertex 87.06 198.89999999999998 2.0999999999999996
      vertex 87.05 198.9 2.0999999999999996
    endloop
  endfacet
  facet normal 1 0 0
    outer loop
      vertex 87.06 198.89999999999998 1.2899999999999998
      vertex 87.06 198.9038888888889 2.0999999999999996
      vertex 87.06 198.89999999999998 2.0999999999999996
    endloop
  endfacet
  facet normal 0 0 1
    outer loop
      vertex 87.06 198.89999999999998 2.0999999999999996
      vertex 87.06 198.9038888888889 2.0999999999999996
      vertex 87.05 198.9 2.0999999999999996
    endloop
  endfacet
  facet normal 0 0 -1
    outer loop
      vertex 87.06 198.9038888888889 1.29
      vertex 87.06 200.2 1.29
      vertex 89.83635038430953 200.2 1.29
    endloop
  endfacet
  facet normal 0 0 -1
    outer loop
      vertex 87.06 198.9038888888889 1.29
      vertex 89.83635038430953 200.2 1.29
      vertex 90.3928571428571 200.2 1.29
    endloop
  endfacet
  facet normal 0 0 -1
    outer loop
      vertex 87.06 200.2 1.29
      vertex 90.3928571428571 200.45979955456568 1.29
      vertex 89.83635038430953 200.2 1.29
    endloop
  endfacet
  facet normal 0 0 -1
    outer loop
      vertex 90.3928571428571 201 1.29
      vertex 91.55 201 1.29
      vertex 91.02413244650084 200.754504048583 1.29
    endloop
  endfacet
  facet normal 0.3624462611549475 -0.9320046715412964 -4.652420605348588e-17
    outer loop
      vertex 87.06 198.9038888888889 1.29
      vertex 90.3928571428571 200.2 1.29
      vertex 90.3928571428571 200.2 2.1100000000000003
    endloop
  endfacet
  facet normal 0 1 0
    outer loop
      vertex 90.3928571428571 201 1.29
      vertex 90.3928571428571 201 2.1100000000000003
      vertex 91.55 201 1.29
    endloop
  endfacet
  facet normal 0 0 -1
    outer loop
      vertex 91.02413244650084 200.754504048583 1.29
      vertex 91.55 201 1.29
      vertex 91.42142857142855 200.6 1.29
    endloop
  endfacet
  facet normal 0 0 -1
    outer loop
      vertex 91.42142857142855 200.6 1.29
      vertex 91.55 201 1.29
      vertex 91.55 200.65 1.29
    endloop
  endfacet
  facet normal 0.3624462611549733 -0.9320046715412863 3.1546739208300338e-18
    outer loop
      vertex 91.42142857142855 200.6 1.29
      vertex 91.55 200.65 1.29
      vertex 91.55 200.65 2.1100000000000003
    endloop
  endfacet
  facet normal 1 0 0
    outer loop
      vertex 91.55 200.65 1.29
      vertex 91.55 201 1.29
      vertex 91.55 200.65 2.1100000000000003
    endloop
  endfacet
  facet normal 0 0 1
    outer loop
      vertex 66.25 198.9 2.1100000000000003
      vertex 74.1119047619049 201 2.1100000000000003
      vertex 66.25 200.21004784688995 2.1100000000000003
    endloop
  endfacet
  facet normal 0 -1 0
    outer loop
      vertex 66.25 198.9 2.0999999999999996
      vertex 87.05 198.9 2.1100000000000003
      vertex 66.25 198.9 2.1100000000000003
    endloop
  endfacet
  facet normal 0 0 1
    outer loop
      vertex 66.25 198.9 2.1100000000000003
      vertex 89.83571428571426 201 2.1100000000000003
      vertex 74.1119047619049 201 2.1100000000000003
    endloop
  endfacet
  facet normal 0 -1 0
    outer loop
      vertex 66.25 198.9 2.0999999999999996
      vertex 87.05 198.9 2.0999999999999996
      vertex 87.05 198.9 2.1100000000000003
    endloop
  endfacet
  facet normal 0 0 1
    outer loop
      vertex 66.25 198.9 2.1100000000000003
      vertex 87.05 198.9 2.1100000000000003
      vertex 90.3928571428571 200.2 2.1100000000000003
    endloop
  endfacet
  facet normal 0.3624462611549475 -0.9320046715412963 0
    outer loop
      vertex 87.06 198.9038888888889 1.29
      vertex 90.3928571428571 200.2 2.1100000000000003
      vertex 87.06 198.9038888888889 2.0999999999999996
    endloop
  endfacet
  facet normal 0 0 1
    outer loop
      vertex 66.25 198.9 2.1100000000000003
      vertex 90.3928571428571 200.2 2.1100000000000003
      vertex 91.02402597402596 200.44545454545454 2.1100000000000003
    endloop
  endfacet
  facet normal 0 0 1
    outer loop
      vertex 66.25 198.9 2.1100000000000003
      vertex 91.55 200.65 2.1100000000000003
      vertex 89.83571428571426 201 2.1100000000000003
    endloop
  endfacet
  facet normal 0 0 1
    outer loop
      vertex 66.25 198.9 2.1100000000000003
      vertex 91.02402597402596 200.44545454545454 2.1100000000000003
      vertex 91.42142857142855 200.6 2.1100000000000003
    endloop
  endfacet
  facet normal 0 0 1
    outer loop
      vertex 66.25 198.9 2.1100000000000003
      vertex 91.42142857142855 200.6 2.1100000000000003
      vertex 91.55 200.65 2.1100000000000003
    endloop
  endfacet
  facet normal 0.362446261155268 -0.9320046715411717 0
    outer loop
      vertex 87.05 198.9 2.0999999999999996
      vertex 87.06 198.9038888888889 2.0999999999999996
      vertex 87.05 198.9 2.1100000000000003
    endloop
  endfacet
  facet normal 0.36244626115494843 -0.9320046715412961 -3.6790833293308025e-13
    outer loop
      vertex 87.06 198.9038888888889 2.0999999999999996
      vertex 90.3928571428571 200.2 2.1100000000000003
      vertex 87.05 198.9 2.1100000000000003
    endloop
  endfacet
  facet normal 0 0 1
    outer loop
      vertex 89.83571428571426 201 2.1100000000000003
      vertex 91.55 200.65 2.1100000000000003
      vertex 90.3928571428571 201 2.1100000000000003
    endloop
  endfacet
  facet normal 0 1 0
    outer loop
      vertex 91.55 201 1.29
      vertex 90.3928571428571 201 2.1100000000000003
      vertex 91.55 201 2.1100000000000003
    endloop
  endfacet
  facet normal 0.3624462611549733 -0.9320046715412863 0
    outer loop
      vertex 91.42142857142855 200.6 1.29
      vertex 91.55 200.65 2.1100000000000003
      vertex 91.42142857142855 200.6 2.1100000000000003
    endloop
  endfacet
  facet normal 1 0 0
    outer loop
      vertex 91.55 201 1.29
      vertex 91.55 201 2.1100000000000003
      vertex 91.55 200.65 2.1100000000000003
    endloop
  endfacet
  facet normal 0 0 1
    outer loop
      vertex 90.3928571428571 201 2.1100000000000003
      vertex 91.55 200.65 2.1100000000000003
      vertex 91.55 201 2.1100000000000003
    endloop
  endfacet
  facet normal 0 -1 0
    outer loop
      vertex 94.85 187 0.6
      vertex 100.85 187 0.6
      vertex 94.85 187 1.4
    endloop
  endfacet
  facet normal 0 -1 0
    outer loop
      vertex 100.85 187 0.6
      vertex 100.85 187 1.4
      vertex 94.85 187 1.4
    endloop
  endfacet
  facet normal 0 0 1
    outer loop
      vertex 94.85 187 1.4
      vertex 100.85 187 1.4
      vertex 94.85 187.8 1.4
    endloop
  endfacet
  facet normal 0 1 0
    outer loop
      vertex 94.85 201 0.6
      vertex 100.85 201 1.4
      vertex 100.85 201 0.6
    endloop
  endfacet
  facet normal 0 1 0
    outer loop
      vertex 94.85 201 0.6
      vertex 94.85 201 1.4
      vertex 100.85 201 1.4
    endloop
  endfacet
  facet normal 0 0 1
    outer loop
      vertex 94.85 200.6 1.4
      vertex 100.85 200.2 1.4
      vertex 94.85 201 1.4
    endloop
  endfacet
  facet normal 0 0 1
    outer loop
      vertex 94.85 201 1.4
      vertex 100.85 200.2 1.4
      vertex 100.85 201 1.4
    endloop
  endfacet
  facet normal -1 0 0
    outer loop
      vertex 100.85 187 1.4
      vertex 100.85 187.8 2.63
      vertex 100.85 187.8 1.4
    endloop
  endfacet
  facet normal -1 0 0
    outer loop
      vertex 100.85 187 1.4
      vertex 100.85 187 2.63
      vertex 100.85 187.8 2.6499999999999995
    endloop
  endfacet
  facet normal -1 0 0
    outer loop
      vertex 100.85 187 1.4
      vertex 100.85 187.8 2.6499999999999995
      vertex 100.85 187.8 2.63
    endloop
  endfacet
  facet normal -1 0 0
    outer loop
      vertex 100.85 187 2.63
      vertex 100.85 187 2.6499999999999995
      vertex 100.85 187.8 2.6499999999999995
    endloop
  endfacet
  facet normal 0 1 0
    outer loop
      vertex 100.85 187.8 1.4
      vertex 100.85 187.8 2.63
      vertex 200 187.8 2.6298759580475997
    endloop
  endfacet
  facet normal 0 1 0
    outer loop
      vertex 100.85 187.8 2.63
      vertex 200 187.8 2.63
      vertex 200 187.8 2.6298759580475997
    endloop
  endfacet
  facet normal -1 0 0
    outer loop
      vertex 100.85 187.8 2.63
      vertex 100.85 187.8 2.6499999999999995
      vertex 100.85 189.1 2.63
    endloop
  endfacet
  facet normal -1 0 0
    outer loop
      vertex 100.85 189.1 2.63
      vertex 100.85 187.8 2.6499999999999995
      vertex 100.85 189.1 3.44
    endloop
  endfacet
  facet normal -1 0 0
    outer loop
      vertex 100.85 187.8 2.6499999999999995
      vertex 100.85 187.79999999999998 3.44
      vertex 100.85 189.1 3.44
    endloop
  endfacet
  facet normal 0 0 -1
    outer loop
      vertex 100.85 187.8 2.63
      vertex 100.85 189.1 2.63
      vertex 200 187.8 2.63
    endloop
  endfacet
  facet normal 0 1 0
    outer loop
      vertex 100.85 189.1 2.63
      vertex 100.85 189.1 3.44
      vertex 200 189.1 2.63
    endloop
  endfacet
  facet normal 0 0 1
    outer loop
      vertex 100.85 187.79999999999998 3.44
      vertex 200 189.1 3.44
      vertex 100.85 189.1 3.44
    endloop
  endfacet
  facet normal 0 0 -1
    outer loop
      vertex 100.85 189.1 2.63
      vertex 200 189.1 2.63
      vertex 200 187.8 2.63
    endloop
  endfacet
  facet normal 0 1 0
    outer loop
      vertex 100.85 189.1 3.44
      vertex 200 189.1 3.44
      vertex 200 189.1 2.63
    endloop
  endfacet
  facet normal 0 0 1
    outer loop
      vertex 100.85 187.79999999999998 3.44
      vertex 200 187.79999999999998 3.44
      vertex 200 189.1 3.44
    endloop
  endfacet
  facet normal 0 -1 0
    outer loop
      vertex 100.85 200.2 0.6
      vertex 100.86188541292101 200.2 0.6
      vertex 100.85 200.2 1.4
    endloop
  endfacet
  facet normal 0 -1 0
    outer loop
      vertex 100.86188541292101 200.2 0.6
      vertex 103.2167532467532 200.2 2.5813092313092323
      vertex 100.85 200.2 1.4
    endloop
  endfacet
  facet normal 0 -1 0
    outer loop
      vertex 100.85 200.2 1.4
      vertex 103.2167532467532 200.2 2.5813092313092323
      vertex 100.85 200.2 2.63
    endloop
  endfacet
  facet normal 0 -1 0
    outer loop
      vertex 103.2167532467532 200.2 2.5813092313092323
      vertex 199.52392156862743 200.2 0.6
      vertex 200 200.2 0.6
    endloop
  endfacet
  facet normal 0 -1 0
    outer loop
      vertex 103.2167532467532 200.2 2.5813092313092323
      vertex 200 200.2 2.63
      vertex 100.85 200.2 2.63
    endloop
  endfacet
  facet normal 0 -1 0
    outer loop
      vertex 103.2167532467532 200.2 2.5813092313092323
      vertex 200 200.2 0.6
      vertex 200 200.2 2.63
    endloop
  endfacet
  facet normal -1 0 0
    outer loop
      vertex 100.85 198.89999999999998 2.63
      vertex 100.85 200.2 2.6499999999999995
      vertex 100.85 200.2 2.63
    endloop
  endfacet
  facet normal -1 0 0
    outer loop
      vertex 100.85 198.89999999999998 2.63
      vertex 100.85 200.99999999999997 3.44
      vertex 100.85 200.2 2.6499999999999995
    endloop
  endfacet
  facet normal -1 0 0
    outer loop
      vertex 100.85 200.2 2.6499999999999995
      vertex 100.85 200.99999999999997 3.44
      vertex 100.85 201 2.6499999999999995
    endloop
  endfacet
  facet normal -1 0 0
    outer loop
      vertex 100.85 198.89999999999998 2.63
      vertex 100.85 198.89999999999998 3.44
      vertex 100.85 200.99999999999997 3.44
    endloop
  endfacet
  facet normal 0 0 -1
    outer loop
      vertex 100.85 198.89999999999998 2.63
      vertex 100.85 200.2 2.63
      vertex 200 198.89999999999998 2.63
    endloop
  endfacet
  facet normal 0 -1 0
    outer loop
      vertex 100.85 198.89999999999998 2.63
      vertex 200 198.89999999999998 3.44
      vertex 100.85 198.89999999999998 3.44
    endloop
  endfacet
  facet normal 0 0 1
    outer loop
      vertex 100.85 198.89999999999998 3.44
      vertex 200 200.99999999999997 3.44
      vertex 100.85 200.99999999999997 3.44
    endloop
  endfacet
  facet normal 0 0 -1
    outer loop
      vertex 100.85 200.2 2.63
      vertex 200 200.2 2.63
      vertex 200 198.89999999999998 2.63
    endloop
  endfacet
  facet normal 0 -1 0
    outer loop
      vertex 100.85 198.89999999999998 2.63
      vertex 200 198.89999999999998 2.63
      vertex 200 198.89999999999998 3.44
    endloop
  endfacet
  facet normal 0 0 1
    outer loop
      vertex 100.85 198.89999999999998 3.44
      vertex 200 198.89999999999998 3.44
      vertex 200 200.99999999999997 3.44
    endloop
  endfacet
  facet normal 1 0 0
    outer loop
      vertex 94.85 187.8 0.6
      vertex 94.85 200.2 0.6
      vertex 94.85 187.8 1.4
    endloop
  endfacet
  facet normal -1 0 0
    outer loop
      vertex 93.65 187.0088397790055 0.6
      vertex 93.65 200.2 1.468382352941176
      vertex 93.65 200.2 0.6
    endloop
  endfacet
  facet normal 1 0 0
    outer loop
      vertex 94.85 200.2 0.6
      vertex 94.85 200.2 1.4
      vertex 94.85 187.8 1.4
    endloop
  endfacet
  facet normal -1 0 0
    outer loop
      vertex 93.65 187.0088397790055 0.6
      vertex 93.65 187.8 1.4949999999999999
      vertex 93.65 200.58823529411765 2.346764705882352
    endloop
  endfacet
  facet normal -1 0 0
    outer loop
      vertex 93.65 187.0088397790055 0.6
      vertex 93.65 200.58823529411765 2.346764705882352
      vertex 93.65 200.2 1.468382352941176
    endloop
  endfacet
  facet normal 1 0 0
    outer loop
      vertex 94.85 200.2 1.4
      vertex 94.85 200.6 1.4
      vertex 94.85 200.46666666666667 1.7333333333333332
    endloop
  endfacet
  facet normal 1 0 0
    outer loop
      vertex 94.85 200.2 1.4
      vertex 94.85 200.46666666666667 1.7333333333333332
      vertex 94.85 200.2 1.9147058823529415
    endloop
  endfacet
  facet normal 1 0 0
    outer loop
      vertex 94.85 187 1.4
      vertex 94.85 187.8 1.4
      vertex 94.85 187 2.4
    endloop
  endfacet
  facet normal 1 0 0
    outer loop
      vertex 94.85 187.8 1.4
      vertex 94.85 200.2 1.4
      vertex 94.85 187 2.4
    endloop
  endfacet
  facet normal -1 0 0
    outer loop
      vertex 93.65 187.8 1.4949999999999999
      vertex 93.65 187.8 2.4
      vertex 93.65 200.2 2.4
    endloop
  endfacet
  facet normal 1 0 0
    outer loop
      vertex 94.85 200.2 1.4
      vertex 94.85 200.2 1.9147058823529415
      vertex 94.85 187 2.4
    endloop
  endfacet
  facet normal -1 0 0
    outer loop
      vertex 93.65 187.8 1.4949999999999999
      vertex 93.65 200.2 2.4
      vertex 93.65 200.58823529411765 2.346764705882352
    endloop
  endfacet
  facet normal 0 0 1
    outer loop
      vertex 93.71857142857144 187 2.4
      vertex 94.85 187 2.4
      vertex 93.65 187.8 2.4
    endloop
  endfacet
  facet normal 0 0 1
    outer loop
      vertex 94.85 187 2.4
      vertex 93.65 200.2 2.4
      vertex 93.65 187.8 2.4
    endloop
  endfacet
  facet normal 1 0 0
    outer loop
      vertex 94.85 200.2 1.9147058823529415
      vertex 94.85 200.2 2.4
      vertex 94.85 187 2.4
    endloop
  endfacet
  facet normal 1 0 0
    outer loop
      vertex 94.85 200.9542857142857 2.342857142857142
      vertex 94.85 201 2.370588235294117
      vertex 94.85 201 2.4
    endloop
  endfacet
  facet normal 0 0 1
    outer loop
      vertex 94.85 187 2.4
      vertex 94.85 200.2 2.4
      vertex 93.65 200.2 2.4
    endloop
  endfacet
  facet normal 1 0 0
    outer loop
      vertex 94.85 200.9542857142857 2.342857142857142
      vertex 94.85 201 2.4
      vertex 94.85 200.2 2.4
    endloop
  endfacet
  facet normal 0 0 1
    outer loop
      vertex 94.85 200.2 2.4
      vertex 94.85 201 2.4
      vertex 94.78142857142856 201 2.4
    endloop
  endfacet
  facet normal 0 -1 0
    outer loop
      vertex 66.25 200.2 0.6
      vertex 87.06 200.2 0.6
      vertex 87.06 200.2 1.29
    endloop
  endfacet
  facet normal 0 1 0
    outer loop
      vertex 66.25 201 0.6
      vertex 87.06 201 1.29
      vertex 87.06 201 0.6
    endloop
  endfacet
  facet normal 0 -1 0
    outer loop
      vertex 66.25 200.2 0.6
      vertex 87.06 200.2 1.29
      vertex 66.25 200.2 1.2899999999999998
    endloop
  endfacet
  facet normal 0 1 0
    outer loop
      vertex 66.25 201 0.6
      vertex 66.25 201 1.2899999999999998
      vertex 87.06 201 1.29
    endloop
  endfacet
  facet normal 1.0670091538925097e-17 1.708035422500263e-16 -1
    outer loop
      vertex 66.25 201 1.2899999999999998
      vertex 66.25 202.29999999999998 1.29
      vertex 87.06 201 1.29
    endloop
  endfacet
  facet normal 0 0 -1
    outer loop
      vertex 66.25 202.29999999999998 1.29
      vertex 87.06 202.2961111111111 1.29
      vertex 87.06 201 1.29
    endloop
  endfacet
  facet normal -1.0670091538925098e-17 -5.709718412349232e-14 -1
    outer loop
      vertex 66.25 202.29999999999998 1.29
      vertex 87.06 202.29999999999998 1.2899999999999998
      vertex 87.06 202.2961111111111 1.29
    endloop
  endfacet
  facet normal 0 1 0
    outer loop
      vertex 66.25 202.29999999999998 1.29
      vertex 66.25 202.29999999999998 1.2939234449760766
      vertex 86.7951219512195 202.29999999999998 2.0999999999999996
    endloop
  endfacet
  facet normal 0 1 0
    outer loop
      vertex 66.25 202.29999999999998 1.29
      vertex 86.7951219512195 202.29999999999998 2.0999999999999996
      vertex 87.06 202.29999999999998 1.2899999999999998
    endloop
  endfacet
  facet normal 1 0 0
    outer loop
      vertex 87.06 202.2961111111111 1.29
      vertex 87.06 202.29999999999998 1.2899999999999998
      vertex 87.06 202.29999999999998 2.0999999999999996
    endloop
  endfacet
  facet normal 0 1 0
    outer loop
      vertex 87.06 202.29999999999998 1.2899999999999998
      vertex 86.7951219512195 202.29999999999998 2.0999999999999996
      vertex 87.05 202.29999999999998 2.0999999999999996
    endloop
  endfacet
  facet normal 1 0 0
    outer loop
      vertex 87.06 202.2961111111111 1.29
      vertex 87.06 202.29999999999998 2.0999999999999996
      vertex 87.06 202.2961111111111 2.0999999999999996
    endloop
  endfacet
  facet normal 0 1 0
    outer loop
      vertex 87.06 202.29999999999998 1.2899999999999998
      vertex 87.05 202.29999999999998 2.0999999999999996
      vertex 87.06 202.29999999999998 2.0999999999999996
    endloop
  endfacet
  facet normal 0 0 1
    outer loop
      vertex 87.06 202.2961111111111 2.0999999999999996
      vertex 87.06 202.29999999999998 2.0999999999999996
      vertex 87.05 202.29999999999998 2.0999999999999996
    endloop
  endfacet
  facet normal 0 0 -1
    outer loop
      vertex 87.06 200.2 1.29
      vertex 87.06 201 1.29
      vertex 90.3928571428571 200.45979955456568 1.29
    endloop
  endfacet
  facet normal 0 0 -1
    outer loop
      vertex 87.06 201 1.29
      vertex 87.06 202.2961111111111 1.29
      vertex 90.3928571428571 201 1.29
    endloop
  endfacet
  facet normal 0 0 -1
    outer loop
      vertex 87.06 201 1.29
      vertex 90.3928571428571 201 1.29
      vertex 91.02413244650084 200.754504048583 1.29
    endloop
  endfacet
  facet normal 0 0 -1
    outer loop
      vertex 87.06 201 1.29
      vertex 91.55 200.54999999999998 1.29
      vertex 90.3928571428571 200.45979955456568 1.29
    endloop
  endfacet
  facet normal 0 0 -1
    outer loop
      vertex 87.06 201 1.29
      vertex 91.02413244650084 200.754504048583 1.29
      vertex 91.42142857142855 200.6 1.29
    endloop
  endfacet
  facet normal 0 0 -1
    outer loop
      vertex 87.06 201 1.29
      vertex 91.42142857142855 200.6 1.29
      vertex 91.55 200.54999999999998 1.29
    endloop
  endfacet
  facet normal 0 0 -1
    outer loop
      vertex 89.83635038430953 200.2 1.29
      vertex 90.3928571428571 200.45979955456568 1.29
      vertex 90.3928571428571 200.2 1.29
    endloop
  endfacet
  facet normal 0 0 -1
    outer loop
      vertex 90.3928571428571 200.2 1.29
      vertex 90.3928571428571 200.45979955456568 1.29
      vertex 91.55 200.2 1.29
    endloop
  endfacet
  facet normal 0.3624462611549475 0.9320046715412964 4.652420605348588e-17
    outer loop
      vertex 87.06 202.2961111111111 1.29
      vertex 90.3928571428571 201 2.1100000000000003
      vertex 90.3928571428571 201 1.29
    endloop
  endfacet
  facet normal 0 -1 0
    outer loop
      vertex 90.3928571428571 200.2 1.29
      vertex 91.55 200.2 1.29
      vertex 90.3928571428571 200.2 2.1100000000000003
    endloop
  endfacet
  facet normal 0 0 -1
    outer loop
      vertex 90.3928571428571 200.45979955456568 1.29
      vertex 91.55 200.54999999999998 1.29
      vertex 91.55 200.2 1.29
    endloop
  endfacet
  facet normal 1 0 0
    outer loop
      vertex 91.55 200.2 1.29
      vertex 91.55 200.54999999999998 1.29
      vertex 91.55 200.2 2.1100000000000003
    endloop
  endfacet
  facet normal 0.3624462611549733 0.9320046715412863 0
    outer loop
      vertex 91.55 200.54999999999998 1.29
      vertex 91.42142857142855 200.6 1.29
      vertex 91.55 200.54999999999998 2.1100000000000003
    endloop
  endfacet
  facet normal 0 0 1
    outer loop
      vertex 66.25 200.21004784688995 2.1100000000000003
      vertex 74.1119047619049 201 2.1100000000000003
      vertex 66.25 202.29999999999998 2.1100000000000003
    endloop
  endfacet
  facet normal 0 1 0
    outer loop
      vertex 66.25 202.29999999999998 1.2939234449760766
      vertex 66.25 202.29999999999998 2.1100000000000003
      vertex 86.7951219512195 202.29999999999998 2.0999999999999996
    endloop
  endfacet
  facet normal 0 0 1
    outer loop
      vertex 66.25 202.29999999999998 2.1100000000000003
      vertex 74.1119047619049 201 2.1100000000000003
      vertex 87.05 202.29999999999998 2.1100000000000003
    endloop
  endfacet
  facet normal 0 1 0
    outer loop
      vertex 66.25 202.29999999999998 2.1100000000000003
      vertex 87.05 202.29999999999998 2.1100000000000003
      vertex 86.7951219512195 202.29999999999998 2.0999999999999996
    endloop
  endfacet
  facet normal 0.3624462611549475 0.9320046715412963 0
    outer loop
      vertex 87.06 202.2961111111111 1.29
      vertex 87.06 202.2961111111111 2.0999999999999996
      vertex 90.3928571428571 201 2.1100000000000003
    endloop
  endfacet
  facet normal 0 0 1
    outer loop
      vertex 74.1119047619049 201 2.1100000000000003
      vertex 89.83571428571426 201 2.1100000000000003
      vertex 87.05 202.29999999999998 2.1100000000000003
    endloop
  endfacet
  facet normal 0 1 0
    outer loop
      vertex 86.7951219512195 202.29999999999998 2.0999999999999996
      vertex 87.05 202.29999999999998 2.1100000000000003
      vertex 87.05 202.29999999999998 2.0999999999999996
    endloop
  endfacet
  facet normal 0.362446261155268 0.9320046715411717 -1.0913200371308848e-17
    outer loop
      vertex 87.06 202.2961111111111 2.0999999999999996
      vertex 87.05 202.29999999999998 2.0999999999999996
      vertex 87.05 202.29999999999998 2.1100000000000003
    endloop
  endfacet
  facet normal 0.3624462611549485 0.9320046715412961 -3.6790874196218015e-13
    outer loop
      vertex 87.06 202.2961111111111 2.0999999999999996
      vertex 87.05 202.29999999999998 2.1100000000000003
      vertex 90.3928571428571 201 2.1100000000000003
    endloop
  endfacet
  facet normal 0 0 1
    outer loop
      vertex 87.05 202.29999999999998 2.1100000000000003
      vertex 89.83571428571426 201 2.1100000000000003
      vertex 90.3928571428571 201 2.1100000000000003
    endloop
  endfacet
  facet normal 0 0 1
    outer loop
      vertex 90.3928571428571 200.2 2.1100000000000003
      vertex 91.55 200.2 2.1100000000000003
      vertex 91.02402597402596 200.44545454545454 2.1100000000000003
    endloop
  endfacet
  facet normal 0 -1 0
    outer loop
      vertex 91.55 200.2 1.29
      vertex 91.55 200.2 2.1100000000000003
      vertex 90.3928571428571 200.2 2.1100000000000003
    endloop
  endfacet
  facet normal 0.3624462611549733 0.9320046715412863 0
    outer loop
      vertex 91.42142857142855 200.6 1.29
      vertex 91.42142857142855 200.6 2.1100000000000003
      vertex 91.55 200.54999999999998 2.1100000000000003
    endloop
  endfacet
  facet normal 1 0 0
    outer loop
      vertex 91.55 200.54999999999998 1.29
      vertex 91.55 200.54999999999998 2.1100000000000003
      vertex 91.55 200.2 2.1100000000000003
    endloop
  endfacet
  facet normal 0 0 1
    outer loop
      vertex 91.02402597402596 200.44545454545454 2.1100000000000003
      vertex 91.55 200.2 2.1100000000000003
      vertex 91.42142857142855 200.6 2.1100000000000003
    endloop
  endfacet
  facet normal 0 0 1
    outer loop
      vertex 91.55 200.2 2.1100000000000003
      vertex 91.55 200.54999999999998 2.1100000000000003
      vertex 91.42142857142855 200.6 2.1100000000000003
    endloop
  endfacet
  facet normal 0 -1 0
    outer loop
      vertex 66.25 213.39999999999998 0.6
      vertex 87.06 213.39999999999998 0.6
      vertex 87.06 213.39999999999998 1.29
    endloop
  endfacet
  facet normal 0 1 0
    outer loop
      vertex 66.25 214.2 0.6
      vertex 87.06 214.2 1.29
      vertex 87.06 214.2 0.6
    endloop
  endfacet
  facet normal 0 -1 0
    outer loop
      vertex 66.25 213.39999999999998 0.6
      vertex 87.06 213.39999999999998 1.29
      vertex 66.25 213.39999999999998 1.2900000000000003
    endloop
  endfacet
  facet normal 0 1 0
    outer loop
      vertex 66.25 214.2 0.6
      vertex 66.25 214.2 1.2899999999999998
      vertex 87.06 214.2 1.29
    endloop
  endfacet
  facet normal 1 0 0
    outer loop
      vertex 87.06 214.2 0.6
      vertex 87.06 214.2 1.29
      vertex 87.06 213.39999999999998 1.29
    endloop
  endfacet
  facet normal 0 3.416070845000452e-16 -1
    outer loop
      vertex 66.25 212.09999999999997 1.2899999999999998
      vertex 66.25 213.39999999999998 1.2900000000000003
      vertex 87.06 212.09999999999997 1.2899999999999998
    endloop
  endfacet
  facet normal 3.545518988474233e-15 5.709718412307555e-14 -1
    outer loop
      vertex 66.25 213.39999999999998 1.2900000000000003
      vertex 87.06 212.1038888888889 1.29
      vertex 87.06 212.09999999999997 1.2899999999999998
    endloop
  endfacet
  facet normal -1.0670091538925097e-17 0 -1
    outer loop
      vertex 66.25 213.39999999999998 1.2900000000000003
      vertex 87.06 213.39999999999998 1.29
      vertex 87.06 212.1038888888889 1.29
    endloop
  endfacet
  facet normal 0 -1 0
    outer loop
      vertex 66.25 212.09999999999997 1.2899999999999998
      vertex 87.06 212.09999999999997 1.2899999999999998
      vertex 87.06 212.09999999999997 2.0999999999999996
    endloop
  endfacet
  facet normal 1 0 0
    outer loop
      vertex 87.06 212.09999999999997 1.2899999999999998
      vertex 87.06 212.1038888888889 1.29
      vertex 87.06 212.1038888888889 2.0999999999999996
    endloop
  endfacet
  facet normal 0 -1 3.5088530160992606e-14
    outer loop
      vertex 66.25 212.09999999999997 1.2899999999999998
      vertex 87.05 212.1 2.0999999999999996
      vertex 66.25 212.1 2.0999999999999996
    endloop
  endfacet
  facet normal -2.8421709430391103e-12 -1 7.301923126499248e-11
    outer loop
      vertex 66.25 212.09999999999997 1.2899999999999998
      vertex 87.06 212.09999999999997 2.0999999999999996
      vertex 87.05 212.1 2.0999999999999996
    endloop
  endfacet
  facet normal 1 0 0
    outer loop
      vertex 87.06 212.09999999999997 1.2899999999999998
      vertex 87.06 212.1038888888889 2.0999999999999996
      vertex 87.06 212.09999999999997 2.0999999999999996
    endloop
  endfacet
  facet normal 0 0 1
    outer loop
      vertex 87.06 212.09999999999997 2.0999999999999996
      vertex 87.06 212.1038888888889 2.0999999999999996
      vertex 87.05 212.1 2.0999999999999996
    endloop
  endfacet
  facet normal 0 0 -1
    outer loop
      vertex 87.06 212.1038888888889 1.29
      vertex 87.06 213.39999999999998 1.29
      vertex 90.3928571428571 213.65979955456567 1.29
    endloop
  endfacet
  facet normal 0 0 -1
    outer loop
      vertex 87.06 212.1038888888889 1.29
      vertex 90.3928571428571 213.65979955456567 1.29
      vertex 90.3928571428571 213.39999999999998 1.29
    endloop
  endfacet
  facet normal 0 0 -1
    outer loop
      vertex 87.06 213.39999999999998 1.29
      vertex 87.06 214.2 1.29
      vertex 90.3928571428571 214.2 1.29
    endloop
  endfacet
  facet normal 0 0 -1
    outer loop
      vertex 87.06 213.39999999999998 1.29
      vertex 90.75643683176955 213.82953305694957 1.29
      vertex 90.3928571428571 213.65979955456567 1.29
    endloop
  endfacet
  facet normal 0 0 -1
    outer loop
      vertex 87.06 213.39999999999998 1.29
      vertex 90.3928571428571 214.2 1.29
      vertex 91.55 214.2 1.29
    endloop
  endfacet
  facet normal 0 0 -1
    outer loop
      vertex 87.06 213.39999999999998 1.29
      vertex 91.55 214.2 1.29
      vertex 90.75643683176955 213.82953305694957 1.29
    endloop
  endfacet
  facet normal 0 0 -1
    outer loop
      vertex 90.3928571428571 213.39999999999998 1.29
      vertex 90.3928571428571 213.65979955456567 1.29
      vertex 91.22839235972933 213.72493036211696 1.29
    endloop
  endfacet
  facet normal 0.3624462611549475 -0.9320046715412963 0
    outer loop
      vertex 87.06 212.1038888888889 1.29
      vertex 90.3928571428571 213.39999999999998 1.29
      vertex 87.06 212.1038888888889 2.0999999999999996
    endloop
  endfacet
  facet normal 0 0 -1
    outer loop
      vertex 90.75643683176955 213.82953305694957 1.29
      vertex 91.55 214.2 1.29
      vertex 91.42142857142855 213.79999999999998 1.29
    endloop
  endfacet
  facet normal 0 0 -1
    outer loop
      vertex 91.42142857142855 213.79999999999998 1.29
      vertex 91.55 214.2 1.29
      vertex 91.55 213.85 1.29
    endloop
  endfacet
  facet normal 0.3624462611549733 -0.9320046715412863 0
    outer loop
      vertex 91.42142857142855 213.79999999999998 1.29
      vertex 91.55 213.85 1.29
      vertex 91.42142857142855 213.79999999999998 2.1100000000000003
    endloop
  endfacet
  facet normal 1 0 0
    outer loop
      vertex 91.55 213.85 1.29
      vertex 91.55 214.2 1.29
      vertex 91.55 213.85 2.1100000000000003
    endloop
  endfacet
  facet normal 0 1 0
    outer loop
      vertex 90.3928571428571 214.2 1.29
      vertex 91.55 214.2 2.1100000000000003
      vertex 91.55 214.2 1.29
    endloop
  endfacet
  facet normal 0 0 1
    outer loop
      vertex 66.25 212.1 2.1100000000000003
      vertex 85.01857142857118 213.39999999999998 2.1100000000000003
      vertex 66.25 213.40159655347185 2.1100000000000003
    endloop
  endfacet
  facet normal 0 -1 0
    outer loop
      vertex 66.25 212.1 2.0999999999999996
      vertex 87.05 212.1 2.1100000000000003
      vertex 66.25 212.1 2.1100000000000003
    endloop
  endfacet
  facet normal 0 0 1
    outer loop
      vertex 66.25 212.1 2.1100000000000003
      vertex 87.05 212.1 2.1100000000000003
      vertex 85.01857142857118 213.39999999999998 2.1100000000000003
    endloop
  endfacet
  facet normal 0 -1 0
    outer loop
      vertex 66.25 212.1 2.0999999999999996
      vertex 87.05 212.1 2.0999999999999996
      vertex 87.05 212.1 2.1100000000000003
    endloop
  endfacet
  facet normal 0 0 1
    outer loop
      vertex 66.25 213.40159655347185 2.1100000000000003
      vertex 85.01857142857118 213.39999999999998 2.1100000000000003
      vertex 90.70976476353832 213.79210977701544 2.1100000000000003
    endloop
  endfacet
  facet normal 0.3624462611549475 -0.9320046715412964 0
    outer loop
      vertex 90.3928571428571 213.39999999999998 1.29
      vertex 90.3928571428571 213.39999999999998 2.1100000000000003
      vertex 87.06 212.1038888888889 2.0999999999999996
    endloop
  endfacet
  facet normal 0 1 0
    outer loop
      vertex 90.3928571428571 214.2 1.29
      vertex 90.3928571428571 214.2 2.1100000000000003
      vertex 91.55 214.2 2.1100000000000003
    endloop
  endfacet
  facet normal 0 0 1
    outer loop
      vertex 85.01857142857118 213.39999999999998 2.1100000000000003
      vertex 87.05 212.1 2.1100000000000003
      vertex 90.3928571428571 213.39999999999998 2.1100000000000003
    endloop
  endfacet
  facet normal 0.362446261155268 -0.9320046715411717 -1.2298940450960113e-10
    outer loop
      vertex 87.05 212.1 2.0999999999999996
      vertex 87.06 212.1038888888889 2.0999999999999996
      vertex 90.3928571428571 213.39999999999998 2.1100000000000003
    endloop
  endfacet
  facet normal 0.3624462611549485 -0.9320046715412961 0
    outer loop
      vertex 87.05 212.1 2.0999999999999996
      vertex 90.3928571428571 213.39999999999998 2.1100000000000003
      vertex 87.05 212.1 2.1100000000000003
    endloop
  endfacet
  facet normal 0 0 1
    outer loop
      vertex 90.3928571428571 214.2 2.1100000000000003
      vertex 90.55637496377858 213.86369168356998 2.1100000000000003
      vertex 91.55 214.2 2.1100000000000003
    endloop
  endfacet
  facet normal 0 0 1
    outer loop
      vertex 90.55637496377858 213.86369168356998 2.1100000000000003
      vertex 90.70976476353832 213.79210977701544 2.1100000000000003
      vertex 91.33155757286187 213.83494983277592 2.1100000000000003
    endloop
  endfacet
  facet normal 0.3624462611549733 -0.9320046715412863 0
    outer loop
      vertex 91.55 213.85 1.29
      vertex 91.55 213.85 2.1100000000000003
      vertex 91.42142857142855 213.79999999999998 2.1100000000000003
    endloop
  endfacet
  facet normal 1 0 0
    outer loop
      vertex 91.55 214.2 1.29
      vertex 91.55 214.2 2.1100000000000003
      vertex 91.55 213.85 2.1100000000000003
    endloop
  endfacet
  facet normal 0 0 1
    outer loop
      vertex 90.55637496377858 213.86369168356998 2.1100000000000003
      vertex 91.33155757286187 213.83494983277592 2.1100000000000003
      vertex 91.55 213.85 2.1100000000000003
    endloop
  endfacet
  facet normal 0 0 1
    outer loop
      vertex 90.55637496377858 213.86369168356998 2.1100000000000003
      vertex 91.55 213.85 2.1100000000000003
      vertex 91.55 214.2 2.1100000000000003
    endloop
  endfacet
  facet normal 0 0 1
    outer loop
      vertex 91.42142857142855 213.79999999999998 2.1100000000000003
      vertex 91.55 213.85 2.1100000000000003
      vertex 91.33155757286187 213.83494983277592 2.1100000000000003
    endloop
  endfacet
  facet normal 0 -1 0
    outer loop
      vertex 94.85 200.2 0.6
      vertex 100.85 200.2 0.6
      vertex 94.85 200.2 1.4
    endloop
  endfacet
  facet normal 0 -1 0
    outer loop
      vertex 100.85 200.2 0.6
      vertex 100.85 200.2 1.4
      vertex 94.85 200.2 1.4
    endloop
  endfacet
  facet normal 0 0 1
    outer loop
      vertex 94.85 200.2 1.4
      vertex 100.85 200.2 1.4
      vertex 94.85 200.6 1.4
    endloop
  endfacet
  facet normal 0 1 0
    outer loop
      vertex 94.85 214.2 0.6
      vertex 100.85 214.2 1.4
      vertex 100.85 214.2 0.6
    endloop
  endfacet
  facet normal 0 1 0
    outer loop
      vertex 94.85 214.2 0.6
      vertex 94.85 214.2 1.4
      vertex 100.85 214.2 1.4
    endloop
  endfacet
  facet normal 0 0 1
    outer loop
      vertex 94.85 214.2 1.4
      vertex 100.85 213.39999999999998 1.4
      vertex 100.85 214.2 1.4
    endloop
  endfacet
  facet normal -1 0 0
    outer loop
      vertex 100.85 200.2 1.4
      vertex 100.85 201 2.63
      vertex 100.85 201 1.4
    endloop
  endfacet
  facet normal -1 0 0
    outer loop
      vertex 100.85 200.2 1.4
      vertex 100.85 200.2 2.63
      vertex 100.85 201 2.6499999999999995
    endloop
  endfacet
  facet normal -1 0 0
    outer loop
      vertex 100.85 200.2 1.4
      vertex 100.85 201 2.6499999999999995
      vertex 100.85 201 2.63
    endloop
  endfacet
  facet normal -1 0 0
    outer loop
      vertex 100.85 200.2 2.63
      vertex 100.85 200.2 2.6499999999999995
      vertex 100.85 201 2.6499999999999995
    endloop
  endfacet
  facet normal 0 1 0
    outer loop
      vertex 100.85 201 0.6
      vertex 100.85 201 1.4
      vertex 200 201 0.6
    endloop
  endfacet
  facet normal 0 -1 0
    outer loop
      vertex 100.86188541292101 200.2 0.6
      vertex 199.52392156862743 200.2 0.6
      vertex 103.2167532467532 200.2 2.5813092313092323
    endloop
  endfacet
  facet normal 0 1 0
    outer loop
      vertex 100.85 201 1.4
      vertex 100.85 201 2.63
      vertex 200 201 0.6
    endloop
  endfacet
  facet normal 0 1 0
    outer loop
      vertex 100.85 201 2.63
      vertex 200 201 2.63
      vertex 200 201 0.6
    endloop
  endfacet
  facet normal -1 0 0
    outer loop
      vertex 100.85 201 2.63
      vertex 100.85 201 2.6499999999999995
      vertex 100.85 202.29999999999998 2.63
    endloop
  endfacet
  facet normal -1 0 0
    outer loop
      vertex 100.85 202.29999999999998 2.63
      vertex 100.85 201 2.6499999999999995
      vertex 100.85 202.29999999999998 3.44
    endloop
  endfacet
  facet normal -1 0 0
    outer loop
      vertex 100.85 201 2.6499999999999995
      vertex 100.85 200.99999999999997 3.44
      vertex 100.85 202.29999999999998 3.44
    endloop
  endfacet
  facet normal 0 0 -1
    outer loop
      vertex 100.85 201 2.63
      vertex 100.85 202.29999999999998 2.63
      vertex 200 201 2.63
    endloop
  endfacet
  facet normal 0 1 0
    outer loop
      vertex 100.85 202.29999999999998 2.63
      vertex 100.85 202.29999999999998 3.44
      vertex 200 202.29999999999998 2.63
    endloop
  endfacet
  facet normal 0 0 1
    outer loop
      vertex 100.85 200.99999999999997 3.44
      vertex 200 202.29999999999998 3.44
      vertex 100.85 202.29999999999998 3.44
    endloop
  endfacet
  facet normal 0 0 -1
    outer loop
      vertex 100.85 202.29999999999998 2.63
      vertex 200 202.29999999999998 2.63
      vertex 200 201 2.63
    endloop
  endfacet
  facet normal 0 1 0
    outer loop
      vertex 100.85 202.29999999999998 3.44
      vertex 200 202.29999999999998 3.44
      vertex 200 202.29999999999998 2.63
    endloop
  endfacet
  facet normal 0 0 1
    outer loop
      vertex 100.85 200.99999999999997 3.44
      vertex 200 200.99999999999997 3.44
      vertex 200 202.29999999999998 3.44
    endloop
  endfacet
  facet normal 0 -1 0
    outer loop
      vertex 100.85 213.39999999999998 0.6
      vertex 200 213.39999999999998 0.6
      vertex 100.85 213.39999999999998 1.4
    endloop
  endfacet
  facet normal 0 1 0
    outer loop
      vertex 100.85 214.2 0.6
      vertex 100.85 214.2 1.4
      vertex 200 214.2 0.6
    endloop
  endfacet
  facet normal 0 -1 0
    outer loop
      vertex 100.85 213.39999999999998 1.4
      vertex 200 213.39999999999998 0.6
      vertex 100.85 213.39999999999998 2.63
    endloop
  endfacet
  facet normal 0 1 0
    outer loop
      vertex 100.85 214.2 1.4
      vertex 200 214.2 2.6298759580475997
      vertex 200 214.2 0.6
    endloop
  endfacet
  facet normal 0 -1 0
    outer loop
      vertex 100.85 213.39999999999998 2.63
      vertex 200 213.39999999999998 0.6
      vertex 200 213.39999999999998 2.63
    endloop
  endfacet
  facet normal -1 0 0
    outer loop
      vertex 100.85 212.09999999999997 2.63
      vertex 100.85 213.39999999999998 2.6499999999999995
      vertex 100.85 213.39999999999998 2.63
    endloop
  endfacet
  facet normal -1 0 0
    outer loop
      vertex 100.85 212.09999999999997 2.63
      vertex 100.85 214.19999999999996 3.44
      vertex 100.85 213.39999999999998 2.6499999999999995
    endloop
  endfacet
  facet normal -1 0 0
    outer loop
      vertex 100.85 213.39999999999998 2.6499999999999995
      vertex 100.85 214.19999999999996 3.44
      vertex 100.85 214.2 2.6499999999999995
    endloop
  endfacet
  facet normal -1 0 0
    outer loop
      vertex 100.85 212.09999999999997 2.63
      vertex 100.85 212.09999999999997 3.44
      vertex 100.85 214.19999999999996 3.44
    endloop
  endfacet
  facet normal 0 0 -1
    outer loop
      vertex 100.85 212.09999999999997 2.63
      vertex 100.85 213.39999999999998 2.63
      vertex 200 212.09999999999997 2.63
    endloop
  endfacet
  facet normal 0 -1 0
    outer loop
      vertex 100.85 212.09999999999997 2.63
      vertex 200 212.09999999999997 3.44
      vertex 100.85 212.09999999999997 3.44
    endloop
  endfacet
  facet normal 0 0 1
    outer loop
      vertex 100.85 212.09999999999997 3.44
      vertex 200 214.19999999999996 3.44
      vertex 100.85 214.19999999999996 3.44
    endloop
  endfacet
  facet normal 0 0 -1
    outer loop
      vertex 100.85 213.39999999999998 2.63
      vertex 200 213.39999999999998 2.63
      vertex 200 212.09999999999997 2.63
    endloop
  endfacet
  facet normal 0 -1 0
    outer loop
      vertex 100.85 212.09999999999997 2.63
      vertex 200 212.09999999999997 2.63
      vertex 200 212.09999999999997 3.44
    endloop
  endfacet
  facet normal 0 0 1
    outer loop
      vertex 100.85 212.09999999999997 3.44
      vertex 200 212.09999999999997 3.44
      vertex 200 214.19999999999996 3.44
    endloop
  endfacet
  facet normal 1 0 0
    outer loop
      vertex 94.85 201 0.6
      vertex 94.85 213.39999999999998 0.6
      vertex 94.85 201 1.4
    endloop
  endfacet
  facet normal -1 0 0
    outer loop
      vertex 93.65 200.2 0.6
      vertex 93.65 200.2 1.468382352941176
      vertex 93.65 214.2 2.4
    endloop
  endfacet
  facet normal 1 0 0
    outer loop
      vertex 94.85 200.6 1.4
      vertex 94.85 201 1.4
      vertex 94.85 200.46666666666667 1.7333333333333332
    endloop
  endfacet
  facet normal 1 0 0
    outer loop
      vertex 94.85 201 1.4
      vertex 94.85 213.39999999999998 1.4
      vertex 94.85 200.9542857142857 2.342857142857142
    endloop
  endfacet
  facet normal -1 0 0
    outer loop
      vertex 93.65 200.2 0.6
      vertex 93.65 214.2 1.4949999999999999
      vertex 93.65 213.4088397790055 0.6
    endloop
  endfacet
  facet normal 1 0 0
    outer loop
      vertex 94.85 213.39999999999998 0.6
      vertex 94.85 213.39999999999998 1.4
      vertex 94.85 201 1.4
    endloop
  endfacet
  facet normal -1 0 0
    outer loop
      vertex 93.65 200.2 0.6
      vertex 93.65 214.2 2.4
      vertex 93.65 214.2 1.4949999999999999
    endloop
  endfacet
  facet normal 1 0 0
    outer loop
      vertex 94.85 201 1.4
      vertex 94.85 200.2 2.4
      vertex 94.85 200.46666666666667 1.7333333333333332
    endloop
  endfacet
  facet normal 1 0 0
    outer loop
      vertex 94.85 200.46666666666667 1.7333333333333332
      vertex 94.85 200.2 2.4
      vertex 94.85 200.2 1.9147058823529415
    endloop
  endfacet
  facet normal 1 0 0
    outer loop
      vertex 94.85 201 1.4
      vertex 94.85 200.9542857142857 2.342857142857142
      vertex 94.85 200.2 2.4
    endloop
  endfacet
  facet normal 1 0 0
    outer loop
      vertex 94.85 213.39999999999998 1.4
      vertex 94.85 201 2.370588235294117
      vertex 94.85 200.9542857142857 2.342857142857142
    endloop
  endfacet
  facet normal -1 0 0
    outer loop
      vertex 93.65 200.2 1.468382352941176
      vertex 93.65 200.58823529411765 2.346764705882352
      vertex 93.65 214.2 2.4
    endloop
  endfacet
  facet normal 0 0 1
    outer loop
      vertex 93.65 200.2 2.4
      vertex 94.85 200.2 2.4
      vertex 94.78142857142856 201 2.4
    endloop
  endfacet
  facet normal -1 0 0
    outer loop
      vertex 93.65 200.58823529411765 2.346764705882352
      vertex 93.65 200.2 2.4
      vertex 93.65 214.2 2.4
    endloop
  endfacet
  facet normal 0 0 1
    outer loop
      vertex 93.65 200.2 2.4
      vertex 94.78142857142856 201 2.4
      vertex 93.71857142857144 213.39999999999998 2.4
    endloop
  endfacet
  facet normal 1 0 0
    outer loop
      vertex 94.85 201 2.370588235294117
      vertex 94.85 213.39999999999998 2.4
      vertex 94.85 201 2.4
    endloop
  endfacet
  facet normal 0 0 1
    outer loop
      vertex 94.85 201 2.4
      vertex 94.85 213.39999999999998 2.4
      vertex 94.78142857142856 201 2.4
    endloop
  endfacet
  facet normal 1 0 0
    outer loop
      vertex 94.85 213.39999999999998 1.4
      vertex 94.85 213.39999999999998 2.4
      vertex 94.85 201 2.370588235294117
    endloop
  endfacet
  facet normal 0 0 1
    outer loop
      vertex 93.65 200.2 2.4
      vertex 93.71857142857144 213.39999999999998 2.4
      vertex 93.65 214.2 2.4
    endloop
  endfacet
  facet normal 0 0 1
    outer loop
      vertex 94.78142857142856 201 2.4
      vertex 94.85 213.39999999999998 2.4
      vertex 93.71857142857144 213.39999999999998 2.4
    endloop
  endfacet
  facet normal 1 0 0
    outer loop
      vertex 87.06 213.39999999999998 0.6
      vertex 87.06 214.2 0.6
      vertex 87.06 213.39999999999998 1.29
    endloop
  endfacet
  facet normal 1.0670091538925097e-17 1.708035422500263e-16 -1
    outer loop
      vertex 66.25 214.2 1.2899999999999998
      vertex 66.25 215.49999999999997 1.29
      vertex 87.06 214.2 1.29
    endloop
  endfacet
  facet normal 0 0 -1
    outer loop
      vertex 66.25 215.49999999999997 1.29
      vertex 87.06 215.49611111111108 1.29
      vertex 87.06 214.2 1.29
    endloop
  endfacet
  facet normal -1.0670091538925098e-17 -5.709718412349232e-14 -1
    outer loop
      vertex 66.25 215.49999999999997 1.29
      vertex 87.06 215.49999999999997 1.2899999999999998
      vertex 87.06 215.49611111111108 1.29
    endloop
  endfacet
  facet normal 0 1 0
    outer loop
      vertex 66.25 215.49999999999997 1.29
      vertex 66.25 215.49999999999997 1.2939234449760766
      vertex 86.7951219512195 215.49999999999997 2.0999999999999996
    endloop
  endfacet
  facet normal 0 1 0
    outer loop
      vertex 66.25 215.49999999999997 1.29
      vertex 86.7951219512195 215.49999999999997 2.0999999999999996
      vertex 87.06 215.49999999999997 1.2899999999999998
    endloop
  endfacet
  facet normal 1 0 0
    outer loop
      vertex 87.06 215.49611111111108 1.29
      vertex 87.06 215.49999999999997 1.2899999999999998
      vertex 87.06 215.49999999999997 2.0999999999999996
    endloop
  endfacet
  facet normal 0 1 0
    outer loop
      vertex 87.06 215.49999999999997 1.2899999999999998
      vertex 86.7951219512195 215.49999999999997 2.0999999999999996
      vertex 87.05 215.49999999999997 2.0999999999999996
    endloop
  endfacet
  facet normal 1 0 0
    outer loop
      vertex 87.06 215.49611111111108 1.29
      vertex 87.06 215.49999999999997 2.0999999999999996
      vertex 87.06 215.49611111111108 2.0999999999999996
    endloop
  endfacet
  facet normal 0 1 0
    outer loop
      vertex 87.06 215.49999999999997 1.2899999999999998
      vertex 87.05 215.49999999999997 2.0999999999999996
      vertex 87.06 215.49999999999997 2.0999999999999996
    endloop
  endfacet
  facet normal 0 0 1
    outer loop
      vertex 87.06 215.49611111111108 2.0999999999999996
      vertex 87.06 215.49999999999997 2.0999999999999996
      vertex 87.05 215.49999999999997 2.0999999999999996
    endloop
  endfacet
  facet normal 0 0 -1
    outer loop
      vertex 87.06 214.2 1.29
      vertex 87.06 215.49611111111108 1.29
      vertex 90.3928571428571 214.2 1.29
    endloop
  endfacet
  facet normal 0 0 -1
    outer loop
      vertex 90.3928571428571 213.65979955456567 1.29
      vertex 90.75643683176955 213.82953305694957 1.29
      vertex 91.22839235972933 213.72493036211696 1.29
    endloop
  endfacet
  facet normal 0.3624462611549475 0.9320046715412963 0
    outer loop
      vertex 87.06 215.49611111111108 1.29
      vertex 87.06 215.49611111111108 2.0999999999999996
      vertex 90.3928571428571 214.2 1.29
    endloop
  endfacet
  facet normal 0 0 -1
    outer loop
      vertex 90.3928571428571 213.39999999999998 1.29
      vertex 91.22839235972933 213.72493036211696 1.29
      vertex 91.55 213.39999999999998 1.29
    endloop
  endfacet
  facet normal 0 0 -1
    outer loop
      vertex 90.75643683176955 213.82953305694957 1.29
      vertex 91.42142857142855 213.79999999999998 1.29
      vertex 91.55 213.74999999999997 1.29
    endloop
  endfacet
  facet normal 0 0 -1
    outer loop
      vertex 90.75643683176955 213.82953305694957 1.29
      vertex 91.55 213.74999999999997 1.29
      vertex 91.22839235972933 213.72493036211696 1.29
    endloop
  endfacet
  facet normal 0 0 -1
    outer loop
      vertex 91.22839235972933 213.72493036211696 1.29
      vertex 91.55 213.74999999999997 1.29
      vertex 91.55 213.39999999999998 1.29
    endloop
  endfacet
  facet normal 0 -1 0
    outer loop
      vertex 90.3928571428571 213.39999999999998 1.29
      vertex 91.55 213.39999999999998 1.29
      vertex 91.55 213.39999999999998 2.1100000000000003
    endloop
  endfacet
  facet normal 1 0 0
    outer loop
      vertex 91.55 213.39999999999998 1.29
      vertex 91.55 213.74999999999997 1.29
      vertex 91.55 213.39999999999998 2.1100000000000003
    endloop
  endfacet
  facet normal 0.3624462611549733 0.9320046715412863 0
    outer loop
      vertex 91.42142857142855 213.79999999999998 1.29
      vertex 91.42142857142855 213.79999999999998 2.1100000000000003
      vertex 91.55 213.74999999999997 1.29
    endloop
  endfacet
  facet normal 0 1 0
    outer loop
      vertex 66.25 215.49999999999997 1.2939234449760766
      vertex 66.25 215.49999999999997 2.1100000000000003
      vertex 86.7951219512195 215.49999999999997 2.0999999999999996
    endloop
  endfacet
  facet normal 0 0 1
    outer loop
      vertex 66.25 213.40159655347185 2.1100000000000003
      vertex 87.05 215.49999999999997 2.1100000000000003
      vertex 66.25 215.49999999999997 2.1100000000000003
    endloop
  endfacet
  facet normal 0 1 0
    outer loop
      vertex 66.25 215.49999999999997 2.1100000000000003
      vertex 87.05 215.49999999999997 2.1100000000000003
      vertex 86.7951219512195 215.49999999999997 2.0999999999999996
    endloop
  endfacet
  facet normal 0 0 1
    outer loop
      vertex 66.25 213.40159655347185 2.1100000000000003
      vertex 90.55637496377858 213.86369168356998 2.1100000000000003
      vertex 87.05 215.49999999999997 2.1100000000000003
    endloop
  endfacet
  facet normal 0.36244626115484174 0.9320046715413374 -4.859097006510281e-13
    outer loop
      vertex 90.3928571428571 214.2 1.29
      vertex 87.06 215.49611111111108 2.0999999999999996
      vertex 87.05 215.49999999999997 2.1100000000000003
    endloop
  endfacet
  facet normal 0.3624462611549484 0.932004671541296 0
    outer loop
      vertex 90.3928571428571 214.2 1.29
      vertex 87.05 215.49999999999997 2.1100000000000003
      vertex 90.3928571428571 214.2 2.1100000000000003
    endloop
  endfacet
  facet normal 0 -1 0
    outer loop
      vertex 90.3928571428571 213.39999999999998 1.29
      vertex 91.55 213.39999999999998 2.1100000000000003
      vertex 90.3928571428571 213.39999999999998 2.1100000000000003
    endloop
  endfacet
  facet normal 0 0 1
    outer loop
      vertex 66.25 213.40159655347185 2.1100000000000003
      vertex 90.70976476353832 213.79210977701544 2.1100000000000003
      vertex 90.55637496377858 213.86369168356998 2.1100000000000003
    endloop
  endfacet
  facet normal 0 1 0
    outer loop
      vertex 86.7951219512195 215.49999999999997 2.0999999999999996
      vertex 87.05 215.49999999999997 2.1100000000000003
      vertex 87.05 215.49999999999997 2.0999999999999996
    endloop
  endfacet
  facet normal 0.362446261155268 0.9320046715411717 -1.0913200371308848e-17
    outer loop
      vertex 87.06 215.49611111111108 2.0999999999999996
      vertex 87.05 215.49999999999997 2.0999999999999996
      vertex 87.05 215.49999999999997 2.1100000000000003
    endloop
  endfacet
  facet normal 0 0 1
    outer loop
      vertex 85.01857142857118 213.39999999999998 2.1100000000000003
      vertex 90.3928571428571 213.39999999999998 2.1100000000000003
      vertex 90.70976476353832 213.79210977701544 2.1100000000000003
    endloop
  endfacet
  facet normal 0 0 1
    outer loop
      vertex 87.05 215.49999999999997 2.1100000000000003
      vertex 90.55637496377858 213.86369168356998 2.1100000000000003
      vertex 90.3928571428571 214.2 2.1100000000000003
    endloop
  endfacet
  facet normal 0 0 1
    outer loop
      vertex 90.3928571428571 213.39999999999998 2.1100000000000003
      vertex 91.55 213.39999999999998 2.1100000000000003
      vertex 90.70976476353832 213.79210977701544 2.1100000000000003
    endloop
  endfacet
  facet normal 1 0 0
    outer loop
      vertex 91.55 213.74999999999997 1.29
      vertex 91.55 213.74999999999997 2.1100000000000003
      vertex 91.55 213.39999999999998 2.1100000000000003
    endloop
  endfacet
  facet normal 0.3624462611549733 0.9320046715412863 0
    outer loop
      vertex 91.55 213.74999999999997 1.29
      vertex 91.42142857142855 213.79999999999998 2.1100000000000003
      vertex 91.55 213.74999999999997 2.1100000000000003
    endloop
  endfacet
  facet normal 0 0 1
    outer loop
      vertex 90.70976476353832 213.79210977701544 2.1100000000000003
      vertex 91.55 213.39999999999998 2.1100000000000003
      vertex 91.33155757286187 213.83494983277592 2.1100000000000003
    endloop
  endfacet
  facet normal 0 0 1
    outer loop
      vertex 91.55 213.39999999999998 2.1100000000000003
      vertex 91.55 213.74999999999997 2.1100000000000003
      vertex 91.42142857142855 213.79999999999998 2.1100000000000003
    endloop
  endfacet
  facet normal 0 0 1
    outer loop
      vertex 91.55 213.39999999999998 2.1100000000000003
      vertex 91.42142857142855 213.79999999999998 2.1100000000000003
      vertex 91.33155757286187 213.83494983277592 2.1100000000000003
    endloop
  endfacet
  facet normal 0 -1 0
    outer loop
      vertex 66.25 226.59999999999997 0.6
      vertex 87.06 226.59999999999997 0.6
      vertex 87.06 226.59999999999997 1.29
    endloop
  endfacet
  facet normal 0 1 0
    outer loop
      vertex 66.25 227.39999999999998 0.6
      vertex 87.06 227.39999999999998 1.29
      vertex 87.06 227.39999999999998 0.6
    endloop
  endfacet
  facet normal 1 0 0
    outer loop
      vertex 87.06 226.59999999999997 0.6
      vertex 87.06 227.39999999999998 0.6
      vertex 87.06 226.59999999999997 1.29
    endloop
  endfacet
  facet normal 0 -1 0
    outer loop
      vertex 66.25 226.59999999999997 0.6
      vertex 87.06 226.59999999999997 1.29
      vertex 66.25 226.59999999999997 1.2899999999999998
    endloop
  endfacet
  facet normal 0 1 0
    outer loop
      vertex 66.25 227.39999999999998 0.6
      vertex 66.25 227.39999999999998 1.29
      vertex 87.06 227.39999999999998 1.29
    endloop
  endfacet
  facet normal 1 0 0
    outer loop
      vertex 87.06 227.39999999999998 0.6
      vertex 87.06 227.39999999999998 1.29
      vertex 87.06 226.59999999999997 1.29
    endloop
  endfacet
  facet normal 0 0 -1
    outer loop
      vertex 66.25 225.29999999999995 1.2899999999999998
      vertex 66.25 226.59999999999997 1.2899999999999998
      vertex 87.06 225.29999999999995 1.2899999999999998
    endloop
  endfacet
  facet normal 3.566859171552084e-15 5.709718412307555e-14 -1
    outer loop
      vertex 66.25 226.59999999999997 1.2899999999999998
      vertex 87.06 225.30388888888888 1.29
      vertex 87.06 225.29999999999995 1.2899999999999998
    endloop
  endfacet
  facet normal 1.0670091538925097e-17 0 -1
    outer loop
      vertex 66.25 226.59999999999997 1.2899999999999998
      vertex 87.06 226.59999999999997 1.29
      vertex 87.06 225.30388888888888 1.29
    endloop
  endfacet
  facet normal 0 -1 0
    outer loop
      vertex 66.25 225.29999999999995 1.2899999999999998
      vertex 87.06 225.29999999999995 1.2899999999999998
      vertex 87.06 225.29999999999995 2.0999999999999996
    endloop
  endfacet
  facet normal 1 0 0
    outer loop
      vertex 87.06 225.29999999999995 1.2899999999999998
      vertex 87.06 225.30388888888888 1.29
      vertex 87.06 225.30388888888888 2.0999999999999996
    endloop
  endfacet
  facet normal 0 -1 3.5088530160992606e-14
    outer loop
      vertex 66.25 225.29999999999995 1.2899999999999998
      vertex 87.05 225.29999999999998 2.0999999999999996
      vertex 66.25 225.29999999999998 2.0999999999999996
    endloop
  endfacet
  facet normal -2.8421709430391103e-12 -1 7.301923126499248e-11
    outer loop
      vertex 66.25 225.29999999999995 1.2899999999999998
      vertex 87.06 225.29999999999995 2.0999999999999996
      vertex 87.05 225.29999999999998 2.0999999999999996
    endloop
  endfacet
  facet normal 1 0 0
    outer loop
      vertex 87.06 225.29999999999995 1.2899999999999998
      vertex 87.06 225.30388888888888 2.0999999999999996
      vertex 87.06 225.29999999999995 2.0999999999999996
    endloop
  endfacet
  facet normal 0 0 1
    outer loop
      vertex 87.06 225.29999999999995 2.0999999999999996
      vertex 87.06 225.30388888888888 2.0999999999999996
      vertex 87.05 225.29999999999998 2.0999999999999996
    endloop
  endfacet
  facet normal 0 0 -1
    outer loop
      vertex 87.06 225.30388888888888 1.29
      vertex 87.06 226.59999999999997 1.29
      vertex 91.55 227.39999999999998 1.29
    endloop
  endfacet
  facet normal 0 0 -1
    outer loop
      vertex 87.06 226.59999999999997 1.29
      vertex 87.06 227.39999999999998 1.29
      vertex 91.55 227.39999999999998 1.29
    endloop
  endfacet
  facet normal 0 0 -1
    outer loop
      vertex 87.06 225.30388888888888 1.29
      vertex 91.55 227.39999999999998 1.29
      vertex 91.55 227.04999999999998 1.29
    endloop
  endfacet
  facet normal 0 1 0
    outer loop
      vertex 66.25 227.39999999999998 1.29
      vertex 66.25 227.39999999999998 2.1100000000000003
      vertex 87.06 227.39999999999998 1.29
    endloop
  endfacet
  facet normal 0 1 0
    outer loop
      vertex 87.06 227.39999999999998 1.29
      vertex 66.25 227.39999999999998 2.1100000000000003
      vertex 91.55 227.39999999999998 1.29
    endloop
  endfacet
  facet normal 0.3624462611549477 -0.9320046715412962 0
    outer loop
      vertex 87.06 225.30388888888888 1.29
      vertex 91.55 227.04999999999998 1.29
      vertex 87.06 225.30388888888888 2.0999999999999996
    endloop
  endfacet
  facet normal 1 0 0
    outer loop
      vertex 91.55 227.04999999999998 1.29
      vertex 91.55 227.39999999999998 1.29
      vertex 91.55 227.04999999999998 2.1100000000000003
    endloop
  endfacet
  facet normal 0 -1 0
    outer loop
      vertex 66.25 225.29999999999998 2.0999999999999996
      vertex 87.05 225.29999999999998 2.1100000000000003
      vertex 66.25 225.29999999999998 2.1100000000000003
    endloop
  endfacet
  facet normal 0 0 1
    outer loop
      vertex 66.25 225.29999999999998 2.1100000000000003
      vertex 91.55 227.39999999999998 2.1100000000000003
      vertex 66.25 227.39999999999998 2.1100000000000003
    endloop
  endfacet
  facet normal 0 -1 0
    outer loop
      vertex 66.25 225.29999999999998 2.0999999999999996
      vertex 87.05 225.29999999999998 2.0999999999999996
      vertex 87.05 225.29999999999998 2.1100000000000003
    endloop
  endfacet
  facet normal 0 0 1
    outer loop
      vertex 66.25 225.29999999999998 2.1100000000000003
      vertex 87.05 225.29999999999998 2.1100000000000003
      vertex 91.55 227.04999999999998 2.1100000000000003
    endloop
  endfacet
  facet normal 0 1 0
    outer loop
      vertex 91.55 227.39999999999998 1.29
      vertex 66.25 227.39999999999998 2.1100000000000003
      vertex 91.55 227.39999999999998 2.1100000000000003
    endloop
  endfacet
  facet normal 0.3624462611549477 -0.9320046715412963 0
    outer loop
      vertex 91.55 227.04999999999998 1.29
      vertex 91.55 227.04999999999998 2.1100000000000003
      vertex 87.06 225.30388888888888 2.0999999999999996
    endloop
  endfacet
  facet normal 0 0 1
    outer loop
      vertex 66.25 225.29999999999998 2.1100000000000003
      vertex 91.55 227.04999999999998 2.1100000000000003
      vertex 91.55 227.39999999999998 2.1100000000000003
    endloop
  endfacet
  facet normal 0.362446261155268 -0.9320046715411717 -1.6555728726441856e-10
    outer loop
      vertex 87.05 225.29999999999998 2.0999999999999996
      vertex 87.06 225.30388888888888 2.0999999999999996
      vertex 91.55 227.04999999999998 2.1100000000000003
    endloop
  endfacet
  facet normal 0.36244626115494843 -0.932004671541296 0
    outer loop
      vertex 87.05 225.29999999999998 2.0999999999999996
      vertex 91.55 227.04999999999998 2.1100000000000003
      vertex 87.05 225.29999999999998 2.1100000000000003
    endloop
  endfacet
  facet normal 1 0 0
    outer loop
      vertex 91.55 227.39999999999998 1.29
      vertex 91.55 227.39999999999998 2.1100000000000003
      vertex 91.55 227.04999999999998 2.1100000000000003
    endloop
  endfacet
  facet normal 0 -1 0
    outer loop
      vertex 94.85 213.39999999999998 0.6
      vertex 100.85 213.39999999999998 0.6
      vertex 94.85 213.39999999999998 1.4
    endloop
  endfacet
  facet normal 0 -1 0
    outer loop
      vertex 100.85 213.39999999999998 0.6
      vertex 100.85 213.39999999999998 1.4
      vertex 94.85 213.39999999999998 1.4
    endloop
  endfacet
  facet normal 0 0 1
    outer loop
      vertex 94.85 213.39999999999998 1.4
      vertex 100.85 213.39999999999998 1.4
      vertex 94.85 214.2 1.4
    endloop
  endfacet
  facet normal 0 -1 0
    outer loop
      vertex 94.85 226.59999999999997 0.6
      vertex 100.85 226.59999999999997 0.6
      vertex 94.85 226.59999999999997 1.4
    endloop
  endfacet
  facet normal 0 1 0
    outer loop
      vertex 94.85 227.39999999999998 0.6
      vertex 100.85 227.39999999999998 1.4
      vertex 100.85 227.39999999999998 0.6
    endloop
  endfacet
  facet normal 0 1 0
    outer loop
      vertex 94.85 227.39999999999998 0.6
      vertex 94.85 227.39999999999998 1.4
      vertex 100.85 227.39999999999998 1.4
    endloop
  endfacet
  facet normal 0 -1 0
    outer loop
      vertex 100.85 226.59999999999997 0.6
      vertex 100.85 226.59999999999997 1.4
      vertex 94.85 226.59999999999997 1.4
    endloop
  endfacet
  facet normal 0 0 1
    outer loop
      vertex 94.85 226.59999999999997 1.4
      vertex 100.85 226.59999999999997 1.4
      vertex 94.85 227.39999999999998 1.4
    endloop
  endfacet
  facet normal 0 0 1
    outer loop
      vertex 94.85 227.39999999999998 1.4
      vertex 100.85 226.59999999999997 1.4
      vertex 100.85 227.39999999999998 1.4
    endloop
  endfacet
  facet normal -1 0 0
    outer loop
      vertex 100.85 213.39999999999998 1.4
      vertex 100.85 214.2 2.63
      vertex 100.85 214.2 1.4
    endloop
  endfacet
  facet normal -1 0 0
    outer loop
      vertex 100.85 213.39999999999998 1.4
      vertex 100.85 213.39999999999998 2.63
      vertex 100.85 214.2 2.6499999999999995
    endloop
  endfacet
  facet normal -1 0 0
    outer loop
      vertex 100.85 213.39999999999998 1.4
      vertex 100.85 214.2 2.6499999999999995
      vertex 100.85 214.2 2.63
    endloop
  endfacet
  facet normal -1 0 0
    outer loop
      vertex 100.85 213.39999999999998 2.63
      vertex 100.85 213.39999999999998 2.6499999999999995
      vertex 100.85 214.2 2.6499999999999995
    endloop
  endfacet
  facet normal 0 1 0
    outer loop
      vertex 100.85 214.2 1.4
      vertex 100.85 214.2 2.63
      vertex 200 214.2 2.6298759580475997
    endloop
  endfacet
  facet normal 0 1 0
    outer loop
      vertex 100.85 214.2 2.63
      vertex 200 214.2 2.63
      vertex 200 214.2 2.6298759580475997
    endloop
  endfacet
  facet normal -1 0 0
    outer loop
      vertex 100.85 214.2 2.63
      vertex 100.85 214.2 2.6499999999999995
      vertex 100.85 215.49999999999997 2.63
    endloop
  endfacet
  facet normal -1 0 0
    outer loop
      vertex 100.85 215.49999999999997 2.63
      vertex 100.85 214.2 2.6499999999999995
      vertex 100.85 215.49999999999997 3.44
    endloop
  endfacet
  facet normal -1 0 0
    outer loop
      vertex 100.85 214.2 2.6499999999999995
      vertex 100.85 214.19999999999996 3.44
      vertex 100.85 215.49999999999997 3.44
    endloop
  endfacet
  facet normal 0 0 -1
    outer loop
      vertex 100.85 214.2 2.63
      vertex 100.85 215.49999999999997 2.63
      vertex 200 214.2 2.63
    endloop
  endfacet
  facet normal 0 1 0
    outer loop
      vertex 100.85 215.49999999999997 2.63
      vertex 100.85 215.49999999999997 3.44
      vertex 200 215.49999999999997 2.63
    endloop
  endfacet
  facet normal 0 0 1
    outer loop
      vertex 100.85 214.19999999999996 3.44
      vertex 200 215.49999999999997 3.44
      vertex 100.85 215.49999999999997 3.44
    endloop
  endfacet
  facet normal 0 0 -1
    outer loop
      vertex 100.85 215.49999999999997 2.63
      vertex 200 215.49999999999997 2.63
      vertex 200 214.2 2.63
    endloop
  endfacet
  facet normal 0 1 0
    outer loop
      vertex 100.85 215.49999999999997 3.44
      vertex 200 215.49999999999997 3.44
      vertex 200 215.49999999999997 2.63
    endloop
  endfacet
  facet normal 0 0 1
    outer loop
      vertex 100.85 214.19999999999996 3.44
      vertex 200 214.19999999999996 3.44
      vertex 200 215.49999999999997 3.44
    endloop
  endfacet
  facet normal -1 0 0
    outer loop
      vertex 100.85 226.59999999999997 1.4
      vertex 100.85 227.39999999999998 2.6499999999999995
      vertex 100.85 227.39999999999998 1.4
    endloop
  endfacet
  facet normal -1 0 0
    outer loop
      vertex 100.85 226.59999999999997 1.4
      vertex 100.85 226.59999999999997 2.63
      vertex 100.85 227.39999999999998 2.6499999999999995
    endloop
  endfacet
  facet normal -1 0 0
    outer loop
      vertex 100.85 226.59999999999997 2.63
      vertex 100.85 226.59999999999997 2.6499999999999995
      vertex 100.85 227.39999999999998 2.6499999999999995
    endloop
  endfacet
  facet normal 0 -1 0
    outer loop
      vertex 100.85 226.59999999999997 0.6
      vertex 200 226.59999999999997 0.6
      vertex 100.85 226.59999999999997 1.4
    endloop
  endfacet
  facet normal 0 1 0
    outer loop
      vertex 100.85 227.39999999999998 0.6
      vertex 100.85 227.39999999999998 1.4
      vertex 200 227.39999999999998 0.6
    endloop
  endfacet
  facet normal 0 -1 0
    outer loop
      vertex 100.85 226.59999999999997 1.4
      vertex 200 226.59999999999997 0.6
      vertex 100.85 226.59999999999997 2.63
    endloop
  endfacet
  facet normal 0 1 0
    outer loop
      vertex 100.85 227.39999999999998 1.4
      vertex 100.85 227.39999999999998 2.6499999999999995
      vertex 200 227.39999999999998 0.6
    endloop
  endfacet
  facet normal 0 -1 0
    outer loop
      vertex 100.85 226.59999999999997 2.63
      vertex 200 226.59999999999997 0.6
      vertex 200 226.59999999999997 2.63
    endloop
  endfacet
  facet normal 0 1 0
    outer loop
      vertex 100.85 227.39999999999998 2.6499999999999995
      vertex 200 227.39999999999998 2.6499999999999995
      vertex 200 227.39999999999998 0.6
    endloop
  endfacet
  facet normal -1 0 0
    outer loop
      vertex 100.85 225.29999999999995 2.63
      vertex 100.85 226.59999999999997 2.6499999999999995
      vertex 100.85 226.59999999999997 2.63
    endloop
  endfacet
  facet normal -1 0 0
    outer loop
      vertex 100.85 225.29999999999995 2.63
      vertex 100.85 227.39999999999995 3.44
      vertex 100.85 226.59999999999997 2.6499999999999995
    endloop
  endfacet
  facet normal -1 0 0
    outer loop
      vertex 100.85 226.59999999999997 2.6499999999999995
      vertex 100.85 227.39999999999995 3.44
      vertex 100.85 227.39999999999998 2.6499999999999995
    endloop
  endfacet
  facet normal -1 0 0
    outer loop
      vertex 100.85 225.29999999999995 2.63
      vertex 100.85 225.29999999999995 3.44
      vertex 100.85 227.39999999999995 3.44
    endloop
  endfacet
  facet normal 0 0 -1
    outer loop
      vertex 100.85 225.29999999999995 2.63
      vertex 100.85 226.59999999999997 2.63
      vertex 200 225.29999999999995 2.63
    endloop
  endfacet
  facet normal 0 1 3.5976847380258214e-14
    outer loop
      vertex 100.85 227.39999999999998 2.6499999999999995
      vertex 100.85 227.39999999999995 3.44
      vertex 200 227.39999999999998 2.6499999999999995
    endloop
  endfacet
  facet normal 0 -1 0
    outer loop
      vertex 100.85 225.29999999999995 2.63
      vertex 200 225.29999999999995 3.44
      vertex 100.85 225.29999999999995 3.44
    endloop
  endfacet
  facet normal 0 0 1
    outer loop
      vertex 100.85 225.29999999999995 3.44
      vertex 200 227.39999999999995 3.44
      vertex 100.85 227.39999999999995 3.44
    endloop
  endfacet
  facet normal 0 0 -1
    outer loop
      vertex 100.85 226.59999999999997 2.63
      vertex 200 226.59999999999997 2.63
      vertex 200 225.29999999999995 2.63
    endloop
  endfacet
  facet normal 0 -1 0
    outer loop
      vertex 100.85 225.29999999999995 2.63
      vertex 200 225.29999999999995 2.63
      vertex 200 225.29999999999995 3.44
    endloop
  endfacet
  facet normal 0 1 3.5976847380258214e-14
    outer loop
      vertex 100.85 227.39999999999995 3.44
      vertex 200 227.39999999999995 3.44
      vertex 200 227.39999999999998 2.6499999999999995
    endloop
  endfacet
  facet normal 0 0 1
    outer loop
      vertex 100.85 225.29999999999995 3.44
      vertex 200 225.29999999999995 3.44
      vertex 200 227.39999999999995 3.44
    endloop
  endfacet
  facet normal 1 0 0
    outer loop
      vertex 94.85 214.2 0.6
      vertex 94.85 226.59999999999997 0.6
      vertex 94.85 214.2 1.4
    endloop
  endfacet
  facet normal 0 1 0
    outer loop
      vertex 93.65 227.39999999999998 0.6
      vertex 94.85 227.39999999999998 1.4
      vertex 94.85 227.39999999999998 0.6
    endloop
  endfacet
  facet normal 1 0 0
    outer loop
      vertex 94.85 226.59999999999997 0.6
      vertex 94.85 226.59999999999997 1.4
      vertex 94.85 214.2 1.4
    endloop
  endfacet
  facet normal -1 0 0
    outer loop
      vertex 93.65 213.4088397790055 0.6
      vertex 93.65 227.39999999999998 2.4
      vertex 93.65 227.39999999999998 0.6
    endloop
  endfacet
  facet normal -1 0 0
    outer loop
      vertex 93.65 213.4088397790055 0.6
      vertex 93.65 214.2 1.4949999999999999
      vertex 93.65 227.39999999999998 2.4
    endloop
  endfacet
  facet normal 0 1 0
    outer loop
      vertex 93.65 227.39999999999998 0.6
      vertex 93.65 227.39999999999998 2.4
      vertex 94.85 227.39999999999998 1.4
    endloop
  endfacet
  facet normal 1 0 0
    outer loop
      vertex 94.85 213.39999999999998 1.4
      vertex 94.85 214.2 1.4
      vertex 94.85 213.39999999999998 2.4
    endloop
  endfacet
  facet normal 1 0 0
    outer loop
      vertex 94.85 214.2 1.4
      vertex 94.85 226.59999999999997 1.4
      vertex 94.85 213.39999999999998 2.4
    endloop
  endfacet
  facet normal -1 0 0
    outer loop
      vertex 93.65 214.2 1.4949999999999999
      vertex 93.65 214.2 2.4
      vertex 93.65 227.39999999999998 2.4
    endloop
  endfacet
  facet normal 1 0 0
    outer loop
      vertex 94.85 226.59999999999997 1.4
      vertex 94.85 227.39999999999998 1.4
      vertex 94.85 227.39999999999998 2.4
    endloop
  endfacet
  facet normal 1 0 0
    outer loop
      vertex 94.85 226.59999999999997 1.4
      vertex 94.85 227.39999999999998 2.4
      vertex 94.85 213.39999999999998 2.4
    endloop
  endfacet
  facet normal 0 1 0
    outer loop
      vertex 94.85 227.39999999999998 1.4
      vertex 93.65 227.39999999999998 2.4
      vertex 94.85 227.39999999999998 2.4
    endloop
  endfacet
  facet normal 0 0 1
    outer loop
      vertex 93.71857142857144 213.39999999999998 2.4
      vertex 94.85 213.39999999999998 2.4
      vertex 93.65 214.2 2.4
    endloop
  endfacet
  facet normal 0 0 1
    outer loop
      vertex 93.65 214.2 2.4
      vertex 94.85 213.39999999999998 2.4
      vertex 93.65 227.39999999999998 2.4
    endloop
  endfacet
  facet normal 0 0 1
    outer loop
      vertex 94.85 213.39999999999998 2.4
      vertex 94.85 227.39999999999998 2.4
      vertex 93.65 227.39999999999998 2.4
    endloop
  endfacet
  facet normal 1 0 0
    outer loop
      vertex 66.25 25 0.6
      vertex 66.25 28.60000000000001 1.29
      vertex 66.25 28.60000000000001 2.1100000000000003
    endloop
  endfacet
  facet normal 1 0 0
    outer loop
      vertex 66.25 25 0.6
      vertex 66.25 28.60000000000001 2.1100000000000003
      vertex 66.25 25 3.45
    endloop
  endfacet
  facet normal 1 0 0
    outer loop
      vertex 66.25 28.60000000000001 2.1100000000000003
      vertex 66.25 30.70000000000001 2.1100000000000003
      vertex 66.25 25 3.45
    endloop
  endfacet
  facet normal 1 0 0
    outer loop
      vertex 66.25 30.70000000000001 2.1100000000000003
      vertex 66.25 40.50000000000001 2.1100000000000003
      vertex 66.25 25 3.45
    endloop
  endfacet
  facet normal 1 0 0
    outer loop
      vertex 66.25 40.50000000000001 2.1100000000000003
      vertex 66.25 42.60000000000001 2.1100000000000003
      vertex 66.25 25 3.45
    endloop
  endfacet
  facet normal 1 0 0
    outer loop
      vertex 66.25 42.60000000000001 2.1100000000000003
      vertex 66.25 43.900000000000006 2.1100000000000003
      vertex 66.25 25 3.45
    endloop
  endfacet
  facet normal 1 0 0
    outer loop
      vertex 66.25 43.900000000000006 2.1100000000000003
      vertex 66.25 53.70000000000001 2.1100000000000003
      vertex 66.25 25 3.45
    endloop
  endfacet
  facet normal 1 0 0
    outer loop
      vertex 66.25 55.79862204724411 2.1100000000000003
      vertex 66.25 25 3.45
      vertex 66.25 53.70000000000001 2.1100000000000003
    endloop
  endfacet
  facet normal 1 0 0
    outer loop
      vertex 66.25 55.79862204724411 2.1100000000000003
      vertex 66.25 57.10000000000001 2.1100000000000003
      vertex 66.25 25 3.45
    endloop
  endfacet
  facet normal 1 0 0
    outer loop
      vertex 66.25 57.10000000000001 2.1100000000000003
      vertex 66.25 66.9 2.1100000000000003
      vertex 66.25 25 3.45
    endloop
  endfacet
  facet normal 1 0 0
    outer loop
      vertex 66.25 66.9 2.1100000000000003
      vertex 66.25 69 2.1100000000000003
      vertex 66.25 25 3.45
    endloop
  endfacet
  facet normal 1 0 0
    outer loop
      vertex 66.25 69 2.1100000000000003
      vertex 66.25 70.30000000000001 2.1100000000000003
      vertex 66.25 25 3.45
    endloop
  endfacet
  facet normal 1 0 0
    outer loop
      vertex 66.25 70.30000000000001 2.1100000000000003
      vertex 66.25 80.1 2.1100000000000003
      vertex 66.25 25 3.45
    endloop
  endfacet
  facet normal 1 0 0
    outer loop
      vertex 66.25 80.1 2.1100000000000003
      vertex 66.25 82.1986220472441 2.1100000000000003
      vertex 66.25 25 3.45
    endloop
  endfacet
  facet normal 1 0 0
    outer loop
      vertex 66.25 82.1986220472441 2.1100000000000003
      vertex 66.25 83.5 2.1100000000000003
      vertex 66.25 25 3.45
    endloop
  endfacet
  facet normal 1 0 0
    outer loop
      vertex 66.25 83.5 2.1100000000000003
      vertex 66.25 93.30000000000001 2.1100000000000003
      vertex 66.25 25 3.45
    endloop
  endfacet
  facet normal 1 0 0
    outer loop
      vertex 66.25 93.30000000000001 2.1100000000000003
      vertex 66.25 94.61004784688996 2.1100000000000003
      vertex 66.25 25 3.45
    endloop
  endfacet
  facet normal 1 0 0
    outer loop
      vertex 66.25 94.61004784688996 2.1100000000000003
      vertex 66.25 96.7 2.1100000000000003
      vertex 66.25 25 3.45
    endloop
  endfacet
  facet normal 1 0 0
    outer loop
      vertex 66.25 96.7 2.1100000000000003
      vertex 66.25 106.50000000000001 2.1100000000000003
      vertex 66.25 25 3.45
    endloop
  endfacet
  facet normal 1 0 0
    outer loop
      vertex 66.25 106.50000000000001 2.1100000000000003
      vertex 66.25 107.81004784688994 2.1100000000000003
      vertex 66.25 25 3.45
    endloop
  endfacet
  facet normal 1 0 0
    outer loop
      vertex 66.25 107.81004784688994 2.1100000000000003
      vertex 66.25 109.89999999999999 2.1100000000000003
      vertex 66.25 25 3.45
    endloop
  endfacet
  facet normal 1 0 0
    outer loop
      vertex 66.25 109.89999999999999 2.1100000000000003
      vertex 66.25 119.7 2.1100000000000003
      vertex 66.25 25 3.45
    endloop
  endfacet
  facet normal 1 0 0
    outer loop
      vertex 66.25 119.7 2.1100000000000003
      vertex 66.25 121.01004784688995 2.1100000000000003
      vertex 66.25 25 3.45
    endloop
  endfacet
  facet normal 1 0 0
    outer loop
      vertex 66.25 25 3.45
      vertex 66.25 121.01004784688995 2.1100000000000003
      vertex 66.25 123.1 2.1100000000000003
    endloop
  endfacet
  facet normal 1 0 0
    outer loop
      vertex 66.25 25 3.45
      vertex 66.25 123.1 2.1100000000000003
      vertex 66.25 132.9 2.1100000000000003
    endloop
  endfacet
  facet normal 1 0 0
    outer loop
      vertex 66.25 25 3.45
      vertex 66.25 132.9 2.1100000000000003
      vertex 66.25 134.21004784688995 2.1100000000000003
    endloop
  endfacet
  facet normal 1 0 0
    outer loop
      vertex 66.25 25 3.45
      vertex 66.25 134.21004784688995 2.1100000000000003
      vertex 66.25 136.3 2.1100000000000003
    endloop
  endfacet
  facet normal 1 0 0
    outer loop
      vertex 66.25 25 3.45
      vertex 66.25 136.3 2.1100000000000003
      vertex 66.25 146.10000000000002 2.1100000000000003
    endloop
  endfacet
  facet normal 1 0 0
    outer loop
      vertex 66.25 25 3.45
      vertex 66.25 146.10000000000002 2.1100000000000003
      vertex 66.25 147.41004784688994 2.1100000000000003
    endloop
  endfacet
  facet normal 1 0 0
    outer loop
      vertex 66.25 25 3.45
      vertex 66.25 147.41004784688994 2.1100000000000003
      vertex 66.25 149.5 2.1100000000000003
    endloop
  endfacet
  facet normal 1 0 0
    outer loop
      vertex 66.25 25 3.45
      vertex 66.25 149.5 2.1100000000000003
      vertex 66.25 159.3 2.1100000000000003
    endloop
  endfacet
  facet normal 1 0 0
    outer loop
      vertex 66.25 25 3.45
      vertex 66.25 159.3 2.1100000000000003
      vertex 66.25 160.6015965534719 2.1100000000000003
    endloop
  endfacet
  facet normal 1 0 0
    outer loop
      vertex 66.25 25 3.45
      vertex 66.25 160.6015965534719 2.1100000000000003
      vertex 66.25 162.70000000000002 2.1100000000000003
    endloop
  endfacet
  facet normal 1 0 0
    outer loop
      vertex 66.25 25 3.45
      vertex 66.25 162.70000000000002 2.1100000000000003
      vertex 66.25 172.50000000000003 2.1100000000000003
    endloop
  endfacet
  facet normal 1 0 0
    outer loop
      vertex 66.25 25 3.45
      vertex 66.25 172.50000000000003 2.1100000000000003
      vertex 66.25 173.81004784688997 2.1100000000000003
    endloop
  endfacet
  facet normal 1 0 0
    outer loop
      vertex 66.25 25 3.45
      vertex 66.25 173.81004784688997 2.1100000000000003
      vertex 66.25 175.9 2.1100000000000003
    endloop
  endfacet
  facet normal 0 0 1
    outer loop
      vertex 66.23099152324686 24.995890059080402 3.45
      vertex 66.25 25 3.45
      vertex 64.2649600206345 231.42919783337632 3.45
    endloop
  endfacet
  facet normal 1 0 0
    outer loop
      vertex 66.25 25 3.45
      vertex 66.25 175.9 2.1100000000000003
      vertex 66.25 185.70000000000002 2.1100000000000003
    endloop
  endfacet
  facet normal 1 0 0
    outer loop
      vertex 66.25 25 3.45
      vertex 66.25 185.70000000000002 2.1100000000000003
      vertex 66.25 187.00159655347187 2.1100000000000003
    endloop
  endfacet
  facet normal 1 0 0
    outer loop
      vertex 66.25 25 3.45
      vertex 66.25 187.00159655347187 2.1100000000000003
      vertex 66.25 189.1 2.1100000000000003
    endloop
  endfacet
  facet normal 1 0 0
    outer loop
      vertex 66.25 25 3.45
      vertex 66.25 189.1 2.1100000000000003
      vertex 66.25 198.9 2.1100000000000003
    endloop
  endfacet
  facet normal 1 0 0
    outer loop
      vertex 66.25 25 3.45
      vertex 66.25 198.9 2.1100000000000003
      vertex 66.25 200.21004784688995 2.1100000000000003
    endloop
  endfacet
  facet normal 1 0 0
    outer loop
      vertex 66.25 25 3.45
      vertex 66.25 200.21004784688995 2.1100000000000003
      vertex 66.25 202.29999999999998 2.1100000000000003
    endloop
  endfacet
  facet normal 1 0 0
    outer loop
      vertex 66.25 25 3.45
      vertex 66.25 202.29999999999998 2.1100000000000003
      vertex 66.25 231 3.45
    endloop
  endfacet
  facet normal 0 0 1
    outer loop
      vertex 64.2649600206345 231.42919783337632 3.45
      vertex 66.25 25 3.45
      vertex 66.25 231 3.45
    endloop
  endfacet
  facet normal 1 0 0
    outer loop
      vertex 66.25 231 3.45
      vertex 66.25 227.39999999999998 2.1100000000000003
      vertex 66.25 231 0.6
    endloop
  endfacet
  facet normal 1 0 0
    outer loop
      vertex 66.25 202.29999999999998 2.1100000000000003
      vertex 66.25 212.1 2.1100000000000003
      vertex 66.25 231 3.45
    endloop
  endfacet
  facet normal 1 0 0
    outer loop
      vertex 66.25 212.1 2.1100000000000003
      vertex 66.25 213.40159655347185 2.1100000000000003
      vertex 66.25 231 3.45
    endloop
  endfacet
  facet normal 1 0 0
    outer loop
      vertex 66.25 213.40159655347185 2.1100000000000003
      vertex 66.25 215.49999999999997 2.1100000000000003
      vertex 66.25 231 3.45
    endloop
  endfacet
  facet normal 1 0 0
    outer loop
      vertex 66.25 215.49999999999997 2.1100000000000003
      vertex 66.25 225.29999999999998 2.1100000000000003
      vertex 66.25 231 3.45
    endloop
  endfacet
  facet normal 1 0 0
    outer loop
      vertex 66.25 225.29999999999998 2.1100000000000003
      vertex 66.25 227.39999999999998 2.1100000000000003
      vertex 66.25 231 3.45
    endloop
  endfacet
endsolid OpenSCAD_Model
