solid OpenSCAD_Model
  facet normal 0 0 1
    outer loop
      vertex 38.06 7.5 0.6
      vertex 39.05 7.5 0.6
      vertex 38.06 22.5 0.6
    endloop
  endfacet
  facet normal 0 0 1
    outer loop
      vertex 39.05 7.5 0.6
      vertex 39.05 22.5 0.6
      vertex 38.06 22.5 0.6
    endloop
  endfacet
  facet normal 0 0 1
    outer loop
      vertex 40.25 10.7 0.6
      vertex 46.25 19.3 0.6
      vertex 40.25 19.3 0.6
    endloop
  endfacet
  facet normal 0 0 1
    outer loop
      vertex 40.25 10.7 0.6
      vertex 46.25 10.7 0.6
      vertex 46.25 19.3 0.6
    endloop
  endfacet
  facet normal 0 0 1
    outer loop
      vertex 38.06 22.5 0.6
      vertex 39.05 22.5 0.6
      vertex 38.06 37.5 0.6
    endloop
  endfacet
  facet normal 0 0 1
    outer loop
      vertex 39.05 22.5 0.6
      vertex 39.05 37.5 0.6
      vertex 38.06 37.5 0.6
    endloop
  endfacet
  facet normal 0 0 1
    outer loop
      vertex 40.25 25.7 0.6
      vertex 46.25 34.3 0.6
      vertex 40.25 34.3 0.6
    endloop
  endfacet
  facet normal 0 0 1
    outer loop
      vertex 40.25 25.7 0.6
      vertex 46.25 25.7 0.6
      vertex 46.25 34.3 0.6
    endloop
  endfacet
  facet normal 0 0 1
    outer loop
      vertex 38.06 37.5 0.6
      vertex 39.05 37.5 0.6
      vertex 38.06 52.5 0.6
    endloop
  endfacet
  facet normal 0 0 1
    outer loop
      vertex 39.05 37.5 0.6
      vertex 39.05 52.5 0.6
      vertex 38.06 52.5 0.6
    endloop
  endfacet
  facet normal 0 0 1
    outer loop
      vertex 40.25 40.7 0.6
      vertex 46.25 40.7 0.6
      vertex 46.25 49.3 0.6
    endloop
  endfacet
  facet normal 0 0 1
    outer loop
      vertex 40.25 40.7 0.6
      vertex 46.25 49.3 0.6
      vertex 40.25 49.3 0.6
    endloop
  endfacet
  facet normal 0 0 1
    outer loop
      vertex 12.25 2 0.6
      vertex 145 2 0.6
      vertex 12.25 7.5 0.6
    endloop
  endfacet
  facet normal 0 0 1
    outer loop
      vertex 12.25 7.5 0.6
      vertex 145 2 0.6
      vertex 38.05 7.5 0.6
    endloop
  endfacet
  facet normal 0 0 1
    outer loop
      vertex 38.06 7.5 0.6
      vertex 38.05 7.5 0.6
      vertex 145 2 0.6
    endloop
  endfacet
  facet normal 0 1 0
    outer loop
      vertex 145 2 0.6
      vertex 12.25 2 0.6
      vertex 12.25 2 3.45
    endloop
  endfacet
  facet normal 0 0 1
    outer loop
      vertex 38.06 52.5 0.6
      vertex 39.05 52.5 0.6
      vertex 38.06 67.5 0.6
    endloop
  endfacet
  facet normal 0 0 1
    outer loop
      vertex 39.05 52.5 0.6
      vertex 39.05 67.5 0.6
      vertex 38.06 67.5 0.6
    endloop
  endfacet
  facet normal 0 0 1
    outer loop
      vertex 40.25 55.7 0.6
      vertex 46.25 55.7 0.6
      vertex 46.25 64.3 0.6
    endloop
  endfacet
  facet normal 0 0 1
    outer loop
      vertex 40.25 55.7 0.6
      vertex 46.25 64.3 0.6
      vertex 40.25 64.3 0.6
    endloop
  endfacet
  facet normal 0 0 1
    outer loop
      vertex 38.06 67.5 0.6
      vertex 39.05 67.5 0.6
      vertex 38.06 82.5 0.6
    endloop
  endfacet
  facet normal 0 0 1
    outer loop
      vertex 39.05 67.5 0.6
      vertex 39.05 82.5 0.6
      vertex 38.06 82.5 0.6
    endloop
  endfacet
  facet normal 0 0 1
    outer loop
      vertex 40.25 70.7 0.6
      vertex 46.25 79.3 0.6
      vertex 40.25 79.3 0.6
    endloop
  endfacet
  facet normal 0 0 1
    outer loop
      vertex 40.25 70.7 0.6
      vertex 46.25 70.7 0.6
      vertex 46.25 79.3 0.6
    endloop
  endfacet
  facet normal 0 0 1
    outer loop
      vertex 38.06 82.5 0.6
      vertex 39.05 82.5 0.6
      vertex 38.06 97.5 0.6
    endloop
  endfacet
  facet normal 0 0 1
    outer loop
      vertex 40.25 85.7 0.6
      vertex 46.25 94.3 0.6
      vertex 40.25 94.3 0.6
    endloop
  endfacet
  facet normal 0 0 1
    outer loop
      vertex 40.25 85.7 0.6
      vertex 46.25 85.7 0.6
      vertex 46.25 94.3 0.6
    endloop
  endfacet
  facet normal 0 0 1
    outer loop
      vertex 39.05 82.5 0.6
      vertex 39.05 97.5 0.6
      vertex 38.06 97.5 0.6
    endloop
  endfacet
  facet normal 0 0 1
    outer loop
      vertex 38.06 97.5 0.6
      vertex 39.05 97.5 0.6
      vertex 38.06 112.5 0.6
    endloop
  endfacet
  facet normal 0 0 1
    outer loop
      vertex 40.25 100.7 0.6
      vertex 46.25 100.7 0.6
      vertex 46.25 109.3 0.6
    endloop
  endfacet
  facet normal 0 0 1
    outer loop
      vertex 12.25 202.5 0.6
      vertex 38.05 202.5 0.6
      vertex 12.25 208 0.6
    endloop
  endfacet
  facet normal 0 0 1
    outer loop
      vertex 38.06 202.5 0.6
      vertex 12.25 208 0.6
      vertex 38.05 202.5 0.6
    endloop
  endfacet
  facet normal 0 0 1
    outer loop
      vertex 39.05 97.5 0.6
      vertex 39.05 112.5 0.6
      vertex 38.06 112.5 0.6
    endloop
  endfacet
  facet normal 0 0 1
    outer loop
      vertex 38.06 112.5 0.6
      vertex 39.05 112.5 0.6
      vertex 38.06 127.5 0.6
    endloop
  endfacet
  facet normal 0 0 1
    outer loop
      vertex 40.25 100.7 0.6
      vertex 46.25 109.3 0.6
      vertex 40.25 109.3 0.6
    endloop
  endfacet
  facet normal 0 0 1
    outer loop
      vertex 39.05 112.5 0.6
      vertex 39.05 127.5 0.6
      vertex 38.06 127.5 0.6
    endloop
  endfacet
  facet normal 0 0 1
    outer loop
      vertex 40.25 115.7 0.6
      vertex 46.25 124.3 0.6
      vertex 40.25 124.3 0.6
    endloop
  endfacet
  facet normal 0 0 1
    outer loop
      vertex 40.25 115.7 0.6
      vertex 46.25 115.7 0.6
      vertex 46.25 124.3 0.6
    endloop
  endfacet
  facet normal 0 0 1
    outer loop
      vertex 38.06 127.5 0.6
      vertex 39.05 127.5 0.6
      vertex 38.06 142.5 0.6
    endloop
  endfacet
  facet normal 0 0 1
    outer loop
      vertex 39.05 127.5 0.6
      vertex 39.05 142.5 0.6
      vertex 38.06 142.5 0.6
    endloop
  endfacet
  facet normal 0 0 1
    outer loop
      vertex 40.25 130.7 0.6
      vertex 46.25 139.3 0.6
      vertex 40.25 139.3 0.6
    endloop
  endfacet
  facet normal 0 0 1
    outer loop
      vertex 40.25 130.7 0.6
      vertex 46.25 130.7 0.6
      vertex 46.25 139.3 0.6
    endloop
  endfacet
  facet normal 0 0 1
    outer loop
      vertex 38.06 142.5 0.6
      vertex 39.05 142.5 0.6
      vertex 38.06 157.5 0.6
    endloop
  endfacet
  facet normal 0 0 1
    outer loop
      vertex 39.05 142.5 0.6
      vertex 39.05 157.5 0.6
      vertex 38.06 157.5 0.6
    endloop
  endfacet
  facet normal 0 0 1
    outer loop
      vertex 40.25 145.7 0.6
      vertex 46.25 145.7 0.6
      vertex 46.25 154.3 0.6
    endloop
  endfacet
  facet normal 0 0 1
    outer loop
      vertex 40.25 145.7 0.6
      vertex 46.25 154.3 0.6
      vertex 40.25 154.3 0.6
    endloop
  endfacet
  facet normal 0 0 1
    outer loop
      vertex 38.06 157.5 0.6
      vertex 39.05 157.5 0.6
      vertex 38.06 172.5 0.6
    endloop
  endfacet
  facet normal 0 0 1
    outer loop
      vertex 39.05 157.5 0.6
      vertex 39.05 172.5 0.6
      vertex 38.06 172.5 0.6
    endloop
  endfacet
  facet normal 0 0 1
    outer loop
      vertex 40.25 160.7 0.6
      vertex 46.25 169.3 0.6
      vertex 40.25 169.3 0.6
    endloop
  endfacet
  facet normal 0 0 1
    outer loop
      vertex 38.06 172.5 0.6
      vertex 39.05 172.5 0.6
      vertex 38.06 187.5 0.6
    endloop
  endfacet
  facet normal 0 0 1
    outer loop
      vertex 39.05 172.5 0.6
      vertex 39.05 187.5 0.6
      vertex 38.06 187.5 0.6
    endloop
  endfacet
  facet normal 0 0 1
    outer loop
      vertex 40.25 175.7 0.6
      vertex 46.25 184.3 0.6
      vertex 40.25 184.3 0.6
    endloop
  endfacet
  facet normal 0 0 1
    outer loop
      vertex 40.25 175.7 0.6
      vertex 46.25 175.7 0.6
      vertex 46.25 184.3 0.6
    endloop
  endfacet
  facet normal 0 0 1
    outer loop
      vertex 38.06 187.5 0.6
      vertex 39.05 187.5 0.6
      vertex 38.06 202.5 0.6
    endloop
  endfacet
  facet normal 0 0 1
    outer loop
      vertex 40.25 190.7 0.6
      vertex 46.25 199.3 0.6
      vertex 40.25 199.3 0.6
    endloop
  endfacet
  facet normal 0 0 1
    outer loop
      vertex 40.25 190.7 0.6
      vertex 46.25 190.7 0.6
      vertex 46.25 199.3 0.6
    endloop
  endfacet
  facet normal 0 0 1
    outer loop
      vertex 39.05 187.5 0.6
      vertex 39.05 202.5 0.6
      vertex 38.06 202.5 0.6
    endloop
  endfacet
  facet normal 0 0 1
    outer loop
      vertex 38.06 202.5 0.6
      vertex 145 208 0.6
      vertex 12.25 208 0.6
    endloop
  endfacet
  facet normal 0 -1 0
    outer loop
      vertex 145 208 3.45
      vertex 12.25 208 3.45
      vertex 12.25 208 0.6
    endloop
  endfacet
  facet normal 0 0 1
    outer loop
      vertex 38.06 7.5 0.6
      vertex 145 2 0.6
      vertex 39.05 7.5 0.6
    endloop
  endfacet
  facet normal 0 0 1
    outer loop
      vertex 39.05 7.5 0.6
      vertex 145 2 0.6
      vertex 40.25 7.5 0.6
    endloop
  endfacet
  facet normal 0 0 1
    outer loop
      vertex 40.25 7.5 0.6
      vertex 145 2 0.6
      vertex 46.25 7.5 0.6
    endloop
  endfacet
  facet normal 0 0 1
    outer loop
      vertex 46.25 10.7 0.6
      vertex 146 19.3 0.6
      vertex 46.25 19.3 0.6
    endloop
  endfacet
  facet normal 0 0 1
    outer loop
      vertex 46.25 25.7 0.6
      vertex 146 34.3 0.6
      vertex 46.25 34.3 0.6
    endloop
  endfacet
  facet normal 0 0 1
    outer loop
      vertex 46.25 40.7 0.6
      vertex 146 49.3 0.6
      vertex 46.25 49.3 0.6
    endloop
  endfacet
  facet normal 0 0 1
    outer loop
      vertex 46.25 55.7 0.6
      vertex 146 64.3 0.6
      vertex 46.25 64.3 0.6
    endloop
  endfacet
  facet normal 0 0 1
    outer loop
      vertex 46.25 70.7 0.6
      vertex 146 79.3 0.6
      vertex 46.25 79.3 0.6
    endloop
  endfacet
  facet normal 0 0 1
    outer loop
      vertex 46.25 85.7 0.6
      vertex 146 94.3 0.6
      vertex 46.25 94.3 0.6
    endloop
  endfacet
  facet normal 0 0 1
    outer loop
      vertex 46.25 7.5 0.6
      vertex 145 2 0.6
      vertex 146 7.5 0.6
    endloop
  endfacet
  facet normal 0 0 1
    outer loop
      vertex 46.25 10.7 0.6
      vertex 146 10.7 0.6
      vertex 146 19.3 0.6
    endloop
  endfacet
  facet normal 0 0 1
    outer loop
      vertex 46.25 25.7 0.6
      vertex 146 25.7 0.6
      vertex 146 34.3 0.6
    endloop
  endfacet
  facet normal 0 0 1
    outer loop
      vertex 46.25 40.7 0.6
      vertex 146 40.7 0.6
      vertex 146 49.3 0.6
    endloop
  endfacet
  facet normal 0 0 1
    outer loop
      vertex 145 2 0.6
      vertex 145.19509032201614 2.0192147195967696 0.6
      vertex 146 7.5 0.6
    endloop
  endfacet
  facet normal 0 0 1
    outer loop
      vertex 145.19509032201614 2.0192147195967696 0.6
      vertex 145.3826834323651 2.076120467488713 0.6
      vertex 146 7.5 0.6
    endloop
  endfacet
  facet normal 0 0 1
    outer loop
      vertex 145.3826834323651 2.076120467488713 0.6
      vertex 145.5555702330196 2.1685303876974547 0.6
      vertex 146 7.5 0.6
    endloop
  endfacet
  facet normal 0 0 1
    outer loop
      vertex 145.5555702330196 2.1685303876974547 0.6
      vertex 145.70710678118655 2.2928932188134525 0.6
      vertex 146 7.5 0.6
    endloop
  endfacet
  facet normal 0 0 1
    outer loop
      vertex 145.70710678118655 2.2928932188134525 0.6
      vertex 145.83146961230256 2.444429766980398 0.6
      vertex 146 7.5 0.6
    endloop
  endfacet
  facet normal 0 0 1
    outer loop
      vertex 145.83146961230256 2.444429766980398 0.6
      vertex 145.92387953251128 2.6173165676349104 0.6
      vertex 146 7.5 0.6
    endloop
  endfacet
  facet normal 0 0 1
    outer loop
      vertex 145.92387953251128 2.6173165676349104 0.6
      vertex 145.98078528040324 2.804909677983872 0.6
      vertex 146 7.5 0.6
    endloop
  endfacet
  facet normal 0 0 1
    outer loop
      vertex 145.98078528040324 2.804909677983872 0.6
      vertex 146 3 0.6
      vertex 146 7.5 0.6
    endloop
  endfacet
  facet normal -1 0 0
    outer loop
      vertex 146 3 0.6
      vertex 146 7.5 2.64
      vertex 146 7.5 0.6
    endloop
  endfacet
  facet normal -1 0 0
    outer loop
      vertex 146 10.7 0.6
      vertex 146 10.7 2.64
      vertex 146 19.3 0.6
    endloop
  endfacet
  facet normal -0.09801714032955378 0.9951847266721976 0
    outer loop
      vertex 145 2 0.6
      vertex 145 2 3.45
      vertex 145.19509032201614 2.0192147195967696 0.6
    endloop
  endfacet
  facet normal -0.29028467725446866 0.9569403357322069 0
    outer loop
      vertex 145.19509032201614 2.0192147195967696 0.6
      vertex 145.19509032201614 2.0192147195967696 3.45
      vertex 145.3826834323651 2.076120467488713 0.6
    endloop
  endfacet
  facet normal -0.47139673682600347 0.8819212643483518 0
    outer loop
      vertex 145.3826834323651 2.076120467488713 0.6
      vertex 145.3826834323651 2.076120467488713 3.45
      vertex 145.5555702330196 2.1685303876974547 0.6
    endloop
  endfacet
  facet normal -0.6343932841636472 0.7730104533627357 0
    outer loop
      vertex 145.5555702330196 2.1685303876974547 0.6
      vertex 145.5555702330196 2.1685303876974547 3.45
      vertex 145.70710678118655 2.2928932188134525 0.6
    endloop
  endfacet
  facet normal -0.7730104533627253 0.6343932841636595 0
    outer loop
      vertex 145.70710678118655 2.2928932188134525 0.6
      vertex 145.70710678118655 2.2928932188134525 3.45
      vertex 145.83146961230256 2.444429766980398 0.6
    endloop
  endfacet
  facet normal -0.8819212643483936 0.4713967368259256 0
    outer loop
      vertex 145.83146961230256 2.444429766980398 0.6
      vertex 145.83146961230256 2.444429766980398 3.45
      vertex 145.92387953251128 2.6173165676349104 0.6
    endloop
  endfacet
  facet normal -0.9569403357321853 0.29028467725454 0
    outer loop
      vertex 145.92387953251128 2.6173165676349104 0.6
      vertex 145.92387953251128 2.6173165676349104 3.45
      vertex 145.98078528040324 2.804909677983872 0.6
    endloop
  endfacet
  facet normal -0.9951847266722013 0.09801714032951596 0
    outer loop
      vertex 145.98078528040324 2.804909677983872 0.6
      vertex 145.98078528040324 2.804909677983872 3.45
      vertex 146 3 0.6
    endloop
  endfacet
  facet normal -1 0 0
    outer loop
      vertex 146 25.7 0.6
      vertex 146 25.7 2.64
      vertex 146 34.3 0.6
    endloop
  endfacet
  facet normal -1 0 0
    outer loop
      vertex 146 40.7 0.6
      vertex 146 40.7 2.64
      vertex 146 49.3 0.6
    endloop
  endfacet
  facet normal 0 0 1
    outer loop
      vertex 46.25 55.7 0.6
      vertex 146 55.7 0.6
      vertex 146 64.3 0.6
    endloop
  endfacet
  facet normal 0 0 1
    outer loop
      vertex 46.25 70.7 0.6
      vertex 146 70.7 0.6
      vertex 146 79.3 0.6
    endloop
  endfacet
  facet normal 0 0 1
    outer loop
      vertex 46.25 85.7 0.6
      vertex 146 85.7 0.6
      vertex 146 94.3 0.6
    endloop
  endfacet
  facet normal 0 0 1
    outer loop
      vertex 46.25 100.7 0.6
      vertex 146 100.7 0.6
      vertex 146 109.3 0.6
    endloop
  endfacet
  facet normal -1 0 0
    outer loop
      vertex 146 55.7 0.6
      vertex 146 57 2.64
      vertex 146 64.3 0.6
    endloop
  endfacet
  facet normal -1 0 0
    outer loop
      vertex 146 70.7 0.6
      vertex 146 79.3 2.64
      vertex 146 79.3 0.6
    endloop
  endfacet
  facet normal -1 0 0
    outer loop
      vertex 146 85.7 0.6
      vertex 146 94.3 2.64
      vertex 146 94.3 0.6
    endloop
  endfacet
  facet normal 0 1 0
    outer loop
      vertex 145 2 0.6
      vertex 12.25 2 3.45
      vertex 145 2 3.45
    endloop
  endfacet
  facet normal -1 0 0
    outer loop
      vertex 146 19.3 0.6
      vertex 146 10.7 2.64
      vertex 146 12 2.64
    endloop
  endfacet
  facet normal -1 0 0
    outer loop
      vertex 146 19.3 0.6
      vertex 146 12 2.64
      vertex 146 18 2.64
    endloop
  endfacet
  facet normal -1 0 0
    outer loop
      vertex 146 19.3 0.6
      vertex 146 18 2.64
      vertex 146 19.3 2.64
    endloop
  endfacet
  facet normal -1 0 0
    outer loop
      vertex 146 3 0.6
      vertex 146 3 3.45
      vertex 146 7.5 2.64
    endloop
  endfacet
  facet normal -0.09801714032955378 0.9951847266721976 0
    outer loop
      vertex 145.19509032201614 2.0192147195967696 0.6
      vertex 145 2 3.45
      vertex 145.19509032201614 2.0192147195967696 3.45
    endloop
  endfacet
  facet normal -0.29028467725446866 0.9569403357322069 0
    outer loop
      vertex 145.3826834323651 2.076120467488713 0.6
      vertex 145.19509032201614 2.0192147195967696 3.45
      vertex 145.3826834323651 2.076120467488713 3.45
    endloop
  endfacet
  facet normal -0.47139673682600347 0.8819212643483518 0
    outer loop
      vertex 145.5555702330196 2.1685303876974547 0.6
      vertex 145.3826834323651 2.076120467488713 3.45
      vertex 145.5555702330196 2.1685303876974547 3.45
    endloop
  endfacet
  facet normal -0.6343932841636472 0.7730104533627357 0
    outer loop
      vertex 145.70710678118655 2.2928932188134525 0.6
      vertex 145.5555702330196 2.1685303876974547 3.45
      vertex 145.70710678118655 2.2928932188134525 3.45
    endloop
  endfacet
  facet normal -0.7730104533627253 0.6343932841636595 0
    outer loop
      vertex 145.83146961230256 2.444429766980398 0.6
      vertex 145.70710678118655 2.2928932188134525 3.45
      vertex 145.83146961230256 2.444429766980398 3.45
    endloop
  endfacet
  facet normal -0.8819212643483936 0.4713967368259256 0
    outer loop
      vertex 145.92387953251128 2.6173165676349104 0.6
      vertex 145.83146961230256 2.444429766980398 3.45
      vertex 145.92387953251128 2.6173165676349104 3.45
    endloop
  endfacet
  facet normal -0.9569403357321853 0.29028467725454 0
    outer loop
      vertex 145.98078528040324 2.804909677983872 0.6
      vertex 145.92387953251128 2.6173165676349104 3.45
      vertex 145.98078528040324 2.804909677983872 3.45
    endloop
  endfacet
  facet normal -0.9951847266722013 0.09801714032951596 0
    outer loop
      vertex 146 3 0.6
      vertex 145.98078528040324 2.804909677983872 3.45
      vertex 146 3 3.45
    endloop
  endfacet
  facet normal -1 0 0
    outer loop
      vertex 146 34.3 0.6
      vertex 146 25.7 2.64
      vertex 146 27 2.64
    endloop
  endfacet
  facet normal -1 0 0
    outer loop
      vertex 146 34.3 0.6
      vertex 146 27 2.64
      vertex 146 33 2.64
    endloop
  endfacet
  facet normal -1 0 0
    outer loop
      vertex 146 34.3 0.6
      vertex 146 33 2.64
      vertex 146 34.3 2.64
    endloop
  endfacet
  facet normal -1 0 0
    outer loop
      vertex 146 49.3 0.6
      vertex 146 40.7 2.64
      vertex 146 42 2.64
    endloop
  endfacet
  facet normal -1 0 0
    outer loop
      vertex 146 49.3 0.6
      vertex 146 42 2.64
      vertex 146 48 2.64
    endloop
  endfacet
  facet normal -1 0 0
    outer loop
      vertex 146 49.3 0.6
      vertex 146 48 2.64
      vertex 146 49.3 2.64
    endloop
  endfacet
  facet normal -1 0 0
    outer loop
      vertex 146 12 2.64
      vertex 146 18 3.45
      vertex 146 18 2.64
    endloop
  endfacet
  facet normal -1 0 0
    outer loop
      vertex 146 7.5 2.64
      vertex 146 3 3.45
      vertex 146 7.5 3.45
    endloop
  endfacet
  facet normal -1 0 0
    outer loop
      vertex 146 12 2.64
      vertex 146 12 3.45
      vertex 146 18 3.45
    endloop
  endfacet
  facet normal -1 0 0
    outer loop
      vertex 146 27 2.64
      vertex 146 33 3.45
      vertex 146 33 2.64
    endloop
  endfacet
  facet normal -1 0 0
    outer loop
      vertex 146 42 2.64
      vertex 146 48 3.45
      vertex 146 48 2.64
    endloop
  endfacet
  facet normal -1 0 0
    outer loop
      vertex 146 27 2.64
      vertex 146 27 3.45
      vertex 146 33 3.45
    endloop
  endfacet
  facet normal -1 0 0
    outer loop
      vertex 146 42 2.64
      vertex 146 42 3.45
      vertex 146 48 3.45
    endloop
  endfacet
  facet normal -1 0 0
    outer loop
      vertex 146 55.7 0.6
      vertex 146 55.7 2.64
      vertex 146 57 2.64
    endloop
  endfacet
  facet normal -1 0 0
    outer loop
      vertex 146 64.3 0.6
      vertex 146 57 2.64
      vertex 146 63 2.64
    endloop
  endfacet
  facet normal -1 0 0
    outer loop
      vertex 146 64.3 0.6
      vertex 146 63 2.64
      vertex 146 64.3 2.64
    endloop
  endfacet
  facet normal -1 0 0
    outer loop
      vertex 146 70.7 0.6
      vertex 146 70.7 2.64
      vertex 146 72 2.64
    endloop
  endfacet
  facet normal -1 0 0
    outer loop
      vertex 146 70.7 0.6
      vertex 146 72 2.64
      vertex 146 78 2.64
    endloop
  endfacet
  facet normal -1 0 0
    outer loop
      vertex 146 70.7 0.6
      vertex 146 78 2.64
      vertex 146 79.3 2.64
    endloop
  endfacet
  facet normal -1 0 0
    outer loop
      vertex 146 85.7 0.6
      vertex 146 85.7 2.64
      vertex 146 87 2.64
    endloop
  endfacet
  facet normal -1 0 0
    outer loop
      vertex 146 85.7 0.6
      vertex 146 87 2.64
      vertex 146 93 2.64
    endloop
  endfacet
  facet normal -1 0 0
    outer loop
      vertex 146 85.7 0.6
      vertex 146 93 2.64
      vertex 146 94.3 2.64
    endloop
  endfacet
  facet normal -1 0 0
    outer loop
      vertex 146 100.7 0.6
      vertex 146 100.7 2.64
      vertex 146 102 2.64
    endloop
  endfacet
  facet normal -1 0 0
    outer loop
      vertex 146 100.7 0.6
      vertex 146 102 2.64
      vertex 146 108 2.64
    endloop
  endfacet
  facet normal -1 0 0
    outer loop
      vertex 146 57 2.64
      vertex 146 63 3.45
      vertex 146 63 2.64
    endloop
  endfacet
  facet normal -1 0 0
    outer loop
      vertex 146 72 2.64
      vertex 146 78 3.45
      vertex 146 78 2.64
    endloop
  endfacet
  facet normal -1 0 0
    outer loop
      vertex 146 57 2.64
      vertex 146 57 3.45
      vertex 146 63 3.45
    endloop
  endfacet
  facet normal -1 0 0
    outer loop
      vertex 146 72 2.64
      vertex 146 72 3.45
      vertex 146 78 3.45
    endloop
  endfacet
  facet normal -1 0 0
    outer loop
      vertex 146 87 2.64
      vertex 146 93 3.45
      vertex 146 93 2.64
    endloop
  endfacet
  facet normal -1 0 0
    outer loop
      vertex 146 87 2.64
      vertex 146 87 3.45
      vertex 146 93 3.45
    endloop
  endfacet
  facet normal -1 0 0
    outer loop
      vertex 146 102 2.64
      vertex 146 102 3.45
      vertex 146 108 3.45
    endloop
  endfacet
  facet normal 0 0 1
    outer loop
      vertex 46.25 100.7 0.6
      vertex 146 109.3 0.6
      vertex 46.25 109.3 0.6
    endloop
  endfacet
  facet normal 0 0 1
    outer loop
      vertex 46.25 115.7 0.6
      vertex 146 124.3 0.6
      vertex 46.25 124.3 0.6
    endloop
  endfacet
  facet normal 0 0 1
    outer loop
      vertex 46.25 130.7 0.6
      vertex 146 139.3 0.6
      vertex 46.25 139.3 0.6
    endloop
  endfacet
  facet normal 0 0 1
    outer loop
      vertex 46.25 145.7 0.6
      vertex 146 154.3 0.6
      vertex 46.25 154.3 0.6
    endloop
  endfacet
  facet normal 0 0 1
    outer loop
      vertex 40.25 160.7 0.6
      vertex 46.25 160.7 0.6
      vertex 146 169.3 0.6
    endloop
  endfacet
  facet normal 0 0 1
    outer loop
      vertex 40.25 160.7 0.6
      vertex 146 169.3 0.6
      vertex 46.25 169.3 0.6
    endloop
  endfacet
  facet normal 0 0 1
    outer loop
      vertex 46.25 175.7 0.6
      vertex 146 184.3 0.6
      vertex 46.25 184.3 0.6
    endloop
  endfacet
  facet normal 0 0 1
    outer loop
      vertex 46.25 190.7 0.6
      vertex 146 199.3 0.6
      vertex 46.25 199.3 0.6
    endloop
  endfacet
  facet normal 0 0 1
    outer loop
      vertex 38.06 202.5 0.6
      vertex 39.05 202.5 0.6
      vertex 145 208 0.6
    endloop
  endfacet
  facet normal 0 0 1
    outer loop
      vertex 39.05 202.5 0.6
      vertex 40.25 202.5 0.6
      vertex 145 208 0.6
    endloop
  endfacet
  facet normal 0 0 1
    outer loop
      vertex 40.25 202.5 0.6
      vertex 46.25 202.5 0.6
      vertex 145 208 0.6
    endloop
  endfacet
  facet normal 0 -1 0
    outer loop
      vertex 145 208 0.6
      vertex 145 208 3.45
      vertex 12.25 208 0.6
    endloop
  endfacet
  facet normal 0 0 1
    outer loop
      vertex 46.25 115.7 0.6
      vertex 146 115.7 0.6
      vertex 146 124.3 0.6
    endloop
  endfacet
  facet normal 0 0 1
    outer loop
      vertex 46.25 130.7 0.6
      vertex 146 130.7 0.6
      vertex 146 139.3 0.6
    endloop
  endfacet
  facet normal 0 0 1
    outer loop
      vertex 46.25 145.7 0.6
      vertex 146 145.7 0.6
      vertex 146 154.3 0.6
    endloop
  endfacet
  facet normal -1 0 0
    outer loop
      vertex 146 100.7 0.6
      vertex 146 109.3 2.64
      vertex 146 109.3 0.6
    endloop
  endfacet
  facet normal -1 0 0
    outer loop
      vertex 146 115.7 0.6
      vertex 146 124.3 2.64
      vertex 146 124.3 0.6
    endloop
  endfacet
  facet normal -1 0 0
    outer loop
      vertex 146 130.7 0.6
      vertex 146 139.3 2.64
      vertex 146 139.3 0.6
    endloop
  endfacet
  facet normal -1 0 0
    outer loop
      vertex 146 145.7 0.6
      vertex 146 154.3 2.64
      vertex 146 154.3 0.6
    endloop
  endfacet
  facet normal 0 0 1
    outer loop
      vertex 46.25 160.7 0.6
      vertex 146 160.7 0.6
      vertex 146 169.3 0.6
    endloop
  endfacet
  facet normal 0 0 1
    outer loop
      vertex 46.25 175.7 0.6
      vertex 146 175.7 0.6
      vertex 146 184.3 0.6
    endloop
  endfacet
  facet normal 0 0 1
    outer loop
      vertex 46.25 190.7 0.6
      vertex 146 190.7 0.6
      vertex 146 199.3 0.6
    endloop
  endfacet
  facet normal 0 0 1
    outer loop
      vertex 46.25 202.5 0.6
      vertex 145.19509032201614 207.98078528040324 0.6
      vertex 145 208 0.6
    endloop
  endfacet
  facet normal 0 0 1
    outer loop
      vertex 46.25 202.5 0.6
      vertex 146 202.5 0.6
      vertex 146 207 0.6
    endloop
  endfacet
  facet normal 0 0 1
    outer loop
      vertex 46.25 202.5 0.6
      vertex 145.98078528040324 207.19509032201614 0.6
      vertex 145.92387953251128 207.3826834323651 0.6
    endloop
  endfacet
  facet normal 0 0 1
    outer loop
      vertex 46.25 202.5 0.6
      vertex 145.92387953251128 207.3826834323651 0.6
      vertex 145.83146961230256 207.5555702330196 0.6
    endloop
  endfacet
  facet normal 0 0 1
    outer loop
      vertex 46.25 202.5 0.6
      vertex 145.3826834323651 207.92387953251128 0.6
      vertex 145.19509032201614 207.98078528040324 0.6
    endloop
  endfacet
  facet normal 0 0 1
    outer loop
      vertex 46.25 202.5 0.6
      vertex 145.5555702330196 207.83146961230256 0.6
      vertex 145.3826834323651 207.92387953251128 0.6
    endloop
  endfacet
  facet normal 0 0 1
    outer loop
      vertex 46.25 202.5 0.6
      vertex 145.70710678118655 207.70710678118655 0.6
      vertex 145.5555702330196 207.83146961230256 0.6
    endloop
  endfacet
  facet normal 0 0 1
    outer loop
      vertex 46.25 202.5 0.6
      vertex 145.83146961230256 207.5555702330196 0.6
      vertex 145.70710678118655 207.70710678118655 0.6
    endloop
  endfacet
  facet normal 0 0 1
    outer loop
      vertex 46.25 202.5 0.6
      vertex 146 207 0.6
      vertex 145.98078528040324 207.19509032201614 0.6
    endloop
  endfacet
  facet normal -1 0 0
    outer loop
      vertex 146 160.7 0.6
      vertex 146 169.3 2.64
      vertex 146 169.3 0.6
    endloop
  endfacet
  facet normal -1 0 0
    outer loop
      vertex 146 175.7 0.6
      vertex 146 184.3 2.64
      vertex 146 184.3 0.6
    endloop
  endfacet
  facet normal -1 0 0
    outer loop
      vertex 146 190.7 0.6
      vertex 146 199.3 2.64
      vertex 146 199.3 0.6
    endloop
  endfacet
  facet normal -0.2902846772545475 -0.956940335732183 0
    outer loop
      vertex 145.3826834323651 207.92387953251128 0.6
      vertex 145.3826834323651 207.92387953251128 3.45
      vertex 145.19509032201614 207.98078528040324 0.6
    endloop
  endfacet
  facet normal -0.0980171403295089 -0.995184726672202 3.804300683997677e-19
    outer loop
      vertex 145 208 0.6
      vertex 145.19509032201614 207.98078528040324 0.6
      vertex 145.19509032201614 207.98078528040324 3.45
    endloop
  endfacet
  facet normal -0.4713967368259312 -0.8819212643483905 -1.147834181272638e-18
    outer loop
      vertex 145.3826834323651 207.92387953251128 0.6
      vertex 145.5555702330196 207.83146961230256 0.6
      vertex 145.5555702330196 207.83146961230256 3.45
    endloop
  endfacet
  facet normal -0.6343932841636606 -0.7730104533627244 1.1303294640674708e-18
    outer loop
      vertex 145.5555702330196 207.83146961230256 0.6
      vertex 145.70710678118655 207.70710678118655 0.6
      vertex 145.70710678118655 207.70710678118655 3.45
    endloop
  endfacet
  facet normal -1 0 0
    outer loop
      vertex 146 202.5 0.6
      vertex 146 207 3.45
      vertex 146 207 0.6
    endloop
  endfacet
  facet normal -0.956940335732183 -0.2902846772545475 1.3078676029750395e-18
    outer loop
      vertex 145.92387953251128 207.3826834323651 0.6
      vertex 145.98078528040324 207.19509032201614 0.6
      vertex 145.98078528040324 207.19509032201614 3.45
    endloop
  endfacet
  facet normal -0.8819212643483905 -0.4713967368259312 0
    outer loop
      vertex 145.92387953251128 207.3826834323651 0.6
      vertex 145.92387953251128 207.3826834323651 3.45
      vertex 145.83146961230256 207.5555702330196 0.6
    endloop
  endfacet
  facet normal -0.995184726672202 -0.0980171403295089 0
    outer loop
      vertex 146 207 0.6
      vertex 146 207 3.45
      vertex 145.98078528040324 207.19509032201614 0.6
    endloop
  endfacet
  facet normal -0.7730104533627244 -0.6343932841636606 1.1303294640674708e-18
    outer loop
      vertex 145.70710678118655 207.70710678118655 0.6
      vertex 145.83146961230256 207.5555702330196 0.6
      vertex 145.83146961230256 207.5555702330196 3.45
    endloop
  endfacet
  facet normal -1 0 0
    outer loop
      vertex 146 100.7 0.6
      vertex 146 108 2.64
      vertex 146 109.3 2.64
    endloop
  endfacet
  facet normal -1 0 0
    outer loop
      vertex 146 115.7 0.6
      vertex 146 115.7 2.64
      vertex 146 117 2.64
    endloop
  endfacet
  facet normal -1 0 0
    outer loop
      vertex 146 115.7 0.6
      vertex 146 117 2.64
      vertex 146 123 2.64
    endloop
  endfacet
  facet normal -1 0 0
    outer loop
      vertex 146 115.7 0.6
      vertex 146 123 2.64
      vertex 146 124.3 2.64
    endloop
  endfacet
  facet normal -1 0 0
    outer loop
      vertex 146 130.7 0.6
      vertex 146 130.7 2.64
      vertex 146 132 2.64
    endloop
  endfacet
  facet normal -1 0 0
    outer loop
      vertex 146 130.7 0.6
      vertex 146 132 2.64
      vertex 146 138 2.64
    endloop
  endfacet
  facet normal -1 0 0
    outer loop
      vertex 146 130.7 0.6
      vertex 146 138 2.64
      vertex 146 139.3 2.64
    endloop
  endfacet
  facet normal -1 0 0
    outer loop
      vertex 146 145.7 0.6
      vertex 146 145.7 2.64
      vertex 146 147 2.64
    endloop
  endfacet
  facet normal -1 0 0
    outer loop
      vertex 146 145.7 0.6
      vertex 146 147 2.64
      vertex 146 153 2.64
    endloop
  endfacet
  facet normal -1 0 0
    outer loop
      vertex 146 145.7 0.6
      vertex 146 153 2.64
      vertex 146 154.3 2.64
    endloop
  endfacet
  facet normal -1 0 0
    outer loop
      vertex 146 102 2.64
      vertex 146 108 3.45
      vertex 146 108 2.64
    endloop
  endfacet
  facet normal -1 0 0
    outer loop
      vertex 146 117 2.64
      vertex 146 123 3.45
      vertex 146 123 2.64
    endloop
  endfacet
  facet normal -1 0 0
    outer loop
      vertex 146 117 2.64
      vertex 146 117 3.45
      vertex 146 123 3.45
    endloop
  endfacet
  facet normal -1 0 0
    outer loop
      vertex 146 132 2.64
      vertex 146 138 3.45
      vertex 146 138 2.64
    endloop
  endfacet
  facet normal -1 0 0
    outer loop
      vertex 146 147 2.64
      vertex 146 153 3.45
      vertex 146 153 2.64
    endloop
  endfacet
  facet normal -1 0 0
    outer loop
      vertex 146 132 2.64
      vertex 146 132 3.45
      vertex 146 138 3.45
    endloop
  endfacet
  facet normal -1 0 0
    outer loop
      vertex 146 147 2.64
      vertex 146 147 3.45
      vertex 146 153 3.45
    endloop
  endfacet
  facet normal -1 0 0
    outer loop
      vertex 146 160.7 0.6
      vertex 146 160.7 2.64
      vertex 146 162 2.64
    endloop
  endfacet
  facet normal -1 0 0
    outer loop
      vertex 146 160.7 0.6
      vertex 146 162 2.64
      vertex 146 168 2.64
    endloop
  endfacet
  facet normal -1 0 0
    outer loop
      vertex 146 160.7 0.6
      vertex 146 168 2.64
      vertex 146 169.3 2.64
    endloop
  endfacet
  facet normal -1 0 0
    outer loop
      vertex 146 175.7 0.6
      vertex 146 175.7 2.64
      vertex 146 177 2.64
    endloop
  endfacet
  facet normal -1 0 0
    outer loop
      vertex 146 175.7 0.6
      vertex 146 177 2.64
      vertex 146 183 2.64
    endloop
  endfacet
  facet normal -1 0 0
    outer loop
      vertex 146 175.7 0.6
      vertex 146 183 2.64
      vertex 146 184.3 2.64
    endloop
  endfacet
  facet normal -1 0 0
    outer loop
      vertex 146 190.7 0.6
      vertex 146 190.7 2.64
      vertex 146 192 2.64
    endloop
  endfacet
  facet normal -1 0 0
    outer loop
      vertex 146 190.7 0.6
      vertex 146 192 2.64
      vertex 146 198 2.64
    endloop
  endfacet
  facet normal -1 0 0
    outer loop
      vertex 146 190.7 0.6
      vertex 146 198 2.64
      vertex 146 199.3 2.64
    endloop
  endfacet
  facet normal -1 0 0
    outer loop
      vertex 146 202.5 0.6
      vertex 146 202.5 2.64
      vertex 146 207 3.45
    endloop
  endfacet
  facet normal -0.0980171403295089 -0.995184726672202 0
    outer loop
      vertex 145 208 0.6
      vertex 145.19509032201614 207.98078528040324 3.45
      vertex 145 208 3.45
    endloop
  endfacet
  facet normal -0.2902846772545475 -0.956940335732183 0
    outer loop
      vertex 145.19509032201614 207.98078528040324 0.6
      vertex 145.3826834323651 207.92387953251128 3.45
      vertex 145.19509032201614 207.98078528040324 3.45
    endloop
  endfacet
  facet normal -0.4713967368259312 -0.8819212643483905 0
    outer loop
      vertex 145.3826834323651 207.92387953251128 0.6
      vertex 145.5555702330196 207.83146961230256 3.45
      vertex 145.3826834323651 207.92387953251128 3.45
    endloop
  endfacet
  facet normal -0.6343932841636606 -0.7730104533627244 0
    outer loop
      vertex 145.5555702330196 207.83146961230256 0.6
      vertex 145.70710678118655 207.70710678118655 3.45
      vertex 145.5555702330196 207.83146961230256 3.45
    endloop
  endfacet
  facet normal -0.956940335732183 -0.2902846772545475 0
    outer loop
      vertex 145.92387953251128 207.3826834323651 0.6
      vertex 145.98078528040324 207.19509032201614 3.45
      vertex 145.92387953251128 207.3826834323651 3.45
    endloop
  endfacet
  facet normal -0.8819212643483905 -0.4713967368259312 0
    outer loop
      vertex 145.83146961230256 207.5555702330196 0.6
      vertex 145.92387953251128 207.3826834323651 3.45
      vertex 145.83146961230256 207.5555702330196 3.45
    endloop
  endfacet
  facet normal -0.995184726672202 -0.0980171403295089 0
    outer loop
      vertex 145.98078528040324 207.19509032201614 0.6
      vertex 146 207 3.45
      vertex 145.98078528040324 207.19509032201614 3.45
    endloop
  endfacet
  facet normal -0.7730104533627244 -0.6343932841636606 0
    outer loop
      vertex 145.70710678118655 207.70710678118655 0.6
      vertex 145.83146961230256 207.5555702330196 3.45
      vertex 145.70710678118655 207.70710678118655 3.45
    endloop
  endfacet
  facet normal -1 0 0
    outer loop
      vertex 146 162 2.64
      vertex 146 168 3.45
      vertex 146 168 2.64
    endloop
  endfacet
  facet normal -1 0 0
    outer loop
      vertex 146 177 2.64
      vertex 146 183 3.45
      vertex 146 183 2.64
    endloop
  endfacet
  facet normal -1 0 0
    outer loop
      vertex 146 162 2.64
      vertex 146 162 3.45
      vertex 146 168 3.45
    endloop
  endfacet
  facet normal -1 0 0
    outer loop
      vertex 146 177 2.64
      vertex 146 177 3.45
      vertex 146 183 3.45
    endloop
  endfacet
  facet normal -1 0 0
    outer loop
      vertex 146 192 2.64
      vertex 146 198 3.45
      vertex 146 198 2.64
    endloop
  endfacet
  facet normal -1 0 0
    outer loop
      vertex 146 192 2.64
      vertex 146 192 3.45
      vertex 146 198 3.45
    endloop
  endfacet
  facet normal -1 0 0
    outer loop
      vertex 146 202.5 2.64
      vertex 146 202.5 3.45
      vertex 146 207 3.45
    endloop
  endfacet
  facet normal 1 0 0
    outer loop
      vertex 12.25 2 0.6
      vertex 12.25 7.5 0.6
      vertex 12.25 7.5 1.2999999999999998
    endloop
  endfacet
  facet normal 1 0 0
    outer loop
      vertex 12.25 10.1 0.62
      vertex 12.25 19.9 0.62
      vertex 12.25 10.1 1.2999999999999998
    endloop
  endfacet
  facet normal 1 0 0
    outer loop
      vertex 12.25 25.1 0.62
      vertex 12.25 34.9 0.62
      vertex 12.25 25.1 1.2999999999999998
    endloop
  endfacet
  facet normal 1 0 0
    outer loop
      vertex 12.25 40.1 0.62
      vertex 12.25 49.9 0.62
      vertex 12.25 40.1 1.2999999999999998
    endloop
  endfacet
  facet normal 1 0 0
    outer loop
      vertex 12.25 19.9 0.62
      vertex 12.25 19.9 1.2999999999999998
      vertex 12.25 10.1 1.2999999999999998
    endloop
  endfacet
  facet normal 1 0 0
    outer loop
      vertex 12.25 34.9 0.62
      vertex 12.25 34.9 1.2999999999999998
      vertex 12.25 25.1 1.2999999999999998
    endloop
  endfacet
  facet normal 1 0 0
    outer loop
      vertex 12.25 49.9 0.62
      vertex 12.25 49.9 1.2999999999999998
      vertex 12.25 40.1 1.2999999999999998
    endloop
  endfacet
  facet normal 1 0 0
    outer loop
      vertex 12.25 55.1 0.62
      vertex 12.25 64.9 0.62
      vertex 12.25 55.1 1.2999999999999998
    endloop
  endfacet
  facet normal 1 0 0
    outer loop
      vertex 12.25 70.1 0.62
      vertex 12.25 79.9 0.62
      vertex 12.25 70.1 1.2999999999999998
    endloop
  endfacet
  facet normal 1 0 0
    outer loop
      vertex 12.25 85.1 0.62
      vertex 12.25 94.9 0.62
      vertex 12.25 85.1 1.2999999999999998
    endloop
  endfacet
  facet normal 1 0 0
    outer loop
      vertex 12.25 100.1 0.62
      vertex 12.25 109.9 0.62
      vertex 12.25 100.1 1.2999999999999998
    endloop
  endfacet
  facet normal 1 0 0
    outer loop
      vertex 12.25 64.9 0.62
      vertex 12.25 64.9 1.2999999999999998
      vertex 12.25 55.1 1.2999999999999998
    endloop
  endfacet
  facet normal 1 0 0
    outer loop
      vertex 12.25 79.9 0.62
      vertex 12.25 79.9 1.2999999999999998
      vertex 12.25 70.1 1.2999999999999998
    endloop
  endfacet
  facet normal 1 0 0
    outer loop
      vertex 12.25 94.9 0.62
      vertex 12.25 94.9 1.2999999999999998
      vertex 12.25 85.1 1.2999999999999998
    endloop
  endfacet
  facet normal 1 0 0
    outer loop
      vertex 12.25 115.1 0.62
      vertex 12.25 124.9 0.62
      vertex 12.25 115.1 1.2999999999999998
    endloop
  endfacet
  facet normal 1 0 0
    outer loop
      vertex 12.25 130.1 0.62
      vertex 12.25 139.9 0.62
      vertex 12.25 130.1 1.2999999999999998
    endloop
  endfacet
  facet normal 1 0 0
    outer loop
      vertex 12.25 145.1 0.62
      vertex 12.25 154.9 0.62
      vertex 12.25 145.1 1.2999999999999998
    endloop
  endfacet
  facet normal 1 0 0
    outer loop
      vertex 12.25 100.1 1.2999999999999998
      vertex 12.25 109.9 0.62
      vertex 12.25 109.9 1.2999999999999998
    endloop
  endfacet
  facet normal 1 0 0
    outer loop
      vertex 12.25 124.9 0.62
      vertex 12.25 124.9 1.2999999999999998
      vertex 12.25 115.1 1.2999999999999998
    endloop
  endfacet
  facet normal 1 0 0
    outer loop
      vertex 12.25 139.9 0.62
      vertex 12.25 139.9 1.2999999999999998
      vertex 12.25 130.1 1.2999999999999998
    endloop
  endfacet
  facet normal 1 0 0
    outer loop
      vertex 12.25 154.9 0.62
      vertex 12.25 154.9 1.2999999999999998
      vertex 12.25 145.1 1.2999999999999998
    endloop
  endfacet
  facet normal 1 0 0
    outer loop
      vertex 12.25 160.1 0.62
      vertex 12.25 169.9 0.62
      vertex 12.25 160.1 1.2999999999999998
    endloop
  endfacet
  facet normal 1 0 0
    outer loop
      vertex 12.25 175.1 0.62
      vertex 12.25 184.9 0.62
      vertex 12.25 175.1 1.2999999999999998
    endloop
  endfacet
  facet normal 1 0 0
    outer loop
      vertex 12.25 190.1 0.62
      vertex 12.25 199.9 0.62
      vertex 12.25 190.1 1.2999999999999998
    endloop
  endfacet
  facet normal 1 0 0
    outer loop
      vertex 12.25 202.5 1.2999999999999998
      vertex 12.25 202.5 0.6
      vertex 12.25 208 0.6
    endloop
  endfacet
  facet normal 1 0 0
    outer loop
      vertex 12.25 169.9 0.62
      vertex 12.25 169.9 1.2999999999999998
      vertex 12.25 160.1 1.2999999999999998
    endloop
  endfacet
  facet normal 1 0 0
    outer loop
      vertex 12.25 184.9 0.62
      vertex 12.25 184.9 1.2999999999999998
      vertex 12.25 175.1 1.2999999999999998
    endloop
  endfacet
  facet normal 1 0 0
    outer loop
      vertex 12.25 199.9 0.62
      vertex 12.25 199.9 1.2999999999999998
      vertex 12.25 190.1 1.2999999999999998
    endloop
  endfacet
  facet normal 0 0 -1
    outer loop
      vertex 3 0 0
      vertex 3.9593312855939615 30.947620560996004 0
      vertex 4.213458566168001 30.472181859196095 0
    endloop
  endfacet
  facet normal 0 0 -1
    outer loop
      vertex 3 0 0
      vertex 4.213458566168001 30.472181859196095 0
      vertex 4.555456351736995 30.055456351736993 0
    endloop
  endfacet
  facet normal 0 0 -1
    outer loop
      vertex 3 0 0
      vertex 3.8028404788911163 31.463501614455648 0
      vertex 3.9593312855939615 30.947620560996004 0
    endloop
  endfacet
  facet normal 0 0 -1
    outer loop
      vertex 3 0 0
      vertex 3.75 32 0
      vertex 3.8028404788911163 31.463501614455648 0
    endloop
  endfacet
  facet normal 0 0 -1
    outer loop
      vertex 3 0 0
      vertex 4.555456351736995 30.055456351736993 0
      vertex 4.972181859196094 29.713458566168 0
    endloop
  endfacet
  facet normal 0 0 -1
    outer loop
      vertex 3 0 0
      vertex 4.972181859196094 29.713458566168 0
      vertex 5.447620560996003 29.45933128559396 0
    endloop
  endfacet
  facet normal 0 0 -1
    outer loop
      vertex 3 0 0
      vertex 5.447620560996003 29.45933128559396 0
      vertex 5.963501614455647 29.302840478891117 0
    endloop
  endfacet
  facet normal 0 0 -1
    outer loop
      vertex 3 0 0
      vertex 5.963501614455647 29.302840478891117 0
      vertex 6.5 29.25 0
    endloop
  endfacet
  facet normal 0 0 -1
    outer loop
      vertex 3 0 0
      vertex 3.75 51 0
      vertex 3.75 32 0
    endloop
  endfacet
  facet normal 0 0 -1
    outer loop
      vertex 3.75 32 0
      vertex 3.8028404788911163 50.463501614455645 0
      vertex 3.8028404788911163 32.536498385544355 0
    endloop
  endfacet
  facet normal 0 0 -1
    outer loop
      vertex 3.8028404788911163 32.536498385544355 0
      vertex 3.9593312855939615 49.947620560996 0
      vertex 3.9593312855939615 33.052379439004 0
    endloop
  endfacet
  facet normal 0 0 -1
    outer loop
      vertex 3.9593312855939615 33.052379439004 0
      vertex 4.213458566168001 49.47218185919609 0
      vertex 4.213458566168001 33.52781814080391 0
    endloop
  endfacet
  facet normal 0 0 -1
    outer loop
      vertex 4.213458566168001 33.52781814080391 0
      vertex 4.555456351736995 49.05545635173699 0
      vertex 4.555456351736995 33.94454364826301 0
    endloop
  endfacet
  facet normal 0 0 -1
    outer loop
      vertex 4.555456351736995 33.94454364826301 0
      vertex 4.972181859196094 48.713458566168 0
      vertex 4.972181859196094 34.286541433832 0
    endloop
  endfacet
  facet normal 0 0 -1
    outer loop
      vertex 4.972181859196094 34.286541433832 0
      vertex 5.447620560996003 48.45933128559396 0
      vertex 5.447620560996003 34.54066871440604 0
    endloop
  endfacet
  facet normal 0 0 -1
    outer loop
      vertex 5.447620560996003 34.54066871440604 0
      vertex 5.963501614455647 48.30284047889111 0
      vertex 5.963501614455647 34.69715952110889 0
    endloop
  endfacet
  facet normal 0 0 -1
    outer loop
      vertex 5.963501614455647 34.69715952110889 0
      vertex 6.5 48.25 0
      vertex 6.5 34.75 0
    endloop
  endfacet
  facet normal 0 0 -1
    outer loop
      vertex 6.5 34.75 0
      vertex 7.036498385544353 48.30284047889111 0
      vertex 7.036498385544353 34.69715952110889 0
    endloop
  endfacet
  facet normal 0 0 -1
    outer loop
      vertex 7.036498385544353 34.69715952110889 0
      vertex 7.552379439003997 48.45933128559396 0
      vertex 7.552379439003997 34.54066871440604 0
    endloop
  endfacet
  facet normal 0 0 -1
    outer loop
      vertex 8.027818140803905 34.286541433832 0
      vertex 7.552379439003997 34.54066871440604 0
      vertex 8.027818140803905 48.713458566168 0
    endloop
  endfacet
  facet normal 0 0 -1
    outer loop
      vertex 8.027818140803905 34.286541433832 0
      vertex 8.444543648263005 49.05545635173699 0
      vertex 8.444543648263005 33.94454364826301 0
    endloop
  endfacet
  facet normal 0 0 -1
    outer loop
      vertex 8.444543648263005 33.94454364826301 0
      vertex 8.786541433832 49.47218185919609 0
      vertex 8.786541433832 33.52781814080391 0
    endloop
  endfacet
  facet normal 0 0 -1
    outer loop
      vertex 3 0 0
      vertex 3.75 70 0
      vertex 3.75 51 0
    endloop
  endfacet
  facet normal 0 0 -1
    outer loop
      vertex 3.9593312855939615 33.052379439004 0
      vertex 3.9593312855939615 49.947620560996 0
      vertex 4.213458566168001 49.47218185919609 0
    endloop
  endfacet
  facet normal 0 0 -1
    outer loop
      vertex 4.213458566168001 33.52781814080391 0
      vertex 4.213458566168001 49.47218185919609 0
      vertex 4.555456351736995 49.05545635173699 0
    endloop
  endfacet
  facet normal 0 0 -1
    outer loop
      vertex 3.75 32 0
      vertex 3.75 51 0
      vertex 3.8028404788911163 50.463501614455645 0
    endloop
  endfacet
  facet normal 0 0 -1
    outer loop
      vertex 3.8028404788911163 32.536498385544355 0
      vertex 3.8028404788911163 50.463501614455645 0
      vertex 3.9593312855939615 49.947620560996 0
    endloop
  endfacet
  facet normal 0 0 -1
    outer loop
      vertex 4.555456351736995 33.94454364826301 0
      vertex 4.555456351736995 49.05545635173699 0
      vertex 4.972181859196094 48.713458566168 0
    endloop
  endfacet
  facet normal 0 0 -1
    outer loop
      vertex 4.972181859196094 34.286541433832 0
      vertex 4.972181859196094 48.713458566168 0
      vertex 5.447620560996003 48.45933128559396 0
    endloop
  endfacet
  facet normal 0 0 -1
    outer loop
      vertex 5.447620560996003 34.54066871440604 0
      vertex 5.447620560996003 48.45933128559396 0
      vertex 5.963501614455647 48.30284047889111 0
    endloop
  endfacet
  facet normal 0 0 -1
    outer loop
      vertex 5.963501614455647 34.69715952110889 0
      vertex 5.963501614455647 48.30284047889111 0
      vertex 6.5 48.25 0
    endloop
  endfacet
  facet normal 0 0 -1
    outer loop
      vertex 6.5 34.75 0
      vertex 6.5 48.25 0
      vertex 7.036498385544353 48.30284047889111 0
    endloop
  endfacet
  facet normal 0 0 -1
    outer loop
      vertex 7.036498385544353 34.69715952110889 0
      vertex 7.036498385544353 48.30284047889111 0
      vertex 7.552379439003997 48.45933128559396 0
    endloop
  endfacet
  facet normal 0 0 -1
    outer loop
      vertex 7.552379439003997 34.54066871440604 0
      vertex 7.552379439003997 48.45933128559396 0
      vertex 8.027818140803905 48.713458566168 0
    endloop
  endfacet
  facet normal 0 0 -1
    outer loop
      vertex 8.027818140803905 34.286541433832 0
      vertex 8.027818140803905 48.713458566168 0
      vertex 8.444543648263005 49.05545635173699 0
    endloop
  endfacet
  facet normal 0 0 -1
    outer loop
      vertex 8.444543648263005 33.94454364826301 0
      vertex 8.444543648263005 49.05545635173699 0
      vertex 8.786541433832 49.47218185919609 0
    endloop
  endfacet
  facet normal -0.6343932841636447 -0.7730104533627375 0
    outer loop
      vertex 0.8786796564403572 0.8786796564403572 0
      vertex 1.3332893009411935 0.5055911630923644 0
      vertex 0.8786796564403572 0.8786796564403572 3.45
    endloop
  endfacet
  facet normal -0.7730104533627375 -0.6343932841636447 0
    outer loop
      vertex 0.5055911630923644 1.3332893009411935 0
      vertex 0.8786796564403572 0.8786796564403572 0
      vertex 0.5055911630923644 1.3332893009411935 3.45
    endloop
  endfacet
  facet normal -0.9569403357322087 -0.2902846772544627 -7.0667070680675255e-19
    outer loop
      vertex 0.22836140246614 1.8519497029047307 0
      vertex 0.05764415879030871 2.414729033951615 3.45
      vertex 0.05764415879030871 2.414729033951615 0
    endloop
  endfacet
  facet normal -0.8819212643483552 -0.47139673682599753 -3.960892853781577e-18
    outer loop
      vertex 0.5055911630923644 1.3332893009411935 0
      vertex 0.22836140246614 1.8519497029047307 3.45
      vertex 0.22836140246614 1.8519497029047307 0
    endloop
  endfacet
  facet normal -0.9951847266721969 -0.0980171403295607 6.32444660447556e-19
    outer loop
      vertex 0.05764415879030871 2.414729033951615 0
      vertex 0 3 3.45
      vertex 0 3 0
    endloop
  endfacet
  facet normal -0.47139673682599753 -0.8819212643483552 0
    outer loop
      vertex 1.3332893009411935 0.5055911630923644 0
      vertex 1.8519497029047307 0.22836140246614 0
      vertex 1.3332893009411935 0.5055911630923644 3.45
    endloop
  endfacet
  facet normal -0.2902846772544627 -0.9569403357322087 0
    outer loop
      vertex 1.8519497029047307 0.22836140246614 0
      vertex 2.414729033951615 0.05764415879030871 0
      vertex 1.8519497029047307 0.22836140246614 3.45
    endloop
  endfacet
  facet normal -0.0980171403295607 -0.9951847266721969 0
    outer loop
      vertex 2.414729033951615 0.05764415879030871 0
      vertex 3 0 0
      vertex 2.414729033951615 0.05764415879030871 3.45
    endloop
  endfacet
  facet normal 0 0 -1
    outer loop
      vertex 3.75 51 0
      vertex 3.8028404788911163 69.46350161445565 0
      vertex 3.8028404788911163 51.536498385544355 0
    endloop
  endfacet
  facet normal 0 0 -1
    outer loop
      vertex 3.8028404788911163 51.536498385544355 0
      vertex 3.9593312855939615 68.947620560996 0
      vertex 3.9593312855939615 52.052379439004 0
    endloop
  endfacet
  facet normal 0 0 -1
    outer loop
      vertex 3.9593312855939615 52.052379439004 0
      vertex 4.213458566168001 68.4721818591961 0
      vertex 4.213458566168001 52.52781814080391 0
    endloop
  endfacet
  facet normal 0 0 -1
    outer loop
      vertex 4.213458566168001 52.52781814080391 0
      vertex 4.555456351736995 68.05545635173699 0
      vertex 4.555456351736995 52.94454364826301 0
    endloop
  endfacet
  facet normal 0 0 -1
    outer loop
      vertex 3.9593312855939615 52.052379439004 0
      vertex 3.9593312855939615 68.947620560996 0
      vertex 4.213458566168001 68.4721818591961 0
    endloop
  endfacet
  facet normal 0 0 -1
    outer loop
      vertex 3.8028404788911163 51.536498385544355 0
      vertex 3.8028404788911163 69.46350161445565 0
      vertex 3.9593312855939615 68.947620560996 0
    endloop
  endfacet
  facet normal 0 0 -1
    outer loop
      vertex 3.75 51 0
      vertex 3.75 70 0
      vertex 3.8028404788911163 69.46350161445565 0
    endloop
  endfacet
  facet normal 0 0 -1
    outer loop
      vertex 4.213458566168001 52.52781814080391 0
      vertex 4.213458566168001 68.4721818591961 0
      vertex 4.555456351736995 68.05545635173699 0
    endloop
  endfacet
  facet normal 0 0 -1
    outer loop
      vertex 4.555456351736995 52.94454364826301 0
      vertex 4.972181859196094 67.713458566168 0
      vertex 4.972181859196094 53.286541433832 0
    endloop
  endfacet
  facet normal 0 0 -1
    outer loop
      vertex 4.972181859196094 53.286541433832 0
      vertex 5.447620560996003 67.45933128559396 0
      vertex 5.447620560996003 53.54066871440604 0
    endloop
  endfacet
  facet normal 0 0 -1
    outer loop
      vertex 5.447620560996003 53.54066871440604 0
      vertex 5.963501614455647 67.30284047889111 0
      vertex 5.963501614455647 53.69715952110889 0
    endloop
  endfacet
  facet normal 0 0 -1
    outer loop
      vertex 5.963501614455647 53.69715952110889 0
      vertex 6.5 67.25 0
      vertex 6.5 53.75 0
    endloop
  endfacet
  facet normal 0 0 -1
    outer loop
      vertex 6.5 53.75 0
      vertex 7.036498385544353 67.30284047889111 0
      vertex 7.036498385544353 53.69715952110889 0
    endloop
  endfacet
  facet normal 0 0 -1
    outer loop
      vertex 7.036498385544353 53.69715952110889 0
      vertex 7.552379439003997 67.45933128559396 0
      vertex 7.552379439003997 53.54066871440604 0
    endloop
  endfacet
  facet normal 0 0 -1
    outer loop
      vertex 8.027818140803905 53.286541433832 0
      vertex 7.552379439003997 53.54066871440604 0
      vertex 8.027818140803905 67.713458566168 0
    endloop
  endfacet
  facet normal 0 0 -1
    outer loop
      vertex 8.027818140803905 53.286541433832 0
      vertex 8.444543648263005 68.05545635173699 0
      vertex 8.444543648263005 52.94454364826301 0
    endloop
  endfacet
  facet normal 0 0 -1
    outer loop
      vertex 8.444543648263005 52.94454364826301 0
      vertex 8.786541433832 68.4721818591961 0
      vertex 8.786541433832 52.52781814080391 0
    endloop
  endfacet
  facet normal 0 0 -1
    outer loop
      vertex 4.555456351736995 52.94454364826301 0
      vertex 4.555456351736995 68.05545635173699 0
      vertex 4.972181859196094 67.713458566168 0
    endloop
  endfacet
  facet normal 0 0 -1
    outer loop
      vertex 4.972181859196094 53.286541433832 0
      vertex 4.972181859196094 67.713458566168 0
      vertex 5.447620560996003 67.45933128559396 0
    endloop
  endfacet
  facet normal 0 0 -1
    outer loop
      vertex 5.447620560996003 53.54066871440604 0
      vertex 5.447620560996003 67.45933128559396 0
      vertex 5.963501614455647 67.30284047889111 0
    endloop
  endfacet
  facet normal 0 0 -1
    outer loop
      vertex 5.963501614455647 53.69715952110889 0
      vertex 5.963501614455647 67.30284047889111 0
      vertex 6.5 67.25 0
    endloop
  endfacet
  facet normal 0 0 -1
    outer loop
      vertex 6.5 53.75 0
      vertex 6.5 67.25 0
      vertex 7.036498385544353 67.30284047889111 0
    endloop
  endfacet
  facet normal 0 0 -1
    outer loop
      vertex 7.036498385544353 53.69715952110889 0
      vertex 7.036498385544353 67.30284047889111 0
      vertex 7.552379439003997 67.45933128559396 0
    endloop
  endfacet
  facet normal 0 0 -1
    outer loop
      vertex 7.552379439003997 53.54066871440604 0
      vertex 7.552379439003997 67.45933128559396 0
      vertex 8.027818140803905 67.713458566168 0
    endloop
  endfacet
  facet normal 0 0 -1
    outer loop
      vertex 8.027818140803905 53.286541433832 0
      vertex 8.027818140803905 67.713458566168 0
      vertex 8.444543648263005 68.05545635173699 0
    endloop
  endfacet
  facet normal 0 0 -1
    outer loop
      vertex 8.444543648263005 52.94454364826301 0
      vertex 8.444543648263005 68.05545635173699 0
      vertex 8.786541433832 68.4721818591961 0
    endloop
  endfacet
  facet normal 0 0 -1
    outer loop
      vertex 0.5055911630923644 1.3332893009411935 0
      vertex 0.22836140246614 1.8519497029047307 0
      vertex 0.22836140246614 208.14805029709527 0
    endloop
  endfacet
  facet normal 0 0 -1
    outer loop
      vertex 0.5055911630923644 1.3332893009411935 0
      vertex 0.5055911630923644 208.6667106990588 0
      vertex 0.8786796564403572 0.8786796564403572 0
    endloop
  endfacet
  facet normal 0 0 -1
    outer loop
      vertex 0.8786796564403572 0.8786796564403572 0
      vertex 0.8786796564403572 209.12132034355963 0
      vertex 1.3332893009411935 0.5055911630923644 0
    endloop
  endfacet
  facet normal 0 0 -1
    outer loop
      vertex 0.22836140246614 1.8519497029047307 0
      vertex 0.05764415879030871 2.414729033951615 0
      vertex 0.05764415879030871 207.5852709660484 0
    endloop
  endfacet
  facet normal 0 0 -1
    outer loop
      vertex 0.05764415879030871 2.414729033951615 0
      vertex 0 3 0
      vertex 0 207 0
    endloop
  endfacet
  facet normal 0 0 -1
    outer loop
      vertex 1.3332893009411935 0.5055911630923644 0
      vertex 1.3332893009411935 209.49440883690764 0
      vertex 1.8519497029047307 0.22836140246614 0
    endloop
  endfacet
  facet normal 0 0 -1
    outer loop
      vertex 1.8519497029047307 0.22836140246614 0
      vertex 1.8519497029047307 209.77163859753387 0
      vertex 2.414729033951615 0.05764415879030871 0
    endloop
  endfacet
  facet normal 0 0 -1
    outer loop
      vertex 2.414729033951615 0.05764415879030871 0
      vertex 2.414729033951615 209.9423558412097 0
      vertex 3 0 0
    endloop
  endfacet
  facet normal 0 0 -1
    outer loop
      vertex 3 0 0
      vertex 3 210 0
      vertex 3.75 70 0
    endloop
  endfacet
  facet normal 0 0 -1
    outer loop
      vertex 3.75 70 0
      vertex 3.8028404788911163 139.46350161445565 0
      vertex 3.8028404788911163 70.53649838554435 0
    endloop
  endfacet
  facet normal 0 0 -1
    outer loop
      vertex 3.8028404788911163 70.53649838554435 0
      vertex 3.9593312855939615 138.947620560996 0
      vertex 3.9593312855939615 71.052379439004 0
    endloop
  endfacet
  facet normal 0 0 -1
    outer loop
      vertex 3.9593312855939615 71.052379439004 0
      vertex 4.213458566168001 138.4721818591961 0
      vertex 4.213458566168001 71.5278181408039 0
    endloop
  endfacet
  facet normal 0 0 -1
    outer loop
      vertex 4.213458566168001 71.5278181408039 0
      vertex 4.555456351736995 138.055456351737 0
      vertex 4.555456351736995 71.94454364826301 0
    endloop
  endfacet
  facet normal 0 0 -1
    outer loop
      vertex 4.555456351736995 71.94454364826301 0
      vertex 4.972181859196094 137.71345856616801 0
      vertex 4.972181859196094 72.286541433832 0
    endloop
  endfacet
  facet normal 0 0 -1
    outer loop
      vertex 4.972181859196094 72.286541433832 0
      vertex 5.447620560996003 137.45933128559398 0
      vertex 5.447620560996003 72.54066871440604 0
    endloop
  endfacet
  facet normal 0 0 -1
    outer loop
      vertex 5.447620560996003 72.54066871440604 0
      vertex 5.963501614455647 137.3028404788911 0
      vertex 5.963501614455647 72.69715952110889 0
    endloop
  endfacet
  facet normal 0 0 -1
    outer loop
      vertex 5.963501614455647 72.69715952110889 0
      vertex 6.5 137.25 0
      vertex 6.5 72.75 0
    endloop
  endfacet
  facet normal 0 0 -1
    outer loop
      vertex 6.5 72.75 0
      vertex 7.036498385544353 137.3028404788911 0
      vertex 7.036498385544353 72.69715952110889 0
    endloop
  endfacet
  facet normal 0 0 -1
    outer loop
      vertex 7.036498385544353 72.69715952110889 0
      vertex 7.552379439003997 137.45933128559398 0
      vertex 7.552379439003997 72.54066871440604 0
    endloop
  endfacet
  facet normal 0 0 -1
    outer loop
      vertex 7.552379439003997 72.54066871440604 0
      vertex 8.027818140803905 137.71345856616801 0
      vertex 8.027818140803905 72.286541433832 0
    endloop
  endfacet
  facet normal 0 0 -1
    outer loop
      vertex 8.444543648263005 71.94454364826301 0
      vertex 8.027818140803905 72.286541433832 0
      vertex 8.444543648263005 138.055456351737 0
    endloop
  endfacet
  facet normal 0 0 -1
    outer loop
      vertex 3 0 0
      vertex 6.5 29.25 0
      vertex 145 0 0
    endloop
  endfacet
  facet normal 0 0 -1
    outer loop
      vertex 6.5 29.25 0
      vertex 7.036498385544353 29.302840478891117 0
      vertex 145 0 0
    endloop
  endfacet
  facet normal 0 0 -1
    outer loop
      vertex 7.036498385544353 29.302840478891117 0
      vertex 7.552379439003997 29.45933128559396 0
      vertex 145 0 0
    endloop
  endfacet
  facet normal 0 0 -1
    outer loop
      vertex 7.552379439003997 29.45933128559396 0
      vertex 8.027818140803905 29.713458566168 0
      vertex 145 0 0
    endloop
  endfacet
  facet normal 0 0 -1
    outer loop
      vertex 8.027818140803905 29.713458566168 0
      vertex 8.444543648263005 30.055456351736993 0
      vertex 145 0 0
    endloop
  endfacet
  facet normal 0 0 -1
    outer loop
      vertex 8.444543648263005 30.055456351736993 0
      vertex 8.786541433832 30.472181859196095 0
      vertex 145 0 0
    endloop
  endfacet
  facet normal 0 0 -1
    outer loop
      vertex 8.786541433832 30.472181859196095 0
      vertex 9.040668714406038 30.947620560996004 0
      vertex 145 0 0
    endloop
  endfacet
  facet normal 0 0 -1
    outer loop
      vertex 8.786541433832 33.52781814080391 0
      vertex 145 0 0
      vertex 9.040668714406038 33.052379439004 0
    endloop
  endfacet
  facet normal 0 0 -1
    outer loop
      vertex 9.040668714406038 30.947620560996004 0
      vertex 9.197159521108883 31.463501614455648 0
      vertex 145 0 0
    endloop
  endfacet
  facet normal 0 0 -1
    outer loop
      vertex 9.197159521108883 31.463501614455648 0
      vertex 9.25 32 0
      vertex 145 0 0
    endloop
  endfacet
  facet normal 0 0 -1
    outer loop
      vertex 9.197159521108883 32.536498385544355 0
      vertex 145 0 0
      vertex 9.25 32 0
    endloop
  endfacet
  facet normal 0 0 -1
    outer loop
      vertex 9.197159521108883 32.536498385544355 0
      vertex 9.040668714406038 33.052379439004 0
      vertex 145 0 0
    endloop
  endfacet
  facet normal 0 0 -1
    outer loop
      vertex 8.786541433832 33.52781814080391 0
      vertex 8.786541433832 49.47218185919609 0
      vertex 145 0 0
    endloop
  endfacet
  facet normal 0 0 -1
    outer loop
      vertex 8.786541433832 49.47218185919609 0
      vertex 9.040668714406038 49.947620560996 0
      vertex 145 0 0
    endloop
  endfacet
  facet normal 0 0 -1
    outer loop
      vertex 9.040668714406038 52.052379439004 0
      vertex 8.786541433832 52.52781814080391 0
      vertex 145 0 0
    endloop
  endfacet
  facet normal 0 0 -1
    outer loop
      vertex 9.040668714406038 49.947620560996 0
      vertex 9.197159521108883 50.463501614455645 0
      vertex 145 0 0
    endloop
  endfacet
  facet normal 0 0 -1
    outer loop
      vertex 9.197159521108883 50.463501614455645 0
      vertex 9.25 51 0
      vertex 145 0 0
    endloop
  endfacet
  facet normal 0 0 -1
    outer loop
      vertex 9.197159521108883 51.536498385544355 0
      vertex 145 0 0
      vertex 9.25 51 0
    endloop
  endfacet
  facet normal 0 0 -1
    outer loop
      vertex 9.197159521108883 51.536498385544355 0
      vertex 9.040668714406038 52.052379439004 0
      vertex 145 0 0
    endloop
  endfacet
  facet normal 0 0 -1
    outer loop
      vertex 8.786541433832 52.52781814080391 0
      vertex 8.786541433832 68.4721818591961 0
      vertex 145 0 0
    endloop
  endfacet
  facet normal 0 0 -1
    outer loop
      vertex 8.786541433832 68.4721818591961 0
      vertex 9.040668714406038 68.947620560996 0
      vertex 145 0 0
    endloop
  endfacet
  facet normal 0 0 -1
    outer loop
      vertex 9.040668714406038 71.052379439004 0
      vertex 8.786541433832 71.5278181408039 0
      vertex 145 0 0
    endloop
  endfacet
  facet normal 0 0 -1
    outer loop
      vertex 8.444543648263005 71.94454364826301 0
      vertex 145 0 0
      vertex 8.786541433832 71.5278181408039 0
    endloop
  endfacet
  facet normal 0 0 -1
    outer loop
      vertex 9.040668714406038 68.947620560996 0
      vertex 9.197159521108883 69.46350161445565 0
      vertex 145 0 0
    endloop
  endfacet
  facet normal 0 0 -1
    outer loop
      vertex 9.197159521108883 69.46350161445565 0
      vertex 9.25 70 0
      vertex 145 0 0
    endloop
  endfacet
  facet normal 0 0 -1
    outer loop
      vertex 9.197159521108883 70.53649838554435 0
      vertex 145 0 0
      vertex 9.25 70 0
    endloop
  endfacet
  facet normal 0 0 -1
    outer loop
      vertex 9.197159521108883 70.53649838554435 0
      vertex 9.040668714406038 71.052379439004 0
      vertex 145 0 0
    endloop
  endfacet
  facet normal 0 -1 0
    outer loop
      vertex 3 0 0
      vertex 145 0 0
      vertex 3 0 3.45
    endloop
  endfacet
  facet normal 0 0 -1
    outer loop
      vertex 8.444543648263005 71.94454364826301 0
      vertex 9.25 140 0
      vertex 145 0 0
    endloop
  endfacet
  facet normal 0 0 -1
    outer loop
      vertex 9.197159521108883 140.53649838554435 0
      vertex 145 0 0
      vertex 9.25 140 0
    endloop
  endfacet
  facet normal 0 0 -1
    outer loop
      vertex 9.197159521108883 140.53649838554435 0
      vertex 9.197159521108883 158.46350161445565 0
      vertex 145 0 0
    endloop
  endfacet
  facet normal -0.8819212643483552 -0.47139673682599753 0
    outer loop
      vertex 0.5055911630923644 1.3332893009411935 0
      vertex 0.5055911630923644 1.3332893009411935 3.45
      vertex 0.22836140246614 1.8519497029047307 3.45
    endloop
  endfacet
  facet normal -0.7730104533627375 -0.6343932841636447 0
    outer loop
      vertex 0.8786796564403572 0.8786796564403572 0
      vertex 0.8786796564403572 0.8786796564403572 3.45
      vertex 0.5055911630923644 1.3332893009411935 3.45
    endloop
  endfacet
  facet normal -0.9569403357322087 -0.2902846772544627 0
    outer loop
      vertex 0.22836140246614 1.8519497029047307 0
      vertex 0.22836140246614 1.8519497029047307 3.45
      vertex 0.05764415879030871 2.414729033951615 3.45
    endloop
  endfacet
  facet normal -0.9951847266721969 -0.0980171403295607 0
    outer loop
      vertex 0.05764415879030871 2.414729033951615 0
      vertex 0.05764415879030871 2.414729033951615 3.45
      vertex 0 3 3.45
    endloop
  endfacet
  facet normal -0.6343932841636447 -0.7730104533627375 0
    outer loop
      vertex 1.3332893009411935 0.5055911630923644 0
      vertex 1.3332893009411935 0.5055911630923644 3.45
      vertex 0.8786796564403572 0.8786796564403572 3.45
    endloop
  endfacet
  facet normal -0.47139673682599753 -0.8819212643483552 0
    outer loop
      vertex 1.8519497029047307 0.22836140246614 0
      vertex 1.8519497029047307 0.22836140246614 3.45
      vertex 1.3332893009411935 0.5055911630923644 3.45
    endloop
  endfacet
  facet normal -0.2902846772544627 -0.9569403357322087 0
    outer loop
      vertex 2.414729033951615 0.05764415879030871 0
      vertex 2.414729033951615 0.05764415879030871 3.45
      vertex 1.8519497029047307 0.22836140246614 3.45
    endloop
  endfacet
  facet normal -0.0980171403295607 -0.9951847266721969 0
    outer loop
      vertex 3 0 0
      vertex 3 0 3.45
      vertex 2.414729033951615 0.05764415879030871 3.45
    endloop
  endfacet
  facet normal 0 0 1
    outer loop
      vertex 3 0 3.45
      vertex 12.230991523246853 1.9958900590804007 3.45
      vertex 5.963501614455647 29.302840478891117 3.45
    endloop
  endfacet
  facet normal 0 0 1
    outer loop
      vertex 3 0 3.45
      vertex 4.213458566168001 30.472181859196095 3.45
      vertex 3.9593312855939615 30.947620560996004 3.45
    endloop
  endfacet
  facet normal 0 0 1
    outer loop
      vertex 3 0 3.45
      vertex 4.555456351736995 30.055456351736993 3.45
      vertex 4.213458566168001 30.472181859196095 3.45
    endloop
  endfacet
  facet normal 0 0 1
    outer loop
      vertex 3 0 3.45
      vertex 3.9593312855939615 30.947620560996004 3.45
      vertex 3.8028404788911163 31.463501614455648 3.45
    endloop
  endfacet
  facet normal 0 0 1
    outer loop
      vertex 3 0 3.45
      vertex 3.8028404788911163 31.463501614455648 3.45
      vertex 3.75 32 3.45
    endloop
  endfacet
  facet normal 0 0 1
    outer loop
      vertex 3 0 3.45
      vertex 4.972181859196094 29.713458566168 3.45
      vertex 4.555456351736995 30.055456351736993 3.45
    endloop
  endfacet
  facet normal 0 0 1
    outer loop
      vertex 3 0 3.45
      vertex 5.447620560996003 29.45933128559396 3.45
      vertex 4.972181859196094 29.713458566168 3.45
    endloop
  endfacet
  facet normal 0 0 1
    outer loop
      vertex 3 0 3.45
      vertex 5.963501614455647 29.302840478891117 3.45
      vertex 5.447620560996003 29.45933128559396 3.45
    endloop
  endfacet
  facet normal 0 0 1
    outer loop
      vertex 5.963501614455647 29.302840478891117 3.45
      vertex 12.230991523246853 1.9958900590804007 3.45
      vertex 6.5 29.25 3.45
    endloop
  endfacet
  facet normal 0 0 1
    outer loop
      vertex 6.5 29.25 3.45
      vertex 12.230991523246853 1.9958900590804007 3.45
      vertex 7.036498385544353 29.302840478891117 3.45
    endloop
  endfacet
  facet normal 0 0 1
    outer loop
      vertex 7.036498385544353 29.302840478891117 3.45
      vertex 12.230991523246853 1.9958900590804007 3.45
      vertex 7.552379439003997 29.45933128559396 3.45
    endloop
  endfacet
  facet normal 0 0 1
    outer loop
      vertex 7.552379439003997 29.45933128559396 3.45
      vertex 12.230991523246853 1.9958900590804007 3.45
      vertex 8.027818140803905 29.713458566168 3.45
    endloop
  endfacet
  facet normal 0 0 1
    outer loop
      vertex 8.027818140803905 29.713458566168 3.45
      vertex 12.230991523246853 1.9958900590804007 3.45
      vertex 8.444543648263005 30.055456351736993 3.45
    endloop
  endfacet
  facet normal 0 0 1
    outer loop
      vertex 8.444543648263005 30.055456351736993 3.45
      vertex 12.230991523246853 1.9958900590804007 3.45
      vertex 8.786541433832 30.472181859196095 3.45
    endloop
  endfacet
  facet normal 0 0 1
    outer loop
      vertex 8.786541433832 30.472181859196095 3.45
      vertex 12.230991523246853 1.9958900590804007 3.45
      vertex 9.040668714406038 30.947620560996004 3.45
    endloop
  endfacet
  facet normal 0 0 1
    outer loop
      vertex 9.040668714406038 30.947620560996004 3.45
      vertex 12.230991523246853 1.9958900590804007 3.45
      vertex 9.197159521108883 31.463501614455648 3.45
    endloop
  endfacet
  facet normal 0 0 1
    outer loop
      vertex 9.197159521108883 31.463501614455648 3.45
      vertex 12.230991523246853 1.9958900590804007 3.45
      vertex 9.25 32 3.45
    endloop
  endfacet
  facet normal 0 0 1
    outer loop
      vertex 3 0 3.45
      vertex 3.75 32 3.45
      vertex 3.75 51 3.45
    endloop
  endfacet
  facet normal 0 0 1
    outer loop
      vertex 3.75 32 3.45
      vertex 3.8028404788911163 32.536498385544355 3.45
      vertex 3.75 51 3.45
    endloop
  endfacet
  facet normal 0 0 1
    outer loop
      vertex 3.8028404788911163 32.536498385544355 3.45
      vertex 3.9593312855939615 33.052379439004 3.45
      vertex 3.8028404788911163 50.463501614455645 3.45
    endloop
  endfacet
  facet normal 0 0 1
    outer loop
      vertex 3.9593312855939615 33.052379439004 3.45
      vertex 4.213458566168001 33.52781814080391 3.45
      vertex 3.9593312855939615 49.947620560996 3.45
    endloop
  endfacet
  facet normal 0 0 1
    outer loop
      vertex 4.213458566168001 33.52781814080391 3.45
      vertex 4.555456351736995 33.94454364826301 3.45
      vertex 4.213458566168001 49.47218185919609 3.45
    endloop
  endfacet
  facet normal 0 0 1
    outer loop
      vertex 4.555456351736995 33.94454364826301 3.45
      vertex 4.972181859196094 34.286541433832 3.45
      vertex 4.972181859196094 48.713458566168 3.45
    endloop
  endfacet
  facet normal 0 0 1
    outer loop
      vertex 4.972181859196094 34.286541433832 3.45
      vertex 5.447620560996003 34.54066871440604 3.45
      vertex 4.972181859196094 48.713458566168 3.45
    endloop
  endfacet
  facet normal 0 0 1
    outer loop
      vertex 5.447620560996003 34.54066871440604 3.45
      vertex 5.963501614455647 34.69715952110889 3.45
      vertex 5.447620560996003 48.45933128559396 3.45
    endloop
  endfacet
  facet normal 0 0 1
    outer loop
      vertex 5.963501614455647 34.69715952110889 3.45
      vertex 6.5 34.75 3.45
      vertex 5.963501614455647 48.30284047889111 3.45
    endloop
  endfacet
  facet normal 0 0 1
    outer loop
      vertex 6.5 34.75 3.45
      vertex 7.036498385544353 34.69715952110889 3.45
      vertex 6.5 48.25 3.45
    endloop
  endfacet
  facet normal 0 0 1
    outer loop
      vertex 7.036498385544353 34.69715952110889 3.45
      vertex 7.552379439003997 34.54066871440604 3.45
      vertex 7.036498385544353 48.30284047889111 3.45
    endloop
  endfacet
  facet normal 0 0 1
    outer loop
      vertex 8.027818140803905 34.286541433832 3.45
      vertex 7.552379439003997 48.45933128559396 3.45
      vertex 7.552379439003997 34.54066871440604 3.45
    endloop
  endfacet
  facet normal 0 0 1
    outer loop
      vertex 8.027818140803905 34.286541433832 3.45
      vertex 8.444543648263005 33.94454364826301 3.45
      vertex 8.027818140803905 48.713458566168 3.45
    endloop
  endfacet
  facet normal 0 0 1
    outer loop
      vertex 8.444543648263005 33.94454364826301 3.45
      vertex 8.786541433832 33.52781814080391 3.45
      vertex 8.444543648263005 49.05545635173699 3.45
    endloop
  endfacet
  facet normal 0 0 1
    outer loop
      vertex 9.197159521108883 32.536498385544355 3.45
      vertex 9.040668714406038 49.947620560996 3.45
      vertex 9.040668714406038 33.052379439004 3.45
    endloop
  endfacet
  facet normal 0 0 1
    outer loop
      vertex 8.786541433832 33.52781814080391 3.45
      vertex 9.040668714406038 33.052379439004 3.45
      vertex 8.786541433832 49.47218185919609 3.45
    endloop
  endfacet
  facet normal 0 0 1
    outer loop
      vertex 3 0 3.45
      vertex 3.75 51 3.45
      vertex 3.75 70 3.45
    endloop
  endfacet
  facet normal 0 0 1
    outer loop
      vertex 4.555456351736995 33.94454364826301 3.45
      vertex 4.555456351736995 49.05545635173699 3.45
      vertex 4.213458566168001 49.47218185919609 3.45
    endloop
  endfacet
  facet normal 0 0 1
    outer loop
      vertex 3.8028404788911163 32.536498385544355 3.45
      vertex 3.8028404788911163 50.463501614455645 3.45
      vertex 3.75 51 3.45
    endloop
  endfacet
  facet normal 0 0 1
    outer loop
      vertex 3.9593312855939615 33.052379439004 3.45
      vertex 3.9593312855939615 49.947620560996 3.45
      vertex 3.8028404788911163 50.463501614455645 3.45
    endloop
  endfacet
  facet normal 0 0 1
    outer loop
      vertex 4.213458566168001 33.52781814080391 3.45
      vertex 4.213458566168001 49.47218185919609 3.45
      vertex 3.9593312855939615 49.947620560996 3.45
    endloop
  endfacet
  facet normal 0 0 1
    outer loop
      vertex 4.555456351736995 33.94454364826301 3.45
      vertex 4.972181859196094 48.713458566168 3.45
      vertex 4.555456351736995 49.05545635173699 3.45
    endloop
  endfacet
  facet normal 0 0 1
    outer loop
      vertex 5.447620560996003 34.54066871440604 3.45
      vertex 5.447620560996003 48.45933128559396 3.45
      vertex 4.972181859196094 48.713458566168 3.45
    endloop
  endfacet
  facet normal 0 0 1
    outer loop
      vertex 5.963501614455647 34.69715952110889 3.45
      vertex 5.963501614455647 48.30284047889111 3.45
      vertex 5.447620560996003 48.45933128559396 3.45
    endloop
  endfacet
  facet normal 0 0 1
    outer loop
      vertex 6.5 34.75 3.45
      vertex 6.5 48.25 3.45
      vertex 5.963501614455647 48.30284047889111 3.45
    endloop
  endfacet
  facet normal 0 0 1
    outer loop
      vertex 7.036498385544353 34.69715952110889 3.45
      vertex 7.036498385544353 48.30284047889111 3.45
      vertex 6.5 48.25 3.45
    endloop
  endfacet
  facet normal 0 0 1
    outer loop
      vertex 7.552379439003997 34.54066871440604 3.45
      vertex 7.552379439003997 48.45933128559396 3.45
      vertex 7.036498385544353 48.30284047889111 3.45
    endloop
  endfacet
  facet normal 0 0 1
    outer loop
      vertex 8.027818140803905 34.286541433832 3.45
      vertex 8.027818140803905 48.713458566168 3.45
      vertex 7.552379439003997 48.45933128559396 3.45
    endloop
  endfacet
  facet normal 0 0 1
    outer loop
      vertex 8.444543648263005 33.94454364826301 3.45
      vertex 8.444543648263005 49.05545635173699 3.45
      vertex 8.027818140803905 48.713458566168 3.45
    endloop
  endfacet
  facet normal 0 0 1
    outer loop
      vertex 8.786541433832 33.52781814080391 3.45
      vertex 8.786541433832 49.47218185919609 3.45
      vertex 8.444543648263005 49.05545635173699 3.45
    endloop
  endfacet
  facet normal 0 0 1
    outer loop
      vertex 9.040668714406038 33.052379439004 3.45
      vertex 9.040668714406038 49.947620560996 3.45
      vertex 8.786541433832 49.47218185919609 3.45
    endloop
  endfacet
  facet normal 0 0 1
    outer loop
      vertex 9.197159521108883 32.536498385544355 3.45
      vertex 9.197159521108883 50.463501614455645 3.45
      vertex 9.040668714406038 49.947620560996 3.45
    endloop
  endfacet
  facet normal 0 0 1
    outer loop
      vertex 9.197159521108883 32.536498385544355 3.45
      vertex 9.25 51 3.45
      vertex 9.197159521108883 50.463501614455645 3.45
    endloop
  endfacet
  facet normal -1 0 0
    outer loop
      vertex 0 3 0
      vertex 0 3 3.45
      vertex 0 207 3.45
    endloop
  endfacet
  facet normal 0 0 1
    outer loop
      vertex 3.75 51 3.45
      vertex 3.8028404788911163 51.536498385544355 3.45
      vertex 3.75 70 3.45
    endloop
  endfacet
  facet normal 0 0 1
    outer loop
      vertex 3.8028404788911163 51.536498385544355 3.45
      vertex 3.9593312855939615 52.052379439004 3.45
      vertex 3.8028404788911163 69.46350161445565 3.45
    endloop
  endfacet
  facet normal 0 0 1
    outer loop
      vertex 3.9593312855939615 52.052379439004 3.45
      vertex 4.213458566168001 52.52781814080391 3.45
      vertex 3.9593312855939615 68.947620560996 3.45
    endloop
  endfacet
  facet normal 0 0 1
    outer loop
      vertex 4.213458566168001 52.52781814080391 3.45
      vertex 4.555456351736995 52.94454364826301 3.45
      vertex 4.213458566168001 68.4721818591961 3.45
    endloop
  endfacet
  facet normal 0 0 1
    outer loop
      vertex 3.9593312855939615 52.052379439004 3.45
      vertex 3.9593312855939615 68.947620560996 3.45
      vertex 3.8028404788911163 69.46350161445565 3.45
    endloop
  endfacet
  facet normal 0 0 1
    outer loop
      vertex 3.8028404788911163 51.536498385544355 3.45
      vertex 3.8028404788911163 69.46350161445565 3.45
      vertex 3.75 70 3.45
    endloop
  endfacet
  facet normal 0 0 1
    outer loop
      vertex 4.555456351736995 52.94454364826301 3.45
      vertex 4.555456351736995 68.05545635173699 3.45
      vertex 4.213458566168001 68.4721818591961 3.45
    endloop
  endfacet
  facet normal 0 0 1
    outer loop
      vertex 4.213458566168001 52.52781814080391 3.45
      vertex 4.213458566168001 68.4721818591961 3.45
      vertex 3.9593312855939615 68.947620560996 3.45
    endloop
  endfacet
  facet normal 0 0 1
    outer loop
      vertex 4.555456351736995 52.94454364826301 3.45
      vertex 4.972181859196094 53.286541433832 3.45
      vertex 4.555456351736995 68.05545635173699 3.45
    endloop
  endfacet
  facet normal 0 0 1
    outer loop
      vertex 4.972181859196094 53.286541433832 3.45
      vertex 5.447620560996003 53.54066871440604 3.45
      vertex 4.972181859196094 67.713458566168 3.45
    endloop
  endfacet
  facet normal 0 0 1
    outer loop
      vertex 5.447620560996003 53.54066871440604 3.45
      vertex 5.963501614455647 53.69715952110889 3.45
      vertex 5.963501614455647 67.30284047889111 3.45
    endloop
  endfacet
  facet normal 0 0 1
    outer loop
      vertex 5.963501614455647 53.69715952110889 3.45
      vertex 6.5 53.75 3.45
      vertex 5.963501614455647 67.30284047889111 3.45
    endloop
  endfacet
  facet normal 0 0 1
    outer loop
      vertex 6.5 53.75 3.45
      vertex 7.036498385544353 53.69715952110889 3.45
      vertex 6.5 67.25 3.45
    endloop
  endfacet
  facet normal 0 0 1
    outer loop
      vertex 7.036498385544353 53.69715952110889 3.45
      vertex 7.552379439003997 53.54066871440604 3.45
      vertex 7.036498385544353 67.30284047889111 3.45
    endloop
  endfacet
  facet normal 0 0 1
    outer loop
      vertex 8.027818140803905 53.286541433832 3.45
      vertex 7.552379439003997 67.45933128559396 3.45
      vertex 7.552379439003997 53.54066871440604 3.45
    endloop
  endfacet
  facet normal 0 0 1
    outer loop
      vertex 9.197159521108883 51.536498385544355 3.45
      vertex 9.25 51 3.45
      vertex 9.197159521108883 69.46350161445565 3.45
    endloop
  endfacet
  facet normal 0 0 1
    outer loop
      vertex 8.027818140803905 53.286541433832 3.45
      vertex 8.444543648263005 52.94454364826301 3.45
      vertex 8.027818140803905 67.713458566168 3.45
    endloop
  endfacet
  facet normal 0 0 1
    outer loop
      vertex 8.444543648263005 52.94454364826301 3.45
      vertex 8.786541433832 52.52781814080391 3.45
      vertex 8.444543648263005 68.05545635173699 3.45
    endloop
  endfacet
  facet normal 0 0 1
    outer loop
      vertex 9.040668714406038 52.052379439004 3.45
      vertex 8.786541433832 68.4721818591961 3.45
      vertex 8.786541433832 52.52781814080391 3.45
    endloop
  endfacet
  facet normal 0 0 1
    outer loop
      vertex 9.197159521108883 51.536498385544355 3.45
      vertex 9.040668714406038 68.947620560996 3.45
      vertex 9.040668714406038 52.052379439004 3.45
    endloop
  endfacet
  facet normal 0 0 1
    outer loop
      vertex 4.972181859196094 53.286541433832 3.45
      vertex 4.972181859196094 67.713458566168 3.45
      vertex 4.555456351736995 68.05545635173699 3.45
    endloop
  endfacet
  facet normal 0 0 1
    outer loop
      vertex 5.447620560996003 53.54066871440604 3.45
      vertex 5.447620560996003 67.45933128559396 3.45
      vertex 4.972181859196094 67.713458566168 3.45
    endloop
  endfacet
  facet normal 0 0 1
    outer loop
      vertex 5.447620560996003 53.54066871440604 3.45
      vertex 5.963501614455647 67.30284047889111 3.45
      vertex 5.447620560996003 67.45933128559396 3.45
    endloop
  endfacet
  facet normal 0 0 1
    outer loop
      vertex 6.5 53.75 3.45
      vertex 6.5 67.25 3.45
      vertex 5.963501614455647 67.30284047889111 3.45
    endloop
  endfacet
  facet normal 0 0 1
    outer loop
      vertex 7.036498385544353 53.69715952110889 3.45
      vertex 7.036498385544353 67.30284047889111 3.45
      vertex 6.5 67.25 3.45
    endloop
  endfacet
  facet normal 0 0 1
    outer loop
      vertex 7.552379439003997 53.54066871440604 3.45
      vertex 7.552379439003997 67.45933128559396 3.45
      vertex 7.036498385544353 67.30284047889111 3.45
    endloop
  endfacet
  facet normal 0 0 1
    outer loop
      vertex 8.027818140803905 53.286541433832 3.45
      vertex 8.027818140803905 67.713458566168 3.45
      vertex 7.552379439003997 67.45933128559396 3.45
    endloop
  endfacet
  facet normal 0 0 1
    outer loop
      vertex 8.444543648263005 52.94454364826301 3.45
      vertex 8.444543648263005 68.05545635173699 3.45
      vertex 8.027818140803905 67.713458566168 3.45
    endloop
  endfacet
  facet normal 0 0 1
    outer loop
      vertex 8.786541433832 52.52781814080391 3.45
      vertex 8.786541433832 68.4721818591961 3.45
      vertex 8.444543648263005 68.05545635173699 3.45
    endloop
  endfacet
  facet normal 0 0 1
    outer loop
      vertex 9.040668714406038 52.052379439004 3.45
      vertex 9.040668714406038 68.947620560996 3.45
      vertex 8.786541433832 68.4721818591961 3.45
    endloop
  endfacet
  facet normal 0 0 1
    outer loop
      vertex 9.197159521108883 51.536498385544355 3.45
      vertex 9.197159521108883 69.46350161445565 3.45
      vertex 9.040668714406038 68.947620560996 3.45
    endloop
  endfacet
  facet normal 0 0 1
    outer loop
      vertex 9.25 51 3.45
      vertex 9.25 70 3.45
      vertex 9.197159521108883 69.46350161445565 3.45
    endloop
  endfacet
  facet normal 0 0 1
    outer loop
      vertex 0.5055911630923644 1.3332893009411935 3.45
      vertex 0.22836140246614 208.14805029709527 3.45
      vertex 0.22836140246614 1.8519497029047307 3.45
    endloop
  endfacet
  facet normal 0 0 1
    outer loop
      vertex 0.5055911630923644 1.3332893009411935 3.45
      vertex 0.8786796564403572 0.8786796564403572 3.45
      vertex 0.5055911630923644 208.6667106990588 3.45
    endloop
  endfacet
  facet normal 0 0 1
    outer loop
      vertex 0.8786796564403572 0.8786796564403572 3.45
      vertex 1.3332893009411935 0.5055911630923644 3.45
      vertex 0.8786796564403572 209.12132034355963 3.45
    endloop
  endfacet
  facet normal 0 0 1
    outer loop
      vertex 0.22836140246614 1.8519497029047307 3.45
      vertex 0.05764415879030871 207.5852709660484 3.45
      vertex 0.05764415879030871 2.414729033951615 3.45
    endloop
  endfacet
  facet normal 0 0 1
    outer loop
      vertex 0.05764415879030871 2.414729033951615 3.45
      vertex 0 207 3.45
      vertex 0 3 3.45
    endloop
  endfacet
  facet normal 0 0 1
    outer loop
      vertex 1.3332893009411935 0.5055911630923644 3.45
      vertex 1.8519497029047307 0.22836140246614 3.45
      vertex 1.3332893009411935 209.49440883690764 3.45
    endloop
  endfacet
  facet normal 0 0 1
    outer loop
      vertex 1.8519497029047307 0.22836140246614 3.45
      vertex 2.414729033951615 0.05764415879030871 3.45
      vertex 1.8519497029047307 209.77163859753387 3.45
    endloop
  endfacet
  facet normal 0 0 1
    outer loop
      vertex 2.414729033951615 0.05764415879030871 3.45
      vertex 3 0 3.45
      vertex 2.414729033951615 209.9423558412097 3.45
    endloop
  endfacet
  facet normal 0 0 1
    outer loop
      vertex 3 0 3.45
      vertex 3.75 70 3.45
      vertex 3.75 140 3.45
    endloop
  endfacet
  facet normal 0 0 1
    outer loop
      vertex 3.75 70 3.45
      vertex 3.8028404788911163 70.53649838554435 3.45
      vertex 3.75 140 3.45
    endloop
  endfacet
  facet normal 0 0 1
    outer loop
      vertex 3.8028404788911163 70.53649838554435 3.45
      vertex 3.9593312855939615 71.052379439004 3.45
      vertex 3.8028404788911163 139.46350161445565 3.45
    endloop
  endfacet
  facet normal 0 0 1
    outer loop
      vertex 3.9593312855939615 71.052379439004 3.45
      vertex 4.213458566168001 71.5278181408039 3.45
      vertex 3.9593312855939615 138.947620560996 3.45
    endloop
  endfacet
  facet normal 0 0 1
    outer loop
      vertex 4.213458566168001 71.5278181408039 3.45
      vertex 4.555456351736995 71.94454364826301 3.45
      vertex 4.213458566168001 138.4721818591961 3.45
    endloop
  endfacet
  facet normal 0 0 1
    outer loop
      vertex 3 0 3.45
      vertex 3.75 140 3.45
      vertex 3.75 159 3.45
    endloop
  endfacet
  facet normal 0 0 1
    outer loop
      vertex 4.555456351736995 71.94454364826301 3.45
      vertex 4.972181859196094 72.286541433832 3.45
      vertex 4.555456351736995 138.055456351737 3.45
    endloop
  endfacet
  facet normal 0 0 1
    outer loop
      vertex 4.972181859196094 72.286541433832 3.45
      vertex 5.447620560996003 72.54066871440604 3.45
      vertex 4.972181859196094 137.71345856616801 3.45
    endloop
  endfacet
  facet normal 0 0 1
    outer loop
      vertex 5.447620560996003 72.54066871440604 3.45
      vertex 5.963501614455647 72.69715952110889 3.45
      vertex 5.447620560996003 137.45933128559398 3.45
    endloop
  endfacet
  facet normal 0 0 1
    outer loop
      vertex 5.963501614455647 72.69715952110889 3.45
      vertex 6.5 72.75 3.45
      vertex 5.963501614455647 137.3028404788911 3.45
    endloop
  endfacet
  facet normal 0 0 1
    outer loop
      vertex 6.5 72.75 3.45
      vertex 7.036498385544353 72.69715952110889 3.45
      vertex 9.197159521108883 139.46350161445565 3.45
    endloop
  endfacet
  facet normal 0 0 1
    outer loop
      vertex 7.036498385544353 72.69715952110889 3.45
      vertex 7.552379439003997 72.54066871440604 3.45
      vertex 9.197159521108883 139.46350161445565 3.45
    endloop
  endfacet
  facet normal 0 0 1
    outer loop
      vertex 9.197159521108883 70.53649838554435 3.45
      vertex 9.25 70 3.45
      vertex 9.197159521108883 139.46350161445565 3.45
    endloop
  endfacet
  facet normal 0 0 1
    outer loop
      vertex 7.552379439003997 72.54066871440604 3.45
      vertex 8.027818140803905 72.286541433832 3.45
      vertex 9.197159521108883 139.46350161445565 3.45
    endloop
  endfacet
  facet normal 0 0 1
    outer loop
      vertex 8.444543648263005 71.94454364826301 3.45
      vertex 9.197159521108883 139.46350161445565 3.45
      vertex 8.027818140803905 72.286541433832 3.45
    endloop
  endfacet
  facet normal 0 0 1
    outer loop
      vertex 8.444543648263005 71.94454364826301 3.45
      vertex 8.786541433832 71.5278181408039 3.45
      vertex 9.197159521108883 139.46350161445565 3.45
    endloop
  endfacet
  facet normal 0 0 1
    outer loop
      vertex 9.197159521108883 70.53649838554435 3.45
      vertex 9.197159521108883 139.46350161445565 3.45
      vertex 9.040668714406038 71.052379439004 3.45
    endloop
  endfacet
  facet normal 0 0 1
    outer loop
      vertex 9.040668714406038 71.052379439004 3.45
      vertex 9.197159521108883 139.46350161445565 3.45
      vertex 8.786541433832 71.5278181408039 3.45
    endloop
  endfacet
  facet normal 0 0 1
    outer loop
      vertex 9.25 32 3.45
      vertex 12.230991523246853 1.9958900590804007 3.45
      vertex 10.264960020634511 208.42919783337632 3.45
    endloop
  endfacet
  facet normal 0 0 1
    outer loop
      vertex 9.197159521108883 32.536498385544355 3.45
      vertex 9.25 32 3.45
      vertex 10.264960020634511 208.42919783337632 3.45
    endloop
  endfacet
  facet normal 0 0 1
    outer loop
      vertex 9.197159521108883 32.536498385544355 3.45
      vertex 10.264960020634511 208.42919783337632 3.45
      vertex 9.25 51 3.45
    endloop
  endfacet
  facet normal 0 0 1
    outer loop
      vertex 3 0 3.45
      vertex 145 0 3.45
      vertex 12.230991523246853 1.9958900590804007 3.45
    endloop
  endfacet
  facet normal 0 0 1
    outer loop
      vertex 145 0 3.45
      vertex 12.25 2 3.45
      vertex 12.230991523246853 1.9958900590804007 3.45
    endloop
  endfacet
  facet normal 0 0 -1
    outer loop
      vertex 3.8028404788911163 70.53649838554435 0
      vertex 3.8028404788911163 139.46350161445565 0
      vertex 3.9593312855939615 138.947620560996 0
    endloop
  endfacet
  facet normal 0 0 -1
    outer loop
      vertex 3.9593312855939615 71.052379439004 0
      vertex 3.9593312855939615 138.947620560996 0
      vertex 4.213458566168001 138.4721818591961 0
    endloop
  endfacet
  facet normal 0 0 -1
    outer loop
      vertex 4.213458566168001 71.5278181408039 0
      vertex 4.213458566168001 138.4721818591961 0
      vertex 4.555456351736995 138.055456351737 0
    endloop
  endfacet
  facet normal 0 0 -1
    outer loop
      vertex 3.75 70 0
      vertex 3.75 140 0
      vertex 3.8028404788911163 139.46350161445565 0
    endloop
  endfacet
  facet normal 0 0 -1
    outer loop
      vertex 4.555456351736995 71.94454364826301 0
      vertex 4.555456351736995 138.055456351737 0
      vertex 4.972181859196094 137.71345856616801 0
    endloop
  endfacet
  facet normal 0 0 -1
    outer loop
      vertex 4.972181859196094 72.286541433832 0
      vertex 4.972181859196094 137.71345856616801 0
      vertex 5.447620560996003 137.45933128559398 0
    endloop
  endfacet
  facet normal 0 0 -1
    outer loop
      vertex 5.447620560996003 72.54066871440604 0
      vertex 5.447620560996003 137.45933128559398 0
      vertex 5.963501614455647 137.3028404788911 0
    endloop
  endfacet
  facet normal 0 0 -1
    outer loop
      vertex 5.963501614455647 72.69715952110889 0
      vertex 5.963501614455647 137.3028404788911 0
      vertex 6.5 137.25 0
    endloop
  endfacet
  facet normal 0 0 -1
    outer loop
      vertex 6.5 72.75 0
      vertex 6.5 137.25 0
      vertex 7.036498385544353 137.3028404788911 0
    endloop
  endfacet
  facet normal 0 0 -1
    outer loop
      vertex 7.036498385544353 72.69715952110889 0
      vertex 7.036498385544353 137.3028404788911 0
      vertex 7.552379439003997 137.45933128559398 0
    endloop
  endfacet
  facet normal 0 0 -1
    outer loop
      vertex 7.552379439003997 72.54066871440604 0
      vertex 7.552379439003997 137.45933128559398 0
      vertex 8.027818140803905 137.71345856616801 0
    endloop
  endfacet
  facet normal 0 0 -1
    outer loop
      vertex 8.027818140803905 72.286541433832 0
      vertex 8.027818140803905 137.71345856616801 0
      vertex 8.444543648263005 138.055456351737 0
    endloop
  endfacet
  facet normal 0 0 -1
    outer loop
      vertex 8.444543648263005 71.94454364826301 0
      vertex 8.444543648263005 138.055456351737 0
      vertex 8.786541433832 138.4721818591961 0
    endloop
  endfacet
  facet normal 0 0 -1
    outer loop
      vertex 8.444543648263005 71.94454364826301 0
      vertex 8.786541433832 138.4721818591961 0
      vertex 9.040668714406038 138.947620560996 0
    endloop
  endfacet
  facet normal 0 0 -1
    outer loop
      vertex 8.444543648263005 71.94454364826301 0
      vertex 9.040668714406038 138.947620560996 0
      vertex 9.197159521108883 139.46350161445565 0
    endloop
  endfacet
  facet normal 0 0 -1
    outer loop
      vertex 8.444543648263005 71.94454364826301 0
      vertex 9.197159521108883 139.46350161445565 0
      vertex 9.25 140 0
    endloop
  endfacet
  facet normal 0 0 -1
    outer loop
      vertex 0.05764415879030871 2.414729033951615 0
      vertex 0 207 0
      vertex 0.05764415879030871 207.5852709660484 0
    endloop
  endfacet
  facet normal 0 0 -1
    outer loop
      vertex 0.22836140246614 1.8519497029047307 0
      vertex 0.05764415879030871 207.5852709660484 0
      vertex 0.22836140246614 208.14805029709527 0
    endloop
  endfacet
  facet normal 0 0 -1
    outer loop
      vertex 0.5055911630923644 1.3332893009411935 0
      vertex 0.22836140246614 208.14805029709527 0
      vertex 0.5055911630923644 208.6667106990588 0
    endloop
  endfacet
  facet normal 0 0 -1
    outer loop
      vertex 0.8786796564403572 0.8786796564403572 0
      vertex 0.5055911630923644 208.6667106990588 0
      vertex 0.8786796564403572 209.12132034355963 0
    endloop
  endfacet
  facet normal 0 0 -1
    outer loop
      vertex 1.3332893009411935 0.5055911630923644 0
      vertex 0.8786796564403572 209.12132034355963 0
      vertex 1.3332893009411935 209.49440883690764 0
    endloop
  endfacet
  facet normal 0 0 -1
    outer loop
      vertex 1.8519497029047307 0.22836140246614 0
      vertex 1.3332893009411935 209.49440883690764 0
      vertex 1.8519497029047307 209.77163859753387 0
    endloop
  endfacet
  facet normal 0 0 -1
    outer loop
      vertex 2.414729033951615 0.05764415879030871 0
      vertex 1.8519497029047307 209.77163859753387 0
      vertex 2.414729033951615 209.9423558412097 0
    endloop
  endfacet
  facet normal 0 0 -1
    outer loop
      vertex 3 0 0
      vertex 2.414729033951615 209.9423558412097 0
      vertex 3 210 0
    endloop
  endfacet
  facet normal 0 0 -1
    outer loop
      vertex 3.75 70 0
      vertex 3 210 0
      vertex 3.75 140 0
    endloop
  endfacet
  facet normal 0 0 -1
    outer loop
      vertex 3.75 140 0
      vertex 3.8028404788911163 158.46350161445565 0
      vertex 3.8028404788911163 140.53649838554435 0
    endloop
  endfacet
  facet normal 0 0 -1
    outer loop
      vertex 3.8028404788911163 140.53649838554435 0
      vertex 3.9593312855939615 157.947620560996 0
      vertex 3.9593312855939615 141.052379439004 0
    endloop
  endfacet
  facet normal 0 0 -1
    outer loop
      vertex 3.9593312855939615 141.052379439004 0
      vertex 4.213458566168001 157.4721818591961 0
      vertex 4.213458566168001 141.5278181408039 0
    endloop
  endfacet
  facet normal 0 0 -1
    outer loop
      vertex 4.213458566168001 141.5278181408039 0
      vertex 4.555456351736995 157.055456351737 0
      vertex 4.555456351736995 141.944543648263 0
    endloop
  endfacet
  facet normal 0 0 -1
    outer loop
      vertex 3.9593312855939615 141.052379439004 0
      vertex 3.9593312855939615 157.947620560996 0
      vertex 4.213458566168001 157.4721818591961 0
    endloop
  endfacet
  facet normal 0 0 -1
    outer loop
      vertex 3.8028404788911163 140.53649838554435 0
      vertex 3.8028404788911163 158.46350161445565 0
      vertex 3.9593312855939615 157.947620560996 0
    endloop
  endfacet
  facet normal 0 0 -1
    outer loop
      vertex 3.75 140 0
      vertex 3.75 159 0
      vertex 3.8028404788911163 158.46350161445565 0
    endloop
  endfacet
  facet normal 0 0 -1
    outer loop
      vertex 4.213458566168001 141.5278181408039 0
      vertex 4.213458566168001 157.4721818591961 0
      vertex 4.555456351736995 157.055456351737 0
    endloop
  endfacet
  facet normal 0 0 -1
    outer loop
      vertex 4.555456351736995 141.944543648263 0
      vertex 4.972181859196094 156.71345856616801 0
      vertex 4.972181859196094 142.28654143383199 0
    endloop
  endfacet
  facet normal 0 0 -1
    outer loop
      vertex 4.972181859196094 142.28654143383199 0
      vertex 5.447620560996003 156.45933128559398 0
      vertex 5.447620560996003 142.54066871440602 0
    endloop
  endfacet
  facet normal 0 0 -1
    outer loop
      vertex 5.447620560996003 142.54066871440602 0
      vertex 5.963501614455647 156.3028404788911 0
      vertex 5.963501614455647 142.6971595211089 0
    endloop
  endfacet
  facet normal 0 0 -1
    outer loop
      vertex 5.963501614455647 142.6971595211089 0
      vertex 6.5 156.25 0
      vertex 6.5 142.75 0
    endloop
  endfacet
  facet normal 0 0 -1
    outer loop
      vertex 6.5 142.75 0
      vertex 7.036498385544353 156.3028404788911 0
      vertex 7.036498385544353 142.6971595211089 0
    endloop
  endfacet
  facet normal 0 0 -1
    outer loop
      vertex 7.036498385544353 142.6971595211089 0
      vertex 7.552379439003997 156.45933128559398 0
      vertex 7.552379439003997 142.54066871440602 0
    endloop
  endfacet
  facet normal 0 0 -1
    outer loop
      vertex 7.552379439003997 142.54066871440602 0
      vertex 8.027818140803905 156.71345856616801 0
      vertex 8.027818140803905 142.28654143383199 0
    endloop
  endfacet
  facet normal 0 0 -1
    outer loop
      vertex 8.027818140803905 142.28654143383199 0
      vertex 8.444543648263005 157.055456351737 0
      vertex 8.444543648263005 141.944543648263 0
    endloop
  endfacet
  facet normal 0 0 -1
    outer loop
      vertex 9.197159521108883 140.53649838554435 0
      vertex 9.040668714406038 141.052379439004 0
      vertex 9.197159521108883 158.46350161445565 0
    endloop
  endfacet
  facet normal 0 0 -1
    outer loop
      vertex 8.444543648263005 141.944543648263 0
      vertex 8.786541433832 157.4721818591961 0
      vertex 8.786541433832 141.5278181408039 0
    endloop
  endfacet
  facet normal 0 0 -1
    outer loop
      vertex 9.040668714406038 141.052379439004 0
      vertex 8.786541433832 141.5278181408039 0
      vertex 9.040668714406038 157.947620560996 0
    endloop
  endfacet
  facet normal 0 0 -1
    outer loop
      vertex 4.555456351736995 141.944543648263 0
      vertex 4.555456351736995 157.055456351737 0
      vertex 4.972181859196094 156.71345856616801 0
    endloop
  endfacet
  facet normal 0 0 -1
    outer loop
      vertex 4.972181859196094 142.28654143383199 0
      vertex 4.972181859196094 156.71345856616801 0
      vertex 5.447620560996003 156.45933128559398 0
    endloop
  endfacet
  facet normal 0 0 -1
    outer loop
      vertex 5.447620560996003 142.54066871440602 0
      vertex 5.447620560996003 156.45933128559398 0
      vertex 5.963501614455647 156.3028404788911 0
    endloop
  endfacet
  facet normal 0 0 -1
    outer loop
      vertex 5.963501614455647 142.6971595211089 0
      vertex 5.963501614455647 156.3028404788911 0
      vertex 6.5 156.25 0
    endloop
  endfacet
  facet normal 0 0 -1
    outer loop
      vertex 6.5 142.75 0
      vertex 6.5 156.25 0
      vertex 7.036498385544353 156.3028404788911 0
    endloop
  endfacet
  facet normal 0 0 -1
    outer loop
      vertex 7.036498385544353 142.6971595211089 0
      vertex 7.036498385544353 156.3028404788911 0
      vertex 7.552379439003997 156.45933128559398 0
    endloop
  endfacet
  facet normal 0 0 -1
    outer loop
      vertex 7.552379439003997 142.54066871440602 0
      vertex 7.552379439003997 156.45933128559398 0
      vertex 8.027818140803905 156.71345856616801 0
    endloop
  endfacet
  facet normal 0 0 -1
    outer loop
      vertex 8.027818140803905 142.28654143383199 0
      vertex 8.027818140803905 156.71345856616801 0
      vertex 8.444543648263005 157.055456351737 0
    endloop
  endfacet
  facet normal 0 0 -1
    outer loop
      vertex 8.444543648263005 141.944543648263 0
      vertex 8.444543648263005 157.055456351737 0
      vertex 8.786541433832 157.4721818591961 0
    endloop
  endfacet
  facet normal 0 0 -1
    outer loop
      vertex 8.786541433832 141.5278181408039 0
      vertex 8.786541433832 157.4721818591961 0
      vertex 9.040668714406038 157.947620560996 0
    endloop
  endfacet
  facet normal 0 0 -1
    outer loop
      vertex 9.040668714406038 141.052379439004 0
      vertex 9.040668714406038 157.947620560996 0
      vertex 9.197159521108883 158.46350161445565 0
    endloop
  endfacet
  facet normal -1 0 0
    outer loop
      vertex 0 3 0
      vertex 0 207 3.45
      vertex 0 207 0
    endloop
  endfacet
  facet normal 0 0 -1
    outer loop
      vertex 3.75 159 0
      vertex 3.75 178 0
      vertex 3.8028404788911163 159.53649838554435 0
    endloop
  endfacet
  facet normal 0 0 -1
    outer loop
      vertex 3.8028404788911163 159.53649838554435 0
      vertex 3.8028404788911163 177.46350161445565 0
      vertex 3.9593312855939615 160.052379439004 0
    endloop
  endfacet
  facet normal 0 0 -1
    outer loop
      vertex 3.9593312855939615 160.052379439004 0
      vertex 3.9593312855939615 176.947620560996 0
      vertex 4.213458566168001 160.5278181408039 0
    endloop
  endfacet
  facet normal 0 0 -1
    outer loop
      vertex 4.213458566168001 160.5278181408039 0
      vertex 4.213458566168001 176.4721818591961 0
      vertex 4.555456351736995 160.944543648263 0
    endloop
  endfacet
  facet normal 0 0 -1
    outer loop
      vertex 3.75 140 0
      vertex 3 210 0
      vertex 3.75 159 0
    endloop
  endfacet
  facet normal 0 0 -1
    outer loop
      vertex 4.555456351736995 160.944543648263 0
      vertex 4.972181859196094 175.71345856616801 0
      vertex 4.972181859196094 161.28654143383199 0
    endloop
  endfacet
  facet normal 0 0 -1
    outer loop
      vertex 4.972181859196094 161.28654143383199 0
      vertex 4.972181859196094 175.71345856616801 0
      vertex 5.447620560996003 161.54066871440602 0
    endloop
  endfacet
  facet normal 0 0 -1
    outer loop
      vertex 5.447620560996003 161.54066871440602 0
      vertex 4.972181859196094 175.71345856616801 0
      vertex 5.963501614455647 161.6971595211089 0
    endloop
  endfacet
  facet normal 0 0 -1
    outer loop
      vertex 5.963501614455647 161.6971595211089 0
      vertex 4.972181859196094 175.71345856616801 0
      vertex 6.5 161.75 0
    endloop
  endfacet
  facet normal 0 0 -1
    outer loop
      vertex 6.5 161.75 0
      vertex 4.972181859196094 175.71345856616801 0
      vertex 7.036498385544353 161.6971595211089 0
    endloop
  endfacet
  facet normal 0 0 -1
    outer loop
      vertex 7.036498385544353 161.6971595211089 0
      vertex 4.972181859196094 175.71345856616801 0
      vertex 7.552379439003997 161.54066871440602 0
    endloop
  endfacet
  facet normal 0 0 -1
    outer loop
      vertex 7.552379439003997 161.54066871440602 0
      vertex 4.972181859196094 175.71345856616801 0
      vertex 8.027818140803905 161.28654143383199 0
    endloop
  endfacet
  facet normal 0 0 -1
    outer loop
      vertex 8.027818140803905 161.28654143383199 0
      vertex 4.972181859196094 175.71345856616801 0
      vertex 8.444543648263005 160.944543648263 0
    endloop
  endfacet
  facet normal 0 0 -1
    outer loop
      vertex 3.8028404788911163 159.53649838554435 0
      vertex 3.75 178 0
      vertex 3.8028404788911163 177.46350161445565 0
    endloop
  endfacet
  facet normal 0 0 -1
    outer loop
      vertex 3.9593312855939615 160.052379439004 0
      vertex 3.8028404788911163 177.46350161445565 0
      vertex 3.9593312855939615 176.947620560996 0
    endloop
  endfacet
  facet normal 0 0 -1
    outer loop
      vertex 4.213458566168001 160.5278181408039 0
      vertex 3.9593312855939615 176.947620560996 0
      vertex 4.213458566168001 176.4721818591961 0
    endloop
  endfacet
  facet normal 0 0 -1
    outer loop
      vertex 4.555456351736995 160.944543648263 0
      vertex 4.213458566168001 176.4721818591961 0
      vertex 4.555456351736995 176.055456351737 0
    endloop
  endfacet
  facet normal 0 0 -1
    outer loop
      vertex 3.75 159 0
      vertex 3 210 0
      vertex 3.75 178 0
    endloop
  endfacet
  facet normal 0 0 -1
    outer loop
      vertex 4.555456351736995 160.944543648263 0
      vertex 4.555456351736995 176.055456351737 0
      vertex 4.972181859196094 175.71345856616801 0
    endloop
  endfacet
  facet normal 0 0 -1
    outer loop
      vertex 3.75 178 0
      vertex 3 210 0
      vertex 3.8028404788911163 178.53649838554435 0
    endloop
  endfacet
  facet normal 0 0 -1
    outer loop
      vertex 3.8028404788911163 178.53649838554435 0
      vertex 3 210 0
      vertex 3.9593312855939615 179.052379439004 0
    endloop
  endfacet
  facet normal 0 0 -1
    outer loop
      vertex 3.9593312855939615 179.052379439004 0
      vertex 3 210 0
      vertex 4.213458566168001 179.5278181408039 0
    endloop
  endfacet
  facet normal 0 0 -1
    outer loop
      vertex 4.213458566168001 179.5278181408039 0
      vertex 3 210 0
      vertex 4.555456351736995 179.944543648263 0
    endloop
  endfacet
  facet normal 0 0 -1
    outer loop
      vertex 4.555456351736995 179.944543648263 0
      vertex 3 210 0
      vertex 4.972181859196094 180.28654143383199 0
    endloop
  endfacet
  facet normal 0 0 -1
    outer loop
      vertex 4.972181859196094 180.28654143383199 0
      vertex 3 210 0
      vertex 5.447620560996003 180.54066871440602 0
    endloop
  endfacet
  facet normal 0 0 -1
    outer loop
      vertex 8.027818140803905 180.28654143383199 0
      vertex 7.552379439003997 180.54066871440602 0
      vertex 3 210 0
    endloop
  endfacet
  facet normal 0 0 -1
    outer loop
      vertex 8.027818140803905 180.28654143383199 0
      vertex 3 210 0
      vertex 8.444543648263005 179.944543648263 0
    endloop
  endfacet
  facet normal 0 0 -1
    outer loop
      vertex 8.444543648263005 179.944543648263 0
      vertex 3 210 0
      vertex 8.786541433832 179.5278181408039 0
    endloop
  endfacet
  facet normal 0 0 -1
    outer loop
      vertex 5.447620560996003 180.54066871440602 0
      vertex 3 210 0
      vertex 5.963501614455647 180.6971595211089 0
    endloop
  endfacet
  facet normal 0 0 -1
    outer loop
      vertex 5.963501614455647 180.6971595211089 0
      vertex 3 210 0
      vertex 6.5 180.75 0
    endloop
  endfacet
  facet normal 0 0 -1
    outer loop
      vertex 6.5 180.75 0
      vertex 3 210 0
      vertex 7.036498385544353 180.6971595211089 0
    endloop
  endfacet
  facet normal 0 0 -1
    outer loop
      vertex 7.036498385544353 180.6971595211089 0
      vertex 3 210 0
      vertex 7.552379439003997 180.54066871440602 0
    endloop
  endfacet
  facet normal -0.995184726672197 0.09801714032955847 1.682115747125978e-18
    outer loop
      vertex 0 207 0
      vertex 0.05764415879030871 207.5852709660484 3.45
      vertex 0.05764415879030871 207.5852709660484 0
    endloop
  endfacet
  facet normal -0.9569403357322066 0.29028467725447005 -6.839632851636487e-19
    outer loop
      vertex 0.05764415879030871 207.5852709660484 0
      vertex 0.22836140246614 208.14805029709527 3.45
      vertex 0.22836140246614 208.14805029709527 0
    endloop
  endfacet
  facet normal -0.8819212643483523 0.4713967368260029 -1.5998518405763383e-18
    outer loop
      vertex 0.22836140246614 208.14805029709527 0
      vertex 0.5055911630923644 208.6667106990588 3.45
      vertex 0.5055911630923644 208.6667106990588 0
    endloop
  endfacet
  facet normal -0.7730104533627364 0.6343932841636463 -6.359871452886192e-18
    outer loop
      vertex 0.5055911630923644 208.6667106990588 0
      vertex 0.8786796564403572 209.12132034355963 3.45
      vertex 0.8786796564403572 209.12132034355963 0
    endloop
  endfacet
  facet normal -0.6343932841636593 0.7730104533627257 2.3650884861844637e-18
    outer loop
      vertex 0.8786796564403572 209.12132034355963 0
      vertex 1.3332893009411935 209.49440883690764 3.45
      vertex 1.3332893009411935 209.49440883690764 0
    endloop
  endfacet
  facet normal -0.47139673682600103 0.8819212643483533 1.1072796354550207e-18
    outer loop
      vertex 1.3332893009411935 209.49440883690764 0
      vertex 1.8519497029047307 209.77163859753387 3.45
      vertex 1.8519497029047307 209.77163859753387 0
    endloop
  endfacet
  facet normal -0.2902846772544517 0.9569403357322123 -2.7155042342419034e-19
    outer loop
      vertex 1.8519497029047307 209.77163859753387 0
      vertex 2.414729033951615 209.9423558412097 3.45
      vertex 2.414729033951615 209.9423558412097 0
    endloop
  endfacet
  facet normal -0.0980171403295637 0.9951847266721967 -1.2159974043678743e-18
    outer loop
      vertex 2.414729033951615 209.9423558412097 0
      vertex 3 210 3.45
      vertex 3 210 0
    endloop
  endfacet
  facet normal 0 0 -1
    outer loop
      vertex 8.786541433832 160.5278181408039 0
      vertex 145 0 0
      vertex 9.040668714406038 160.052379439004 0
    endloop
  endfacet
  facet normal 0 0 -1
    outer loop
      vertex 8.786541433832 160.5278181408039 0
      vertex 8.444543648263005 160.944543648263 0
      vertex 145 0 0
    endloop
  endfacet
  facet normal 0 0 -1
    outer loop
      vertex 9.197159521108883 158.46350161445565 0
      vertex 9.25 159 0
      vertex 145 0 0
    endloop
  endfacet
  facet normal 0 0 -1
    outer loop
      vertex 9.197159521108883 159.53649838554435 0
      vertex 145 0 0
      vertex 9.25 159 0
    endloop
  endfacet
  facet normal 0 0 -1
    outer loop
      vertex 9.197159521108883 159.53649838554435 0
      vertex 9.040668714406038 160.052379439004 0
      vertex 145 0 0
    endloop
  endfacet
  facet normal 0 0 -1
    outer loop
      vertex 8.444543648263005 160.944543648263 0
      vertex 4.972181859196094 175.71345856616801 0
      vertex 145 0 0
    endloop
  endfacet
  facet normal 0 0 -1
    outer loop
      vertex 5.447620560996003 175.45933128559398 0
      vertex 145 0 0
      vertex 4.972181859196094 175.71345856616801 0
    endloop
  endfacet
  facet normal 0 0 -1
    outer loop
      vertex 5.447620560996003 175.45933128559398 0
      vertex 5.963501614455647 175.3028404788911 0
      vertex 145 0 0
    endloop
  endfacet
  facet normal 0 0 -1
    outer loop
      vertex 5.963501614455647 175.3028404788911 0
      vertex 6.5 175.25 0
      vertex 145 0 0
    endloop
  endfacet
  facet normal 0 0 -1
    outer loop
      vertex 6.5 175.25 0
      vertex 7.036498385544353 175.3028404788911 0
      vertex 145 0 0
    endloop
  endfacet
  facet normal 0 0 -1
    outer loop
      vertex 7.036498385544353 175.3028404788911 0
      vertex 7.552379439003997 175.45933128559398 0
      vertex 145 0 0
    endloop
  endfacet
  facet normal 0 0 -1
    outer loop
      vertex 7.552379439003997 175.45933128559398 0
      vertex 8.027818140803905 175.71345856616801 0
      vertex 145 0 0
    endloop
  endfacet
  facet normal 0 0 -1
    outer loop
      vertex 8.027818140803905 175.71345856616801 0
      vertex 8.444543648263005 176.055456351737 0
      vertex 145 0 0
    endloop
  endfacet
  facet normal 0 0 -1
    outer loop
      vertex 8.444543648263005 176.055456351737 0
      vertex 8.786541433832 176.4721818591961 0
      vertex 145 0 0
    endloop
  endfacet
  facet normal 0 0 -1
    outer loop
      vertex 8.786541433832 176.4721818591961 0
      vertex 9.040668714406038 176.947620560996 0
      vertex 145 0 0
    endloop
  endfacet
  facet normal 0 0 -1
    outer loop
      vertex 8.786541433832 179.5278181408039 0
      vertex 145 0 0
      vertex 9.040668714406038 179.052379439004 0
    endloop
  endfacet
  facet normal 0 0 -1
    outer loop
      vertex 9.040668714406038 176.947620560996 0
      vertex 9.197159521108883 177.46350161445565 0
      vertex 145 0 0
    endloop
  endfacet
  facet normal 0 0 -1
    outer loop
      vertex 9.197159521108883 177.46350161445565 0
      vertex 9.25 178 0
      vertex 145 0 0
    endloop
  endfacet
  facet normal 0 0 -1
    outer loop
      vertex 9.197159521108883 178.53649838554435 0
      vertex 145 0 0
      vertex 9.25 178 0
    endloop
  endfacet
  facet normal 0 0 -1
    outer loop
      vertex 9.197159521108883 178.53649838554435 0
      vertex 9.040668714406038 179.052379439004 0
      vertex 145 0 0
    endloop
  endfacet
  facet normal 0 0 -1
    outer loop
      vertex 8.786541433832 179.5278181408039 0
      vertex 3 210 0
      vertex 145 0 0
    endloop
  endfacet
  facet normal 0 0 1
    outer loop
      vertex 3 0 3.45
      vertex 3.75 159 3.45
      vertex 3.8028404788911163 177.46350161445565 3.45
    endloop
  endfacet
  facet normal 0 0 1
    outer loop
      vertex 4.213458566168001 71.5278181408039 3.45
      vertex 4.213458566168001 138.4721818591961 3.45
      vertex 3.9593312855939615 138.947620560996 3.45
    endloop
  endfacet
  facet normal 0 0 1
    outer loop
      vertex 4.555456351736995 71.94454364826301 3.45
      vertex 4.555456351736995 138.055456351737 3.45
      vertex 4.213458566168001 138.4721818591961 3.45
    endloop
  endfacet
  facet normal 0 0 1
    outer loop
      vertex 3.8028404788911163 70.53649838554435 3.45
      vertex 3.8028404788911163 139.46350161445565 3.45
      vertex 3.75 140 3.45
    endloop
  endfacet
  facet normal 0 0 1
    outer loop
      vertex 3.9593312855939615 71.052379439004 3.45
      vertex 3.9593312855939615 138.947620560996 3.45
      vertex 3.8028404788911163 139.46350161445565 3.45
    endloop
  endfacet
  facet normal 0 0 1
    outer loop
      vertex 4.972181859196094 72.286541433832 3.45
      vertex 4.972181859196094 137.71345856616801 3.45
      vertex 4.555456351736995 138.055456351737 3.45
    endloop
  endfacet
  facet normal 0 0 1
    outer loop
      vertex 5.447620560996003 72.54066871440604 3.45
      vertex 5.447620560996003 137.45933128559398 3.45
      vertex 4.972181859196094 137.71345856616801 3.45
    endloop
  endfacet
  facet normal 0 0 1
    outer loop
      vertex 5.963501614455647 72.69715952110889 3.45
      vertex 5.963501614455647 137.3028404788911 3.45
      vertex 5.447620560996003 137.45933128559398 3.45
    endloop
  endfacet
  facet normal 0 0 1
    outer loop
      vertex 6.5 72.75 3.45
      vertex 6.5 137.25 3.45
      vertex 5.963501614455647 137.3028404788911 3.45
    endloop
  endfacet
  facet normal 0 0 1
    outer loop
      vertex 6.5 72.75 3.45
      vertex 7.036498385544353 137.3028404788911 3.45
      vertex 6.5 137.25 3.45
    endloop
  endfacet
  facet normal 0 0 1
    outer loop
      vertex 6.5 72.75 3.45
      vertex 7.552379439003997 137.45933128559398 3.45
      vertex 7.036498385544353 137.3028404788911 3.45
    endloop
  endfacet
  facet normal 0 0 1
    outer loop
      vertex 6.5 72.75 3.45
      vertex 8.027818140803905 137.71345856616801 3.45
      vertex 7.552379439003997 137.45933128559398 3.45
    endloop
  endfacet
  facet normal 0 0 1
    outer loop
      vertex 6.5 72.75 3.45
      vertex 8.444543648263005 138.055456351737 3.45
      vertex 8.027818140803905 137.71345856616801 3.45
    endloop
  endfacet
  facet normal 0 0 1
    outer loop
      vertex 6.5 72.75 3.45
      vertex 8.786541433832 138.4721818591961 3.45
      vertex 8.444543648263005 138.055456351737 3.45
    endloop
  endfacet
  facet normal 0 0 1
    outer loop
      vertex 6.5 72.75 3.45
      vertex 9.040668714406038 138.947620560996 3.45
      vertex 8.786541433832 138.4721818591961 3.45
    endloop
  endfacet
  facet normal 0 0 1
    outer loop
      vertex 6.5 72.75 3.45
      vertex 9.197159521108883 139.46350161445565 3.45
      vertex 9.040668714406038 138.947620560996 3.45
    endloop
  endfacet
  facet normal 0 0 1
    outer loop
      vertex 9.25 70 3.45
      vertex 9.25 140 3.45
      vertex 9.197159521108883 139.46350161445565 3.45
    endloop
  endfacet
  facet normal 0 0 1
    outer loop
      vertex 3 0 3.45
      vertex 3.8028404788911163 177.46350161445565 3.45
      vertex 3.75 178 3.45
    endloop
  endfacet
  facet normal 0 0 1
    outer loop
      vertex 3 0 3.45
      vertex 3.75 178 3.45
      vertex 3 210 3.45
    endloop
  endfacet
  facet normal 0 0 1
    outer loop
      vertex 9.25 51 3.45
      vertex 10.264960020634511 208.42919783337632 3.45
      vertex 9.25 70 3.45
    endloop
  endfacet
  facet normal 0 0 1
    outer loop
      vertex 0.05764415879030871 2.414729033951615 3.45
      vertex 0.05764415879030871 207.5852709660484 3.45
      vertex 0 207 3.45
    endloop
  endfacet
  facet normal 0 0 1
    outer loop
      vertex 0.22836140246614 1.8519497029047307 3.45
      vertex 0.22836140246614 208.14805029709527 3.45
      vertex 0.05764415879030871 207.5852709660484 3.45
    endloop
  endfacet
  facet normal 0 0 1
    outer loop
      vertex 0.5055911630923644 1.3332893009411935 3.45
      vertex 0.5055911630923644 208.6667106990588 3.45
      vertex 0.22836140246614 208.14805029709527 3.45
    endloop
  endfacet
  facet normal 0 0 1
    outer loop
      vertex 0.8786796564403572 0.8786796564403572 3.45
      vertex 0.8786796564403572 209.12132034355963 3.45
      vertex 0.5055911630923644 208.6667106990588 3.45
    endloop
  endfacet
  facet normal 0 0 1
    outer loop
      vertex 1.3332893009411935 0.5055911630923644 3.45
      vertex 1.3332893009411935 209.49440883690764 3.45
      vertex 0.8786796564403572 209.12132034355963 3.45
    endloop
  endfacet
  facet normal 0 0 1
    outer loop
      vertex 1.8519497029047307 0.22836140246614 3.45
      vertex 1.8519497029047307 209.77163859753387 3.45
      vertex 1.3332893009411935 209.49440883690764 3.45
    endloop
  endfacet
  facet normal 0 0 1
    outer loop
      vertex 2.414729033951615 0.05764415879030871 3.45
      vertex 2.414729033951615 209.9423558412097 3.45
      vertex 1.8519497029047307 209.77163859753387 3.45
    endloop
  endfacet
  facet normal 0 0 1
    outer loop
      vertex 3 0 3.45
      vertex 3 210 3.45
      vertex 2.414729033951615 209.9423558412097 3.45
    endloop
  endfacet
  facet normal 0 0 1
    outer loop
      vertex 3.75 140 3.45
      vertex 3.8028404788911163 140.53649838554435 3.45
      vertex 3.75 159 3.45
    endloop
  endfacet
  facet normal 0 0 1
    outer loop
      vertex 3.8028404788911163 140.53649838554435 3.45
      vertex 3.9593312855939615 141.052379439004 3.45
      vertex 3.8028404788911163 158.46350161445565 3.45
    endloop
  endfacet
  facet normal 0 0 1
    outer loop
      vertex 3.9593312855939615 141.052379439004 3.45
      vertex 4.213458566168001 141.5278181408039 3.45
      vertex 3.9593312855939615 157.947620560996 3.45
    endloop
  endfacet
  facet normal 0 0 1
    outer loop
      vertex 4.213458566168001 141.5278181408039 3.45
      vertex 4.555456351736995 141.944543648263 3.45
      vertex 4.213458566168001 157.4721818591961 3.45
    endloop
  endfacet
  facet normal 0 0 1
    outer loop
      vertex 3.9593312855939615 141.052379439004 3.45
      vertex 3.9593312855939615 157.947620560996 3.45
      vertex 3.8028404788911163 158.46350161445565 3.45
    endloop
  endfacet
  facet normal 0 0 1
    outer loop
      vertex 4.213458566168001 141.5278181408039 3.45
      vertex 4.213458566168001 157.4721818591961 3.45
      vertex 3.9593312855939615 157.947620560996 3.45
    endloop
  endfacet
  facet normal 0 0 1
    outer loop
      vertex 4.555456351736995 141.944543648263 3.45
      vertex 4.555456351736995 157.055456351737 3.45
      vertex 4.213458566168001 157.4721818591961 3.45
    endloop
  endfacet
  facet normal 0 0 1
    outer loop
      vertex 3.8028404788911163 140.53649838554435 3.45
      vertex 3.8028404788911163 158.46350161445565 3.45
      vertex 3.75 159 3.45
    endloop
  endfacet
  facet normal 0 0 1
    outer loop
      vertex 4.555456351736995 141.944543648263 3.45
      vertex 4.972181859196094 142.28654143383199 3.45
      vertex 4.555456351736995 157.055456351737 3.45
    endloop
  endfacet
  facet normal 0 0 1
    outer loop
      vertex 4.972181859196094 142.28654143383199 3.45
      vertex 5.447620560996003 142.54066871440602 3.45
      vertex 4.972181859196094 156.71345856616801 3.45
    endloop
  endfacet
  facet normal 0 0 1
    outer loop
      vertex 5.447620560996003 142.54066871440602 3.45
      vertex 5.963501614455647 142.6971595211089 3.45
      vertex 5.447620560996003 156.45933128559398 3.45
    endloop
  endfacet
  facet normal 0 0 1
    outer loop
      vertex 5.963501614455647 142.6971595211089 3.45
      vertex 6.5 142.75 3.45
      vertex 5.963501614455647 156.3028404788911 3.45
    endloop
  endfacet
  facet normal 0 0 1
    outer loop
      vertex 6.5 142.75 3.45
      vertex 7.036498385544353 142.6971595211089 3.45
      vertex 6.5 156.25 3.45
    endloop
  endfacet
  facet normal 0 0 1
    outer loop
      vertex 7.036498385544353 142.6971595211089 3.45
      vertex 7.552379439003997 142.54066871440602 3.45
      vertex 7.036498385544353 156.3028404788911 3.45
    endloop
  endfacet
  facet normal 0 0 1
    outer loop
      vertex 7.552379439003997 142.54066871440602 3.45
      vertex 8.027818140803905 142.28654143383199 3.45
      vertex 7.552379439003997 156.45933128559398 3.45
    endloop
  endfacet
  facet normal 0 0 1
    outer loop
      vertex 8.027818140803905 142.28654143383199 3.45
      vertex 8.444543648263005 141.944543648263 3.45
      vertex 8.027818140803905 156.71345856616801 3.45
    endloop
  endfacet
  facet normal 0 0 1
    outer loop
      vertex 8.444543648263005 141.944543648263 3.45
      vertex 8.786541433832 141.5278181408039 3.45
      vertex 8.444543648263005 157.055456351737 3.45
    endloop
  endfacet
  facet normal 0 0 1
    outer loop
      vertex 9.040668714406038 141.052379439004 3.45
      vertex 8.786541433832 157.4721818591961 3.45
      vertex 8.786541433832 141.5278181408039 3.45
    endloop
  endfacet
  facet normal 0 0 1
    outer loop
      vertex 9.197159521108883 140.53649838554435 3.45
      vertex 9.25 140 3.45
      vertex 9.197159521108883 158.46350161445565 3.45
    endloop
  endfacet
  facet normal 0 0 1
    outer loop
      vertex 9.197159521108883 140.53649838554435 3.45
      vertex 9.040668714406038 157.947620560996 3.45
      vertex 9.040668714406038 141.052379439004 3.45
    endloop
  endfacet
  facet normal 0 0 1
    outer loop
      vertex 4.972181859196094 142.28654143383199 3.45
      vertex 4.972181859196094 156.71345856616801 3.45
      vertex 4.555456351736995 157.055456351737 3.45
    endloop
  endfacet
  facet normal 0 0 1
    outer loop
      vertex 5.447620560996003 142.54066871440602 3.45
      vertex 5.447620560996003 156.45933128559398 3.45
      vertex 4.972181859196094 156.71345856616801 3.45
    endloop
  endfacet
  facet normal 0 0 1
    outer loop
      vertex 5.963501614455647 142.6971595211089 3.45
      vertex 5.963501614455647 156.3028404788911 3.45
      vertex 5.447620560996003 156.45933128559398 3.45
    endloop
  endfacet
  facet normal 0 0 1
    outer loop
      vertex 6.5 142.75 3.45
      vertex 6.5 156.25 3.45
      vertex 5.963501614455647 156.3028404788911 3.45
    endloop
  endfacet
  facet normal 0 0 1
    outer loop
      vertex 7.036498385544353 142.6971595211089 3.45
      vertex 7.036498385544353 156.3028404788911 3.45
      vertex 6.5 156.25 3.45
    endloop
  endfacet
  facet normal 0 0 1
    outer loop
      vertex 7.552379439003997 142.54066871440602 3.45
      vertex 7.552379439003997 156.45933128559398 3.45
      vertex 7.036498385544353 156.3028404788911 3.45
    endloop
  endfacet
  facet normal 0 0 1
    outer loop
      vertex 8.027818140803905 142.28654143383199 3.45
      vertex 8.027818140803905 156.71345856616801 3.45
      vertex 7.552379439003997 156.45933128559398 3.45
    endloop
  endfacet
  facet normal 0 0 1
    outer loop
      vertex 8.444543648263005 141.944543648263 3.45
      vertex 8.444543648263005 157.055456351737 3.45
      vertex 8.027818140803905 156.71345856616801 3.45
    endloop
  endfacet
  facet normal 0 0 1
    outer loop
      vertex 8.786541433832 141.5278181408039 3.45
      vertex 8.786541433832 157.4721818591961 3.45
      vertex 8.444543648263005 157.055456351737 3.45
    endloop
  endfacet
  facet normal 0 0 1
    outer loop
      vertex 9.040668714406038 141.052379439004 3.45
      vertex 9.040668714406038 157.947620560996 3.45
      vertex 8.786541433832 157.4721818591961 3.45
    endloop
  endfacet
  facet normal 0 0 1
    outer loop
      vertex 9.197159521108883 140.53649838554435 3.45
      vertex 9.197159521108883 158.46350161445565 3.45
      vertex 9.040668714406038 157.947620560996 3.45
    endloop
  endfacet
  facet normal 0 0 1
    outer loop
      vertex 9.25 140 3.45
      vertex 9.25 159 3.45
      vertex 9.197159521108883 158.46350161445565 3.45
    endloop
  endfacet
  facet normal 0 0 1
    outer loop
      vertex 9.25 70 3.45
      vertex 10.264960020634511 208.42919783337632 3.45
      vertex 9.25 140 3.45
    endloop
  endfacet
  facet normal -0.995184726672197 0.09801714032955847 0
    outer loop
      vertex 0 207 0
      vertex 0 207 3.45
      vertex 0.05764415879030871 207.5852709660484 3.45
    endloop
  endfacet
  facet normal -0.9569403357322066 0.29028467725447005 0
    outer loop
      vertex 0.05764415879030871 207.5852709660484 0
      vertex 0.05764415879030871 207.5852709660484 3.45
      vertex 0.22836140246614 208.14805029709527 3.45
    endloop
  endfacet
  facet normal -0.8819212643483523 0.4713967368260029 0
    outer loop
      vertex 0.22836140246614 208.14805029709527 0
      vertex 0.22836140246614 208.14805029709527 3.45
      vertex 0.5055911630923644 208.6667106990588 3.45
    endloop
  endfacet
  facet normal -0.7730104533627364 0.6343932841636463 0
    outer loop
      vertex 0.5055911630923644 208.6667106990588 0
      vertex 0.5055911630923644 208.6667106990588 3.45
      vertex 0.8786796564403572 209.12132034355963 3.45
    endloop
  endfacet
  facet normal -0.6343932841636593 0.7730104533627257 0
    outer loop
      vertex 0.8786796564403572 209.12132034355963 0
      vertex 0.8786796564403572 209.12132034355963 3.45
      vertex 1.3332893009411935 209.49440883690764 3.45
    endloop
  endfacet
  facet normal -0.47139673682600103 0.8819212643483533 0
    outer loop
      vertex 1.3332893009411935 209.49440883690764 0
      vertex 1.3332893009411935 209.49440883690764 3.45
      vertex 1.8519497029047307 209.77163859753387 3.45
    endloop
  endfacet
  facet normal -0.2902846772544517 0.9569403357322123 0
    outer loop
      vertex 1.8519497029047307 209.77163859753387 0
      vertex 1.8519497029047307 209.77163859753387 3.45
      vertex 2.414729033951615 209.9423558412097 3.45
    endloop
  endfacet
  facet normal -0.0980171403295637 0.9951847266721967 0
    outer loop
      vertex 2.414729033951615 209.9423558412097 0
      vertex 2.414729033951615 209.9423558412097 3.45
      vertex 3 210 3.45
    endloop
  endfacet
  facet normal 0 0 1
    outer loop
      vertex 3.75 159 3.45
      vertex 3.8028404788911163 159.53649838554435 3.45
      vertex 3.8028404788911163 177.46350161445565 3.45
    endloop
  endfacet
  facet normal 0 0 1
    outer loop
      vertex 3.8028404788911163 159.53649838554435 3.45
      vertex 3.9593312855939615 160.052379439004 3.45
      vertex 3.8028404788911163 177.46350161445565 3.45
    endloop
  endfacet
  facet normal 0 0 1
    outer loop
      vertex 3.9593312855939615 160.052379439004 3.45
      vertex 4.213458566168001 160.5278181408039 3.45
      vertex 3.9593312855939615 176.947620560996 3.45
    endloop
  endfacet
  facet normal 0 0 1
    outer loop
      vertex 4.213458566168001 160.5278181408039 3.45
      vertex 4.555456351736995 160.944543648263 3.45
      vertex 4.213458566168001 176.4721818591961 3.45
    endloop
  endfacet
  facet normal 0 0 1
    outer loop
      vertex 4.555456351736995 160.944543648263 3.45
      vertex 4.972181859196094 161.28654143383199 3.45
      vertex 4.555456351736995 176.055456351737 3.45
    endloop
  endfacet
  facet normal 0 0 1
    outer loop
      vertex 4.972181859196094 161.28654143383199 3.45
      vertex 5.447620560996003 161.54066871440602 3.45
      vertex 4.972181859196094 175.71345856616801 3.45
    endloop
  endfacet
  facet normal 0 0 1
    outer loop
      vertex 5.447620560996003 161.54066871440602 3.45
      vertex 5.963501614455647 161.6971595211089 3.45
      vertex 5.447620560996003 175.45933128559398 3.45
    endloop
  endfacet
  facet normal 0 0 1
    outer loop
      vertex 5.963501614455647 161.6971595211089 3.45
      vertex 6.5 161.75 3.45
      vertex 5.963501614455647 175.3028404788911 3.45
    endloop
  endfacet
  facet normal 0 0 1
    outer loop
      vertex 6.5 161.75 3.45
      vertex 7.036498385544353 161.6971595211089 3.45
      vertex 6.5 175.25 3.45
    endloop
  endfacet
  facet normal 0 0 1
    outer loop
      vertex 7.036498385544353 161.6971595211089 3.45
      vertex 7.552379439003997 161.54066871440602 3.45
      vertex 7.036498385544353 175.3028404788911 3.45
    endloop
  endfacet
  facet normal 0 0 1
    outer loop
      vertex 7.552379439003997 161.54066871440602 3.45
      vertex 8.027818140803905 161.28654143383199 3.45
      vertex 7.552379439003997 175.45933128559398 3.45
    endloop
  endfacet
  facet normal 0 0 1
    outer loop
      vertex 8.786541433832 160.5278181408039 3.45
      vertex 9.040668714406038 160.052379439004 3.45
      vertex 8.786541433832 176.4721818591961 3.45
    endloop
  endfacet
  facet normal 0 0 1
    outer loop
      vertex 9.197159521108883 159.53649838554435 3.45
      vertex 9.040668714406038 176.947620560996 3.45
      vertex 9.040668714406038 160.052379439004 3.45
    endloop
  endfacet
  facet normal 0 0 1
    outer loop
      vertex 9.197159521108883 159.53649838554435 3.45
      vertex 9.25 159 3.45
      vertex 9.197159521108883 177.46350161445565 3.45
    endloop
  endfacet
  facet normal 0 0 1
    outer loop
      vertex 8.027818140803905 161.28654143383199 3.45
      vertex 8.444543648263005 160.944543648263 3.45
      vertex 8.027818140803905 175.71345856616801 3.45
    endloop
  endfacet
  facet normal 0 0 1
    outer loop
      vertex 8.786541433832 160.5278181408039 3.45
      vertex 8.444543648263005 176.055456351737 3.45
      vertex 8.444543648263005 160.944543648263 3.45
    endloop
  endfacet
  facet normal 0 0 1
    outer loop
      vertex 3.9593312855939615 160.052379439004 3.45
      vertex 3.9593312855939615 176.947620560996 3.45
      vertex 3.8028404788911163 177.46350161445565 3.45
    endloop
  endfacet
  facet normal 0 0 1
    outer loop
      vertex 4.213458566168001 160.5278181408039 3.45
      vertex 4.213458566168001 176.4721818591961 3.45
      vertex 3.9593312855939615 176.947620560996 3.45
    endloop
  endfacet
  facet normal 0 0 1
    outer loop
      vertex 4.555456351736995 160.944543648263 3.45
      vertex 4.555456351736995 176.055456351737 3.45
      vertex 4.213458566168001 176.4721818591961 3.45
    endloop
  endfacet
  facet normal 0 0 1
    outer loop
      vertex 4.972181859196094 161.28654143383199 3.45
      vertex 4.972181859196094 175.71345856616801 3.45
      vertex 4.555456351736995 176.055456351737 3.45
    endloop
  endfacet
  facet normal 0 0 1
    outer loop
      vertex 5.447620560996003 161.54066871440602 3.45
      vertex 5.447620560996003 175.45933128559398 3.45
      vertex 4.972181859196094 175.71345856616801 3.45
    endloop
  endfacet
  facet normal 0 0 1
    outer loop
      vertex 5.963501614455647 161.6971595211089 3.45
      vertex 5.963501614455647 175.3028404788911 3.45
      vertex 5.447620560996003 175.45933128559398 3.45
    endloop
  endfacet
  facet normal 0 0 1
    outer loop
      vertex 6.5 161.75 3.45
      vertex 6.5 175.25 3.45
      vertex 5.963501614455647 175.3028404788911 3.45
    endloop
  endfacet
  facet normal 0 0 1
    outer loop
      vertex 7.036498385544353 161.6971595211089 3.45
      vertex 7.036498385544353 175.3028404788911 3.45
      vertex 6.5 175.25 3.45
    endloop
  endfacet
  facet normal 0 0 1
    outer loop
      vertex 7.552379439003997 161.54066871440602 3.45
      vertex 7.552379439003997 175.45933128559398 3.45
      vertex 7.036498385544353 175.3028404788911 3.45
    endloop
  endfacet
  facet normal 0 0 1
    outer loop
      vertex 8.027818140803905 161.28654143383199 3.45
      vertex 8.027818140803905 175.71345856616801 3.45
      vertex 7.552379439003997 175.45933128559398 3.45
    endloop
  endfacet
  facet normal 0 0 1
    outer loop
      vertex 8.444543648263005 160.944543648263 3.45
      vertex 8.444543648263005 176.055456351737 3.45
      vertex 8.027818140803905 175.71345856616801 3.45
    endloop
  endfacet
  facet normal 0 0 1
    outer loop
      vertex 8.786541433832 160.5278181408039 3.45
      vertex 8.786541433832 176.4721818591961 3.45
      vertex 8.444543648263005 176.055456351737 3.45
    endloop
  endfacet
  facet normal 0 0 1
    outer loop
      vertex 9.040668714406038 160.052379439004 3.45
      vertex 9.040668714406038 176.947620560996 3.45
      vertex 8.786541433832 176.4721818591961 3.45
    endloop
  endfacet
  facet normal 0 0 1
    outer loop
      vertex 9.197159521108883 159.53649838554435 3.45
      vertex 9.197159521108883 177.46350161445565 3.45
      vertex 9.040668714406038 176.947620560996 3.45
    endloop
  endfacet
  facet normal 0 0 1
    outer loop
      vertex 9.197159521108883 177.46350161445565 3.45
      vertex 9.25 159 3.45
      vertex 9.25 178 3.45
    endloop
  endfacet
  facet normal 0 0 1
    outer loop
      vertex 9.25 140 3.45
      vertex 10.264960020634511 208.42919783337632 3.45
      vertex 9.25 159 3.45
    endloop
  endfacet
  facet normal 0 0 1
    outer loop
      vertex 9.25 159 3.45
      vertex 10.264960020634511 208.42919783337632 3.45
      vertex 9.25 178 3.45
    endloop
  endfacet
  facet normal 0 0 1
    outer loop
      vertex 3.75 178 3.45
      vertex 3.8028404788911163 178.53649838554435 3.45
      vertex 3 210 3.45
    endloop
  endfacet
  facet normal 0 0 1
    outer loop
      vertex 3.8028404788911163 178.53649838554435 3.45
      vertex 3.9593312855939615 179.052379439004 3.45
      vertex 3 210 3.45
    endloop
  endfacet
  facet normal 0 0 1
    outer loop
      vertex 3.9593312855939615 179.052379439004 3.45
      vertex 4.213458566168001 179.5278181408039 3.45
      vertex 3 210 3.45
    endloop
  endfacet
  facet normal 0 0 1
    outer loop
      vertex 4.213458566168001 179.5278181408039 3.45
      vertex 4.555456351736995 179.944543648263 3.45
      vertex 3 210 3.45
    endloop
  endfacet
  facet normal 0 0 1
    outer loop
      vertex 4.555456351736995 179.944543648263 3.45
      vertex 4.972181859196094 180.28654143383199 3.45
      vertex 3 210 3.45
    endloop
  endfacet
  facet normal 0 0 1
    outer loop
      vertex 4.972181859196094 180.28654143383199 3.45
      vertex 5.447620560996003 180.54066871440602 3.45
      vertex 3 210 3.45
    endloop
  endfacet
  facet normal 0 0 1
    outer loop
      vertex 7.036498385544353 180.6971595211089 3.45
      vertex 7.552379439003997 180.54066871440602 3.45
      vertex 10.264960020634511 208.42919783337632 3.45
    endloop
  endfacet
  facet normal 0 0 1
    outer loop
      vertex 8.027818140803905 180.28654143383199 3.45
      vertex 10.264960020634511 208.42919783337632 3.45
      vertex 7.552379439003997 180.54066871440602 3.45
    endloop
  endfacet
  facet normal 0 0 1
    outer loop
      vertex 8.444543648263005 179.944543648263 3.45
      vertex 8.786541433832 179.5278181408039 3.45
      vertex 10.264960020634511 208.42919783337632 3.45
    endloop
  endfacet
  facet normal 0 0 1
    outer loop
      vertex 8.027818140803905 180.28654143383199 3.45
      vertex 8.444543648263005 179.944543648263 3.45
      vertex 10.264960020634511 208.42919783337632 3.45
    endloop
  endfacet
  facet normal 0 0 1
    outer loop
      vertex 5.447620560996003 180.54066871440602 3.45
      vertex 5.963501614455647 180.6971595211089 3.45
      vertex 3 210 3.45
    endloop
  endfacet
  facet normal 0 0 1
    outer loop
      vertex 5.963501614455647 180.6971595211089 3.45
      vertex 6.5 180.75 3.45
      vertex 3 210 3.45
    endloop
  endfacet
  facet normal 0 0 1
    outer loop
      vertex 6.5 180.75 3.45
      vertex 7.036498385544353 180.6971595211089 3.45
      vertex 3 210 3.45
    endloop
  endfacet
  facet normal 0 0 1
    outer loop
      vertex 7.036498385544353 180.6971595211089 3.45
      vertex 10.264960020634511 208.42919783337632 3.45
      vertex 3 210 3.45
    endloop
  endfacet
  facet normal 0 0 1
    outer loop
      vertex 9.197159521108883 178.53649838554435 3.45
      vertex 9.25 178 3.45
      vertex 10.264960020634511 208.42919783337632 3.45
    endloop
  endfacet
  facet normal 0 0 1
    outer loop
      vertex 8.786541433832 179.5278181408039 3.45
      vertex 9.040668714406038 179.052379439004 3.45
      vertex 10.264960020634511 208.42919783337632 3.45
    endloop
  endfacet
  facet normal 0 0 1
    outer loop
      vertex 9.197159521108883 178.53649838554435 3.45
      vertex 10.264960020634511 208.42919783337632 3.45
      vertex 9.040668714406038 179.052379439004 3.45
    endloop
  endfacet
  facet normal 0 1 0
    outer loop
      vertex 3 210 0
      vertex 3 210 3.45
      vertex 145 210 3.45
    endloop
  endfacet
  facet normal 0 0 1
    outer loop
      vertex 3 210 3.45
      vertex 10.264960020634511 208.42919783337632 3.45
      vertex 145 210 3.45
    endloop
  endfacet
  facet normal 0 0 1
    outer loop
      vertex 10.264960020634511 208.42919783337632 3.45
      vertex 12.25 208 3.45
      vertex 145 210 3.45
    endloop
  endfacet
  facet normal 0.09801714032955847 -0.995184726672197 0
    outer loop
      vertex 145 0 0
      vertex 145.5852709660484 0.05764415879030871 0
      vertex 145 0 3.45
    endloop
  endfacet
  facet normal 0.29028467725447005 -0.9569403357322066 0
    outer loop
      vertex 145.5852709660484 0.05764415879030871 0
      vertex 146.14805029709527 0.22836140246614 0
      vertex 145.5852709660484 0.05764415879030871 3.45
    endloop
  endfacet
  facet normal 0.4713967368260029 -0.8819212643483523 0
    outer loop
      vertex 146.14805029709527 0.22836140246614 0
      vertex 146.6667106990588 0.5055911630923644 0
      vertex 146.14805029709527 0.22836140246614 3.45
    endloop
  endfacet
  facet normal 0.6343932841636463 -0.7730104533627364 0
    outer loop
      vertex 146.6667106990588 0.5055911630923644 0
      vertex 147.12132034355963 0.8786796564403572 0
      vertex 146.6667106990588 0.5055911630923644 3.45
    endloop
  endfacet
  facet normal 0.7730104533627257 -0.6343932841636593 0
    outer loop
      vertex 147.12132034355963 0.8786796564403572 0
      vertex 147.49440883690764 1.3332893009411935 0
      vertex 147.12132034355963 0.8786796564403572 3.45
    endloop
  endfacet
  facet normal 0.8819212643483533 -0.47139673682600103 0
    outer loop
      vertex 147.49440883690764 1.3332893009411935 0
      vertex 147.77163859753387 1.8519497029047307 0
      vertex 147.49440883690764 1.3332893009411935 3.45
    endloop
  endfacet
  facet normal 0.9569403357322123 -0.2902846772544517 0
    outer loop
      vertex 147.77163859753387 1.8519497029047307 0
      vertex 147.9423558412097 2.414729033951615 0
      vertex 147.77163859753387 1.8519497029047307 3.45
    endloop
  endfacet
  facet normal 0.9951847266721967 -0.0980171403295637 0
    outer loop
      vertex 147.9423558412097 2.414729033951615 0
      vertex 148 3 0
      vertex 147.9423558412097 2.414729033951615 3.45
    endloop
  endfacet
  facet normal 0 0 -1
    outer loop
      vertex 145 0 0
      vertex 145 210 0
      vertex 145.5852709660484 0.05764415879030871 0
    endloop
  endfacet
  facet normal 0 0 -1
    outer loop
      vertex 145.5852709660484 0.05764415879030871 0
      vertex 145.5852709660484 209.9423558412097 0
      vertex 146.14805029709527 0.22836140246614 0
    endloop
  endfacet
  facet normal 0 0 -1
    outer loop
      vertex 146.14805029709527 0.22836140246614 0
      vertex 146.14805029709527 209.77163859753387 0
      vertex 146.6667106990588 0.5055911630923644 0
    endloop
  endfacet
  facet normal 0 0 -1
    outer loop
      vertex 146.6667106990588 0.5055911630923644 0
      vertex 146.6667106990588 209.49440883690764 0
      vertex 147.12132034355963 0.8786796564403572 0
    endloop
  endfacet
  facet normal 0 0 -1
    outer loop
      vertex 147.12132034355963 0.8786796564403572 0
      vertex 147.12132034355963 209.12132034355963 0
      vertex 147.49440883690764 1.3332893009411935 0
    endloop
  endfacet
  facet normal 0 0 -1
    outer loop
      vertex 147.49440883690764 1.3332893009411935 0
      vertex 147.49440883690764 208.6667106990588 0
      vertex 147.77163859753387 1.8519497029047307 0
    endloop
  endfacet
  facet normal 0 0 -1
    outer loop
      vertex 147.77163859753387 1.8519497029047307 0
      vertex 147.77163859753387 208.14805029709527 0
      vertex 147.9423558412097 2.414729033951615 0
    endloop
  endfacet
  facet normal 0 0 -1
    outer loop
      vertex 147.9423558412097 2.414729033951615 0
      vertex 147.9423558412097 207.5852709660484 0
      vertex 148 3 0
    endloop
  endfacet
  facet normal 1 0 0
    outer loop
      vertex 148 3 0
      vertex 148 207 0
      vertex 148 3 3.45
    endloop
  endfacet
  facet normal 0 -1 0
    outer loop
      vertex 3 0 3.45
      vertex 145 0 0
      vertex 145 0 3.45
    endloop
  endfacet
  facet normal 0 0 1
    outer loop
      vertex 145 0 3.45
      vertex 145 2 3.45
      vertex 12.25 2 3.45
    endloop
  endfacet
  facet normal 0.09801714032955847 -0.995184726672197 0
    outer loop
      vertex 145.5852709660484 0.05764415879030871 0
      vertex 145.5852709660484 0.05764415879030871 3.45
      vertex 145 0 3.45
    endloop
  endfacet
  facet normal 0.29028467725447005 -0.9569403357322066 0
    outer loop
      vertex 146.14805029709527 0.22836140246614 0
      vertex 146.14805029709527 0.22836140246614 3.45
      vertex 145.5852709660484 0.05764415879030871 3.45
    endloop
  endfacet
  facet normal 0.4713967368260029 -0.8819212643483523 0
    outer loop
      vertex 146.6667106990588 0.5055911630923644 0
      vertex 146.6667106990588 0.5055911630923644 3.45
      vertex 146.14805029709527 0.22836140246614 3.45
    endloop
  endfacet
  facet normal 0.6343932841636463 -0.7730104533627364 0
    outer loop
      vertex 147.12132034355963 0.8786796564403572 0
      vertex 147.12132034355963 0.8786796564403572 3.45
      vertex 146.6667106990588 0.5055911630923644 3.45
    endloop
  endfacet
  facet normal 0.7730104533627257 -0.6343932841636593 0
    outer loop
      vertex 147.49440883690764 1.3332893009411935 0
      vertex 147.49440883690764 1.3332893009411935 3.45
      vertex 147.12132034355963 0.8786796564403572 3.45
    endloop
  endfacet
  facet normal 0.8819212643483533 -0.47139673682600103 0
    outer loop
      vertex 147.77163859753387 1.8519497029047307 0
      vertex 147.77163859753387 1.8519497029047307 3.45
      vertex 147.49440883690764 1.3332893009411935 3.45
    endloop
  endfacet
  facet normal 0.9569403357322123 -0.2902846772544517 0
    outer loop
      vertex 147.9423558412097 2.414729033951615 0
      vertex 147.9423558412097 2.414729033951615 3.45
      vertex 147.77163859753387 1.8519497029047307 3.45
    endloop
  endfacet
  facet normal 0.9951847266721967 -0.0980171403295637 0
    outer loop
      vertex 148 3 0
      vertex 148 3 3.45
      vertex 147.9423558412097 2.414729033951615 3.45
    endloop
  endfacet
  facet normal 0 0 1
    outer loop
      vertex 145 0 3.45
      vertex 145.5852709660484 0.05764415879030871 3.45
      vertex 145 2 3.45
    endloop
  endfacet
  facet normal 0 0 1
    outer loop
      vertex 145.5852709660484 0.05764415879030871 3.45
      vertex 145.19509032201614 2.0192147195967696 3.45
      vertex 145 2 3.45
    endloop
  endfacet
  facet normal 0 0 1
    outer loop
      vertex 145.5852709660484 0.05764415879030871 3.45
      vertex 145.3826834323651 2.076120467488713 3.45
      vertex 145.19509032201614 2.0192147195967696 3.45
    endloop
  endfacet
  facet normal 0 0 1
    outer loop
      vertex 145.5852709660484 0.05764415879030871 3.45
      vertex 145.5555702330196 2.1685303876974547 3.45
      vertex 145.3826834323651 2.076120467488713 3.45
    endloop
  endfacet
  facet normal 0 0 1
    outer loop
      vertex 145.5852709660484 0.05764415879030871 3.45
      vertex 146.14805029709527 0.22836140246614 3.45
      vertex 145.5555702330196 2.1685303876974547 3.45
    endloop
  endfacet
  facet normal 0 0 1
    outer loop
      vertex 145.5555702330196 2.1685303876974547 3.45
      vertex 146.14805029709527 0.22836140246614 3.45
      vertex 145.70710678118655 2.2928932188134525 3.45
    endloop
  endfacet
  facet normal 0 0 1
    outer loop
      vertex 146.14805029709527 0.22836140246614 3.45
      vertex 145.83146961230256 2.444429766980398 3.45
      vertex 145.70710678118655 2.2928932188134525 3.45
    endloop
  endfacet
  facet normal 0 0 1
    outer loop
      vertex 146.14805029709527 0.22836140246614 3.45
      vertex 145.92387953251128 2.6173165676349104 3.45
      vertex 145.83146961230256 2.444429766980398 3.45
    endloop
  endfacet
  facet normal 0 0 1
    outer loop
      vertex 146.14805029709527 0.22836140246614 3.45
      vertex 146 3 3.45
      vertex 145.98078528040324 2.804909677983872 3.45
    endloop
  endfacet
  facet normal 0 0 1
    outer loop
      vertex 146.14805029709527 0.22836140246614 3.45
      vertex 145.98078528040324 2.804909677983872 3.45
      vertex 145.92387953251128 2.6173165676349104 3.45
    endloop
  endfacet
  facet normal 0 0 1
    outer loop
      vertex 146.14805029709527 0.22836140246614 3.45
      vertex 146.00322225816453 7.500305732139732 3.45
      vertex 146 3 3.45
    endloop
  endfacet
  facet normal 0 0 1
    outer loop
      vertex 146 3 3.45
      vertex 146.00322225816453 7.500305732139732 3.45
      vertex 146 7.5 3.45
    endloop
  endfacet
  facet normal 0 0 1
    outer loop
      vertex 146.14805029709527 0.22836140246614 3.45
      vertex 146.0064440785153 12 3.45
      vertex 146.00322225816453 7.500305732139732 3.45
    endloop
  endfacet
  facet normal 0 0 1
    outer loop
      vertex 146 12 3.45
      vertex 146.0064440785153 12 3.45
      vertex 146 18 3.45
    endloop
  endfacet
  facet normal 0 0 1
    outer loop
      vertex 146.14805029709527 0.22836140246614 3.45
      vertex 146.6667106990588 0.5055911630923644 3.45
      vertex 146.14805029709527 209.77163859753387 3.45
    endloop
  endfacet
  facet normal 0 0 1
    outer loop
      vertex 146.6667106990588 0.5055911630923644 3.45
      vertex 147.12132034355963 0.8786796564403572 3.45
      vertex 146.6667106990588 209.49440883690764 3.45
    endloop
  endfacet
  facet normal 0 0 1
    outer loop
      vertex 147.12132034355963 0.8786796564403572 3.45
      vertex 147.49440883690764 1.3332893009411935 3.45
      vertex 147.12132034355963 209.12132034355963 3.45
    endloop
  endfacet
  facet normal 0 0 1
    outer loop
      vertex 147.49440883690764 1.3332893009411935 3.45
      vertex 147.77163859753387 1.8519497029047307 3.45
      vertex 147.49440883690764 208.6667106990588 3.45
    endloop
  endfacet
  facet normal 0 0 1
    outer loop
      vertex 147.77163859753387 1.8519497029047307 3.45
      vertex 147.9423558412097 2.414729033951615 3.45
      vertex 147.77163859753387 208.14805029709527 3.45
    endloop
  endfacet
  facet normal 0 0 1
    outer loop
      vertex 147.9423558412097 2.414729033951615 3.45
      vertex 148 3 3.45
      vertex 147.9423558412097 207.5852709660484 3.45
    endloop
  endfacet
  facet normal 0 0 1
    outer loop
      vertex 146.14805029709527 0.22836140246614 3.45
      vertex 146.14805029709527 209.77163859753387 3.45
      vertex 146.0064440785153 12 3.45
    endloop
  endfacet
  facet normal 0 0 1
    outer loop
      vertex 146.0064440785153 12 3.45
      vertex 146.14805029709527 209.77163859753387 3.45
      vertex 146 18 3.45
    endloop
  endfacet
  facet normal 0 0 1
    outer loop
      vertex 146 18 3.45
      vertex 146.14805029709527 209.77163859753387 3.45
      vertex 146 22.5 3.45
    endloop
  endfacet
  facet normal 0 0 1
    outer loop
      vertex 146 22.5 3.45
      vertex 146.14805029709527 209.77163859753387 3.45
      vertex 146 27 3.45
    endloop
  endfacet
  facet normal 0 0 1
    outer loop
      vertex 146 27 3.45
      vertex 146.14805029709527 209.77163859753387 3.45
      vertex 146 33 3.45
    endloop
  endfacet
  facet normal 0 0 1
    outer loop
      vertex 146 33 3.45
      vertex 146.14805029709527 209.77163859753387 3.45
      vertex 146 37.5 3.45
    endloop
  endfacet
  facet normal 0 0 1
    outer loop
      vertex 146 37.5 3.45
      vertex 146.14805029709527 209.77163859753387 3.45
      vertex 146 42 3.45
    endloop
  endfacet
  facet normal 0 0 1
    outer loop
      vertex 146 42 3.45
      vertex 146.14805029709527 209.77163859753387 3.45
      vertex 146 48 3.45
    endloop
  endfacet
  facet normal 0 0 1
    outer loop
      vertex 146 48 3.45
      vertex 146.14805029709527 209.77163859753387 3.45
      vertex 146 52.5 3.45
    endloop
  endfacet
  facet normal 0 0 -1
    outer loop
      vertex 3 210 0
      vertex 145 210 0
      vertex 145 0 0
    endloop
  endfacet
  facet normal 0 1 0
    outer loop
      vertex 3 210 0
      vertex 145 210 3.45
      vertex 145 210 0
    endloop
  endfacet
  facet normal 0 0 -1
    outer loop
      vertex 145.5852709660484 0.05764415879030871 0
      vertex 145 210 0
      vertex 145.5852709660484 209.9423558412097 0
    endloop
  endfacet
  facet normal 0 0 -1
    outer loop
      vertex 146.14805029709527 0.22836140246614 0
      vertex 145.5852709660484 209.9423558412097 0
      vertex 146.14805029709527 209.77163859753387 0
    endloop
  endfacet
  facet normal 0 0 -1
    outer loop
      vertex 146.6667106990588 0.5055911630923644 0
      vertex 146.14805029709527 209.77163859753387 0
      vertex 146.6667106990588 209.49440883690764 0
    endloop
  endfacet
  facet normal 0 0 -1
    outer loop
      vertex 148 3 0
      vertex 147.9423558412097 207.5852709660484 0
      vertex 148 207 0
    endloop
  endfacet
  facet normal 0 0 -1
    outer loop
      vertex 147.9423558412097 2.414729033951615 0
      vertex 147.77163859753387 208.14805029709527 0
      vertex 147.9423558412097 207.5852709660484 0
    endloop
  endfacet
  facet normal 0 0 -1
    outer loop
      vertex 147.12132034355963 0.8786796564403572 0
      vertex 146.6667106990588 209.49440883690764 0
      vertex 147.12132034355963 209.12132034355963 0
    endloop
  endfacet
  facet normal 0 0 -1
    outer loop
      vertex 147.49440883690764 1.3332893009411935 0
      vertex 147.12132034355963 209.12132034355963 0
      vertex 147.49440883690764 208.6667106990588 0
    endloop
  endfacet
  facet normal 0 0 -1
    outer loop
      vertex 147.77163859753387 1.8519497029047307 0
      vertex 147.49440883690764 208.6667106990588 0
      vertex 147.77163859753387 208.14805029709527 0
    endloop
  endfacet
  facet normal 0.09801714032956148 0.9951847266721968 -1.0985630032173365e-18
    outer loop
      vertex 145 210 0
      vertex 145.5852709660484 209.9423558412097 3.45
      vertex 145.5852709660484 209.9423558412097 0
    endloop
  endfacet
  facet normal 0.290284677254459 0.9569403357322099 1.662184415340189e-18
    outer loop
      vertex 145.5852709660484 209.9423558412097 0
      vertex 146.14805029709527 209.77163859753387 3.45
      vertex 146.14805029709527 209.77163859753387 0
    endloop
  endfacet
  facet normal 0.4713967368260064 0.8819212643483504 4.45346505891283e-18
    outer loop
      vertex 146.14805029709527 209.77163859753387 0
      vertex 146.6667106990588 209.49440883690764 3.45
      vertex 146.6667106990588 209.49440883690764 0
    endloop
  endfacet
  facet normal 0.9951847266721968 0.09801714032956148 0
    outer loop
      vertex 148 207 0
      vertex 147.9423558412097 207.5852709660484 0
      vertex 148 207 3.45
    endloop
  endfacet
  facet normal 0.8819212643483504 0.4713967368260064 0
    outer loop
      vertex 147.77163859753387 208.14805029709527 0
      vertex 147.49440883690764 208.6667106990588 0
      vertex 147.77163859753387 208.14805029709527 3.45
    endloop
  endfacet
  facet normal 0.9569403357322099 0.290284677254459 0
    outer loop
      vertex 147.9423558412097 207.5852709660484 0
      vertex 147.77163859753387 208.14805029709527 0
      vertex 147.9423558412097 207.5852709660484 3.45
    endloop
  endfacet
  facet normal 0.7730104533627246 0.6343932841636607 -4.03861906791908e-18
    outer loop
      vertex 147.12132034355963 209.12132034355963 0
      vertex 147.49440883690764 208.6667106990588 3.45
      vertex 147.49440883690764 208.6667106990588 0
    endloop
  endfacet
  facet normal 0.6343932841636607 0.7730104533627246 -4.03861906791908e-18
    outer loop
      vertex 146.6667106990588 209.49440883690764 0
      vertex 147.12132034355963 209.12132034355963 3.45
      vertex 147.12132034355963 209.12132034355963 0
    endloop
  endfacet
  facet normal 0 0 1
    outer loop
      vertex 145 208 3.45
      vertex 145 210 3.45
      vertex 12.25 208 3.45
    endloop
  endfacet
  facet normal 1 0 0
    outer loop
      vertex 148 3 3.45
      vertex 148 207 0
      vertex 148 207 3.45
    endloop
  endfacet
  facet normal 0 0 1
    outer loop
      vertex 146 52.5 3.45
      vertex 146.14805029709527 209.77163859753387 3.45
      vertex 146 57 3.45
    endloop
  endfacet
  facet normal 0 0 1
    outer loop
      vertex 146 57 3.45
      vertex 146.14805029709527 209.77163859753387 3.45
      vertex 146 63 3.45
    endloop
  endfacet
  facet normal 0 0 1
    outer loop
      vertex 146 63 3.45
      vertex 146.14805029709527 209.77163859753387 3.45
      vertex 146 67.5 3.45
    endloop
  endfacet
  facet normal 0 0 1
    outer loop
      vertex 146 67.5 3.45
      vertex 146.14805029709527 209.77163859753387 3.45
      vertex 146 72 3.45
    endloop
  endfacet
  facet normal 0 0 1
    outer loop
      vertex 146 72 3.45
      vertex 146.14805029709527 209.77163859753387 3.45
      vertex 146 78 3.45
    endloop
  endfacet
  facet normal 0 0 1
    outer loop
      vertex 146 78 3.45
      vertex 146.14805029709527 209.77163859753387 3.45
      vertex 146 82.5 3.45
    endloop
  endfacet
  facet normal 0 0 1
    outer loop
      vertex 146 82.5 3.45
      vertex 146.14805029709527 209.77163859753387 3.45
      vertex 146 87 3.45
    endloop
  endfacet
  facet normal 0 0 1
    outer loop
      vertex 146 87 3.45
      vertex 146.14805029709527 209.77163859753387 3.45
      vertex 146 93 3.45
    endloop
  endfacet
  facet normal 0 0 1
    outer loop
      vertex 146 93 3.45
      vertex 146.14805029709527 209.77163859753387 3.45
      vertex 146 97.5 3.45
    endloop
  endfacet
  facet normal 0 0 1
    outer loop
      vertex 146 97.5 3.45
      vertex 146.14805029709527 209.77163859753387 3.45
      vertex 146 102 3.45
    endloop
  endfacet
  facet normal 0 0 1
    outer loop
      vertex 146 102 3.45
      vertex 146.14805029709527 209.77163859753387 3.45
      vertex 146 108 3.45
    endloop
  endfacet
  facet normal 0 0 1
    outer loop
      vertex 146.6667106990588 0.5055911630923644 3.45
      vertex 146.6667106990588 209.49440883690764 3.45
      vertex 146.14805029709527 209.77163859753387 3.45
    endloop
  endfacet
  facet normal 0 0 1
    outer loop
      vertex 148 3 3.45
      vertex 148 207 3.45
      vertex 147.9423558412097 207.5852709660484 3.45
    endloop
  endfacet
  facet normal 0 0 1
    outer loop
      vertex 147.9423558412097 2.414729033951615 3.45
      vertex 147.9423558412097 207.5852709660484 3.45
      vertex 147.77163859753387 208.14805029709527 3.45
    endloop
  endfacet
  facet normal 0 0 1
    outer loop
      vertex 147.12132034355963 0.8786796564403572 3.45
      vertex 147.12132034355963 209.12132034355963 3.45
      vertex 146.6667106990588 209.49440883690764 3.45
    endloop
  endfacet
  facet normal 0 0 1
    outer loop
      vertex 147.49440883690764 1.3332893009411935 3.45
      vertex 147.49440883690764 208.6667106990588 3.45
      vertex 147.12132034355963 209.12132034355963 3.45
    endloop
  endfacet
  facet normal 0 0 1
    outer loop
      vertex 147.77163859753387 1.8519497029047307 3.45
      vertex 147.77163859753387 208.14805029709527 3.45
      vertex 147.49440883690764 208.6667106990588 3.45
    endloop
  endfacet
  facet normal 0 0 1
    outer loop
      vertex 146 108 3.45
      vertex 146.14805029709527 209.77163859753387 3.45
      vertex 146 112.5 3.45
    endloop
  endfacet
  facet normal 0 0 1
    outer loop
      vertex 146 112.5 3.45
      vertex 146.14805029709527 209.77163859753387 3.45
      vertex 146 117 3.45
    endloop
  endfacet
  facet normal 0 0 1
    outer loop
      vertex 146 117 3.45
      vertex 146.14805029709527 209.77163859753387 3.45
      vertex 146 123 3.45
    endloop
  endfacet
  facet normal 0 0 1
    outer loop
      vertex 146 123 3.45
      vertex 146.14805029709527 209.77163859753387 3.45
      vertex 146 127.5 3.45
    endloop
  endfacet
  facet normal 0 0 1
    outer loop
      vertex 146 127.5 3.45
      vertex 146.14805029709527 209.77163859753387 3.45
      vertex 146 132 3.45
    endloop
  endfacet
  facet normal 0.09801714032956148 0.9951847266721968 0
    outer loop
      vertex 145 210 0
      vertex 145 210 3.45
      vertex 145.5852709660484 209.9423558412097 3.45
    endloop
  endfacet
  facet normal 0.290284677254459 0.9569403357322099 0
    outer loop
      vertex 145.5852709660484 209.9423558412097 0
      vertex 145.5852709660484 209.9423558412097 3.45
      vertex 146.14805029709527 209.77163859753387 3.45
    endloop
  endfacet
  facet normal 0.4713967368260064 0.8819212643483504 0
    outer loop
      vertex 146.14805029709527 209.77163859753387 0
      vertex 146.14805029709527 209.77163859753387 3.45
      vertex 146.6667106990588 209.49440883690764 3.45
    endloop
  endfacet
  facet normal 0.6343932841636607 0.7730104533627246 0
    outer loop
      vertex 146.6667106990588 209.49440883690764 0
      vertex 146.6667106990588 209.49440883690764 3.45
      vertex 147.12132034355963 209.12132034355963 3.45
    endloop
  endfacet
  facet normal 0.9951847266721968 0.09801714032956148 0
    outer loop
      vertex 147.9423558412097 207.5852709660484 0
      vertex 147.9423558412097 207.5852709660484 3.45
      vertex 148 207 3.45
    endloop
  endfacet
  facet normal 0.9569403357322099 0.290284677254459 0
    outer loop
      vertex 147.77163859753387 208.14805029709527 0
      vertex 147.77163859753387 208.14805029709527 3.45
      vertex 147.9423558412097 207.5852709660484 3.45
    endloop
  endfacet
  facet normal 0.7730104533627246 0.6343932841636607 0
    outer loop
      vertex 147.12132034355963 209.12132034355963 0
      vertex 147.12132034355963 209.12132034355963 3.45
      vertex 147.49440883690764 208.6667106990588 3.45
    endloop
  endfacet
  facet normal 0.8819212643483504 0.4713967368260064 0
    outer loop
      vertex 147.49440883690764 208.6667106990588 0
      vertex 147.49440883690764 208.6667106990588 3.45
      vertex 147.77163859753387 208.14805029709527 3.45
    endloop
  endfacet
  facet normal 0 0 1
    outer loop
      vertex 146 132 3.45
      vertex 146.14805029709527 209.77163859753387 3.45
      vertex 146 138 3.45
    endloop
  endfacet
  facet normal 0 0 1
    outer loop
      vertex 146 138 3.45
      vertex 146.14805029709527 209.77163859753387 3.45
      vertex 146 142.5 3.45
    endloop
  endfacet
  facet normal 0 0 1
    outer loop
      vertex 146 142.5 3.45
      vertex 146.14805029709527 209.77163859753387 3.45
      vertex 146 147 3.45
    endloop
  endfacet
  facet normal 0 0 1
    outer loop
      vertex 146 147 3.45
      vertex 146.14805029709527 209.77163859753387 3.45
      vertex 146 153 3.45
    endloop
  endfacet
  facet normal 0 0 1
    outer loop
      vertex 146 153 3.45
      vertex 146.14805029709527 209.77163859753387 3.45
      vertex 146 157.5 3.45
    endloop
  endfacet
  facet normal 0 0 1
    outer loop
      vertex 146 157.5 3.45
      vertex 146.14805029709527 209.77163859753387 3.45
      vertex 146 162 3.45
    endloop
  endfacet
  facet normal 0 0 1
    outer loop
      vertex 146 162 3.45
      vertex 146.14805029709527 209.77163859753387 3.45
      vertex 146 168 3.45
    endloop
  endfacet
  facet normal 0 0 1
    outer loop
      vertex 146 168 3.45
      vertex 146.14805029709527 209.77163859753387 3.45
      vertex 146 172.5 3.45
    endloop
  endfacet
  facet normal 0 0 1
    outer loop
      vertex 146 172.5 3.45
      vertex 146.14805029709527 209.77163859753387 3.45
      vertex 146 177 3.45
    endloop
  endfacet
  facet normal 0 0 1
    outer loop
      vertex 146 177 3.45
      vertex 146.14805029709527 209.77163859753387 3.45
      vertex 146 183 3.45
    endloop
  endfacet
  facet normal 0 0 1
    outer loop
      vertex 146 183 3.45
      vertex 146.14805029709527 209.77163859753387 3.45
      vertex 146 187.5 3.45
    endloop
  endfacet
  facet normal 0 0 1
    outer loop
      vertex 146 187.5 3.45
      vertex 146.14805029709527 209.77163859753387 3.45
      vertex 146 192 3.45
    endloop
  endfacet
  facet normal 0 0 1
    outer loop
      vertex 146 192 3.45
      vertex 146.14805029709527 209.77163859753387 3.45
      vertex 146 198 3.45
    endloop
  endfacet
  facet normal 0 0 1
    outer loop
      vertex 146 198 3.45
      vertex 146.14805029709527 209.77163859753387 3.45
      vertex 146 202.5 3.45
    endloop
  endfacet
  facet normal 0 0 1
    outer loop
      vertex 145 208 3.45
      vertex 145.19509032201614 207.98078528040324 3.45
      vertex 145 210 3.45
    endloop
  endfacet
  facet normal 0 0 1
    outer loop
      vertex 145.3826834323651 207.92387953251128 3.45
      vertex 145.5852709660484 209.9423558412097 3.45
      vertex 145.19509032201614 207.98078528040324 3.45
    endloop
  endfacet
  facet normal 0 0 1
    outer loop
      vertex 145.3826834323651 207.92387953251128 3.45
      vertex 145.5555702330196 207.83146961230256 3.45
      vertex 145.5852709660484 209.9423558412097 3.45
    endloop
  endfacet
  facet normal 0 0 1
    outer loop
      vertex 145.5555702330196 207.83146961230256 3.45
      vertex 145.70710678118655 207.70710678118655 3.45
      vertex 145.5852709660484 209.9423558412097 3.45
    endloop
  endfacet
  facet normal 0 0 1
    outer loop
      vertex 145.19509032201614 207.98078528040324 3.45
      vertex 145.5852709660484 209.9423558412097 3.45
      vertex 145 210 3.45
    endloop
  endfacet
  facet normal 0 0 1
    outer loop
      vertex 146 202.5 3.45
      vertex 146.14805029709527 209.77163859753387 3.45
      vertex 146 207 3.45
    endloop
  endfacet
  facet normal 0 0 1
    outer loop
      vertex 145.83146961230256 207.5555702330196 3.45
      vertex 146.14805029709527 209.77163859753387 3.45
      vertex 145.70710678118655 207.70710678118655 3.45
    endloop
  endfacet
  facet normal 0 0 1
    outer loop
      vertex 145.92387953251128 207.3826834323651 3.45
      vertex 146.14805029709527 209.77163859753387 3.45
      vertex 145.83146961230256 207.5555702330196 3.45
    endloop
  endfacet
  facet normal 0 0 1
    outer loop
      vertex 146 207 3.45
      vertex 146.14805029709527 209.77163859753387 3.45
      vertex 145.98078528040324 207.19509032201614 3.45
    endloop
  endfacet
  facet normal 0 0 1
    outer loop
      vertex 145.92387953251128 207.3826834323651 3.45
      vertex 145.98078528040324 207.19509032201614 3.45
      vertex 146.14805029709527 209.77163859753387 3.45
    endloop
  endfacet
  facet normal 0 0 1
    outer loop
      vertex 145.5852709660484 209.9423558412097 3.45
      vertex 145.70710678118655 207.70710678118655 3.45
      vertex 146.14805029709527 209.77163859753387 3.45
    endloop
  endfacet
  facet normal 0.881921264348355 0.4713967368259975 0
    outer loop
      vertex 3.9593312855939615 30.947620560996004 0
      vertex 3.9593312855939615 30.947620560996004 3.45
      vertex 4.213458566168001 30.472181859196095 0
    endloop
  endfacet
  facet normal 0.7730104533627385 0.6343932841636437 1.8001681426188796e-18
    outer loop
      vertex 4.555456351736995 30.055456351736993 0
      vertex 4.213458566168001 30.472181859196095 0
      vertex 4.213458566168001 30.472181859196095 3.45
    endloop
  endfacet
  facet normal 0.9569403357322088 0.2902846772544625 -2.073491938689891e-18
    outer loop
      vertex 3.9593312855939615 30.947620560996004 0
      vertex 3.8028404788911163 31.463501614455648 0
      vertex 3.8028404788911163 31.463501614455648 3.45
    endloop
  endfacet
  facet normal 0.9951847266721968 0.09801714032956084 5.619890199754132e-20
    outer loop
      vertex 3.8028404788911163 31.463501614455648 0
      vertex 3.75 32 0
      vertex 3.75 32 3.45
    endloop
  endfacet
  facet normal 0.9951847266721969 -0.09801714032956019 1.4647960981394354e-19
    outer loop
      vertex 3.75 32 0
      vertex 3.8028404788911163 32.536498385544355 0
      vertex 3.8028404788911163 32.536498385544355 3.45
    endloop
  endfacet
  facet normal 0.9569403357322088 -0.2902846772544625 2.073491938689891e-18
    outer loop
      vertex 3.8028404788911163 32.536498385544355 0
      vertex 3.9593312855939615 33.052379439004 0
      vertex 3.9593312855939615 33.052379439004 3.45
    endloop
  endfacet
  facet normal 0.881921264348355 -0.4713967368259975 -1.1850046327484117e-18
    outer loop
      vertex 3.9593312855939615 33.052379439004 0
      vertex 4.213458566168001 33.52781814080391 0
      vertex 4.213458566168001 33.52781814080391 3.45
    endloop
  endfacet
  facet normal 0.7730104533627358 -0.6343932841636468 1.5468930208741337e-18
    outer loop
      vertex 4.213458566168001 33.52781814080391 0
      vertex 4.555456351736995 33.94454364826301 0
      vertex 4.555456351736995 33.94454364826301 3.45
    endloop
  endfacet
  facet normal 0.2902846772544617 0.9569403357322092 0
    outer loop
      vertex 5.447620560996003 29.45933128559396 0
      vertex 5.447620560996003 29.45933128559396 3.45
      vertex 5.963501614455647 29.302840478891117 0
    endloop
  endfacet
  facet normal 0.0980171403295615 0.9951847266721967 0
    outer loop
      vertex 5.963501614455647 29.302840478891117 0
      vertex 5.963501614455647 29.302840478891117 3.45
      vertex 6.5 29.25 0
    endloop
  endfacet
  facet normal -0.0980171403295615 0.9951847266721967 0
    outer loop
      vertex 6.5 29.25 0
      vertex 6.5 29.25 3.45
      vertex 7.036498385544353 29.302840478891117 0
    endloop
  endfacet
  facet normal 0.6343932841636443 0.7730104533627381 0
    outer loop
      vertex 4.555456351736995 30.055456351736993 0
      vertex 4.555456351736995 30.055456351736993 3.45
      vertex 4.972181859196094 29.713458566168 0
    endloop
  endfacet
  facet normal 0.4713967368259975 0.881921264348355 1.1850046327484117e-18
    outer loop
      vertex 5.447620560996003 29.45933128559396 0
      vertex 4.972181859196094 29.713458566168 0
      vertex 4.972181859196094 29.713458566168 3.45
    endloop
  endfacet
  facet normal -0.2902846772544617 0.9569403357322092 0
    outer loop
      vertex 7.036498385544353 29.302840478891117 0
      vertex 7.036498385544353 29.302840478891117 3.45
      vertex 7.552379439003997 29.45933128559396 0
    endloop
  endfacet
  facet normal -0.4713967368259982 0.8819212643483548 0
    outer loop
      vertex 7.552379439003997 29.45933128559396 0
      vertex 7.552379439003997 29.45933128559396 3.45
      vertex 8.027818140803905 29.713458566168 0
    endloop
  endfacet
  facet normal -0.6343932841636433 0.7730104533627387 0
    outer loop
      vertex 8.027818140803905 29.713458566168 0
      vertex 8.027818140803905 29.713458566168 3.45
      vertex 8.444543648263005 30.055456351736993 0
    endloop
  endfacet
  facet normal -0.7730104533627385 0.6343932841636437 0
    outer loop
      vertex 8.444543648263005 30.055456351736993 0
      vertex 8.444543648263005 30.055456351736993 3.45
      vertex 8.786541433832 30.472181859196095 0
    endloop
  endfacet
  facet normal -0.881921264348355 0.4713967368259975 0
    outer loop
      vertex 8.786541433832 30.472181859196095 0
      vertex 8.786541433832 30.472181859196095 3.45
      vertex 9.040668714406038 30.947620560996004 0
    endloop
  endfacet
  facet normal -0.9569403357322092 0.2902846772544617 0
    outer loop
      vertex 9.040668714406038 30.947620560996004 0
      vertex 9.040668714406038 30.947620560996004 3.45
      vertex 9.197159521108883 31.463501614455648 0
    endloop
  endfacet
  facet normal -0.9951847266721967 0.09801714032956166 0
    outer loop
      vertex 9.197159521108883 31.463501614455648 0
      vertex 9.197159521108883 31.463501614455648 3.45
      vertex 9.25 32 0
    endloop
  endfacet
  facet normal -0.9951847266721969 -0.09801714032956103 4.657633726496295e-19
    outer loop
      vertex 9.197159521108883 32.536498385544355 0
      vertex 9.25 32 0
      vertex 9.25 32 3.45
    endloop
  endfacet
  facet normal -0.9569403357322092 -0.2902846772544617 0
    outer loop
      vertex 9.197159521108883 32.536498385544355 0
      vertex 9.197159521108883 32.536498385544355 3.45
      vertex 9.040668714406038 33.052379439004 0
    endloop
  endfacet
  facet normal 0.6343932841636443 -0.7730104533627381 5.628380368021384e-18
    outer loop
      vertex 4.555456351736995 33.94454364826301 0
      vertex 4.972181859196094 34.286541433832 0
      vertex 4.972181859196094 34.286541433832 3.45
    endloop
  endfacet
  facet normal 0.4713967368259975 -0.881921264348355 -1.1850046327484117e-18
    outer loop
      vertex 4.972181859196094 34.286541433832 0
      vertex 5.447620560996003 34.54066871440604 0
      vertex 5.447620560996003 34.54066871440604 3.45
    endloop
  endfacet
  facet normal 0.29028467725446777 -0.9569403357322072 -1.229374688707335e-18
    outer loop
      vertex 5.447620560996003 34.54066871440604 0
      vertex 5.963501614455647 34.69715952110889 0
      vertex 5.963501614455647 34.69715952110889 3.45
    endloop
  endfacet
  facet normal 0.09801714032955498 -0.9951847266721975 -3.833763616366877e-19
    outer loop
      vertex 5.963501614455647 34.69715952110889 0
      vertex 6.5 34.75 0
      vertex 6.5 34.75 3.45
    endloop
  endfacet
  facet normal -0.09801714032955498 -0.9951847266721975 3.833763616366877e-19
    outer loop
      vertex 6.5 34.75 0
      vertex 7.036498385544353 34.69715952110889 0
      vertex 7.036498385544353 34.69715952110889 3.45
    endloop
  endfacet
  facet normal -0.4713967368259982 -0.8819212643483548 0
    outer loop
      vertex 8.027818140803905 34.286541433832 0
      vertex 8.027818140803905 34.286541433832 3.45
      vertex 7.552379439003997 34.54066871440604 0
    endloop
  endfacet
  facet normal -0.29028467725446777 -0.9569403357322072 1.229374688707335e-18
    outer loop
      vertex 7.036498385544353 34.69715952110889 0
      vertex 7.552379439003997 34.54066871440604 0
      vertex 7.552379439003997 34.54066871440604 3.45
    endloop
  endfacet
  facet normal -0.6343932841636433 -0.7730104533627387 -4.791615077147273e-18
    outer loop
      vertex 8.027818140803905 34.286541433832 0
      vertex 8.444543648263005 33.94454364826301 0
      vertex 8.444543648263005 33.94454364826301 3.45
    endloop
  endfacet
  facet normal -0.881921264348355 -0.4713967368259975 1.1850046327484117e-18
    outer loop
      vertex 8.786541433832 33.52781814080391 0
      vertex 9.040668714406038 33.052379439004 0
      vertex 9.040668714406038 33.052379439004 3.45
    endloop
  endfacet
  facet normal -0.7730104533627358 -0.6343932841636468 -1.5468930208741337e-18
    outer loop
      vertex 8.444543648263005 33.94454364826301 0
      vertex 8.786541433832 33.52781814080391 0
      vertex 8.786541433832 33.52781814080391 3.45
    endloop
  endfacet
  facet normal 0.9569403357322088 0.2902846772544625 0
    outer loop
      vertex 3.9593312855939615 30.947620560996004 0
      vertex 3.8028404788911163 31.463501614455648 3.45
      vertex 3.9593312855939615 30.947620560996004 3.45
    endloop
  endfacet
  facet normal 0.7730104533627385 0.6343932841636437 0
    outer loop
      vertex 4.555456351736995 30.055456351736993 0
      vertex 4.213458566168001 30.472181859196095 3.45
      vertex 4.555456351736995 30.055456351736993 3.45
    endloop
  endfacet
  facet normal 0.881921264348355 0.4713967368259975 0
    outer loop
      vertex 4.213458566168001 30.472181859196095 0
      vertex 3.9593312855939615 30.947620560996004 3.45
      vertex 4.213458566168001 30.472181859196095 3.45
    endloop
  endfacet
  facet normal 0.9951847266721968 0.09801714032956084 0
    outer loop
      vertex 3.8028404788911163 31.463501614455648 0
      vertex 3.75 32 3.45
      vertex 3.8028404788911163 31.463501614455648 3.45
    endloop
  endfacet
  facet normal 0.9951847266721969 -0.09801714032956019 0
    outer loop
      vertex 3.75 32 0
      vertex 3.8028404788911163 32.536498385544355 3.45
      vertex 3.75 32 3.45
    endloop
  endfacet
  facet normal 0.9569403357322088 -0.2902846772544625 0
    outer loop
      vertex 3.8028404788911163 32.536498385544355 0
      vertex 3.9593312855939615 33.052379439004 3.45
      vertex 3.8028404788911163 32.536498385544355 3.45
    endloop
  endfacet
  facet normal 0.881921264348355 -0.4713967368259975 0
    outer loop
      vertex 3.9593312855939615 33.052379439004 0
      vertex 4.213458566168001 33.52781814080391 3.45
      vertex 3.9593312855939615 33.052379439004 3.45
    endloop
  endfacet
  facet normal 0.7730104533627358 -0.6343932841636468 0
    outer loop
      vertex 4.213458566168001 33.52781814080391 0
      vertex 4.555456351736995 33.94454364826301 3.45
      vertex 4.213458566168001 33.52781814080391 3.45
    endloop
  endfacet
  facet normal 0.2902846772544617 0.9569403357322092 0
    outer loop
      vertex 5.963501614455647 29.302840478891117 0
      vertex 5.447620560996003 29.45933128559396 3.45
      vertex 5.963501614455647 29.302840478891117 3.45
    endloop
  endfacet
  facet normal 0.0980171403295615 0.9951847266721967 0
    outer loop
      vertex 6.5 29.25 0
      vertex 5.963501614455647 29.302840478891117 3.45
      vertex 6.5 29.25 3.45
    endloop
  endfacet
  facet normal -0.0980171403295615 0.9951847266721967 0
    outer loop
      vertex 7.036498385544353 29.302840478891117 0
      vertex 6.5 29.25 3.45
      vertex 7.036498385544353 29.302840478891117 3.45
    endloop
  endfacet
  facet normal 0.6343932841636443 0.7730104533627381 0
    outer loop
      vertex 4.972181859196094 29.713458566168 0
      vertex 4.555456351736995 30.055456351736993 3.45
      vertex 4.972181859196094 29.713458566168 3.45
    endloop
  endfacet
  facet normal 0.4713967368259975 0.881921264348355 0
    outer loop
      vertex 5.447620560996003 29.45933128559396 0
      vertex 4.972181859196094 29.713458566168 3.45
      vertex 5.447620560996003 29.45933128559396 3.45
    endloop
  endfacet
  facet normal -0.2902846772544617 0.9569403357322092 0
    outer loop
      vertex 7.552379439003997 29.45933128559396 0
      vertex 7.036498385544353 29.302840478891117 3.45
      vertex 7.552379439003997 29.45933128559396 3.45
    endloop
  endfacet
  facet normal -0.4713967368259982 0.8819212643483548 0
    outer loop
      vertex 8.027818140803905 29.713458566168 0
      vertex 7.552379439003997 29.45933128559396 3.45
      vertex 8.027818140803905 29.713458566168 3.45
    endloop
  endfacet
  facet normal -0.6343932841636433 0.7730104533627387 0
    outer loop
      vertex 8.444543648263005 30.055456351736993 0
      vertex 8.027818140803905 29.713458566168 3.45
      vertex 8.444543648263005 30.055456351736993 3.45
    endloop
  endfacet
  facet normal -0.7730104533627385 0.6343932841636437 0
    outer loop
      vertex 8.786541433832 30.472181859196095 0
      vertex 8.444543648263005 30.055456351736993 3.45
      vertex 8.786541433832 30.472181859196095 3.45
    endloop
  endfacet
  facet normal -0.881921264348355 0.4713967368259975 0
    outer loop
      vertex 9.040668714406038 30.947620560996004 0
      vertex 8.786541433832 30.472181859196095 3.45
      vertex 9.040668714406038 30.947620560996004 3.45
    endloop
  endfacet
  facet normal -0.9569403357322092 0.2902846772544617 0
    outer loop
      vertex 9.197159521108883 31.463501614455648 0
      vertex 9.040668714406038 30.947620560996004 3.45
      vertex 9.197159521108883 31.463501614455648 3.45
    endloop
  endfacet
  facet normal -0.9951847266721967 0.09801714032956166 0
    outer loop
      vertex 9.25 32 0
      vertex 9.197159521108883 31.463501614455648 3.45
      vertex 9.25 32 3.45
    endloop
  endfacet
  facet normal -0.9951847266721969 -0.09801714032956103 0
    outer loop
      vertex 9.197159521108883 32.536498385544355 0
      vertex 9.25 32 3.45
      vertex 9.197159521108883 32.536498385544355 3.45
    endloop
  endfacet
  facet normal 0.6343932841636443 -0.7730104533627381 0
    outer loop
      vertex 4.555456351736995 33.94454364826301 0
      vertex 4.972181859196094 34.286541433832 3.45
      vertex 4.555456351736995 33.94454364826301 3.45
    endloop
  endfacet
  facet normal 0.4713967368259975 -0.881921264348355 0
    outer loop
      vertex 4.972181859196094 34.286541433832 0
      vertex 5.447620560996003 34.54066871440604 3.45
      vertex 4.972181859196094 34.286541433832 3.45
    endloop
  endfacet
  facet normal 0.29028467725446777 -0.9569403357322072 0
    outer loop
      vertex 5.447620560996003 34.54066871440604 0
      vertex 5.963501614455647 34.69715952110889 3.45
      vertex 5.447620560996003 34.54066871440604 3.45
    endloop
  endfacet
  facet normal 0.09801714032955498 -0.9951847266721975 0
    outer loop
      vertex 5.963501614455647 34.69715952110889 0
      vertex 6.5 34.75 3.45
      vertex 5.963501614455647 34.69715952110889 3.45
    endloop
  endfacet
  facet normal -0.09801714032955498 -0.9951847266721975 0
    outer loop
      vertex 6.5 34.75 0
      vertex 7.036498385544353 34.69715952110889 3.45
      vertex 6.5 34.75 3.45
    endloop
  endfacet
  facet normal -0.29028467725446777 -0.9569403357322072 0
    outer loop
      vertex 7.036498385544353 34.69715952110889 0
      vertex 7.552379439003997 34.54066871440604 3.45
      vertex 7.036498385544353 34.69715952110889 3.45
    endloop
  endfacet
  facet normal -0.4713967368259982 -0.8819212643483548 0
    outer loop
      vertex 7.552379439003997 34.54066871440604 0
      vertex 8.027818140803905 34.286541433832 3.45
      vertex 7.552379439003997 34.54066871440604 3.45
    endloop
  endfacet
  facet normal -0.6343932841636433 -0.7730104533627387 0
    outer loop
      vertex 8.027818140803905 34.286541433832 0
      vertex 8.444543648263005 33.94454364826301 3.45
      vertex 8.027818140803905 34.286541433832 3.45
    endloop
  endfacet
  facet normal -0.7730104533627358 -0.6343932841636468 0
    outer loop
      vertex 8.444543648263005 33.94454364826301 0
      vertex 8.786541433832 33.52781814080391 3.45
      vertex 8.444543648263005 33.94454364826301 3.45
    endloop
  endfacet
  facet normal -0.881921264348355 -0.4713967368259975 0
    outer loop
      vertex 8.786541433832 33.52781814080391 0
      vertex 9.040668714406038 33.052379439004 3.45
      vertex 8.786541433832 33.52781814080391 3.45
    endloop
  endfacet
  facet normal -0.9569403357322092 -0.2902846772544617 0
    outer loop
      vertex 9.040668714406038 33.052379439004 0
      vertex 9.197159521108883 32.536498385544355 3.45
      vertex 9.040668714406038 33.052379439004 3.45
    endloop
  endfacet
  facet normal 0.881921264348355 0.4713967368259975 0
    outer loop
      vertex 3.9593312855939615 49.947620560996 0
      vertex 3.9593312855939615 49.947620560996 3.45
      vertex 4.213458566168001 49.47218185919609 0
    endloop
  endfacet
  facet normal 0.9569403357322088 0.2902846772544625 -2.073491938689891e-18
    outer loop
      vertex 3.9593312855939615 49.947620560996 0
      vertex 3.8028404788911163 50.463501614455645 0
      vertex 3.8028404788911163 50.463501614455645 3.45
    endloop
  endfacet
  facet normal 0.9951847266721969 0.09801714032956019 -1.4647960981394354e-19
    outer loop
      vertex 3.8028404788911163 50.463501614455645 0
      vertex 3.75 51 0
      vertex 3.75 51 3.45
    endloop
  endfacet
  facet normal 0.7730104533627358 0.6343932841636468 -1.5468930208741337e-18
    outer loop
      vertex 4.555456351736995 49.05545635173699 0
      vertex 4.213458566168001 49.47218185919609 0
      vertex 4.213458566168001 49.47218185919609 3.45
    endloop
  endfacet
  facet normal 0.9951847266721969 -0.09801714032956019 1.4647960981394354e-19
    outer loop
      vertex 3.75 51 0
      vertex 3.8028404788911163 51.536498385544355 0
      vertex 3.8028404788911163 51.536498385544355 3.45
    endloop
  endfacet
  facet normal 0.9569403357322088 -0.2902846772544625 2.073491938689891e-18
    outer loop
      vertex 3.8028404788911163 51.536498385544355 0
      vertex 3.9593312855939615 52.052379439004 0
      vertex 3.9593312855939615 52.052379439004 3.45
    endloop
  endfacet
  facet normal 0.881921264348355 -0.4713967368259975 -1.1850046327484117e-18
    outer loop
      vertex 3.9593312855939615 52.052379439004 0
      vertex 4.213458566168001 52.52781814080391 0
      vertex 4.213458566168001 52.52781814080391 3.45
    endloop
  endfacet
  facet normal 0.6343932841636443 0.7730104533627381 0
    outer loop
      vertex 4.555456351736995 49.05545635173699 0
      vertex 4.555456351736995 49.05545635173699 3.45
      vertex 4.972181859196094 48.713458566168 0
    endloop
  endfacet
  facet normal 0.4713967368259975 0.881921264348355 0
    outer loop
      vertex 4.972181859196094 48.713458566168 0
      vertex 4.972181859196094 48.713458566168 3.45
      vertex 5.447620560996003 48.45933128559396 0
    endloop
  endfacet
  facet normal 0.29028467725446777 0.9569403357322072 0
    outer loop
      vertex 5.447620560996003 48.45933128559396 0
      vertex 5.447620560996003 48.45933128559396 3.45
      vertex 5.963501614455647 48.30284047889111 0
    endloop
  endfacet
  facet normal 0.09801714032955498 0.9951847266721975 0
    outer loop
      vertex 5.963501614455647 48.30284047889111 0
      vertex 5.963501614455647 48.30284047889111 3.45
      vertex 6.5 48.25 0
    endloop
  endfacet
  facet normal -0.09801714032955498 0.9951847266721975 0
    outer loop
      vertex 6.5 48.25 0
      vertex 6.5 48.25 3.45
      vertex 7.036498385544353 48.30284047889111 0
    endloop
  endfacet
  facet normal -0.29028467725446777 0.9569403357322072 0
    outer loop
      vertex 7.036498385544353 48.30284047889111 0
      vertex 7.036498385544353 48.30284047889111 3.45
      vertex 7.552379439003997 48.45933128559396 0
    endloop
  endfacet
  facet normal -0.4713967368259982 0.8819212643483548 0
    outer loop
      vertex 7.552379439003997 48.45933128559396 0
      vertex 7.552379439003997 48.45933128559396 3.45
      vertex 8.027818140803905 48.713458566168 0
    endloop
  endfacet
  facet normal -0.6343932841636433 0.7730104533627387 0
    outer loop
      vertex 8.027818140803905 48.713458566168 0
      vertex 8.027818140803905 48.713458566168 3.45
      vertex 8.444543648263005 49.05545635173699 0
    endloop
  endfacet
  facet normal -0.7730104533627358 0.6343932841636468 0
    outer loop
      vertex 8.444543648263005 49.05545635173699 0
      vertex 8.444543648263005 49.05545635173699 3.45
      vertex 8.786541433832 49.47218185919609 0
    endloop
  endfacet
  facet normal -0.881921264348355 0.4713967368259975 0
    outer loop
      vertex 8.786541433832 49.47218185919609 0
      vertex 8.786541433832 49.47218185919609 3.45
      vertex 9.040668714406038 49.947620560996 0
    endloop
  endfacet
  facet normal -0.9569403357322092 0.2902846772544617 0
    outer loop
      vertex 9.040668714406038 49.947620560996 0
      vertex 9.040668714406038 49.947620560996 3.45
      vertex 9.197159521108883 50.463501614455645 0
    endloop
  endfacet
  facet normal -0.9951847266721969 0.09801714032956103 0
    outer loop
      vertex 9.197159521108883 50.463501614455645 0
      vertex 9.197159521108883 50.463501614455645 3.45
      vertex 9.25 51 0
    endloop
  endfacet
  facet normal -0.9951847266721969 -0.09801714032956103 4.657633726496295e-19
    outer loop
      vertex 9.197159521108883 51.536498385544355 0
      vertex 9.25 51 0
      vertex 9.25 51 3.45
    endloop
  endfacet
  facet normal -0.881921264348355 -0.4713967368259975 0
    outer loop
      vertex 9.040668714406038 52.052379439004 0
      vertex 9.040668714406038 52.052379439004 3.45
      vertex 8.786541433832 52.52781814080391 0
    endloop
  endfacet
  facet normal -0.9569403357322092 -0.2902846772544617 0
    outer loop
      vertex 9.197159521108883 51.536498385544355 0
      vertex 9.197159521108883 51.536498385544355 3.45
      vertex 9.040668714406038 52.052379439004 0
    endloop
  endfacet
  facet normal 0.7730104533627358 -0.6343932841636468 1.5468930208741337e-18
    outer loop
      vertex 4.213458566168001 52.52781814080391 0
      vertex 4.555456351736995 52.94454364826301 0
      vertex 4.555456351736995 52.94454364826301 3.45
    endloop
  endfacet
  facet normal 0.6343932841636443 -0.7730104533627381 5.628380368021384e-18
    outer loop
      vertex 4.555456351736995 52.94454364826301 0
      vertex 4.972181859196094 53.286541433832 0
      vertex 4.972181859196094 53.286541433832 3.45
    endloop
  endfacet
  facet normal 0.4713967368259975 -0.881921264348355 -1.1850046327484117e-18
    outer loop
      vertex 4.972181859196094 53.286541433832 0
      vertex 5.447620560996003 53.54066871440604 0
      vertex 5.447620560996003 53.54066871440604 3.45
    endloop
  endfacet
  facet normal 0.29028467725446777 -0.9569403357322072 -1.229374688707335e-18
    outer loop
      vertex 5.447620560996003 53.54066871440604 0
      vertex 5.963501614455647 53.69715952110889 0
      vertex 5.963501614455647 53.69715952110889 3.45
    endloop
  endfacet
  facet normal 0.09801714032955498 -0.9951847266721975 -3.833763616366877e-19
    outer loop
      vertex 5.963501614455647 53.69715952110889 0
      vertex 6.5 53.75 0
      vertex 6.5 53.75 3.45
    endloop
  endfacet
  facet normal -0.09801714032955498 -0.9951847266721975 3.833763616366877e-19
    outer loop
      vertex 6.5 53.75 0
      vertex 7.036498385544353 53.69715952110889 0
      vertex 7.036498385544353 53.69715952110889 3.45
    endloop
  endfacet
  facet normal -0.29028467725446777 -0.9569403357322072 1.229374688707335e-18
    outer loop
      vertex 7.036498385544353 53.69715952110889 0
      vertex 7.552379439003997 53.54066871440604 0
      vertex 7.552379439003997 53.54066871440604 3.45
    endloop
  endfacet
  facet normal -0.4713967368259982 -0.8819212643483548 0
    outer loop
      vertex 8.027818140803905 53.286541433832 0
      vertex 8.027818140803905 53.286541433832 3.45
      vertex 7.552379439003997 53.54066871440604 0
    endloop
  endfacet
  facet normal -0.6343932841636433 -0.7730104533627387 -4.791615077147273e-18
    outer loop
      vertex 8.027818140803905 53.286541433832 0
      vertex 8.444543648263005 52.94454364826301 0
      vertex 8.444543648263005 52.94454364826301 3.45
    endloop
  endfacet
  facet normal -0.7730104533627358 -0.6343932841636468 -1.5468930208741337e-18
    outer loop
      vertex 8.444543648263005 52.94454364826301 0
      vertex 8.786541433832 52.52781814080391 0
      vertex 8.786541433832 52.52781814080391 3.45
    endloop
  endfacet
  facet normal 0.7730104533627358 0.6343932841636468 0
    outer loop
      vertex 4.555456351736995 49.05545635173699 0
      vertex 4.213458566168001 49.47218185919609 3.45
      vertex 4.555456351736995 49.05545635173699 3.45
    endloop
  endfacet
  facet normal 0.9569403357322088 0.2902846772544625 0
    outer loop
      vertex 3.9593312855939615 49.947620560996 0
      vertex 3.8028404788911163 50.463501614455645 3.45
      vertex 3.9593312855939615 49.947620560996 3.45
    endloop
  endfacet
  facet normal 0.9951847266721969 0.09801714032956019 0
    outer loop
      vertex 3.8028404788911163 50.463501614455645 0
      vertex 3.75 51 3.45
      vertex 3.8028404788911163 50.463501614455645 3.45
    endloop
  endfacet
  facet normal 0.881921264348355 0.4713967368259975 0
    outer loop
      vertex 4.213458566168001 49.47218185919609 0
      vertex 3.9593312855939615 49.947620560996 3.45
      vertex 4.213458566168001 49.47218185919609 3.45
    endloop
  endfacet
  facet normal 0.9951847266721969 -0.09801714032956019 0
    outer loop
      vertex 3.75 51 0
      vertex 3.8028404788911163 51.536498385544355 3.45
      vertex 3.75 51 3.45
    endloop
  endfacet
  facet normal 0.9569403357322088 -0.2902846772544625 0
    outer loop
      vertex 3.8028404788911163 51.536498385544355 0
      vertex 3.9593312855939615 52.052379439004 3.45
      vertex 3.8028404788911163 51.536498385544355 3.45
    endloop
  endfacet
  facet normal 0.881921264348355 -0.4713967368259975 0
    outer loop
      vertex 3.9593312855939615 52.052379439004 0
      vertex 4.213458566168001 52.52781814080391 3.45
      vertex 3.9593312855939615 52.052379439004 3.45
    endloop
  endfacet
  facet normal 0.6343932841636443 0.7730104533627381 0
    outer loop
      vertex 4.972181859196094 48.713458566168 0
      vertex 4.555456351736995 49.05545635173699 3.45
      vertex 4.972181859196094 48.713458566168 3.45
    endloop
  endfacet
  facet normal 0.4713967368259975 0.881921264348355 0
    outer loop
      vertex 5.447620560996003 48.45933128559396 0
      vertex 4.972181859196094 48.713458566168 3.45
      vertex 5.447620560996003 48.45933128559396 3.45
    endloop
  endfacet
  facet normal 0.29028467725446777 0.9569403357322072 0
    outer loop
      vertex 5.963501614455647 48.30284047889111 0
      vertex 5.447620560996003 48.45933128559396 3.45
      vertex 5.963501614455647 48.30284047889111 3.45
    endloop
  endfacet
  facet normal 0.09801714032955498 0.9951847266721975 0
    outer loop
      vertex 6.5 48.25 0
      vertex 5.963501614455647 48.30284047889111 3.45
      vertex 6.5 48.25 3.45
    endloop
  endfacet
  facet normal -0.09801714032955498 0.9951847266721975 0
    outer loop
      vertex 7.036498385544353 48.30284047889111 0
      vertex 6.5 48.25 3.45
      vertex 7.036498385544353 48.30284047889111 3.45
    endloop
  endfacet
  facet normal -0.29028467725446777 0.9569403357322072 0
    outer loop
      vertex 7.552379439003997 48.45933128559396 0
      vertex 7.036498385544353 48.30284047889111 3.45
      vertex 7.552379439003997 48.45933128559396 3.45
    endloop
  endfacet
  facet normal -0.4713967368259982 0.8819212643483548 0
    outer loop
      vertex 8.027818140803905 48.713458566168 0
      vertex 7.552379439003997 48.45933128559396 3.45
      vertex 8.027818140803905 48.713458566168 3.45
    endloop
  endfacet
  facet normal -0.6343932841636433 0.7730104533627387 0
    outer loop
      vertex 8.444543648263005 49.05545635173699 0
      vertex 8.027818140803905 48.713458566168 3.45
      vertex 8.444543648263005 49.05545635173699 3.45
    endloop
  endfacet
  facet normal -0.7730104533627358 0.6343932841636468 0
    outer loop
      vertex 8.786541433832 49.47218185919609 0
      vertex 8.444543648263005 49.05545635173699 3.45
      vertex 8.786541433832 49.47218185919609 3.45
    endloop
  endfacet
  facet normal -0.881921264348355 0.4713967368259975 0
    outer loop
      vertex 9.040668714406038 49.947620560996 0
      vertex 8.786541433832 49.47218185919609 3.45
      vertex 9.040668714406038 49.947620560996 3.45
    endloop
  endfacet
  facet normal -0.9569403357322092 0.2902846772544617 0
    outer loop
      vertex 9.197159521108883 50.463501614455645 0
      vertex 9.040668714406038 49.947620560996 3.45
      vertex 9.197159521108883 50.463501614455645 3.45
    endloop
  endfacet
  facet normal -0.9951847266721969 0.09801714032956103 0
    outer loop
      vertex 9.25 51 0
      vertex 9.197159521108883 50.463501614455645 3.45
      vertex 9.25 51 3.45
    endloop
  endfacet
  facet normal -0.9951847266721969 -0.09801714032956103 0
    outer loop
      vertex 9.197159521108883 51.536498385544355 0
      vertex 9.25 51 3.45
      vertex 9.197159521108883 51.536498385544355 3.45
    endloop
  endfacet
  facet normal -0.881921264348355 -0.4713967368259975 0
    outer loop
      vertex 8.786541433832 52.52781814080391 0
      vertex 9.040668714406038 52.052379439004 3.45
      vertex 8.786541433832 52.52781814080391 3.45
    endloop
  endfacet
  facet normal -0.9569403357322092 -0.2902846772544617 0
    outer loop
      vertex 9.040668714406038 52.052379439004 0
      vertex 9.197159521108883 51.536498385544355 3.45
      vertex 9.040668714406038 52.052379439004 3.45
    endloop
  endfacet
  facet normal 0.7730104533627358 -0.6343932841636468 0
    outer loop
      vertex 4.213458566168001 52.52781814080391 0
      vertex 4.555456351736995 52.94454364826301 3.45
      vertex 4.213458566168001 52.52781814080391 3.45
    endloop
  endfacet
  facet normal 0.6343932841636443 -0.7730104533627381 0
    outer loop
      vertex 4.555456351736995 52.94454364826301 0
      vertex 4.972181859196094 53.286541433832 3.45
      vertex 4.555456351736995 52.94454364826301 3.45
    endloop
  endfacet
  facet normal 0.4713967368259975 -0.881921264348355 0
    outer loop
      vertex 4.972181859196094 53.286541433832 0
      vertex 5.447620560996003 53.54066871440604 3.45
      vertex 4.972181859196094 53.286541433832 3.45
    endloop
  endfacet
  facet normal 0.29028467725446777 -0.9569403357322072 0
    outer loop
      vertex 5.447620560996003 53.54066871440604 0
      vertex 5.963501614455647 53.69715952110889 3.45
      vertex 5.447620560996003 53.54066871440604 3.45
    endloop
  endfacet
  facet normal 0.09801714032955498 -0.9951847266721975 0
    outer loop
      vertex 5.963501614455647 53.69715952110889 0
      vertex 6.5 53.75 3.45
      vertex 5.963501614455647 53.69715952110889 3.45
    endloop
  endfacet
  facet normal -0.09801714032955498 -0.9951847266721975 0
    outer loop
      vertex 6.5 53.75 0
      vertex 7.036498385544353 53.69715952110889 3.45
      vertex 6.5 53.75 3.45
    endloop
  endfacet
  facet normal -0.29028467725446777 -0.9569403357322072 0
    outer loop
      vertex 7.036498385544353 53.69715952110889 0
      vertex 7.552379439003997 53.54066871440604 3.45
      vertex 7.036498385544353 53.69715952110889 3.45
    endloop
  endfacet
  facet normal -0.4713967368259982 -0.8819212643483548 0
    outer loop
      vertex 7.552379439003997 53.54066871440604 0
      vertex 8.027818140803905 53.286541433832 3.45
      vertex 7.552379439003997 53.54066871440604 3.45
    endloop
  endfacet
  facet normal -0.6343932841636433 -0.7730104533627387 0
    outer loop
      vertex 8.027818140803905 53.286541433832 0
      vertex 8.444543648263005 52.94454364826301 3.45
      vertex 8.027818140803905 53.286541433832 3.45
    endloop
  endfacet
  facet normal -0.7730104533627358 -0.6343932841636468 0
    outer loop
      vertex 8.444543648263005 52.94454364826301 0
      vertex 8.786541433832 52.52781814080391 3.45
      vertex 8.444543648263005 52.94454364826301 3.45
    endloop
  endfacet
  facet normal 0.8819212643483523 0.47139673682600297 2.029425084058263e-18
    outer loop
      vertex 4.213458566168001 68.4721818591961 0
      vertex 3.9593312855939615 68.947620560996 0
      vertex 3.9593312855939615 68.947620560996 3.45
    endloop
  endfacet
  facet normal 0.7730104533627411 0.6343932841636404 5.1472293061118586e-18
    outer loop
      vertex 4.555456351736995 68.05545635173699 0
      vertex 4.213458566168001 68.4721818591961 0
      vertex 4.213458566168001 68.4721818591961 3.45
    endloop
  endfacet
  facet normal 0.9569403357322099 0.29028467725445883 -2.9934646871613265e-18
    outer loop
      vertex 3.9593312855939615 68.947620560996 0
      vertex 3.8028404788911163 69.46350161445565 0
      vertex 3.8028404788911163 69.46350161445565 3.45
    endloop
  endfacet
  facet normal 0.9951847266721968 0.09801714032956149 2.588774138090289e-19
    outer loop
      vertex 3.8028404788911163 69.46350161445565 0
      vertex 3.75 70 0
      vertex 3.75 70 3.45
    endloop
  endfacet
  facet normal 0.9951847266721968 -0.09801714032956149 -2.588774138090289e-19
    outer loop
      vertex 3.75 70 0
      vertex 3.8028404788911163 70.53649838554435 0
      vertex 3.8028404788911163 70.53649838554435 3.45
    endloop
  endfacet
  facet normal 0.9569403357322099 -0.29028467725445883 2.9934646871613265e-18
    outer loop
      vertex 3.8028404788911163 70.53649838554435 0
      vertex 3.9593312855939615 71.052379439004 0
      vertex 3.9593312855939615 71.052379439004 3.45
    endloop
  endfacet
  facet normal 0.8819212643483523 -0.47139673682600297 -2.029425084058263e-18
    outer loop
      vertex 3.9593312855939615 71.052379439004 0
      vertex 4.213458566168001 71.5278181408039 0
      vertex 4.213458566168001 71.5278181408039 3.45
    endloop
  endfacet
  facet normal 0.7730104533627411 -0.6343932841636404 -5.1472293061118586e-18
    outer loop
      vertex 4.213458566168001 71.5278181408039 0
      vertex 4.555456351736995 71.94454364826301 0
      vertex 4.555456351736995 71.94454364826301 3.45
    endloop
  endfacet
  facet normal 0.6343932841636443 0.7730104533627381 0
    outer loop
      vertex 4.555456351736995 68.05545635173699 0
      vertex 4.555456351736995 68.05545635173699 3.45
      vertex 4.972181859196094 67.713458566168 0
    endloop
  endfacet
  facet normal 0.4713967368259975 0.881921264348355 0
    outer loop
      vertex 4.972181859196094 67.713458566168 0
      vertex 4.972181859196094 67.713458566168 3.45
      vertex 5.447620560996003 67.45933128559396 0
    endloop
  endfacet
  facet normal 0.29028467725446777 0.9569403357322072 0
    outer loop
      vertex 5.447620560996003 67.45933128559396 0
      vertex 5.447620560996003 67.45933128559396 3.45
      vertex 5.963501614455647 67.30284047889111 0
    endloop
  endfacet
  facet normal 0.09801714032955498 0.9951847266721975 3.833763616366877e-19
    outer loop
      vertex 6.5 67.25 0
      vertex 5.963501614455647 67.30284047889111 0
      vertex 5.963501614455647 67.30284047889111 3.45
    endloop
  endfacet
  facet normal -0.09801714032955498 0.9951847266721975 0
    outer loop
      vertex 6.5 67.25 0
      vertex 6.5 67.25 3.45
      vertex 7.036498385544353 67.30284047889111 0
    endloop
  endfacet
  facet normal 0.6343932841636443 -0.7730104533627381 5.628380368021384e-18
    outer loop
      vertex 4.555456351736995 71.94454364826301 0
      vertex 4.972181859196094 72.286541433832 0
      vertex 4.972181859196094 72.286541433832 3.45
    endloop
  endfacet
  facet normal -0.29028467725446777 0.9569403357322072 0
    outer loop
      vertex 7.036498385544353 67.30284047889111 0
      vertex 7.036498385544353 67.30284047889111 3.45
      vertex 7.552379439003997 67.45933128559396 0
    endloop
  endfacet
  facet normal -0.4713967368259982 0.8819212643483548 0
    outer loop
      vertex 7.552379439003997 67.45933128559396 0
      vertex 7.552379439003997 67.45933128559396 3.45
      vertex 8.027818140803905 67.713458566168 0
    endloop
  endfacet
  facet normal -0.6343932841636433 0.7730104533627387 0
    outer loop
      vertex 8.027818140803905 67.713458566168 0
      vertex 8.027818140803905 67.713458566168 3.45
      vertex 8.444543648263005 68.05545635173699 0
    endloop
  endfacet
  facet normal -0.7730104533627411 0.6343932841636404 0
    outer loop
      vertex 8.444543648263005 68.05545635173699 0
      vertex 8.444543648263005 68.05545635173699 3.45
      vertex 8.786541433832 68.4721818591961 0
    endloop
  endfacet
  facet normal -0.8819212643483523 0.47139673682600297 0
    outer loop
      vertex 8.786541433832 68.4721818591961 0
      vertex 8.786541433832 68.4721818591961 3.45
      vertex 9.040668714406038 68.947620560996 0
    endloop
  endfacet
  facet normal -0.9569403357322102 0.29028467725445806 0
    outer loop
      vertex 9.040668714406038 68.947620560996 0
      vertex 9.040668714406038 68.947620560996 3.45
      vertex 9.197159521108883 69.46350161445565 0
    endloop
  endfacet
  facet normal -0.9951847266721967 0.09801714032956231 0
    outer loop
      vertex 9.197159521108883 69.46350161445565 0
      vertex 9.197159521108883 69.46350161445565 3.45
      vertex 9.25 70 0
    endloop
  endfacet
  facet normal -0.9951847266721967 -0.09801714032956231 8.711203962743065e-19
    outer loop
      vertex 9.197159521108883 70.53649838554435 0
      vertex 9.25 70 0
      vertex 9.25 70 3.45
    endloop
  endfacet
  facet normal -0.6343932841636433 -0.7730104533627387 0
    outer loop
      vertex 8.444543648263005 71.94454364826301 0
      vertex 8.444543648263005 71.94454364826301 3.45
      vertex 8.027818140803905 72.286541433832 0
    endloop
  endfacet
  facet normal -0.8819212643483523 -0.47139673682600297 0
    outer loop
      vertex 9.040668714406038 71.052379439004 0
      vertex 9.040668714406038 71.052379439004 3.45
      vertex 8.786541433832 71.5278181408039 0
    endloop
  endfacet
  facet normal -0.9569403357322102 -0.29028467725445806 0
    outer loop
      vertex 9.197159521108883 70.53649838554435 0
      vertex 9.197159521108883 70.53649838554435 3.45
      vertex 9.040668714406038 71.052379439004 0
    endloop
  endfacet
  facet normal -0.7730104533627411 -0.6343932841636404 5.1472293061118586e-18
    outer loop
      vertex 8.444543648263005 71.94454364826301 0
      vertex 8.786541433832 71.5278181408039 0
      vertex 8.786541433832 71.5278181408039 3.45
    endloop
  endfacet
  facet normal 0.4713967368259975 -0.881921264348355 -1.1850046327484117e-18
    outer loop
      vertex 4.972181859196094 72.286541433832 0
      vertex 5.447620560996003 72.54066871440604 0
      vertex 5.447620560996003 72.54066871440604 3.45
    endloop
  endfacet
  facet normal 0.29028467725446777 -0.9569403357322072 -1.229374688707335e-18
    outer loop
      vertex 5.447620560996003 72.54066871440604 0
      vertex 5.963501614455647 72.69715952110889 0
      vertex 5.963501614455647 72.69715952110889 3.45
    endloop
  endfacet
  facet normal 0.09801714032955498 -0.9951847266721975 -3.833763616366877e-19
    outer loop
      vertex 5.963501614455647 72.69715952110889 0
      vertex 6.5 72.75 0
      vertex 6.5 72.75 3.45
    endloop
  endfacet
  facet normal -0.09801714032955498 -0.9951847266721975 3.833763616366877e-19
    outer loop
      vertex 6.5 72.75 0
      vertex 7.036498385544353 72.69715952110889 0
      vertex 7.036498385544353 72.69715952110889 3.45
    endloop
  endfacet
  facet normal -0.29028467725446777 -0.9569403357322072 1.229374688707335e-18
    outer loop
      vertex 7.036498385544353 72.69715952110889 0
      vertex 7.552379439003997 72.54066871440604 0
      vertex 7.552379439003997 72.54066871440604 3.45
    endloop
  endfacet
  facet normal -0.4713967368259982 -0.8819212643483548 3.1559763750987465e-18
    outer loop
      vertex 7.552379439003997 72.54066871440604 0
      vertex 8.027818140803905 72.286541433832 0
      vertex 8.027818140803905 72.286541433832 3.45
    endloop
  endfacet
  facet normal 0.8819212643483523 0.47139673682600297 0
    outer loop
      vertex 4.213458566168001 68.4721818591961 0
      vertex 3.9593312855939615 68.947620560996 3.45
      vertex 4.213458566168001 68.4721818591961 3.45
    endloop
  endfacet
  facet normal 0.7730104533627411 0.6343932841636404 0
    outer loop
      vertex 4.555456351736995 68.05545635173699 0
      vertex 4.213458566168001 68.4721818591961 3.45
      vertex 4.555456351736995 68.05545635173699 3.45
    endloop
  endfacet
  facet normal 0.9569403357322099 0.29028467725445883 0
    outer loop
      vertex 3.9593312855939615 68.947620560996 0
      vertex 3.8028404788911163 69.46350161445565 3.45
      vertex 3.9593312855939615 68.947620560996 3.45
    endloop
  endfacet
  facet normal 0.9951847266721968 0.09801714032956149 0
    outer loop
      vertex 3.8028404788911163 69.46350161445565 0
      vertex 3.75 70 3.45
      vertex 3.8028404788911163 69.46350161445565 3.45
    endloop
  endfacet
  facet normal 0.9951847266721968 -0.09801714032956149 0
    outer loop
      vertex 3.75 70 0
      vertex 3.8028404788911163 70.53649838554435 3.45
      vertex 3.75 70 3.45
    endloop
  endfacet
  facet normal 0.9569403357322099 -0.29028467725445883 0
    outer loop
      vertex 3.8028404788911163 70.53649838554435 0
      vertex 3.9593312855939615 71.052379439004 3.45
      vertex 3.8028404788911163 70.53649838554435 3.45
    endloop
  endfacet
  facet normal 0.8819212643483523 -0.47139673682600297 0
    outer loop
      vertex 3.9593312855939615 71.052379439004 0
      vertex 4.213458566168001 71.5278181408039 3.45
      vertex 3.9593312855939615 71.052379439004 3.45
    endloop
  endfacet
  facet normal 0.7730104533627411 -0.6343932841636404 0
    outer loop
      vertex 4.213458566168001 71.5278181408039 0
      vertex 4.555456351736995 71.94454364826301 3.45
      vertex 4.213458566168001 71.5278181408039 3.45
    endloop
  endfacet
  facet normal 0.6343932841636443 0.7730104533627381 0
    outer loop
      vertex 4.972181859196094 67.713458566168 0
      vertex 4.555456351736995 68.05545635173699 3.45
      vertex 4.972181859196094 67.713458566168 3.45
    endloop
  endfacet
  facet normal 0.4713967368259975 0.881921264348355 0
    outer loop
      vertex 5.447620560996003 67.45933128559396 0
      vertex 4.972181859196094 67.713458566168 3.45
      vertex 5.447620560996003 67.45933128559396 3.45
    endloop
  endfacet
  facet normal 0.29028467725446777 0.9569403357322072 0
    outer loop
      vertex 5.963501614455647 67.30284047889111 0
      vertex 5.447620560996003 67.45933128559396 3.45
      vertex 5.963501614455647 67.30284047889111 3.45
    endloop
  endfacet
  facet normal 0.09801714032955498 0.9951847266721975 0
    outer loop
      vertex 6.5 67.25 0
      vertex 5.963501614455647 67.30284047889111 3.45
      vertex 6.5 67.25 3.45
    endloop
  endfacet
  facet normal -0.09801714032955498 0.9951847266721975 0
    outer loop
      vertex 7.036498385544353 67.30284047889111 0
      vertex 6.5 67.25 3.45
      vertex 7.036498385544353 67.30284047889111 3.45
    endloop
  endfacet
  facet normal 0.6343932841636443 -0.7730104533627381 0
    outer loop
      vertex 4.555456351736995 71.94454364826301 0
      vertex 4.972181859196094 72.286541433832 3.45
      vertex 4.555456351736995 71.94454364826301 3.45
    endloop
  endfacet
  facet normal -0.29028467725446777 0.9569403357322072 0
    outer loop
      vertex 7.552379439003997 67.45933128559396 0
      vertex 7.036498385544353 67.30284047889111 3.45
      vertex 7.552379439003997 67.45933128559396 3.45
    endloop
  endfacet
  facet normal -0.4713967368259982 0.8819212643483548 0
    outer loop
      vertex 8.027818140803905 67.713458566168 0
      vertex 7.552379439003997 67.45933128559396 3.45
      vertex 8.027818140803905 67.713458566168 3.45
    endloop
  endfacet
  facet normal -0.6343932841636433 0.7730104533627387 0
    outer loop
      vertex 8.444543648263005 68.05545635173699 0
      vertex 8.027818140803905 67.713458566168 3.45
      vertex 8.444543648263005 68.05545635173699 3.45
    endloop
  endfacet
  facet normal -0.7730104533627411 0.6343932841636404 0
    outer loop
      vertex 8.786541433832 68.4721818591961 0
      vertex 8.444543648263005 68.05545635173699 3.45
      vertex 8.786541433832 68.4721818591961 3.45
    endloop
  endfacet
  facet normal -0.8819212643483523 0.47139673682600297 0
    outer loop
      vertex 9.040668714406038 68.947620560996 0
      vertex 8.786541433832 68.4721818591961 3.45
      vertex 9.040668714406038 68.947620560996 3.45
    endloop
  endfacet
  facet normal -0.9569403357322102 0.29028467725445806 0
    outer loop
      vertex 9.197159521108883 69.46350161445565 0
      vertex 9.040668714406038 68.947620560996 3.45
      vertex 9.197159521108883 69.46350161445565 3.45
    endloop
  endfacet
  facet normal -0.9951847266721967 0.09801714032956231 0
    outer loop
      vertex 9.25 70 0
      vertex 9.197159521108883 69.46350161445565 3.45
      vertex 9.25 70 3.45
    endloop
  endfacet
  facet normal -0.9951847266721967 -0.09801714032956231 0
    outer loop
      vertex 9.197159521108883 70.53649838554435 0
      vertex 9.25 70 3.45
      vertex 9.197159521108883 70.53649838554435 3.45
    endloop
  endfacet
  facet normal -0.6343932841636433 -0.7730104533627387 0
    outer loop
      vertex 8.027818140803905 72.286541433832 0
      vertex 8.444543648263005 71.94454364826301 3.45
      vertex 8.027818140803905 72.286541433832 3.45
    endloop
  endfacet
  facet normal -0.7730104533627411 -0.6343932841636404 0
    outer loop
      vertex 8.444543648263005 71.94454364826301 0
      vertex 8.786541433832 71.5278181408039 3.45
      vertex 8.444543648263005 71.94454364826301 3.45
    endloop
  endfacet
  facet normal -0.9569403357322102 -0.29028467725445806 0
    outer loop
      vertex 9.040668714406038 71.052379439004 0
      vertex 9.197159521108883 70.53649838554435 3.45
      vertex 9.040668714406038 71.052379439004 3.45
    endloop
  endfacet
  facet normal -0.8819212643483523 -0.47139673682600297 0
    outer loop
      vertex 8.786541433832 71.5278181408039 0
      vertex 9.040668714406038 71.052379439004 3.45
      vertex 8.786541433832 71.5278181408039 3.45
    endloop
  endfacet
  facet normal 0.4713967368259975 -0.881921264348355 0
    outer loop
      vertex 4.972181859196094 72.286541433832 0
      vertex 5.447620560996003 72.54066871440604 3.45
      vertex 4.972181859196094 72.286541433832 3.45
    endloop
  endfacet
  facet normal 0.29028467725446777 -0.9569403357322072 0
    outer loop
      vertex 5.447620560996003 72.54066871440604 0
      vertex 5.963501614455647 72.69715952110889 3.45
      vertex 5.447620560996003 72.54066871440604 3.45
    endloop
  endfacet
  facet normal 0.09801714032955498 -0.9951847266721975 0
    outer loop
      vertex 5.963501614455647 72.69715952110889 0
      vertex 6.5 72.75 3.45
      vertex 5.963501614455647 72.69715952110889 3.45
    endloop
  endfacet
  facet normal -0.09801714032955498 -0.9951847266721975 0
    outer loop
      vertex 6.5 72.75 0
      vertex 7.036498385544353 72.69715952110889 3.45
      vertex 6.5 72.75 3.45
    endloop
  endfacet
  facet normal -0.29028467725446777 -0.9569403357322072 0
    outer loop
      vertex 7.036498385544353 72.69715952110889 0
      vertex 7.552379439003997 72.54066871440604 3.45
      vertex 7.036498385544353 72.69715952110889 3.45
    endloop
  endfacet
  facet normal -0.4713967368259982 -0.8819212643483548 0
    outer loop
      vertex 7.552379439003997 72.54066871440604 0
      vertex 8.027818140803905 72.286541433832 3.45
      vertex 7.552379439003997 72.54066871440604 3.45
    endloop
  endfacet
  facet normal 0.8819212643483523 0.47139673682600297 0
    outer loop
      vertex 3.9593312855939615 138.947620560996 0
      vertex 3.9593312855939615 138.947620560996 3.45
      vertex 4.213458566168001 138.4721818591961 0
    endloop
  endfacet
  facet normal 0.9569403357322099 0.29028467725445883 -2.9934646871613265e-18
    outer loop
      vertex 3.9593312855939615 138.947620560996 0
      vertex 3.8028404788911163 139.46350161445565 0
      vertex 3.8028404788911163 139.46350161445565 3.45
    endloop
  endfacet
  facet normal 0.7730104533627304 0.6343932841636534 0
    outer loop
      vertex 4.213458566168001 138.4721818591961 0
      vertex 4.213458566168001 138.4721818591961 3.45
      vertex 4.555456351736995 138.055456351737 0
    endloop
  endfacet
  facet normal 0.9951847266721968 0.09801714032956149 0
    outer loop
      vertex 3.75 140 0
      vertex 3.75 140 3.45
      vertex 3.8028404788911163 139.46350161445565 0
    endloop
  endfacet
  facet normal 0.9951847266721968 -0.09801714032956149 -2.588774138090289e-19
    outer loop
      vertex 3.75 140 0
      vertex 3.8028404788911163 140.53649838554435 0
      vertex 3.8028404788911163 140.53649838554435 3.45
    endloop
  endfacet
  facet normal 0.9569403357322099 -0.29028467725445883 2.9934646871613265e-18
    outer loop
      vertex 3.8028404788911163 140.53649838554435 0
      vertex 3.9593312855939615 141.052379439004 0
      vertex 3.9593312855939615 141.052379439004 3.45
    endloop
  endfacet
  facet normal 0.8819212643483523 -0.47139673682600297 -2.029425084058263e-18
    outer loop
      vertex 3.9593312855939615 141.052379439004 0
      vertex 4.213458566168001 141.5278181408039 0
      vertex 4.213458566168001 141.5278181408039 3.45
    endloop
  endfacet
  facet normal 0.7730104533627304 -0.6343932841636534 -6.682338139632725e-18
    outer loop
      vertex 4.213458566168001 141.5278181408039 0
      vertex 4.555456351736995 141.944543648263 0
      vertex 4.555456351736995 141.944543648263 3.45
    endloop
  endfacet
  facet normal 0.4713967368259975 0.881921264348355 0
    outer loop
      vertex 4.972181859196094 137.71345856616801 0
      vertex 4.972181859196094 137.71345856616801 3.45
      vertex 5.447620560996003 137.45933128559398 0
    endloop
  endfacet
  facet normal 0.29028467725449186 0.9569403357321999 0
    outer loop
      vertex 5.447620560996003 137.45933128559398 0
      vertex 5.447620560996003 137.45933128559398 3.45
      vertex 5.963501614455647 137.3028404788911 0
    endloop
  endfacet
  facet normal 0.09801714032955498 0.9951847266721975 0
    outer loop
      vertex 5.963501614455647 137.3028404788911 0
      vertex 5.963501614455647 137.3028404788911 3.45
      vertex 6.5 137.25 0
    endloop
  endfacet
  facet normal -0.09801714032955498 0.9951847266721975 0
    outer loop
      vertex 6.5 137.25 0
      vertex 6.5 137.25 3.45
      vertex 7.036498385544353 137.3028404788911 0
    endloop
  endfacet
  facet normal -0.29028467725449186 0.9569403357321999 0
    outer loop
      vertex 7.036498385544353 137.3028404788911 0
      vertex 7.036498385544353 137.3028404788911 3.45
      vertex 7.552379439003997 137.45933128559398 0
    endloop
  endfacet
  facet normal -0.4713967368259982 0.8819212643483548 0
    outer loop
      vertex 7.552379439003997 137.45933128559398 0
      vertex 7.552379439003997 137.45933128559398 3.45
      vertex 8.027818140803905 137.71345856616801 0
    endloop
  endfacet
  facet normal 0.6343932841636443 0.7730104533627381 0
    outer loop
      vertex 4.555456351736995 138.055456351737 0
      vertex 4.555456351736995 138.055456351737 3.45
      vertex 4.972181859196094 137.71345856616801 0
    endloop
  endfacet
  facet normal 0.6343932841636443 -0.7730104533627381 5.628380368021384e-18
    outer loop
      vertex 4.555456351736995 141.944543648263 0
      vertex 4.972181859196094 142.28654143383199 0
      vertex 4.972181859196094 142.28654143383199 3.45
    endloop
  endfacet
  facet normal 0.4713967368259975 -0.881921264348355 -1.1850046327484117e-18
    outer loop
      vertex 4.972181859196094 142.28654143383199 0
      vertex 5.447620560996003 142.54066871440602 0
      vertex 5.447620560996003 142.54066871440602 3.45
    endloop
  endfacet
  facet normal 0.29028467725449186 -0.9569403357321999 7.270675717542575e-19
    outer loop
      vertex 5.447620560996003 142.54066871440602 0
      vertex 5.963501614455647 142.6971595211089 0
      vertex 5.963501614455647 142.6971595211089 3.45
    endloop
  endfacet
  facet normal 0.09801714032955498 -0.9951847266721975 -3.833763616366877e-19
    outer loop
      vertex 5.963501614455647 142.6971595211089 0
      vertex 6.5 142.75 0
      vertex 6.5 142.75 3.45
    endloop
  endfacet
  facet normal -0.09801714032955498 -0.9951847266721975 3.833763616366877e-19
    outer loop
      vertex 6.5 142.75 0
      vertex 7.036498385544353 142.6971595211089 0
      vertex 7.036498385544353 142.6971595211089 3.45
    endloop
  endfacet
  facet normal -0.6343932841636433 0.7730104533627387 0
    outer loop
      vertex 8.027818140803905 137.71345856616801 0
      vertex 8.027818140803905 137.71345856616801 3.45
      vertex 8.444543648263005 138.055456351737 0
    endloop
  endfacet
  facet normal -0.7730104533627304 0.6343932841636534 0
    outer loop
      vertex 8.444543648263005 138.055456351737 0
      vertex 8.444543648263005 138.055456351737 3.45
      vertex 8.786541433832 138.4721818591961 0
    endloop
  endfacet
  facet normal -0.8819212643483523 0.47139673682600297 0
    outer loop
      vertex 8.786541433832 138.4721818591961 0
      vertex 8.786541433832 138.4721818591961 3.45
      vertex 9.040668714406038 138.947620560996 0
    endloop
  endfacet
  facet normal -0.9569403357322102 0.29028467725445806 0
    outer loop
      vertex 9.040668714406038 138.947620560996 0
      vertex 9.040668714406038 138.947620560996 3.45
      vertex 9.197159521108883 139.46350161445565 0
    endloop
  endfacet
  facet normal -0.9951847266721967 0.09801714032956231 0
    outer loop
      vertex 9.197159521108883 139.46350161445565 0
      vertex 9.197159521108883 139.46350161445565 3.45
      vertex 9.25 140 0
    endloop
  endfacet
  facet normal -0.9951847266721967 -0.09801714032956231 8.711203962743065e-19
    outer loop
      vertex 9.197159521108883 140.53649838554435 0
      vertex 9.25 140 0
      vertex 9.25 140 3.45
    endloop
  endfacet
  facet normal -0.9569403357322102 -0.29028467725445806 0
    outer loop
      vertex 9.197159521108883 140.53649838554435 0
      vertex 9.197159521108883 140.53649838554435 3.45
      vertex 9.040668714406038 141.052379439004 0
    endloop
  endfacet
  facet normal -0.29028467725449186 -0.9569403357321999 -7.270675717542575e-19
    outer loop
      vertex 7.036498385544353 142.6971595211089 0
      vertex 7.552379439003997 142.54066871440602 0
      vertex 7.552379439003997 142.54066871440602 3.45
    endloop
  endfacet
  facet normal -0.4713967368259982 -0.8819212643483548 3.1559763750987465e-18
    outer loop
      vertex 7.552379439003997 142.54066871440602 0
      vertex 8.027818140803905 142.28654143383199 0
      vertex 8.027818140803905 142.28654143383199 3.45
    endloop
  endfacet
  facet normal -0.6343932841636433 -0.7730104533627387 -4.791615077147273e-18
    outer loop
      vertex 8.027818140803905 142.28654143383199 0
      vertex 8.444543648263005 141.944543648263 0
      vertex 8.444543648263005 141.944543648263 3.45
    endloop
  endfacet
  facet normal -0.8819212643483523 -0.47139673682600297 0
    outer loop
      vertex 9.040668714406038 141.052379439004 0
      vertex 9.040668714406038 141.052379439004 3.45
      vertex 8.786541433832 141.5278181408039 0
    endloop
  endfacet
  facet normal -0.7730104533627304 -0.6343932841636534 6.682338139632725e-18
    outer loop
      vertex 8.444543648263005 141.944543648263 0
      vertex 8.786541433832 141.5278181408039 0
      vertex 8.786541433832 141.5278181408039 3.45
    endloop
  endfacet
  facet normal 0.9569403357322099 0.29028467725445883 0
    outer loop
      vertex 3.9593312855939615 138.947620560996 0
      vertex 3.8028404788911163 139.46350161445565 3.45
      vertex 3.9593312855939615 138.947620560996 3.45
    endloop
  endfacet
  facet normal 0.8819212643483523 0.47139673682600297 0
    outer loop
      vertex 4.213458566168001 138.4721818591961 0
      vertex 3.9593312855939615 138.947620560996 3.45
      vertex 4.213458566168001 138.4721818591961 3.45
    endloop
  endfacet
  facet normal 0.7730104533627304 0.6343932841636534 0
    outer loop
      vertex 4.555456351736995 138.055456351737 0
      vertex 4.213458566168001 138.4721818591961 3.45
      vertex 4.555456351736995 138.055456351737 3.45
    endloop
  endfacet
  facet normal 0.9951847266721968 0.09801714032956149 0
    outer loop
      vertex 3.8028404788911163 139.46350161445565 0
      vertex 3.75 140 3.45
      vertex 3.8028404788911163 139.46350161445565 3.45
    endloop
  endfacet
  facet normal 0.9951847266721968 -0.09801714032956149 0
    outer loop
      vertex 3.75 140 0
      vertex 3.8028404788911163 140.53649838554435 3.45
      vertex 3.75 140 3.45
    endloop
  endfacet
  facet normal 0.9569403357322099 -0.29028467725445883 0
    outer loop
      vertex 3.8028404788911163 140.53649838554435 0
      vertex 3.9593312855939615 141.052379439004 3.45
      vertex 3.8028404788911163 140.53649838554435 3.45
    endloop
  endfacet
  facet normal 0.8819212643483523 -0.47139673682600297 0
    outer loop
      vertex 3.9593312855939615 141.052379439004 0
      vertex 4.213458566168001 141.5278181408039 3.45
      vertex 3.9593312855939615 141.052379439004 3.45
    endloop
  endfacet
  facet normal 0.7730104533627304 -0.6343932841636534 0
    outer loop
      vertex 4.213458566168001 141.5278181408039 0
      vertex 4.555456351736995 141.944543648263 3.45
      vertex 4.213458566168001 141.5278181408039 3.45
    endloop
  endfacet
  facet normal 0.4713967368259975 0.881921264348355 0
    outer loop
      vertex 5.447620560996003 137.45933128559398 0
      vertex 4.972181859196094 137.71345856616801 3.45
      vertex 5.447620560996003 137.45933128559398 3.45
    endloop
  endfacet
  facet normal 0.29028467725449186 0.9569403357321999 0
    outer loop
      vertex 5.963501614455647 137.3028404788911 0
      vertex 5.447620560996003 137.45933128559398 3.45
      vertex 5.963501614455647 137.3028404788911 3.45
    endloop
  endfacet
  facet normal 0.09801714032955498 0.9951847266721975 0
    outer loop
      vertex 6.5 137.25 0
      vertex 5.963501614455647 137.3028404788911 3.45
      vertex 6.5 137.25 3.45
    endloop
  endfacet
  facet normal -0.09801714032955498 0.9951847266721975 0
    outer loop
      vertex 7.036498385544353 137.3028404788911 0
      vertex 6.5 137.25 3.45
      vertex 7.036498385544353 137.3028404788911 3.45
    endloop
  endfacet
  facet normal -0.29028467725449186 0.9569403357321999 0
    outer loop
      vertex 7.552379439003997 137.45933128559398 0
      vertex 7.036498385544353 137.3028404788911 3.45
      vertex 7.552379439003997 137.45933128559398 3.45
    endloop
  endfacet
  facet normal -0.4713967368259982 0.8819212643483548 0
    outer loop
      vertex 8.027818140803905 137.71345856616801 0
      vertex 7.552379439003997 137.45933128559398 3.45
      vertex 8.027818140803905 137.71345856616801 3.45
    endloop
  endfacet
  facet normal 0.6343932841636443 0.7730104533627381 0
    outer loop
      vertex 4.972181859196094 137.71345856616801 0
      vertex 4.555456351736995 138.055456351737 3.45
      vertex 4.972181859196094 137.71345856616801 3.45
    endloop
  endfacet
  facet normal 0.6343932841636443 -0.7730104533627381 0
    outer loop
      vertex 4.555456351736995 141.944543648263 0
      vertex 4.972181859196094 142.28654143383199 3.45
      vertex 4.555456351736995 141.944543648263 3.45
    endloop
  endfacet
  facet normal 0.4713967368259975 -0.881921264348355 0
    outer loop
      vertex 4.972181859196094 142.28654143383199 0
      vertex 5.447620560996003 142.54066871440602 3.45
      vertex 4.972181859196094 142.28654143383199 3.45
    endloop
  endfacet
  facet normal 0.29028467725449186 -0.9569403357321999 0
    outer loop
      vertex 5.447620560996003 142.54066871440602 0
      vertex 5.963501614455647 142.6971595211089 3.45
      vertex 5.447620560996003 142.54066871440602 3.45
    endloop
  endfacet
  facet normal 0.09801714032955498 -0.9951847266721975 0
    outer loop
      vertex 5.963501614455647 142.6971595211089 0
      vertex 6.5 142.75 3.45
      vertex 5.963501614455647 142.6971595211089 3.45
    endloop
  endfacet
  facet normal -0.09801714032955498 -0.9951847266721975 0
    outer loop
      vertex 6.5 142.75 0
      vertex 7.036498385544353 142.6971595211089 3.45
      vertex 6.5 142.75 3.45
    endloop
  endfacet
  facet normal -0.6343932841636433 0.7730104533627387 0
    outer loop
      vertex 8.444543648263005 138.055456351737 0
      vertex 8.027818140803905 137.71345856616801 3.45
      vertex 8.444543648263005 138.055456351737 3.45
    endloop
  endfacet
  facet normal -0.7730104533627304 0.6343932841636534 0
    outer loop
      vertex 8.786541433832 138.4721818591961 0
      vertex 8.444543648263005 138.055456351737 3.45
      vertex 8.786541433832 138.4721818591961 3.45
    endloop
  endfacet
  facet normal -0.8819212643483523 0.47139673682600297 0
    outer loop
      vertex 9.040668714406038 138.947620560996 0
      vertex 8.786541433832 138.4721818591961 3.45
      vertex 9.040668714406038 138.947620560996 3.45
    endloop
  endfacet
  facet normal -0.9569403357322102 0.29028467725445806 0
    outer loop
      vertex 9.197159521108883 139.46350161445565 0
      vertex 9.040668714406038 138.947620560996 3.45
      vertex 9.197159521108883 139.46350161445565 3.45
    endloop
  endfacet
  facet normal -0.9951847266721967 0.09801714032956231 0
    outer loop
      vertex 9.25 140 0
      vertex 9.197159521108883 139.46350161445565 3.45
      vertex 9.25 140 3.45
    endloop
  endfacet
  facet normal -0.9951847266721967 -0.09801714032956231 0
    outer loop
      vertex 9.197159521108883 140.53649838554435 0
      vertex 9.25 140 3.45
      vertex 9.197159521108883 140.53649838554435 3.45
    endloop
  endfacet
  facet normal -0.9569403357322102 -0.29028467725445806 0
    outer loop
      vertex 9.040668714406038 141.052379439004 0
      vertex 9.197159521108883 140.53649838554435 3.45
      vertex 9.040668714406038 141.052379439004 3.45
    endloop
  endfacet
  facet normal -0.29028467725449186 -0.9569403357321999 0
    outer loop
      vertex 7.036498385544353 142.6971595211089 0
      vertex 7.552379439003997 142.54066871440602 3.45
      vertex 7.036498385544353 142.6971595211089 3.45
    endloop
  endfacet
  facet normal -0.4713967368259982 -0.8819212643483548 0
    outer loop
      vertex 7.552379439003997 142.54066871440602 0
      vertex 8.027818140803905 142.28654143383199 3.45
      vertex 7.552379439003997 142.54066871440602 3.45
    endloop
  endfacet
  facet normal -0.7730104533627304 -0.6343932841636534 0
    outer loop
      vertex 8.444543648263005 141.944543648263 0
      vertex 8.786541433832 141.5278181408039 3.45
      vertex 8.444543648263005 141.944543648263 3.45
    endloop
  endfacet
  facet normal -0.6343932841636433 -0.7730104533627387 0
    outer loop
      vertex 8.027818140803905 142.28654143383199 0
      vertex 8.444543648263005 141.944543648263 3.45
      vertex 8.027818140803905 142.28654143383199 3.45
    endloop
  endfacet
  facet normal -0.8819212643483523 -0.47139673682600297 0
    outer loop
      vertex 8.786541433832 141.5278181408039 0
      vertex 9.040668714406038 141.052379439004 3.45
      vertex 8.786541433832 141.5278181408039 3.45
    endloop
  endfacet
  facet normal 0.7730104533627304 0.6343932841636534 0
    outer loop
      vertex 4.213458566168001 157.4721818591961 0
      vertex 4.213458566168001 157.4721818591961 3.45
      vertex 4.555456351736995 157.055456351737 0
    endloop
  endfacet
  facet normal 0.4713967368259975 0.881921264348355 0
    outer loop
      vertex 4.972181859196094 156.71345856616801 0
      vertex 4.972181859196094 156.71345856616801 3.45
      vertex 5.447620560996003 156.45933128559398 0
    endloop
  endfacet
  facet normal 0.6343932841636443 0.7730104533627381 0
    outer loop
      vertex 4.555456351736995 157.055456351737 0
      vertex 4.555456351736995 157.055456351737 3.45
      vertex 4.972181859196094 156.71345856616801 0
    endloop
  endfacet
  facet normal 0.29028467725449186 0.9569403357321999 0
    outer loop
      vertex 5.447620560996003 156.45933128559398 0
      vertex 5.447620560996003 156.45933128559398 3.45
      vertex 5.963501614455647 156.3028404788911 0
    endloop
  endfacet
  facet normal 0.09801714032955498 0.9951847266721975 0
    outer loop
      vertex 5.963501614455647 156.3028404788911 0
      vertex 5.963501614455647 156.3028404788911 3.45
      vertex 6.5 156.25 0
    endloop
  endfacet
  facet normal -0.09801714032955498 0.9951847266721975 0
    outer loop
      vertex 6.5 156.25 0
      vertex 6.5 156.25 3.45
      vertex 7.036498385544353 156.3028404788911 0
    endloop
  endfacet
  facet normal -0.29028467725449186 0.9569403357321999 0
    outer loop
      vertex 7.036498385544353 156.3028404788911 0
      vertex 7.036498385544353 156.3028404788911 3.45
      vertex 7.552379439003997 156.45933128559398 0
    endloop
  endfacet
  facet normal -0.4713967368259982 0.8819212643483548 0
    outer loop
      vertex 7.552379439003997 156.45933128559398 0
      vertex 7.552379439003997 156.45933128559398 3.45
      vertex 8.027818140803905 156.71345856616801 0
    endloop
  endfacet
  facet normal -0.6343932841636433 0.7730104533627387 0
    outer loop
      vertex 8.027818140803905 156.71345856616801 0
      vertex 8.027818140803905 156.71345856616801 3.45
      vertex 8.444543648263005 157.055456351737 0
    endloop
  endfacet
  facet normal -0.7730104533627304 0.6343932841636534 0
    outer loop
      vertex 8.444543648263005 157.055456351737 0
      vertex 8.444543648263005 157.055456351737 3.45
      vertex 8.786541433832 157.4721818591961 0
    endloop
  endfacet
  facet normal 0.8819212643483523 0.47139673682600297 2.029425084058263e-18
    outer loop
      vertex 4.213458566168001 157.4721818591961 0
      vertex 3.9593312855939615 157.947620560996 0
      vertex 3.9593312855939615 157.947620560996 3.45
    endloop
  endfacet
  facet normal 0.9569403357322099 0.29028467725445883 -2.9934646871613265e-18
    outer loop
      vertex 3.9593312855939615 157.947620560996 0
      vertex 3.8028404788911163 158.46350161445565 0
      vertex 3.8028404788911163 158.46350161445565 3.45
    endloop
  endfacet
  facet normal 0.9951847266721968 0.09801714032956149 0
    outer loop
      vertex 3.75 159 0
      vertex 3.75 159 3.45
      vertex 3.8028404788911163 158.46350161445565 0
    endloop
  endfacet
  facet normal 0.9951847266721968 -0.09801714032956149 -2.588774138090289e-19
    outer loop
      vertex 3.75 159 0
      vertex 3.8028404788911163 159.53649838554435 0
      vertex 3.8028404788911163 159.53649838554435 3.45
    endloop
  endfacet
  facet normal 0.9569403357322099 -0.29028467725445883 2.9934646871613265e-18
    outer loop
      vertex 3.8028404788911163 159.53649838554435 0
      vertex 3.9593312855939615 160.052379439004 0
      vertex 3.9593312855939615 160.052379439004 3.45
    endloop
  endfacet
  facet normal 0.8819212643483523 -0.47139673682600297 -2.029425084058263e-18
    outer loop
      vertex 3.9593312855939615 160.052379439004 0
      vertex 4.213458566168001 160.5278181408039 0
      vertex 4.213458566168001 160.5278181408039 3.45
    endloop
  endfacet
  facet normal 0.7730104533627304 -0.6343932841636534 -6.682338139632725e-18
    outer loop
      vertex 4.213458566168001 160.5278181408039 0
      vertex 4.555456351736995 160.944543648263 0
      vertex 4.555456351736995 160.944543648263 3.45
    endloop
  endfacet
  facet normal 0.6343932841636443 -0.7730104533627381 5.628380368021384e-18
    outer loop
      vertex 4.555456351736995 160.944543648263 0
      vertex 4.972181859196094 161.28654143383199 0
      vertex 4.972181859196094 161.28654143383199 3.45
    endloop
  endfacet
  facet normal 0.4713967368259975 -0.881921264348355 -1.1850046327484117e-18
    outer loop
      vertex 4.972181859196094 161.28654143383199 0
      vertex 5.447620560996003 161.54066871440602 0
      vertex 5.447620560996003 161.54066871440602 3.45
    endloop
  endfacet
  facet normal 0.29028467725449186 -0.9569403357321999 7.270675717542575e-19
    outer loop
      vertex 5.447620560996003 161.54066871440602 0
      vertex 5.963501614455647 161.6971595211089 0
      vertex 5.963501614455647 161.6971595211089 3.45
    endloop
  endfacet
  facet normal 0.09801714032955498 -0.9951847266721975 -3.833763616366877e-19
    outer loop
      vertex 5.963501614455647 161.6971595211089 0
      vertex 6.5 161.75 0
      vertex 6.5 161.75 3.45
    endloop
  endfacet
  facet normal -0.09801714032955498 -0.9951847266721975 3.833763616366877e-19
    outer loop
      vertex 6.5 161.75 0
      vertex 7.036498385544353 161.6971595211089 0
      vertex 7.036498385544353 161.6971595211089 3.45
    endloop
  endfacet
  facet normal -0.8819212643483523 0.47139673682600297 0
    outer loop
      vertex 8.786541433832 157.4721818591961 0
      vertex 8.786541433832 157.4721818591961 3.45
      vertex 9.040668714406038 157.947620560996 0
    endloop
  endfacet
  facet normal -0.9569403357322102 0.29028467725445806 0
    outer loop
      vertex 9.040668714406038 157.947620560996 0
      vertex 9.040668714406038 157.947620560996 3.45
      vertex 9.197159521108883 158.46350161445565 0
    endloop
  endfacet
  facet normal -0.9951847266721967 0.09801714032956231 0
    outer loop
      vertex 9.197159521108883 158.46350161445565 0
      vertex 9.197159521108883 158.46350161445565 3.45
      vertex 9.25 159 0
    endloop
  endfacet
  facet normal -0.9951847266721967 -0.09801714032956231 8.711203962743065e-19
    outer loop
      vertex 9.197159521108883 159.53649838554435 0
      vertex 9.25 159 0
      vertex 9.25 159 3.45
    endloop
  endfacet
  facet normal -0.9569403357322102 -0.29028467725445806 0
    outer loop
      vertex 9.197159521108883 159.53649838554435 0
      vertex 9.197159521108883 159.53649838554435 3.45
      vertex 9.040668714406038 160.052379439004 0
    endloop
  endfacet
  facet normal -0.8819212643483523 -0.47139673682600297 2.029425084058263e-18
    outer loop
      vertex 8.786541433832 160.5278181408039 0
      vertex 9.040668714406038 160.052379439004 0
      vertex 9.040668714406038 160.052379439004 3.45
    endloop
  endfacet
  facet normal -0.7730104533627304 -0.6343932841636534 0
    outer loop
      vertex 8.786541433832 160.5278181408039 0
      vertex 8.786541433832 160.5278181408039 3.45
      vertex 8.444543648263005 160.944543648263 0
    endloop
  endfacet
  facet normal -0.29028467725449186 -0.9569403357321999 -7.270675717542575e-19
    outer loop
      vertex 7.036498385544353 161.6971595211089 0
      vertex 7.552379439003997 161.54066871440602 0
      vertex 7.552379439003997 161.54066871440602 3.45
    endloop
  endfacet
  facet normal -0.4713967368259982 -0.8819212643483548 3.1559763750987465e-18
    outer loop
      vertex 7.552379439003997 161.54066871440602 0
      vertex 8.027818140803905 161.28654143383199 0
      vertex 8.027818140803905 161.28654143383199 3.45
    endloop
  endfacet
  facet normal -0.6343932841636433 -0.7730104533627387 -4.791615077147273e-18
    outer loop
      vertex 8.027818140803905 161.28654143383199 0
      vertex 8.444543648263005 160.944543648263 0
      vertex 8.444543648263005 160.944543648263 3.45
    endloop
  endfacet
  facet normal 0.7730104533627304 0.6343932841636534 0
    outer loop
      vertex 4.555456351736995 157.055456351737 0
      vertex 4.213458566168001 157.4721818591961 3.45
      vertex 4.555456351736995 157.055456351737 3.45
    endloop
  endfacet
  facet normal 0.6343932841636443 0.7730104533627381 0
    outer loop
      vertex 4.972181859196094 156.71345856616801 0
      vertex 4.555456351736995 157.055456351737 3.45
      vertex 4.972181859196094 156.71345856616801 3.45
    endloop
  endfacet
  facet normal 0.4713967368259975 0.881921264348355 0
    outer loop
      vertex 5.447620560996003 156.45933128559398 0
      vertex 4.972181859196094 156.71345856616801 3.45
      vertex 5.447620560996003 156.45933128559398 3.45
    endloop
  endfacet
  facet normal 0.29028467725449186 0.9569403357321999 0
    outer loop
      vertex 5.963501614455647 156.3028404788911 0
      vertex 5.447620560996003 156.45933128559398 3.45
      vertex 5.963501614455647 156.3028404788911 3.45
    endloop
  endfacet
  facet normal 0.09801714032955498 0.9951847266721975 0
    outer loop
      vertex 6.5 156.25 0
      vertex 5.963501614455647 156.3028404788911 3.45
      vertex 6.5 156.25 3.45
    endloop
  endfacet
  facet normal -0.09801714032955498 0.9951847266721975 0
    outer loop
      vertex 7.036498385544353 156.3028404788911 0
      vertex 6.5 156.25 3.45
      vertex 7.036498385544353 156.3028404788911 3.45
    endloop
  endfacet
  facet normal -0.29028467725449186 0.9569403357321999 0
    outer loop
      vertex 7.552379439003997 156.45933128559398 0
      vertex 7.036498385544353 156.3028404788911 3.45
      vertex 7.552379439003997 156.45933128559398 3.45
    endloop
  endfacet
  facet normal -0.4713967368259982 0.8819212643483548 0
    outer loop
      vertex 8.027818140803905 156.71345856616801 0
      vertex 7.552379439003997 156.45933128559398 3.45
      vertex 8.027818140803905 156.71345856616801 3.45
    endloop
  endfacet
  facet normal -0.6343932841636433 0.7730104533627387 0
    outer loop
      vertex 8.444543648263005 157.055456351737 0
      vertex 8.027818140803905 156.71345856616801 3.45
      vertex 8.444543648263005 157.055456351737 3.45
    endloop
  endfacet
  facet normal -0.7730104533627304 0.6343932841636534 0
    outer loop
      vertex 8.786541433832 157.4721818591961 0
      vertex 8.444543648263005 157.055456351737 3.45
      vertex 8.786541433832 157.4721818591961 3.45
    endloop
  endfacet
  facet normal 0.9569403357322099 0.29028467725445883 0
    outer loop
      vertex 3.9593312855939615 157.947620560996 0
      vertex 3.8028404788911163 158.46350161445565 3.45
      vertex 3.9593312855939615 157.947620560996 3.45
    endloop
  endfacet
  facet normal 0.9951847266721968 0.09801714032956149 0
    outer loop
      vertex 3.8028404788911163 158.46350161445565 0
      vertex 3.75 159 3.45
      vertex 3.8028404788911163 158.46350161445565 3.45
    endloop
  endfacet
  facet normal 0.8819212643483523 0.47139673682600297 0
    outer loop
      vertex 4.213458566168001 157.4721818591961 0
      vertex 3.9593312855939615 157.947620560996 3.45
      vertex 4.213458566168001 157.4721818591961 3.45
    endloop
  endfacet
  facet normal 0.9951847266721968 -0.09801714032956149 0
    outer loop
      vertex 3.75 159 0
      vertex 3.8028404788911163 159.53649838554435 3.45
      vertex 3.75 159 3.45
    endloop
  endfacet
  facet normal 0.9569403357322099 -0.29028467725445883 0
    outer loop
      vertex 3.8028404788911163 159.53649838554435 0
      vertex 3.9593312855939615 160.052379439004 3.45
      vertex 3.8028404788911163 159.53649838554435 3.45
    endloop
  endfacet
  facet normal 0.8819212643483523 -0.47139673682600297 0
    outer loop
      vertex 3.9593312855939615 160.052379439004 0
      vertex 4.213458566168001 160.5278181408039 3.45
      vertex 3.9593312855939615 160.052379439004 3.45
    endloop
  endfacet
  facet normal 0.7730104533627304 -0.6343932841636534 0
    outer loop
      vertex 4.213458566168001 160.5278181408039 0
      vertex 4.555456351736995 160.944543648263 3.45
      vertex 4.213458566168001 160.5278181408039 3.45
    endloop
  endfacet
  facet normal 0.6343932841636443 -0.7730104533627381 0
    outer loop
      vertex 4.555456351736995 160.944543648263 0
      vertex 4.972181859196094 161.28654143383199 3.45
      vertex 4.555456351736995 160.944543648263 3.45
    endloop
  endfacet
  facet normal 0.4713967368259975 -0.881921264348355 0
    outer loop
      vertex 4.972181859196094 161.28654143383199 0
      vertex 5.447620560996003 161.54066871440602 3.45
      vertex 4.972181859196094 161.28654143383199 3.45
    endloop
  endfacet
  facet normal 0.29028467725449186 -0.9569403357321999 0
    outer loop
      vertex 5.447620560996003 161.54066871440602 0
      vertex 5.963501614455647 161.6971595211089 3.45
      vertex 5.447620560996003 161.54066871440602 3.45
    endloop
  endfacet
  facet normal 0.09801714032955498 -0.9951847266721975 0
    outer loop
      vertex 5.963501614455647 161.6971595211089 0
      vertex 6.5 161.75 3.45
      vertex 5.963501614455647 161.6971595211089 3.45
    endloop
  endfacet
  facet normal -0.09801714032955498 -0.9951847266721975 0
    outer loop
      vertex 6.5 161.75 0
      vertex 7.036498385544353 161.6971595211089 3.45
      vertex 6.5 161.75 3.45
    endloop
  endfacet
  facet normal -0.8819212643483523 0.47139673682600297 0
    outer loop
      vertex 9.040668714406038 157.947620560996 0
      vertex 8.786541433832 157.4721818591961 3.45
      vertex 9.040668714406038 157.947620560996 3.45
    endloop
  endfacet
  facet normal -0.9569403357322102 0.29028467725445806 0
    outer loop
      vertex 9.197159521108883 158.46350161445565 0
      vertex 9.040668714406038 157.947620560996 3.45
      vertex 9.197159521108883 158.46350161445565 3.45
    endloop
  endfacet
  facet normal -0.9951847266721967 0.09801714032956231 0
    outer loop
      vertex 9.25 159 0
      vertex 9.197159521108883 158.46350161445565 3.45
      vertex 9.25 159 3.45
    endloop
  endfacet
  facet normal -0.9951847266721967 -0.09801714032956231 0
    outer loop
      vertex 9.197159521108883 159.53649838554435 0
      vertex 9.25 159 3.45
      vertex 9.197159521108883 159.53649838554435 3.45
    endloop
  endfacet
  facet normal -0.9569403357322102 -0.29028467725445806 0
    outer loop
      vertex 9.040668714406038 160.052379439004 0
      vertex 9.197159521108883 159.53649838554435 3.45
      vertex 9.040668714406038 160.052379439004 3.45
    endloop
  endfacet
  facet normal -0.8819212643483523 -0.47139673682600297 0
    outer loop
      vertex 8.786541433832 160.5278181408039 0
      vertex 9.040668714406038 160.052379439004 3.45
      vertex 8.786541433832 160.5278181408039 3.45
    endloop
  endfacet
  facet normal -0.29028467725449186 -0.9569403357321999 0
    outer loop
      vertex 7.036498385544353 161.6971595211089 0
      vertex 7.552379439003997 161.54066871440602 3.45
      vertex 7.036498385544353 161.6971595211089 3.45
    endloop
  endfacet
  facet normal -0.4713967368259982 -0.8819212643483548 0
    outer loop
      vertex 7.552379439003997 161.54066871440602 0
      vertex 8.027818140803905 161.28654143383199 3.45
      vertex 7.552379439003997 161.54066871440602 3.45
    endloop
  endfacet
  facet normal -0.6343932841636433 -0.7730104533627387 0
    outer loop
      vertex 8.027818140803905 161.28654143383199 0
      vertex 8.444543648263005 160.944543648263 3.45
      vertex 8.027818140803905 161.28654143383199 3.45
    endloop
  endfacet
  facet normal -0.7730104533627304 -0.6343932841636534 0
    outer loop
      vertex 8.444543648263005 160.944543648263 0
      vertex 8.786541433832 160.5278181408039 3.45
      vertex 8.444543648263005 160.944543648263 3.45
    endloop
  endfacet
  facet normal 0.8819212643483523 0.47139673682600297 0
    outer loop
      vertex 3.9593312855939615 176.947620560996 0
      vertex 3.9593312855939615 176.947620560996 3.45
      vertex 4.213458566168001 176.4721818591961 0
    endloop
  endfacet
  facet normal 0.7730104533627304 0.6343932841636534 6.682338139632725e-18
    outer loop
      vertex 4.555456351736995 176.055456351737 0
      vertex 4.213458566168001 176.4721818591961 0
      vertex 4.213458566168001 176.4721818591961 3.45
    endloop
  endfacet
  facet normal 0.9569403357322099 0.29028467725445883 -2.9934646871613265e-18
    outer loop
      vertex 3.9593312855939615 176.947620560996 0
      vertex 3.8028404788911163 177.46350161445565 0
      vertex 3.8028404788911163 177.46350161445565 3.45
    endloop
  endfacet
  facet normal 0.9951847266721968 0.09801714032956149 0
    outer loop
      vertex 3.75 178 0
      vertex 3.75 178 3.45
      vertex 3.8028404788911163 177.46350161445565 0
    endloop
  endfacet
  facet normal 0.9951847266721968 -0.09801714032956149 -2.588774138090289e-19
    outer loop
      vertex 3.75 178 0
      vertex 3.8028404788911163 178.53649838554435 0
      vertex 3.8028404788911163 178.53649838554435 3.45
    endloop
  endfacet
  facet normal 0.9569403357322099 -0.29028467725445883 2.9934646871613265e-18
    outer loop
      vertex 3.8028404788911163 178.53649838554435 0
      vertex 3.9593312855939615 179.052379439004 0
      vertex 3.9593312855939615 179.052379439004 3.45
    endloop
  endfacet
  facet normal 0.8819212643483523 -0.47139673682600297 -2.029425084058263e-18
    outer loop
      vertex 3.9593312855939615 179.052379439004 0
      vertex 4.213458566168001 179.5278181408039 0
      vertex 4.213458566168001 179.5278181408039 3.45
    endloop
  endfacet
  facet normal 0.7730104533627304 -0.6343932841636534 -6.682338139632725e-18
    outer loop
      vertex 4.213458566168001 179.5278181408039 0
      vertex 4.555456351736995 179.944543648263 0
      vertex 4.555456351736995 179.944543648263 3.45
    endloop
  endfacet
  facet normal 0.29028467725449186 0.9569403357321999 0
    outer loop
      vertex 5.447620560996003 175.45933128559398 0
      vertex 5.447620560996003 175.45933128559398 3.45
      vertex 5.963501614455647 175.3028404788911 0
    endloop
  endfacet
  facet normal 0.6343932841636443 0.7730104533627381 0
    outer loop
      vertex 4.555456351736995 176.055456351737 0
      vertex 4.555456351736995 176.055456351737 3.45
      vertex 4.972181859196094 175.71345856616801 0
    endloop
  endfacet
  facet normal 0.4713967368259975 0.881921264348355 1.1850046327484117e-18
    outer loop
      vertex 5.447620560996003 175.45933128559398 0
      vertex 4.972181859196094 175.71345856616801 0
      vertex 4.972181859196094 175.71345856616801 3.45
    endloop
  endfacet
  facet normal 0.09801714032955498 0.9951847266721975 0
    outer loop
      vertex 5.963501614455647 175.3028404788911 0
      vertex 5.963501614455647 175.3028404788911 3.45
      vertex 6.5 175.25 0
    endloop
  endfacet
  facet normal -0.09801714032955498 0.9951847266721975 0
    outer loop
      vertex 6.5 175.25 0
      vertex 6.5 175.25 3.45
      vertex 7.036498385544353 175.3028404788911 0
    endloop
  endfacet
  facet normal -0.29028467725449186 0.9569403357321999 0
    outer loop
      vertex 7.036498385544353 175.3028404788911 0
      vertex 7.036498385544353 175.3028404788911 3.45
      vertex 7.552379439003997 175.45933128559398 0
    endloop
  endfacet
  facet normal -0.4713967368259982 0.8819212643483548 0
    outer loop
      vertex 7.552379439003997 175.45933128559398 0
      vertex 7.552379439003997 175.45933128559398 3.45
      vertex 8.027818140803905 175.71345856616801 0
    endloop
  endfacet
  facet normal -0.6343932841636433 0.7730104533627387 0
    outer loop
      vertex 8.027818140803905 175.71345856616801 0
      vertex 8.027818140803905 175.71345856616801 3.45
      vertex 8.444543648263005 176.055456351737 0
    endloop
  endfacet
  facet normal -0.7730104533627304 0.6343932841636534 0
    outer loop
      vertex 8.444543648263005 176.055456351737 0
      vertex 8.444543648263005 176.055456351737 3.45
      vertex 8.786541433832 176.4721818591961 0
    endloop
  endfacet
  facet normal -0.8819212643483523 0.47139673682600297 0
    outer loop
      vertex 8.786541433832 176.4721818591961 0
      vertex 8.786541433832 176.4721818591961 3.45
      vertex 9.040668714406038 176.947620560996 0
    endloop
  endfacet
  facet normal -0.9569403357322102 0.29028467725445806 0
    outer loop
      vertex 9.040668714406038 176.947620560996 0
      vertex 9.040668714406038 176.947620560996 3.45
      vertex 9.197159521108883 177.46350161445565 0
    endloop
  endfacet
  facet normal 0.6343932841636443 -0.7730104533627381 5.628380368021384e-18
    outer loop
      vertex 4.555456351736995 179.944543648263 0
      vertex 4.972181859196094 180.28654143383199 0
      vertex 4.972181859196094 180.28654143383199 3.45
    endloop
  endfacet
  facet normal 0.4713967368259975 -0.881921264348355 -1.1850046327484117e-18
    outer loop
      vertex 4.972181859196094 180.28654143383199 0
      vertex 5.447620560996003 180.54066871440602 0
      vertex 5.447620560996003 180.54066871440602 3.45
    endloop
  endfacet
  facet normal 0.29028467725449186 -0.9569403357321999 7.270675717542575e-19
    outer loop
      vertex 5.447620560996003 180.54066871440602 0
      vertex 5.963501614455647 180.6971595211089 0
      vertex 5.963501614455647 180.6971595211089 3.45
    endloop
  endfacet
  facet normal 0.09801714032955498 -0.9951847266721975 -3.833763616366877e-19
    outer loop
      vertex 5.963501614455647 180.6971595211089 0
      vertex 6.5 180.75 0
      vertex 6.5 180.75 3.45
    endloop
  endfacet
  facet normal -0.09801714032955498 -0.9951847266721975 3.833763616366877e-19
    outer loop
      vertex 6.5 180.75 0
      vertex 7.036498385544353 180.6971595211089 0
      vertex 7.036498385544353 180.6971595211089 3.45
    endloop
  endfacet
  facet normal -0.4713967368259982 -0.8819212643483548 0
    outer loop
      vertex 8.027818140803905 180.28654143383199 0
      vertex 8.027818140803905 180.28654143383199 3.45
      vertex 7.552379439003997 180.54066871440602 0
    endloop
  endfacet
  facet normal -0.9951847266721967 0.09801714032956231 0
    outer loop
      vertex 9.197159521108883 177.46350161445565 0
      vertex 9.197159521108883 177.46350161445565 3.45
      vertex 9.25 178 0
    endloop
  endfacet
  facet normal -0.9951847266721967 -0.09801714032956231 8.711203962743065e-19
    outer loop
      vertex 9.197159521108883 178.53649838554435 0
      vertex 9.25 178 0
      vertex 9.25 178 3.45
    endloop
  endfacet
  facet normal -0.9569403357322102 -0.29028467725445806 0
    outer loop
      vertex 9.197159521108883 178.53649838554435 0
      vertex 9.197159521108883 178.53649838554435 3.45
      vertex 9.040668714406038 179.052379439004 0
    endloop
  endfacet
  facet normal -0.6343932841636433 -0.7730104533627387 -4.791615077147273e-18
    outer loop
      vertex 8.027818140803905 180.28654143383199 0
      vertex 8.444543648263005 179.944543648263 0
      vertex 8.444543648263005 179.944543648263 3.45
    endloop
  endfacet
  facet normal -0.8819212643483523 -0.47139673682600297 2.029425084058263e-18
    outer loop
      vertex 8.786541433832 179.5278181408039 0
      vertex 9.040668714406038 179.052379439004 0
      vertex 9.040668714406038 179.052379439004 3.45
    endloop
  endfacet
  facet normal -0.7730104533627304 -0.6343932841636534 6.682338139632725e-18
    outer loop
      vertex 8.444543648263005 179.944543648263 0
      vertex 8.786541433832 179.5278181408039 0
      vertex 8.786541433832 179.5278181408039 3.45
    endloop
  endfacet
  facet normal -0.29028467725449186 -0.9569403357321999 -7.270675717542575e-19
    outer loop
      vertex 7.036498385544353 180.6971595211089 0
      vertex 7.552379439003997 180.54066871440602 0
      vertex 7.552379439003997 180.54066871440602 3.45
    endloop
  endfacet
  facet normal 0.9569403357322099 0.29028467725445883 0
    outer loop
      vertex 3.9593312855939615 176.947620560996 0
      vertex 3.8028404788911163 177.46350161445565 3.45
      vertex 3.9593312855939615 176.947620560996 3.45
    endloop
  endfacet
  facet normal 0.7730104533627304 0.6343932841636534 0
    outer loop
      vertex 4.555456351736995 176.055456351737 0
      vertex 4.213458566168001 176.4721818591961 3.45
      vertex 4.555456351736995 176.055456351737 3.45
    endloop
  endfacet
  facet normal 0.8819212643483523 0.47139673682600297 0
    outer loop
      vertex 4.213458566168001 176.4721818591961 0
      vertex 3.9593312855939615 176.947620560996 3.45
      vertex 4.213458566168001 176.4721818591961 3.45
    endloop
  endfacet
  facet normal 0.9951847266721968 0.09801714032956149 0
    outer loop
      vertex 3.8028404788911163 177.46350161445565 0
      vertex 3.75 178 3.45
      vertex 3.8028404788911163 177.46350161445565 3.45
    endloop
  endfacet
  facet normal 0.9951847266721968 -0.09801714032956149 0
    outer loop
      vertex 3.75 178 0
      vertex 3.8028404788911163 178.53649838554435 3.45
      vertex 3.75 178 3.45
    endloop
  endfacet
  facet normal 0.9569403357322099 -0.29028467725445883 0
    outer loop
      vertex 3.8028404788911163 178.53649838554435 0
      vertex 3.9593312855939615 179.052379439004 3.45
      vertex 3.8028404788911163 178.53649838554435 3.45
    endloop
  endfacet
  facet normal 0.8819212643483523 -0.47139673682600297 0
    outer loop
      vertex 3.9593312855939615 179.052379439004 0
      vertex 4.213458566168001 179.5278181408039 3.45
      vertex 3.9593312855939615 179.052379439004 3.45
    endloop
  endfacet
  facet normal 0.7730104533627304 -0.6343932841636534 0
    outer loop
      vertex 4.213458566168001 179.5278181408039 0
      vertex 4.555456351736995 179.944543648263 3.45
      vertex 4.213458566168001 179.5278181408039 3.45
    endloop
  endfacet
  facet normal 0.4713967368259975 0.881921264348355 0
    outer loop
      vertex 5.447620560996003 175.45933128559398 0
      vertex 4.972181859196094 175.71345856616801 3.45
      vertex 5.447620560996003 175.45933128559398 3.45
    endloop
  endfacet
  facet normal 0.6343932841636443 0.7730104533627381 0
    outer loop
      vertex 4.972181859196094 175.71345856616801 0
      vertex 4.555456351736995 176.055456351737 3.45
      vertex 4.972181859196094 175.71345856616801 3.45
    endloop
  endfacet
  facet normal 0.29028467725449186 0.9569403357321999 0
    outer loop
      vertex 5.963501614455647 175.3028404788911 0
      vertex 5.447620560996003 175.45933128559398 3.45
      vertex 5.963501614455647 175.3028404788911 3.45
    endloop
  endfacet
  facet normal 0.09801714032955498 0.9951847266721975 0
    outer loop
      vertex 6.5 175.25 0
      vertex 5.963501614455647 175.3028404788911 3.45
      vertex 6.5 175.25 3.45
    endloop
  endfacet
  facet normal -0.09801714032955498 0.9951847266721975 0
    outer loop
      vertex 7.036498385544353 175.3028404788911 0
      vertex 6.5 175.25 3.45
      vertex 7.036498385544353 175.3028404788911 3.45
    endloop
  endfacet
  facet normal -0.29028467725449186 0.9569403357321999 0
    outer loop
      vertex 7.552379439003997 175.45933128559398 0
      vertex 7.036498385544353 175.3028404788911 3.45
      vertex 7.552379439003997 175.45933128559398 3.45
    endloop
  endfacet
  facet normal -0.4713967368259982 0.8819212643483548 0
    outer loop
      vertex 8.027818140803905 175.71345856616801 0
      vertex 7.552379439003997 175.45933128559398 3.45
      vertex 8.027818140803905 175.71345856616801 3.45
    endloop
  endfacet
  facet normal -0.6343932841636433 0.7730104533627387 0
    outer loop
      vertex 8.444543648263005 176.055456351737 0
      vertex 8.027818140803905 175.71345856616801 3.45
      vertex 8.444543648263005 176.055456351737 3.45
    endloop
  endfacet
  facet normal -0.7730104533627304 0.6343932841636534 0
    outer loop
      vertex 8.786541433832 176.4721818591961 0
      vertex 8.444543648263005 176.055456351737 3.45
      vertex 8.786541433832 176.4721818591961 3.45
    endloop
  endfacet
  facet normal -0.8819212643483523 0.47139673682600297 0
    outer loop
      vertex 9.040668714406038 176.947620560996 0
      vertex 8.786541433832 176.4721818591961 3.45
      vertex 9.040668714406038 176.947620560996 3.45
    endloop
  endfacet
  facet normal 0.6343932841636443 -0.7730104533627381 0
    outer loop
      vertex 4.555456351736995 179.944543648263 0
      vertex 4.972181859196094 180.28654143383199 3.45
      vertex 4.555456351736995 179.944543648263 3.45
    endloop
  endfacet
  facet normal 0.4713967368259975 -0.881921264348355 0
    outer loop
      vertex 4.972181859196094 180.28654143383199 0
      vertex 5.447620560996003 180.54066871440602 3.45
      vertex 4.972181859196094 180.28654143383199 3.45
    endloop
  endfacet
  facet normal 0.29028467725449186 -0.9569403357321999 0
    outer loop
      vertex 5.447620560996003 180.54066871440602 0
      vertex 5.963501614455647 180.6971595211089 3.45
      vertex 5.447620560996003 180.54066871440602 3.45
    endloop
  endfacet
  facet normal 0.09801714032955498 -0.9951847266721975 0
    outer loop
      vertex 5.963501614455647 180.6971595211089 0
      vertex 6.5 180.75 3.45
      vertex 5.963501614455647 180.6971595211089 3.45
    endloop
  endfacet
  facet normal -0.09801714032955498 -0.9951847266721975 0
    outer loop
      vertex 6.5 180.75 0
      vertex 7.036498385544353 180.6971595211089 3.45
      vertex 6.5 180.75 3.45
    endloop
  endfacet
  facet normal -0.4713967368259982 -0.8819212643483548 0
    outer loop
      vertex 7.552379439003997 180.54066871440602 0
      vertex 8.027818140803905 180.28654143383199 3.45
      vertex 7.552379439003997 180.54066871440602 3.45
    endloop
  endfacet
  facet normal -0.9569403357322102 0.29028467725445806 0
    outer loop
      vertex 9.197159521108883 177.46350161445565 0
      vertex 9.040668714406038 176.947620560996 3.45
      vertex 9.197159521108883 177.46350161445565 3.45
    endloop
  endfacet
  facet normal -0.9951847266721967 0.09801714032956231 0
    outer loop
      vertex 9.25 178 0
      vertex 9.197159521108883 177.46350161445565 3.45
      vertex 9.25 178 3.45
    endloop
  endfacet
  facet normal -0.9951847266721967 -0.09801714032956231 0
    outer loop
      vertex 9.197159521108883 178.53649838554435 0
      vertex 9.25 178 3.45
      vertex 9.197159521108883 178.53649838554435 3.45
    endloop
  endfacet
  facet normal -0.6343932841636433 -0.7730104533627387 0
    outer loop
      vertex 8.027818140803905 180.28654143383199 0
      vertex 8.444543648263005 179.944543648263 3.45
      vertex 8.027818140803905 180.28654143383199 3.45
    endloop
  endfacet
  facet normal -0.7730104533627304 -0.6343932841636534 0
    outer loop
      vertex 8.444543648263005 179.944543648263 0
      vertex 8.786541433832 179.5278181408039 3.45
      vertex 8.444543648263005 179.944543648263 3.45
    endloop
  endfacet
  facet normal -0.8819212643483523 -0.47139673682600297 0
    outer loop
      vertex 8.786541433832 179.5278181408039 0
      vertex 9.040668714406038 179.052379439004 3.45
      vertex 8.786541433832 179.5278181408039 3.45
    endloop
  endfacet
  facet normal -0.9569403357322102 -0.29028467725445806 0
    outer loop
      vertex 9.040668714406038 179.052379439004 0
      vertex 9.197159521108883 178.53649838554435 3.45
      vertex 9.040668714406038 179.052379439004 3.45
    endloop
  endfacet
  facet normal -0.29028467725449186 -0.9569403357321999 0
    outer loop
      vertex 7.036498385544353 180.6971595211089 0
      vertex 7.552379439003997 180.54066871440602 3.45
      vertex 7.036498385544353 180.6971595211089 3.45
    endloop
  endfacet
  facet normal 1 0 0
    outer loop
      vertex 12.25 7.5 0.35
      vertex 12.25 22.5 0.35
      vertex 12.25 22.5 0.59
    endloop
  endfacet
  facet normal 1 0 0
    outer loop
      vertex 12.25 7.5 0.35
      vertex 12.25 10.1 0.59
      vertex 12.25 7.5 0.59
    endloop
  endfacet
  facet normal 1 0 0
    outer loop
      vertex 12.25 7.5 0.35
      vertex 12.25 19.9 0.59
      vertex 12.25 10.1 0.59
    endloop
  endfacet
  facet normal 1 0 0
    outer loop
      vertex 12.25 7.5 0.35
      vertex 12.25 22.5 0.59
      vertex 12.25 19.9 0.59
    endloop
  endfacet
  facet normal 1 0 0
    outer loop
      vertex 12.25 10.1 0.59
      vertex 12.25 19.9 0.59
      vertex 12.25 10.1 0.62
    endloop
  endfacet
  facet normal 1 0 0
    outer loop
      vertex 12.25 10.1 0.62
      vertex 12.25 19.9 0.59
      vertex 12.25 19.9 0.62
    endloop
  endfacet
  facet normal 0 1 0
    outer loop
      vertex 12.25 7.5 0.35
      vertex 12.25 7.5 0.59
      vertex 38.06 7.5 0.35
    endloop
  endfacet
  facet normal 0 0 1
    outer loop
      vertex 12.25 7.5 0.35
      vertex 38.06 22.5 0.35
      vertex 12.25 22.5 0.35
    endloop
  endfacet
  facet normal 0 0 1
    outer loop
      vertex 12.25 7.5 0.35
      vertex 38.06 7.5 0.35
      vertex 36.849999999999994 10.1 0.35
    endloop
  endfacet
  facet normal 0 0 1
    outer loop
      vertex 12.25 7.5 0.35
      vertex 36.849999999999994 10.1 0.35
      vertex 36.849999999999994 19.9 0.35
    endloop
  endfacet
  facet normal 0 0 1
    outer loop
      vertex 12.25 7.5 0.35
      vertex 36.849999999999994 19.9 0.35
      vertex 38.06 22.5 0.35
    endloop
  endfacet
  facet normal 0 1 0
    outer loop
      vertex 12.25 7.5 0.59
      vertex 38.05 7.5 0.59
      vertex 38.06 7.5 0.35
    endloop
  endfacet
  facet normal 0 0 1
    outer loop
      vertex 36.849999999999994 10.1 0.35
      vertex 38.06 7.5 0.35
      vertex 38.05 10.1 0.35
    endloop
  endfacet
  facet normal 0 0 1
    outer loop
      vertex 38.06 7.5 0.35
      vertex 38.05 19.9 0.35
      vertex 38.05 10.1 0.35
    endloop
  endfacet
  facet normal 0 0 1
    outer loop
      vertex 38.06 7.5 0.35
      vertex 38.06 22.5 0.35
      vertex 38.05 19.9 0.35
    endloop
  endfacet
  facet normal 0 0 1
    outer loop
      vertex 36.849999999999994 19.9 0.35
      vertex 38.05 19.9 0.35
      vertex 38.06 22.5 0.35
    endloop
  endfacet
  facet normal 0 1 0
    outer loop
      vertex 38.06 7.5 0.35
      vertex 38.05 7.5 0.59
      vertex 38.06 7.5 0.6
    endloop
  endfacet
  facet normal -1 0 0
    outer loop
      vertex 38.06 7.5 0.35
      vertex 38.06 7.5 0.6
      vertex 38.06 22.5 0.35
    endloop
  endfacet
  facet normal 0 1 0
    outer loop
      vertex 38.05 7.5 0.59
      vertex 38.05 7.5 0.6
      vertex 38.06 7.5 0.6
    endloop
  endfacet
  facet normal -1 0 0
    outer loop
      vertex 38.06 22.5 0.35
      vertex 38.06 7.5 0.6
      vertex 38.06 22.5 0.6
    endloop
  endfacet
  facet normal 1 0 0
    outer loop
      vertex 12.25 22.5 0.35
      vertex 12.25 25.1 0.59
      vertex 12.25 22.5 0.59
    endloop
  endfacet
  facet normal 1 0 0
    outer loop
      vertex 12.25 22.5 0.35
      vertex 12.25 37.5 0.35
      vertex 12.25 37.5 0.59
    endloop
  endfacet
  facet normal 1 0 0
    outer loop
      vertex 12.25 22.5 0.35
      vertex 12.25 34.9 0.59
      vertex 12.25 25.1 0.59
    endloop
  endfacet
  facet normal 1 0 0
    outer loop
      vertex 12.25 22.5 0.35
      vertex 12.25 37.5 0.59
      vertex 12.25 34.9 0.59
    endloop
  endfacet
  facet normal 1 0 0
    outer loop
      vertex 12.25 25.1 0.59
      vertex 12.25 34.9 0.59
      vertex 12.25 25.1 0.62
    endloop
  endfacet
  facet normal 1 0 0
    outer loop
      vertex 12.25 25.1 0.62
      vertex 12.25 34.9 0.59
      vertex 12.25 34.9 0.62
    endloop
  endfacet
  facet normal 0 0 1
    outer loop
      vertex 12.25 22.5 0.35
      vertex 38.06 22.5 0.35
      vertex 36.849999999999994 25.1 0.35
    endloop
  endfacet
  facet normal 0 0 1
    outer loop
      vertex 12.25 22.5 0.35
      vertex 38.06 37.5 0.35
      vertex 12.25 37.5 0.35
    endloop
  endfacet
  facet normal 0 0 1
    outer loop
      vertex 12.25 22.5 0.35
      vertex 36.849999999999994 25.1 0.35
      vertex 36.849999999999994 34.900000000000006 0.35
    endloop
  endfacet
  facet normal 0 0 1
    outer loop
      vertex 12.25 22.5 0.35
      vertex 36.849999999999994 34.900000000000006 0.35
      vertex 38.06 37.5 0.35
    endloop
  endfacet
  facet normal 0 0 1
    outer loop
      vertex 36.849999999999994 25.1 0.35
      vertex 38.06 22.5 0.35
      vertex 38.05 25.1 0.35
    endloop
  endfacet
  facet normal 0 0 1
    outer loop
      vertex 38.06 22.5 0.35
      vertex 38.06 37.5 0.35
      vertex 38.05 25.1 0.35
    endloop
  endfacet
  facet normal 0 0 1
    outer loop
      vertex 38.05 25.1 0.35
      vertex 38.06 37.5 0.35
      vertex 38.05 34.900000000000006 0.35
    endloop
  endfacet
  facet normal 0 0 1
    outer loop
      vertex 36.849999999999994 34.900000000000006 0.35
      vertex 38.05 34.900000000000006 0.35
      vertex 38.06 37.5 0.35
    endloop
  endfacet
  facet normal -1 0 0
    outer loop
      vertex 38.06 22.5 0.35
      vertex 38.06 22.5 0.6
      vertex 38.06 37.5 0.35
    endloop
  endfacet
  facet normal -1 0 0
    outer loop
      vertex 38.06 22.5 0.6
      vertex 38.06 37.5 0.6
      vertex 38.06 37.5 0.35
    endloop
  endfacet
  facet normal 1 0 0
    outer loop
      vertex 12.25 37.5 0.35
      vertex 12.25 52.5 0.35
      vertex 12.25 52.5 0.59
    endloop
  endfacet
  facet normal 1 0 0
    outer loop
      vertex 12.25 37.5 0.35
      vertex 12.25 40.1 0.59
      vertex 12.25 37.5 0.59
    endloop
  endfacet
  facet normal 1 0 0
    outer loop
      vertex 12.25 37.5 0.35
      vertex 12.25 49.9 0.59
      vertex 12.25 40.1 0.59
    endloop
  endfacet
  facet normal 1 0 0
    outer loop
      vertex 12.25 40.1 0.59
      vertex 12.25 49.9 0.59
      vertex 12.25 40.1 0.62
    endloop
  endfacet
  facet normal 1 0 0
    outer loop
      vertex 12.25 37.5 0.35
      vertex 12.25 52.5 0.59
      vertex 12.25 49.9 0.59
    endloop
  endfacet
  facet normal 1 0 0
    outer loop
      vertex 12.25 40.1 0.62
      vertex 12.25 49.9 0.59
      vertex 12.25 49.9 0.62
    endloop
  endfacet
  facet normal 0 0 1
    outer loop
      vertex 12.25 37.5 0.35
      vertex 38.06 52.5 0.35
      vertex 12.25 52.5 0.35
    endloop
  endfacet
  facet normal 0 0 1
    outer loop
      vertex 12.25 37.5 0.35
      vertex 38.06 37.5 0.35
      vertex 36.849999999999994 40.1 0.35
    endloop
  endfacet
  facet normal 0 0 1
    outer loop
      vertex 12.25 37.5 0.35
      vertex 36.849999999999994 40.1 0.35
      vertex 36.849999999999994 49.900000000000006 0.35
    endloop
  endfacet
  facet normal 0 0 1
    outer loop
      vertex 12.25 37.5 0.35
      vertex 36.849999999999994 49.900000000000006 0.35
      vertex 38.06 52.5 0.35
    endloop
  endfacet
  facet normal 0 0 1
    outer loop
      vertex 36.849999999999994 40.1 0.35
      vertex 38.06 37.5 0.35
      vertex 38.05 40.1 0.35
    endloop
  endfacet
  facet normal 0 0 1
    outer loop
      vertex 38.06 37.5 0.35
      vertex 38.06 52.5 0.35
      vertex 38.05 40.1 0.35
    endloop
  endfacet
  facet normal 0 0 1
    outer loop
      vertex 38.05 40.1 0.35
      vertex 38.06 52.5 0.35
      vertex 38.05 49.900000000000006 0.35
    endloop
  endfacet
  facet normal 0 0 1
    outer loop
      vertex 36.849999999999994 49.900000000000006 0.35
      vertex 38.05 49.900000000000006 0.35
      vertex 38.06 52.5 0.35
    endloop
  endfacet
  facet normal -1 0 0
    outer loop
      vertex 38.06 37.5 0.35
      vertex 38.06 37.5 0.6
      vertex 38.06 52.5 0.35
    endloop
  endfacet
  facet normal -1 0 0
    outer loop
      vertex 38.06 37.5 0.6
      vertex 38.06 52.5 0.6
      vertex 38.06 52.5 0.35
    endloop
  endfacet
  facet normal 1 0 0
    outer loop
      vertex 12.25 52.5 0.35
      vertex 12.25 67.5 0.35
      vertex 12.25 67.5 0.59
    endloop
  endfacet
  facet normal 1 0 0
    outer loop
      vertex 12.25 52.5 0.35
      vertex 12.25 55.1 0.59
      vertex 12.25 52.5 0.59
    endloop
  endfacet
  facet normal 1 0 0
    outer loop
      vertex 12.25 52.5 0.35
      vertex 12.25 64.9 0.59
      vertex 12.25 55.1 0.59
    endloop
  endfacet
  facet normal 1 0 0
    outer loop
      vertex 12.25 55.1 0.59
      vertex 12.25 64.9 0.62
      vertex 12.25 55.1 0.62
    endloop
  endfacet
  facet normal 1 0 0
    outer loop
      vertex 12.25 52.5 0.35
      vertex 12.25 67.5 0.59
      vertex 12.25 64.9 0.59
    endloop
  endfacet
  facet normal 1 0 0
    outer loop
      vertex 12.25 55.1 0.59
      vertex 12.25 64.9 0.59
      vertex 12.25 64.9 0.62
    endloop
  endfacet
  facet normal 0 0 1
    outer loop
      vertex 12.25 52.5 0.35
      vertex 38.06 67.5 0.35
      vertex 12.25 67.5 0.35
    endloop
  endfacet
  facet normal 0 0 1
    outer loop
      vertex 12.25 52.5 0.35
      vertex 38.06 52.5 0.35
      vertex 36.849999999999994 55.1 0.35
    endloop
  endfacet
  facet normal 0 0 1
    outer loop
      vertex 12.25 52.5 0.35
      vertex 36.849999999999994 55.1 0.35
      vertex 36.849999999999994 64.9 0.35
    endloop
  endfacet
  facet normal 0 0 1
    outer loop
      vertex 12.25 52.5 0.35
      vertex 36.849999999999994 64.9 0.35
      vertex 38.06 67.5 0.35
    endloop
  endfacet
  facet normal 0 0 1
    outer loop
      vertex 36.849999999999994 55.1 0.35
      vertex 38.06 52.5 0.35
      vertex 38.05 55.1 0.35
    endloop
  endfacet
  facet normal 0 0 1
    outer loop
      vertex 38.06 52.5 0.35
      vertex 38.06 67.5 0.35
      vertex 38.05 55.1 0.35
    endloop
  endfacet
  facet normal 0 0 1
    outer loop
      vertex 38.05 55.1 0.35
      vertex 38.06 67.5 0.35
      vertex 38.05 64.9 0.35
    endloop
  endfacet
  facet normal 0 0 1
    outer loop
      vertex 36.849999999999994 64.9 0.35
      vertex 38.05 64.9 0.35
      vertex 38.06 67.5 0.35
    endloop
  endfacet
  facet normal -1 0 0
    outer loop
      vertex 38.06 52.5 0.35
      vertex 38.06 52.5 0.6
      vertex 38.06 67.5 0.35
    endloop
  endfacet
  facet normal -1 0 0
    outer loop
      vertex 38.06 67.5 0.35
      vertex 38.06 52.5 0.6
      vertex 38.06 67.5 0.6
    endloop
  endfacet
  facet normal 1 0 0
    outer loop
      vertex 12.25 67.5 0.35
      vertex 12.25 82.5 0.35
      vertex 12.25 82.5 0.59
    endloop
  endfacet
  facet normal 1 0 0
    outer loop
      vertex 12.25 67.5 0.35
      vertex 12.25 70.1 0.59
      vertex 12.25 67.5 0.59
    endloop
  endfacet
  facet normal 1 0 0
    outer loop
      vertex 12.25 67.5 0.35
      vertex 12.25 79.9 0.59
      vertex 12.25 70.1 0.59
    endloop
  endfacet
  facet normal 1 0 0
    outer loop
      vertex 12.25 67.5 0.35
      vertex 12.25 82.5 0.59
      vertex 12.25 79.9 0.59
    endloop
  endfacet
  facet normal 1 0 0
    outer loop
      vertex 12.25 70.1 0.59
      vertex 12.25 79.9 0.59
      vertex 12.25 70.1 0.62
    endloop
  endfacet
  facet normal 1 0 0
    outer loop
      vertex 12.25 70.1 0.62
      vertex 12.25 79.9 0.59
      vertex 12.25 79.9 0.62
    endloop
  endfacet
  facet normal 0 0 1
    outer loop
      vertex 12.25 67.5 0.35
      vertex 38.06 82.5 0.35
      vertex 12.25 82.5 0.35
    endloop
  endfacet
  facet normal 0 0 1
    outer loop
      vertex 12.25 67.5 0.35
      vertex 38.06 67.5 0.35
      vertex 36.849999999999994 70.1 0.35
    endloop
  endfacet
  facet normal 0 0 1
    outer loop
      vertex 12.25 67.5 0.35
      vertex 36.849999999999994 70.1 0.35
      vertex 36.849999999999994 79.89999999999999 0.35
    endloop
  endfacet
  facet normal 0 0 1
    outer loop
      vertex 12.25 67.5 0.35
      vertex 36.849999999999994 79.89999999999999 0.35
      vertex 38.06 82.5 0.35
    endloop
  endfacet
  facet normal 0 0 1
    outer loop
      vertex 36.849999999999994 70.1 0.35
      vertex 38.06 67.5 0.35
      vertex 38.05 70.1 0.35
    endloop
  endfacet
  facet normal 0 0 1
    outer loop
      vertex 38.06 67.5 0.35
      vertex 38.05 79.89999999999999 0.35
      vertex 38.05 70.1 0.35
    endloop
  endfacet
  facet normal 0 0 1
    outer loop
      vertex 38.06 67.5 0.35
      vertex 38.06 82.5 0.35
      vertex 38.05 79.89999999999999 0.35
    endloop
  endfacet
  facet normal -1 0 0
    outer loop
      vertex 38.06 67.5 0.35
      vertex 38.06 67.5 0.6
      vertex 38.06 82.5 0.35
    endloop
  endfacet
  facet normal -1 0 0
    outer loop
      vertex 38.06 67.5 0.6
      vertex 38.06 82.5 0.6
      vertex 38.06 82.5 0.35
    endloop
  endfacet
  facet normal 0 0 1
    outer loop
      vertex 36.849999999999994 79.89999999999999 0.35
      vertex 38.05 79.89999999999999 0.35
      vertex 38.06 82.5 0.35
    endloop
  endfacet
  facet normal 1 0 0
    outer loop
      vertex 12.25 82.5 0.35
      vertex 12.25 97.5 0.35
      vertex 12.25 97.5 0.59
    endloop
  endfacet
  facet normal 1 0 0
    outer loop
      vertex 12.25 82.5 0.35
      vertex 12.25 85.1 0.59
      vertex 12.25 82.5 0.59
    endloop
  endfacet
  facet normal 1 0 0
    outer loop
      vertex 12.25 82.5 0.35
      vertex 12.25 94.9 0.59
      vertex 12.25 85.1 0.59
    endloop
  endfacet
  facet normal 1 0 0
    outer loop
      vertex 12.25 82.5 0.35
      vertex 12.25 97.5 0.59
      vertex 12.25 94.9 0.59
    endloop
  endfacet
  facet normal 1 0 0
    outer loop
      vertex 12.25 85.1 0.59
      vertex 12.25 94.9 0.59
      vertex 12.25 85.1 0.62
    endloop
  endfacet
  facet normal 1 0 0
    outer loop
      vertex 12.25 85.1 0.62
      vertex 12.25 94.9 0.59
      vertex 12.25 94.9 0.62
    endloop
  endfacet
  facet normal 0 0 1
    outer loop
      vertex 12.25 82.5 0.35
      vertex 38.06 97.5 0.35
      vertex 12.25 97.5 0.35
    endloop
  endfacet
  facet normal 0 0 1
    outer loop
      vertex 12.25 82.5 0.35
      vertex 38.06 82.5 0.35
      vertex 36.849999999999994 85.1 0.35
    endloop
  endfacet
  facet normal 0 0 1
    outer loop
      vertex 12.25 82.5 0.35
      vertex 36.849999999999994 85.1 0.35
      vertex 36.849999999999994 94.89999999999999 0.35
    endloop
  endfacet
  facet normal 0 0 1
    outer loop
      vertex 12.25 82.5 0.35
      vertex 36.849999999999994 94.89999999999999 0.35
      vertex 38.06 97.5 0.35
    endloop
  endfacet
  facet normal 0 0 1
    outer loop
      vertex 36.849999999999994 85.1 0.35
      vertex 38.06 82.5 0.35
      vertex 38.05 85.1 0.35
    endloop
  endfacet
  facet normal 0 0 1
    outer loop
      vertex 38.06 82.5 0.35
      vertex 38.05 94.89999999999999 0.35
      vertex 38.05 85.1 0.35
    endloop
  endfacet
  facet normal 0 0 1
    outer loop
      vertex 38.06 82.5 0.35
      vertex 38.06 97.5 0.35
      vertex 38.05 94.89999999999999 0.35
    endloop
  endfacet
  facet normal 0 0 1
    outer loop
      vertex 36.849999999999994 94.89999999999999 0.35
      vertex 38.05 94.89999999999999 0.35
      vertex 38.06 97.5 0.35
    endloop
  endfacet
  facet normal -1 0 0
    outer loop
      vertex 38.06 82.5 0.35
      vertex 38.06 82.5 0.6
      vertex 38.06 97.5 0.35
    endloop
  endfacet
  facet normal -1 0 0
    outer loop
      vertex 38.06 97.5 0.35
      vertex 38.06 82.5 0.6
      vertex 38.06 97.5 0.6
    endloop
  endfacet
  facet normal 1 0 0
    outer loop
      vertex 12.25 97.5 0.35
      vertex 12.25 100.1 0.59
      vertex 12.25 97.5 0.59
    endloop
  endfacet
  facet normal 1 0 0
    outer loop
      vertex 12.25 97.5 0.35
      vertex 12.25 109.9 0.59
      vertex 12.25 100.1 0.59
    endloop
  endfacet
  facet normal 1 0 0
    outer loop
      vertex 12.25 100.1 0.59
      vertex 12.25 109.9 0.59
      vertex 12.25 100.1 0.62
    endloop
  endfacet
  facet normal 0 0 1
    outer loop
      vertex 12.25 97.5 0.35
      vertex 38.06 97.5 0.35
      vertex 36.849999999999994 100.1 0.35
    endloop
  endfacet
  facet normal 0 0 1
    outer loop
      vertex 12.25 97.5 0.35
      vertex 36.849999999999994 100.1 0.35
      vertex 36.849999999999994 109.89999999999999 0.35
    endloop
  endfacet
  facet normal 0 0 1
    outer loop
      vertex 36.849999999999994 100.1 0.35
      vertex 38.06 97.5 0.35
      vertex 38.05 100.1 0.35
    endloop
  endfacet
  facet normal 0 0 1
    outer loop
      vertex 38.06 97.5 0.35
      vertex 38.05 109.89999999999999 0.35
      vertex 38.05 100.1 0.35
    endloop
  endfacet
  facet normal -1 0 0
    outer loop
      vertex 38.06 97.5 0.35
      vertex 38.06 97.5 0.6
      vertex 38.06 112.5 0.35
    endloop
  endfacet
  facet normal 1 0 0
    outer loop
      vertex 12.25 97.5 0.35
      vertex 12.25 112.5 0.35
      vertex 12.25 112.5 0.59
    endloop
  endfacet
  facet normal 1 0 0
    outer loop
      vertex 12.25 97.5 0.35
      vertex 12.25 112.5 0.59
      vertex 12.25 109.9 0.59
    endloop
  endfacet
  facet normal 1 0 0
    outer loop
      vertex 12.25 100.1 0.62
      vertex 12.25 109.9 0.59
      vertex 12.25 109.9 0.62
    endloop
  endfacet
  facet normal 0 0 1
    outer loop
      vertex 12.25 97.5 0.35
      vertex 38.06 112.5 0.35
      vertex 12.25 112.5 0.35
    endloop
  endfacet
  facet normal 0 0 1
    outer loop
      vertex 12.25 97.5 0.35
      vertex 36.849999999999994 109.89999999999999 0.35
      vertex 38.06 112.5 0.35
    endloop
  endfacet
  facet normal 0 0 1
    outer loop
      vertex 38.06 97.5 0.35
      vertex 38.06 112.5 0.35
      vertex 38.05 109.89999999999999 0.35
    endloop
  endfacet
  facet normal 0 0 1
    outer loop
      vertex 36.849999999999994 109.89999999999999 0.35
      vertex 38.05 109.89999999999999 0.35
      vertex 38.06 112.5 0.35
    endloop
  endfacet
  facet normal -1 0 0
    outer loop
      vertex 38.06 97.5 0.6
      vertex 38.06 112.5 0.6
      vertex 38.06 112.5 0.35
    endloop
  endfacet
  facet normal 1 0 0
    outer loop
      vertex 12.25 112.5 0.35
      vertex 12.25 127.5 0.35
      vertex 12.25 127.5 0.59
    endloop
  endfacet
  facet normal 1 0 0
    outer loop
      vertex 12.25 112.5 0.35
      vertex 12.25 115.1 0.59
      vertex 12.25 112.5 0.59
    endloop
  endfacet
  facet normal 1 0 0
    outer loop
      vertex 12.25 112.5 0.35
      vertex 12.25 124.9 0.59
      vertex 12.25 115.1 0.59
    endloop
  endfacet
  facet normal 1 0 0
    outer loop
      vertex 12.25 112.5 0.35
      vertex 12.25 127.5 0.59
      vertex 12.25 124.9 0.59
    endloop
  endfacet
  facet normal 1 0 0
    outer loop
      vertex 12.25 115.1 0.59
      vertex 12.25 124.9 0.59
      vertex 12.25 115.1 0.62
    endloop
  endfacet
  facet normal 1 0 0
    outer loop
      vertex 12.25 115.1 0.62
      vertex 12.25 124.9 0.59
      vertex 12.25 124.9 0.62
    endloop
  endfacet
  facet normal 0 0 1
    outer loop
      vertex 12.25 112.5 0.35
      vertex 38.06 127.5 0.35
      vertex 12.25 127.5 0.35
    endloop
  endfacet
  facet normal 0 0 1
    outer loop
      vertex 12.25 112.5 0.35
      vertex 38.06 112.5 0.35
      vertex 36.849999999999994 115.1 0.35
    endloop
  endfacet
  facet normal 0 0 1
    outer loop
      vertex 12.25 112.5 0.35
      vertex 36.849999999999994 115.1 0.35
      vertex 36.849999999999994 124.89999999999999 0.35
    endloop
  endfacet
  facet normal 0 0 1
    outer loop
      vertex 12.25 112.5 0.35
      vertex 36.849999999999994 124.89999999999999 0.35
      vertex 38.06 127.5 0.35
    endloop
  endfacet
  facet normal 0 0 1
    outer loop
      vertex 36.849999999999994 115.1 0.35
      vertex 38.06 112.5 0.35
      vertex 38.05 115.1 0.35
    endloop
  endfacet
  facet normal 0 0 1
    outer loop
      vertex 38.06 112.5 0.35
      vertex 38.05 124.89999999999999 0.35
      vertex 38.05 115.1 0.35
    endloop
  endfacet
  facet normal 0 0 1
    outer loop
      vertex 38.06 112.5 0.35
      vertex 38.06 127.5 0.35
      vertex 38.05 124.89999999999999 0.35
    endloop
  endfacet
  facet normal 0 0 1
    outer loop
      vertex 36.849999999999994 124.89999999999999 0.35
      vertex 38.05 124.89999999999999 0.35
      vertex 38.06 127.5 0.35
    endloop
  endfacet
  facet normal -1 0 0
    outer loop
      vertex 38.06 112.5 0.35
      vertex 38.06 112.5 0.6
      vertex 38.06 127.5 0.35
    endloop
  endfacet
  facet normal -1 0 0
    outer loop
      vertex 38.06 127.5 0.35
      vertex 38.06 112.5 0.6
      vertex 38.06 127.5 0.6
    endloop
  endfacet
  facet normal 1 0 0
    outer loop
      vertex 12.25 127.5 0.35
      vertex 12.25 130.1 0.59
      vertex 12.25 127.5 0.59
    endloop
  endfacet
  facet normal 1 0 0
    outer loop
      vertex 12.25 127.5 0.35
      vertex 12.25 142.5 0.35
      vertex 12.25 142.5 0.59
    endloop
  endfacet
  facet normal 1 0 0
    outer loop
      vertex 12.25 127.5 0.35
      vertex 12.25 139.9 0.59
      vertex 12.25 130.1 0.59
    endloop
  endfacet
  facet normal 1 0 0
    outer loop
      vertex 12.25 127.5 0.35
      vertex 12.25 142.5 0.59
      vertex 12.25 139.9 0.59
    endloop
  endfacet
  facet normal 1 0 0
    outer loop
      vertex 12.25 130.1 0.59
      vertex 12.25 139.9 0.59
      vertex 12.25 130.1 0.62
    endloop
  endfacet
  facet normal 1 0 0
    outer loop
      vertex 12.25 130.1 0.62
      vertex 12.25 139.9 0.59
      vertex 12.25 139.9 0.62
    endloop
  endfacet
  facet normal 0 0 1
    outer loop
      vertex 12.25 127.5 0.35
      vertex 38.06 127.5 0.35
      vertex 36.849999999999994 130.1 0.35
    endloop
  endfacet
  facet normal 0 0 1
    outer loop
      vertex 12.25 127.5 0.35
      vertex 38.06 142.5 0.35
      vertex 12.25 142.5 0.35
    endloop
  endfacet
  facet normal 0 0 1
    outer loop
      vertex 12.25 127.5 0.35
      vertex 36.849999999999994 130.1 0.35
      vertex 36.849999999999994 139.9 0.35
    endloop
  endfacet
  facet normal 0 0 1
    outer loop
      vertex 12.25 127.5 0.35
      vertex 36.849999999999994 139.9 0.35
      vertex 38.06 142.5 0.35
    endloop
  endfacet
  facet normal 0 0 1
    outer loop
      vertex 36.849999999999994 130.1 0.35
      vertex 38.06 127.5 0.35
      vertex 38.05 130.1 0.35
    endloop
  endfacet
  facet normal 0 0 1
    outer loop
      vertex 38.06 127.5 0.35
      vertex 38.06 142.5 0.35
      vertex 38.05 130.1 0.35
    endloop
  endfacet
  facet normal 0 0 1
    outer loop
      vertex 38.05 130.1 0.35
      vertex 38.06 142.5 0.35
      vertex 38.05 139.9 0.35
    endloop
  endfacet
  facet normal 0 0 1
    outer loop
      vertex 36.849999999999994 139.9 0.35
      vertex 38.05 139.9 0.35
      vertex 38.06 142.5 0.35
    endloop
  endfacet
  facet normal -1 0 0
    outer loop
      vertex 38.06 127.5 0.35
      vertex 38.06 127.5 0.6
      vertex 38.06 142.5 0.35
    endloop
  endfacet
  facet normal -1 0 0
    outer loop
      vertex 38.06 127.5 0.6
      vertex 38.06 142.5 0.6
      vertex 38.06 142.5 0.35
    endloop
  endfacet
  facet normal 1 0 0
    outer loop
      vertex 12.25 142.5 0.35
      vertex 12.25 157.5 0.35
      vertex 12.25 157.5 0.59
    endloop
  endfacet
  facet normal 1 0 0
    outer loop
      vertex 12.25 142.5 0.35
      vertex 12.25 145.1 0.59
      vertex 12.25 142.5 0.59
    endloop
  endfacet
  facet normal 1 0 0
    outer loop
      vertex 12.25 142.5 0.35
      vertex 12.25 154.9 0.59
      vertex 12.25 145.1 0.59
    endloop
  endfacet
  facet normal 1 0 0
    outer loop
      vertex 12.25 145.1 0.59
      vertex 12.25 154.9 0.59
      vertex 12.25 145.1 0.62
    endloop
  endfacet
  facet normal 1 0 0
    outer loop
      vertex 12.25 142.5 0.35
      vertex 12.25 157.5 0.59
      vertex 12.25 154.9 0.59
    endloop
  endfacet
  facet normal 1 0 0
    outer loop
      vertex 12.25 145.1 0.62
      vertex 12.25 154.9 0.59
      vertex 12.25 154.9 0.62
    endloop
  endfacet
  facet normal 0 0 1
    outer loop
      vertex 12.25 142.5 0.35
      vertex 38.06 157.5 0.35
      vertex 12.25 157.5 0.35
    endloop
  endfacet
  facet normal 0 0 1
    outer loop
      vertex 12.25 142.5 0.35
      vertex 38.06 142.5 0.35
      vertex 36.849999999999994 145.1 0.35
    endloop
  endfacet
  facet normal 0 0 1
    outer loop
      vertex 12.25 142.5 0.35
      vertex 36.849999999999994 145.1 0.35
      vertex 36.849999999999994 154.9 0.35
    endloop
  endfacet
  facet normal 0 0 1
    outer loop
      vertex 12.25 142.5 0.35
      vertex 36.849999999999994 154.9 0.35
      vertex 38.06 157.5 0.35
    endloop
  endfacet
  facet normal 0 0 1
    outer loop
      vertex 36.849999999999994 145.1 0.35
      vertex 38.06 142.5 0.35
      vertex 38.05 145.1 0.35
    endloop
  endfacet
  facet normal 0 0 1
    outer loop
      vertex 38.06 142.5 0.35
      vertex 38.06 157.5 0.35
      vertex 38.05 145.1 0.35
    endloop
  endfacet
  facet normal 0 0 1
    outer loop
      vertex 38.05 145.1 0.35
      vertex 38.06 157.5 0.35
      vertex 38.05 154.9 0.35
    endloop
  endfacet
  facet normal 0 0 1
    outer loop
      vertex 36.849999999999994 154.9 0.35
      vertex 38.05 154.9 0.35
      vertex 38.06 157.5 0.35
    endloop
  endfacet
  facet normal -1 0 0
    outer loop
      vertex 38.06 142.5 0.35
      vertex 38.06 142.5 0.6
      vertex 38.06 157.5 0.35
    endloop
  endfacet
  facet normal -1 0 0
    outer loop
      vertex 38.06 142.5 0.6
      vertex 38.06 157.5 0.6
      vertex 38.06 157.5 0.35
    endloop
  endfacet
  facet normal 1 0 0
    outer loop
      vertex 12.25 157.5 0.35
      vertex 12.25 172.5 0.35
      vertex 12.25 172.5 0.59
    endloop
  endfacet
  facet normal 1 0 0
    outer loop
      vertex 12.25 157.5 0.35
      vertex 12.25 160.1 0.59
      vertex 12.25 157.5 0.59
    endloop
  endfacet
  facet normal 1 0 0
    outer loop
      vertex 12.25 157.5 0.35
      vertex 12.25 169.9 0.59
      vertex 12.25 160.1 0.59
    endloop
  endfacet
  facet normal 1 0 0
    outer loop
      vertex 12.25 160.1 0.59
      vertex 12.25 169.9 0.59
      vertex 12.25 160.1 0.62
    endloop
  endfacet
  facet normal 1 0 0
    outer loop
      vertex 12.25 157.5 0.35
      vertex 12.25 172.5 0.59
      vertex 12.25 169.9 0.59
    endloop
  endfacet
  facet normal 1 0 0
    outer loop
      vertex 12.25 160.1 0.62
      vertex 12.25 169.9 0.59
      vertex 12.25 169.9 0.62
    endloop
  endfacet
  facet normal 0 0 1
    outer loop
      vertex 12.25 157.5 0.35
      vertex 38.06 172.5 0.35
      vertex 12.25 172.5 0.35
    endloop
  endfacet
  facet normal 0 0 1
    outer loop
      vertex 12.25 157.5 0.35
      vertex 38.06 157.5 0.35
      vertex 36.849999999999994 160.1 0.35
    endloop
  endfacet
  facet normal 0 0 1
    outer loop
      vertex 12.25 157.5 0.35
      vertex 36.849999999999994 160.1 0.35
      vertex 36.849999999999994 169.9 0.35
    endloop
  endfacet
  facet normal 0 0 1
    outer loop
      vertex 12.25 157.5 0.35
      vertex 36.849999999999994 169.9 0.35
      vertex 38.06 172.5 0.35
    endloop
  endfacet
  facet normal 0 0 1
    outer loop
      vertex 36.849999999999994 160.1 0.35
      vertex 38.06 157.5 0.35
      vertex 38.05 160.1 0.35
    endloop
  endfacet
  facet normal 0 0 1
    outer loop
      vertex 38.06 157.5 0.35
      vertex 38.06 172.5 0.35
      vertex 38.05 160.1 0.35
    endloop
  endfacet
  facet normal 0 0 1
    outer loop
      vertex 38.05 160.1 0.35
      vertex 38.06 172.5 0.35
      vertex 38.05 169.9 0.35
    endloop
  endfacet
  facet normal 0 0 1
    outer loop
      vertex 36.849999999999994 169.9 0.35
      vertex 38.05 169.9 0.35
      vertex 38.06 172.5 0.35
    endloop
  endfacet
  facet normal -1 0 0
    outer loop
      vertex 38.06 157.5 0.35
      vertex 38.06 157.5 0.6
      vertex 38.06 172.5 0.35
    endloop
  endfacet
  facet normal -1 0 0
    outer loop
      vertex 38.06 172.5 0.35
      vertex 38.06 157.5 0.6
      vertex 38.06 172.5 0.6
    endloop
  endfacet
  facet normal 1 0 0
    outer loop
      vertex 12.25 172.5 0.35
      vertex 12.25 187.5 0.35
      vertex 12.25 187.5 0.59
    endloop
  endfacet
  facet normal 1 0 0
    outer loop
      vertex 12.25 172.5 0.35
      vertex 12.25 175.1 0.59
      vertex 12.25 172.5 0.59
    endloop
  endfacet
  facet normal 1 0 0
    outer loop
      vertex 12.25 172.5 0.35
      vertex 12.25 184.9 0.59
      vertex 12.25 175.1 0.59
    endloop
  endfacet
  facet normal 1 0 0
    outer loop
      vertex 12.25 172.5 0.35
      vertex 12.25 187.5 0.59
      vertex 12.25 184.9 0.59
    endloop
  endfacet
  facet normal 1 0 0
    outer loop
      vertex 12.25 175.1 0.59
      vertex 12.25 184.9 0.59
      vertex 12.25 175.1 0.62
    endloop
  endfacet
  facet normal 1 0 0
    outer loop
      vertex 12.25 175.1 0.62
      vertex 12.25 184.9 0.59
      vertex 12.25 184.9 0.62
    endloop
  endfacet
  facet normal 0 0 1
    outer loop
      vertex 12.25 172.5 0.35
      vertex 38.06 187.5 0.35
      vertex 12.25 187.5 0.35
    endloop
  endfacet
  facet normal 0 0 1
    outer loop
      vertex 12.25 172.5 0.35
      vertex 38.06 172.5 0.35
      vertex 36.849999999999994 175.1 0.35
    endloop
  endfacet
  facet normal 0 0 1
    outer loop
      vertex 12.25 172.5 0.35
      vertex 36.849999999999994 175.1 0.35
      vertex 36.849999999999994 184.9 0.35
    endloop
  endfacet
  facet normal 0 0 1
    outer loop
      vertex 12.25 172.5 0.35
      vertex 36.849999999999994 184.9 0.35
      vertex 38.06 187.5 0.35
    endloop
  endfacet
  facet normal 0 0 1
    outer loop
      vertex 36.849999999999994 175.1 0.35
      vertex 38.06 172.5 0.35
      vertex 38.05 175.1 0.35
    endloop
  endfacet
  facet normal 0 0 1
    outer loop
      vertex 38.06 172.5 0.35
      vertex 38.06 187.5 0.35
      vertex 38.05 175.1 0.35
    endloop
  endfacet
  facet normal 0 0 1
    outer loop
      vertex 38.05 175.1 0.35
      vertex 38.06 187.5 0.35
      vertex 38.05 184.9 0.35
    endloop
  endfacet
  facet normal -1 0 0
    outer loop
      vertex 38.06 172.5 0.35
      vertex 38.06 172.5 0.6
      vertex 38.06 187.5 0.35
    endloop
  endfacet
  facet normal -1 0 0
    outer loop
      vertex 38.06 172.5 0.6
      vertex 38.06 187.5 0.6
      vertex 38.06 187.5 0.35
    endloop
  endfacet
  facet normal 0 0 1
    outer loop
      vertex 36.849999999999994 184.9 0.35
      vertex 38.05 184.9 0.35
      vertex 38.06 187.5 0.35
    endloop
  endfacet
  facet normal 1 0 0
    outer loop
      vertex 12.25 187.5 0.35
      vertex 12.25 202.5 0.35
      vertex 12.25 202.5 0.59
    endloop
  endfacet
  facet normal 1 0 0
    outer loop
      vertex 12.25 187.5 0.35
      vertex 12.25 190.1 0.59
      vertex 12.25 187.5 0.59
    endloop
  endfacet
  facet normal 1 0 0
    outer loop
      vertex 12.25 187.5 0.35
      vertex 12.25 199.9 0.59
      vertex 12.25 190.1 0.59
    endloop
  endfacet
  facet normal 1 0 0
    outer loop
      vertex 12.25 187.5 0.35
      vertex 12.25 202.5 0.59
      vertex 12.25 199.9 0.59
    endloop
  endfacet
  facet normal 1 0 0
    outer loop
      vertex 12.25 190.1 0.59
      vertex 12.25 199.9 0.59
      vertex 12.25 190.1 0.62
    endloop
  endfacet
  facet normal 1 0 0
    outer loop
      vertex 12.25 190.1 0.62
      vertex 12.25 199.9 0.59
      vertex 12.25 199.9 0.62
    endloop
  endfacet
  facet normal 0 0 1
    outer loop
      vertex 12.25 187.5 0.35
      vertex 38.06 202.5 0.35
      vertex 12.25 202.5 0.35
    endloop
  endfacet
  facet normal 0 0 1
    outer loop
      vertex 12.25 187.5 0.35
      vertex 38.06 187.5 0.35
      vertex 36.849999999999994 190.1 0.35
    endloop
  endfacet
  facet normal 0 0 1
    outer loop
      vertex 12.25 187.5 0.35
      vertex 36.849999999999994 190.1 0.35
      vertex 36.849999999999994 199.9 0.35
    endloop
  endfacet
  facet normal 0 0 1
    outer loop
      vertex 12.25 187.5 0.35
      vertex 36.849999999999994 199.9 0.35
      vertex 38.06 202.5 0.35
    endloop
  endfacet
  facet normal 0 -1 0
    outer loop
      vertex 12.25 202.5 0.35
      vertex 38.06 202.5 0.35
      vertex 38.05 202.5 0.59
    endloop
  endfacet
  facet normal 0 -1 0
    outer loop
      vertex 12.25 202.5 0.35
      vertex 38.05 202.5 0.59
      vertex 12.25 202.5 0.59
    endloop
  endfacet
  facet normal 0 0 1
    outer loop
      vertex 36.849999999999994 190.1 0.35
      vertex 38.06 187.5 0.35
      vertex 38.05 190.1 0.35
    endloop
  endfacet
  facet normal 0 0 1
    outer loop
      vertex 38.06 187.5 0.35
      vertex 38.06 202.5 0.35
      vertex 38.05 190.1 0.35
    endloop
  endfacet
  facet normal 0 0 1
    outer loop
      vertex 38.05 190.1 0.35
      vertex 38.06 202.5 0.35
      vertex 38.05 199.9 0.35
    endloop
  endfacet
  facet normal 0 0 1
    outer loop
      vertex 36.849999999999994 199.9 0.35
      vertex 38.05 199.9 0.35
      vertex 38.06 202.5 0.35
    endloop
  endfacet
  facet normal -1 0 0
    outer loop
      vertex 38.06 187.5 0.35
      vertex 38.06 187.5 0.6
      vertex 38.06 202.5 0.35
    endloop
  endfacet
  facet normal -1 0 0
    outer loop
      vertex 38.06 202.5 0.35
      vertex 38.06 187.5 0.6
      vertex 38.06 202.5 0.6
    endloop
  endfacet
  facet normal 0 -1 0
    outer loop
      vertex 38.06 202.5 0.35
      vertex 38.06 202.5 0.6
      vertex 38.05 202.5 0.59
    endloop
  endfacet
  facet normal 0 -1 0
    outer loop
      vertex 38.05 202.5 0.59
      vertex 38.06 202.5 0.6
      vertex 38.05 202.5 0.6
    endloop
  endfacet
  facet normal 0 0 -1
    outer loop
      vertex 12.25 7.5 0.59
      vertex 12.25 10.1 0.59
      vertex 36.849999999999994 10.1 0.59
    endloop
  endfacet
  facet normal 0 1 0
    outer loop
      vertex 12.25 10.1 0.59
      vertex 12.25 10.1 0.62
      vertex 36.849999999999994 10.1 0.59
    endloop
  endfacet
  facet normal 0 1 0
    outer loop
      vertex 12.25 10.1 0.62
      vertex 12.25 10.1 1.2999999999999998
      vertex 36.849999999999994 10.1 0.59
    endloop
  endfacet
  facet normal 0 0 -1
    outer loop
      vertex 12.25 7.5 0.59
      vertex 36.849999999999994 10.1 0.59
      vertex 37.22714285714285 10.1 0.59
    endloop
  endfacet
  facet normal 0 0 -1
    outer loop
      vertex 12.25 7.5 0.59
      vertex 38.05 10.1 0.59
      vertex 38.05 7.5 0.59
    endloop
  endfacet
  facet normal 0 0 -1
    outer loop
      vertex 12.25 7.5 0.59
      vertex 37.22714285714285 10.1 0.59
      vertex 38.05 10.1 0.59
    endloop
  endfacet
  facet normal 0 -1 0
    outer loop
      vertex 12.25 7.5 0.6
      vertex 38.05 7.5 0.6
      vertex 38.05 7.5 1.2999999999999998
    endloop
  endfacet
  facet normal 0 -1 0
    outer loop
      vertex 12.25 7.5 0.6
      vertex 38.05 7.5 1.2999999999999998
      vertex 12.25 7.5 1.2999999999999998
    endloop
  endfacet
  facet normal 0 1 0
    outer loop
      vertex 36.849999999999994 10.1 0.59
      vertex 12.25 10.1 1.2999999999999998
      vertex 36.849999999999994 10.1 0.7
    endloop
  endfacet
  facet normal 0 1 0
    outer loop
      vertex 36.849999999999994 10.1 0.7
      vertex 12.25 10.1 1.2999999999999998
      vertex 38.05 10.1 1.2999999999999998
    endloop
  endfacet
  facet normal 0 0 1
    outer loop
      vertex 12.25 7.5 1.2999999999999998
      vertex 38.05 7.5 1.2999999999999998
      vertex 12.25 10.1 1.2999999999999998
    endloop
  endfacet
  facet normal 0 0 1
    outer loop
      vertex 12.25 10.1 1.2999999999999998
      vertex 38.05 7.5 1.2999999999999998
      vertex 38.05 10.1 1.2999999999999998
    endloop
  endfacet
  facet normal 1 0 0
    outer loop
      vertex 38.05 7.5 0.59
      vertex 38.05 10.1 0.59
      vertex 38.05 7.5 0.6
    endloop
  endfacet
  facet normal 0 1 0
    outer loop
      vertex 36.849999999999994 10.1 0.7
      vertex 38.05 10.1 0.59
      vertex 37.22714285714285 10.1 0.59
    endloop
  endfacet
  facet normal 1 0 0
    outer loop
      vertex 38.05 7.5 0.6
      vertex 38.05 10.1 0.59
      vertex 38.05 7.5 1.2999999999999998
    endloop
  endfacet
  facet normal 0 1 0
    outer loop
      vertex 36.849999999999994 10.1 0.7
      vertex 38.05 10.1 1.2999999999999998
      vertex 38.05 10.1 0.59
    endloop
  endfacet
  facet normal 1 0 0
    outer loop
      vertex 38.05 10.1 0.59
      vertex 38.05 10.1 1.2999999999999998
      vertex 38.05 7.5 1.2999999999999998
    endloop
  endfacet
  facet normal 0 0 -1
    outer loop
      vertex 12.25 19.9 0.59
      vertex 12.25 22.5 0.59
      vertex 38.05 22.5 0.59
    endloop
  endfacet
  facet normal 0 -1 0
    outer loop
      vertex 12.25 19.9 0.59
      vertex 38.05 19.9 1.2999999999999998
      vertex 12.25 19.9 0.62
    endloop
  endfacet
  facet normal 0 0 -1
    outer loop
      vertex 12.25 19.9 0.59
      vertex 38.05 22.5 0.59
      vertex 36.849999999999994 19.9 0.59
    endloop
  endfacet
  facet normal 0 -1 0
    outer loop
      vertex 12.25 19.9 0.59
      vertex 36.849999999999994 19.9 0.59
      vertex 36.849999999999994 19.9 0.7
    endloop
  endfacet
  facet normal 0 -1 0
    outer loop
      vertex 12.25 19.9 0.62
      vertex 38.05 19.9 1.2999999999999998
      vertex 12.25 19.9 1.2999999999999998
    endloop
  endfacet
  facet normal 0 -1 0
    outer loop
      vertex 12.25 19.9 0.59
      vertex 36.849999999999994 19.9 0.7
      vertex 38.05 19.9 1.2999999999999998
    endloop
  endfacet
  facet normal 0 0 1
    outer loop
      vertex 12.25 19.9 1.2999999999999998
      vertex 38.05 19.9 1.2999999999999998
      vertex 12.25 22.5 1.2999999999999998
    endloop
  endfacet
  facet normal 0 0 1
    outer loop
      vertex 12.25 22.5 1.2999999999999998
      vertex 38.05 19.9 1.2999999999999998
      vertex 38.05 22.5 1.2999999999999998
    endloop
  endfacet
  facet normal 0 0 -1
    outer loop
      vertex 36.849999999999994 19.9 0.59
      vertex 38.05 22.5 0.59
      vertex 37.22714285714285 19.9 0.59
    endloop
  endfacet
  facet normal 0 0 -1
    outer loop
      vertex 37.22714285714285 19.9 0.59
      vertex 38.05 22.5 0.59
      vertex 38.05 19.9 0.59
    endloop
  endfacet
  facet normal 0 -1 0
    outer loop
      vertex 37.22714285714285 19.9 0.59
      vertex 38.05 19.9 0.59
      vertex 38.05 19.9 1.2999999999999998
    endloop
  endfacet
  facet normal 1 0 0
    outer loop
      vertex 38.05 19.9 0.59
      vertex 38.05 22.5 0.59
      vertex 38.05 19.9 1.2999999999999998
    endloop
  endfacet
  facet normal 0 -1 0
    outer loop
      vertex 36.849999999999994 19.9 0.7
      vertex 37.22714285714285 19.9 0.59
      vertex 38.05 19.9 1.2999999999999998
    endloop
  endfacet
  facet normal 1 0 0
    outer loop
      vertex 38.05 22.5 0.59
      vertex 38.05 22.5 1.2999999999999998
      vertex 38.05 19.9 1.2999999999999998
    endloop
  endfacet
  facet normal 0 -1 0
    outer loop
      vertex 40.25 7.5 0.6
      vertex 46.25 7.5 0.6
      vertex 40.25 7.5 1.4
    endloop
  endfacet
  facet normal 0 1 0
    outer loop
      vertex 40.25 10.7 0.6
      vertex 46.25 10.7 1.4
      vertex 46.25 10.7 0.6
    endloop
  endfacet
  facet normal 0 1 0
    outer loop
      vertex 40.25 10.7 0.6
      vertex 40.25 10.7 1.4
      vertex 46.25 10.7 1.4
    endloop
  endfacet
  facet normal 0 -1 0
    outer loop
      vertex 46.25 7.5 0.6
      vertex 46.25 7.5 1.4
      vertex 40.25 7.5 1.4
    endloop
  endfacet
  facet normal 0 0 1
    outer loop
      vertex 40.25 7.5 1.4
      vertex 46.25 7.5 1.4
      vertex 40.25 10.7 1.4
    endloop
  endfacet
  facet normal 0 0 1
    outer loop
      vertex 40.25 10.7 1.4
      vertex 46.25 7.5 1.4
      vertex 46.25 10.7 1.4
    endloop
  endfacet
  facet normal 0 -1 0
    outer loop
      vertex 40.25 19.3 0.6
      vertex 46.25 19.3 0.6
      vertex 40.25 19.3 1.4
    endloop
  endfacet
  facet normal 0 -1 0
    outer loop
      vertex 46.25 19.3 0.6
      vertex 46.25 19.3 1.4
      vertex 40.25 19.3 1.4
    endloop
  endfacet
  facet normal 0 0 1
    outer loop
      vertex 40.25 19.3 1.4
      vertex 46.25 19.3 1.4
      vertex 40.25 22.5 1.4
    endloop
  endfacet
  facet normal 0 0 1
    outer loop
      vertex 40.25 22.5 1.4
      vertex 46.25 19.3 1.4
      vertex 46.25 22.5 1.4
    endloop
  endfacet
  facet normal -1 0 0
    outer loop
      vertex 46.25 19.3 1.4
      vertex 46.25 22.5 2.64
      vertex 46.25 22.5 1.4
    endloop
  endfacet
  facet normal -1 0 0
    outer loop
      vertex 46.25 19.3 1.4
      vertex 46.25 19.3 2.64
      vertex 46.25 22.5 2.64
    endloop
  endfacet
  facet normal 0 -1 0
    outer loop
      vertex 46.25 19.3 0.6
      vertex 146 19.3 0.6
      vertex 46.25 19.3 1.4
    endloop
  endfacet
  facet normal 0 -1 0
    outer loop
      vertex 46.25 19.3 1.4
      vertex 146 19.3 0.6
      vertex 46.25 19.3 2.64
    endloop
  endfacet
  facet normal 0 -1 0
    outer loop
      vertex 46.25 19.3 2.64
      vertex 146 19.3 0.6
      vertex 146 19.3 2.64
    endloop
  endfacet
  facet normal -1 0 0
    outer loop
      vertex 46.25 18 2.64
      vertex 46.25 22.5 3.45
      vertex 46.25 19.3 2.64
    endloop
  endfacet
  facet normal -1 0 0
    outer loop
      vertex 46.25 19.3 2.64
      vertex 46.25 22.5 3.45
      vertex 46.25 22.5 2.64
    endloop
  endfacet
  facet normal -1 0 0
    outer loop
      vertex 46.25 18 2.64
      vertex 46.25 18 3.45
      vertex 46.25 22.5 3.45
    endloop
  endfacet
  facet normal 0 0 -1
    outer loop
      vertex 46.25 18 2.64
      vertex 46.25 19.3 2.64
      vertex 146 18 2.64
    endloop
  endfacet
  facet normal 0 -1 0
    outer loop
      vertex 46.25 18 2.64
      vertex 146 18 3.45
      vertex 46.25 18 3.45
    endloop
  endfacet
  facet normal 0 0 1
    outer loop
      vertex 46.25 18 3.45
      vertex 146 22.5 3.45
      vertex 46.25 22.5 3.45
    endloop
  endfacet
  facet normal 0 0 -1
    outer loop
      vertex 46.25 19.3 2.64
      vertex 146 19.3 2.64
      vertex 146 18 2.64
    endloop
  endfacet
  facet normal 0 -1 0
    outer loop
      vertex 46.25 18 2.64
      vertex 146 18 2.64
      vertex 146 18 3.45
    endloop
  endfacet
  facet normal 0 0 1
    outer loop
      vertex 46.25 18 3.45
      vertex 146 18 3.45
      vertex 146 22.5 3.45
    endloop
  endfacet
  facet normal -1 0 0
    outer loop
      vertex 46.25 7.5 1.4
      vertex 46.25 10.7 2.64
      vertex 46.25 10.7 1.4
    endloop
  endfacet
  facet normal -1 0 0
    outer loop
      vertex 46.25 7.5 1.4
      vertex 46.25 7.5 2.64
      vertex 46.25 10.7 2.64
    endloop
  endfacet
  facet normal 0 -1 0
    outer loop
      vertex 46.25 7.5 0.6
      vertex 146 7.5 0.6
      vertex 46.25 7.5 1.4
    endloop
  endfacet
  facet normal 0 1 0
    outer loop
      vertex 46.25 10.7 0.6
      vertex 46.25 10.7 1.4
      vertex 146 10.7 0.6
    endloop
  endfacet
  facet normal 0 -1 0
    outer loop
      vertex 46.25 7.5 1.4
      vertex 146 7.5 0.6
      vertex 46.25 7.5 2.64
    endloop
  endfacet
  facet normal 0 1 0
    outer loop
      vertex 46.25 10.7 1.4
      vertex 46.25 10.7 2.64
      vertex 146 10.7 0.6
    endloop
  endfacet
  facet normal 0 -1 0
    outer loop
      vertex 46.25 7.5 2.64
      vertex 146 7.5 0.6
      vertex 146 7.5 2.64
    endloop
  endfacet
  facet normal 0 1 0
    outer loop
      vertex 46.25 10.7 2.64
      vertex 146 10.7 2.64
      vertex 146 10.7 0.6
    endloop
  endfacet
  facet normal -1 0 0
    outer loop
      vertex 46.25 7.5 2.64
      vertex 46.25 12 3.45
      vertex 46.25 10.7 2.64
    endloop
  endfacet
  facet normal -1 0 0
    outer loop
      vertex 46.25 10.7 2.64
      vertex 46.25 12 3.45
      vertex 46.25 12 2.64
    endloop
  endfacet
  facet normal -1 0 0
    outer loop
      vertex 46.25 7.5 2.64
      vertex 46.25 7.5 3.45
      vertex 46.25 12 3.45
    endloop
  endfacet
  facet normal 0 0 -1
    outer loop
      vertex 46.25 10.7 2.64
      vertex 46.25 12 2.64
      vertex 146 10.7 2.64
    endloop
  endfacet
  facet normal 0 1 0
    outer loop
      vertex 46.25 12 2.64
      vertex 46.25 12 3.45
      vertex 146 12 2.64
    endloop
  endfacet
  facet normal 0 -1 0
    outer loop
      vertex 46.25 7.5 2.64
      vertex 146 7.5 3.45
      vertex 46.25 7.5 3.45
    endloop
  endfacet
  facet normal 0 0 1
    outer loop
      vertex 46.25 7.5 3.45
      vertex 146 7.5 3.45
      vertex 46.25 12 3.45
    endloop
  endfacet
  facet normal 0 0 -1
    outer loop
      vertex 46.25 12 2.64
      vertex 146 12 2.64
      vertex 146 10.7 2.64
    endloop
  endfacet
  facet normal 0 -1 0
    outer loop
      vertex 46.25 7.5 2.64
      vertex 146 7.5 2.64
      vertex 146 7.5 3.45
    endloop
  endfacet
  facet normal 0 1 0
    outer loop
      vertex 46.25 12 3.45
      vertex 146 12 3.45
      vertex 146 12 2.64
    endloop
  endfacet
  facet normal 0 0 1
    outer loop
      vertex 46.25 12 3.45
      vertex 146 7.5 3.45
      vertex 146.00322225816453 7.500305732139732 3.45
    endloop
  endfacet
  facet normal 0 0 1
    outer loop
      vertex 46.25 12 3.45
      vertex 146.00322225816453 7.500305732139732 3.45
      vertex 146 12 3.45
    endloop
  endfacet
  facet normal 0 0 1
    outer loop
      vertex 146.00322225816453 7.500305732139732 3.45
      vertex 146.0064440785153 12 3.45
      vertex 146 12 3.45
    endloop
  endfacet
  facet normal 0 -1 0
    outer loop
      vertex 39.05 7.5 0.6
      vertex 40.25 7.5 0.6
      vertex 39.05 7.5 2.4
    endloop
  endfacet
  facet normal 1 0 0
    outer loop
      vertex 40.25 10.7 0.6
      vertex 40.25 19.3 0.6
      vertex 40.25 10.7 1.4
    endloop
  endfacet
  facet normal 1 0 0
    outer loop
      vertex 40.25 19.3 0.6
      vertex 40.25 19.3 1.4
      vertex 40.25 10.7 1.4
    endloop
  endfacet
  facet normal -1 0 0
    outer loop
      vertex 39.05 7.5 0.6
      vertex 39.05 22.5 2.4
      vertex 39.05 22.5 0.6
    endloop
  endfacet
  facet normal 0 -1 0
    outer loop
      vertex 40.25 7.5 0.6
      vertex 40.25 7.5 1.4
      vertex 39.05 7.5 2.4
    endloop
  endfacet
  facet normal -1 0 0
    outer loop
      vertex 39.05 7.5 0.6
      vertex 39.05 7.5 2.4
      vertex 39.05 22.5 2.4
    endloop
  endfacet
  facet normal 1 0 0
    outer loop
      vertex 40.25 7.5 1.4
      vertex 40.25 10.7 1.4
      vertex 40.25 7.5 2.4
    endloop
  endfacet
  facet normal 1 0 0
    outer loop
      vertex 40.25 10.7 1.4
      vertex 40.25 19.3 1.4
      vertex 40.25 7.5 2.4
    endloop
  endfacet
  facet normal 0 -1 0
    outer loop
      vertex 40.25 7.5 1.4
      vertex 40.25 7.5 2.4
      vertex 39.05 7.5 2.4
    endloop
  endfacet
  facet normal 1 0 0
    outer loop
      vertex 40.25 19.3 1.4
      vertex 40.25 22.5 1.4
      vertex 40.25 22.5 2.4
    endloop
  endfacet
  facet normal 1 0 0
    outer loop
      vertex 40.25 19.3 1.4
      vertex 40.25 22.5 2.4
      vertex 40.25 7.5 2.4
    endloop
  endfacet
  facet normal 0 0 1
    outer loop
      vertex 39.05 7.5 2.4
      vertex 40.25 7.5 2.4
      vertex 39.05 22.5 2.4
    endloop
  endfacet
  facet normal 0 0 1
    outer loop
      vertex 40.25 7.5 2.4
      vertex 40.25 22.5 2.4
      vertex 39.05 22.5 2.4
    endloop
  endfacet
  facet normal 0 0 -1
    outer loop
      vertex 12.25 22.5 0.59
      vertex 12.25 25.1 0.59
      vertex 36.849999999999994 25.1 0.59
    endloop
  endfacet
  facet normal 0 1 0
    outer loop
      vertex 12.25 25.1 0.59
      vertex 12.25 25.1 0.62
      vertex 36.849999999999994 25.1 0.7
    endloop
  endfacet
  facet normal 0 0 -1
    outer loop
      vertex 12.25 22.5 0.59
      vertex 36.849999999999994 25.1 0.59
      vertex 37.22714285714285 25.1 0.59
    endloop
  endfacet
  facet normal 0 0 -1
    outer loop
      vertex 12.25 22.5 0.59
      vertex 38.05 25.1 0.59
      vertex 38.05 22.5 0.59
    endloop
  endfacet
  facet normal 0 0 -1
    outer loop
      vertex 12.25 22.5 0.59
      vertex 37.22714285714285 25.1 0.59
      vertex 38.05 25.1 0.59
    endloop
  endfacet
  facet normal 0 1 0
    outer loop
      vertex 12.25 25.1 0.59
      vertex 36.849999999999994 25.1 0.7
      vertex 36.849999999999994 25.1 0.59
    endloop
  endfacet
  facet normal 0 1 0
    outer loop
      vertex 12.25 25.1 0.62
      vertex 12.25 25.1 1.2999999999999998
      vertex 36.849999999999994 25.1 0.7
    endloop
  endfacet
  facet normal 0 1 0
    outer loop
      vertex 36.849999999999994 25.1 0.7
      vertex 12.25 25.1 1.2999999999999998
      vertex 38.05 25.1 1.2999999999999998
    endloop
  endfacet
  facet normal 0 0 1
    outer loop
      vertex 12.25 22.5 1.2999999999999998
      vertex 38.05 22.5 1.2999999999999998
      vertex 12.25 25.1 1.2999999999999998
    endloop
  endfacet
  facet normal 0 0 1
    outer loop
      vertex 12.25 25.1 1.2999999999999998
      vertex 38.05 22.5 1.2999999999999998
      vertex 38.05 25.1 1.2999999999999998
    endloop
  endfacet
  facet normal 1 0 0
    outer loop
      vertex 38.05 22.5 0.59
      vertex 38.05 25.1 0.59
      vertex 38.05 22.5 1.2999999999999998
    endloop
  endfacet
  facet normal 0 1 0
    outer loop
      vertex 37.22714285714285 25.1 0.59
      vertex 38.05 25.1 1.2999999999999998
      vertex 38.05 25.1 0.59
    endloop
  endfacet
  facet normal 0 1 0
    outer loop
      vertex 36.849999999999994 25.1 0.7
      vertex 38.05 25.1 1.2999999999999998
      vertex 37.22714285714285 25.1 0.59
    endloop
  endfacet
  facet normal 1 0 0
    outer loop
      vertex 38.05 25.1 0.59
      vertex 38.05 25.1 1.2999999999999998
      vertex 38.05 22.5 1.2999999999999998
    endloop
  endfacet
  facet normal 0 0 -1
    outer loop
      vertex 12.25 34.9 0.59
      vertex 12.25 37.5 0.59
      vertex 38.05 37.5 0.59
    endloop
  endfacet
  facet normal 0 -1 0
    outer loop
      vertex 12.25 34.9 0.59
      vertex 38.05 34.9 1.2999999999999998
      vertex 12.25 34.9 0.62
    endloop
  endfacet
  facet normal 0 0 -1
    outer loop
      vertex 12.25 34.9 0.59
      vertex 38.05 37.5 0.59
      vertex 36.849999999999994 34.900000000000006 0.59
    endloop
  endfacet
  facet normal 2.888385104715855e-16 -1 -6.459479416000924e-14
    outer loop
      vertex 12.25 34.9 0.59
      vertex 36.849999999999994 34.900000000000006 0.59
      vertex 36.849999999999994 34.9 0.6999999999999997
    endloop
  endfacet
  facet normal 0 -1 0
    outer loop
      vertex 12.25 34.9 0.62
      vertex 38.05 34.9 1.2999999999999998
      vertex 12.25 34.9 1.2999999999999998
    endloop
  endfacet
  facet normal 0 -1 0
    outer loop
      vertex 12.25 34.9 0.59
      vertex 36.849999999999994 34.9 0.6999999999999997
      vertex 38.05 34.9 1.2999999999999998
    endloop
  endfacet
  facet normal 0 0 1
    outer loop
      vertex 12.25 34.9 1.2999999999999998
      vertex 38.05 34.9 1.2999999999999998
      vertex 12.25 37.5 1.2999999999999998
    endloop
  endfacet
  facet normal 0 0 1
    outer loop
      vertex 12.25 37.5 1.2999999999999998
      vertex 38.05 34.9 1.2999999999999998
      vertex 38.05 37.5 1.2999999999999998
    endloop
  endfacet
  facet normal 0 0 -1
    outer loop
      vertex 36.849999999999994 34.900000000000006 0.59
      vertex 38.05 37.5 0.59
      vertex 37.22714285714285 34.9 0.59
    endloop
  endfacet
  facet normal 0 0 -1
    outer loop
      vertex 37.22714285714285 34.9 0.59
      vertex 38.05 37.5 0.59
      vertex 38.05 34.9 0.59
    endloop
  endfacet
  facet normal 0 -1 0
    outer loop
      vertex 37.22714285714285 34.9 0.59
      vertex 38.05 34.9 0.59
      vertex 38.05 34.9 1.2999999999999998
    endloop
  endfacet
  facet normal 1 0 0
    outer loop
      vertex 38.05 34.9 0.59
      vertex 38.05 37.5 0.59
      vertex 38.05 34.9 1.2999999999999998
    endloop
  endfacet
  facet normal 0 -1 0
    outer loop
      vertex 36.849999999999994 34.9 0.6999999999999997
      vertex 37.22714285714285 34.9 0.59
      vertex 38.05 34.9 1.2999999999999998
    endloop
  endfacet
  facet normal 1 0 0
    outer loop
      vertex 38.05 37.5 0.59
      vertex 38.05 37.5 1.2999999999999998
      vertex 38.05 34.9 1.2999999999999998
    endloop
  endfacet
  facet normal 0 1 0
    outer loop
      vertex 40.25 25.7 0.6
      vertex 46.25 25.7 1.4
      vertex 46.25 25.7 0.6
    endloop
  endfacet
  facet normal 0 1 0
    outer loop
      vertex 40.25 25.7 0.6
      vertex 40.25 25.7 1.4
      vertex 46.25 25.7 1.4
    endloop
  endfacet
  facet normal 0 0 1
    outer loop
      vertex 40.25 22.5 1.4
      vertex 46.25 22.5 1.4
      vertex 40.25 25.7 1.4
    endloop
  endfacet
  facet normal 0 0 1
    outer loop
      vertex 40.25 25.7 1.4
      vertex 46.25 22.5 1.4
      vertex 46.25 25.7 1.4
    endloop
  endfacet
  facet normal 0 -1 0
    outer loop
      vertex 40.25 34.3 0.6
      vertex 46.25 34.3 0.6
      vertex 40.25 34.3 1.4
    endloop
  endfacet
  facet normal 0 -1 0
    outer loop
      vertex 46.25 34.3 0.6
      vertex 46.25 34.3 1.4
      vertex 40.25 34.3 1.4
    endloop
  endfacet
  facet normal 0 0 1
    outer loop
      vertex 40.25 34.3 1.4
      vertex 46.25 34.3 1.4
      vertex 40.25 37.5 1.4
    endloop
  endfacet
  facet normal 0 0 1
    outer loop
      vertex 40.25 37.5 1.4
      vertex 46.25 34.3 1.4
      vertex 46.25 37.5 1.4
    endloop
  endfacet
  facet normal -1 0 0
    outer loop
      vertex 46.25 34.3 1.4
      vertex 46.25 37.5 2.64
      vertex 46.25 37.5 1.4
    endloop
  endfacet
  facet normal -1 0 0
    outer loop
      vertex 46.25 34.3 1.4
      vertex 46.25 34.3 2.64
      vertex 46.25 37.5 2.64
    endloop
  endfacet
  facet normal 0 -1 0
    outer loop
      vertex 46.25 34.3 0.6
      vertex 146 34.3 0.6
      vertex 46.25 34.3 1.4
    endloop
  endfacet
  facet normal 0 -1 0
    outer loop
      vertex 46.25 34.3 1.4
      vertex 146 34.3 0.6
      vertex 46.25 34.3 2.64
    endloop
  endfacet
  facet normal 0 -1 0
    outer loop
      vertex 46.25 34.3 2.64
      vertex 146 34.3 0.6
      vertex 146 34.3 2.64
    endloop
  endfacet
  facet normal -1 0 0
    outer loop
      vertex 46.25 33 2.64
      vertex 46.25 37.5 3.45
      vertex 46.25 34.3 2.64
    endloop
  endfacet
  facet normal -1 0 0
    outer loop
      vertex 46.25 34.3 2.64
      vertex 46.25 37.5 3.45
      vertex 46.25 37.5 2.64
    endloop
  endfacet
  facet normal -1 0 0
    outer loop
      vertex 46.25 33 2.64
      vertex 46.25 33 3.45
      vertex 46.25 37.5 3.45
    endloop
  endfacet
  facet normal 0 0 -1
    outer loop
      vertex 46.25 33 2.64
      vertex 46.25 34.3 2.64
      vertex 146 33 2.64
    endloop
  endfacet
  facet normal 0 -1 0
    outer loop
      vertex 46.25 33 2.64
      vertex 146 33 3.45
      vertex 46.25 33 3.45
    endloop
  endfacet
  facet normal 0 0 1
    outer loop
      vertex 46.25 33 3.45
      vertex 146 37.5 3.45
      vertex 46.25 37.5 3.45
    endloop
  endfacet
  facet normal 0 0 -1
    outer loop
      vertex 46.25 34.3 2.64
      vertex 146 34.3 2.64
      vertex 146 33 2.64
    endloop
  endfacet
  facet normal 0 -1 0
    outer loop
      vertex 46.25 33 2.64
      vertex 146 33 2.64
      vertex 146 33 3.45
    endloop
  endfacet
  facet normal 0 0 1
    outer loop
      vertex 46.25 33 3.45
      vertex 146 33 3.45
      vertex 146 37.5 3.45
    endloop
  endfacet
  facet normal -1 0 0
    outer loop
      vertex 46.25 22.5 1.4
      vertex 46.25 25.7 2.64
      vertex 46.25 25.7 1.4
    endloop
  endfacet
  facet normal -1 0 0
    outer loop
      vertex 46.25 22.5 1.4
      vertex 46.25 22.5 2.64
      vertex 46.25 25.7 2.64
    endloop
  endfacet
  facet normal 0 1 0
    outer loop
      vertex 46.25 25.7 0.6
      vertex 46.25 25.7 1.4
      vertex 146 25.7 0.6
    endloop
  endfacet
  facet normal 0 1 0
    outer loop
      vertex 46.25 25.7 1.4
      vertex 46.25 25.7 2.64
      vertex 146 25.7 0.6
    endloop
  endfacet
  facet normal 0 1 0
    outer loop
      vertex 46.25 25.7 2.64
      vertex 146 25.7 2.64
      vertex 146 25.7 0.6
    endloop
  endfacet
  facet normal -1 0 0
    outer loop
      vertex 46.25 22.5 2.64
      vertex 46.25 27 3.45
      vertex 46.25 25.7 2.64
    endloop
  endfacet
  facet normal -1 0 0
    outer loop
      vertex 46.25 22.5 2.64
      vertex 46.25 22.5 3.45
      vertex 46.25 27 3.45
    endloop
  endfacet
  facet normal -1 0 0
    outer loop
      vertex 46.25 25.7 2.64
      vertex 46.25 27 3.45
      vertex 46.25 27 2.64
    endloop
  endfacet
  facet normal 0 0 -1
    outer loop
      vertex 46.25 25.7 2.64
      vertex 46.25 27 2.64
      vertex 146 25.7 2.64
    endloop
  endfacet
  facet normal 0 0 1
    outer loop
      vertex 46.25 22.5 3.45
      vertex 146 27 3.45
      vertex 46.25 27 3.45
    endloop
  endfacet
  facet normal 0 1 0
    outer loop
      vertex 46.25 27 2.64
      vertex 46.25 27 3.45
      vertex 146 27 2.64
    endloop
  endfacet
  facet normal 0 0 1
    outer loop
      vertex 46.25 22.5 3.45
      vertex 146 22.5 3.45
      vertex 146 27 3.45
    endloop
  endfacet
  facet normal 0 0 -1
    outer loop
      vertex 46.25 27 2.64
      vertex 146 27 2.64
      vertex 146 25.7 2.64
    endloop
  endfacet
  facet normal 0 1 0
    outer loop
      vertex 46.25 27 3.45
      vertex 146 27 3.45
      vertex 146 27 2.64
    endloop
  endfacet
  facet normal 1 0 0
    outer loop
      vertex 40.25 25.7 0.6
      vertex 40.25 34.3 0.6
      vertex 40.25 25.7 1.4
    endloop
  endfacet
  facet normal 1 0 0
    outer loop
      vertex 40.25 34.3 0.6
      vertex 40.25 34.3 1.4
      vertex 40.25 25.7 1.4
    endloop
  endfacet
  facet normal -1 0 0
    outer loop
      vertex 39.05 22.5 0.6
      vertex 39.05 37.5 2.4
      vertex 39.05 37.5 0.6
    endloop
  endfacet
  facet normal 1 0 0
    outer loop
      vertex 40.25 22.5 1.4
      vertex 40.25 25.7 1.4
      vertex 40.25 22.5 2.4
    endloop
  endfacet
  facet normal -1 0 0
    outer loop
      vertex 39.05 22.5 0.6
      vertex 39.05 22.5 2.4
      vertex 39.05 37.5 2.4
    endloop
  endfacet
  facet normal 1 0 0
    outer loop
      vertex 40.25 25.7 1.4
      vertex 40.25 34.3 1.4
      vertex 40.25 22.5 2.4
    endloop
  endfacet
  facet normal 1 0 0
    outer loop
      vertex 40.25 34.3 1.4
      vertex 40.25 37.5 1.4
      vertex 40.25 37.5 2.4
    endloop
  endfacet
  facet normal 1 0 0
    outer loop
      vertex 40.25 34.3 1.4
      vertex 40.25 37.5 2.4
      vertex 40.25 22.5 2.4
    endloop
  endfacet
  facet normal 0 0 1
    outer loop
      vertex 39.05 22.5 2.4
      vertex 40.25 22.5 2.4
      vertex 39.05 37.5 2.4
    endloop
  endfacet
  facet normal 0 0 1
    outer loop
      vertex 40.25 22.5 2.4
      vertex 40.25 37.5 2.4
      vertex 39.05 37.5 2.4
    endloop
  endfacet
  facet normal 0 0 -1
    outer loop
      vertex 12.25 37.5 0.59
      vertex 12.25 40.1 0.59
      vertex 36.849999999999994 40.1 0.59
    endloop
  endfacet
  facet normal 0 1 0
    outer loop
      vertex 12.25 40.1 0.59
      vertex 12.25 40.1 0.62
      vertex 36.849999999999994 40.1 0.7
    endloop
  endfacet
  facet normal 0 0 -1
    outer loop
      vertex 12.25 37.5 0.59
      vertex 36.849999999999994 40.1 0.59
      vertex 37.22714285714285 40.1 0.59
    endloop
  endfacet
  facet normal 0 0 -1
    outer loop
      vertex 12.25 37.5 0.59
      vertex 38.05 40.1 0.59
      vertex 38.05 37.5 0.59
    endloop
  endfacet
  facet normal 0 0 -1
    outer loop
      vertex 12.25 37.5 0.59
      vertex 37.22714285714285 40.1 0.59
      vertex 38.05 40.1 0.59
    endloop
  endfacet
  facet normal 0 1 0
    outer loop
      vertex 12.25 40.1 0.59
      vertex 36.849999999999994 40.1 0.7
      vertex 36.849999999999994 40.1 0.59
    endloop
  endfacet
  facet normal 0 1 0
    outer loop
      vertex 12.25 40.1 0.62
      vertex 12.25 40.1 1.2999999999999998
      vertex 36.849999999999994 40.1 0.7
    endloop
  endfacet
  facet normal 0 1 0
    outer loop
      vertex 36.849999999999994 40.1 0.7
      vertex 12.25 40.1 1.2999999999999998
      vertex 38.05 40.1 1.2999999999999998
    endloop
  endfacet
  facet normal 0 0 1
    outer loop
      vertex 12.25 37.5 1.2999999999999998
      vertex 38.05 37.5 1.2999999999999998
      vertex 12.25 40.1 1.2999999999999998
    endloop
  endfacet
  facet normal 0 0 1
    outer loop
      vertex 12.25 40.1 1.2999999999999998
      vertex 38.05 37.5 1.2999999999999998
      vertex 38.05 40.1 1.2999999999999998
    endloop
  endfacet
  facet normal 1 0 0
    outer loop
      vertex 38.05 37.5 0.59
      vertex 38.05 40.1 0.59
      vertex 38.05 37.5 1.2999999999999998
    endloop
  endfacet
  facet normal 0 1 0
    outer loop
      vertex 37.22714285714285 40.1 0.59
      vertex 38.05 40.1 1.2999999999999998
      vertex 38.05 40.1 0.59
    endloop
  endfacet
  facet normal 1 0 0
    outer loop
      vertex 38.05 40.1 0.59
      vertex 38.05 40.1 1.2999999999999998
      vertex 38.05 37.5 1.2999999999999998
    endloop
  endfacet
  facet normal 0 1 0
    outer loop
      vertex 36.849999999999994 40.1 0.7
      vertex 38.05 40.1 1.2999999999999998
      vertex 37.22714285714285 40.1 0.59
    endloop
  endfacet
  facet normal 0 0 -1
    outer loop
      vertex 12.25 49.9 0.59
      vertex 12.25 52.5 0.59
      vertex 38.05 52.5 0.59
    endloop
  endfacet
  facet normal 0 -1 0
    outer loop
      vertex 12.25 49.9 0.59
      vertex 38.05 49.9 1.2999999999999998
      vertex 12.25 49.9 0.62
    endloop
  endfacet
  facet normal 0 0 -1
    outer loop
      vertex 12.25 49.9 0.59
      vertex 38.05 52.5 0.59
      vertex 36.849999999999994 49.900000000000006 0.59
    endloop
  endfacet
  facet normal 2.888385104715855e-16 -1 -6.459479416000924e-14
    outer loop
      vertex 12.25 49.9 0.59
      vertex 36.849999999999994 49.900000000000006 0.59
      vertex 36.849999999999994 49.9 0.6999999999999997
    endloop
  endfacet
  facet normal 0 -1 0
    outer loop
      vertex 12.25 49.9 0.62
      vertex 38.05 49.9 1.2999999999999998
      vertex 12.25 49.9 1.2999999999999998
    endloop
  endfacet
  facet normal 0 -1 0
    outer loop
      vertex 12.25 49.9 0.59
      vertex 36.849999999999994 49.9 0.6999999999999997
      vertex 38.05 49.9 1.2999999999999998
    endloop
  endfacet
  facet normal 0 0 1
    outer loop
      vertex 12.25 49.9 1.2999999999999998
      vertex 38.05 49.9 1.2999999999999998
      vertex 12.25 52.5 1.2999999999999998
    endloop
  endfacet
  facet normal 0 0 1
    outer loop
      vertex 12.25 52.5 1.2999999999999998
      vertex 38.05 49.9 1.2999999999999998
      vertex 38.05 52.5 1.2999999999999998
    endloop
  endfacet
  facet normal 0 0 -1
    outer loop
      vertex 36.849999999999994 49.900000000000006 0.59
      vertex 38.05 52.5 0.59
      vertex 37.22714285714285 49.9 0.59
    endloop
  endfacet
  facet normal 0 0 -1
    outer loop
      vertex 37.22714285714285 49.9 0.59
      vertex 38.05 52.5 0.59
      vertex 38.05 49.9 0.59
    endloop
  endfacet
  facet normal 0 -1 0
    outer loop
      vertex 37.22714285714285 49.9 0.59
      vertex 38.05 49.9 0.59
      vertex 38.05 49.9 1.2999999999999998
    endloop
  endfacet
  facet normal 1 0 0
    outer loop
      vertex 38.05 49.9 0.59
      vertex 38.05 52.5 0.59
      vertex 38.05 49.9 1.2999999999999998
    endloop
  endfacet
  facet normal 0 -1 0
    outer loop
      vertex 36.849999999999994 49.9 0.6999999999999997
      vertex 37.22714285714285 49.9 0.59
      vertex 38.05 49.9 1.2999999999999998
    endloop
  endfacet
  facet normal 1 0 0
    outer loop
      vertex 38.05 49.9 1.2999999999999998
      vertex 38.05 52.5 0.59
      vertex 38.05 52.5 1.2999999999999998
    endloop
  endfacet
  facet normal 0 1 0
    outer loop
      vertex 40.25 40.7 0.6
      vertex 46.25 40.7 1.4
      vertex 46.25 40.7 0.6
    endloop
  endfacet
  facet normal 0 1 0
    outer loop
      vertex 40.25 40.7 0.6
      vertex 40.25 40.7 1.4
      vertex 46.25 40.7 1.4
    endloop
  endfacet
  facet normal 0 0 1
    outer loop
      vertex 40.25 37.5 1.4
      vertex 46.25 37.5 1.4
      vertex 40.25 40.7 1.4
    endloop
  endfacet
  facet normal 0 0 1
    outer loop
      vertex 40.25 40.7 1.4
      vertex 46.25 37.5 1.4
      vertex 46.25 40.7 1.4
    endloop
  endfacet
  facet normal 0 -1 0
    outer loop
      vertex 40.25 49.3 0.6
      vertex 46.25 49.3 0.6
      vertex 40.25 49.3 1.4
    endloop
  endfacet
  facet normal 0 -1 0
    outer loop
      vertex 46.25 49.3 0.6
      vertex 46.25 49.3 1.4
      vertex 40.25 49.3 1.4
    endloop
  endfacet
  facet normal 0 0 1
    outer loop
      vertex 40.25 49.3 1.4
      vertex 46.25 49.3 1.4
      vertex 40.25 52.5 1.4
    endloop
  endfacet
  facet normal 0 0 1
    outer loop
      vertex 46.25 49.3 1.4
      vertex 46.25 52.5 1.4
      vertex 40.25 52.5 1.4
    endloop
  endfacet
  facet normal -1 0 0
    outer loop
      vertex 46.25 49.3 1.4
      vertex 46.25 52.5 2.64
      vertex 46.25 52.5 1.4
    endloop
  endfacet
  facet normal -1 0 0
    outer loop
      vertex 46.25 49.3 1.4
      vertex 46.25 49.3 2.64
      vertex 46.25 52.5 2.64
    endloop
  endfacet
  facet normal 0 -1 0
    outer loop
      vertex 46.25 49.3 0.6
      vertex 146 49.3 0.6
      vertex 46.25 49.3 1.4
    endloop
  endfacet
  facet normal 0 -1 0
    outer loop
      vertex 46.25 49.3 1.4
      vertex 146 49.3 0.6
      vertex 46.25 49.3 2.64
    endloop
  endfacet
  facet normal 0 -1 0
    outer loop
      vertex 46.25 49.3 2.64
      vertex 146 49.3 0.6
      vertex 146 49.3 2.64
    endloop
  endfacet
  facet normal -1 0 0
    outer loop
      vertex 46.25 48 2.64
      vertex 46.25 52.5 3.45
      vertex 46.25 49.3 2.64
    endloop
  endfacet
  facet normal -1 0 0
    outer loop
      vertex 46.25 49.3 2.64
      vertex 46.25 52.5 3.45
      vertex 46.25 52.5 2.64
    endloop
  endfacet
  facet normal -1 0 0
    outer loop
      vertex 46.25 48 2.64
      vertex 46.25 48 3.45
      vertex 46.25 52.5 3.45
    endloop
  endfacet
  facet normal 0 0 -1
    outer loop
      vertex 46.25 48 2.64
      vertex 46.25 49.3 2.64
      vertex 146 48 2.64
    endloop
  endfacet
  facet normal 0 -1 0
    outer loop
      vertex 46.25 48 2.64
      vertex 146 48 3.45
      vertex 46.25 48 3.45
    endloop
  endfacet
  facet normal 0 0 1
    outer loop
      vertex 46.25 48 3.45
      vertex 146 52.5 3.45
      vertex 46.25 52.5 3.45
    endloop
  endfacet
  facet normal 0 0 -1
    outer loop
      vertex 46.25 49.3 2.64
      vertex 146 49.3 2.64
      vertex 146 48 2.64
    endloop
  endfacet
  facet normal 0 -1 0
    outer loop
      vertex 46.25 48 2.64
      vertex 146 48 2.64
      vertex 146 48 3.45
    endloop
  endfacet
  facet normal 0 0 1
    outer loop
      vertex 46.25 48 3.45
      vertex 146 48 3.45
      vertex 146 52.5 3.45
    endloop
  endfacet
  facet normal -1 0 0
    outer loop
      vertex 46.25 37.5 1.4
      vertex 46.25 40.7 2.64
      vertex 46.25 40.7 1.4
    endloop
  endfacet
  facet normal -1 0 0
    outer loop
      vertex 46.25 37.5 1.4
      vertex 46.25 37.5 2.64
      vertex 46.25 40.7 2.64
    endloop
  endfacet
  facet normal 0 1 0
    outer loop
      vertex 46.25 40.7 0.6
      vertex 46.25 40.7 1.4
      vertex 146 40.7 0.6
    endloop
  endfacet
  facet normal 0 1 0
    outer loop
      vertex 46.25 40.7 1.4
      vertex 46.25 40.7 2.64
      vertex 146 40.7 0.6
    endloop
  endfacet
  facet normal 0 1 0
    outer loop
      vertex 46.25 40.7 2.64
      vertex 146 40.7 2.64
      vertex 146 40.7 0.6
    endloop
  endfacet
  facet normal -1 0 0
    outer loop
      vertex 46.25 37.5 2.64
      vertex 46.25 42 3.45
      vertex 46.25 40.7 2.64
    endloop
  endfacet
  facet normal -1 0 0
    outer loop
      vertex 46.25 40.7 2.64
      vertex 46.25 42 3.45
      vertex 46.25 42 2.64
    endloop
  endfacet
  facet normal -1 0 0
    outer loop
      vertex 46.25 37.5 2.64
      vertex 46.25 37.5 3.45
      vertex 46.25 42 3.45
    endloop
  endfacet
  facet normal 0 0 -1
    outer loop
      vertex 46.25 40.7 2.64
      vertex 46.25 42 2.64
      vertex 146 40.7 2.64
    endloop
  endfacet
  facet normal 0 1 0
    outer loop
      vertex 46.25 42 2.64
      vertex 46.25 42 3.45
      vertex 146 42 2.64
    endloop
  endfacet
  facet normal 0 0 1
    outer loop
      vertex 46.25 37.5 3.45
      vertex 146 42 3.45
      vertex 46.25 42 3.45
    endloop
  endfacet
  facet normal 0 0 -1
    outer loop
      vertex 46.25 42 2.64
      vertex 146 42 2.64
      vertex 146 40.7 2.64
    endloop
  endfacet
  facet normal 0 0 1
    outer loop
      vertex 46.25 37.5 3.45
      vertex 146 37.5 3.45
      vertex 146 42 3.45
    endloop
  endfacet
  facet normal 0 1 0
    outer loop
      vertex 46.25 42 3.45
      vertex 146 42 3.45
      vertex 146 42 2.64
    endloop
  endfacet
  facet normal 1 0 0
    outer loop
      vertex 40.25 40.7 0.6
      vertex 40.25 49.3 0.6
      vertex 40.25 40.7 1.4
    endloop
  endfacet
  facet normal 1 0 0
    outer loop
      vertex 40.25 49.3 0.6
      vertex 40.25 49.3 1.4
      vertex 40.25 40.7 1.4
    endloop
  endfacet
  facet normal -1 0 0
    outer loop
      vertex 39.05 37.5 0.6
      vertex 39.05 52.5 2.4
      vertex 39.05 52.5 0.6
    endloop
  endfacet
  facet normal 1 0 0
    outer loop
      vertex 40.25 37.5 1.4
      vertex 40.25 40.7 1.4
      vertex 40.25 37.5 2.4
    endloop
  endfacet
  facet normal -1 0 0
    outer loop
      vertex 39.05 37.5 0.6
      vertex 39.05 37.5 2.4
      vertex 39.05 52.5 2.4
    endloop
  endfacet
  facet normal 1 0 0
    outer loop
      vertex 40.25 40.7 1.4
      vertex 40.25 49.3 1.4
      vertex 40.25 37.5 2.4
    endloop
  endfacet
  facet normal 1 0 0
    outer loop
      vertex 40.25 49.3 1.4
      vertex 40.25 52.5 1.4
      vertex 40.25 52.5 2.4
    endloop
  endfacet
  facet normal 1 0 0
    outer loop
      vertex 40.25 49.3 1.4
      vertex 40.25 52.5 2.4
      vertex 40.25 37.5 2.4
    endloop
  endfacet
  facet normal 0 0 1
    outer loop
      vertex 39.05 37.5 2.4
      vertex 40.25 37.5 2.4
      vertex 39.05 52.5 2.4
    endloop
  endfacet
  facet normal 0 0 1
    outer loop
      vertex 40.25 37.5 2.4
      vertex 40.25 52.5 2.4
      vertex 39.05 52.5 2.4
    endloop
  endfacet
  facet normal 0 0 -1
    outer loop
      vertex 12.25 52.5 0.59
      vertex 12.25 55.1 0.59
      vertex 36.849999999999994 55.1 0.59
    endloop
  endfacet
  facet normal 0 1 0
    outer loop
      vertex 12.25 55.1 0.59
      vertex 12.25 55.1 0.62
      vertex 36.849999999999994 55.1 0.7
    endloop
  endfacet
  facet normal 0 0 -1
    outer loop
      vertex 12.25 52.5 0.59
      vertex 36.849999999999994 55.1 0.59
      vertex 37.22714285714285 55.1 0.59
    endloop
  endfacet
  facet normal 0 0 -1
    outer loop
      vertex 12.25 52.5 0.59
      vertex 38.05 55.1 0.59
      vertex 38.05 52.5 0.59
    endloop
  endfacet
  facet normal 0 0 -1
    outer loop
      vertex 12.25 52.5 0.59
      vertex 37.22714285714285 55.1 0.59
      vertex 38.05 55.1 0.59
    endloop
  endfacet
  facet normal 0 1 0
    outer loop
      vertex 12.25 55.1 0.59
      vertex 36.849999999999994 55.1 0.7
      vertex 36.849999999999994 55.1 0.59
    endloop
  endfacet
  facet normal 0 1 0
    outer loop
      vertex 12.25 55.1 0.62
      vertex 12.25 55.1 1.2999999999999998
      vertex 36.849999999999994 55.1 0.7
    endloop
  endfacet
  facet normal 0 1 0
    outer loop
      vertex 36.849999999999994 55.1 0.7
      vertex 12.25 55.1 1.2999999999999998
      vertex 38.05 55.1 1.2999999999999998
    endloop
  endfacet
  facet normal 0 0 1
    outer loop
      vertex 12.25 52.5 1.2999999999999998
      vertex 38.05 52.5 1.2999999999999998
      vertex 12.25 55.1 1.2999999999999998
    endloop
  endfacet
  facet normal 0 0 1
    outer loop
      vertex 12.25 55.1 1.2999999999999998
      vertex 38.05 52.5 1.2999999999999998
      vertex 38.05 55.1 1.2999999999999998
    endloop
  endfacet
  facet normal 1 0 0
    outer loop
      vertex 38.05 52.5 0.59
      vertex 38.05 55.1 0.59
      vertex 38.05 52.5 1.2999999999999998
    endloop
  endfacet
  facet normal 0 1 0
    outer loop
      vertex 37.22714285714285 55.1 0.59
      vertex 38.05 55.1 1.2999999999999998
      vertex 38.05 55.1 0.59
    endloop
  endfacet
  facet normal 0 1 0
    outer loop
      vertex 36.849999999999994 55.1 0.7
      vertex 38.05 55.1 1.2999999999999998
      vertex 37.22714285714285 55.1 0.59
    endloop
  endfacet
  facet normal 1 0 0
    outer loop
      vertex 38.05 55.1 0.59
      vertex 38.05 55.1 1.2999999999999998
      vertex 38.05 52.5 1.2999999999999998
    endloop
  endfacet
  facet normal 0 -1 0
    outer loop
      vertex 12.25 64.9 0.59
      vertex 38.05 64.9 1.2999999999999998
      vertex 12.25 64.9 0.62
    endloop
  endfacet
  facet normal 0 0 -1
    outer loop
      vertex 12.25 64.9 0.59
      vertex 12.25 67.5 0.59
      vertex 38.05 67.5 0.59
    endloop
  endfacet
  facet normal 0 -1 0
    outer loop
      vertex 12.25 64.9 0.59
      vertex 36.849999999999994 64.9 0.59
      vertex 36.849999999999994 64.9 0.7
    endloop
  endfacet
  facet normal 0 0 -1
    outer loop
      vertex 12.25 64.9 0.59
      vertex 38.05 67.5 0.59
      vertex 36.849999999999994 64.9 0.59
    endloop
  endfacet
  facet normal 0 -1 0
    outer loop
      vertex 12.25 64.9 0.62
      vertex 38.05 64.9 1.2999999999999998
      vertex 12.25 64.9 1.2999999999999998
    endloop
  endfacet
  facet normal 0 -1 0
    outer loop
      vertex 12.25 64.9 0.59
      vertex 36.849999999999994 64.9 0.7
      vertex 38.05 64.9 1.2999999999999998
    endloop
  endfacet
  facet normal 0 0 1
    outer loop
      vertex 12.25 64.9 1.2999999999999998
      vertex 38.05 64.9 1.2999999999999998
      vertex 12.25 67.5 1.2999999999999998
    endloop
  endfacet
  facet normal 0 0 1
    outer loop
      vertex 12.25 67.5 1.2999999999999998
      vertex 38.05 64.9 1.2999999999999998
      vertex 38.05 67.5 1.2999999999999998
    endloop
  endfacet
  facet normal 0 -1 0
    outer loop
      vertex 37.22714285714285 64.9 0.59
      vertex 38.05 64.9 0.59
      vertex 38.05 64.9 1.2999999999999998
    endloop
  endfacet
  facet normal 0 0 -1
    outer loop
      vertex 36.849999999999994 64.9 0.59
      vertex 38.05 67.5 0.59
      vertex 37.22714285714285 64.9 0.59
    endloop
  endfacet
  facet normal 0 0 -1
    outer loop
      vertex 37.22714285714285 64.9 0.59
      vertex 38.05 67.5 0.59
      vertex 38.05 64.9 0.59
    endloop
  endfacet
  facet normal 1 0 0
    outer loop
      vertex 38.05 64.9 0.59
      vertex 38.05 67.5 0.59
      vertex 38.05 64.9 1.2999999999999998
    endloop
  endfacet
  facet normal 0 -1 0
    outer loop
      vertex 36.849999999999994 64.9 0.7
      vertex 37.22714285714285 64.9 0.59
      vertex 38.05 64.9 1.2999999999999998
    endloop
  endfacet
  facet normal 1 0 0
    outer loop
      vertex 38.05 67.5 0.59
      vertex 38.05 67.5 1.2999999999999998
      vertex 38.05 64.9 1.2999999999999998
    endloop
  endfacet
  facet normal 0 1 0
    outer loop
      vertex 40.25 55.7 0.6
      vertex 46.25 55.7 1.4
      vertex 46.25 55.7 0.6
    endloop
  endfacet
  facet normal 0 1 0
    outer loop
      vertex 40.25 55.7 0.6
      vertex 40.25 55.7 1.4
      vertex 46.25 55.7 1.4
    endloop
  endfacet
  facet normal 0 0 1
    outer loop
      vertex 40.25 52.5 1.4
      vertex 46.25 52.5 1.4
      vertex 40.25 55.7 1.4
    endloop
  endfacet
  facet normal 0 0 1
    outer loop
      vertex 40.25 55.7 1.4
      vertex 46.25 52.5 1.4
      vertex 46.25 55.7 1.4
    endloop
  endfacet
  facet normal 0 -1 0
    outer loop
      vertex 40.25 64.3 0.6
      vertex 46.25 64.3 0.6
      vertex 40.25 64.3 1.4
    endloop
  endfacet
  facet normal 0 -1 0
    outer loop
      vertex 46.25 64.3 0.6
      vertex 46.25 64.3 1.4
      vertex 40.25 64.3 1.4
    endloop
  endfacet
  facet normal 0 0 1
    outer loop
      vertex 40.25 64.3 1.4
      vertex 46.25 64.3 1.4
      vertex 40.25 67.5 1.4
    endloop
  endfacet
  facet normal 0 0 1
    outer loop
      vertex 40.25 67.5 1.4
      vertex 46.25 64.3 1.4
      vertex 46.25 67.5 1.4
    endloop
  endfacet
  facet normal -1 0 0
    outer loop
      vertex 46.25 64.3 1.4
      vertex 46.25 67.5 2.64
      vertex 46.25 67.5 1.4
    endloop
  endfacet
  facet normal -1 0 0
    outer loop
      vertex 46.25 64.3 1.4
      vertex 46.25 64.3 2.64
      vertex 46.25 67.5 2.64
    endloop
  endfacet
  facet normal 0 -1 0
    outer loop
      vertex 46.25 64.3 0.6
      vertex 146 64.3 0.6
      vertex 46.25 64.3 1.4
    endloop
  endfacet
  facet normal 0 -1 0
    outer loop
      vertex 46.25 64.3 1.4
      vertex 146 64.3 0.6
      vertex 46.25 64.3 2.64
    endloop
  endfacet
  facet normal 0 -1 0
    outer loop
      vertex 46.25 64.3 2.64
      vertex 146 64.3 0.6
      vertex 146 64.3 2.64
    endloop
  endfacet
  facet normal -1 0 0
    outer loop
      vertex 46.25 63 2.64
      vertex 46.25 67.5 3.45
      vertex 46.25 64.3 2.64
    endloop
  endfacet
  facet normal -1 0 0
    outer loop
      vertex 46.25 64.3 2.64
      vertex 46.25 67.5 3.45
      vertex 46.25 67.5 2.64
    endloop
  endfacet
  facet normal -1 0 0
    outer loop
      vertex 46.25 63 2.64
      vertex 46.25 63 3.45
      vertex 46.25 67.5 3.45
    endloop
  endfacet
  facet normal 0 0 -1
    outer loop
      vertex 46.25 63 2.64
      vertex 46.25 64.3 2.64
      vertex 146 63 2.64
    endloop
  endfacet
  facet normal 0 -1 0
    outer loop
      vertex 46.25 63 2.64
      vertex 146 63 3.45
      vertex 46.25 63 3.45
    endloop
  endfacet
  facet normal 0 0 1
    outer loop
      vertex 46.25 63 3.45
      vertex 146 67.5 3.45
      vertex 46.25 67.5 3.45
    endloop
  endfacet
  facet normal 0 0 -1
    outer loop
      vertex 46.25 64.3 2.64
      vertex 146 64.3 2.64
      vertex 146 63 2.64
    endloop
  endfacet
  facet normal 0 -1 0
    outer loop
      vertex 46.25 63 2.64
      vertex 146 63 2.64
      vertex 146 63 3.45
    endloop
  endfacet
  facet normal 0 0 1
    outer loop
      vertex 46.25 63 3.45
      vertex 146 63 3.45
      vertex 146 67.5 3.45
    endloop
  endfacet
  facet normal -1 0 0
    outer loop
      vertex 46.25 52.5 1.4
      vertex 46.25 55.7 2.64
      vertex 46.25 55.7 1.4
    endloop
  endfacet
  facet normal -1 0 0
    outer loop
      vertex 46.25 52.5 1.4
      vertex 46.25 52.5 2.64
      vertex 46.25 55.7 2.64
    endloop
  endfacet
  facet normal 0 1 0
    outer loop
      vertex 46.25 55.7 0.6
      vertex 46.25 55.7 1.4
      vertex 146 55.7 0.6
    endloop
  endfacet
  facet normal 0 1 0
    outer loop
      vertex 46.25 55.7 1.4
      vertex 46.25 55.7 2.64
      vertex 146 55.7 0.6
    endloop
  endfacet
  facet normal 0 1 0
    outer loop
      vertex 46.25 55.7 2.64
      vertex 146 55.7 2.64
      vertex 146 55.7 0.6
    endloop
  endfacet
  facet normal -1 0 0
    outer loop
      vertex 46.25 52.5 2.64
      vertex 46.25 57 3.45
      vertex 46.25 55.7 2.64
    endloop
  endfacet
  facet normal -1 0 0
    outer loop
      vertex 46.25 55.7 2.64
      vertex 46.25 57 3.45
      vertex 46.25 57 2.64
    endloop
  endfacet
  facet normal -1 0 0
    outer loop
      vertex 46.25 52.5 2.64
      vertex 46.25 52.5 3.45
      vertex 46.25 57 3.45
    endloop
  endfacet
  facet normal 0 0 -1
    outer loop
      vertex 46.25 55.7 2.64
      vertex 46.25 57 2.64
      vertex 146 55.7 2.64
    endloop
  endfacet
  facet normal 0 1 0
    outer loop
      vertex 46.25 57 2.64
      vertex 46.25 57 3.45
      vertex 146 57 2.64
    endloop
  endfacet
  facet normal 0 0 1
    outer loop
      vertex 46.25 52.5 3.45
      vertex 146 57 3.45
      vertex 46.25 57 3.45
    endloop
  endfacet
  facet normal 0 0 -1
    outer loop
      vertex 46.25 57 2.64
      vertex 146 57 2.64
      vertex 146 55.7 2.64
    endloop
  endfacet
  facet normal 0 1 0
    outer loop
      vertex 46.25 57 3.45
      vertex 146 57 3.45
      vertex 146 57 2.64
    endloop
  endfacet
  facet normal 0 0 1
    outer loop
      vertex 46.25 52.5 3.45
      vertex 146 52.5 3.45
      vertex 146 57 3.45
    endloop
  endfacet
  facet normal 1 0 0
    outer loop
      vertex 40.25 55.7 0.6
      vertex 40.25 64.3 0.6
      vertex 40.25 55.7 1.4
    endloop
  endfacet
  facet normal 1 0 0
    outer loop
      vertex 40.25 64.3 0.6
      vertex 40.25 64.3 1.4
      vertex 40.25 55.7 1.4
    endloop
  endfacet
  facet normal -1 0 0
    outer loop
      vertex 39.05 52.5 0.6
      vertex 39.05 67.5 2.4
      vertex 39.05 67.5 0.6
    endloop
  endfacet
  facet normal -1 0 0
    outer loop
      vertex 39.05 52.5 0.6
      vertex 39.05 52.5 2.4
      vertex 39.05 67.5 2.4
    endloop
  endfacet
  facet normal 1 0 0
    outer loop
      vertex 40.25 52.5 1.4
      vertex 40.25 55.7 1.4
      vertex 40.25 52.5 2.4
    endloop
  endfacet
  facet normal 1 0 0
    outer loop
      vertex 40.25 55.7 1.4
      vertex 40.25 64.3 1.4
      vertex 40.25 52.5 2.4
    endloop
  endfacet
  facet normal 1 0 0
    outer loop
      vertex 40.25 64.3 1.4
      vertex 40.25 67.5 2.4
      vertex 40.25 52.5 2.4
    endloop
  endfacet
  facet normal 1 0 0
    outer loop
      vertex 40.25 64.3 1.4
      vertex 40.25 67.5 1.4
      vertex 40.25 67.5 2.4
    endloop
  endfacet
  facet normal 0 0 1
    outer loop
      vertex 39.05 52.5 2.4
      vertex 40.25 52.5 2.4
      vertex 39.05 67.5 2.4
    endloop
  endfacet
  facet normal 0 0 1
    outer loop
      vertex 40.25 52.5 2.4
      vertex 40.25 67.5 2.4
      vertex 39.05 67.5 2.4
    endloop
  endfacet
  facet normal 0 0 -1
    outer loop
      vertex 12.25 67.5 0.59
      vertex 12.25 70.1 0.59
      vertex 36.849999999999994 70.1 0.59
    endloop
  endfacet
  facet normal 0 1 0
    outer loop
      vertex 12.25 70.1 0.59
      vertex 12.25 70.1 0.62
      vertex 36.849999999999994 70.1 0.7
    endloop
  endfacet
  facet normal 0 0 -1
    outer loop
      vertex 12.25 67.5 0.59
      vertex 38.05 70.1 0.59
      vertex 38.05 67.5 0.59
    endloop
  endfacet
  facet normal 0 0 -1
    outer loop
      vertex 12.25 67.5 0.59
      vertex 36.849999999999994 70.1 0.59
      vertex 37.22714285714285 70.1 0.59
    endloop
  endfacet
  facet normal 0 0 -1
    outer loop
      vertex 12.25 67.5 0.59
      vertex 37.22714285714285 70.1 0.59
      vertex 38.05 70.1 0.59
    endloop
  endfacet
  facet normal 0 1 0
    outer loop
      vertex 12.25 70.1 0.59
      vertex 36.849999999999994 70.1 0.7
      vertex 36.849999999999994 70.1 0.59
    endloop
  endfacet
  facet normal 0 1 0
    outer loop
      vertex 12.25 70.1 0.62
      vertex 12.25 70.1 1.2999999999999998
      vertex 36.849999999999994 70.1 0.7
    endloop
  endfacet
  facet normal 0 1 0
    outer loop
      vertex 36.849999999999994 70.1 0.7
      vertex 12.25 70.1 1.2999999999999998
      vertex 38.05 70.1 1.2999999999999998
    endloop
  endfacet
  facet normal 0 0 1
    outer loop
      vertex 12.25 67.5 1.2999999999999998
      vertex 38.05 67.5 1.2999999999999998
      vertex 12.25 70.1 1.2999999999999998
    endloop
  endfacet
  facet normal 0 0 1
    outer loop
      vertex 12.25 70.1 1.2999999999999998
      vertex 38.05 67.5 1.2999999999999998
      vertex 38.05 70.1 1.2999999999999998
    endloop
  endfacet
  facet normal 1 0 0
    outer loop
      vertex 38.05 67.5 0.59
      vertex 38.05 70.1 0.59
      vertex 38.05 67.5 1.2999999999999998
    endloop
  endfacet
  facet normal 0 1 0
    outer loop
      vertex 37.22714285714285 70.1 0.59
      vertex 38.05 70.1 1.2999999999999998
      vertex 38.05 70.1 0.59
    endloop
  endfacet
  facet normal 0 1 0
    outer loop
      vertex 36.849999999999994 70.1 0.7
      vertex 38.05 70.1 1.2999999999999998
      vertex 37.22714285714285 70.1 0.59
    endloop
  endfacet
  facet normal 1 0 0
    outer loop
      vertex 38.05 70.1 0.59
      vertex 38.05 70.1 1.2999999999999998
      vertex 38.05 67.5 1.2999999999999998
    endloop
  endfacet
  facet normal 0 0 -1
    outer loop
      vertex 12.25 79.9 0.59
      vertex 12.25 82.5 0.59
      vertex 38.05 82.5 0.59
    endloop
  endfacet
  facet normal 0 -1 0
    outer loop
      vertex 12.25 79.9 0.59
      vertex 38.05 79.9 1.2999999999999998
      vertex 12.25 79.9 0.62
    endloop
  endfacet
  facet normal 0 0 -1
    outer loop
      vertex 12.25 79.9 0.59
      vertex 38.05 82.5 0.59
      vertex 38.05 79.9 0.59
    endloop
  endfacet
  facet normal 0 -1 0
    outer loop
      vertex 12.25 79.9 0.59
      vertex 38.05 79.9 0.59
      vertex 38.05 79.9 1.2999999999999998
    endloop
  endfacet
  facet normal 0 -1 0
    outer loop
      vertex 12.25 79.9 0.62
      vertex 38.05 79.9 1.2999999999999998
      vertex 12.25 79.9 1.2999999999999998
    endloop
  endfacet
  facet normal 0 0 1
    outer loop
      vertex 12.25 79.9 1.2999999999999998
      vertex 38.05 79.9 1.2999999999999998
      vertex 12.25 82.5 1.2999999999999998
    endloop
  endfacet
  facet normal 0 0 1
    outer loop
      vertex 12.25 82.5 1.2999999999999998
      vertex 38.05 79.9 1.2999999999999998
      vertex 38.05 82.5 1.2999999999999998
    endloop
  endfacet
  facet normal 1 0 0
    outer loop
      vertex 38.05 79.9 0.59
      vertex 38.05 82.5 0.59
      vertex 38.05 79.9 1.2999999999999998
    endloop
  endfacet
  facet normal 1 0 0
    outer loop
      vertex 38.05 82.5 0.59
      vertex 38.05 82.5 1.2999999999999998
      vertex 38.05 79.9 1.2999999999999998
    endloop
  endfacet
  facet normal 0 1 0
    outer loop
      vertex 40.25 70.7 0.6
      vertex 46.25 70.7 1.4
      vertex 46.25 70.7 0.6
    endloop
  endfacet
  facet normal 0 1 0
    outer loop
      vertex 40.25 70.7 0.6
      vertex 40.25 70.7 1.4
      vertex 46.25 70.7 1.4
    endloop
  endfacet
  facet normal 0 0 1
    outer loop
      vertex 40.25 67.5 1.4
      vertex 46.25 67.5 1.4
      vertex 40.25 70.7 1.4
    endloop
  endfacet
  facet normal 0 0 1
    outer loop
      vertex 40.25 70.7 1.4
      vertex 46.25 67.5 1.4
      vertex 46.25 70.7 1.4
    endloop
  endfacet
  facet normal 0 -1 0
    outer loop
      vertex 40.25 79.3 0.6
      vertex 46.25 79.3 0.6
      vertex 40.25 79.3 1.4
    endloop
  endfacet
  facet normal 0 -1 0
    outer loop
      vertex 46.25 79.3 0.6
      vertex 46.25 79.3 1.4
      vertex 40.25 79.3 1.4
    endloop
  endfacet
  facet normal 0 0 1
    outer loop
      vertex 40.25 79.3 1.4
      vertex 46.25 79.3 1.4
      vertex 40.25 82.5 1.4
    endloop
  endfacet
  facet normal 0 0 1
    outer loop
      vertex 40.25 82.5 1.4
      vertex 46.25 79.3 1.4
      vertex 46.25 82.5 1.4
    endloop
  endfacet
  facet normal -1 0 0
    outer loop
      vertex 46.25 79.3 1.4
      vertex 46.25 82.5 2.64
      vertex 46.25 82.5 1.4
    endloop
  endfacet
  facet normal -1 0 0
    outer loop
      vertex 46.25 79.3 1.4
      vertex 46.25 79.3 2.64
      vertex 46.25 82.5 2.64
    endloop
  endfacet
  facet normal 0 -1 0
    outer loop
      vertex 46.25 79.3 0.6
      vertex 146 79.3 0.6
      vertex 46.25 79.3 1.4
    endloop
  endfacet
  facet normal 0 -1 0
    outer loop
      vertex 46.25 79.3 1.4
      vertex 146 79.3 0.6
      vertex 46.25 79.3 2.64
    endloop
  endfacet
  facet normal 0 -1 0
    outer loop
      vertex 46.25 79.3 2.64
      vertex 146 79.3 0.6
      vertex 146 79.3 2.64
    endloop
  endfacet
  facet normal -1 0 0
    outer loop
      vertex 46.25 78 2.64
      vertex 46.25 82.5 3.45
      vertex 46.25 79.3 2.64
    endloop
  endfacet
  facet normal -1 0 0
    outer loop
      vertex 46.25 79.3 2.64
      vertex 46.25 82.5 3.45
      vertex 46.25 82.5 2.64
    endloop
  endfacet
  facet normal -1 0 0
    outer loop
      vertex 46.25 78 2.64
      vertex 46.25 78 3.45
      vertex 46.25 82.5 3.45
    endloop
  endfacet
  facet normal 0 0 -1
    outer loop
      vertex 46.25 78 2.64
      vertex 46.25 79.3 2.64
      vertex 146 78 2.64
    endloop
  endfacet
  facet normal 0 -1 0
    outer loop
      vertex 46.25 78 2.64
      vertex 146 78 3.45
      vertex 46.25 78 3.45
    endloop
  endfacet
  facet normal 0 0 1
    outer loop
      vertex 46.25 78 3.45
      vertex 146 82.5 3.45
      vertex 46.25 82.5 3.45
    endloop
  endfacet
  facet normal 0 -1 0
    outer loop
      vertex 46.25 78 2.64
      vertex 146 78 2.64
      vertex 146 78 3.45
    endloop
  endfacet
  facet normal 0 0 -1
    outer loop
      vertex 46.25 79.3 2.64
      vertex 146 79.3 2.64
      vertex 146 78 2.64
    endloop
  endfacet
  facet normal 0 0 1
    outer loop
      vertex 46.25 78 3.45
      vertex 146 78 3.45
      vertex 146 82.5 3.45
    endloop
  endfacet
  facet normal -1 0 0
    outer loop
      vertex 46.25 67.5 1.4
      vertex 46.25 70.7 2.64
      vertex 46.25 70.7 1.4
    endloop
  endfacet
  facet normal -1 0 0
    outer loop
      vertex 46.25 67.5 1.4
      vertex 46.25 67.5 2.64
      vertex 46.25 70.7 2.64
    endloop
  endfacet
  facet normal 0 1 0
    outer loop
      vertex 46.25 70.7 0.6
      vertex 46.25 70.7 1.4
      vertex 146 70.7 0.6
    endloop
  endfacet
  facet normal 0 1 0
    outer loop
      vertex 46.25 70.7 1.4
      vertex 46.25 70.7 2.64
      vertex 146 70.7 0.6
    endloop
  endfacet
  facet normal 0 1 0
    outer loop
      vertex 46.25 70.7 2.64
      vertex 146 70.7 2.64
      vertex 146 70.7 0.6
    endloop
  endfacet
  facet normal -1 0 0
    outer loop
      vertex 46.25 67.5 2.64
      vertex 46.25 72 3.45
      vertex 46.25 70.7 2.64
    endloop
  endfacet
  facet normal -1 0 0
    outer loop
      vertex 46.25 70.7 2.64
      vertex 46.25 72 3.45
      vertex 46.25 72 2.64
    endloop
  endfacet
  facet normal -1 0 0
    outer loop
      vertex 46.25 67.5 2.64
      vertex 46.25 67.5 3.45
      vertex 46.25 72 3.45
    endloop
  endfacet
  facet normal 0 0 -1
    outer loop
      vertex 46.25 70.7 2.64
      vertex 46.25 72 2.64
      vertex 146 70.7 2.64
    endloop
  endfacet
  facet normal 0 1 0
    outer loop
      vertex 46.25 72 2.64
      vertex 46.25 72 3.45
      vertex 146 72 2.64
    endloop
  endfacet
  facet normal 0 0 1
    outer loop
      vertex 46.25 67.5 3.45
      vertex 146 72 3.45
      vertex 46.25 72 3.45
    endloop
  endfacet
  facet normal 0 0 -1
    outer loop
      vertex 46.25 72 2.64
      vertex 146 72 2.64
      vertex 146 70.7 2.64
    endloop
  endfacet
  facet normal 0 1 0
    outer loop
      vertex 46.25 72 3.45
      vertex 146 72 3.45
      vertex 146 72 2.64
    endloop
  endfacet
  facet normal 0 0 1
    outer loop
      vertex 46.25 67.5 3.45
      vertex 146 67.5 3.45
      vertex 146 72 3.45
    endloop
  endfacet
  facet normal 1 0 0
    outer loop
      vertex 40.25 70.7 0.6
      vertex 40.25 79.3 0.6
      vertex 40.25 70.7 1.4
    endloop
  endfacet
  facet normal 1 0 0
    outer loop
      vertex 40.25 79.3 0.6
      vertex 40.25 79.3 1.4
      vertex 40.25 70.7 1.4
    endloop
  endfacet
  facet normal -1 0 0
    outer loop
      vertex 39.05 67.5 0.6
      vertex 39.05 82.5 2.4
      vertex 39.05 82.5 0.6
    endloop
  endfacet
  facet normal 1 0 0
    outer loop
      vertex 40.25 67.5 1.4
      vertex 40.25 70.7 1.4
      vertex 40.25 67.5 2.4
    endloop
  endfacet
  facet normal -1 0 0
    outer loop
      vertex 39.05 67.5 0.6
      vertex 39.05 67.5 2.4
      vertex 39.05 82.5 2.4
    endloop
  endfacet
  facet normal 1 0 0
    outer loop
      vertex 40.25 70.7 1.4
      vertex 40.25 79.3 1.4
      vertex 40.25 67.5 2.4
    endloop
  endfacet
  facet normal 1 0 0
    outer loop
      vertex 40.25 79.3 1.4
      vertex 40.25 82.5 2.4
      vertex 40.25 67.5 2.4
    endloop
  endfacet
  facet normal 0 0 1
    outer loop
      vertex 39.05 67.5 2.4
      vertex 40.25 67.5 2.4
      vertex 39.05 82.5 2.4
    endloop
  endfacet
  facet normal 0 0 1
    outer loop
      vertex 40.25 67.5 2.4
      vertex 40.25 82.5 2.4
      vertex 39.05 82.5 2.4
    endloop
  endfacet
  facet normal 1 0 0
    outer loop
      vertex 40.25 79.3 1.4
      vertex 40.25 82.5 1.4
      vertex 40.25 82.5 2.4
    endloop
  endfacet
  facet normal 0 0 -1
    outer loop
      vertex 12.25 82.5 0.59
      vertex 12.25 85.1 0.59
      vertex 36.849999999999994 85.1 0.59
    endloop
  endfacet
  facet normal 0 1 0
    outer loop
      vertex 12.25 85.1 0.59
      vertex 12.25 85.1 0.62
      vertex 36.849999999999994 85.1 0.7
    endloop
  endfacet
  facet normal 0 0 -1
    outer loop
      vertex 12.25 82.5 0.59
      vertex 36.849999999999994 85.1 0.59
      vertex 37.22714285714285 85.1 0.59
    endloop
  endfacet
  facet normal 0 0 -1
    outer loop
      vertex 12.25 82.5 0.59
      vertex 38.05 85.1 0.59
      vertex 38.05 82.5 0.59
    endloop
  endfacet
  facet normal 0 0 -1
    outer loop
      vertex 12.25 82.5 0.59
      vertex 37.22714285714285 85.1 0.59
      vertex 38.05 85.1 0.59
    endloop
  endfacet
  facet normal 0 1 0
    outer loop
      vertex 12.25 85.1 0.59
      vertex 36.849999999999994 85.1 0.7
      vertex 36.849999999999994 85.1 0.59
    endloop
  endfacet
  facet normal 0 1 0
    outer loop
      vertex 12.25 85.1 0.62
      vertex 12.25 85.1 1.2999999999999998
      vertex 36.849999999999994 85.1 0.7
    endloop
  endfacet
  facet normal 0 1 0
    outer loop
      vertex 36.849999999999994 85.1 0.7
      vertex 12.25 85.1 1.2999999999999998
      vertex 38.05 85.1 1.2999999999999998
    endloop
  endfacet
  facet normal 0 0 1
    outer loop
      vertex 12.25 82.5 1.2999999999999998
      vertex 38.05 82.5 1.2999999999999998
      vertex 12.25 85.1 1.2999999999999998
    endloop
  endfacet
  facet normal 0 0 1
    outer loop
      vertex 12.25 85.1 1.2999999999999998
      vertex 38.05 82.5 1.2999999999999998
      vertex 38.05 85.1 1.2999999999999998
    endloop
  endfacet
  facet normal 1 0 0
    outer loop
      vertex 38.05 82.5 0.59
      vertex 38.05 85.1 0.59
      vertex 38.05 82.5 1.2999999999999998
    endloop
  endfacet
  facet normal 0 1 0
    outer loop
      vertex 37.22714285714285 85.1 0.59
      vertex 38.05 85.1 1.2999999999999998
      vertex 38.05 85.1 0.59
    endloop
  endfacet
  facet normal 0 1 0
    outer loop
      vertex 36.849999999999994 85.1 0.7
      vertex 38.05 85.1 1.2999999999999998
      vertex 37.22714285714285 85.1 0.59
    endloop
  endfacet
  facet normal 1 0 0
    outer loop
      vertex 38.05 85.1 0.59
      vertex 38.05 85.1 1.2999999999999998
      vertex 38.05 82.5 1.2999999999999998
    endloop
  endfacet
  facet normal 0 0 -1
    outer loop
      vertex 12.25 94.9 0.59
      vertex 12.25 97.5 0.59
      vertex 38.05 97.5 0.59
    endloop
  endfacet
  facet normal 0 -1 0
    outer loop
      vertex 12.25 94.9 0.59
      vertex 38.05 94.9 1.2999999999999998
      vertex 12.25 94.9 0.62
    endloop
  endfacet
  facet normal 0 0 -1
    outer loop
      vertex 12.25 94.9 0.59
      vertex 38.05 97.5 0.59
      vertex 38.05 94.9 0.59
    endloop
  endfacet
  facet normal 0 -1 0
    outer loop
      vertex 12.25 94.9 0.59
      vertex 38.05 94.9 0.59
      vertex 38.05 94.9 1.2999999999999998
    endloop
  endfacet
  facet normal 0 -1 0
    outer loop
      vertex 12.25 94.9 0.62
      vertex 38.05 94.9 1.2999999999999998
      vertex 12.25 94.9 1.2999999999999998
    endloop
  endfacet
  facet normal 0 0 1
    outer loop
      vertex 12.25 94.9 1.2999999999999998
      vertex 38.05 94.9 1.2999999999999998
      vertex 12.25 97.5 1.2999999999999998
    endloop
  endfacet
  facet normal 0 0 1
    outer loop
      vertex 12.25 97.5 1.2999999999999998
      vertex 38.05 94.9 1.2999999999999998
      vertex 38.05 97.5 1.2999999999999998
    endloop
  endfacet
  facet normal 1 0 0
    outer loop
      vertex 38.05 94.9 0.59
      vertex 38.05 97.5 0.59
      vertex 38.05 94.9 1.2999999999999998
    endloop
  endfacet
  facet normal 1 0 0
    outer loop
      vertex 38.05 97.5 0.59
      vertex 38.05 97.5 1.2999999999999998
      vertex 38.05 94.9 1.2999999999999998
    endloop
  endfacet
  facet normal 0 1 0
    outer loop
      vertex 40.25 85.7 0.6
      vertex 46.25 85.7 1.4
      vertex 46.25 85.7 0.6
    endloop
  endfacet
  facet normal 0 1 0
    outer loop
      vertex 40.25 85.7 0.6
      vertex 40.25 85.7 1.4
      vertex 46.25 85.7 1.4
    endloop
  endfacet
  facet normal 0 0 1
    outer loop
      vertex 40.25 82.5 1.4
      vertex 46.25 82.5 1.4
      vertex 40.25 85.7 1.4
    endloop
  endfacet
  facet normal 0 0 1
    outer loop
      vertex 40.25 85.7 1.4
      vertex 46.25 82.5 1.4
      vertex 46.25 85.7 1.4
    endloop
  endfacet
  facet normal 0 -1 0
    outer loop
      vertex 40.25 94.3 0.6
      vertex 46.25 94.3 0.6
      vertex 40.25 94.3 1.4
    endloop
  endfacet
  facet normal 0 -1 0
    outer loop
      vertex 46.25 94.3 0.6
      vertex 46.25 94.3 1.4
      vertex 40.25 94.3 1.4
    endloop
  endfacet
  facet normal 0 0 1
    outer loop
      vertex 40.25 94.3 1.4
      vertex 46.25 94.3 1.4
      vertex 40.25 97.5 1.4
    endloop
  endfacet
  facet normal 0 0 1
    outer loop
      vertex 40.25 97.5 1.4
      vertex 46.25 94.3 1.4
      vertex 46.25 97.5 1.4
    endloop
  endfacet
  facet normal -1 0 0
    outer loop
      vertex 46.25 94.3 1.4
      vertex 46.25 97.5 2.64
      vertex 46.25 97.5 1.4
    endloop
  endfacet
  facet normal -1 0 0
    outer loop
      vertex 46.25 94.3 1.4
      vertex 46.25 94.3 2.64
      vertex 46.25 97.5 2.64
    endloop
  endfacet
  facet normal 0 -1 0
    outer loop
      vertex 46.25 94.3 0.6
      vertex 146 94.3 0.6
      vertex 46.25 94.3 1.4
    endloop
  endfacet
  facet normal 0 -1 0
    outer loop
      vertex 46.25 94.3 1.4
      vertex 146 94.3 0.6
      vertex 46.25 94.3 2.64
    endloop
  endfacet
  facet normal 0 -1 0
    outer loop
      vertex 46.25 94.3 2.64
      vertex 146 94.3 0.6
      vertex 146 94.3 2.64
    endloop
  endfacet
  facet normal -1 0 0
    outer loop
      vertex 46.25 93 2.64
      vertex 46.25 97.5 3.45
      vertex 46.25 94.3 2.64
    endloop
  endfacet
  facet normal -1 0 0
    outer loop
      vertex 46.25 94.3 2.64
      vertex 46.25 97.5 3.45
      vertex 46.25 97.5 2.64
    endloop
  endfacet
  facet normal -1 0 0
    outer loop
      vertex 46.25 93 2.64
      vertex 46.25 93 3.45
      vertex 46.25 97.5 3.45
    endloop
  endfacet
  facet normal 0 0 -1
    outer loop
      vertex 46.25 93 2.64
      vertex 46.25 94.3 2.64
      vertex 146 93 2.64
    endloop
  endfacet
  facet normal 0 -1 0
    outer loop
      vertex 46.25 93 2.64
      vertex 146 93 3.45
      vertex 46.25 93 3.45
    endloop
  endfacet
  facet normal 0 0 1
    outer loop
      vertex 46.25 93 3.45
      vertex 146 97.5 3.45
      vertex 46.25 97.5 3.45
    endloop
  endfacet
  facet normal 0 0 -1
    outer loop
      vertex 46.25 94.3 2.64
      vertex 146 94.3 2.64
      vertex 146 93 2.64
    endloop
  endfacet
  facet normal 0 -1 0
    outer loop
      vertex 46.25 93 2.64
      vertex 146 93 2.64
      vertex 146 93 3.45
    endloop
  endfacet
  facet normal 0 0 1
    outer loop
      vertex 46.25 93 3.45
      vertex 146 93 3.45
      vertex 146 97.5 3.45
    endloop
  endfacet
  facet normal -1 0 0
    outer loop
      vertex 46.25 82.5 1.4
      vertex 46.25 85.7 2.64
      vertex 46.25 85.7 1.4
    endloop
  endfacet
  facet normal -1 0 0
    outer loop
      vertex 46.25 82.5 1.4
      vertex 46.25 82.5 2.64
      vertex 46.25 85.7 2.64
    endloop
  endfacet
  facet normal 0 1 0
    outer loop
      vertex 46.25 85.7 0.6
      vertex 46.25 85.7 1.4
      vertex 146 85.7 0.6
    endloop
  endfacet
  facet normal 0 1 0
    outer loop
      vertex 46.25 85.7 1.4
      vertex 46.25 85.7 2.64
      vertex 146 85.7 0.6
    endloop
  endfacet
  facet normal 0 1 0
    outer loop
      vertex 46.25 85.7 2.64
      vertex 146 85.7 2.64
      vertex 146 85.7 0.6
    endloop
  endfacet
  facet normal -1 0 0
    outer loop
      vertex 46.25 82.5 2.64
      vertex 46.25 87 3.45
      vertex 46.25 85.7 2.64
    endloop
  endfacet
  facet normal -1 0 0
    outer loop
      vertex 46.25 85.7 2.64
      vertex 46.25 87 3.45
      vertex 46.25 87 2.64
    endloop
  endfacet
  facet normal -1 0 0
    outer loop
      vertex 46.25 82.5 2.64
      vertex 46.25 82.5 3.45
      vertex 46.25 87 3.45
    endloop
  endfacet
  facet normal 0 0 -1
    outer loop
      vertex 46.25 85.7 2.64
      vertex 46.25 87 2.64
      vertex 146 85.7 2.64
    endloop
  endfacet
  facet normal 0 1 0
    outer loop
      vertex 46.25 87 2.64
      vertex 46.25 87 3.45
      vertex 146 87 2.64
    endloop
  endfacet
  facet normal 0 0 1
    outer loop
      vertex 46.25 82.5 3.45
      vertex 146 87 3.45
      vertex 46.25 87 3.45
    endloop
  endfacet
  facet normal 0 0 -1
    outer loop
      vertex 46.25 87 2.64
      vertex 146 87 2.64
      vertex 146 85.7 2.64
    endloop
  endfacet
  facet normal 0 1 0
    outer loop
      vertex 46.25 87 3.45
      vertex 146 87 3.45
      vertex 146 87 2.64
    endloop
  endfacet
  facet normal 0 0 1
    outer loop
      vertex 46.25 82.5 3.45
      vertex 146 82.5 3.45
      vertex 146 87 3.45
    endloop
  endfacet
  facet normal 1 0 0
    outer loop
      vertex 40.25 85.7 0.6
      vertex 40.25 94.3 0.6
      vertex 40.25 85.7 1.4
    endloop
  endfacet
  facet normal 1 0 0
    outer loop
      vertex 40.25 94.3 0.6
      vertex 40.25 94.3 1.4
      vertex 40.25 85.7 1.4
    endloop
  endfacet
  facet normal -1 0 0
    outer loop
      vertex 39.05 82.5 0.6
      vertex 39.05 97.5 2.4
      vertex 39.05 97.5 0.6
    endloop
  endfacet
  facet normal 1 0 0
    outer loop
      vertex 40.25 82.5 1.4
      vertex 40.25 85.7 1.4
      vertex 40.25 82.5 2.4
    endloop
  endfacet
  facet normal -1 0 0
    outer loop
      vertex 39.05 82.5 0.6
      vertex 39.05 82.5 2.4
      vertex 39.05 97.5 2.4
    endloop
  endfacet
  facet normal 1 0 0
    outer loop
      vertex 40.25 85.7 1.4
      vertex 40.25 94.3 1.4
      vertex 40.25 82.5 2.4
    endloop
  endfacet
  facet normal 1 0 0
    outer loop
      vertex 40.25 94.3 1.4
      vertex 40.25 97.5 2.4
      vertex 40.25 82.5 2.4
    endloop
  endfacet
  facet normal 1 0 0
    outer loop
      vertex 40.25 94.3 1.4
      vertex 40.25 97.5 1.4
      vertex 40.25 97.5 2.4
    endloop
  endfacet
  facet normal 0 0 1
    outer loop
      vertex 39.05 82.5 2.4
      vertex 40.25 82.5 2.4
      vertex 39.05 97.5 2.4
    endloop
  endfacet
  facet normal 0 0 1
    outer loop
      vertex 40.25 82.5 2.4
      vertex 40.25 97.5 2.4
      vertex 39.05 97.5 2.4
    endloop
  endfacet
  facet normal 0 0 -1
    outer loop
      vertex 12.25 97.5 0.59
      vertex 12.25 100.1 0.59
      vertex 36.849999999999994 100.1 0.59
    endloop
  endfacet
  facet normal 0 1 0
    outer loop
      vertex 12.25 100.1 0.59
      vertex 12.25 100.1 0.62
      vertex 36.849999999999994 100.1 0.7
    endloop
  endfacet
  facet normal 0 0 -1
    outer loop
      vertex 12.25 97.5 0.59
      vertex 38.05 100.1 0.59
      vertex 38.05 97.5 0.59
    endloop
  endfacet
  facet normal 0 0 -1
    outer loop
      vertex 12.25 97.5 0.59
      vertex 36.849999999999994 100.1 0.59
      vertex 37.22714285714285 100.1 0.59
    endloop
  endfacet
  facet normal 0 0 -1
    outer loop
      vertex 12.25 97.5 0.59
      vertex 37.22714285714285 100.1 0.59
      vertex 38.05 100.1 0.59
    endloop
  endfacet
  facet normal 0 1 0
    outer loop
      vertex 12.25 100.1 0.59
      vertex 36.849999999999994 100.1 0.7
      vertex 36.849999999999994 100.1 0.59
    endloop
  endfacet
  facet normal 0 1 0
    outer loop
      vertex 12.25 100.1 0.62
      vertex 12.25 100.1 1.2999999999999998
      vertex 36.849999999999994 100.1 0.7
    endloop
  endfacet
  facet normal 0 1 0
    outer loop
      vertex 36.849999999999994 100.1 0.7
      vertex 12.25 100.1 1.2999999999999998
      vertex 38.05 100.1 1.2999999999999998
    endloop
  endfacet
  facet normal 0 0 1
    outer loop
      vertex 12.25 97.5 1.2999999999999998
      vertex 38.05 97.5 1.2999999999999998
      vertex 12.25 100.1 1.2999999999999998
    endloop
  endfacet
  facet normal 0 0 1
    outer loop
      vertex 12.25 100.1 1.2999999999999998
      vertex 38.05 97.5 1.2999999999999998
      vertex 38.05 100.1 1.2999999999999998
    endloop
  endfacet
  facet normal 1 0 0
    outer loop
      vertex 38.05 97.5 0.59
      vertex 38.05 100.1 0.59
      vertex 38.05 97.5 1.2999999999999998
    endloop
  endfacet
  facet normal 0 1 0
    outer loop
      vertex 37.22714285714285 100.1 0.59
      vertex 38.05 100.1 1.2999999999999998
      vertex 38.05 100.1 0.59
    endloop
  endfacet
  facet normal 0 1 0
    outer loop
      vertex 36.849999999999994 100.1 0.7
      vertex 38.05 100.1 1.2999999999999998
      vertex 37.22714285714285 100.1 0.59
    endloop
  endfacet
  facet normal 1 0 0
    outer loop
      vertex 38.05 100.1 0.59
      vertex 38.05 100.1 1.2999999999999998
      vertex 38.05 97.5 1.2999999999999998
    endloop
  endfacet
  facet normal 0 0 -1
    outer loop
      vertex 12.25 109.9 0.59
      vertex 12.25 112.5 0.59
      vertex 38.05 112.5 0.59
    endloop
  endfacet
  facet normal 0 -1 0
    outer loop
      vertex 12.25 109.9 0.59
      vertex 38.05 109.9 1.2999999999999998
      vertex 12.25 109.9 0.62
    endloop
  endfacet
  facet normal 0 0 -1
    outer loop
      vertex 12.25 109.9 0.59
      vertex 38.05 112.5 0.59
      vertex 38.05 109.9 0.59
    endloop
  endfacet
  facet normal 0 -1 0
    outer loop
      vertex 12.25 109.9 0.59
      vertex 38.05 109.9 0.59
      vertex 38.05 109.9 1.2999999999999998
    endloop
  endfacet
  facet normal 0 -1 0
    outer loop
      vertex 12.25 109.9 0.62
      vertex 38.05 109.9 1.2999999999999998
      vertex 12.25 109.9 1.2999999999999998
    endloop
  endfacet
  facet normal 0 0 1
    outer loop
      vertex 12.25 109.9 1.2999999999999998
      vertex 38.05 109.9 1.2999999999999998
      vertex 12.25 112.5 1.2999999999999998
    endloop
  endfacet
  facet normal 0 0 1
    outer loop
      vertex 12.25 112.5 1.2999999999999998
      vertex 38.05 109.9 1.2999999999999998
      vertex 38.05 112.5 1.2999999999999998
    endloop
  endfacet
  facet normal 1 0 0
    outer loop
      vertex 38.05 109.9 0.59
      vertex 38.05 112.5 0.59
      vertex 38.05 109.9 1.2999999999999998
    endloop
  endfacet
  facet normal 1 0 0
    outer loop
      vertex 38.05 112.5 0.59
      vertex 38.05 112.5 1.2999999999999998
      vertex 38.05 109.9 1.2999999999999998
    endloop
  endfacet
  facet normal 0 1 0
    outer loop
      vertex 40.25 100.7 0.6
      vertex 46.25 100.7 1.4
      vertex 46.25 100.7 0.6
    endloop
  endfacet
  facet normal 0 1 0
    outer loop
      vertex 40.25 100.7 0.6
      vertex 40.25 100.7 1.4
      vertex 46.25 100.7 1.4
    endloop
  endfacet
  facet normal 0 0 1
    outer loop
      vertex 40.25 97.5 1.4
      vertex 46.25 97.5 1.4
      vertex 40.25 100.7 1.4
    endloop
  endfacet
  facet normal 0 0 1
    outer loop
      vertex 40.25 100.7 1.4
      vertex 46.25 97.5 1.4
      vertex 46.25 100.7 1.4
    endloop
  endfacet
  facet normal 0 -1 0
    outer loop
      vertex 40.25 109.3 0.6
      vertex 46.25 109.3 0.6
      vertex 40.25 109.3 1.4
    endloop
  endfacet
  facet normal 0 -1 0
    outer loop
      vertex 46.25 109.3 0.6
      vertex 46.25 109.3 1.4
      vertex 40.25 109.3 1.4
    endloop
  endfacet
  facet normal 0 0 1
    outer loop
      vertex 40.25 109.3 1.4
      vertex 46.25 109.3 1.4
      vertex 40.25 112.5 1.4
    endloop
  endfacet
  facet normal 0 0 1
    outer loop
      vertex 40.25 112.5 1.4
      vertex 46.25 109.3 1.4
      vertex 46.25 112.5 1.4
    endloop
  endfacet
  facet normal -1 0 0
    outer loop
      vertex 46.25 109.3 1.4
      vertex 46.25 112.5 2.64
      vertex 46.25 112.5 1.4
    endloop
  endfacet
  facet normal -1 0 0
    outer loop
      vertex 46.25 109.3 1.4
      vertex 46.25 109.3 2.64
      vertex 46.25 112.5 2.64
    endloop
  endfacet
  facet normal 0 -1 0
    outer loop
      vertex 46.25 109.3 0.6
      vertex 146 109.3 0.6
      vertex 46.25 109.3 1.4
    endloop
  endfacet
  facet normal 0 -1 0
    outer loop
      vertex 46.25 109.3 1.4
      vertex 146 109.3 0.6
      vertex 46.25 109.3 2.64
    endloop
  endfacet
  facet normal 0 -1 0
    outer loop
      vertex 46.25 109.3 2.64
      vertex 146 109.3 0.6
      vertex 146 109.3 2.64
    endloop
  endfacet
  facet normal -1 0 0
    outer loop
      vertex 46.25 108 2.64
      vertex 46.25 112.5 3.45
      vertex 46.25 109.3 2.64
    endloop
  endfacet
  facet normal -1 0 0
    outer loop
      vertex 46.25 109.3 2.64
      vertex 46.25 112.5 3.45
      vertex 46.25 112.5 2.64
    endloop
  endfacet
  facet normal -1 0 0
    outer loop
      vertex 46.25 108 2.64
      vertex 46.25 108 3.45
      vertex 46.25 112.5 3.45
    endloop
  endfacet
  facet normal 0 0 -1
    outer loop
      vertex 46.25 108 2.64
      vertex 46.25 109.3 2.64
      vertex 146 108 2.64
    endloop
  endfacet
  facet normal 0 -1 0
    outer loop
      vertex 46.25 108 2.64
      vertex 146 108 3.45
      vertex 46.25 108 3.45
    endloop
  endfacet
  facet normal 0 0 1
    outer loop
      vertex 46.25 108 3.45
      vertex 146 112.5 3.45
      vertex 46.25 112.5 3.45
    endloop
  endfacet
  facet normal 0 0 -1
    outer loop
      vertex 46.25 109.3 2.64
      vertex 146 109.3 2.64
      vertex 146 108 2.64
    endloop
  endfacet
  facet normal 0 -1 0
    outer loop
      vertex 46.25 108 2.64
      vertex 146 108 2.64
      vertex 146 108 3.45
    endloop
  endfacet
  facet normal 0 0 1
    outer loop
      vertex 46.25 108 3.45
      vertex 146 108 3.45
      vertex 146 112.5 3.45
    endloop
  endfacet
  facet normal -1 0 0
    outer loop
      vertex 46.25 97.5 1.4
      vertex 46.25 100.7 2.64
      vertex 46.25 100.7 1.4
    endloop
  endfacet
  facet normal -1 0 0
    outer loop
      vertex 46.25 97.5 1.4
      vertex 46.25 97.5 2.64
      vertex 46.25 100.7 2.64
    endloop
  endfacet
  facet normal 0 1 0
    outer loop
      vertex 46.25 100.7 0.6
      vertex 46.25 100.7 1.4
      vertex 146 100.7 0.6
    endloop
  endfacet
  facet normal 0 1 0
    outer loop
      vertex 46.25 100.7 1.4
      vertex 46.25 100.7 2.64
      vertex 146 100.7 0.6
    endloop
  endfacet
  facet normal 0 1 0
    outer loop
      vertex 46.25 100.7 2.64
      vertex 146 100.7 2.64
      vertex 146 100.7 0.6
    endloop
  endfacet
  facet normal -1 0 0
    outer loop
      vertex 46.25 97.5 2.64
      vertex 46.25 102 3.45
      vertex 46.25 100.7 2.64
    endloop
  endfacet
  facet normal -1 0 0
    outer loop
      vertex 46.25 100.7 2.64
      vertex 46.25 102 3.45
      vertex 46.25 102 2.64
    endloop
  endfacet
  facet normal -1 0 0
    outer loop
      vertex 46.25 97.5 2.64
      vertex 46.25 97.5 3.45
      vertex 46.25 102 3.45
    endloop
  endfacet
  facet normal 0 0 -1
    outer loop
      vertex 46.25 100.7 2.64
      vertex 46.25 102 2.64
      vertex 146 100.7 2.64
    endloop
  endfacet
  facet normal 0 1 0
    outer loop
      vertex 46.25 102 2.64
      vertex 46.25 102 3.45
      vertex 146 102 2.64
    endloop
  endfacet
  facet normal 0 0 1
    outer loop
      vertex 46.25 97.5 3.45
      vertex 146 102 3.45
      vertex 46.25 102 3.45
    endloop
  endfacet
  facet normal 0 0 -1
    outer loop
      vertex 46.25 102 2.64
      vertex 146 102 2.64
      vertex 146 100.7 2.64
    endloop
  endfacet
  facet normal 0 1 0
    outer loop
      vertex 46.25 102 3.45
      vertex 146 102 3.45
      vertex 146 102 2.64
    endloop
  endfacet
  facet normal 0 0 1
    outer loop
      vertex 46.25 97.5 3.45
      vertex 146 97.5 3.45
      vertex 146 102 3.45
    endloop
  endfacet
  facet normal 1 0 0
    outer loop
      vertex 40.25 100.7 0.6
      vertex 40.25 109.3 0.6
      vertex 40.25 100.7 1.4
    endloop
  endfacet
  facet normal -1 0 0
    outer loop
      vertex 39.05 97.5 0.6
      vertex 39.05 97.5 2.4
      vertex 39.05 112.5 2.4
    endloop
  endfacet
  facet normal 1 0 0
    outer loop
      vertex 40.25 97.5 1.4
      vertex 40.25 100.7 1.4
      vertex 40.25 97.5 2.4
    endloop
  endfacet
  facet normal 1 0 0
    outer loop
      vertex 40.25 100.7 1.4
      vertex 40.25 109.3 1.4
      vertex 40.25 97.5 2.4
    endloop
  endfacet
  facet normal 0 0 1
    outer loop
      vertex 39.05 97.5 2.4
      vertex 40.25 97.5 2.4
      vertex 39.05 112.5 2.4
    endloop
  endfacet
  facet normal 1 0 0
    outer loop
      vertex 40.25 100.7 1.4
      vertex 40.25 109.3 0.6
      vertex 40.25 109.3 1.4
    endloop
  endfacet
  facet normal -1 0 0
    outer loop
      vertex 39.05 97.5 0.6
      vertex 39.05 112.5 2.4
      vertex 39.05 112.5 0.6
    endloop
  endfacet
  facet normal 1 0 0
    outer loop
      vertex 40.25 109.3 1.4
      vertex 40.25 112.5 1.4
      vertex 40.25 112.5 2.4
    endloop
  endfacet
  facet normal 1 0 0
    outer loop
      vertex 40.25 97.5 2.4
      vertex 40.25 109.3 1.4
      vertex 40.25 112.5 2.4
    endloop
  endfacet
  facet normal 0 0 1
    outer loop
      vertex 40.25 97.5 2.4
      vertex 40.25 112.5 2.4
      vertex 39.05 112.5 2.4
    endloop
  endfacet
  facet normal 0 0 -1
    outer loop
      vertex 12.25 112.5 0.59
      vertex 12.25 115.1 0.59
      vertex 36.849999999999994 115.1 0.59
    endloop
  endfacet
  facet normal 0 1 0
    outer loop
      vertex 12.25 115.1 0.59
      vertex 12.25 115.1 0.62
      vertex 36.849999999999994 115.1 0.7
    endloop
  endfacet
  facet normal 0 0 -1
    outer loop
      vertex 12.25 112.5 0.59
      vertex 36.849999999999994 115.1 0.59
      vertex 37.22714285714285 115.1 0.59
    endloop
  endfacet
  facet normal 0 0 -1
    outer loop
      vertex 12.25 112.5 0.59
      vertex 38.05 115.1 0.59
      vertex 38.05 112.5 0.59
    endloop
  endfacet
  facet normal 0 0 -1
    outer loop
      vertex 12.25 112.5 0.59
      vertex 37.22714285714285 115.1 0.59
      vertex 38.05 115.1 0.59
    endloop
  endfacet
  facet normal 0 1 0
    outer loop
      vertex 12.25 115.1 0.59
      vertex 36.849999999999994 115.1 0.7
      vertex 36.849999999999994 115.1 0.59
    endloop
  endfacet
  facet normal 0 1 0
    outer loop
      vertex 12.25 115.1 0.62
      vertex 12.25 115.1 1.2999999999999998
      vertex 36.849999999999994 115.1 0.7
    endloop
  endfacet
  facet normal 0 1 0
    outer loop
      vertex 36.849999999999994 115.1 0.7
      vertex 12.25 115.1 1.2999999999999998
      vertex 38.05 115.1 1.2999999999999998
    endloop
  endfacet
  facet normal 0 0 1
    outer loop
      vertex 12.25 112.5 1.2999999999999998
      vertex 38.05 112.5 1.2999999999999998
      vertex 12.25 115.1 1.2999999999999998
    endloop
  endfacet
  facet normal 0 0 1
    outer loop
      vertex 12.25 115.1 1.2999999999999998
      vertex 38.05 112.5 1.2999999999999998
      vertex 38.05 115.1 1.2999999999999998
    endloop
  endfacet
  facet normal 1 0 0
    outer loop
      vertex 38.05 112.5 0.59
      vertex 38.05 115.1 0.59
      vertex 38.05 112.5 1.2999999999999998
    endloop
  endfacet
  facet normal 0 1 0
    outer loop
      vertex 37.22714285714285 115.1 0.59
      vertex 38.05 115.1 1.2999999999999998
      vertex 38.05 115.1 0.59
    endloop
  endfacet
  facet normal 0 1 0
    outer loop
      vertex 36.849999999999994 115.1 0.7
      vertex 38.05 115.1 1.2999999999999998
      vertex 37.22714285714285 115.1 0.59
    endloop
  endfacet
  facet normal 1 0 0
    outer loop
      vertex 38.05 115.1 0.59
      vertex 38.05 115.1 1.2999999999999998
      vertex 38.05 112.5 1.2999999999999998
    endloop
  endfacet
  facet normal 0 0 -1
    outer loop
      vertex 12.25 124.9 0.59
      vertex 12.25 127.5 0.59
      vertex 38.05 127.5 0.59
    endloop
  endfacet
  facet normal 0 -1 0
    outer loop
      vertex 12.25 124.9 0.59
      vertex 38.05 124.9 1.2999999999999998
      vertex 12.25 124.9 0.62
    endloop
  endfacet
  facet normal 0 0 -1
    outer loop
      vertex 12.25 124.9 0.59
      vertex 38.05 127.5 0.59
      vertex 38.05 124.9 0.59
    endloop
  endfacet
  facet normal 0 -1 0
    outer loop
      vertex 12.25 124.9 0.59
      vertex 38.05 124.9 0.59
      vertex 38.05 124.9 1.2999999999999998
    endloop
  endfacet
  facet normal 0 -1 0
    outer loop
      vertex 12.25 124.9 0.62
      vertex 38.05 124.9 1.2999999999999998
      vertex 12.25 124.9 1.2999999999999998
    endloop
  endfacet
  facet normal 0 0 1
    outer loop
      vertex 12.25 124.9 1.2999999999999998
      vertex 38.05 124.9 1.2999999999999998
      vertex 12.25 127.5 1.2999999999999998
    endloop
  endfacet
  facet normal 0 0 1
    outer loop
      vertex 12.25 127.5 1.2999999999999998
      vertex 38.05 124.9 1.2999999999999998
      vertex 38.05 127.5 1.2999999999999998
    endloop
  endfacet
  facet normal 1 0 0
    outer loop
      vertex 38.05 124.9 0.59
      vertex 38.05 127.5 0.59
      vertex 38.05 124.9 1.2999999999999998
    endloop
  endfacet
  facet normal 1 0 0
    outer loop
      vertex 38.05 127.5 0.59
      vertex 38.05 127.5 1.2999999999999998
      vertex 38.05 124.9 1.2999999999999998
    endloop
  endfacet
  facet normal 0 1 0
    outer loop
      vertex 40.25 115.7 0.6
      vertex 46.25 115.7 1.4
      vertex 46.25 115.7 0.6
    endloop
  endfacet
  facet normal 0 1 0
    outer loop
      vertex 40.25 115.7 0.6
      vertex 40.25 115.7 1.4
      vertex 46.25 115.7 1.4
    endloop
  endfacet
  facet normal 0 0 1
    outer loop
      vertex 40.25 112.5 1.4
      vertex 46.25 112.5 1.4
      vertex 40.25 115.7 1.4
    endloop
  endfacet
  facet normal 0 0 1
    outer loop
      vertex 40.25 115.7 1.4
      vertex 46.25 112.5 1.4
      vertex 46.25 115.7 1.4
    endloop
  endfacet
  facet normal 0 -1 0
    outer loop
      vertex 40.25 124.3 0.6
      vertex 46.25 124.3 0.6
      vertex 40.25 124.3 1.4
    endloop
  endfacet
  facet normal 0 -1 0
    outer loop
      vertex 46.25 124.3 0.6
      vertex 46.25 124.3 1.4
      vertex 40.25 124.3 1.4
    endloop
  endfacet
  facet normal 0 0 1
    outer loop
      vertex 40.25 124.3 1.4
      vertex 46.25 124.3 1.4
      vertex 40.25 127.5 1.4
    endloop
  endfacet
  facet normal 0 0 1
    outer loop
      vertex 40.25 127.5 1.4
      vertex 46.25 124.3 1.4
      vertex 46.25 127.5 1.4
    endloop
  endfacet
  facet normal -1 0 0
    outer loop
      vertex 46.25 124.3 1.4
      vertex 46.25 127.5 2.64
      vertex 46.25 127.5 1.4
    endloop
  endfacet
  facet normal -1 0 0
    outer loop
      vertex 46.25 124.3 1.4
      vertex 46.25 124.3 2.64
      vertex 46.25 127.5 2.64
    endloop
  endfacet
  facet normal 0 -1 0
    outer loop
      vertex 46.25 124.3 0.6
      vertex 146 124.3 0.6
      vertex 46.25 124.3 1.4
    endloop
  endfacet
  facet normal 0 -1 0
    outer loop
      vertex 46.25 124.3 1.4
      vertex 146 124.3 0.6
      vertex 46.25 124.3 2.64
    endloop
  endfacet
  facet normal 0 -1 0
    outer loop
      vertex 46.25 124.3 2.64
      vertex 146 124.3 0.6
      vertex 146 124.3 2.64
    endloop
  endfacet
  facet normal -1 0 0
    outer loop
      vertex 46.25 123 2.64
      vertex 46.25 127.5 3.45
      vertex 46.25 124.3 2.64
    endloop
  endfacet
  facet normal -1 0 0
    outer loop
      vertex 46.25 124.3 2.64
      vertex 46.25 127.5 3.45
      vertex 46.25 127.5 2.64
    endloop
  endfacet
  facet normal -1 0 0
    outer loop
      vertex 46.25 123 2.64
      vertex 46.25 123 3.45
      vertex 46.25 127.5 3.45
    endloop
  endfacet
  facet normal 0 0 -1
    outer loop
      vertex 46.25 123 2.64
      vertex 46.25 124.3 2.64
      vertex 146 123 2.64
    endloop
  endfacet
  facet normal 0 -1 0
    outer loop
      vertex 46.25 123 2.64
      vertex 146 123 3.45
      vertex 46.25 123 3.45
    endloop
  endfacet
  facet normal 0 0 1
    outer loop
      vertex 46.25 123 3.45
      vertex 146 127.5 3.45
      vertex 46.25 127.5 3.45
    endloop
  endfacet
  facet normal 0 0 -1
    outer loop
      vertex 46.25 124.3 2.64
      vertex 146 124.3 2.64
      vertex 146 123 2.64
    endloop
  endfacet
  facet normal 0 -1 0
    outer loop
      vertex 46.25 123 2.64
      vertex 146 123 2.64
      vertex 146 123 3.45
    endloop
  endfacet
  facet normal 0 0 1
    outer loop
      vertex 46.25 123 3.45
      vertex 146 123 3.45
      vertex 146 127.5 3.45
    endloop
  endfacet
  facet normal -1 0 0
    outer loop
      vertex 46.25 112.5 1.4
      vertex 46.25 115.7 2.64
      vertex 46.25 115.7 1.4
    endloop
  endfacet
  facet normal -1 0 0
    outer loop
      vertex 46.25 112.5 1.4
      vertex 46.25 112.5 2.64
      vertex 46.25 115.7 2.64
    endloop
  endfacet
  facet normal 0 1 0
    outer loop
      vertex 46.25 115.7 0.6
      vertex 46.25 115.7 1.4
      vertex 146 115.7 0.6
    endloop
  endfacet
  facet normal 0 1 0
    outer loop
      vertex 46.25 115.7 1.4
      vertex 46.25 115.7 2.64
      vertex 146 115.7 0.6
    endloop
  endfacet
  facet normal 0 1 0
    outer loop
      vertex 46.25 115.7 2.64
      vertex 146 115.7 2.64
      vertex 146 115.7 0.6
    endloop
  endfacet
  facet normal -1 0 0
    outer loop
      vertex 46.25 112.5 2.64
      vertex 46.25 117 3.45
      vertex 46.25 115.7 2.64
    endloop
  endfacet
  facet normal -1 0 0
    outer loop
      vertex 46.25 115.7 2.64
      vertex 46.25 117 3.45
      vertex 46.25 117 2.64
    endloop
  endfacet
  facet normal -1 0 0
    outer loop
      vertex 46.25 112.5 2.64
      vertex 46.25 112.5 3.45
      vertex 46.25 117 3.45
    endloop
  endfacet
  facet normal 0 0 -1
    outer loop
      vertex 46.25 115.7 2.64
      vertex 46.25 117 2.64
      vertex 146 115.7 2.64
    endloop
  endfacet
  facet normal 0 1 0
    outer loop
      vertex 46.25 117 2.64
      vertex 46.25 117 3.45
      vertex 146 117 2.64
    endloop
  endfacet
  facet normal 0 0 1
    outer loop
      vertex 46.25 112.5 3.45
      vertex 146 117 3.45
      vertex 46.25 117 3.45
    endloop
  endfacet
  facet normal 0 0 -1
    outer loop
      vertex 46.25 117 2.64
      vertex 146 117 2.64
      vertex 146 115.7 2.64
    endloop
  endfacet
  facet normal 0 1 0
    outer loop
      vertex 46.25 117 3.45
      vertex 146 117 3.45
      vertex 146 117 2.64
    endloop
  endfacet
  facet normal 0 0 1
    outer loop
      vertex 46.25 112.5 3.45
      vertex 146 112.5 3.45
      vertex 146 117 3.45
    endloop
  endfacet
  facet normal 1 0 0
    outer loop
      vertex 40.25 115.7 0.6
      vertex 40.25 124.3 0.6
      vertex 40.25 115.7 1.4
    endloop
  endfacet
  facet normal 1 0 0
    outer loop
      vertex 40.25 124.3 0.6
      vertex 40.25 124.3 1.4
      vertex 40.25 115.7 1.4
    endloop
  endfacet
  facet normal -1 0 0
    outer loop
      vertex 39.05 112.5 0.6
      vertex 39.05 127.5 2.4
      vertex 39.05 127.5 0.6
    endloop
  endfacet
  facet normal -1 0 0
    outer loop
      vertex 39.05 112.5 0.6
      vertex 39.05 112.5 2.4
      vertex 39.05 127.5 2.4
    endloop
  endfacet
  facet normal 1 0 0
    outer loop
      vertex 40.25 112.5 1.4
      vertex 40.25 115.7 1.4
      vertex 40.25 112.5 2.4
    endloop
  endfacet
  facet normal 1 0 0
    outer loop
      vertex 40.25 115.7 1.4
      vertex 40.25 124.3 1.4
      vertex 40.25 112.5 2.4
    endloop
  endfacet
  facet normal 1 0 0
    outer loop
      vertex 40.25 124.3 1.4
      vertex 40.25 127.5 1.4
      vertex 40.25 127.5 2.4
    endloop
  endfacet
  facet normal 1 0 0
    outer loop
      vertex 40.25 124.3 1.4
      vertex 40.25 127.5 2.4
      vertex 40.25 112.5 2.4
    endloop
  endfacet
  facet normal 0 0 1
    outer loop
      vertex 39.05 112.5 2.4
      vertex 40.25 112.5 2.4
      vertex 39.05 127.5 2.4
    endloop
  endfacet
  facet normal 0 0 1
    outer loop
      vertex 40.25 112.5 2.4
      vertex 40.25 127.5 2.4
      vertex 39.05 127.5 2.4
    endloop
  endfacet
  facet normal 0 0 -1
    outer loop
      vertex 12.25 127.5 0.59
      vertex 12.25 130.1 0.59
      vertex 36.849999999999994 130.1 0.59
    endloop
  endfacet
  facet normal 0 1 0
    outer loop
      vertex 12.25 130.1 0.59
      vertex 12.25 130.1 0.62
      vertex 36.849999999999994 130.1 0.7
    endloop
  endfacet
  facet normal 0 0 -1
    outer loop
      vertex 12.25 127.5 0.59
      vertex 36.849999999999994 130.1 0.59
      vertex 37.22714285714285 130.1 0.59
    endloop
  endfacet
  facet normal 0 0 -1
    outer loop
      vertex 12.25 127.5 0.59
      vertex 38.05 130.1 0.59
      vertex 38.05 127.5 0.59
    endloop
  endfacet
  facet normal 0 0 -1
    outer loop
      vertex 12.25 127.5 0.59
      vertex 37.22714285714285 130.1 0.59
      vertex 38.05 130.1 0.59
    endloop
  endfacet
  facet normal 0 1 0
    outer loop
      vertex 12.25 130.1 0.59
      vertex 36.849999999999994 130.1 0.7
      vertex 36.849999999999994 130.1 0.59
    endloop
  endfacet
  facet normal 0 1 0
    outer loop
      vertex 12.25 130.1 0.62
      vertex 12.25 130.1 1.2999999999999998
      vertex 36.849999999999994 130.1 0.7
    endloop
  endfacet
  facet normal 0 1 0
    outer loop
      vertex 36.849999999999994 130.1 0.7
      vertex 12.25 130.1 1.2999999999999998
      vertex 38.05 130.1 1.2999999999999998
    endloop
  endfacet
  facet normal 0 0 1
    outer loop
      vertex 12.25 127.5 1.2999999999999998
      vertex 38.05 127.5 1.2999999999999998
      vertex 12.25 130.1 1.2999999999999998
    endloop
  endfacet
  facet normal 0 0 1
    outer loop
      vertex 12.25 130.1 1.2999999999999998
      vertex 38.05 127.5 1.2999999999999998
      vertex 38.05 130.1 1.2999999999999998
    endloop
  endfacet
  facet normal 1 0 0
    outer loop
      vertex 38.05 127.5 0.59
      vertex 38.05 130.1 0.59
      vertex 38.05 127.5 1.2999999999999998
    endloop
  endfacet
  facet normal 0 1 0
    outer loop
      vertex 37.22714285714285 130.1 0.59
      vertex 38.05 130.1 1.2999999999999998
      vertex 38.05 130.1 0.59
    endloop
  endfacet
  facet normal 0 1 0
    outer loop
      vertex 36.849999999999994 130.1 0.7
      vertex 38.05 130.1 1.2999999999999998
      vertex 37.22714285714285 130.1 0.59
    endloop
  endfacet
  facet normal 1 0 0
    outer loop
      vertex 38.05 130.1 0.59
      vertex 38.05 130.1 1.2999999999999998
      vertex 38.05 127.5 1.2999999999999998
    endloop
  endfacet
  facet normal 0 0 -1
    outer loop
      vertex 12.25 139.9 0.59
      vertex 12.25 142.5 0.59
      vertex 38.05 142.5 0.59
    endloop
  endfacet
  facet normal 0 -1 0
    outer loop
      vertex 12.25 139.9 0.59
      vertex 38.05 139.9 1.2999999999999998
      vertex 12.25 139.9 0.62
    endloop
  endfacet
  facet normal 0 0 -1
    outer loop
      vertex 12.25 139.9 0.59
      vertex 38.05 142.5 0.59
      vertex 36.849999999999994 139.9 0.59
    endloop
  endfacet
  facet normal 0 -1 0
    outer loop
      vertex 12.25 139.9 0.59
      vertex 36.849999999999994 139.9 0.59
      vertex 36.849999999999994 139.9 0.7
    endloop
  endfacet
  facet normal 0 -1 0
    outer loop
      vertex 12.25 139.9 0.62
      vertex 38.05 139.9 1.2999999999999998
      vertex 12.25 139.9 1.2999999999999998
    endloop
  endfacet
  facet normal 0 -1 0
    outer loop
      vertex 12.25 139.9 0.59
      vertex 36.849999999999994 139.9 0.7
      vertex 38.05 139.9 1.2999999999999998
    endloop
  endfacet
  facet normal 0 0 1
    outer loop
      vertex 12.25 139.9 1.2999999999999998
      vertex 38.05 139.9 1.2999999999999998
      vertex 12.25 142.5 1.2999999999999998
    endloop
  endfacet
  facet normal 0 0 1
    outer loop
      vertex 12.25 142.5 1.2999999999999998
      vertex 38.05 139.9 1.2999999999999998
      vertex 38.05 142.5 1.2999999999999998
    endloop
  endfacet
  facet normal 0 0 -1
    outer loop
      vertex 36.849999999999994 139.9 0.59
      vertex 38.05 142.5 0.59
      vertex 37.22714285714285 139.9 0.59
    endloop
  endfacet
  facet normal 0 0 -1
    outer loop
      vertex 37.22714285714285 139.9 0.59
      vertex 38.05 142.5 0.59
      vertex 38.05 139.9 0.59
    endloop
  endfacet
  facet normal 0 -1 0
    outer loop
      vertex 37.22714285714285 139.9 0.59
      vertex 38.05 139.9 0.59
      vertex 38.05 139.9 1.2999999999999998
    endloop
  endfacet
  facet normal 1 0 0
    outer loop
      vertex 38.05 139.9 0.59
      vertex 38.05 142.5 0.59
      vertex 38.05 139.9 1.2999999999999998
    endloop
  endfacet
  facet normal 0 -1 0
    outer loop
      vertex 36.849999999999994 139.9 0.7
      vertex 37.22714285714285 139.9 0.59
      vertex 38.05 139.9 1.2999999999999998
    endloop
  endfacet
  facet normal 1 0 0
    outer loop
      vertex 38.05 142.5 0.59
      vertex 38.05 142.5 1.2999999999999998
      vertex 38.05 139.9 1.2999999999999998
    endloop
  endfacet
  facet normal 0 1 0
    outer loop
      vertex 40.25 130.7 0.6
      vertex 46.25 130.7 1.4
      vertex 46.25 130.7 0.6
    endloop
  endfacet
  facet normal 0 1 0
    outer loop
      vertex 40.25 130.7 0.6
      vertex 40.25 130.7 1.4
      vertex 46.25 130.7 1.4
    endloop
  endfacet
  facet normal 0 0 1
    outer loop
      vertex 40.25 127.5 1.4
      vertex 46.25 127.5 1.4
      vertex 40.25 130.7 1.4
    endloop
  endfacet
  facet normal 0 0 1
    outer loop
      vertex 40.25 130.7 1.4
      vertex 46.25 127.5 1.4
      vertex 46.25 130.7 1.4
    endloop
  endfacet
  facet normal 0 -1 0
    outer loop
      vertex 40.25 139.3 0.6
      vertex 46.25 139.3 0.6
      vertex 40.25 139.3 1.4
    endloop
  endfacet
  facet normal 0 -1 0
    outer loop
      vertex 46.25 139.3 0.6
      vertex 46.25 139.3 1.4
      vertex 40.25 139.3 1.4
    endloop
  endfacet
  facet normal 0 0 1
    outer loop
      vertex 40.25 139.3 1.4
      vertex 46.25 139.3 1.4
      vertex 40.25 142.5 1.4
    endloop
  endfacet
  facet normal 0 0 1
    outer loop
      vertex 40.25 142.5 1.4
      vertex 46.25 139.3 1.4
      vertex 46.25 142.5 1.4
    endloop
  endfacet
  facet normal -1 0 0
    outer loop
      vertex 46.25 139.3 1.4
      vertex 46.25 142.5 2.64
      vertex 46.25 142.5 1.4
    endloop
  endfacet
  facet normal -1 0 0
    outer loop
      vertex 46.25 139.3 1.4
      vertex 46.25 139.3 2.64
      vertex 46.25 142.5 2.64
    endloop
  endfacet
  facet normal 0 -1 0
    outer loop
      vertex 46.25 139.3 0.6
      vertex 146 139.3 0.6
      vertex 46.25 139.3 1.4
    endloop
  endfacet
  facet normal 0 -1 0
    outer loop
      vertex 46.25 139.3 1.4
      vertex 146 139.3 0.6
      vertex 46.25 139.3 2.64
    endloop
  endfacet
  facet normal 0 -1 0
    outer loop
      vertex 46.25 139.3 2.64
      vertex 146 139.3 0.6
      vertex 146 139.3 2.64
    endloop
  endfacet
  facet normal -1 0 0
    outer loop
      vertex 46.25 138 2.64
      vertex 46.25 142.5 3.45
      vertex 46.25 139.3 2.64
    endloop
  endfacet
  facet normal -1 0 0
    outer loop
      vertex 46.25 139.3 2.64
      vertex 46.25 142.5 3.45
      vertex 46.25 142.5 2.64
    endloop
  endfacet
  facet normal -1 0 0
    outer loop
      vertex 46.25 138 2.64
      vertex 46.25 138 3.45
      vertex 46.25 142.5 3.45
    endloop
  endfacet
  facet normal 0 0 -1
    outer loop
      vertex 46.25 138 2.64
      vertex 46.25 139.3 2.64
      vertex 146 138 2.64
    endloop
  endfacet
  facet normal 0 -1 0
    outer loop
      vertex 46.25 138 2.64
      vertex 146 138 3.45
      vertex 46.25 138 3.45
    endloop
  endfacet
  facet normal 0 0 1
    outer loop
      vertex 46.25 138 3.45
      vertex 146 142.5 3.45
      vertex 46.25 142.5 3.45
    endloop
  endfacet
  facet normal 0 0 -1
    outer loop
      vertex 46.25 139.3 2.64
      vertex 146 139.3 2.64
      vertex 146 138 2.64
    endloop
  endfacet
  facet normal 0 -1 0
    outer loop
      vertex 46.25 138 2.64
      vertex 146 138 2.64
      vertex 146 138 3.45
    endloop
  endfacet
  facet normal 0 0 1
    outer loop
      vertex 46.25 138 3.45
      vertex 146 138 3.45
      vertex 146 142.5 3.45
    endloop
  endfacet
  facet normal -1 0 0
    outer loop
      vertex 46.25 127.5 1.4
      vertex 46.25 130.7 2.64
      vertex 46.25 130.7 1.4
    endloop
  endfacet
  facet normal -1 0 0
    outer loop
      vertex 46.25 127.5 1.4
      vertex 46.25 127.5 2.64
      vertex 46.25 130.7 2.64
    endloop
  endfacet
  facet normal 0 1 0
    outer loop
      vertex 46.25 130.7 0.6
      vertex 46.25 130.7 1.4
      vertex 146 130.7 0.6
    endloop
  endfacet
  facet normal 0 1 0
    outer loop
      vertex 46.25 130.7 1.4
      vertex 46.25 130.7 2.64
      vertex 146 130.7 0.6
    endloop
  endfacet
  facet normal 0 1 0
    outer loop
      vertex 46.25 130.7 2.64
      vertex 146 130.7 2.64
      vertex 146 130.7 0.6
    endloop
  endfacet
  facet normal -1 0 0
    outer loop
      vertex 46.25 127.5 2.64
      vertex 46.25 132 3.45
      vertex 46.25 130.7 2.64
    endloop
  endfacet
  facet normal -1 0 0
    outer loop
      vertex 46.25 127.5 2.64
      vertex 46.25 127.5 3.45
      vertex 46.25 132 3.45
    endloop
  endfacet
  facet normal -1 0 0
    outer loop
      vertex 46.25 130.7 2.64
      vertex 46.25 132 3.45
      vertex 46.25 132 2.64
    endloop
  endfacet
  facet normal 0 0 -1
    outer loop
      vertex 46.25 130.7 2.64
      vertex 46.25 132 2.64
      vertex 146 130.7 2.64
    endloop
  endfacet
  facet normal 0 0 1
    outer loop
      vertex 46.25 127.5 3.45
      vertex 146 132 3.45
      vertex 46.25 132 3.45
    endloop
  endfacet
  facet normal 0 1 0
    outer loop
      vertex 46.25 132 2.64
      vertex 46.25 132 3.45
      vertex 146 132 2.64
    endloop
  endfacet
  facet normal 0 0 1
    outer loop
      vertex 46.25 127.5 3.45
      vertex 146 127.5 3.45
      vertex 146 132 3.45
    endloop
  endfacet
  facet normal 0 0 -1
    outer loop
      vertex 46.25 132 2.64
      vertex 146 132 2.64
      vertex 146 130.7 2.64
    endloop
  endfacet
  facet normal 0 1 0
    outer loop
      vertex 46.25 132 3.45
      vertex 146 132 3.45
      vertex 146 132 2.64
    endloop
  endfacet
  facet normal 1 0 0
    outer loop
      vertex 40.25 130.7 0.6
      vertex 40.25 139.3 0.6
      vertex 40.25 130.7 1.4
    endloop
  endfacet
  facet normal 1 0 0
    outer loop
      vertex 40.25 139.3 0.6
      vertex 40.25 139.3 1.4
      vertex 40.25 130.7 1.4
    endloop
  endfacet
  facet normal -1 0 0
    outer loop
      vertex 39.05 127.5 0.6
      vertex 39.05 142.5 2.4
      vertex 39.05 142.5 0.6
    endloop
  endfacet
  facet normal 1 0 0
    outer loop
      vertex 40.25 127.5 1.4
      vertex 40.25 130.7 1.4
      vertex 40.25 127.5 2.4
    endloop
  endfacet
  facet normal -1 0 0
    outer loop
      vertex 39.05 127.5 0.6
      vertex 39.05 127.5 2.4
      vertex 39.05 142.5 2.4
    endloop
  endfacet
  facet normal 1 0 0
    outer loop
      vertex 40.25 130.7 1.4
      vertex 40.25 139.3 1.4
      vertex 40.25 127.5 2.4
    endloop
  endfacet
  facet normal 1 0 0
    outer loop
      vertex 40.25 139.3 1.4
      vertex 40.25 142.5 1.4
      vertex 40.25 142.5 2.4
    endloop
  endfacet
  facet normal 1 0 0
    outer loop
      vertex 40.25 139.3 1.4
      vertex 40.25 142.5 2.4
      vertex 40.25 127.5 2.4
    endloop
  endfacet
  facet normal 0 0 1
    outer loop
      vertex 39.05 127.5 2.4
      vertex 40.25 127.5 2.4
      vertex 39.05 142.5 2.4
    endloop
  endfacet
  facet normal 0 0 1
    outer loop
      vertex 40.25 127.5 2.4
      vertex 40.25 142.5 2.4
      vertex 39.05 142.5 2.4
    endloop
  endfacet
  facet normal 0 0 -1
    outer loop
      vertex 12.25 142.5 0.59
      vertex 12.25 145.1 0.59
      vertex 36.849999999999994 145.1 0.59
    endloop
  endfacet
  facet normal 0 1 0
    outer loop
      vertex 12.25 145.1 0.59
      vertex 12.25 145.1 0.62
      vertex 36.849999999999994 145.1 0.7
    endloop
  endfacet
  facet normal 0 0 -1
    outer loop
      vertex 12.25 142.5 0.59
      vertex 36.849999999999994 145.1 0.59
      vertex 37.22714285714285 145.1 0.59
    endloop
  endfacet
  facet normal 0 0 -1
    outer loop
      vertex 12.25 142.5 0.59
      vertex 38.05 145.1 0.59
      vertex 38.05 142.5 0.59
    endloop
  endfacet
  facet normal 0 0 -1
    outer loop
      vertex 12.25 142.5 0.59
      vertex 37.22714285714285 145.1 0.59
      vertex 38.05 145.1 0.59
    endloop
  endfacet
  facet normal 0 1 0
    outer loop
      vertex 12.25 145.1 0.59
      vertex 36.849999999999994 145.1 0.7
      vertex 36.849999999999994 145.1 0.59
    endloop
  endfacet
  facet normal 0 1 0
    outer loop
      vertex 12.25 145.1 0.62
      vertex 12.25 145.1 1.2999999999999998
      vertex 36.849999999999994 145.1 0.7
    endloop
  endfacet
  facet normal 0 1 0
    outer loop
      vertex 36.849999999999994 145.1 0.7
      vertex 12.25 145.1 1.2999999999999998
      vertex 38.05 145.1 1.2999999999999998
    endloop
  endfacet
  facet normal 0 0 1
    outer loop
      vertex 12.25 142.5 1.2999999999999998
      vertex 38.05 142.5 1.2999999999999998
      vertex 12.25 145.1 1.2999999999999998
    endloop
  endfacet
  facet normal 0 0 1
    outer loop
      vertex 12.25 145.1 1.2999999999999998
      vertex 38.05 142.5 1.2999999999999998
      vertex 38.05 145.1 1.2999999999999998
    endloop
  endfacet
  facet normal 1 0 0
    outer loop
      vertex 38.05 142.5 0.59
      vertex 38.05 145.1 0.59
      vertex 38.05 142.5 1.2999999999999998
    endloop
  endfacet
  facet normal 0 1 0
    outer loop
      vertex 37.22714285714285 145.1 0.59
      vertex 38.05 145.1 1.2999999999999998
      vertex 38.05 145.1 0.59
    endloop
  endfacet
  facet normal 1 0 0
    outer loop
      vertex 38.05 145.1 0.59
      vertex 38.05 145.1 1.2999999999999998
      vertex 38.05 142.5 1.2999999999999998
    endloop
  endfacet
  facet normal 0 1 0
    outer loop
      vertex 36.849999999999994 145.1 0.7
      vertex 38.05 145.1 1.2999999999999998
      vertex 37.22714285714285 145.1 0.59
    endloop
  endfacet
  facet normal 0 0 -1
    outer loop
      vertex 12.25 154.9 0.59
      vertex 12.25 157.5 0.59
      vertex 38.05 157.5 0.59
    endloop
  endfacet
  facet normal 0 -1 0
    outer loop
      vertex 12.25 154.9 0.59
      vertex 38.05 154.9 1.2999999999999998
      vertex 12.25 154.9 0.62
    endloop
  endfacet
  facet normal 0 0 -1
    outer loop
      vertex 12.25 154.9 0.59
      vertex 38.05 157.5 0.59
      vertex 36.849999999999994 154.9 0.59
    endloop
  endfacet
  facet normal 0 -1 0
    outer loop
      vertex 12.25 154.9 0.59
      vertex 36.849999999999994 154.9 0.59
      vertex 36.849999999999994 154.9 0.7
    endloop
  endfacet
  facet normal 0 -1 0
    outer loop
      vertex 12.25 154.9 0.62
      vertex 38.05 154.9 1.2999999999999998
      vertex 12.25 154.9 1.2999999999999998
    endloop
  endfacet
  facet normal 0 -1 0
    outer loop
      vertex 12.25 154.9 0.59
      vertex 36.849999999999994 154.9 0.7
      vertex 38.05 154.9 1.2999999999999998
    endloop
  endfacet
  facet normal 0 0 1
    outer loop
      vertex 12.25 154.9 1.2999999999999998
      vertex 38.05 154.9 1.2999999999999998
      vertex 12.25 157.5 1.2999999999999998
    endloop
  endfacet
  facet normal 0 0 1
    outer loop
      vertex 12.25 157.5 1.2999999999999998
      vertex 38.05 154.9 1.2999999999999998
      vertex 38.05 157.5 1.2999999999999998
    endloop
  endfacet
  facet normal 0 0 -1
    outer loop
      vertex 36.849999999999994 154.9 0.59
      vertex 38.05 157.5 0.59
      vertex 37.22714285714285 154.9 0.59
    endloop
  endfacet
  facet normal 0 0 -1
    outer loop
      vertex 37.22714285714285 154.9 0.59
      vertex 38.05 157.5 0.59
      vertex 38.05 154.9 0.59
    endloop
  endfacet
  facet normal 0 -1 0
    outer loop
      vertex 37.22714285714285 154.9 0.59
      vertex 38.05 154.9 0.59
      vertex 38.05 154.9 1.2999999999999998
    endloop
  endfacet
  facet normal 1 0 0
    outer loop
      vertex 38.05 154.9 0.59
      vertex 38.05 157.5 0.59
      vertex 38.05 154.9 1.2999999999999998
    endloop
  endfacet
  facet normal 0 -1 0
    outer loop
      vertex 36.849999999999994 154.9 0.7
      vertex 37.22714285714285 154.9 0.59
      vertex 38.05 154.9 1.2999999999999998
    endloop
  endfacet
  facet normal 1 0 0
    outer loop
      vertex 38.05 154.9 1.2999999999999998
      vertex 38.05 157.5 0.59
      vertex 38.05 157.5 1.2999999999999998
    endloop
  endfacet
  facet normal 0 1 0
    outer loop
      vertex 40.25 145.7 0.6
      vertex 46.25 145.7 1.4
      vertex 46.25 145.7 0.6
    endloop
  endfacet
  facet normal 0 1 0
    outer loop
      vertex 40.25 145.7 0.6
      vertex 40.25 145.7 1.4
      vertex 46.25 145.7 1.4
    endloop
  endfacet
  facet normal 0 0 1
    outer loop
      vertex 40.25 142.5 1.4
      vertex 46.25 142.5 1.4
      vertex 40.25 145.7 1.4
    endloop
  endfacet
  facet normal 0 0 1
    outer loop
      vertex 40.25 145.7 1.4
      vertex 46.25 142.5 1.4
      vertex 46.25 145.7 1.4
    endloop
  endfacet
  facet normal 0 -1 0
    outer loop
      vertex 40.25 154.3 0.6
      vertex 46.25 154.3 0.6
      vertex 40.25 154.3 1.4
    endloop
  endfacet
  facet normal 0 -1 0
    outer loop
      vertex 46.25 154.3 0.6
      vertex 46.25 154.3 1.4
      vertex 40.25 154.3 1.4
    endloop
  endfacet
  facet normal 0 0 1
    outer loop
      vertex 40.25 154.3 1.4
      vertex 46.25 154.3 1.4
      vertex 40.25 157.5 1.4
    endloop
  endfacet
  facet normal 0 0 1
    outer loop
      vertex 46.25 154.3 1.4
      vertex 46.25 157.5 1.4
      vertex 40.25 157.5 1.4
    endloop
  endfacet
  facet normal -1 0 0
    outer loop
      vertex 46.25 154.3 1.4
      vertex 46.25 157.5 2.64
      vertex 46.25 157.5 1.4
    endloop
  endfacet
  facet normal -1 0 0
    outer loop
      vertex 46.25 154.3 1.4
      vertex 46.25 154.3 2.64
      vertex 46.25 157.5 2.64
    endloop
  endfacet
  facet normal 0 -1 0
    outer loop
      vertex 46.25 154.3 0.6
      vertex 146 154.3 0.6
      vertex 46.25 154.3 1.4
    endloop
  endfacet
  facet normal 0 -1 0
    outer loop
      vertex 46.25 154.3 1.4
      vertex 146 154.3 0.6
      vertex 46.25 154.3 2.64
    endloop
  endfacet
  facet normal 0 -1 0
    outer loop
      vertex 46.25 154.3 2.64
      vertex 146 154.3 0.6
      vertex 146 154.3 2.64
    endloop
  endfacet
  facet normal -1 0 0
    outer loop
      vertex 46.25 153 2.64
      vertex 46.25 157.5 3.45
      vertex 46.25 154.3 2.64
    endloop
  endfacet
  facet normal -1 0 0
    outer loop
      vertex 46.25 154.3 2.64
      vertex 46.25 157.5 3.45
      vertex 46.25 157.5 2.64
    endloop
  endfacet
  facet normal -1 0 0
    outer loop
      vertex 46.25 153 2.64
      vertex 46.25 153 3.45
      vertex 46.25 157.5 3.45
    endloop
  endfacet
  facet normal 0 0 -1
    outer loop
      vertex 46.25 153 2.64
      vertex 46.25 154.3 2.64
      vertex 146 153 2.64
    endloop
  endfacet
  facet normal 0 -1 0
    outer loop
      vertex 46.25 153 2.64
      vertex 146 153 3.45
      vertex 46.25 153 3.45
    endloop
  endfacet
  facet normal 0 0 1
    outer loop
      vertex 46.25 153 3.45
      vertex 146 157.5 3.45
      vertex 46.25 157.5 3.45
    endloop
  endfacet
  facet normal 0 0 -1
    outer loop
      vertex 46.25 154.3 2.64
      vertex 146 154.3 2.64
      vertex 146 153 2.64
    endloop
  endfacet
  facet normal 0 -1 0
    outer loop
      vertex 46.25 153 2.64
      vertex 146 153 2.64
      vertex 146 153 3.45
    endloop
  endfacet
  facet normal 0 0 1
    outer loop
      vertex 46.25 153 3.45
      vertex 146 153 3.45
      vertex 146 157.5 3.45
    endloop
  endfacet
  facet normal -1 0 0
    outer loop
      vertex 46.25 142.5 1.4
      vertex 46.25 145.7 2.64
      vertex 46.25 145.7 1.4
    endloop
  endfacet
  facet normal -1 0 0
    outer loop
      vertex 46.25 142.5 1.4
      vertex 46.25 142.5 2.64
      vertex 46.25 145.7 2.64
    endloop
  endfacet
  facet normal 0 1 0
    outer loop
      vertex 46.25 145.7 0.6
      vertex 46.25 145.7 1.4
      vertex 146 145.7 0.6
    endloop
  endfacet
  facet normal 0 1 0
    outer loop
      vertex 46.25 145.7 1.4
      vertex 46.25 145.7 2.64
      vertex 146 145.7 0.6
    endloop
  endfacet
  facet normal 0 1 0
    outer loop
      vertex 46.25 145.7 2.64
      vertex 146 145.7 2.64
      vertex 146 145.7 0.6
    endloop
  endfacet
  facet normal -1 0 0
    outer loop
      vertex 46.25 142.5 2.64
      vertex 46.25 147 3.45
      vertex 46.25 145.7 2.64
    endloop
  endfacet
  facet normal -1 0 0
    outer loop
      vertex 46.25 145.7 2.64
      vertex 46.25 147 3.45
      vertex 46.25 147 2.64
    endloop
  endfacet
  facet normal -1 0 0
    outer loop
      vertex 46.25 142.5 2.64
      vertex 46.25 142.5 3.45
      vertex 46.25 147 3.45
    endloop
  endfacet
  facet normal 0 0 -1
    outer loop
      vertex 46.25 145.7 2.64
      vertex 46.25 147 2.64
      vertex 146 145.7 2.64
    endloop
  endfacet
  facet normal 0 1 0
    outer loop
      vertex 46.25 147 2.64
      vertex 46.25 147 3.45
      vertex 146 147 2.64
    endloop
  endfacet
  facet normal 0 0 1
    outer loop
      vertex 46.25 142.5 3.45
      vertex 146 147 3.45
      vertex 46.25 147 3.45
    endloop
  endfacet
  facet normal 0 0 -1
    outer loop
      vertex 46.25 147 2.64
      vertex 146 147 2.64
      vertex 146 145.7 2.64
    endloop
  endfacet
  facet normal 0 0 1
    outer loop
      vertex 46.25 142.5 3.45
      vertex 146 142.5 3.45
      vertex 146 147 3.45
    endloop
  endfacet
  facet normal 0 1 0
    outer loop
      vertex 46.25 147 3.45
      vertex 146 147 3.45
      vertex 146 147 2.64
    endloop
  endfacet
  facet normal 1 0 0
    outer loop
      vertex 40.25 145.7 0.6
      vertex 40.25 154.3 0.6
      vertex 40.25 145.7 1.4
    endloop
  endfacet
  facet normal 1 0 0
    outer loop
      vertex 40.25 154.3 0.6
      vertex 40.25 154.3 1.4
      vertex 40.25 145.7 1.4
    endloop
  endfacet
  facet normal -1 0 0
    outer loop
      vertex 39.05 142.5 0.6
      vertex 39.05 157.5 2.4
      vertex 39.05 157.5 0.6
    endloop
  endfacet
  facet normal 1 0 0
    outer loop
      vertex 40.25 142.5 1.4
      vertex 40.25 145.7 1.4
      vertex 40.25 142.5 2.4
    endloop
  endfacet
  facet normal -1 0 0
    outer loop
      vertex 39.05 142.5 0.6
      vertex 39.05 142.5 2.4
      vertex 39.05 157.5 2.4
    endloop
  endfacet
  facet normal 1 0 0
    outer loop
      vertex 40.25 145.7 1.4
      vertex 40.25 154.3 1.4
      vertex 40.25 142.5 2.4
    endloop
  endfacet
  facet normal 1 0 0
    outer loop
      vertex 40.25 154.3 1.4
      vertex 40.25 157.5 1.4
      vertex 40.25 157.5 2.4
    endloop
  endfacet
  facet normal 1 0 0
    outer loop
      vertex 40.25 154.3 1.4
      vertex 40.25 157.5 2.4
      vertex 40.25 142.5 2.4
    endloop
  endfacet
  facet normal 0 0 1
    outer loop
      vertex 39.05 142.5 2.4
      vertex 40.25 142.5 2.4
      vertex 39.05 157.5 2.4
    endloop
  endfacet
  facet normal 0 0 1
    outer loop
      vertex 40.25 142.5 2.4
      vertex 40.25 157.5 2.4
      vertex 39.05 157.5 2.4
    endloop
  endfacet
  facet normal 0 0 -1
    outer loop
      vertex 12.25 157.5 0.59
      vertex 12.25 160.1 0.59
      vertex 36.849999999999994 160.1 0.59
    endloop
  endfacet
  facet normal 0 1 0
    outer loop
      vertex 12.25 160.1 0.59
      vertex 12.25 160.1 0.62
      vertex 36.849999999999994 160.1 0.7
    endloop
  endfacet
  facet normal 0 0 -1
    outer loop
      vertex 12.25 157.5 0.59
      vertex 36.849999999999994 160.1 0.59
      vertex 37.22714285714285 160.1 0.59
    endloop
  endfacet
  facet normal 0 0 -1
    outer loop
      vertex 12.25 157.5 0.59
      vertex 38.05 160.1 0.59
      vertex 38.05 157.5 0.59
    endloop
  endfacet
  facet normal 0 0 -1
    outer loop
      vertex 12.25 157.5 0.59
      vertex 37.22714285714285 160.1 0.59
      vertex 38.05 160.1 0.59
    endloop
  endfacet
  facet normal 0 1 0
    outer loop
      vertex 12.25 160.1 0.59
      vertex 36.849999999999994 160.1 0.7
      vertex 36.849999999999994 160.1 0.59
    endloop
  endfacet
  facet normal 0 1 0
    outer loop
      vertex 12.25 160.1 0.62
      vertex 12.25 160.1 1.2999999999999998
      vertex 36.849999999999994 160.1 0.7
    endloop
  endfacet
  facet normal 0 1 0
    outer loop
      vertex 36.849999999999994 160.1 0.7
      vertex 12.25 160.1 1.2999999999999998
      vertex 38.05 160.1 1.2999999999999998
    endloop
  endfacet
  facet normal 0 0 1
    outer loop
      vertex 12.25 157.5 1.2999999999999998
      vertex 38.05 157.5 1.2999999999999998
      vertex 12.25 160.1 1.2999999999999998
    endloop
  endfacet
  facet normal 0 0 1
    outer loop
      vertex 12.25 160.1 1.2999999999999998
      vertex 38.05 157.5 1.2999999999999998
      vertex 38.05 160.1 1.2999999999999998
    endloop
  endfacet
  facet normal 1 0 0
    outer loop
      vertex 38.05 157.5 0.59
      vertex 38.05 160.1 0.59
      vertex 38.05 157.5 1.2999999999999998
    endloop
  endfacet
  facet normal 0 1 0
    outer loop
      vertex 37.22714285714285 160.1 0.59
      vertex 38.05 160.1 1.2999999999999998
      vertex 38.05 160.1 0.59
    endloop
  endfacet
  facet normal 0 1 0
    outer loop
      vertex 36.849999999999994 160.1 0.7
      vertex 38.05 160.1 1.2999999999999998
      vertex 37.22714285714285 160.1 0.59
    endloop
  endfacet
  facet normal 1 0 0
    outer loop
      vertex 38.05 160.1 0.59
      vertex 38.05 160.1 1.2999999999999998
      vertex 38.05 157.5 1.2999999999999998
    endloop
  endfacet
  facet normal 0 -1 0
    outer loop
      vertex 12.25 169.9 0.59
      vertex 38.05 169.9 1.2999999999999998
      vertex 12.25 169.9 0.62
    endloop
  endfacet
  facet normal 0 0 -1
    outer loop
      vertex 12.25 169.9 0.59
      vertex 12.25 172.5 0.59
      vertex 38.05 172.5 0.59
    endloop
  endfacet
  facet normal 0 -1 0
    outer loop
      vertex 12.25 169.9 0.59
      vertex 36.849999999999994 169.9 0.59
      vertex 36.849999999999994 169.9 0.7
    endloop
  endfacet
  facet normal 0 0 -1
    outer loop
      vertex 12.25 169.9 0.59
      vertex 38.05 172.5 0.59
      vertex 36.849999999999994 169.9 0.59
    endloop
  endfacet
  facet normal 0 -1 0
    outer loop
      vertex 12.25 169.9 0.62
      vertex 38.05 169.9 1.2999999999999998
      vertex 12.25 169.9 1.2999999999999998
    endloop
  endfacet
  facet normal 0 -1 0
    outer loop
      vertex 12.25 169.9 0.59
      vertex 36.849999999999994 169.9 0.7
      vertex 38.05 169.9 1.2999999999999998
    endloop
  endfacet
  facet normal 0 0 1
    outer loop
      vertex 12.25 169.9 1.2999999999999998
      vertex 38.05 169.9 1.2999999999999998
      vertex 12.25 172.5 1.2999999999999998
    endloop
  endfacet
  facet normal 0 0 1
    outer loop
      vertex 12.25 172.5 1.2999999999999998
      vertex 38.05 169.9 1.2999999999999998
      vertex 38.05 172.5 1.2999999999999998
    endloop
  endfacet
  facet normal 0 -1 0
    outer loop
      vertex 37.22714285714285 169.9 0.59
      vertex 38.05 169.9 0.59
      vertex 38.05 169.9 1.2999999999999998
    endloop
  endfacet
  facet normal 0 0 -1
    outer loop
      vertex 36.849999999999994 169.9 0.59
      vertex 38.05 172.5 0.59
      vertex 37.22714285714285 169.9 0.59
    endloop
  endfacet
  facet normal 0 0 -1
    outer loop
      vertex 37.22714285714285 169.9 0.59
      vertex 38.05 172.5 0.59
      vertex 38.05 169.9 0.59
    endloop
  endfacet
  facet normal 1 0 0
    outer loop
      vertex 38.05 169.9 0.59
      vertex 38.05 172.5 0.59
      vertex 38.05 169.9 1.2999999999999998
    endloop
  endfacet
  facet normal 0 -1 0
    outer loop
      vertex 36.849999999999994 169.9 0.7
      vertex 37.22714285714285 169.9 0.59
      vertex 38.05 169.9 1.2999999999999998
    endloop
  endfacet
  facet normal 1 0 0
    outer loop
      vertex 38.05 172.5 0.59
      vertex 38.05 172.5 1.2999999999999998
      vertex 38.05 169.9 1.2999999999999998
    endloop
  endfacet
  facet normal 0 1 0
    outer loop
      vertex 40.25 160.7 0.6
      vertex 46.25 160.7 1.4
      vertex 46.25 160.7 0.6
    endloop
  endfacet
  facet normal 0 1 0
    outer loop
      vertex 40.25 160.7 0.6
      vertex 40.25 160.7 1.4
      vertex 46.25 160.7 1.4
    endloop
  endfacet
  facet normal 0 0 1
    outer loop
      vertex 40.25 157.5 1.4
      vertex 46.25 157.5 1.4
      vertex 40.25 160.7 1.4
    endloop
  endfacet
  facet normal 0 0 1
    outer loop
      vertex 40.25 160.7 1.4
      vertex 46.25 157.5 1.4
      vertex 46.25 160.7 1.4
    endloop
  endfacet
  facet normal 0 -1 0
    outer loop
      vertex 40.25 169.3 0.6
      vertex 46.25 169.3 0.6
      vertex 40.25 169.3 1.4
    endloop
  endfacet
  facet normal 0 -1 0
    outer loop
      vertex 46.25 169.3 0.6
      vertex 46.25 169.3 1.4
      vertex 40.25 169.3 1.4
    endloop
  endfacet
  facet normal 0 0 1
    outer loop
      vertex 40.25 169.3 1.4
      vertex 46.25 169.3 1.4
      vertex 40.25 172.5 1.4
    endloop
  endfacet
  facet normal 0 0 1
    outer loop
      vertex 40.25 172.5 1.4
      vertex 46.25 169.3 1.4
      vertex 46.25 172.5 1.4
    endloop
  endfacet
  facet normal -1 0 0
    outer loop
      vertex 46.25 169.3 1.4
      vertex 46.25 172.5 2.64
      vertex 46.25 172.5 1.4
    endloop
  endfacet
  facet normal -1 0 0
    outer loop
      vertex 46.25 169.3 1.4
      vertex 46.25 169.3 2.64
      vertex 46.25 172.5 2.64
    endloop
  endfacet
  facet normal 0 -1 0
    outer loop
      vertex 46.25 169.3 0.6
      vertex 146 169.3 0.6
      vertex 46.25 169.3 1.4
    endloop
  endfacet
  facet normal 0 -1 0
    outer loop
      vertex 46.25 169.3 1.4
      vertex 146 169.3 0.6
      vertex 46.25 169.3 2.64
    endloop
  endfacet
  facet normal 0 -1 0
    outer loop
      vertex 46.25 169.3 2.64
      vertex 146 169.3 0.6
      vertex 146 169.3 2.64
    endloop
  endfacet
  facet normal -1 0 0
    outer loop
      vertex 46.25 168 2.64
      vertex 46.25 172.5 3.45
      vertex 46.25 169.3 2.64
    endloop
  endfacet
  facet normal -1 0 0
    outer loop
      vertex 46.25 169.3 2.64
      vertex 46.25 172.5 3.45
      vertex 46.25 172.5 2.64
    endloop
  endfacet
  facet normal -1 0 0
    outer loop
      vertex 46.25 168 2.64
      vertex 46.25 168 3.45
      vertex 46.25 172.5 3.45
    endloop
  endfacet
  facet normal 0 0 -1
    outer loop
      vertex 46.25 168 2.64
      vertex 46.25 169.3 2.64
      vertex 146 168 2.64
    endloop
  endfacet
  facet normal 0 -1 0
    outer loop
      vertex 46.25 168 2.64
      vertex 146 168 3.45
      vertex 46.25 168 3.45
    endloop
  endfacet
  facet normal 0 0 1
    outer loop
      vertex 46.25 168 3.45
      vertex 146 172.5 3.45
      vertex 46.25 172.5 3.45
    endloop
  endfacet
  facet normal 0 0 -1
    outer loop
      vertex 46.25 169.3 2.64
      vertex 146 169.3 2.64
      vertex 146 168 2.64
    endloop
  endfacet
  facet normal 0 -1 0
    outer loop
      vertex 46.25 168 2.64
      vertex 146 168 2.64
      vertex 146 168 3.45
    endloop
  endfacet
  facet normal 0 0 1
    outer loop
      vertex 46.25 168 3.45
      vertex 146 168 3.45
      vertex 146 172.5 3.45
    endloop
  endfacet
  facet normal -1 0 0
    outer loop
      vertex 46.25 157.5 1.4
      vertex 46.25 160.7 2.64
      vertex 46.25 160.7 1.4
    endloop
  endfacet
  facet normal -1 0 0
    outer loop
      vertex 46.25 157.5 1.4
      vertex 46.25 157.5 2.64
      vertex 46.25 160.7 2.64
    endloop
  endfacet
  facet normal 0 1 0
    outer loop
      vertex 46.25 160.7 0.6
      vertex 46.25 160.7 1.4
      vertex 146 160.7 0.6
    endloop
  endfacet
  facet normal 0 1 0
    outer loop
      vertex 46.25 160.7 1.4
      vertex 46.25 160.7 2.64
      vertex 146 160.7 0.6
    endloop
  endfacet
  facet normal 0 1 0
    outer loop
      vertex 46.25 160.7 2.64
      vertex 146 160.7 2.64
      vertex 146 160.7 0.6
    endloop
  endfacet
  facet normal -1 0 0
    outer loop
      vertex 46.25 157.5 2.64
      vertex 46.25 162 3.45
      vertex 46.25 160.7 2.64
    endloop
  endfacet
  facet normal -1 0 0
    outer loop
      vertex 46.25 160.7 2.64
      vertex 46.25 162 3.45
      vertex 46.25 162 2.64
    endloop
  endfacet
  facet normal -1 0 0
    outer loop
      vertex 46.25 157.5 2.64
      vertex 46.25 157.5 3.45
      vertex 46.25 162 3.45
    endloop
  endfacet
  facet normal 0 0 -1
    outer loop
      vertex 46.25 160.7 2.64
      vertex 46.25 162 2.64
      vertex 146 160.7 2.64
    endloop
  endfacet
  facet normal 0 1 0
    outer loop
      vertex 46.25 162 2.64
      vertex 46.25 162 3.45
      vertex 146 162 2.64
    endloop
  endfacet
  facet normal 0 0 1
    outer loop
      vertex 46.25 157.5 3.45
      vertex 146 162 3.45
      vertex 46.25 162 3.45
    endloop
  endfacet
  facet normal 0 0 -1
    outer loop
      vertex 46.25 162 2.64
      vertex 146 162 2.64
      vertex 146 160.7 2.64
    endloop
  endfacet
  facet normal 0 1 0
    outer loop
      vertex 46.25 162 3.45
      vertex 146 162 3.45
      vertex 146 162 2.64
    endloop
  endfacet
  facet normal 0 0 1
    outer loop
      vertex 46.25 157.5 3.45
      vertex 146 157.5 3.45
      vertex 146 162 3.45
    endloop
  endfacet
  facet normal 1 0 0
    outer loop
      vertex 40.25 160.7 0.6
      vertex 40.25 169.3 0.6
      vertex 40.25 160.7 1.4
    endloop
  endfacet
  facet normal 1 0 0
    outer loop
      vertex 40.25 169.3 0.6
      vertex 40.25 169.3 1.4
      vertex 40.25 160.7 1.4
    endloop
  endfacet
  facet normal -1 0 0
    outer loop
      vertex 39.05 157.5 0.6
      vertex 39.05 172.5 2.4
      vertex 39.05 172.5 0.6
    endloop
  endfacet
  facet normal -1 0 0
    outer loop
      vertex 39.05 157.5 0.6
      vertex 39.05 157.5 2.4
      vertex 39.05 172.5 2.4
    endloop
  endfacet
  facet normal 1 0 0
    outer loop
      vertex 40.25 157.5 1.4
      vertex 40.25 160.7 1.4
      vertex 40.25 157.5 2.4
    endloop
  endfacet
  facet normal 1 0 0
    outer loop
      vertex 40.25 160.7 1.4
      vertex 40.25 169.3 1.4
      vertex 40.25 157.5 2.4
    endloop
  endfacet
  facet normal 1 0 0
    outer loop
      vertex 40.25 169.3 1.4
      vertex 40.25 172.5 2.4
      vertex 40.25 157.5 2.4
    endloop
  endfacet
  facet normal 1 0 0
    outer loop
      vertex 40.25 169.3 1.4
      vertex 40.25 172.5 1.4
      vertex 40.25 172.5 2.4
    endloop
  endfacet
  facet normal 0 0 1
    outer loop
      vertex 39.05 157.5 2.4
      vertex 40.25 157.5 2.4
      vertex 39.05 172.5 2.4
    endloop
  endfacet
  facet normal 0 0 1
    outer loop
      vertex 40.25 157.5 2.4
      vertex 40.25 172.5 2.4
      vertex 39.05 172.5 2.4
    endloop
  endfacet
  facet normal 0 0 -1
    outer loop
      vertex 12.25 172.5 0.59
      vertex 12.25 175.1 0.59
      vertex 36.849999999999994 175.1 0.59
    endloop
  endfacet
  facet normal 0 1 0
    outer loop
      vertex 12.25 175.1 0.59
      vertex 12.25 175.1 0.62
      vertex 36.849999999999994 175.1 0.7
    endloop
  endfacet
  facet normal 0 0 -1
    outer loop
      vertex 12.25 172.5 0.59
      vertex 38.05 175.1 0.59
      vertex 38.05 172.5 0.59
    endloop
  endfacet
  facet normal 0 0 -1
    outer loop
      vertex 12.25 172.5 0.59
      vertex 36.849999999999994 175.1 0.59
      vertex 37.22714285714285 175.1 0.59
    endloop
  endfacet
  facet normal 0 0 -1
    outer loop
      vertex 12.25 172.5 0.59
      vertex 37.22714285714285 175.1 0.59
      vertex 38.05 175.1 0.59
    endloop
  endfacet
  facet normal 0 1 0
    outer loop
      vertex 12.25 175.1 0.59
      vertex 36.849999999999994 175.1 0.7
      vertex 36.849999999999994 175.1 0.59
    endloop
  endfacet
  facet normal 0 1 0
    outer loop
      vertex 12.25 175.1 0.62
      vertex 12.25 175.1 1.2999999999999998
      vertex 36.849999999999994 175.1 0.7
    endloop
  endfacet
  facet normal 0 1 0
    outer loop
      vertex 36.849999999999994 175.1 0.7
      vertex 12.25 175.1 1.2999999999999998
      vertex 38.05 175.1 1.2999999999999998
    endloop
  endfacet
  facet normal 0 0 1
    outer loop
      vertex 12.25 172.5 1.2999999999999998
      vertex 38.05 172.5 1.2999999999999998
      vertex 12.25 175.1 1.2999999999999998
    endloop
  endfacet
  facet normal 0 0 1
    outer loop
      vertex 12.25 175.1 1.2999999999999998
      vertex 38.05 172.5 1.2999999999999998
      vertex 38.05 175.1 1.2999999999999998
    endloop
  endfacet
  facet normal 1 0 0
    outer loop
      vertex 38.05 172.5 0.59
      vertex 38.05 175.1 0.59
      vertex 38.05 172.5 1.2999999999999998
    endloop
  endfacet
  facet normal 0 1 0
    outer loop
      vertex 37.22714285714285 175.1 0.59
      vertex 38.05 175.1 1.2999999999999998
      vertex 38.05 175.1 0.59
    endloop
  endfacet
  facet normal 0 1 0
    outer loop
      vertex 36.849999999999994 175.1 0.7
      vertex 38.05 175.1 1.2999999999999998
      vertex 37.22714285714285 175.1 0.59
    endloop
  endfacet
  facet normal 1 0 0
    outer loop
      vertex 38.05 175.1 0.59
      vertex 38.05 175.1 1.2999999999999998
      vertex 38.05 172.5 1.2999999999999998
    endloop
  endfacet
  facet normal 0 0 -1
    outer loop
      vertex 12.25 184.9 0.59
      vertex 12.25 187.5 0.59
      vertex 38.05 187.5 0.59
    endloop
  endfacet
  facet normal 0 -1 0
    outer loop
      vertex 12.25 184.9 0.59
      vertex 38.05 184.9 1.2999999999999998
      vertex 12.25 184.9 0.62
    endloop
  endfacet
  facet normal 0 0 -1
    outer loop
      vertex 12.25 184.9 0.59
      vertex 38.05 187.5 0.59
      vertex 36.849999999999994 184.9 0.59
    endloop
  endfacet
  facet normal 0 -1 0
    outer loop
      vertex 12.25 184.9 0.59
      vertex 36.849999999999994 184.9 0.59
      vertex 36.849999999999994 184.9 0.7
    endloop
  endfacet
  facet normal 0 -1 0
    outer loop
      vertex 12.25 184.9 0.62
      vertex 38.05 184.9 1.2999999999999998
      vertex 12.25 184.9 1.2999999999999998
    endloop
  endfacet
  facet normal 0 -1 0
    outer loop
      vertex 12.25 184.9 0.59
      vertex 36.849999999999994 184.9 0.7
      vertex 38.05 184.9 1.2999999999999998
    endloop
  endfacet
  facet normal 0 0 1
    outer loop
      vertex 12.25 184.9 1.2999999999999998
      vertex 38.05 184.9 1.2999999999999998
      vertex 12.25 187.5 1.2999999999999998
    endloop
  endfacet
  facet normal 0 0 1
    outer loop
      vertex 12.25 187.5 1.2999999999999998
      vertex 38.05 184.9 1.2999999999999998
      vertex 38.05 187.5 1.2999999999999998
    endloop
  endfacet
  facet normal 0 0 -1
    outer loop
      vertex 36.849999999999994 184.9 0.59
      vertex 38.05 187.5 0.59
      vertex 37.22714285714285 184.9 0.59
    endloop
  endfacet
  facet normal 0 0 -1
    outer loop
      vertex 37.22714285714285 184.9 0.59
      vertex 38.05 187.5 0.59
      vertex 38.05 184.9 0.59
    endloop
  endfacet
  facet normal 0 -1 0
    outer loop
      vertex 37.22714285714285 184.9 0.59
      vertex 38.05 184.9 0.59
      vertex 38.05 184.9 1.2999999999999998
    endloop
  endfacet
  facet normal 1 0 0
    outer loop
      vertex 38.05 184.9 0.59
      vertex 38.05 187.5 0.59
      vertex 38.05 184.9 1.2999999999999998
    endloop
  endfacet
  facet normal 0 -1 0
    outer loop
      vertex 36.849999999999994 184.9 0.7
      vertex 37.22714285714285 184.9 0.59
      vertex 38.05 184.9 1.2999999999999998
    endloop
  endfacet
  facet normal 1 0 0
    outer loop
      vertex 38.05 187.5 0.59
      vertex 38.05 187.5 1.2999999999999998
      vertex 38.05 184.9 1.2999999999999998
    endloop
  endfacet
  facet normal 0 1 0
    outer loop
      vertex 40.25 175.7 0.6
      vertex 46.25 175.7 1.4
      vertex 46.25 175.7 0.6
    endloop
  endfacet
  facet normal 0 1 0
    outer loop
      vertex 40.25 175.7 0.6
      vertex 40.25 175.7 1.4
      vertex 46.25 175.7 1.4
    endloop
  endfacet
  facet normal 0 0 1
    outer loop
      vertex 40.25 172.5 1.4
      vertex 46.25 172.5 1.4
      vertex 40.25 175.7 1.4
    endloop
  endfacet
  facet normal 0 0 1
    outer loop
      vertex 40.25 175.7 1.4
      vertex 46.25 172.5 1.4
      vertex 46.25 175.7 1.4
    endloop
  endfacet
  facet normal 0 -1 0
    outer loop
      vertex 40.25 184.3 0.6
      vertex 46.25 184.3 0.6
      vertex 40.25 184.3 1.4
    endloop
  endfacet
  facet normal 0 -1 0
    outer loop
      vertex 46.25 184.3 0.6
      vertex 46.25 184.3 1.4
      vertex 40.25 184.3 1.4
    endloop
  endfacet
  facet normal 0 0 1
    outer loop
      vertex 40.25 184.3 1.4
      vertex 46.25 184.3 1.4
      vertex 40.25 187.5 1.4
    endloop
  endfacet
  facet normal 0 0 1
    outer loop
      vertex 40.25 187.5 1.4
      vertex 46.25 184.3 1.4
      vertex 46.25 187.5 1.4
    endloop
  endfacet
  facet normal -1 0 0
    outer loop
      vertex 46.25 184.3 1.4
      vertex 46.25 187.5 2.64
      vertex 46.25 187.5 1.4
    endloop
  endfacet
  facet normal -1 0 0
    outer loop
      vertex 46.25 184.3 1.4
      vertex 46.25 184.3 2.64
      vertex 46.25 187.5 2.64
    endloop
  endfacet
  facet normal 0 -1 0
    outer loop
      vertex 46.25 184.3 0.6
      vertex 146 184.3 0.6
      vertex 46.25 184.3 1.4
    endloop
  endfacet
  facet normal 0 -1 0
    outer loop
      vertex 46.25 184.3 1.4
      vertex 146 184.3 0.6
      vertex 46.25 184.3 2.64
    endloop
  endfacet
  facet normal 0 -1 0
    outer loop
      vertex 46.25 184.3 2.64
      vertex 146 184.3 0.6
      vertex 146 184.3 2.64
    endloop
  endfacet
  facet normal -1 0 0
    outer loop
      vertex 46.25 183 2.64
      vertex 46.25 187.5 3.45
      vertex 46.25 184.3 2.64
    endloop
  endfacet
  facet normal -1 0 0
    outer loop
      vertex 46.25 184.3 2.64
      vertex 46.25 187.5 3.45
      vertex 46.25 187.5 2.64
    endloop
  endfacet
  facet normal -1 0 0
    outer loop
      vertex 46.25 183 2.64
      vertex 46.25 183 3.45
      vertex 46.25 187.5 3.45
    endloop
  endfacet
  facet normal 0 0 -1
    outer loop
      vertex 46.25 183 2.64
      vertex 46.25 184.3 2.64
      vertex 146 183 2.64
    endloop
  endfacet
  facet normal 0 -1 0
    outer loop
      vertex 46.25 183 2.64
      vertex 146 183 3.45
      vertex 46.25 183 3.45
    endloop
  endfacet
  facet normal 0 0 1
    outer loop
      vertex 46.25 183 3.45
      vertex 146 187.5 3.45
      vertex 46.25 187.5 3.45
    endloop
  endfacet
  facet normal 0 -1 0
    outer loop
      vertex 46.25 183 2.64
      vertex 146 183 2.64
      vertex 146 183 3.45
    endloop
  endfacet
  facet normal 0 0 -1
    outer loop
      vertex 46.25 184.3 2.64
      vertex 146 184.3 2.64
      vertex 146 183 2.64
    endloop
  endfacet
  facet normal 0 0 1
    outer loop
      vertex 46.25 183 3.45
      vertex 146 183 3.45
      vertex 146 187.5 3.45
    endloop
  endfacet
  facet normal -1 0 0
    outer loop
      vertex 46.25 172.5 1.4
      vertex 46.25 175.7 2.64
      vertex 46.25 175.7 1.4
    endloop
  endfacet
  facet normal -1 0 0
    outer loop
      vertex 46.25 172.5 1.4
      vertex 46.25 172.5 2.64
      vertex 46.25 175.7 2.64
    endloop
  endfacet
  facet normal 0 1 0
    outer loop
      vertex 46.25 175.7 0.6
      vertex 46.25 175.7 1.4
      vertex 146 175.7 0.6
    endloop
  endfacet
  facet normal 0 1 0
    outer loop
      vertex 46.25 175.7 1.4
      vertex 46.25 175.7 2.64
      vertex 146 175.7 0.6
    endloop
  endfacet
  facet normal 0 1 0
    outer loop
      vertex 46.25 175.7 2.64
      vertex 146 175.7 2.64
      vertex 146 175.7 0.6
    endloop
  endfacet
  facet normal -1 0 0
    outer loop
      vertex 46.25 172.5 2.64
      vertex 46.25 177 3.45
      vertex 46.25 175.7 2.64
    endloop
  endfacet
  facet normal -1 0 0
    outer loop
      vertex 46.25 175.7 2.64
      vertex 46.25 177 3.45
      vertex 46.25 177 2.64
    endloop
  endfacet
  facet normal -1 0 0
    outer loop
      vertex 46.25 172.5 2.64
      vertex 46.25 172.5 3.45
      vertex 46.25 177 3.45
    endloop
  endfacet
  facet normal 0 0 -1
    outer loop
      vertex 46.25 175.7 2.64
      vertex 46.25 177 2.64
      vertex 146 175.7 2.64
    endloop
  endfacet
  facet normal 0 1 0
    outer loop
      vertex 46.25 177 2.64
      vertex 46.25 177 3.45
      vertex 146 177 2.64
    endloop
  endfacet
  facet normal 0 0 1
    outer loop
      vertex 46.25 172.5 3.45
      vertex 146 177 3.45
      vertex 46.25 177 3.45
    endloop
  endfacet
  facet normal 0 0 -1
    outer loop
      vertex 46.25 177 2.64
      vertex 146 177 2.64
      vertex 146 175.7 2.64
    endloop
  endfacet
  facet normal 0 1 0
    outer loop
      vertex 46.25 177 3.45
      vertex 146 177 3.45
      vertex 146 177 2.64
    endloop
  endfacet
  facet normal 0 0 1
    outer loop
      vertex 46.25 172.5 3.45
      vertex 146 172.5 3.45
      vertex 146 177 3.45
    endloop
  endfacet
  facet normal 1 0 0
    outer loop
      vertex 40.25 175.7 0.6
      vertex 40.25 184.3 0.6
      vertex 40.25 175.7 1.4
    endloop
  endfacet
  facet normal 1 0 0
    outer loop
      vertex 40.25 184.3 0.6
      vertex 40.25 184.3 1.4
      vertex 40.25 175.7 1.4
    endloop
  endfacet
  facet normal -1 0 0
    outer loop
      vertex 39.05 172.5 0.6
      vertex 39.05 187.5 2.4
      vertex 39.05 187.5 0.6
    endloop
  endfacet
  facet normal 1 0 0
    outer loop
      vertex 40.25 172.5 1.4
      vertex 40.25 175.7 1.4
      vertex 40.25 172.5 2.4
    endloop
  endfacet
  facet normal -1 0 0
    outer loop
      vertex 39.05 172.5 0.6
      vertex 39.05 172.5 2.4
      vertex 39.05 187.5 2.4
    endloop
  endfacet
  facet normal 1 0 0
    outer loop
      vertex 40.25 175.7 1.4
      vertex 40.25 184.3 1.4
      vertex 40.25 172.5 2.4
    endloop
  endfacet
  facet normal 1 0 0
    outer loop
      vertex 40.25 184.3 1.4
      vertex 40.25 187.5 2.4
      vertex 40.25 172.5 2.4
    endloop
  endfacet
  facet normal 0 0 1
    outer loop
      vertex 39.05 172.5 2.4
      vertex 40.25 172.5 2.4
      vertex 39.05 187.5 2.4
    endloop
  endfacet
  facet normal 0 0 1
    outer loop
      vertex 40.25 172.5 2.4
      vertex 40.25 187.5 2.4
      vertex 39.05 187.5 2.4
    endloop
  endfacet
  facet normal 1 0 0
    outer loop
      vertex 40.25 184.3 1.4
      vertex 40.25 187.5 1.4
      vertex 40.25 187.5 2.4
    endloop
  endfacet
  facet normal 0 0 -1
    outer loop
      vertex 12.25 187.5 0.59
      vertex 12.25 190.1 0.59
      vertex 36.849999999999994 190.1 0.59
    endloop
  endfacet
  facet normal 0 1 0
    outer loop
      vertex 12.25 190.1 0.59
      vertex 12.25 190.1 0.62
      vertex 36.849999999999994 190.1 0.7
    endloop
  endfacet
  facet normal 0 0 -1
    outer loop
      vertex 12.25 187.5 0.59
      vertex 36.849999999999994 190.1 0.59
      vertex 37.22714285714285 190.1 0.59
    endloop
  endfacet
  facet normal 0 0 -1
    outer loop
      vertex 12.25 187.5 0.59
      vertex 38.05 190.1 0.59
      vertex 38.05 187.5 0.59
    endloop
  endfacet
  facet normal 0 0 -1
    outer loop
      vertex 12.25 187.5 0.59
      vertex 37.22714285714285 190.1 0.59
      vertex 38.05 190.1 0.59
    endloop
  endfacet
  facet normal 0 1 0
    outer loop
      vertex 12.25 190.1 0.59
      vertex 36.849999999999994 190.1 0.7
      vertex 36.849999999999994 190.1 0.59
    endloop
  endfacet
  facet normal 0 1 0
    outer loop
      vertex 12.25 190.1 0.62
      vertex 12.25 190.1 1.2999999999999998
      vertex 36.849999999999994 190.1 0.7
    endloop
  endfacet
  facet normal 0 1 0
    outer loop
      vertex 36.849999999999994 190.1 0.7
      vertex 12.25 190.1 1.2999999999999998
      vertex 38.05 190.1 1.2999999999999998
    endloop
  endfacet
  facet normal 0 0 1
    outer loop
      vertex 12.25 187.5 1.2999999999999998
      vertex 38.05 187.5 1.2999999999999998
      vertex 12.25 190.1 1.2999999999999998
    endloop
  endfacet
  facet normal 0 0 1
    outer loop
      vertex 12.25 190.1 1.2999999999999998
      vertex 38.05 187.5 1.2999999999999998
      vertex 38.05 190.1 1.2999999999999998
    endloop
  endfacet
  facet normal 1 0 0
    outer loop
      vertex 38.05 187.5 0.59
      vertex 38.05 190.1 0.59
      vertex 38.05 187.5 1.2999999999999998
    endloop
  endfacet
  facet normal 0 1 0
    outer loop
      vertex 37.22714285714285 190.1 0.59
      vertex 38.05 190.1 1.2999999999999998
      vertex 38.05 190.1 0.59
    endloop
  endfacet
  facet normal 0 1 0
    outer loop
      vertex 36.849999999999994 190.1 0.7
      vertex 38.05 190.1 1.2999999999999998
      vertex 37.22714285714285 190.1 0.59
    endloop
  endfacet
  facet normal 1 0 0
    outer loop
      vertex 38.05 190.1 0.59
      vertex 38.05 190.1 1.2999999999999998
      vertex 38.05 187.5 1.2999999999999998
    endloop
  endfacet
  facet normal 0 0 -1
    outer loop
      vertex 12.25 199.9 0.59
      vertex 12.25 202.5 0.59
      vertex 38.05 202.5 0.59
    endloop
  endfacet
  facet normal 0 -1 0
    outer loop
      vertex 12.25 199.9 0.59
      vertex 38.05 199.9 1.2999999999999998
      vertex 12.25 199.9 0.62
    endloop
  endfacet
  facet normal 0 -1 0
    outer loop
      vertex 12.25 199.9 0.59
      vertex 36.849999999999994 199.9 0.59
      vertex 36.849999999999994 199.9 0.7
    endloop
  endfacet
  facet normal 0 0 -1
    outer loop
      vertex 12.25 199.9 0.59
      vertex 38.05 202.5 0.59
      vertex 36.849999999999994 199.9 0.59
    endloop
  endfacet
  facet normal 0 1 0
    outer loop
      vertex 12.25 202.5 0.6
      vertex 38.05 202.5 1.2999999999999998
      vertex 38.05 202.5 0.6
    endloop
  endfacet
  facet normal 0 -1 0
    outer loop
      vertex 12.25 199.9 0.62
      vertex 38.05 199.9 1.2999999999999998
      vertex 12.25 199.9 1.2999999999999998
    endloop
  endfacet
  facet normal 0 1 0
    outer loop
      vertex 12.25 202.5 0.6
      vertex 12.25 202.5 1.2999999999999998
      vertex 38.05 202.5 1.2999999999999998
    endloop
  endfacet
  facet normal 0 -1 0
    outer loop
      vertex 12.25 199.9 0.59
      vertex 36.849999999999994 199.9 0.7
      vertex 38.05 199.9 1.2999999999999998
    endloop
  endfacet
  facet normal 0 0 1
    outer loop
      vertex 12.25 199.9 1.2999999999999998
      vertex 38.05 199.9 1.2999999999999998
      vertex 12.25 202.5 1.2999999999999998
    endloop
  endfacet
  facet normal 0 0 1
    outer loop
      vertex 12.25 202.5 1.2999999999999998
      vertex 38.05 199.9 1.2999999999999998
      vertex 38.05 202.5 1.2999999999999998
    endloop
  endfacet
  facet normal 0 0 -1
    outer loop
      vertex 36.849999999999994 199.9 0.59
      vertex 38.05 202.5 0.59
      vertex 37.22714285714285 199.9 0.59
    endloop
  endfacet
  facet normal 0 0 -1
    outer loop
      vertex 37.22714285714285 199.9 0.59
      vertex 38.05 202.5 0.59
      vertex 38.05 199.9 0.59
    endloop
  endfacet
  facet normal 0 -1 0
    outer loop
      vertex 37.22714285714285 199.9 0.59
      vertex 38.05 199.9 0.59
      vertex 38.05 199.9 1.2999999999999998
    endloop
  endfacet
  facet normal 1 0 0
    outer loop
      vertex 38.05 199.9 0.59
      vertex 38.05 202.5 0.59
      vertex 38.05 199.9 1.2999999999999998
    endloop
  endfacet
  facet normal 1 0 0
    outer loop
      vertex 38.05 202.5 0.59
      vertex 38.05 202.5 0.6
      vertex 38.05 199.9 1.2999999999999998
    endloop
  endfacet
  facet normal 0 -1 0
    outer loop
      vertex 36.849999999999994 199.9 0.7
      vertex 37.22714285714285 199.9 0.59
      vertex 38.05 199.9 1.2999999999999998
    endloop
  endfacet
  facet normal 1 0 0
    outer loop
      vertex 38.05 202.5 0.6
      vertex 38.05 202.5 1.2999999999999998
      vertex 38.05 199.9 1.2999999999999998
    endloop
  endfacet
  facet normal 0 1 0
    outer loop
      vertex 40.25 190.7 0.6
      vertex 46.25 190.7 1.4
      vertex 46.25 190.7 0.6
    endloop
  endfacet
  facet normal 0 1 0
    outer loop
      vertex 40.25 190.7 0.6
      vertex 40.25 190.7 1.4
      vertex 46.25 190.7 1.4
    endloop
  endfacet
  facet normal 0 0 1
    outer loop
      vertex 40.25 187.5 1.4
      vertex 46.25 187.5 1.4
      vertex 40.25 190.7 1.4
    endloop
  endfacet
  facet normal 0 0 1
    outer loop
      vertex 40.25 190.7 1.4
      vertex 46.25 187.5 1.4
      vertex 46.25 190.7 1.4
    endloop
  endfacet
  facet normal 0 -1 0
    outer loop
      vertex 40.25 199.3 0.6
      vertex 46.25 199.3 0.6
      vertex 40.25 199.3 1.4
    endloop
  endfacet
  facet normal 0 1 0
    outer loop
      vertex 40.25 202.5 0.6
      vertex 46.25 202.5 1.4
      vertex 46.25 202.5 0.6
    endloop
  endfacet
  facet normal 0 1 0
    outer loop
      vertex 40.25 202.5 0.6
      vertex 40.25 202.5 1.4
      vertex 46.25 202.5 1.4
    endloop
  endfacet
  facet normal 0 -1 0
    outer loop
      vertex 46.25 199.3 0.6
      vertex 46.25 199.3 1.4
      vertex 40.25 199.3 1.4
    endloop
  endfacet
  facet normal 0 0 1
    outer loop
      vertex 40.25 199.3 1.4
      vertex 46.25 199.3 1.4
      vertex 40.25 202.5 1.4
    endloop
  endfacet
  facet normal 0 0 1
    outer loop
      vertex 40.25 202.5 1.4
      vertex 46.25 199.3 1.4
      vertex 46.25 202.5 1.4
    endloop
  endfacet
  facet normal -1 0 0
    outer loop
      vertex 46.25 199.3 1.4
      vertex 46.25 202.5 2.64
      vertex 46.25 202.5 1.4
    endloop
  endfacet
  facet normal -1 0 0
    outer loop
      vertex 46.25 199.3 1.4
      vertex 46.25 199.3 2.64
      vertex 46.25 202.5 2.64
    endloop
  endfacet
  facet normal 0 -1 0
    outer loop
      vertex 46.25 199.3 0.6
      vertex 146 199.3 0.6
      vertex 46.25 199.3 1.4
    endloop
  endfacet
  facet normal 0 1 0
    outer loop
      vertex 46.25 202.5 0.6
      vertex 46.25 202.5 1.4
      vertex 146 202.5 0.6
    endloop
  endfacet
  facet normal 0 -1 0
    outer loop
      vertex 46.25 199.3 1.4
      vertex 146 199.3 0.6
      vertex 46.25 199.3 2.64
    endloop
  endfacet
  facet normal 0 1 0
    outer loop
      vertex 46.25 202.5 1.4
      vertex 46.25 202.5 2.64
      vertex 146 202.5 0.6
    endloop
  endfacet
  facet normal 0 -1 0
    outer loop
      vertex 46.25 199.3 2.64
      vertex 146 199.3 0.6
      vertex 146 199.3 2.64
    endloop
  endfacet
  facet normal 0 1 0
    outer loop
      vertex 46.25 202.5 2.64
      vertex 146 202.5 2.64
      vertex 146 202.5 0.6
    endloop
  endfacet
  facet normal -1 0 0
    outer loop
      vertex 46.25 198 2.64
      vertex 46.25 202.5 3.45
      vertex 46.25 199.3 2.64
    endloop
  endfacet
  facet normal -1 0 0
    outer loop
      vertex 46.25 199.3 2.64
      vertex 46.25 202.5 3.45
      vertex 46.25 202.5 2.64
    endloop
  endfacet
  facet normal -1 0 0
    outer loop
      vertex 46.25 198 2.64
      vertex 46.25 198 3.45
      vertex 46.25 202.5 3.45
    endloop
  endfacet
  facet normal 0 0 -1
    outer loop
      vertex 46.25 198 2.64
      vertex 46.25 199.3 2.64
      vertex 146 198 2.64
    endloop
  endfacet
  facet normal 0 1 0
    outer loop
      vertex 46.25 202.5 2.64
      vertex 46.25 202.5 3.45
      vertex 146 202.5 2.64
    endloop
  endfacet
  facet normal 0 -1 0
    outer loop
      vertex 46.25 198 2.64
      vertex 146 198 3.45
      vertex 46.25 198 3.45
    endloop
  endfacet
  facet normal 0 0 1
    outer loop
      vertex 46.25 198 3.45
      vertex 146 202.5 3.45
      vertex 46.25 202.5 3.45
    endloop
  endfacet
  facet normal 0 0 -1
    outer loop
      vertex 46.25 199.3 2.64
      vertex 146 199.3 2.64
      vertex 146 198 2.64
    endloop
  endfacet
  facet normal 0 -1 0
    outer loop
      vertex 46.25 198 2.64
      vertex 146 198 2.64
      vertex 146 198 3.45
    endloop
  endfacet
  facet normal 0 1 0
    outer loop
      vertex 46.25 202.5 3.45
      vertex 146 202.5 3.45
      vertex 146 202.5 2.64
    endloop
  endfacet
  facet normal 0 0 1
    outer loop
      vertex 46.25 198 3.45
      vertex 146 198 3.45
      vertex 146 202.5 3.45
    endloop
  endfacet
  facet normal -1 0 0
    outer loop
      vertex 46.25 187.5 1.4
      vertex 46.25 190.7 2.64
      vertex 46.25 190.7 1.4
    endloop
  endfacet
  facet normal -1 0 0
    outer loop
      vertex 46.25 187.5 1.4
      vertex 46.25 187.5 2.64
      vertex 46.25 190.7 2.64
    endloop
  endfacet
  facet normal 0 1 0
    outer loop
      vertex 46.25 190.7 0.6
      vertex 46.25 190.7 1.4
      vertex 146 190.7 0.6
    endloop
  endfacet
  facet normal 0 1 0
    outer loop
      vertex 46.25 190.7 1.4
      vertex 46.25 190.7 2.64
      vertex 146 190.7 0.6
    endloop
  endfacet
  facet normal 0 1 0
    outer loop
      vertex 46.25 190.7 2.64
      vertex 146 190.7 2.64
      vertex 146 190.7 0.6
    endloop
  endfacet
  facet normal -1 0 0
    outer loop
      vertex 46.25 187.5 2.64
      vertex 46.25 192 3.45
      vertex 46.25 190.7 2.64
    endloop
  endfacet
  facet normal -1 0 0
    outer loop
      vertex 46.25 190.7 2.64
      vertex 46.25 192 3.45
      vertex 46.25 192 2.64
    endloop
  endfacet
  facet normal -1 0 0
    outer loop
      vertex 46.25 187.5 2.64
      vertex 46.25 187.5 3.45
      vertex 46.25 192 3.45
    endloop
  endfacet
  facet normal 0 0 -1
    outer loop
      vertex 46.25 190.7 2.64
      vertex 46.25 192 2.64
      vertex 146 190.7 2.64
    endloop
  endfacet
  facet normal 0 1 0
    outer loop
      vertex 46.25 192 2.64
      vertex 46.25 192 3.45
      vertex 146 192 2.64
    endloop
  endfacet
  facet normal 0 0 1
    outer loop
      vertex 46.25 187.5 3.45
      vertex 146 192 3.45
      vertex 46.25 192 3.45
    endloop
  endfacet
  facet normal 0 0 -1
    outer loop
      vertex 46.25 192 2.64
      vertex 146 192 2.64
      vertex 146 190.7 2.64
    endloop
  endfacet
  facet normal 0 1 0
    outer loop
      vertex 46.25 192 3.45
      vertex 146 192 3.45
      vertex 146 192 2.64
    endloop
  endfacet
  facet normal 0 0 1
    outer loop
      vertex 46.25 187.5 3.45
      vertex 146 187.5 3.45
      vertex 146 192 3.45
    endloop
  endfacet
  facet normal 1 0 0
    outer loop
      vertex 40.25 190.7 0.6
      vertex 40.25 199.3 0.6
      vertex 40.25 190.7 1.4
    endloop
  endfacet
  facet normal 1 0 0
    outer loop
      vertex 40.25 199.3 0.6
      vertex 40.25 199.3 1.4
      vertex 40.25 190.7 1.4
    endloop
  endfacet
  facet normal 0 1 0
    outer loop
      vertex 39.05 202.5 0.6
      vertex 40.25 202.5 1.4
      vertex 40.25 202.5 0.6
    endloop
  endfacet
  facet normal -1 0 0
    outer loop
      vertex 39.05 187.5 0.6
      vertex 39.05 202.5 2.4
      vertex 39.05 202.5 0.6
    endloop
  endfacet
  facet normal 0 1 0
    outer loop
      vertex 39.05 202.5 0.6
      vertex 39.05 202.5 2.4
      vertex 40.25 202.5 1.4
    endloop
  endfacet
  facet normal 1 0 0
    outer loop
      vertex 40.25 187.5 1.4
      vertex 40.25 190.7 1.4
      vertex 40.25 187.5 2.4
    endloop
  endfacet
  facet normal -1 0 0
    outer loop
      vertex 39.05 187.5 0.6
      vertex 39.05 187.5 2.4
      vertex 39.05 202.5 2.4
    endloop
  endfacet
  facet normal 1 0 0
    outer loop
      vertex 40.25 190.7 1.4
      vertex 40.25 199.3 1.4
      vertex 40.25 187.5 2.4
    endloop
  endfacet
  facet normal 1 0 0
    outer loop
      vertex 40.25 199.3 1.4
      vertex 40.25 202.5 2.4
      vertex 40.25 187.5 2.4
    endloop
  endfacet
  facet normal 1 0 0
    outer loop
      vertex 40.25 199.3 1.4
      vertex 40.25 202.5 1.4
      vertex 40.25 202.5 2.4
    endloop
  endfacet
  facet normal 0 1 0
    outer loop
      vertex 40.25 202.5 1.4
      vertex 39.05 202.5 2.4
      vertex 40.25 202.5 2.4
    endloop
  endfacet
  facet normal 0 0 1
    outer loop
      vertex 39.05 187.5 2.4
      vertex 40.25 187.5 2.4
      vertex 39.05 202.5 2.4
    endloop
  endfacet
  facet normal 0 0 1
    outer loop
      vertex 40.25 187.5 2.4
      vertex 40.25 202.5 2.4
      vertex 39.05 202.5 2.4
    endloop
  endfacet
  facet normal -1 0 0
    outer loop
      vertex 36.849999999999994 10.1 0.35
      vertex 36.849999999999994 19.9 0.59
      vertex 36.849999999999994 19.9 0.35
    endloop
  endfacet
  facet normal 0 -1 0
    outer loop
      vertex 36.849999999999994 10.1 0.35
      vertex 37.22714285714285 10.1 0.59
      vertex 36.849999999999994 10.1 0.59
    endloop
  endfacet
  facet normal -1 0 0
    outer loop
      vertex 36.849999999999994 10.1 0.35
      vertex 36.849999999999994 10.1 0.59
      vertex 36.849999999999994 19.9 0.7
    endloop
  endfacet
  facet normal -1 0 0
    outer loop
      vertex 36.849999999999994 10.1 0.35
      vertex 36.849999999999994 19.9 0.7
      vertex 36.849999999999994 19.9 0.59
    endloop
  endfacet
  facet normal 0 1 0
    outer loop
      vertex 36.849999999999994 19.9 0.35
      vertex 36.849999999999994 19.9 0.59
      vertex 37.22714285714285 19.9 0.59
    endloop
  endfacet
  facet normal -1 0 0
    outer loop
      vertex 36.849999999999994 10.1 0.59
      vertex 36.849999999999994 10.1 0.7
      vertex 36.849999999999994 19.9 0.7
    endloop
  endfacet
  facet normal 0.27999999999999997 0 0.9600000000000001
    outer loop
      vertex 36.849999999999994 10.1 0.7
      vertex 37.22714285714285 10.1 0.59
      vertex 36.849999999999994 19.9 0.7
    endloop
  endfacet
  facet normal 0 -1 0
    outer loop
      vertex 36.849999999999994 10.1 0.35
      vertex 38.05 10.1 0.35
      vertex 37.22714285714285 10.1 0.59
    endloop
  endfacet
  facet normal 0.27999999999999914 0 0.9600000000000003
    outer loop
      vertex 38.05 10.1 0.35
      vertex 38.05 19.9 0.35
      vertex 37.22714285714285 19.9 0.59
    endloop
  endfacet
  facet normal 0 1 0
    outer loop
      vertex 36.849999999999994 19.9 0.35
      vertex 37.22714285714285 19.9 0.59
      vertex 38.05 19.9 0.35
    endloop
  endfacet
  facet normal 0.2799999999999991 -3.457551705261191e-17 0.9600000000000003
    outer loop
      vertex 36.849999999999994 19.9 0.7
      vertex 37.22714285714285 10.1 0.59
      vertex 38.05 10.1 0.35
    endloop
  endfacet
  facet normal 0.27999999999999997 6.850014268447905e-17 0.9600000000000001
    outer loop
      vertex 36.849999999999994 19.9 0.7
      vertex 38.05 10.1 0.35
      vertex 37.22714285714285 19.9 0.59
    endloop
  endfacet
  facet normal 0 -1 0
    outer loop
      vertex 36.849999999999994 25.1 0.35
      vertex 37.22714285714285 25.1 0.59
      vertex 36.849999999999994 25.1 0.59
    endloop
  endfacet
  facet normal -1 0 0
    outer loop
      vertex 36.849999999999994 25.1 0.35
      vertex 36.849999999999994 34.900000000000006 0.59
      vertex 36.849999999999994 34.900000000000006 0.35
    endloop
  endfacet
  facet normal -1 0 0
    outer loop
      vertex 36.849999999999994 25.1 0.35
      vertex 36.849999999999994 25.1 0.59
      vertex 36.849999999999994 34.9 0.6999999999999997
    endloop
  endfacet
  facet normal -1 0 0
    outer loop
      vertex 36.849999999999994 25.1 0.35
      vertex 36.849999999999994 34.9 0.6999999999999997
      vertex 36.849999999999994 34.900000000000006 0.59
    endloop
  endfacet
  facet normal 1.884014829666932e-14 1 0
    outer loop
      vertex 36.849999999999994 34.900000000000006 0.35
      vertex 36.849999999999994 34.900000000000006 0.59
      vertex 37.22714285714285 34.9 0.59
    endloop
  endfacet
  facet normal -1 0 0
    outer loop
      vertex 36.849999999999994 25.1 0.59
      vertex 36.849999999999994 25.1 0.7
      vertex 36.849999999999994 34.9 0.6999999999999997
    endloop
  endfacet
  facet normal 0.2799999999999999 2.1751308237554095e-17 0.96
    outer loop
      vertex 36.849999999999994 25.1 0.7
      vertex 37.22714285714285 25.1 0.59
      vertex 36.849999999999994 34.9 0.6999999999999997
    endloop
  endfacet
  facet normal 0 -1 0
    outer loop
      vertex 36.849999999999994 25.1 0.35
      vertex 38.05 25.1 0.35
      vertex 37.22714285714285 25.1 0.59
    endloop
  endfacet
  facet normal 0.27999999999999914 0 0.9600000000000003
    outer loop
      vertex 38.05 25.1 0.35
      vertex 38.05 34.900000000000006 0.35
      vertex 37.22714285714285 34.9 0.59
    endloop
  endfacet
  facet normal 0 1 2.960594732333751e-14
    outer loop
      vertex 36.849999999999994 34.900000000000006 0.35
      vertex 37.22714285714285 34.9 0.59
      vertex 38.05 34.900000000000006 0.35
    endloop
  endfacet
  facet normal 0.27999999999999914 -1.2767564783189185e-17 0.9600000000000003
    outer loop
      vertex 36.849999999999994 34.9 0.6999999999999997
      vertex 37.22714285714285 25.1 0.59
      vertex 38.05 25.1 0.35
    endloop
  endfacet
  facet normal 0.27999999999999936 2.536828714523828e-17 0.9600000000000001
    outer loop
      vertex 36.849999999999994 34.9 0.6999999999999997
      vertex 38.05 25.1 0.35
      vertex 37.22714285714285 34.9 0.59
    endloop
  endfacet
  facet normal -1 0 0
    outer loop
      vertex 36.849999999999994 40.1 0.35
      vertex 36.849999999999994 49.900000000000006 0.59
      vertex 36.849999999999994 49.900000000000006 0.35
    endloop
  endfacet
  facet normal 0 -1 0
    outer loop
      vertex 36.849999999999994 40.1 0.35
      vertex 37.22714285714285 40.1 0.59
      vertex 36.849999999999994 40.1 0.59
    endloop
  endfacet
  facet normal -1 0 0
    outer loop
      vertex 36.849999999999994 40.1 0.35
      vertex 36.849999999999994 40.1 0.59
      vertex 36.849999999999994 49.9 0.6999999999999997
    endloop
  endfacet
  facet normal 1.884014829666932e-14 1 0
    outer loop
      vertex 36.849999999999994 49.900000000000006 0.35
      vertex 36.849999999999994 49.900000000000006 0.59
      vertex 37.22714285714285 49.9 0.59
    endloop
  endfacet
  facet normal -1 0 0
    outer loop
      vertex 36.849999999999994 40.1 0.35
      vertex 36.849999999999994 49.9 0.6999999999999997
      vertex 36.849999999999994 49.900000000000006 0.59
    endloop
  endfacet
  facet normal -1 0 0
    outer loop
      vertex 36.849999999999994 40.1 0.59
      vertex 36.849999999999994 40.1 0.7
      vertex 36.849999999999994 49.9 0.6999999999999997
    endloop
  endfacet
  facet normal 0.2799999999999999 2.1751308237554095e-17 0.96
    outer loop
      vertex 36.849999999999994 40.1 0.7
      vertex 37.22714285714285 40.1 0.59
      vertex 36.849999999999994 49.9 0.6999999999999997
    endloop
  endfacet
  facet normal 0 -1 0
    outer loop
      vertex 36.849999999999994 40.1 0.35
      vertex 38.05 40.1 0.35
      vertex 37.22714285714285 40.1 0.59
    endloop
  endfacet
  facet normal 0.27999999999999914 0 0.9600000000000003
    outer loop
      vertex 38.05 40.1 0.35
      vertex 38.05 49.900000000000006 0.35
      vertex 37.22714285714285 49.9 0.59
    endloop
  endfacet
  facet normal 0 1 2.960594732333751e-14
    outer loop
      vertex 36.849999999999994 49.900000000000006 0.35
      vertex 37.22714285714285 49.9 0.59
      vertex 38.05 49.900000000000006 0.35
    endloop
  endfacet
  facet normal 0.27999999999999914 -1.2767564783189185e-17 0.9600000000000003
    outer loop
      vertex 36.849999999999994 49.9 0.6999999999999997
      vertex 37.22714285714285 40.1 0.59
      vertex 38.05 40.1 0.35
    endloop
  endfacet
  facet normal 0.27999999999999936 2.536828714523828e-17 0.9600000000000001
    outer loop
      vertex 36.849999999999994 49.9 0.6999999999999997
      vertex 38.05 40.1 0.35
      vertex 37.22714285714285 49.9 0.59
    endloop
  endfacet
  facet normal -1 0 0
    outer loop
      vertex 36.849999999999994 55.1 0.35
      vertex 36.849999999999994 64.9 0.59
      vertex 36.849999999999994 64.9 0.35
    endloop
  endfacet
  facet normal 0 -1 0
    outer loop
      vertex 36.849999999999994 55.1 0.35
      vertex 37.22714285714285 55.1 0.59
      vertex 36.849999999999994 55.1 0.59
    endloop
  endfacet
  facet normal -1 0 0
    outer loop
      vertex 36.849999999999994 55.1 0.35
      vertex 36.849999999999994 55.1 0.59
      vertex 36.849999999999994 64.9 0.7
    endloop
  endfacet
  facet normal 0 1 0
    outer loop
      vertex 36.849999999999994 64.9 0.35
      vertex 36.849999999999994 64.9 0.59
      vertex 37.22714285714285 64.9 0.59
    endloop
  endfacet
  facet normal -1 0 0
    outer loop
      vertex 36.849999999999994 55.1 0.35
      vertex 36.849999999999994 64.9 0.7
      vertex 36.849999999999994 64.9 0.59
    endloop
  endfacet
  facet normal -1 0 0
    outer loop
      vertex 36.849999999999994 55.1 0.59
      vertex 36.849999999999994 55.1 0.7
      vertex 36.849999999999994 64.9 0.7
    endloop
  endfacet
  facet normal 0.2799999999999999 0 0.9600000000000001
    outer loop
      vertex 36.849999999999994 55.1 0.7
      vertex 37.22714285714285 55.1 0.59
      vertex 36.849999999999994 64.9 0.7
    endloop
  endfacet
  facet normal 0 -1 0
    outer loop
      vertex 36.849999999999994 55.1 0.35
      vertex 38.05 55.1 0.35
      vertex 37.22714285714285 55.1 0.59
    endloop
  endfacet
  facet normal 0.27999999999999914 0 0.9600000000000003
    outer loop
      vertex 38.05 55.1 0.35
      vertex 38.05 64.9 0.35
      vertex 37.22714285714285 64.9 0.59
    endloop
  endfacet
  facet normal 0 1 0
    outer loop
      vertex 36.849999999999994 64.9 0.35
      vertex 37.22714285714285 64.9 0.59
      vertex 38.05 64.9 0.35
    endloop
  endfacet
  facet normal 0.27999999999999914 -3.457551705261189e-17 0.9600000000000001
    outer loop
      vertex 36.849999999999994 64.9 0.7
      vertex 37.22714285714285 55.1 0.59
      vertex 38.05 55.1 0.35
    endloop
  endfacet
  facet normal 0.2799999999999999 6.850014268447901e-17 0.9600000000000001
    outer loop
      vertex 36.849999999999994 64.9 0.7
      vertex 38.05 55.1 0.35
      vertex 37.22714285714285 64.9 0.59
    endloop
  endfacet
  facet normal 0 -1 0
    outer loop
      vertex 36.849999999999994 70.1 0.35
      vertex 37.22714285714285 70.1 0.59
      vertex 36.849999999999994 70.1 0.59
    endloop
  endfacet
  facet normal -1 0 0
    outer loop
      vertex 36.849999999999994 70.1 0.35
      vertex 36.849999999999994 79.89999999999999 0.7
      vertex 36.849999999999994 79.89999999999999 0.35
    endloop
  endfacet
  facet normal -1 0 0
    outer loop
      vertex 36.849999999999994 70.1 0.35
      vertex 36.849999999999994 70.1 0.59
      vertex 36.849999999999994 79.89999999999999 0.7
    endloop
  endfacet
  facet normal -1 0 0
    outer loop
      vertex 36.849999999999994 70.1 0.59
      vertex 36.849999999999994 70.1 0.7
      vertex 36.849999999999994 79.89999999999999 0.7
    endloop
  endfacet
  facet normal 0.2799999999999999 0 0.96
    outer loop
      vertex 36.849999999999994 70.1 0.7
      vertex 37.22714285714285 70.1 0.59
      vertex 36.849999999999994 79.89999999999999 0.7
    endloop
  endfacet
  facet normal 0 -1 0
    outer loop
      vertex 36.849999999999994 70.1 0.35
      vertex 38.05 70.1 0.35
      vertex 37.22714285714285 70.1 0.59
    endloop
  endfacet
  facet normal 0.27999999999999936 1.2688263138573245e-18 0.9600000000000002
    outer loop
      vertex 36.849999999999994 79.89999999999999 0.7
      vertex 38.05 70.1 0.35
      vertex 38.05 79.89999999999999 0.35
    endloop
  endfacet
  facet normal 0.2799999999999991 -3.4575517052611915e-17 0.9600000000000003
    outer loop
      vertex 36.849999999999994 79.89999999999999 0.7
      vertex 37.22714285714285 70.1 0.59
      vertex 38.05 70.1 0.35
    endloop
  endfacet
  facet normal 0 1 0
    outer loop
      vertex 36.849999999999994 79.89999999999999 0.35
      vertex 36.849999999999994 79.89999999999999 0.7
      vertex 38.05 79.89999999999999 0.35
    endloop
  endfacet
  facet normal 0 -1 0
    outer loop
      vertex 36.849999999999994 85.1 0.35
      vertex 37.22714285714285 85.1 0.59
      vertex 36.849999999999994 85.1 0.59
    endloop
  endfacet
  facet normal -1 0 0
    outer loop
      vertex 36.849999999999994 85.1 0.35
      vertex 36.849999999999994 94.89999999999999 0.7
      vertex 36.849999999999994 94.89999999999999 0.35
    endloop
  endfacet
  facet normal -1 0 0
    outer loop
      vertex 36.849999999999994 85.1 0.35
      vertex 36.849999999999994 85.1 0.59
      vertex 36.849999999999994 94.89999999999999 0.7
    endloop
  endfacet
  facet normal -1 0 0
    outer loop
      vertex 36.849999999999994 85.1 0.59
      vertex 36.849999999999994 85.1 0.7
      vertex 36.849999999999994 94.89999999999999 0.7
    endloop
  endfacet
  facet normal 0.2799999999999999 0 0.96
    outer loop
      vertex 36.849999999999994 85.1 0.7
      vertex 37.22714285714285 85.1 0.59
      vertex 36.849999999999994 94.89999999999999 0.7
    endloop
  endfacet
  facet normal 0 -1 0
    outer loop
      vertex 36.849999999999994 85.1 0.35
      vertex 38.05 85.1 0.35
      vertex 37.22714285714285 85.1 0.59
    endloop
  endfacet
  facet normal 0.27999999999999936 1.2688263138573245e-18 0.9600000000000002
    outer loop
      vertex 36.849999999999994 94.89999999999999 0.7
      vertex 38.05 85.1 0.35
      vertex 38.05 94.89999999999999 0.35
    endloop
  endfacet
  facet normal 0.2799999999999991 -3.4575517052611915e-17 0.9600000000000003
    outer loop
      vertex 36.849999999999994 94.89999999999999 0.7
      vertex 37.22714285714285 85.1 0.59
      vertex 38.05 85.1 0.35
    endloop
  endfacet
  facet normal 0 1 0
    outer loop
      vertex 36.849999999999994 94.89999999999999 0.35
      vertex 36.849999999999994 94.89999999999999 0.7
      vertex 38.05 94.89999999999999 0.35
    endloop
  endfacet
  facet normal 0 -1 0
    outer loop
      vertex 36.849999999999994 100.1 0.35
      vertex 37.22714285714285 100.1 0.59
      vertex 36.849999999999994 100.1 0.59
    endloop
  endfacet
  facet normal -1 0 0
    outer loop
      vertex 36.849999999999994 100.1 0.35
      vertex 36.849999999999994 100.1 0.59
      vertex 36.849999999999994 109.89999999999999 0.7
    endloop
  endfacet
  facet normal -1 0 0
    outer loop
      vertex 36.849999999999994 100.1 0.59
      vertex 36.849999999999994 100.1 0.7
      vertex 36.849999999999994 109.89999999999999 0.7
    endloop
  endfacet
  facet normal 0.2799999999999999 0 0.96
    outer loop
      vertex 36.849999999999994 100.1 0.7
      vertex 37.22714285714285 100.1 0.59
      vertex 36.849999999999994 109.89999999999999 0.7
    endloop
  endfacet
  facet normal 0 -1 0
    outer loop
      vertex 36.849999999999994 100.1 0.35
      vertex 38.05 100.1 0.35
      vertex 37.22714285714285 100.1 0.59
    endloop
  endfacet
  facet normal 0.27999999999999914 -3.615399740735108e-17 0.9600000000000003
    outer loop
      vertex 38.05 100.1 0.35
      vertex 36.849999999999994 109.89999999999999 0.7
      vertex 37.22714285714285 100.1 0.59
    endloop
  endfacet
  facet normal -1 0 0
    outer loop
      vertex 36.849999999999994 100.1 0.35
      vertex 36.849999999999994 109.89999999999999 0.7
      vertex 36.849999999999994 109.89999999999999 0.35
    endloop
  endfacet
  facet normal 0.27999999999999936 0 0.9600000000000002
    outer loop
      vertex 38.05 100.1 0.35
      vertex 38.05 109.89999999999999 0.35
      vertex 36.849999999999994 109.89999999999999 0.7
    endloop
  endfacet
  facet normal 0 1 0
    outer loop
      vertex 36.849999999999994 109.89999999999999 0.35
      vertex 36.849999999999994 109.89999999999999 0.7
      vertex 38.05 109.89999999999999 0.35
    endloop
  endfacet
  facet normal 0 -1 0
    outer loop
      vertex 36.849999999999994 115.1 0.35
      vertex 37.22714285714285 115.1 0.59
      vertex 36.849999999999994 115.1 0.59
    endloop
  endfacet
  facet normal -1 0 0
    outer loop
      vertex 36.849999999999994 115.1 0.35
      vertex 36.849999999999994 124.89999999999999 0.7
      vertex 36.849999999999994 124.89999999999999 0.35
    endloop
  endfacet
  facet normal -1 0 0
    outer loop
      vertex 36.849999999999994 115.1 0.35
      vertex 36.849999999999994 115.1 0.59
      vertex 36.849999999999994 124.89999999999999 0.7
    endloop
  endfacet
  facet normal -1 0 0
    outer loop
      vertex 36.849999999999994 115.1 0.59
      vertex 36.849999999999994 115.1 0.7
      vertex 36.849999999999994 124.89999999999999 0.7
    endloop
  endfacet
  facet normal 0.2799999999999999 0 0.96
    outer loop
      vertex 36.849999999999994 115.1 0.7
      vertex 37.22714285714285 115.1 0.59
      vertex 36.849999999999994 124.89999999999999 0.7
    endloop
  endfacet
  facet normal 0 -1 0
    outer loop
      vertex 36.849999999999994 115.1 0.35
      vertex 38.05 115.1 0.35
      vertex 37.22714285714285 115.1 0.59
    endloop
  endfacet
  facet normal 0.27999999999999936 1.2688263138573245e-18 0.9600000000000002
    outer loop
      vertex 36.849999999999994 124.89999999999999 0.7
      vertex 38.05 115.1 0.35
      vertex 38.05 124.89999999999999 0.35
    endloop
  endfacet
  facet normal 0.2799999999999991 -3.4575517052611915e-17 0.9600000000000003
    outer loop
      vertex 36.849999999999994 124.89999999999999 0.7
      vertex 37.22714285714285 115.1 0.59
      vertex 38.05 115.1 0.35
    endloop
  endfacet
  facet normal 0 1 0
    outer loop
      vertex 36.849999999999994 124.89999999999999 0.35
      vertex 36.849999999999994 124.89999999999999 0.7
      vertex 38.05 124.89999999999999 0.35
    endloop
  endfacet
  facet normal 0 -1 0
    outer loop
      vertex 36.849999999999994 130.1 0.35
      vertex 37.22714285714285 130.1 0.59
      vertex 36.849999999999994 130.1 0.59
    endloop
  endfacet
  facet normal -1 0 0
    outer loop
      vertex 36.849999999999994 130.1 0.35
      vertex 36.849999999999994 139.9 0.59
      vertex 36.849999999999994 139.9 0.35
    endloop
  endfacet
  facet normal -1 0 0
    outer loop
      vertex 36.849999999999994 130.1 0.35
      vertex 36.849999999999994 130.1 0.59
      vertex 36.849999999999994 139.9 0.7
    endloop
  endfacet
  facet normal -1 0 0
    outer loop
      vertex 36.849999999999994 130.1 0.35
      vertex 36.849999999999994 139.9 0.7
      vertex 36.849999999999994 139.9 0.59
    endloop
  endfacet
  facet normal 0 1 0
    outer loop
      vertex 36.849999999999994 139.9 0.35
      vertex 36.849999999999994 139.9 0.59
      vertex 37.22714285714285 139.9 0.59
    endloop
  endfacet
  facet normal -1 0 0
    outer loop
      vertex 36.849999999999994 130.1 0.59
      vertex 36.849999999999994 130.1 0.7
      vertex 36.849999999999994 139.9 0.7
    endloop
  endfacet
  facet normal 0.27999999999999997 0 0.9600000000000001
    outer loop
      vertex 36.849999999999994 130.1 0.7
      vertex 37.22714285714285 130.1 0.59
      vertex 36.849999999999994 139.9 0.7
    endloop
  endfacet
  facet normal 0 -1 0
    outer loop
      vertex 36.849999999999994 130.1 0.35
      vertex 38.05 130.1 0.35
      vertex 37.22714285714285 130.1 0.59
    endloop
  endfacet
  facet normal 0.27999999999999914 0 0.9600000000000003
    outer loop
      vertex 38.05 130.1 0.35
      vertex 38.05 139.9 0.35
      vertex 37.22714285714285 139.9 0.59
    endloop
  endfacet
  facet normal 0 1 0
    outer loop
      vertex 36.849999999999994 139.9 0.35
      vertex 37.22714285714285 139.9 0.59
      vertex 38.05 139.9 0.35
    endloop
  endfacet
  facet normal 0.27999999999999914 -3.457551705261187e-17 0.9600000000000003
    outer loop
      vertex 36.849999999999994 139.9 0.7
      vertex 37.22714285714285 130.1 0.59
      vertex 38.05 130.1 0.35
    endloop
  endfacet
  facet normal 0.27999999999999997 6.850014268447896e-17 0.9600000000000001
    outer loop
      vertex 36.849999999999994 139.9 0.7
      vertex 38.05 130.1 0.35
      vertex 37.22714285714285 139.9 0.59
    endloop
  endfacet
  facet normal -1 0 0
    outer loop
      vertex 36.849999999999994 145.1 0.35
      vertex 36.849999999999994 154.9 0.59
      vertex 36.849999999999994 154.9 0.35
    endloop
  endfacet
  facet normal 0 -1 0
    outer loop
      vertex 36.849999999999994 145.1 0.35
      vertex 37.22714285714285 145.1 0.59
      vertex 36.849999999999994 145.1 0.59
    endloop
  endfacet
  facet normal -1 0 0
    outer loop
      vertex 36.849999999999994 145.1 0.35
      vertex 36.849999999999994 145.1 0.59
      vertex 36.849999999999994 154.9 0.7
    endloop
  endfacet
  facet normal 0 1 0
    outer loop
      vertex 36.849999999999994 154.9 0.35
      vertex 36.849999999999994 154.9 0.59
      vertex 37.22714285714285 154.9 0.59
    endloop
  endfacet
  facet normal -1 0 0
    outer loop
      vertex 36.849999999999994 145.1 0.35
      vertex 36.849999999999994 154.9 0.7
      vertex 36.849999999999994 154.9 0.59
    endloop
  endfacet
  facet normal -1 0 0
    outer loop
      vertex 36.849999999999994 145.1 0.59
      vertex 36.849999999999994 145.1 0.7
      vertex 36.849999999999994 154.9 0.7
    endloop
  endfacet
  facet normal 0.27999999999999997 0 0.9600000000000001
    outer loop
      vertex 36.849999999999994 145.1 0.7
      vertex 37.22714285714285 145.1 0.59
      vertex 36.849999999999994 154.9 0.7
    endloop
  endfacet
  facet normal 0 -1 0
    outer loop
      vertex 36.849999999999994 145.1 0.35
      vertex 38.05 145.1 0.35
      vertex 37.22714285714285 145.1 0.59
    endloop
  endfacet
  facet normal 0.27999999999999914 0 0.9600000000000003
    outer loop
      vertex 38.05 145.1 0.35
      vertex 38.05 154.9 0.35
      vertex 37.22714285714285 154.9 0.59
    endloop
  endfacet
  facet normal 0 1 0
    outer loop
      vertex 36.849999999999994 154.9 0.35
      vertex 37.22714285714285 154.9 0.59
      vertex 38.05 154.9 0.35
    endloop
  endfacet
  facet normal 0.27999999999999914 -3.457551705261187e-17 0.9600000000000003
    outer loop
      vertex 36.849999999999994 154.9 0.7
      vertex 37.22714285714285 145.1 0.59
      vertex 38.05 145.1 0.35
    endloop
  endfacet
  facet normal 0.27999999999999997 6.850014268447896e-17 0.9600000000000001
    outer loop
      vertex 36.849999999999994 154.9 0.7
      vertex 38.05 145.1 0.35
      vertex 37.22714285714285 154.9 0.59
    endloop
  endfacet
  facet normal -1 0 0
    outer loop
      vertex 36.849999999999994 160.1 0.35
      vertex 36.849999999999994 169.9 0.59
      vertex 36.849999999999994 169.9 0.35
    endloop
  endfacet
  facet normal 0 -1 0
    outer loop
      vertex 36.849999999999994 160.1 0.35
      vertex 37.22714285714285 160.1 0.59
      vertex 36.849999999999994 160.1 0.59
    endloop
  endfacet
  facet normal -1 0 0
    outer loop
      vertex 36.849999999999994 160.1 0.35
      vertex 36.849999999999994 160.1 0.59
      vertex 36.849999999999994 169.9 0.7
    endloop
  endfacet
  facet normal 0 1 0
    outer loop
      vertex 36.849999999999994 169.9 0.35
      vertex 36.849999999999994 169.9 0.59
      vertex 37.22714285714285 169.9 0.59
    endloop
  endfacet
  facet normal -1 0 0
    outer loop
      vertex 36.849999999999994 160.1 0.35
      vertex 36.849999999999994 169.9 0.7
      vertex 36.849999999999994 169.9 0.59
    endloop
  endfacet
  facet normal -1 0 0
    outer loop
      vertex 36.849999999999994 160.1 0.59
      vertex 36.849999999999994 160.1 0.7
      vertex 36.849999999999994 169.9 0.7
    endloop
  endfacet
  facet normal 0.27999999999999997 0 0.9600000000000001
    outer loop
      vertex 36.849999999999994 160.1 0.7
      vertex 37.22714285714285 160.1 0.59
      vertex 36.849999999999994 169.9 0.7
    endloop
  endfacet
  facet normal 0 -1 0
    outer loop
      vertex 36.849999999999994 160.1 0.35
      vertex 38.05 160.1 0.35
      vertex 37.22714285714285 160.1 0.59
    endloop
  endfacet
  facet normal 0.27999999999999914 0 0.9600000000000003
    outer loop
      vertex 38.05 160.1 0.35
      vertex 38.05 169.9 0.35
      vertex 37.22714285714285 169.9 0.59
    endloop
  endfacet
  facet normal 0 1 0
    outer loop
      vertex 36.849999999999994 169.9 0.35
      vertex 37.22714285714285 169.9 0.59
      vertex 38.05 169.9 0.35
    endloop
  endfacet
  facet normal 0.27999999999999914 -3.457551705261187e-17 0.9600000000000003
    outer loop
      vertex 36.849999999999994 169.9 0.7
      vertex 37.22714285714285 160.1 0.59
      vertex 38.05 160.1 0.35
    endloop
  endfacet
  facet normal 0.27999999999999997 6.850014268447896e-17 0.9600000000000001
    outer loop
      vertex 36.849999999999994 169.9 0.7
      vertex 38.05 160.1 0.35
      vertex 37.22714285714285 169.9 0.59
    endloop
  endfacet
  facet normal -1 0 0
    outer loop
      vertex 36.849999999999994 175.1 0.35
      vertex 36.849999999999994 184.9 0.59
      vertex 36.849999999999994 184.9 0.35
    endloop
  endfacet
  facet normal 0 -1 0
    outer loop
      vertex 36.849999999999994 175.1 0.35
      vertex 37.22714285714285 175.1 0.59
      vertex 36.849999999999994 175.1 0.59
    endloop
  endfacet
  facet normal -1 0 0
    outer loop
      vertex 36.849999999999994 175.1 0.35
      vertex 36.849999999999994 175.1 0.59
      vertex 36.849999999999994 184.9 0.7
    endloop
  endfacet
  facet normal -1 0 0
    outer loop
      vertex 36.849999999999994 175.1 0.35
      vertex 36.849999999999994 184.9 0.7
      vertex 36.849999999999994 184.9 0.59
    endloop
  endfacet
  facet normal -1 0 0
    outer loop
      vertex 36.849999999999994 175.1 0.59
      vertex 36.849999999999994 175.1 0.7
      vertex 36.849999999999994 184.9 0.7
    endloop
  endfacet
  facet normal 0.27999999999999997 0 0.9600000000000001
    outer loop
      vertex 36.849999999999994 175.1 0.7
      vertex 37.22714285714285 175.1 0.59
      vertex 36.849999999999994 184.9 0.7
    endloop
  endfacet
  facet normal 0 1 0
    outer loop
      vertex 36.849999999999994 184.9 0.35
      vertex 36.849999999999994 184.9 0.59
      vertex 37.22714285714285 184.9 0.59
    endloop
  endfacet
  facet normal 0 -1 0
    outer loop
      vertex 36.849999999999994 175.1 0.35
      vertex 38.05 175.1 0.35
      vertex 37.22714285714285 175.1 0.59
    endloop
  endfacet
  facet normal 0.27999999999999914 0 0.9600000000000003
    outer loop
      vertex 38.05 175.1 0.35
      vertex 38.05 184.9 0.35
      vertex 37.22714285714285 184.9 0.59
    endloop
  endfacet
  facet normal 0.27999999999999914 -3.457551705261187e-17 0.9600000000000003
    outer loop
      vertex 36.849999999999994 184.9 0.7
      vertex 37.22714285714285 175.1 0.59
      vertex 38.05 175.1 0.35
    endloop
  endfacet
  facet normal 0.27999999999999997 6.850014268447896e-17 0.9600000000000001
    outer loop
      vertex 36.849999999999994 184.9 0.7
      vertex 38.05 175.1 0.35
      vertex 37.22714285714285 184.9 0.59
    endloop
  endfacet
  facet normal 0 1 0
    outer loop
      vertex 36.849999999999994 184.9 0.35
      vertex 37.22714285714285 184.9 0.59
      vertex 38.05 184.9 0.35
    endloop
  endfacet
  facet normal -1 0 0
    outer loop
      vertex 36.849999999999994 190.1 0.35
      vertex 36.849999999999994 199.9 0.59
      vertex 36.849999999999994 199.9 0.35
    endloop
  endfacet
  facet normal 0 -1 0
    outer loop
      vertex 36.849999999999994 190.1 0.35
      vertex 37.22714285714285 190.1 0.59
      vertex 36.849999999999994 190.1 0.59
    endloop
  endfacet
  facet normal -1 0 0
    outer loop
      vertex 36.849999999999994 190.1 0.35
      vertex 36.849999999999994 190.1 0.59
      vertex 36.849999999999994 199.9 0.7
    endloop
  endfacet
  facet normal -1 0 0
    outer loop
      vertex 36.849999999999994 190.1 0.35
      vertex 36.849999999999994 199.9 0.7
      vertex 36.849999999999994 199.9 0.59
    endloop
  endfacet
  facet normal -1 0 0
    outer loop
      vertex 36.849999999999994 190.1 0.59
      vertex 36.849999999999994 190.1 0.7
      vertex 36.849999999999994 199.9 0.7
    endloop
  endfacet
  facet normal 0.27999999999999997 0 0.9600000000000001
    outer loop
      vertex 36.849999999999994 190.1 0.7
      vertex 37.22714285714285 190.1 0.59
      vertex 36.849999999999994 199.9 0.7
    endloop
  endfacet
  facet normal 0 1 0
    outer loop
      vertex 36.849999999999994 199.9 0.35
      vertex 36.849999999999994 199.9 0.59
      vertex 37.22714285714285 199.9 0.59
    endloop
  endfacet
  facet normal 0 -1 0
    outer loop
      vertex 36.849999999999994 190.1 0.35
      vertex 38.05 190.1 0.35
      vertex 37.22714285714285 190.1 0.59
    endloop
  endfacet
  facet normal 0.27999999999999914 0 0.9600000000000003
    outer loop
      vertex 38.05 190.1 0.35
      vertex 38.05 199.9 0.35
      vertex 37.22714285714285 199.9 0.59
    endloop
  endfacet
  facet normal 0 1 0
    outer loop
      vertex 36.849999999999994 199.9 0.35
      vertex 37.22714285714285 199.9 0.59
      vertex 38.05 199.9 0.35
    endloop
  endfacet
  facet normal 0.27999999999999914 -3.457551705261187e-17 0.9600000000000003
    outer loop
      vertex 36.849999999999994 199.9 0.7
      vertex 37.22714285714285 190.1 0.59
      vertex 38.05 190.1 0.35
    endloop
  endfacet
  facet normal 0.27999999999999997 6.850014268447896e-17 0.9600000000000001
    outer loop
      vertex 36.849999999999994 199.9 0.7
      vertex 38.05 190.1 0.35
      vertex 37.22714285714285 199.9 0.59
    endloop
  endfacet
  facet normal 1 0 0
    outer loop
      vertex 12.25 2 0.6
      vertex 12.25 7.5 1.2999999999999998
      vertex 12.25 2 3.45
    endloop
  endfacet
  facet normal 1 0 0
    outer loop
      vertex 12.25 10.1 1.2999999999999998
      vertex 12.25 2 3.45
      vertex 12.25 7.5 1.2999999999999998
    endloop
  endfacet
  facet normal 1 0 0
    outer loop
      vertex 12.25 10.1 1.2999999999999998
      vertex 12.25 19.9 1.2999999999999998
      vertex 12.25 2 3.45
    endloop
  endfacet
  facet normal 1 0 0
    outer loop
      vertex 12.25 19.9 1.2999999999999998
      vertex 12.25 22.5 1.2999999999999998
      vertex 12.25 2 3.45
    endloop
  endfacet
  facet normal 1 0 0
    outer loop
      vertex 12.25 22.5 1.2999999999999998
      vertex 12.25 25.1 1.2999999999999998
      vertex 12.25 2 3.45
    endloop
  endfacet
  facet normal 1 0 0
    outer loop
      vertex 12.25 25.1 1.2999999999999998
      vertex 12.25 34.9 1.2999999999999998
      vertex 12.25 2 3.45
    endloop
  endfacet
  facet normal 1 0 0
    outer loop
      vertex 12.25 34.9 1.2999999999999998
      vertex 12.25 37.5 1.2999999999999998
      vertex 12.25 2 3.45
    endloop
  endfacet
  facet normal 1 0 0
    outer loop
      vertex 12.25 37.5 1.2999999999999998
      vertex 12.25 40.1 1.2999999999999998
      vertex 12.25 2 3.45
    endloop
  endfacet
  facet normal 1 0 0
    outer loop
      vertex 12.25 40.1 1.2999999999999998
      vertex 12.25 49.9 1.2999999999999998
      vertex 12.25 2 3.45
    endloop
  endfacet
  facet normal 1 0 0
    outer loop
      vertex 12.25 49.9 1.2999999999999998
      vertex 12.25 52.5 1.2999999999999998
      vertex 12.25 2 3.45
    endloop
  endfacet
  facet normal 1 0 0
    outer loop
      vertex 12.25 52.5 1.2999999999999998
      vertex 12.25 55.1 1.2999999999999998
      vertex 12.25 2 3.45
    endloop
  endfacet
  facet normal 1 0 0
    outer loop
      vertex 12.25 55.1 1.2999999999999998
      vertex 12.25 64.9 1.2999999999999998
      vertex 12.25 2 3.45
    endloop
  endfacet
  facet normal 1 0 0
    outer loop
      vertex 12.25 64.9 1.2999999999999998
      vertex 12.25 67.5 1.2999999999999998
      vertex 12.25 2 3.45
    endloop
  endfacet
  facet normal 1 0 0
    outer loop
      vertex 12.25 67.5 1.2999999999999998
      vertex 12.25 70.1 1.2999999999999998
      vertex 12.25 2 3.45
    endloop
  endfacet
  facet normal 1 0 0
    outer loop
      vertex 12.25 70.1 1.2999999999999998
      vertex 12.25 79.9 1.2999999999999998
      vertex 12.25 2 3.45
    endloop
  endfacet
  facet normal 1 0 0
    outer loop
      vertex 12.25 79.9 1.2999999999999998
      vertex 12.25 82.5 1.2999999999999998
      vertex 12.25 2 3.45
    endloop
  endfacet
  facet normal 1 0 0
    outer loop
      vertex 12.25 82.5 1.2999999999999998
      vertex 12.25 85.1 1.2999999999999998
      vertex 12.25 2 3.45
    endloop
  endfacet
  facet normal 1 0 0
    outer loop
      vertex 12.25 85.1 1.2999999999999998
      vertex 12.25 94.9 1.2999999999999998
      vertex 12.25 2 3.45
    endloop
  endfacet
  facet normal 1 0 0
    outer loop
      vertex 12.25 94.9 1.2999999999999998
      vertex 12.25 97.5 1.2999999999999998
      vertex 12.25 2 3.45
    endloop
  endfacet
  facet normal 1 0 0
    outer loop
      vertex 12.25 97.5 1.2999999999999998
      vertex 12.25 100.1 1.2999999999999998
      vertex 12.25 2 3.45
    endloop
  endfacet
  facet normal 1 0 0
    outer loop
      vertex 12.25 100.1 1.2999999999999998
      vertex 12.25 109.9 1.2999999999999998
      vertex 12.25 2 3.45
    endloop
  endfacet
  facet normal 1 0 0
    outer loop
      vertex 12.25 109.9 1.2999999999999998
      vertex 12.25 112.5 1.2999999999999998
      vertex 12.25 2 3.45
    endloop
  endfacet
  facet normal 1 0 0
    outer loop
      vertex 12.25 112.5 1.2999999999999998
      vertex 12.25 115.1 1.2999999999999998
      vertex 12.25 2 3.45
    endloop
  endfacet
  facet normal 1 0 0
    outer loop
      vertex 12.25 115.1 1.2999999999999998
      vertex 12.25 124.9 1.2999999999999998
      vertex 12.25 2 3.45
    endloop
  endfacet
  facet normal 1 0 0
    outer loop
      vertex 12.25 124.9 1.2999999999999998
      vertex 12.25 127.5 1.2999999999999998
      vertex 12.25 2 3.45
    endloop
  endfacet
  facet normal 1 0 0
    outer loop
      vertex 12.25 127.5 1.2999999999999998
      vertex 12.25 130.1 1.2999999999999998
      vertex 12.25 2 3.45
    endloop
  endfacet
  facet normal 1 0 0
    outer loop
      vertex 12.25 130.1 1.2999999999999998
      vertex 12.25 139.9 1.2999999999999998
      vertex 12.25 2 3.45
    endloop
  endfacet
  facet normal 1 0 0
    outer loop
      vertex 12.25 139.9 1.2999999999999998
      vertex 12.25 142.5 1.2999999999999998
      vertex 12.25 2 3.45
    endloop
  endfacet
  facet normal 1 0 0
    outer loop
      vertex 12.25 142.5 1.2999999999999998
      vertex 12.25 145.1 1.2999999999999998
      vertex 12.25 2 3.45
    endloop
  endfacet
  facet normal 1 0 0
    outer loop
      vertex 12.25 145.1 1.2999999999999998
      vertex 12.25 154.9 1.2999999999999998
      vertex 12.25 2 3.45
    endloop
  endfacet
  facet normal 1 0 0
    outer loop
      vertex 12.25 154.9 1.2999999999999998
      vertex 12.25 157.5 1.2999999999999998
      vertex 12.25 2 3.45
    endloop
  endfacet
  facet normal 0 0 1
    outer loop
      vertex 12.230991523246853 1.9958900590804007 3.45
      vertex 12.25 2 3.45
      vertex 10.264960020634511 208.42919783337632 3.45
    endloop
  endfacet
  facet normal 1 0 0
    outer loop
      vertex 12.25 2 3.45
      vertex 12.25 157.5 1.2999999999999998
      vertex 12.25 160.1 1.2999999999999998
    endloop
  endfacet
  facet normal 1 0 0
    outer loop
      vertex 12.25 2 3.45
      vertex 12.25 160.1 1.2999999999999998
      vertex 12.25 169.9 1.2999999999999998
    endloop
  endfacet
  facet normal 1 0 0
    outer loop
      vertex 12.25 2 3.45
      vertex 12.25 169.9 1.2999999999999998
      vertex 12.25 172.5 1.2999999999999998
    endloop
  endfacet
  facet normal 1 0 0
    outer loop
      vertex 12.25 2 3.45
      vertex 12.25 172.5 1.2999999999999998
      vertex 12.25 175.1 1.2999999999999998
    endloop
  endfacet
  facet normal 1 0 0
    outer loop
      vertex 12.25 2 3.45
      vertex 12.25 175.1 1.2999999999999998
      vertex 12.25 184.9 1.2999999999999998
    endloop
  endfacet
  facet normal 1 0 0
    outer loop
      vertex 12.25 2 3.45
      vertex 12.25 184.9 1.2999999999999998
      vertex 12.25 187.5 1.2999999999999998
    endloop
  endfacet
  facet normal 1 0 0
    outer loop
      vertex 12.25 2 3.45
      vertex 12.25 187.5 1.2999999999999998
      vertex 12.25 190.1 1.2999999999999998
    endloop
  endfacet
  facet normal 1 0 0
    outer loop
      vertex 12.25 2 3.45
      vertex 12.25 190.1 1.2999999999999998
      vertex 12.25 199.9 1.2999999999999998
    endloop
  endfacet
  facet normal 1 0 0
    outer loop
      vertex 12.25 2 3.45
      vertex 12.25 199.9 1.2999999999999998
      vertex 12.25 202.5 1.2999999999999998
    endloop
  endfacet
  facet normal 1 0 0
    outer loop
      vertex 12.25 2 3.45
      vertex 12.25 202.5 1.2999999999999998
      vertex 12.25 208 3.45
    endloop
  endfacet
  facet normal 0 0 1
    outer loop
      vertex 10.264960020634511 208.42919783337632 3.45
      vertex 12.25 2 3.45
      vertex 12.25 208 3.45
    endloop
  endfacet
  facet normal 1 0 0
    outer loop
      vertex 12.25 208 3.45
      vertex 12.25 202.5 1.2999999999999998
      vertex 12.25 208 0.6
    endloop
  endfacet
endsolid OpenSCAD_Model
