solid OpenSCAD_Model
  facet normal 0 0 1
    outer loop
      vertex 12.25 2 0.6
      vertex 33.46 5.8 0.6
      vertex 12.25 5.8 0.6
    endloop
  endfacet
  facet normal 0 0 1
    outer loop
      vertex 33.46 6.6 0.6
      vertex 33.46 16.4 0.6
      vertex 12.25 6.6 0.6
    endloop
  endfacet
  facet normal 0 0 1
    outer loop
      vertex 12.25 16.4 0.6
      vertex 12.25 6.6 0.6
      vertex 33.46 16.4 0.6
    endloop
  endfacet
  facet normal 0 0 1
    outer loop
      vertex 12.25 17.6 0.6
      vertex 33.46 17.6 0.6
      vertex 12.25 27.400000000000002 0.6
    endloop
  endfacet
  facet normal 0 0 1
    outer loop
      vertex 12.25 27.400000000000002 0.6
      vertex 33.46 17.6 0.6
      vertex 33.46 27.400000000000002 0.6
    endloop
  endfacet
  facet normal 0 0 1
    outer loop
      vertex 33.46 6.6 0.6
      vertex 40.05 17.419999999999998 0.6
      vertex 33.46 16.4 0.6
    endloop
  endfacet
  facet normal 0 0 1
    outer loop
      vertex 33.46 16.4 0.6
      vertex 40.05 17.419999999999998 0.6
      vertex 33.46 16.8 0.6
    endloop
  endfacet
  facet normal 0 0 1
    outer loop
      vertex 33.46 16.8 0.6
      vertex 40.05 17.419999999999998 0.6
      vertex 33.46 17.2 0.6
    endloop
  endfacet
  facet normal 0 0 1
    outer loop
      vertex 33.46 17.2 0.6
      vertex 40.05 17.419999999999998 0.6
      vertex 33.46 17.6 0.6
    endloop
  endfacet
  facet normal 0 0 1
    outer loop
      vertex 33.46 17.6 0.6
      vertex 40.05 27.58 0.6
      vertex 33.46 27.400000000000002 0.6
    endloop
  endfacet
  facet normal 0 0 1
    outer loop
      vertex 12.25 28.6 0.6
      vertex 33.46 28.6 0.6
      vertex 12.25 38.400000000000006 0.6
    endloop
  endfacet
  facet normal 0 0 1
    outer loop
      vertex 12.25 38.400000000000006 0.6
      vertex 33.46 28.6 0.6
      vertex 33.46 38.400000000000006 0.6
    endloop
  endfacet
  facet normal 0 0 1
    outer loop
      vertex 12.25 39.599999999999994 0.6
      vertex 33.46 49.4 0.6
      vertex 12.25 49.4 0.6
    endloop
  endfacet
  facet normal 0 0 1
    outer loop
      vertex 12.25 39.599999999999994 0.6
      vertex 33.46 39.599999999999994 0.6
      vertex 33.46 49.4 0.6
    endloop
  endfacet
  facet normal 0 0 1
    outer loop
      vertex 33.46 27.400000000000002 0.6
      vertex 40.05 27.58 0.6
      vertex 33.46 27.8 0.6
    endloop
  endfacet
  facet normal 0 0 1
    outer loop
      vertex 33.46 27.8 0.6
      vertex 40.05 27.58 0.6
      vertex 33.46 28.200000000000003 0.6
    endloop
  endfacet
  facet normal 0 0 1
    outer loop
      vertex 33.46 28.200000000000003 0.6
      vertex 40.05 28.419999999999998 0.6
      vertex 33.46 28.6 0.6
    endloop
  endfacet
  facet normal 0 0 1
    outer loop
      vertex 33.46 28.6 0.6
      vertex 40.05 39.42 0.6
      vertex 33.46 38.400000000000006 0.6
    endloop
  endfacet
  facet normal 0 0 1
    outer loop
      vertex 33.46 38.400000000000006 0.6
      vertex 40.05 39.42 0.6
      vertex 33.46 38.8 0.6
    endloop
  endfacet
  facet normal 0 0 1
    outer loop
      vertex 33.46 38.8 0.6
      vertex 40.05 39.42 0.6
      vertex 33.46 39.2 0.6
    endloop
  endfacet
  facet normal 0 0 1
    outer loop
      vertex 33.46 39.2 0.6
      vertex 40.05 39.42 0.6
      vertex 33.46 39.599999999999994 0.6
    endloop
  endfacet
  facet normal 0 0 1
    outer loop
      vertex 33.46 39.599999999999994 0.6
      vertex 40.05 50.42 0.6
      vertex 33.46 49.4 0.6
    endloop
  endfacet
  facet normal 0 0 1
    outer loop
      vertex 33.46 49.4 0.6
      vertex 40.05 50.42 0.6
      vertex 33.46 49.8 0.6
    endloop
  endfacet
  facet normal 0 0 1
    outer loop
      vertex 33.46 49.8 0.6
      vertex 40.05 50.42 0.6
      vertex 33.46 50.199999999999996 0.6
    endloop
  endfacet
  facet normal 0 0 1
    outer loop
      vertex 33.46 50.199999999999996 0.6
      vertex 40.05 50.42 0.6
      vertex 33.46 50.599999999999994 0.6
    endloop
  endfacet
  facet normal 0 0 1
    outer loop
      vertex 12.25 50.599999999999994 0.6
      vertex 33.46 60.4 0.6
      vertex 12.25 60.4 0.6
    endloop
  endfacet
  facet normal 0 0 1
    outer loop
      vertex 12.25 50.599999999999994 0.6
      vertex 33.46 50.599999999999994 0.6
      vertex 33.46 60.4 0.6
    endloop
  endfacet
  facet normal 0 0 1
    outer loop
      vertex 12.25 61.599999999999994 0.6
      vertex 33.46 61.599999999999994 0.6
      vertex 33.46 71.4 0.6
    endloop
  endfacet
  facet normal 0 0 1
    outer loop
      vertex 12.25 61.599999999999994 0.6
      vertex 33.46 71.4 0.6
      vertex 12.25 71.4 0.6
    endloop
  endfacet
  facet normal 0 0 1
    outer loop
      vertex 12.25 72.6 0.6
      vertex 33.46 72.6 0.6
      vertex 33.46 82.4 0.6
    endloop
  endfacet
  facet normal 0 0 1
    outer loop
      vertex 33.46 50.599999999999994 0.6
      vertex 40.05 61.42 0.6
      vertex 33.46 60.4 0.6
    endloop
  endfacet
  facet normal 0 0 1
    outer loop
      vertex 33.46 60.4 0.6
      vertex 40.05 61.42 0.6
      vertex 33.46 60.8 0.6
    endloop
  endfacet
  facet normal 0 0 1
    outer loop
      vertex 33.46 60.8 0.6
      vertex 40.05 61.42 0.6
      vertex 33.46 61.199999999999996 0.6
    endloop
  endfacet
  facet normal 0 0 1
    outer loop
      vertex 33.46 61.199999999999996 0.6
      vertex 40.05 61.42 0.6
      vertex 33.46 61.599999999999994 0.6
    endloop
  endfacet
  facet normal 0 0 1
    outer loop
      vertex 33.46 61.599999999999994 0.6
      vertex 40.05 72.42 0.6
      vertex 33.46 71.4 0.6
    endloop
  endfacet
  facet normal 0 0 1
    outer loop
      vertex 33.46 71.4 0.6
      vertex 40.05 72.42 0.6
      vertex 33.46 71.8 0.6
    endloop
  endfacet
  facet normal 0 0 1
    outer loop
      vertex 33.46 71.8 0.6
      vertex 40.05 72.42 0.6
      vertex 33.46 72.2 0.6
    endloop
  endfacet
  facet normal 0 0 1
    outer loop
      vertex 33.46 72.2 0.6
      vertex 40.05 72.42 0.6
      vertex 33.46 72.6 0.6
    endloop
  endfacet
  facet normal 0 0 1
    outer loop
      vertex 12.25 72.6 0.6
      vertex 33.46 82.4 0.6
      vertex 12.25 82.4 0.6
    endloop
  endfacet
  facet normal 0 0 1
    outer loop
      vertex 12.25 83.6 0.6
      vertex 33.46 93.4 0.6
      vertex 12.25 93.4 0.6
    endloop
  endfacet
  facet normal 0 0 1
    outer loop
      vertex 12.25 83.6 0.6
      vertex 33.46 83.6 0.6
      vertex 33.46 93.4 0.6
    endloop
  endfacet
  facet normal 0 0 1
    outer loop
      vertex 12.25 94.6 0.6
      vertex 33.46 104.4 0.6
      vertex 12.25 104.4 0.6
    endloop
  endfacet
  facet normal 0 0 1
    outer loop
      vertex 12.25 94.6 0.6
      vertex 33.46 94.6 0.6
      vertex 33.46 104.4 0.6
    endloop
  endfacet
  facet normal 0 0 1
    outer loop
      vertex 33.46 72.6 0.6
      vertex 40.05 83.42 0.6
      vertex 33.46 82.4 0.6
    endloop
  endfacet
  facet normal 0 0 1
    outer loop
      vertex 33.46 82.4 0.6
      vertex 40.05 83.42 0.6
      vertex 33.46 82.8 0.6
    endloop
  endfacet
  facet normal 0 0 1
    outer loop
      vertex 33.46 82.8 0.6
      vertex 40.05 83.42 0.6
      vertex 33.46 83.2 0.6
    endloop
  endfacet
  facet normal 0 0 1
    outer loop
      vertex 33.46 83.2 0.6
      vertex 40.05 83.42 0.6
      vertex 33.46 83.6 0.6
    endloop
  endfacet
  facet normal 0 0 1
    outer loop
      vertex 33.46 83.6 0.6
      vertex 40.05 94.42 0.6
      vertex 33.46 93.4 0.6
    endloop
  endfacet
  facet normal 0 0 1
    outer loop
      vertex 33.46 93.4 0.6
      vertex 40.05 94.42 0.6
      vertex 33.46 93.8 0.6
    endloop
  endfacet
  facet normal 0 0 1
    outer loop
      vertex 33.46 93.8 0.6
      vertex 40.05 94.42 0.6
      vertex 33.46 94.2 0.6
    endloop
  endfacet
  facet normal 0 0 1
    outer loop
      vertex 33.46 94.2 0.6
      vertex 40.05 94.42 0.6
      vertex 33.46 94.6 0.6
    endloop
  endfacet
  facet normal 0 0 1
    outer loop
      vertex 33.46 94.6 0.6
      vertex 40.05 105.42 0.6
      vertex 33.46 104.4 0.6
    endloop
  endfacet
  facet normal 0 0 1
    outer loop
      vertex 33.46 104.4 0.6
      vertex 40.05 105.42 0.6
      vertex 33.46 104.8 0.6
    endloop
  endfacet
  facet normal 0 0 1
    outer loop
      vertex 33.46 6.6 0.6
      vertex 40.05 6.4 0.6
      vertex 40.05 16.58 0.6
    endloop
  endfacet
  facet normal 0 0 1
    outer loop
      vertex 41.25 7.2 0.6
      vertex 47.25 15.8 0.6
      vertex 41.25 15.8 0.6
    endloop
  endfacet
  facet normal 0 0 1
    outer loop
      vertex 41.25 7.2 0.6
      vertex 47.25 7.2 0.6
      vertex 47.25 15.8 0.6
    endloop
  endfacet
  facet normal 0 0 1
    outer loop
      vertex 33.46 6.6 0.6
      vertex 40.05 16.58 0.6
      vertex 40.05 16.58407766990291 0.6
    endloop
  endfacet
  facet normal 0 0 1
    outer loop
      vertex 33.46 6.6 0.6
      vertex 40.05 16.58407766990291 0.6
      vertex 40.05 17.419999999999998 0.6
    endloop
  endfacet
  facet normal 0 0 1
    outer loop
      vertex 33.46 17.6 0.6
      vertex 40.05 17.419999999999998 0.6
      vertex 40.05 27.58 0.6
    endloop
  endfacet
  facet normal 0 0 1
    outer loop
      vertex 41.25 18.2 0.6
      vertex 47.25 26.799999999999997 0.6
      vertex 41.25 26.799999999999997 0.6
    endloop
  endfacet
  facet normal 0 0 1
    outer loop
      vertex 41.25 18.2 0.6
      vertex 47.25 18.2 0.6
      vertex 47.25 26.799999999999997 0.6
    endloop
  endfacet
  facet normal 0 0 1
    outer loop
      vertex 33.46 28.200000000000003 0.6
      vertex 40.05 27.58 0.6
      vertex 40.05 28.419999999999998 0.6
    endloop
  endfacet
  facet normal 0 0 1
    outer loop
      vertex 33.46 28.6 0.6
      vertex 40.05 28.419999999999998 0.6
      vertex 40.05 38.58 0.6
    endloop
  endfacet
  facet normal 0 0 1
    outer loop
      vertex 33.46 28.6 0.6
      vertex 40.05 38.58 0.6
      vertex 40.05 38.58407766990291 0.6
    endloop
  endfacet
  facet normal 0 0 1
    outer loop
      vertex 33.46 28.6 0.6
      vertex 40.05 38.58407766990291 0.6
      vertex 40.05 39.42 0.6
    endloop
  endfacet
  facet normal 0 0 1
    outer loop
      vertex 41.25 29.2 0.6
      vertex 47.25 29.2 0.6
      vertex 47.25 37.8 0.6
    endloop
  endfacet
  facet normal 0 0 1
    outer loop
      vertex 41.25 29.2 0.6
      vertex 47.25 37.8 0.6
      vertex 41.25 37.8 0.6
    endloop
  endfacet
  facet normal 0 0 1
    outer loop
      vertex 33.46 39.599999999999994 0.6
      vertex 40.05 39.42 0.6
      vertex 40.05 49.58 0.6
    endloop
  endfacet
  facet normal 0 0 1
    outer loop
      vertex 33.46 39.599999999999994 0.6
      vertex 40.05 49.58 0.6
      vertex 40.05 49.58407766990291 0.6
    endloop
  endfacet
  facet normal 0 0 1
    outer loop
      vertex 33.46 39.599999999999994 0.6
      vertex 40.05 49.58407766990291 0.6
      vertex 40.05 50.42 0.6
    endloop
  endfacet
  facet normal 0 0 1
    outer loop
      vertex 41.25 40.199999999999996 0.6
      vertex 47.25 48.8 0.6
      vertex 41.25 48.8 0.6
    endloop
  endfacet
  facet normal 0 0 1
    outer loop
      vertex 41.25 40.199999999999996 0.6
      vertex 47.25 40.199999999999996 0.6
      vertex 47.25 48.8 0.6
    endloop
  endfacet
  facet normal 0 0 1
    outer loop
      vertex 12.25 2 0.6
      vertex 145 2 0.6
      vertex 33.46 5.8 0.6
    endloop
  endfacet
  facet normal 0 0 1
    outer loop
      vertex 33.46 5.8 0.6
      vertex 145 2 0.6
      vertex 33.46 6.6 0.6
    endloop
  endfacet
  facet normal 0 0 1
    outer loop
      vertex 33.46 6.6 0.6
      vertex 145 2 0.6
      vertex 40.05 6.4 0.6
    endloop
  endfacet
  facet normal 0 1 0
    outer loop
      vertex 145 2 0.6
      vertex 12.25 2 0.6
      vertex 12.25 2 3.45
    endloop
  endfacet
  facet normal 0 0 1
    outer loop
      vertex 33.46 50.599999999999994 0.6
      vertex 40.05 50.42 0.6
      vertex 40.05 60.58 0.6
    endloop
  endfacet
  facet normal 0 0 1
    outer loop
      vertex 33.46 50.599999999999994 0.6
      vertex 40.05 60.58 0.6
      vertex 40.05 60.58407766990291 0.6
    endloop
  endfacet
  facet normal 0 0 1
    outer loop
      vertex 33.46 50.599999999999994 0.6
      vertex 40.05 60.58407766990291 0.6
      vertex 40.05 61.42 0.6
    endloop
  endfacet
  facet normal 0 0 1
    outer loop
      vertex 33.46 61.599999999999994 0.6
      vertex 40.05 61.42 0.6
      vertex 40.05 71.58 0.6
    endloop
  endfacet
  facet normal 0 0 1
    outer loop
      vertex 41.25 51.199999999999996 0.6
      vertex 47.25 59.8 0.6
      vertex 41.25 59.8 0.6
    endloop
  endfacet
  facet normal 0 0 1
    outer loop
      vertex 41.25 51.199999999999996 0.6
      vertex 47.25 51.199999999999996 0.6
      vertex 47.25 59.8 0.6
    endloop
  endfacet
  facet normal 0 0 1
    outer loop
      vertex 41.25 62.199999999999996 0.6
      vertex 47.25 62.199999999999996 0.6
      vertex 47.25 70.8 0.6
    endloop
  endfacet
  facet normal 0 0 1
    outer loop
      vertex 33.46 61.599999999999994 0.6
      vertex 40.05 71.58 0.6
      vertex 40.05 71.58407766990291 0.6
    endloop
  endfacet
  facet normal 0 0 1
    outer loop
      vertex 33.46 61.599999999999994 0.6
      vertex 40.05 71.58407766990291 0.6
      vertex 40.05 72.42 0.6
    endloop
  endfacet
  facet normal 0 0 1
    outer loop
      vertex 33.46 72.6 0.6
      vertex 40.05 72.42 0.6
      vertex 40.05 82.58 0.6
    endloop
  endfacet
  facet normal 0 0 1
    outer loop
      vertex 41.25 62.199999999999996 0.6
      vertex 47.25 70.8 0.6
      vertex 41.25 70.8 0.6
    endloop
  endfacet
  facet normal 0 0 1
    outer loop
      vertex 41.25 73.2 0.6
      vertex 47.25 73.2 0.6
      vertex 47.25 81.80000000000001 0.6
    endloop
  endfacet
  facet normal 0 0 1
    outer loop
      vertex 33.46 72.6 0.6
      vertex 40.05 82.58 0.6
      vertex 40.05 83.42 0.6
    endloop
  endfacet
  facet normal 0 0 1
    outer loop
      vertex 33.46 83.6 0.6
      vertex 40.05 83.42 0.6
      vertex 40.05 93.58 0.6
    endloop
  endfacet
  facet normal 0 0 1
    outer loop
      vertex 33.46 83.6 0.6
      vertex 40.05 93.58 0.6
      vertex 40.05 94.42 0.6
    endloop
  endfacet
  facet normal 0 0 1
    outer loop
      vertex 41.25 73.2 0.6
      vertex 47.25 81.80000000000001 0.6
      vertex 41.25 81.80000000000001 0.6
    endloop
  endfacet
  facet normal 0 0 1
    outer loop
      vertex 41.25 84.2 0.6
      vertex 47.25 92.80000000000001 0.6
      vertex 41.25 92.80000000000001 0.6
    endloop
  endfacet
  facet normal 0 0 1
    outer loop
      vertex 41.25 84.2 0.6
      vertex 47.25 84.2 0.6
      vertex 47.25 92.80000000000001 0.6
    endloop
  endfacet
  facet normal 0 0 1
    outer loop
      vertex 33.46 94.6 0.6
      vertex 40.05 94.42 0.6
      vertex 40.05 104.58 0.6
    endloop
  endfacet
  facet normal 0 0 1
    outer loop
      vertex 33.46 94.6 0.6
      vertex 40.05 104.58 0.6
      vertex 40.05 105.42 0.6
    endloop
  endfacet
  facet normal 0 0 1
    outer loop
      vertex 41.25 95.2 0.6
      vertex 47.25 95.2 0.6
      vertex 47.25 103.80000000000001 0.6
    endloop
  endfacet
  facet normal 0 0 1
    outer loop
      vertex 41.25 95.2 0.6
      vertex 47.25 103.80000000000001 0.6
      vertex 41.25 103.80000000000001 0.6
    endloop
  endfacet
  facet normal 0 0 1
    outer loop
      vertex 12.25 105.6 0.6
      vertex 33.46 115.4 0.6
      vertex 12.25 115.4 0.6
    endloop
  endfacet
  facet normal 0 0 1
    outer loop
      vertex 12.25 105.6 0.6
      vertex 33.46 105.6 0.6
      vertex 33.46 115.4 0.6
    endloop
  endfacet
  facet normal 0 0 1
    outer loop
      vertex 12.25 116.6 0.6
      vertex 33.46 126.4 0.6
      vertex 12.25 126.4 0.6
    endloop
  endfacet
  facet normal 0 0 1
    outer loop
      vertex 12.25 116.6 0.6
      vertex 33.46 116.6 0.6
      vertex 33.46 126.4 0.6
    endloop
  endfacet
  facet normal 0 0 1
    outer loop
      vertex 33.46 127.6 0.6
      vertex 33.46 137.39999999999998 0.6
      vertex 12.25 127.6 0.6
    endloop
  endfacet
  facet normal 0 0 1
    outer loop
      vertex 33.46 104.8 0.6
      vertex 40.05 105.42 0.6
      vertex 33.46 105.6 0.6
    endloop
  endfacet
  facet normal 0 0 1
    outer loop
      vertex 33.46 105.6 0.6
      vertex 40.05 116.42 0.6
      vertex 33.46 115.4 0.6
    endloop
  endfacet
  facet normal 0 0 1
    outer loop
      vertex 33.46 115.4 0.6
      vertex 40.05 116.42 0.6
      vertex 33.46 115.8 0.6
    endloop
  endfacet
  facet normal 0 0 1
    outer loop
      vertex 33.46 115.8 0.6
      vertex 40.05 116.42 0.6
      vertex 33.46 116.2 0.6
    endloop
  endfacet
  facet normal 0 0 1
    outer loop
      vertex 33.46 116.2 0.6
      vertex 40.05 116.42 0.6
      vertex 33.46 116.6 0.6
    endloop
  endfacet
  facet normal 0 0 1
    outer loop
      vertex 33.46 116.6 0.6
      vertex 40.05 126.58 0.6
      vertex 33.46 126.4 0.6
    endloop
  endfacet
  facet normal 0 0 1
    outer loop
      vertex 33.46 126.4 0.6
      vertex 40.05 126.58 0.6
      vertex 33.46 126.8 0.6
    endloop
  endfacet
  facet normal 0 0 1
    outer loop
      vertex 33.46 126.8 0.6
      vertex 40.05 126.58 0.6
      vertex 33.46 127.2 0.6
    endloop
  endfacet
  facet normal 0 0 1
    outer loop
      vertex 33.46 127.2 0.6
      vertex 40.05 127.42 0.6
      vertex 33.46 127.6 0.6
    endloop
  endfacet
  facet normal 0 0 1
    outer loop
      vertex 12.25 137.39999999999998 0.6
      vertex 12.25 127.6 0.6
      vertex 33.46 137.39999999999998 0.6
    endloop
  endfacet
  facet normal 0 0 1
    outer loop
      vertex 12.25 148.4 0.6
      vertex 12.25 138.60000000000002 0.6
      vertex 33.46 138.60000000000002 0.6
    endloop
  endfacet
  facet normal 0 0 1
    outer loop
      vertex 33.46 149.60000000000002 0.6
      vertex 12.25 159.4 0.6
      vertex 12.25 149.60000000000002 0.6
    endloop
  endfacet
  facet normal 0 0 1
    outer loop
      vertex 12.25 148.4 0.6
      vertex 33.46 138.60000000000002 0.6
      vertex 33.46 148.4 0.6
    endloop
  endfacet
  facet normal 0 0 1
    outer loop
      vertex 33.46 149.60000000000002 0.6
      vertex 33.46 159.4 0.6
      vertex 12.25 159.4 0.6
    endloop
  endfacet
  facet normal 0 0 1
    outer loop
      vertex 33.46 127.6 0.6
      vertex 40.05 138.42000000000002 0.6
      vertex 33.46 137.39999999999998 0.6
    endloop
  endfacet
  facet normal 0 0 1
    outer loop
      vertex 33.46 137.39999999999998 0.6
      vertex 40.05 138.42000000000002 0.6
      vertex 33.46 138.2 0.6
    endloop
  endfacet
  facet normal 0 0 1
    outer loop
      vertex 33.46 138.2 0.6
      vertex 40.05 138.42000000000002 0.6
      vertex 33.46 138.60000000000002 0.6
    endloop
  endfacet
  facet normal 0 0 1
    outer loop
      vertex 33.46 138.60000000000002 0.6
      vertex 40.05 149.42000000000002 0.6
      vertex 33.46 148.4 0.6
    endloop
  endfacet
  facet normal 0 0 1
    outer loop
      vertex 33.46 148.4 0.6
      vertex 40.05 149.42000000000002 0.6
      vertex 33.46 148.8 0.6
    endloop
  endfacet
  facet normal 0 0 1
    outer loop
      vertex 33.46 148.8 0.6
      vertex 40.05 149.42000000000002 0.6
      vertex 33.46 149.20000000000002 0.6
    endloop
  endfacet
  facet normal 0 0 1
    outer loop
      vertex 33.46 149.20000000000002 0.6
      vertex 40.05 149.42000000000002 0.6
      vertex 33.46 149.60000000000002 0.6
    endloop
  endfacet
  facet normal 0 0 1
    outer loop
      vertex 33.46 149.60000000000002 0.6
      vertex 40.05 160.42000000000002 0.6
      vertex 33.46 159.4 0.6
    endloop
  endfacet
  facet normal 0 0 1
    outer loop
      vertex 12.25 170.4 0.6
      vertex 12.25 160.60000000000002 0.6
      vertex 33.46 160.60000000000002 0.6
    endloop
  endfacet
  facet normal 0 0 1
    outer loop
      vertex 12.25 170.4 0.6
      vertex 33.46 160.60000000000002 0.6
      vertex 33.46 170.4 0.6
    endloop
  endfacet
  facet normal 0 0 1
    outer loop
      vertex 12.25 181.4 0.6
      vertex 12.25 171.60000000000002 0.6
      vertex 33.46 181.4 0.6
    endloop
  endfacet
  facet normal 0 0 1
    outer loop
      vertex 33.46 171.60000000000002 0.6
      vertex 33.46 181.4 0.6
      vertex 12.25 171.60000000000002 0.6
    endloop
  endfacet
  facet normal 0 0 1
    outer loop
      vertex 33.46 159.4 0.6
      vertex 40.05 160.42000000000002 0.6
      vertex 33.46 160.20000000000002 0.6
    endloop
  endfacet
  facet normal 0 0 1
    outer loop
      vertex 33.46 160.20000000000002 0.6
      vertex 40.05 160.42000000000002 0.6
      vertex 33.46 160.60000000000002 0.6
    endloop
  endfacet
  facet normal 0 0 1
    outer loop
      vertex 33.46 160.60000000000002 0.6
      vertex 40.05 160.42000000000002 0.6
      vertex 33.46 170.4 0.6
    endloop
  endfacet
  facet normal 0 0 1
    outer loop
      vertex 33.46 170.4 0.6
      vertex 40.05 160.42000000000002 0.6
      vertex 33.46 170.8 0.6
    endloop
  endfacet
  facet normal 0 0 1
    outer loop
      vertex 33.46 170.8 0.6
      vertex 40.05 160.42000000000002 0.6
      vertex 33.46 171.20000000000002 0.6
    endloop
  endfacet
  facet normal 0 0 1
    outer loop
      vertex 33.46 171.20000000000002 0.6
      vertex 40.05 160.42000000000002 0.6
      vertex 33.46 171.60000000000002 0.6
    endloop
  endfacet
  facet normal 0 0 1
    outer loop
      vertex 33.46 171.60000000000002 0.6
      vertex 40.05 160.42000000000002 0.6
      vertex 33.46 181.4 0.6
    endloop
  endfacet
  facet normal 0 0 1
    outer loop
      vertex 33.46 181.4 0.6
      vertex 40.05 182.42000000000002 0.6
      vertex 33.46 182.20000000000002 0.6
    endloop
  endfacet
  facet normal 0 0 1
    outer loop
      vertex 33.46 182.20000000000002 0.6
      vertex 40.05 182.42000000000002 0.6
      vertex 33.46 182.60000000000002 0.6
    endloop
  endfacet
  facet normal 0 0 1
    outer loop
      vertex 12.25 192.4 0.6
      vertex 12.25 182.60000000000002 0.6
      vertex 33.46 192.4 0.6
    endloop
  endfacet
  facet normal 0 0 1
    outer loop
      vertex 33.46 182.60000000000002 0.6
      vertex 33.46 192.4 0.6
      vertex 12.25 182.60000000000002 0.6
    endloop
  endfacet
  facet normal 0 0 1
    outer loop
      vertex 33.46 193.60000000000002 0.6
      vertex 33.46 203.4 0.6
      vertex 12.25 193.60000000000002 0.6
    endloop
  endfacet
  facet normal 0 0 1
    outer loop
      vertex 12.25 203.4 0.6
      vertex 12.25 193.60000000000002 0.6
      vertex 33.46 203.4 0.6
    endloop
  endfacet
  facet normal 0 0 1
    outer loop
      vertex 12.25 204.20000000000002 0.6
      vertex 33.46 204.20000000000002 0.6
      vertex 12.25 208 0.6
    endloop
  endfacet
  facet normal 0 0 1
    outer loop
      vertex 33.46 182.60000000000002 0.6
      vertex 40.05 182.42000000000002 0.6
      vertex 33.46 192.4 0.6
    endloop
  endfacet
  facet normal 0 0 1
    outer loop
      vertex 33.46 192.4 0.6
      vertex 40.05 193.42000000000002 0.6
      vertex 33.46 192.8 0.6
    endloop
  endfacet
  facet normal 0 0 1
    outer loop
      vertex 33.46 192.8 0.6
      vertex 40.05 193.42000000000002 0.6
      vertex 33.46 193.20000000000002 0.6
    endloop
  endfacet
  facet normal 0 0 1
    outer loop
      vertex 33.46 193.20000000000002 0.6
      vertex 40.05 193.42000000000002 0.6
      vertex 33.46 193.60000000000002 0.6
    endloop
  endfacet
  facet normal 0 0 1
    outer loop
      vertex 33.46 193.60000000000002 0.6
      vertex 40.05 193.42000000000002 0.6
      vertex 33.46 203.4 0.6
    endloop
  endfacet
  facet normal 0 0 1
    outer loop
      vertex 33.46 203.4 0.6
      vertex 40.05 203.6 0.6
      vertex 33.46 204.20000000000002 0.6
    endloop
  endfacet
  facet normal 0 0 1
    outer loop
      vertex 33.46 105.6 0.6
      vertex 40.05 105.42 0.6
      vertex 40.05 115.58 0.6
    endloop
  endfacet
  facet normal 0 0 1
    outer loop
      vertex 33.46 105.6 0.6
      vertex 40.05 115.58 0.6
      vertex 40.05 116.42 0.6
    endloop
  endfacet
  facet normal 0 0 1
    outer loop
      vertex 41.25 106.2 0.6
      vertex 47.25 106.2 0.6
      vertex 47.25 114.80000000000001 0.6
    endloop
  endfacet
  facet normal 0 0 1
    outer loop
      vertex 41.25 106.2 0.6
      vertex 47.25 114.80000000000001 0.6
      vertex 41.25 114.80000000000001 0.6
    endloop
  endfacet
  facet normal 0 0 1
    outer loop
      vertex 33.46 116.6 0.6
      vertex 40.05 116.42 0.6
      vertex 40.05 126.58 0.6
    endloop
  endfacet
  facet normal 0 0 1
    outer loop
      vertex 33.46 127.2 0.6
      vertex 40.05 126.58 0.6
      vertex 40.05 127.42 0.6
    endloop
  endfacet
  facet normal 0 0 1
    outer loop
      vertex 33.46 127.6 0.6
      vertex 40.05 127.42 0.6
      vertex 40.05 137.58 0.6
    endloop
  endfacet
  facet normal 0 0 1
    outer loop
      vertex 41.25 117.2 0.6
      vertex 47.25 125.80000000000001 0.6
      vertex 41.25 125.80000000000001 0.6
    endloop
  endfacet
  facet normal 0 0 1
    outer loop
      vertex 41.25 117.2 0.6
      vertex 47.25 117.2 0.6
      vertex 47.25 125.80000000000001 0.6
    endloop
  endfacet
  facet normal 0 0 1
    outer loop
      vertex 41.25 128.20000000000002 0.6
      vertex 47.25 128.20000000000002 0.6
      vertex 47.25 136.79999999999998 0.6
    endloop
  endfacet
  facet normal 0 0 1
    outer loop
      vertex 33.46 127.6 0.6
      vertex 40.05 137.58 0.6
      vertex 40.05 137.58407766990294 0.6
    endloop
  endfacet
  facet normal 0 0 1
    outer loop
      vertex 33.46 127.6 0.6
      vertex 40.05 137.58407766990294 0.6
      vertex 40.05 138.42000000000002 0.6
    endloop
  endfacet
  facet normal 0 0 1
    outer loop
      vertex 33.46 138.60000000000002 0.6
      vertex 40.05 138.42000000000002 0.6
      vertex 40.05 148.58 0.6
    endloop
  endfacet
  facet normal 0 0 1
    outer loop
      vertex 41.25 128.20000000000002 0.6
      vertex 47.25 136.79999999999998 0.6
      vertex 41.25 136.79999999999998 0.6
    endloop
  endfacet
  facet normal 0 0 1
    outer loop
      vertex 41.25 139.20000000000002 0.6
      vertex 47.25 139.20000000000002 0.6
      vertex 47.25 147.79999999999998 0.6
    endloop
  endfacet
  facet normal 0 0 1
    outer loop
      vertex 33.46 138.60000000000002 0.6
      vertex 40.05 148.58 0.6
      vertex 40.05 148.58407766990294 0.6
    endloop
  endfacet
  facet normal 0 0 1
    outer loop
      vertex 33.46 138.60000000000002 0.6
      vertex 40.05 148.58407766990294 0.6
      vertex 40.05 149.42000000000002 0.6
    endloop
  endfacet
  facet normal 0 0 1
    outer loop
      vertex 33.46 149.60000000000002 0.6
      vertex 40.05 149.42000000000002 0.6
      vertex 40.05 159.58 0.6
    endloop
  endfacet
  facet normal 0 0 1
    outer loop
      vertex 33.46 149.60000000000002 0.6
      vertex 40.05 159.58 0.6
      vertex 40.05 159.58407766990294 0.6
    endloop
  endfacet
  facet normal 0 0 1
    outer loop
      vertex 33.46 149.60000000000002 0.6
      vertex 40.05 159.58407766990294 0.6
      vertex 40.05 160.42000000000002 0.6
    endloop
  endfacet
  facet normal 0 0 1
    outer loop
      vertex 41.25 139.20000000000002 0.6
      vertex 47.25 147.79999999999998 0.6
      vertex 41.25 147.79999999999998 0.6
    endloop
  endfacet
  facet normal 0 0 1
    outer loop
      vertex 41.25 150.20000000000002 0.6
      vertex 47.25 158.79999999999998 0.6
      vertex 41.25 158.79999999999998 0.6
    endloop
  endfacet
  facet normal 0 0 1
    outer loop
      vertex 41.25 150.20000000000002 0.6
      vertex 47.25 150.20000000000002 0.6
      vertex 47.25 158.79999999999998 0.6
    endloop
  endfacet
  facet normal 0 0 1
    outer loop
      vertex 41.25 161.20000000000002 0.6
      vertex 47.25 169.79999999999998 0.6
      vertex 41.25 169.79999999999998 0.6
    endloop
  endfacet
  facet normal 0 0 1
    outer loop
      vertex 41.25 161.20000000000002 0.6
      vertex 47.25 161.20000000000002 0.6
      vertex 47.25 169.79999999999998 0.6
    endloop
  endfacet
  facet normal 0 0 1
    outer loop
      vertex 33.46 181.4 0.6
      vertex 40.05 160.42000000000002 0.6
      vertex 40.05 170.58 0.6
    endloop
  endfacet
  facet normal 0 0 1
    outer loop
      vertex 33.46 181.4 0.6
      vertex 40.05 170.58 0.6
      vertex 40.05 170.58407766990294 0.6
    endloop
  endfacet
  facet normal 0 0 1
    outer loop
      vertex 33.46 181.4 0.6
      vertex 40.05 170.58407766990294 0.6
      vertex 40.05 171.42000000000002 0.6
    endloop
  endfacet
  facet normal 0 0 1
    outer loop
      vertex 33.46 181.4 0.6
      vertex 40.05 171.42000000000002 0.6
      vertex 40.05 181.58 0.6
    endloop
  endfacet
  facet normal 0 0 1
    outer loop
      vertex 33.46 181.4 0.6
      vertex 40.05 181.58 0.6
      vertex 40.05 181.58407766990294 0.6
    endloop
  endfacet
  facet normal 0 0 1
    outer loop
      vertex 33.46 181.4 0.6
      vertex 40.05 181.58407766990294 0.6
      vertex 40.05 182.42000000000002 0.6
    endloop
  endfacet
  facet normal 0 0 1
    outer loop
      vertex 41.25 172.20000000000002 0.6
      vertex 47.25 172.20000000000002 0.6
      vertex 47.25 180.79999999999998 0.6
    endloop
  endfacet
  facet normal 0 0 1
    outer loop
      vertex 41.25 172.20000000000002 0.6
      vertex 47.25 180.79999999999998 0.6
      vertex 41.25 180.79999999999998 0.6
    endloop
  endfacet
  facet normal 0 0 1
    outer loop
      vertex 33.46 192.4 0.6
      vertex 40.05 182.42000000000002 0.6
      vertex 40.05 192.58 0.6
    endloop
  endfacet
  facet normal 0 0 1
    outer loop
      vertex 33.46 192.4 0.6
      vertex 40.05 192.58 0.6
      vertex 40.05 192.58407766990294 0.6
    endloop
  endfacet
  facet normal 0 0 1
    outer loop
      vertex 33.46 192.4 0.6
      vertex 40.05 192.58407766990294 0.6
      vertex 40.05 193.42000000000002 0.6
    endloop
  endfacet
  facet normal 0 0 1
    outer loop
      vertex 41.25 183.20000000000002 0.6
      vertex 47.25 191.79999999999998 0.6
      vertex 41.25 191.79999999999998 0.6
    endloop
  endfacet
  facet normal 0 0 1
    outer loop
      vertex 41.25 183.20000000000002 0.6
      vertex 47.25 183.20000000000002 0.6
      vertex 47.25 191.79999999999998 0.6
    endloop
  endfacet
  facet normal 0 0 1
    outer loop
      vertex 33.46 203.4 0.6
      vertex 40.05 193.42000000000002 0.6
      vertex 40.05 203.6 0.6
    endloop
  endfacet
  facet normal 0 0 1
    outer loop
      vertex 41.25 194.20000000000002 0.6
      vertex 47.25 202.79999999999998 0.6
      vertex 41.25 202.79999999999998 0.6
    endloop
  endfacet
  facet normal 0 0 1
    outer loop
      vertex 41.25 194.20000000000002 0.6
      vertex 47.25 194.20000000000002 0.6
      vertex 47.25 202.79999999999998 0.6
    endloop
  endfacet
  facet normal 0 0 1
    outer loop
      vertex 12.25 208 0.6
      vertex 33.46 204.20000000000002 0.6
      vertex 145 208 0.6
    endloop
  endfacet
  facet normal 0 0 1
    outer loop
      vertex 33.46 204.20000000000002 0.6
      vertex 40.05 203.6 0.6
      vertex 145 208 0.6
    endloop
  endfacet
  facet normal 0 -1 0
    outer loop
      vertex 145 208 3.45
      vertex 12.25 208 3.45
      vertex 12.25 208 0.6
    endloop
  endfacet
  facet normal 0 0 1
    outer loop
      vertex 40.05 6.4 0.6
      vertex 145 2 0.6
      vertex 41.25 6.4 0.6
    endloop
  endfacet
  facet normal 0 0 1
    outer loop
      vertex 41.25 6.4 0.6
      vertex 145 2 0.6
      vertex 47.25 6.4 0.6
    endloop
  endfacet
  facet normal 0 0 1
    outer loop
      vertex 47.25 7.2 0.6
      vertex 146 15.8 0.6
      vertex 47.25 15.8 0.6
    endloop
  endfacet
  facet normal 0 0 1
    outer loop
      vertex 47.25 18.2 0.6
      vertex 146 26.799999999999997 0.6
      vertex 47.25 26.799999999999997 0.6
    endloop
  endfacet
  facet normal 0 0 1
    outer loop
      vertex 47.25 29.2 0.6
      vertex 146 37.8 0.6
      vertex 47.25 37.8 0.6
    endloop
  endfacet
  facet normal 0 0 1
    outer loop
      vertex 47.25 40.199999999999996 0.6
      vertex 146 48.8 0.6
      vertex 47.25 48.8 0.6
    endloop
  endfacet
  facet normal 0 0 1
    outer loop
      vertex 47.25 51.199999999999996 0.6
      vertex 146 59.8 0.6
      vertex 47.25 59.8 0.6
    endloop
  endfacet
  facet normal 0 0 1
    outer loop
      vertex 47.25 62.199999999999996 0.6
      vertex 146 70.8 0.6
      vertex 47.25 70.8 0.6
    endloop
  endfacet
  facet normal 0 0 1
    outer loop
      vertex 47.25 73.2 0.6
      vertex 146 81.80000000000001 0.6
      vertex 47.25 81.80000000000001 0.6
    endloop
  endfacet
  facet normal 0 0 1
    outer loop
      vertex 47.25 84.2 0.6
      vertex 146 92.80000000000001 0.6
      vertex 47.25 92.80000000000001 0.6
    endloop
  endfacet
  facet normal 0 0 1
    outer loop
      vertex 47.25 95.2 0.6
      vertex 146 103.80000000000001 0.6
      vertex 47.25 103.80000000000001 0.6
    endloop
  endfacet
  facet normal 0 0 1
    outer loop
      vertex 47.25 6.4 0.6
      vertex 145 2 0.6
      vertex 146 6.4 0.6
    endloop
  endfacet
  facet normal 0 0 1
    outer loop
      vertex 47.25 7.2 0.6
      vertex 146 7.2 0.6
      vertex 146 15.8 0.6
    endloop
  endfacet
  facet normal 0 0 1
    outer loop
      vertex 47.25 18.2 0.6
      vertex 146 18.2 0.6
      vertex 146 26.799999999999997 0.6
    endloop
  endfacet
  facet normal 0 0 1
    outer loop
      vertex 47.25 29.2 0.6
      vertex 146 29.2 0.6
      vertex 146 37.8 0.6
    endloop
  endfacet
  facet normal 0 0 1
    outer loop
      vertex 47.25 40.199999999999996 0.6
      vertex 146 40.199999999999996 0.6
      vertex 146 48.8 0.6
    endloop
  endfacet
  facet normal 0 0 1
    outer loop
      vertex 145 2 0.6
      vertex 145.19509032201614 2.0192147195967696 0.6
      vertex 146 6.4 0.6
    endloop
  endfacet
  facet normal 0 0 1
    outer loop
      vertex 145.19509032201614 2.0192147195967696 0.6
      vertex 145.3826834323651 2.076120467488713 0.6
      vertex 146 6.4 0.6
    endloop
  endfacet
  facet normal 0 0 1
    outer loop
      vertex 145.3826834323651 2.076120467488713 0.6
      vertex 145.5555702330196 2.1685303876974547 0.6
      vertex 146 6.4 0.6
    endloop
  endfacet
  facet normal 0 0 1
    outer loop
      vertex 145.5555702330196 2.1685303876974547 0.6
      vertex 145.70710678118655 2.2928932188134525 0.6
      vertex 146 6.4 0.6
    endloop
  endfacet
  facet normal 0 0 1
    outer loop
      vertex 145.70710678118655 2.2928932188134525 0.6
      vertex 145.83146961230256 2.444429766980398 0.6
      vertex 146 6.4 0.6
    endloop
  endfacet
  facet normal 0 0 1
    outer loop
      vertex 145.83146961230256 2.444429766980398 0.6
      vertex 145.92387953251128 2.6173165676349104 0.6
      vertex 146 6.4 0.6
    endloop
  endfacet
  facet normal 0 0 1
    outer loop
      vertex 145.92387953251128 2.6173165676349104 0.6
      vertex 145.98078528040324 2.804909677983872 0.6
      vertex 146 6.4 0.6
    endloop
  endfacet
  facet normal 0 0 1
    outer loop
      vertex 145.98078528040324 2.804909677983872 0.6
      vertex 146 3 0.6
      vertex 146 6.4 0.6
    endloop
  endfacet
  facet normal -1 0 0
    outer loop
      vertex 146 3 0.6
      vertex 146 6.4 2.6497914135277436
      vertex 146 6.4 0.6
    endloop
  endfacet
  facet normal -1 0 0
    outer loop
      vertex 146 7.2 0.6
      vertex 146 7.2 2.63
      vertex 146 15.8 0.6
    endloop
  endfacet
  facet normal -1 0 0
    outer loop
      vertex 146 18.2 0.6
      vertex 146 18.2 2.63
      vertex 146 26.799999999999997 0.6
    endloop
  endfacet
  facet normal -0.09801714032955378 0.9951847266721976 0
    outer loop
      vertex 145 2 0.6
      vertex 145 2 3.45
      vertex 145.19509032201614 2.0192147195967696 0.6
    endloop
  endfacet
  facet normal -0.29028467725446866 0.9569403357322069 0
    outer loop
      vertex 145.19509032201614 2.0192147195967696 0.6
      vertex 145.19509032201614 2.0192147195967696 3.45
      vertex 145.3826834323651 2.076120467488713 0.6
    endloop
  endfacet
  facet normal -0.47139673682600347 0.8819212643483518 0
    outer loop
      vertex 145.3826834323651 2.076120467488713 0.6
      vertex 145.3826834323651 2.076120467488713 3.45
      vertex 145.5555702330196 2.1685303876974547 0.6
    endloop
  endfacet
  facet normal -0.6343932841636472 0.7730104533627357 0
    outer loop
      vertex 145.5555702330196 2.1685303876974547 0.6
      vertex 145.5555702330196 2.1685303876974547 3.45
      vertex 145.70710678118655 2.2928932188134525 0.6
    endloop
  endfacet
  facet normal -0.7730104533627253 0.6343932841636595 0
    outer loop
      vertex 145.70710678118655 2.2928932188134525 0.6
      vertex 145.70710678118655 2.2928932188134525 3.45
      vertex 145.83146961230256 2.444429766980398 0.6
    endloop
  endfacet
  facet normal -0.8819212643483936 0.4713967368259256 0
    outer loop
      vertex 145.83146961230256 2.444429766980398 0.6
      vertex 145.83146961230256 2.444429766980398 3.45
      vertex 145.92387953251128 2.6173165676349104 0.6
    endloop
  endfacet
  facet normal -0.9569403357321853 0.29028467725454 0
    outer loop
      vertex 145.92387953251128 2.6173165676349104 0.6
      vertex 145.92387953251128 2.6173165676349104 3.45
      vertex 145.98078528040324 2.804909677983872 0.6
    endloop
  endfacet
  facet normal -0.9951847266722013 0.09801714032951596 0
    outer loop
      vertex 145.98078528040324 2.804909677983872 0.6
      vertex 145.98078528040324 2.804909677983872 3.45
      vertex 146 3 0.6
    endloop
  endfacet
  facet normal -1 0 0
    outer loop
      vertex 146 29.2 0.6
      vertex 146 29.2 2.63
      vertex 146 37.8 0.6
    endloop
  endfacet
  facet normal -1 0 0
    outer loop
      vertex 146 40.199999999999996 0.6
      vertex 146 40.199999999999996 2.63
      vertex 146 48.8 0.6
    endloop
  endfacet
  facet normal 0 0 1
    outer loop
      vertex 47.25 51.199999999999996 0.6
      vertex 146 51.199999999999996 0.6
      vertex 146 59.8 0.6
    endloop
  endfacet
  facet normal 0 0 1
    outer loop
      vertex 47.25 62.199999999999996 0.6
      vertex 146 62.199999999999996 0.6
      vertex 146 70.8 0.6
    endloop
  endfacet
  facet normal 0 0 1
    outer loop
      vertex 47.25 73.2 0.6
      vertex 146 73.2 0.6
      vertex 146 81.80000000000001 0.6
    endloop
  endfacet
  facet normal 0 0 1
    outer loop
      vertex 47.25 84.2 0.6
      vertex 146 84.2 0.6
      vertex 146 92.80000000000001 0.6
    endloop
  endfacet
  facet normal 0 0 1
    outer loop
      vertex 47.25 95.2 0.6
      vertex 146 95.2 0.6
      vertex 146 103.80000000000001 0.6
    endloop
  endfacet
  facet normal -1 0 0
    outer loop
      vertex 146 51.199999999999996 0.6
      vertex 146 51.199999999999996 2.63
      vertex 146 59.8 0.6
    endloop
  endfacet
  facet normal -1 0 0
    outer loop
      vertex 146 62.199999999999996 0.6
      vertex 146 62.199999999999996 2.63
      vertex 146 70.8 0.6
    endloop
  endfacet
  facet normal -1 0 0
    outer loop
      vertex 146 73.2 0.6
      vertex 146 73.2 2.63
      vertex 146 81.80000000000001 0.6
    endloop
  endfacet
  facet normal -1 0 0
    outer loop
      vertex 146 84.2 0.6
      vertex 146 84.2 2.63
      vertex 146 92.80000000000001 0.6
    endloop
  endfacet
  facet normal -1 0 0
    outer loop
      vertex 146 95.2 0.6
      vertex 146 95.2 2.63
      vertex 146 103.80000000000001 0.6
    endloop
  endfacet
  facet normal 0 1 0
    outer loop
      vertex 145 2 0.6
      vertex 12.25 2 3.45
      vertex 145 2 3.45
    endloop
  endfacet
  facet normal -1 0 0
    outer loop
      vertex 146 15.8 0.6
      vertex 146 7.2 2.63
      vertex 146 8.5 2.63
    endloop
  endfacet
  facet normal -1 0 0
    outer loop
      vertex 146 15.8 0.6
      vertex 146 8.5 2.63
      vertex 146 14.5 2.63
    endloop
  endfacet
  facet normal -1 0 0
    outer loop
      vertex 146 15.8 0.6
      vertex 146 14.5 2.63
      vertex 146 15.8 2.63
    endloop
  endfacet
  facet normal -1 0 0
    outer loop
      vertex 146 26.799999999999997 0.6
      vertex 146 18.2 2.63
      vertex 146 19.5 2.63
    endloop
  endfacet
  facet normal -1 0 0
    outer loop
      vertex 146 26.799999999999997 0.6
      vertex 146 19.5 2.63
      vertex 146 25.499999999999996 2.63
    endloop
  endfacet
  facet normal -1 0 0
    outer loop
      vertex 146 3 0.6
      vertex 146 3 3.45
      vertex 146 6.4 2.6497914135277436
    endloop
  endfacet
  facet normal -0.09801714032955378 0.9951847266721976 0
    outer loop
      vertex 145.19509032201614 2.0192147195967696 0.6
      vertex 145 2 3.45
      vertex 145.19509032201614 2.0192147195967696 3.45
    endloop
  endfacet
  facet normal -0.29028467725446866 0.9569403357322069 0
    outer loop
      vertex 145.3826834323651 2.076120467488713 0.6
      vertex 145.19509032201614 2.0192147195967696 3.45
      vertex 145.3826834323651 2.076120467488713 3.45
    endloop
  endfacet
  facet normal -0.47139673682600347 0.8819212643483518 0
    outer loop
      vertex 145.5555702330196 2.1685303876974547 0.6
      vertex 145.3826834323651 2.076120467488713 3.45
      vertex 145.5555702330196 2.1685303876974547 3.45
    endloop
  endfacet
  facet normal -0.6343932841636472 0.7730104533627357 0
    outer loop
      vertex 145.70710678118655 2.2928932188134525 0.6
      vertex 145.5555702330196 2.1685303876974547 3.45
      vertex 145.70710678118655 2.2928932188134525 3.45
    endloop
  endfacet
  facet normal -0.7730104533627253 0.6343932841636595 0
    outer loop
      vertex 145.83146961230256 2.444429766980398 0.6
      vertex 145.70710678118655 2.2928932188134525 3.45
      vertex 145.83146961230256 2.444429766980398 3.45
    endloop
  endfacet
  facet normal -0.8819212643483936 0.4713967368259256 0
    outer loop
      vertex 145.92387953251128 2.6173165676349104 0.6
      vertex 145.83146961230256 2.444429766980398 3.45
      vertex 145.92387953251128 2.6173165676349104 3.45
    endloop
  endfacet
  facet normal -0.9569403357321853 0.29028467725454 0
    outer loop
      vertex 145.98078528040324 2.804909677983872 0.6
      vertex 145.92387953251128 2.6173165676349104 3.45
      vertex 145.98078528040324 2.804909677983872 3.45
    endloop
  endfacet
  facet normal -0.9951847266722013 0.09801714032951596 0
    outer loop
      vertex 146 3 0.6
      vertex 145.98078528040324 2.804909677983872 3.45
      vertex 146 3 3.45
    endloop
  endfacet
  facet normal -1 0 0
    outer loop
      vertex 146 26.799999999999997 0.6
      vertex 146 25.499999999999996 2.63
      vertex 146 26.799999999999997 2.63
    endloop
  endfacet
  facet normal -1 0 0
    outer loop
      vertex 146 37.8 0.6
      vertex 146 29.2 2.63
      vertex 146 30.5 2.63
    endloop
  endfacet
  facet normal -1 0 0
    outer loop
      vertex 146 37.8 0.6
      vertex 146 30.5 2.63
      vertex 146 36.5 2.63
    endloop
  endfacet
  facet normal -1 0 0
    outer loop
      vertex 146 37.8 0.6
      vertex 146 36.5 2.63
      vertex 146 37.8 2.63
    endloop
  endfacet
  facet normal -1 0 0
    outer loop
      vertex 146 48.8 0.6
      vertex 146 40.199999999999996 2.63
      vertex 146 41.5 2.63
    endloop
  endfacet
  facet normal -1 0 0
    outer loop
      vertex 146 48.8 0.6
      vertex 146 41.5 2.63
      vertex 146 47.5 2.63
    endloop
  endfacet
  facet normal -1 0 0
    outer loop
      vertex 146 48.8 0.6
      vertex 146 47.5 2.63
      vertex 146 48.8 2.63
    endloop
  endfacet
  facet normal -1 0 0
    outer loop
      vertex 146 8.5 2.63
      vertex 146 14.5 3.44
      vertex 146 14.5 2.63
    endloop
  endfacet
  facet normal -1 0 0
    outer loop
      vertex 146 17.4 3.44
      vertex 146 17.4 2.6499999999999995
      vertex 146 16.6 2.6499999999999995
    endloop
  endfacet
  facet normal -1 0 0
    outer loop
      vertex 146 19.5 2.63
      vertex 146 25.499999999999996 3.44
      vertex 146 25.499999999999996 2.63
    endloop
  endfacet
  facet normal -1 0 0
    outer loop
      vertex 146 6.4 2.6497914135277436
      vertex 146 3 3.45
      vertex 146 6.4 3.44
    endloop
  endfacet
  facet normal -1 0 0
    outer loop
      vertex 146 8.5 2.63
      vertex 146 8.5 3.44
      vertex 146 14.5 3.44
    endloop
  endfacet
  facet normal -1 0 0
    outer loop
      vertex 146 16.6 3.44
      vertex 146 17.4 3.44
      vertex 146 16.6 2.6499999999999995
    endloop
  endfacet
  facet normal -1 0 0
    outer loop
      vertex 146 19.5 2.63
      vertex 146 19.5 3.44
      vertex 146 25.499999999999996 3.44
    endloop
  endfacet
  facet normal -1 0 0
    outer loop
      vertex 146 28.4 3.44
      vertex 146 28.4 2.6499999999999995
      vertex 146 27.599999999999998 2.6499999999999995
    endloop
  endfacet
  facet normal -1 0 0
    outer loop
      vertex 146 30.5 2.63
      vertex 146 36.5 3.44
      vertex 146 36.5 2.63
    endloop
  endfacet
  facet normal -1 0 0
    outer loop
      vertex 146 39.4 3.44
      vertex 146 39.4 2.6499999999999995
      vertex 146 38.599999999999994 2.6499999999999995
    endloop
  endfacet
  facet normal -1 0 0
    outer loop
      vertex 146 41.5 2.63
      vertex 146 47.5 3.44
      vertex 146 47.5 2.63
    endloop
  endfacet
  facet normal -1 0 0
    outer loop
      vertex 146 50.4 3.44
      vertex 146 50.4 2.6499999999999995
      vertex 146 49.599999999999994 2.6499999999999995
    endloop
  endfacet
  facet normal -1 0 0
    outer loop
      vertex 146 27.599999999999998 3.44
      vertex 146 28.4 3.44
      vertex 146 27.599999999999998 2.6499999999999995
    endloop
  endfacet
  facet normal -1 0 0
    outer loop
      vertex 146 30.5 2.63
      vertex 146 30.5 3.44
      vertex 146 36.5 3.44
    endloop
  endfacet
  facet normal -1 0 0
    outer loop
      vertex 146 38.6 3.44
      vertex 146 39.4 3.44
      vertex 146 38.599999999999994 2.6499999999999995
    endloop
  endfacet
  facet normal -1 0 0
    outer loop
      vertex 146 41.5 2.63
      vertex 146 41.5 3.44
      vertex 146 47.5 3.44
    endloop
  endfacet
  facet normal -1 0 0
    outer loop
      vertex 146 49.6 3.44
      vertex 146 50.4 3.44
      vertex 146 49.599999999999994 2.6499999999999995
    endloop
  endfacet
  facet normal -1 0 0
    outer loop
      vertex 146 59.8 0.6
      vertex 146 51.199999999999996 2.63
      vertex 146 52.5 2.63
    endloop
  endfacet
  facet normal -1 0 0
    outer loop
      vertex 146 59.8 0.6
      vertex 146 52.5 2.63
      vertex 146 58.5 2.63
    endloop
  endfacet
  facet normal -1 0 0
    outer loop
      vertex 146 59.8 0.6
      vertex 146 58.5 2.63
      vertex 146 59.8 2.63
    endloop
  endfacet
  facet normal -1 0 0
    outer loop
      vertex 146 70.8 0.6
      vertex 146 62.199999999999996 2.63
      vertex 146 63.5 2.63
    endloop
  endfacet
  facet normal -1 0 0
    outer loop
      vertex 146 70.8 0.6
      vertex 146 63.5 2.63
      vertex 146 69.5 2.63
    endloop
  endfacet
  facet normal -1 0 0
    outer loop
      vertex 146 70.8 0.6
      vertex 146 69.5 2.63
      vertex 146 70.8 2.63
    endloop
  endfacet
  facet normal -1 0 0
    outer loop
      vertex 146 81.80000000000001 0.6
      vertex 146 73.2 2.63
      vertex 146 74.5 2.63
    endloop
  endfacet
  facet normal -1 0 0
    outer loop
      vertex 146 81.80000000000001 0.6
      vertex 146 74.5 2.63
      vertex 146 74.5 3.44
    endloop
  endfacet
  facet normal -1 0 0
    outer loop
      vertex 146 81.80000000000001 0.6
      vertex 146 80.50000000000001 2.63
      vertex 146 81.80000000000001 2.63
    endloop
  endfacet
  facet normal -1 0 0
    outer loop
      vertex 146 92.80000000000001 0.6
      vertex 146 84.2 2.63
      vertex 146 85.5 2.63
    endloop
  endfacet
  facet normal -1 0 0
    outer loop
      vertex 146 92.80000000000001 0.6
      vertex 146 91.50000000000001 2.63
      vertex 146 92.80000000000001 2.63
    endloop
  endfacet
  facet normal -1 0 0
    outer loop
      vertex 146 103.80000000000001 0.6
      vertex 146 95.2 2.63
      vertex 146 96.5 2.63
    endloop
  endfacet
  facet normal -1 0 0
    outer loop
      vertex 146 103.80000000000001 0.6
      vertex 146 102.50000000000001 2.63
      vertex 146 103.80000000000001 2.63
    endloop
  endfacet
  facet normal -1 0 0
    outer loop
      vertex 146 81.80000000000001 0.6
      vertex 146 74.5 3.44
      vertex 146 80.50000000000001 2.63
    endloop
  endfacet
  facet normal -1 0 0
    outer loop
      vertex 146 92.80000000000001 0.6
      vertex 146 85.5 2.63
      vertex 146 85.5 3.44
    endloop
  endfacet
  facet normal -1 0 0
    outer loop
      vertex 146 92.80000000000001 0.6
      vertex 146 85.5 3.44
      vertex 146 91.50000000000001 2.63
    endloop
  endfacet
  facet normal -1 0 0
    outer loop
      vertex 146 103.80000000000001 0.6
      vertex 146 96.5 2.63
      vertex 146 96.5 3.44
    endloop
  endfacet
  facet normal -1 0 0
    outer loop
      vertex 146 103.80000000000001 0.6
      vertex 146 96.5 3.44
      vertex 146 102.50000000000001 2.63
    endloop
  endfacet
  facet normal -1 0 0
    outer loop
      vertex 146 52.5 2.63
      vertex 146 58.5 3.44
      vertex 146 58.5 2.63
    endloop
  endfacet
  facet normal -1 0 0
    outer loop
      vertex 146 61.4 3.44
      vertex 146 61.4 2.6499999999999995
      vertex 146 60.599999999999994 2.6499999999999995
    endloop
  endfacet
  facet normal -1 0 0
    outer loop
      vertex 146 63.5 2.63
      vertex 146 69.5 3.44
      vertex 146 69.5 2.63
    endloop
  endfacet
  facet normal -1 0 0
    outer loop
      vertex 146 72.4 3.44
      vertex 146 72.4 2.6499999999999995
      vertex 146 71.6 2.6499999999999995
    endloop
  endfacet
  facet normal -1 0 0
    outer loop
      vertex 146 52.5 2.63
      vertex 146 52.5 3.44
      vertex 146 58.5 3.44
    endloop
  endfacet
  facet normal -1 0 0
    outer loop
      vertex 146 60.6 3.44
      vertex 146 61.4 3.44
      vertex 146 60.599999999999994 2.6499999999999995
    endloop
  endfacet
  facet normal -1 0 0
    outer loop
      vertex 146 63.5 2.63
      vertex 146 63.5 3.44
      vertex 146 69.5 3.44
    endloop
  endfacet
  facet normal -1 0 0
    outer loop
      vertex 146 71.6 3.44
      vertex 146 72.4 3.44
      vertex 146 71.6 2.6499999999999995
    endloop
  endfacet
  facet normal -1 0 0
    outer loop
      vertex 146 74.5 3.44
      vertex 146 80.50000000000001 3.44
      vertex 146 80.50000000000001 2.63
    endloop
  endfacet
  facet normal -1 0 0
    outer loop
      vertex 146 3 3.45
      vertex 146 207 3.45
      vertex 146 6.4 3.44
    endloop
  endfacet
  facet normal -1 0 0
    outer loop
      vertex 146 6.4 3.44
      vertex 146 207 3.45
      vertex 146 8.5 3.44
    endloop
  endfacet
  facet normal -1 0 0
    outer loop
      vertex 146 8.5 3.44
      vertex 146 207 3.45
      vertex 146 14.5 3.44
    endloop
  endfacet
  facet normal -1 0 0
    outer loop
      vertex 146 83.4 3.44
      vertex 146 83.4 2.6499999999999995
      vertex 146 82.60000000000001 2.6499999999999995
    endloop
  endfacet
  facet normal -1 0 0
    outer loop
      vertex 146 94.4 3.44
      vertex 146 94.4 2.6499999999999995
      vertex 146 93.60000000000001 2.6499999999999995
    endloop
  endfacet
  facet normal -1 0 0
    outer loop
      vertex 146 82.60000000000001 3.44
      vertex 146 83.4 3.44
      vertex 146 82.60000000000001 2.6499999999999995
    endloop
  endfacet
  facet normal -1 0 0
    outer loop
      vertex 146 91.50000000000001 2.63
      vertex 146 85.5 3.44
      vertex 146 91.50000000000001 3.44
    endloop
  endfacet
  facet normal -1 0 0
    outer loop
      vertex 146 14.5 3.44
      vertex 146 207 3.45
      vertex 146 16.6 3.44
    endloop
  endfacet
  facet normal -1 0 0
    outer loop
      vertex 146 16.6 3.44
      vertex 146 207 3.45
      vertex 146 17.4 3.44
    endloop
  endfacet
  facet normal -1 0 0
    outer loop
      vertex 146 17.4 3.44
      vertex 146 207 3.45
      vertex 146 19.5 3.44
    endloop
  endfacet
  facet normal -1 0 0
    outer loop
      vertex 146 19.5 3.44
      vertex 146 207 3.45
      vertex 146 25.499999999999996 3.44
    endloop
  endfacet
  facet normal -1 0 0
    outer loop
      vertex 146 25.499999999999996 3.44
      vertex 146 207 3.45
      vertex 146 27.599999999999998 3.44
    endloop
  endfacet
  facet normal -1 0 0
    outer loop
      vertex 146 27.599999999999998 3.44
      vertex 146 207 3.45
      vertex 146 28.4 3.44
    endloop
  endfacet
  facet normal -1 0 0
    outer loop
      vertex 146 28.4 3.44
      vertex 146 207 3.45
      vertex 146 30.5 3.44
    endloop
  endfacet
  facet normal -1 0 0
    outer loop
      vertex 146 30.5 3.44
      vertex 146 207 3.45
      vertex 146 36.5 3.44
    endloop
  endfacet
  facet normal -1 0 0
    outer loop
      vertex 146 93.60000000000001 3.44
      vertex 146 94.4 3.44
      vertex 146 93.60000000000001 2.6499999999999995
    endloop
  endfacet
  facet normal -1 0 0
    outer loop
      vertex 146 102.50000000000001 2.63
      vertex 146 96.5 3.44
      vertex 146 102.50000000000001 3.44
    endloop
  endfacet
  facet normal -1 0 0
    outer loop
      vertex 146 104.60000000000001 3.44
      vertex 146 105.4 3.44
      vertex 146 104.60000000000001 2.6499999999999995
    endloop
  endfacet
  facet normal -1 0 0
    outer loop
      vertex 146 36.5 3.44
      vertex 146 207 3.45
      vertex 146 38.6 3.44
    endloop
  endfacet
  facet normal -1 0 0
    outer loop
      vertex 146 38.6 3.44
      vertex 146 207 3.45
      vertex 146 39.4 3.44
    endloop
  endfacet
  facet normal -1 0 0
    outer loop
      vertex 146 39.4 3.44
      vertex 146 207 3.45
      vertex 146 41.5 3.44
    endloop
  endfacet
  facet normal -1 0 0
    outer loop
      vertex 146 41.5 3.44
      vertex 146 207 3.45
      vertex 146 47.5 3.44
    endloop
  endfacet
  facet normal -1 0 0
    outer loop
      vertex 146 47.5 3.44
      vertex 146 207 3.45
      vertex 146 49.6 3.44
    endloop
  endfacet
  facet normal -1 0 0
    outer loop
      vertex 146 49.6 3.44
      vertex 146 207 3.45
      vertex 146 50.4 3.44
    endloop
  endfacet
  facet normal -1 0 0
    outer loop
      vertex 146 50.4 3.44
      vertex 146 207 3.45
      vertex 146 52.5 3.44
    endloop
  endfacet
  facet normal 0 0 1
    outer loop
      vertex 47.25 106.2 0.6
      vertex 146 114.80000000000001 0.6
      vertex 47.25 114.80000000000001 0.6
    endloop
  endfacet
  facet normal 0 0 1
    outer loop
      vertex 47.25 117.2 0.6
      vertex 146 125.80000000000001 0.6
      vertex 47.25 125.80000000000001 0.6
    endloop
  endfacet
  facet normal 0 0 1
    outer loop
      vertex 47.25 128.20000000000002 0.6
      vertex 146 136.79999999999998 0.6
      vertex 47.25 136.79999999999998 0.6
    endloop
  endfacet
  facet normal 0 0 1
    outer loop
      vertex 47.25 139.20000000000002 0.6
      vertex 146 147.79999999999998 0.6
      vertex 47.25 147.79999999999998 0.6
    endloop
  endfacet
  facet normal 0 0 1
    outer loop
      vertex 47.25 150.20000000000002 0.6
      vertex 146 158.79999999999998 0.6
      vertex 47.25 158.79999999999998 0.6
    endloop
  endfacet
  facet normal 0 0 1
    outer loop
      vertex 47.25 161.20000000000002 0.6
      vertex 146 169.79999999999998 0.6
      vertex 47.25 169.79999999999998 0.6
    endloop
  endfacet
  facet normal 0 0 1
    outer loop
      vertex 47.25 172.20000000000002 0.6
      vertex 146 180.79999999999998 0.6
      vertex 47.25 180.79999999999998 0.6
    endloop
  endfacet
  facet normal 0 0 1
    outer loop
      vertex 47.25 183.20000000000002 0.6
      vertex 146 191.79999999999998 0.6
      vertex 47.25 191.79999999999998 0.6
    endloop
  endfacet
  facet normal 0 0 1
    outer loop
      vertex 40.05 203.6 0.6
      vertex 41.25 203.6 0.6
      vertex 145 208 0.6
    endloop
  endfacet
  facet normal 0 0 1
    outer loop
      vertex 41.25 203.6 0.6
      vertex 47.25 203.6 0.6
      vertex 145 208 0.6
    endloop
  endfacet
  facet normal 0 0 1
    outer loop
      vertex 47.25 194.20000000000002 0.6
      vertex 146 202.79999999999998 0.6
      vertex 47.25 202.79999999999998 0.6
    endloop
  endfacet
  facet normal 0 -1 0
    outer loop
      vertex 12.25 208 0.6
      vertex 145 208 0.6
      vertex 145 208 3.45
    endloop
  endfacet
  facet normal 0 0 1
    outer loop
      vertex 47.25 106.2 0.6
      vertex 146 106.2 0.6
      vertex 146 114.80000000000001 0.6
    endloop
  endfacet
  facet normal 0 0 1
    outer loop
      vertex 47.25 117.2 0.6
      vertex 146 117.2 0.6
      vertex 146 125.80000000000001 0.6
    endloop
  endfacet
  facet normal 0 0 1
    outer loop
      vertex 47.25 128.20000000000002 0.6
      vertex 146 128.20000000000002 0.6
      vertex 146 136.79999999999998 0.6
    endloop
  endfacet
  facet normal 0 0 1
    outer loop
      vertex 47.25 139.20000000000002 0.6
      vertex 146 139.20000000000002 0.6
      vertex 146 147.79999999999998 0.6
    endloop
  endfacet
  facet normal 0 0 1
    outer loop
      vertex 47.25 150.20000000000002 0.6
      vertex 146 150.20000000000002 0.6
      vertex 146 158.79999999999998 0.6
    endloop
  endfacet
  facet normal -1 0 0
    outer loop
      vertex 146 106.2 0.6
      vertex 146 106.2 2.63
      vertex 146 114.80000000000001 0.6
    endloop
  endfacet
  facet normal -1 0 0
    outer loop
      vertex 146 117.2 0.6
      vertex 146 117.2 2.63
      vertex 146 125.80000000000001 0.6
    endloop
  endfacet
  facet normal -1 0 0
    outer loop
      vertex 146 128.20000000000002 0.6
      vertex 146 128.20000000000002 2.63
      vertex 146 136.79999999999998 0.6
    endloop
  endfacet
  facet normal -1 0 0
    outer loop
      vertex 146 139.20000000000002 0.6
      vertex 146 139.20000000000002 2.63
      vertex 146 147.79999999999998 0.6
    endloop
  endfacet
  facet normal -1 0 0
    outer loop
      vertex 146 150.20000000000002 0.6
      vertex 146 150.20000000000002 2.63
      vertex 146 158.79999999999998 0.6
    endloop
  endfacet
  facet normal 0 0 1
    outer loop
      vertex 47.25 161.20000000000002 0.6
      vertex 146 161.20000000000002 0.6
      vertex 146 169.79999999999998 0.6
    endloop
  endfacet
  facet normal 0 0 1
    outer loop
      vertex 47.25 172.20000000000002 0.6
      vertex 146 172.20000000000002 0.6
      vertex 146 180.79999999999998 0.6
    endloop
  endfacet
  facet normal 0 0 1
    outer loop
      vertex 47.25 183.20000000000002 0.6
      vertex 146 183.20000000000002 0.6
      vertex 146 191.79999999999998 0.6
    endloop
  endfacet
  facet normal 0 0 1
    outer loop
      vertex 47.25 194.20000000000002 0.6
      vertex 146 194.20000000000002 0.6
      vertex 146 202.79999999999998 0.6
    endloop
  endfacet
  facet normal 0 0 1
    outer loop
      vertex 47.25 203.6 0.6
      vertex 146 203.6 0.6
      vertex 146 207 0.6
    endloop
  endfacet
  facet normal 0 0 1
    outer loop
      vertex 47.25 203.6 0.6
      vertex 145.19509032201614 207.98078528040324 0.6
      vertex 145 208 0.6
    endloop
  endfacet
  facet normal 0 0 1
    outer loop
      vertex 47.25 203.6 0.6
      vertex 145.3826834323651 207.92387953251128 0.6
      vertex 145.19509032201614 207.98078528040324 0.6
    endloop
  endfacet
  facet normal 0 0 1
    outer loop
      vertex 47.25 203.6 0.6
      vertex 145.5555702330196 207.83146961230256 0.6
      vertex 145.3826834323651 207.92387953251128 0.6
    endloop
  endfacet
  facet normal 0 0 1
    outer loop
      vertex 47.25 203.6 0.6
      vertex 145.83146961230256 207.5555702330196 0.6
      vertex 145.70710678118655 207.70710678118655 0.6
    endloop
  endfacet
  facet normal 0 0 1
    outer loop
      vertex 47.25 203.6 0.6
      vertex 145.92387953251128 207.3826834323651 0.6
      vertex 145.83146961230256 207.5555702330196 0.6
    endloop
  endfacet
  facet normal 0 0 1
    outer loop
      vertex 47.25 203.6 0.6
      vertex 145.70710678118655 207.70710678118655 0.6
      vertex 145.5555702330196 207.83146961230256 0.6
    endloop
  endfacet
  facet normal 0 0 1
    outer loop
      vertex 47.25 203.6 0.6
      vertex 145.98078528040324 207.19509032201614 0.6
      vertex 145.92387953251128 207.3826834323651 0.6
    endloop
  endfacet
  facet normal 0 0 1
    outer loop
      vertex 47.25 203.6 0.6
      vertex 146 207 0.6
      vertex 145.98078528040324 207.19509032201614 0.6
    endloop
  endfacet
  facet normal -1 0 0
    outer loop
      vertex 146 161.20000000000002 0.6
      vertex 146 161.20000000000002 2.63
      vertex 146 169.79999999999998 0.6
    endloop
  endfacet
  facet normal -1 0 0
    outer loop
      vertex 146 172.20000000000002 0.6
      vertex 146 172.20000000000002 2.63
      vertex 146 180.79999999999998 0.6
    endloop
  endfacet
  facet normal -1 0 0
    outer loop
      vertex 146 183.20000000000002 0.6
      vertex 146 183.20000000000002 2.63
      vertex 146 191.79999999999998 0.6
    endloop
  endfacet
  facet normal -1 0 0
    outer loop
      vertex 146 194.20000000000002 0.6
      vertex 146 194.20000000000002 2.63
      vertex 146 202.79999999999998 0.6
    endloop
  endfacet
  facet normal -0.2902846772545475 -0.956940335732183 0
    outer loop
      vertex 145.3826834323651 207.92387953251128 0.6
      vertex 145.3826834323651 207.92387953251128 3.45
      vertex 145.19509032201614 207.98078528040324 0.6
    endloop
  endfacet
  facet normal -0.0980171403295089 -0.995184726672202 3.804300683997677e-19
    outer loop
      vertex 145 208 0.6
      vertex 145.19509032201614 207.98078528040324 0.6
      vertex 145.19509032201614 207.98078528040324 3.45
    endloop
  endfacet
  facet normal -0.4713967368259312 -0.8819212643483905 -1.147834181272638e-18
    outer loop
      vertex 145.3826834323651 207.92387953251128 0.6
      vertex 145.5555702330196 207.83146961230256 0.6
      vertex 145.5555702330196 207.83146961230256 3.45
    endloop
  endfacet
  facet normal -0.6343932841636606 -0.7730104533627244 1.1303294640674708e-18
    outer loop
      vertex 145.5555702330196 207.83146961230256 0.6
      vertex 145.70710678118655 207.70710678118655 0.6
      vertex 145.70710678118655 207.70710678118655 3.45
    endloop
  endfacet
  facet normal -1 0 0
    outer loop
      vertex 146 203.6 0.6
      vertex 146 207 3.45
      vertex 146 207 0.6
    endloop
  endfacet
  facet normal -0.956940335732183 -0.2902846772545475 1.3078676029750395e-18
    outer loop
      vertex 145.92387953251128 207.3826834323651 0.6
      vertex 145.98078528040324 207.19509032201614 0.6
      vertex 145.98078528040324 207.19509032201614 3.45
    endloop
  endfacet
  facet normal -0.8819212643483905 -0.4713967368259312 0
    outer loop
      vertex 145.92387953251128 207.3826834323651 0.6
      vertex 145.92387953251128 207.3826834323651 3.45
      vertex 145.83146961230256 207.5555702330196 0.6
    endloop
  endfacet
  facet normal -0.995184726672202 -0.0980171403295089 0
    outer loop
      vertex 146 207 0.6
      vertex 146 207 3.45
      vertex 145.98078528040324 207.19509032201614 0.6
    endloop
  endfacet
  facet normal -0.7730104533627244 -0.6343932841636606 1.1303294640674708e-18
    outer loop
      vertex 145.70710678118655 207.70710678118655 0.6
      vertex 145.83146961230256 207.5555702330196 0.6
      vertex 145.83146961230256 207.5555702330196 3.45
    endloop
  endfacet
  facet normal -1 0 0
    outer loop
      vertex 146 114.80000000000001 0.6
      vertex 146 106.2 2.63
      vertex 146 107.5 2.63
    endloop
  endfacet
  facet normal -1 0 0
    outer loop
      vertex 146 114.80000000000001 0.6
      vertex 146 113.50000000000001 2.63
      vertex 146 114.80000000000001 2.63
    endloop
  endfacet
  facet normal -1 0 0
    outer loop
      vertex 146 125.80000000000001 0.6
      vertex 146 117.2 2.63
      vertex 146 118.5 2.63
    endloop
  endfacet
  facet normal -1 0 0
    outer loop
      vertex 146 125.80000000000001 0.6
      vertex 146 124.50000000000001 2.63
      vertex 146 125.80000000000001 2.63
    endloop
  endfacet
  facet normal -1 0 0
    outer loop
      vertex 146 114.80000000000001 0.6
      vertex 146 107.5 2.63
      vertex 146 107.5 3.44
    endloop
  endfacet
  facet normal -1 0 0
    outer loop
      vertex 146 114.80000000000001 0.6
      vertex 146 107.5 3.44
      vertex 146 113.50000000000001 2.63
    endloop
  endfacet
  facet normal -1 0 0
    outer loop
      vertex 146 125.80000000000001 0.6
      vertex 146 118.5 2.63
      vertex 146 118.5 3.44
    endloop
  endfacet
  facet normal -1 0 0
    outer loop
      vertex 146 125.80000000000001 0.6
      vertex 146 118.5 3.44
      vertex 146 124.50000000000001 2.63
    endloop
  endfacet
  facet normal -1 0 0
    outer loop
      vertex 146 136.79999999999998 0.6
      vertex 146 128.20000000000002 2.63
      vertex 146 129.5 2.63
    endloop
  endfacet
  facet normal -1 0 0
    outer loop
      vertex 146 136.79999999999998 0.6
      vertex 146 135.49999999999997 2.63
      vertex 146 136.79999999999998 2.63
    endloop
  endfacet
  facet normal -1 0 0
    outer loop
      vertex 146 147.79999999999998 0.6
      vertex 146 139.20000000000002 2.63
      vertex 146 140.5 2.63
    endloop
  endfacet
  facet normal -1 0 0
    outer loop
      vertex 146 147.79999999999998 0.6
      vertex 146 146.49999999999997 2.63
      vertex 146 147.79999999999998 2.63
    endloop
  endfacet
  facet normal -1 0 0
    outer loop
      vertex 146 158.79999999999998 0.6
      vertex 146 150.20000000000002 2.63
      vertex 146 151.5 2.63
    endloop
  endfacet
  facet normal -1 0 0
    outer loop
      vertex 146 136.79999999999998 0.6
      vertex 146 129.5 2.63
      vertex 146 129.5 3.44
    endloop
  endfacet
  facet normal -1 0 0
    outer loop
      vertex 146 136.79999999999998 0.6
      vertex 146 129.5 3.44
      vertex 146 135.49999999999997 2.63
    endloop
  endfacet
  facet normal -1 0 0
    outer loop
      vertex 146 147.79999999999998 0.6
      vertex 146 140.5 2.63
      vertex 146 140.5 3.44
    endloop
  endfacet
  facet normal -1 0 0
    outer loop
      vertex 146 147.79999999999998 0.6
      vertex 146 140.5 3.44
      vertex 146 146.49999999999997 2.63
    endloop
  endfacet
  facet normal -1 0 0
    outer loop
      vertex 146 158.79999999999998 0.6
      vertex 146 151.5 2.63
      vertex 146 151.5 3.44
    endloop
  endfacet
  facet normal -1 0 0
    outer loop
      vertex 146 158.79999999999998 0.6
      vertex 146 151.5 3.44
      vertex 146 157.49999999999997 2.63
    endloop
  endfacet
  facet normal -1 0 0
    outer loop
      vertex 146 105.4 3.44
      vertex 146 105.4 2.6499999999999995
      vertex 146 104.60000000000001 2.6499999999999995
    endloop
  endfacet
  facet normal -1 0 0
    outer loop
      vertex 146 116.4 3.44
      vertex 146 116.4 2.6499999999999995
      vertex 146 115.60000000000001 2.6499999999999995
    endloop
  endfacet
  facet normal -1 0 0
    outer loop
      vertex 146 127.4 3.44
      vertex 146 127.4 2.6499999999999995
      vertex 146 126.60000000000001 2.6499999999999995
    endloop
  endfacet
  facet normal -1 0 0
    outer loop
      vertex 146 113.50000000000001 2.63
      vertex 146 107.5 3.44
      vertex 146 113.50000000000001 3.44
    endloop
  endfacet
  facet normal -1 0 0
    outer loop
      vertex 146 115.60000000000001 3.44
      vertex 146 116.4 3.44
      vertex 146 115.60000000000001 2.6499999999999995
    endloop
  endfacet
  facet normal -1 0 0
    outer loop
      vertex 146 52.5 3.44
      vertex 146 207 3.45
      vertex 146 58.5 3.44
    endloop
  endfacet
  facet normal -1 0 0
    outer loop
      vertex 146 58.5 3.44
      vertex 146 207 3.45
      vertex 146 60.6 3.44
    endloop
  endfacet
  facet normal -1 0 0
    outer loop
      vertex 146 60.6 3.44
      vertex 146 207 3.45
      vertex 146 61.4 3.44
    endloop
  endfacet
  facet normal -1 0 0
    outer loop
      vertex 146 61.4 3.44
      vertex 146 207 3.45
      vertex 146 63.5 3.44
    endloop
  endfacet
  facet normal -1 0 0
    outer loop
      vertex 146 63.5 3.44
      vertex 146 207 3.45
      vertex 146 69.5 3.44
    endloop
  endfacet
  facet normal -1 0 0
    outer loop
      vertex 146 69.5 3.44
      vertex 146 207 3.45
      vertex 146 71.6 3.44
    endloop
  endfacet
  facet normal -1 0 0
    outer loop
      vertex 146 71.6 3.44
      vertex 146 207 3.45
      vertex 146 72.4 3.44
    endloop
  endfacet
  facet normal -1 0 0
    outer loop
      vertex 146 72.4 3.44
      vertex 146 207 3.45
      vertex 146 74.5 3.44
    endloop
  endfacet
  facet normal -1 0 0
    outer loop
      vertex 146 124.50000000000001 2.63
      vertex 146 118.5 3.44
      vertex 146 124.50000000000001 3.44
    endloop
  endfacet
  facet normal -1 0 0
    outer loop
      vertex 146 126.60000000000001 3.44
      vertex 146 127.4 3.44
      vertex 146 126.60000000000001 2.6499999999999995
    endloop
  endfacet
  facet normal -1 0 0
    outer loop
      vertex 146 74.5 3.44
      vertex 146 207 3.45
      vertex 146 80.50000000000001 3.44
    endloop
  endfacet
  facet normal -1 0 0
    outer loop
      vertex 146 80.50000000000001 3.44
      vertex 146 207 3.45
      vertex 146 82.60000000000001 3.44
    endloop
  endfacet
  facet normal -1 0 0
    outer loop
      vertex 146 82.60000000000001 3.44
      vertex 146 207 3.45
      vertex 146 83.4 3.44
    endloop
  endfacet
  facet normal -1 0 0
    outer loop
      vertex 146 83.4 3.44
      vertex 146 207 3.45
      vertex 146 85.5 3.44
    endloop
  endfacet
  facet normal -1 0 0
    outer loop
      vertex 146 85.5 3.44
      vertex 146 207 3.45
      vertex 146 91.50000000000001 3.44
    endloop
  endfacet
  facet normal -1 0 0
    outer loop
      vertex 146 91.50000000000001 3.44
      vertex 146 207 3.45
      vertex 146 93.60000000000001 3.44
    endloop
  endfacet
  facet normal -1 0 0
    outer loop
      vertex 146 138.4 3.44
      vertex 146 138.4 2.6499999999999995
      vertex 146 137.6 2.6499999999999995
    endloop
  endfacet
  facet normal -1 0 0
    outer loop
      vertex 146 149.4 3.44
      vertex 146 149.4 2.6499999999999995
      vertex 146 148.6 2.6499999999999995
    endloop
  endfacet
  facet normal -1 0 0
    outer loop
      vertex 146 129.5 3.44
      vertex 146 135.49999999999997 3.44
      vertex 146 135.49999999999997 2.63
    endloop
  endfacet
  facet normal -1 0 0
    outer loop
      vertex 146 137.59999999999997 3.44
      vertex 146 138.4 3.44
      vertex 146 137.6 2.6499999999999995
    endloop
  endfacet
  facet normal -1 0 0
    outer loop
      vertex 146 93.60000000000001 3.44
      vertex 146 207 3.45
      vertex 146 94.4 3.44
    endloop
  endfacet
  facet normal -1 0 0
    outer loop
      vertex 146 94.4 3.44
      vertex 146 207 3.45
      vertex 146 96.5 3.44
    endloop
  endfacet
  facet normal -1 0 0
    outer loop
      vertex 146 96.5 3.44
      vertex 146 207 3.45
      vertex 146 102.50000000000001 3.44
    endloop
  endfacet
  facet normal -1 0 0
    outer loop
      vertex 146 102.50000000000001 3.44
      vertex 146 207 3.45
      vertex 146 104.60000000000001 3.44
    endloop
  endfacet
  facet normal -1 0 0
    outer loop
      vertex 146 104.60000000000001 3.44
      vertex 146 207 3.45
      vertex 146 105.4 3.44
    endloop
  endfacet
  facet normal -1 0 0
    outer loop
      vertex 146 105.4 3.44
      vertex 146 207 3.45
      vertex 146 107.5 3.44
    endloop
  endfacet
  facet normal -1 0 0
    outer loop
      vertex 146 107.5 3.44
      vertex 146 207 3.45
      vertex 146 113.50000000000001 3.44
    endloop
  endfacet
  facet normal -1 0 0
    outer loop
      vertex 146 146.49999999999997 2.63
      vertex 146 140.5 3.44
      vertex 146 146.49999999999997 3.44
    endloop
  endfacet
  facet normal -1 0 0
    outer loop
      vertex 146 148.59999999999997 3.44
      vertex 146 149.4 3.44
      vertex 146 148.6 2.6499999999999995
    endloop
  endfacet
  facet normal -1 0 0
    outer loop
      vertex 146 157.49999999999997 2.63
      vertex 146 151.5 3.44
      vertex 146 157.49999999999997 3.44
    endloop
  endfacet
  facet normal -1 0 0
    outer loop
      vertex 146 113.50000000000001 3.44
      vertex 146 207 3.45
      vertex 146 115.60000000000001 3.44
    endloop
  endfacet
  facet normal -1 0 0
    outer loop
      vertex 146 115.60000000000001 3.44
      vertex 146 207 3.45
      vertex 146 116.4 3.44
    endloop
  endfacet
  facet normal -1 0 0
    outer loop
      vertex 146 116.4 3.44
      vertex 146 207 3.45
      vertex 146 118.5 3.44
    endloop
  endfacet
  facet normal -1 0 0
    outer loop
      vertex 146 118.5 3.44
      vertex 146 207 3.45
      vertex 146 124.50000000000001 3.44
    endloop
  endfacet
  facet normal -1 0 0
    outer loop
      vertex 146 124.50000000000001 3.44
      vertex 146 207 3.45
      vertex 146 126.60000000000001 3.44
    endloop
  endfacet
  facet normal -1 0 0
    outer loop
      vertex 146 126.60000000000001 3.44
      vertex 146 207 3.45
      vertex 146 127.4 3.44
    endloop
  endfacet
  facet normal -1 0 0
    outer loop
      vertex 146 127.4 3.44
      vertex 146 207 3.45
      vertex 146 129.5 3.44
    endloop
  endfacet
  facet normal -1 0 0
    outer loop
      vertex 146 129.5 3.44
      vertex 146 207 3.45
      vertex 146 135.49999999999997 3.44
    endloop
  endfacet
  facet normal -1 0 0
    outer loop
      vertex 146 158.79999999999998 0.6
      vertex 146 157.49999999999997 2.63
      vertex 146 158.79999999999998 2.63
    endloop
  endfacet
  facet normal -1 0 0
    outer loop
      vertex 146 169.79999999999998 0.6
      vertex 146 161.20000000000002 2.63
      vertex 146 162.5 2.63
    endloop
  endfacet
  facet normal -1 0 0
    outer loop
      vertex 146 169.79999999999998 0.6
      vertex 146 168.49999999999997 2.63
      vertex 146 169.79999999999998 2.63
    endloop
  endfacet
  facet normal -1 0 0
    outer loop
      vertex 146 180.79999999999998 0.6
      vertex 146 172.20000000000002 2.63
      vertex 146 173.5 2.63
    endloop
  endfacet
  facet normal -1 0 0
    outer loop
      vertex 146 180.79999999999998 0.6
      vertex 146 173.5 2.63
      vertex 146 179.49999999999997 2.63
    endloop
  endfacet
  facet normal -1 0 0
    outer loop
      vertex 146 180.79999999999998 0.6
      vertex 146 179.49999999999997 2.63
      vertex 146 180.79999999999998 2.63
    endloop
  endfacet
  facet normal -1 0 0
    outer loop
      vertex 146 169.79999999999998 0.6
      vertex 146 162.5 2.63
      vertex 146 162.5 3.44
    endloop
  endfacet
  facet normal -1 0 0
    outer loop
      vertex 146 169.79999999999998 0.6
      vertex 146 162.5 3.44
      vertex 146 168.49999999999997 2.63
    endloop
  endfacet
  facet normal -1 0 0
    outer loop
      vertex 146 191.79999999999998 0.6
      vertex 146 183.20000000000002 2.63
      vertex 146 184.5 2.63
    endloop
  endfacet
  facet normal -1 0 0
    outer loop
      vertex 146 191.79999999999998 0.6
      vertex 146 184.5 2.63
      vertex 146 190.49999999999997 2.63
    endloop
  endfacet
  facet normal -1 0 0
    outer loop
      vertex 146 191.79999999999998 0.6
      vertex 146 190.49999999999997 2.63
      vertex 146 191.79999999999998 2.63
    endloop
  endfacet
  facet normal -1 0 0
    outer loop
      vertex 146 202.79999999999998 0.6
      vertex 146 194.20000000000002 2.63
      vertex 146 195.5 2.63
    endloop
  endfacet
  facet normal -1 0 0
    outer loop
      vertex 146 202.79999999999998 0.6
      vertex 146 195.5 2.63
      vertex 146 201.49999999999997 2.63
    endloop
  endfacet
  facet normal -1 0 0
    outer loop
      vertex 146 202.79999999999998 0.6
      vertex 146 201.49999999999997 2.63
      vertex 146 202.79999999999998 2.63
    endloop
  endfacet
  facet normal -1 0 0
    outer loop
      vertex 146 203.6 0.6
      vertex 146 203.6 2.6499999999999995
      vertex 146 207 3.45
    endloop
  endfacet
  facet normal -0.0980171403295089 -0.995184726672202 0
    outer loop
      vertex 145 208 0.6
      vertex 145.19509032201614 207.98078528040324 3.45
      vertex 145 208 3.45
    endloop
  endfacet
  facet normal -0.2902846772545475 -0.956940335732183 0
    outer loop
      vertex 145.19509032201614 207.98078528040324 0.6
      vertex 145.3826834323651 207.92387953251128 3.45
      vertex 145.19509032201614 207.98078528040324 3.45
    endloop
  endfacet
  facet normal -0.4713967368259312 -0.8819212643483905 0
    outer loop
      vertex 145.3826834323651 207.92387953251128 0.6
      vertex 145.5555702330196 207.83146961230256 3.45
      vertex 145.3826834323651 207.92387953251128 3.45
    endloop
  endfacet
  facet normal -0.6343932841636606 -0.7730104533627244 0
    outer loop
      vertex 145.5555702330196 207.83146961230256 0.6
      vertex 145.70710678118655 207.70710678118655 3.45
      vertex 145.5555702330196 207.83146961230256 3.45
    endloop
  endfacet
  facet normal -0.956940335732183 -0.2902846772545475 0
    outer loop
      vertex 145.92387953251128 207.3826834323651 0.6
      vertex 145.98078528040324 207.19509032201614 3.45
      vertex 145.92387953251128 207.3826834323651 3.45
    endloop
  endfacet
  facet normal -0.8819212643483905 -0.4713967368259312 0
    outer loop
      vertex 145.83146961230256 207.5555702330196 0.6
      vertex 145.92387953251128 207.3826834323651 3.45
      vertex 145.83146961230256 207.5555702330196 3.45
    endloop
  endfacet
  facet normal -0.995184726672202 -0.0980171403295089 0
    outer loop
      vertex 145.98078528040324 207.19509032201614 0.6
      vertex 146 207 3.45
      vertex 145.98078528040324 207.19509032201614 3.45
    endloop
  endfacet
  facet normal -0.7730104533627244 -0.6343932841636606 0
    outer loop
      vertex 145.70710678118655 207.70710678118655 0.6
      vertex 145.83146961230256 207.5555702330196 3.45
      vertex 145.70710678118655 207.70710678118655 3.45
    endloop
  endfacet
  facet normal -1 0 0
    outer loop
      vertex 146 160.4 3.44
      vertex 146 160.4 2.6499999999999995
      vertex 146 159.6 2.6499999999999995
    endloop
  endfacet
  facet normal -1 0 0
    outer loop
      vertex 146 171.4 3.44
      vertex 146 171.4 2.6499999999999995
      vertex 146 170.6 2.6499999999999995
    endloop
  endfacet
  facet normal -1 0 0
    outer loop
      vertex 146 173.5 2.63
      vertex 146 179.49999999999997 3.44
      vertex 146 179.49999999999997 2.63
    endloop
  endfacet
  facet normal -1 0 0
    outer loop
      vertex 146 182.4 3.44
      vertex 146 182.4 2.6499999999999995
      vertex 146 181.6 2.6499999999999995
    endloop
  endfacet
  facet normal -1 0 0
    outer loop
      vertex 146 159.59999999999997 3.44
      vertex 146 160.4 3.44
      vertex 146 159.6 2.6499999999999995
    endloop
  endfacet
  facet normal -1 0 0
    outer loop
      vertex 146 168.49999999999997 2.63
      vertex 146 162.5 3.44
      vertex 146 168.49999999999997 3.44
    endloop
  endfacet
  facet normal -1 0 0
    outer loop
      vertex 146 135.49999999999997 3.44
      vertex 146 207 3.45
      vertex 146 137.59999999999997 3.44
    endloop
  endfacet
  facet normal -1 0 0
    outer loop
      vertex 146 137.59999999999997 3.44
      vertex 146 207 3.45
      vertex 146 138.4 3.44
    endloop
  endfacet
  facet normal -1 0 0
    outer loop
      vertex 146 138.4 3.44
      vertex 146 207 3.45
      vertex 146 140.5 3.44
    endloop
  endfacet
  facet normal -1 0 0
    outer loop
      vertex 146 140.5 3.44
      vertex 146 207 3.45
      vertex 146 146.49999999999997 3.44
    endloop
  endfacet
  facet normal -1 0 0
    outer loop
      vertex 146 146.49999999999997 3.44
      vertex 146 207 3.45
      vertex 146 148.59999999999997 3.44
    endloop
  endfacet
  facet normal -1 0 0
    outer loop
      vertex 146 148.59999999999997 3.44
      vertex 146 207 3.45
      vertex 146 149.4 3.44
    endloop
  endfacet
  facet normal -1 0 0
    outer loop
      vertex 146 149.4 3.44
      vertex 146 207 3.45
      vertex 146 151.5 3.44
    endloop
  endfacet
  facet normal -1 0 0
    outer loop
      vertex 146 170.59999999999997 3.44
      vertex 146 171.4 3.44
      vertex 146 170.6 2.6499999999999995
    endloop
  endfacet
  facet normal -1 0 0
    outer loop
      vertex 146 173.5 2.63
      vertex 146 173.5 3.44
      vertex 146 179.49999999999997 3.44
    endloop
  endfacet
  facet normal -1 0 0
    outer loop
      vertex 146 181.59999999999997 3.44
      vertex 146 182.4 3.44
      vertex 146 181.6 2.6499999999999995
    endloop
  endfacet
  facet normal -1 0 0
    outer loop
      vertex 146 151.5 3.44
      vertex 146 207 3.45
      vertex 146 157.49999999999997 3.44
    endloop
  endfacet
  facet normal -1 0 0
    outer loop
      vertex 146 157.49999999999997 3.44
      vertex 146 207 3.45
      vertex 146 159.59999999999997 3.44
    endloop
  endfacet
  facet normal -1 0 0
    outer loop
      vertex 146 159.59999999999997 3.44
      vertex 146 207 3.45
      vertex 146 160.4 3.44
    endloop
  endfacet
  facet normal -1 0 0
    outer loop
      vertex 146 160.4 3.44
      vertex 146 207 3.45
      vertex 146 162.5 3.44
    endloop
  endfacet
  facet normal -1 0 0
    outer loop
      vertex 146 162.5 3.44
      vertex 146 207 3.45
      vertex 146 168.49999999999997 3.44
    endloop
  endfacet
  facet normal -1 0 0
    outer loop
      vertex 146 168.49999999999997 3.44
      vertex 146 207 3.45
      vertex 146 170.59999999999997 3.44
    endloop
  endfacet
  facet normal -1 0 0
    outer loop
      vertex 146 170.59999999999997 3.44
      vertex 146 207 3.45
      vertex 146 171.4 3.44
    endloop
  endfacet
  facet normal -1 0 0
    outer loop
      vertex 146 184.5 2.63
      vertex 146 190.49999999999997 3.44
      vertex 146 190.49999999999997 2.63
    endloop
  endfacet
  facet normal -1 0 0
    outer loop
      vertex 146 193.4 3.44
      vertex 146 193.4 2.6499999999999995
      vertex 146 192.6 2.6499999999999995
    endloop
  endfacet
  facet normal -1 0 0
    outer loop
      vertex 146 195.5 2.63
      vertex 146 201.49999999999997 3.44
      vertex 146 201.49999999999997 2.63
    endloop
  endfacet
  facet normal -1 0 0
    outer loop
      vertex 146 184.5 2.63
      vertex 146 184.5 3.44
      vertex 146 190.49999999999997 3.44
    endloop
  endfacet
  facet normal -1 0 0
    outer loop
      vertex 146 192.59999999999997 3.44
      vertex 146 193.4 3.44
      vertex 146 192.6 2.6499999999999995
    endloop
  endfacet
  facet normal -1 0 0
    outer loop
      vertex 146 171.4 3.44
      vertex 146 207 3.45
      vertex 146 173.5 3.44
    endloop
  endfacet
  facet normal -1 0 0
    outer loop
      vertex 146 173.5 3.44
      vertex 146 207 3.45
      vertex 146 179.49999999999997 3.44
    endloop
  endfacet
  facet normal -1 0 0
    outer loop
      vertex 146 179.49999999999997 3.44
      vertex 146 207 3.45
      vertex 146 181.59999999999997 3.44
    endloop
  endfacet
  facet normal -1 0 0
    outer loop
      vertex 146 181.59999999999997 3.44
      vertex 146 207 3.45
      vertex 146 182.4 3.44
    endloop
  endfacet
  facet normal -1 0 0
    outer loop
      vertex 146 182.4 3.44
      vertex 146 207 3.45
      vertex 146 184.5 3.44
    endloop
  endfacet
  facet normal -1 0 0
    outer loop
      vertex 146 184.5 3.44
      vertex 146 207 3.45
      vertex 146 190.49999999999997 3.44
    endloop
  endfacet
  facet normal -1 0 0
    outer loop
      vertex 146 190.49999999999997 3.44
      vertex 146 207 3.45
      vertex 146 192.59999999999997 3.44
    endloop
  endfacet
  facet normal -1 0 0
    outer loop
      vertex 146 195.5 2.63
      vertex 146 195.5 3.44
      vertex 146 201.49999999999997 3.44
    endloop
  endfacet
  facet normal -1 0 0
    outer loop
      vertex 146 203.6 2.6499999999999995
      vertex 146 203.59999999999997 3.44
      vertex 146 207 3.45
    endloop
  endfacet
  facet normal -1 0 0
    outer loop
      vertex 146 192.59999999999997 3.44
      vertex 146 207 3.45
      vertex 146 193.4 3.44
    endloop
  endfacet
  facet normal -1 0 0
    outer loop
      vertex 146 193.4 3.44
      vertex 146 207 3.45
      vertex 146 195.5 3.44
    endloop
  endfacet
  facet normal -1 0 0
    outer loop
      vertex 146 195.5 3.44
      vertex 146 207 3.45
      vertex 146 201.49999999999997 3.44
    endloop
  endfacet
  facet normal -1 0 0
    outer loop
      vertex 146 201.49999999999997 3.44
      vertex 146 207 3.45
      vertex 146 203.59999999999997 3.44
    endloop
  endfacet
  facet normal 1 0 0
    outer loop
      vertex 12.25 2 0.6
      vertex 12.25 5.8 0.6
      vertex 12.25 5.8 1.29
    endloop
  endfacet
  facet normal 1 0 0
    outer loop
      vertex 12.25 2 0.6
      vertex 12.25 5.8 1.29
      vertex 12.25 5.8 1.2938028169014084
    endloop
  endfacet
  facet normal 1 0 0
    outer loop
      vertex 12.25 6.6 1.2899999999999998
      vertex 12.25 6.6 0.6
      vertex 12.25 7.9 1.2899999999999998
    endloop
  endfacet
  facet normal 1 0 0
    outer loop
      vertex 12.25 17.6 0.6
      vertex 12.25 18.900000000000002 1.2899999999999998
      vertex 12.25 17.6 1.2899999999999998
    endloop
  endfacet
  facet normal 1 0 0
    outer loop
      vertex 12.25 17.6 0.6
      vertex 12.25 26.1 1.29
      vertex 12.25 26.1 1.2938028169014084
    endloop
  endfacet
  facet normal 1 0 0
    outer loop
      vertex 12.25 7.9 1.2899999999999998
      vertex 12.25 6.6 0.6
      vertex 12.25 15.1 2.1100000000000003
    endloop
  endfacet
  facet normal 1 0 0
    outer loop
      vertex 12.25 15.099999999999998 1.2899999999999998
      vertex 12.25 15.1 2.0999999999999996
      vertex 12.25 6.6 0.6
    endloop
  endfacet
  facet normal 1 0 0
    outer loop
      vertex 12.25 15.1 2.0999999999999996
      vertex 12.25 15.1 2.1100000000000003
      vertex 12.25 6.6 0.6
    endloop
  endfacet
  facet normal 1 0 0
    outer loop
      vertex 12.25 17.6 0.6
      vertex 12.25 26.1 2.1100000000000003
      vertex 12.25 18.900000000000002 1.2899999999999998
    endloop
  endfacet
  facet normal 1 0 0
    outer loop
      vertex 12.25 17.6 0.6
      vertex 12.25 26.1 1.2938028169014084
      vertex 12.25 26.1 2.1100000000000003
    endloop
  endfacet
  facet normal 1 0 0
    outer loop
      vertex 12.25 28.6 0.6
      vertex 12.25 29.900000000000002 1.2899999999999998
      vertex 12.25 28.6 1.2899999999999998
    endloop
  endfacet
  facet normal 1 0 0
    outer loop
      vertex 12.25 39.599999999999994 0.6
      vertex 12.25 40.9 1.2899999999999998
      vertex 12.25 39.599999999999994 1.2899999999999998
    endloop
  endfacet
  facet normal 1 0 0
    outer loop
      vertex 12.25 28.6 0.6
      vertex 12.25 37.1 2.1100000000000003
      vertex 12.25 29.900000000000002 1.2899999999999998
    endloop
  endfacet
  facet normal 1 0 0
    outer loop
      vertex 12.25 28.6 0.6
      vertex 12.25 37.1 1.29
      vertex 12.25 37.1 2.1100000000000003
    endloop
  endfacet
  facet normal 1 0 0
    outer loop
      vertex 12.25 39.599999999999994 0.6
      vertex 12.25 48.099999999999994 2.1100000000000003
      vertex 12.25 40.9 1.2899999999999998
    endloop
  endfacet
  facet normal 1 0 0
    outer loop
      vertex 12.25 39.599999999999994 0.6
      vertex 12.25 48.099999999999994 1.29
      vertex 12.25 48.099999999999994 2.1100000000000003
    endloop
  endfacet
  facet normal 1 0 0
    outer loop
      vertex 12.25 50.599999999999994 0.6
      vertex 12.25 60.4 0.6
      vertex 12.25 50.599999999999994 1.2899999999999998
    endloop
  endfacet
  facet normal 1 0 0
    outer loop
      vertex 12.25 61.599999999999994 0.6
      vertex 12.25 71.4 0.6
      vertex 12.25 61.599999999999994 1.2899999999999998
    endloop
  endfacet
  facet normal 1 0 0
    outer loop
      vertex 12.25 72.6 0.6
      vertex 12.25 82.4 0.6
      vertex 12.25 72.6 1.2899999999999998
    endloop
  endfacet
  facet normal 1 0 0
    outer loop
      vertex 12.25 83.6 0.6
      vertex 12.25 93.4 0.6
      vertex 12.25 83.6 1.2899999999999998
    endloop
  endfacet
  facet normal 1 0 0
    outer loop
      vertex 12.25 94.6 0.6
      vertex 12.25 104.4 0.6
      vertex 12.25 94.6 1.2899999999999998
    endloop
  endfacet
  facet normal 1 0 0
    outer loop
      vertex 12.25 50.599999999999994 1.2899999999999998
      vertex 12.25 60.4 0.6
      vertex 12.25 51.9 1.2899999999999998
    endloop
  endfacet
  facet normal 1 0 0
    outer loop
      vertex 12.25 51.9 1.2899999999999998
      vertex 12.25 60.4 0.6
      vertex 12.25 59.099999999999994 1.29
    endloop
  endfacet
  facet normal 1 0 0
    outer loop
      vertex 12.25 71.4 0.6
      vertex 12.25 62.9 1.2899999999999998
      vertex 12.25 61.599999999999994 1.2899999999999998
    endloop
  endfacet
  facet normal 1 0 0
    outer loop
      vertex 12.25 71.4 0.6
      vertex 12.25 70.10000000000001 1.29
      vertex 12.25 62.9 1.2899999999999998
    endloop
  endfacet
  facet normal 1 0 0
    outer loop
      vertex 12.25 82.4 0.6
      vertex 12.25 73.89999999999999 1.2899999999999998
      vertex 12.25 72.6 1.2899999999999998
    endloop
  endfacet
  facet normal 1 0 0
    outer loop
      vertex 12.25 51.9 1.2899999999999998
      vertex 12.25 59.099999999999994 1.29
      vertex 12.25 51.9 2.1100000000000003
    endloop
  endfacet
  facet normal 1 0 0
    outer loop
      vertex 12.25 62.9 1.2899999999999998
      vertex 12.25 70.10000000000001 1.29
      vertex 12.25 62.9 2.1100000000000003
    endloop
  endfacet
  facet normal 1 0 0
    outer loop
      vertex 12.25 73.89999999999999 1.2899999999999998
      vertex 12.25 81.10000000000001 1.29
      vertex 12.25 73.89999999999999 2.0999999999999996
    endloop
  endfacet
  facet normal 1 0 0
    outer loop
      vertex 12.25 82.4 0.6
      vertex 12.25 81.10000000000001 1.29
      vertex 12.25 73.89999999999999 1.2899999999999998
    endloop
  endfacet
  facet normal 1 0 0
    outer loop
      vertex 12.25 93.4 0.6
      vertex 12.25 84.89999999999999 1.2899999999999998
      vertex 12.25 83.6 1.2899999999999998
    endloop
  endfacet
  facet normal 1 0 0
    outer loop
      vertex 12.25 93.4 0.6
      vertex 12.25 92.10000000000001 1.29
      vertex 12.25 84.89999999999999 1.2899999999999998
    endloop
  endfacet
  facet normal 1 0 0
    outer loop
      vertex 12.25 104.4 0.6
      vertex 12.25 95.89999999999999 1.2899999999999998
      vertex 12.25 94.6 1.2899999999999998
    endloop
  endfacet
  facet normal 1 0 0
    outer loop
      vertex 12.25 104.4 0.6
      vertex 12.25 103.10000000000001 1.29
      vertex 12.25 95.89999999999999 1.2899999999999998
    endloop
  endfacet
  facet normal 1 0 0
    outer loop
      vertex 12.25 84.89999999999999 1.2899999999999998
      vertex 12.25 92.10000000000001 1.29
      vertex 12.25 84.89999999999999 2.1100000000000003
    endloop
  endfacet
  facet normal 1 0 0
    outer loop
      vertex 12.25 95.89999999999999 1.2899999999999998
      vertex 12.25 103.10000000000001 1.29
      vertex 12.25 95.89999999999999 2.0999999999999996
    endloop
  endfacet
  facet normal 1 0 0
    outer loop
      vertex 12.25 7.9 1.2899999999999998
      vertex 12.25 15.1 2.1100000000000003
      vertex 12.25 7.9 2.1100000000000003
    endloop
  endfacet
  facet normal 1 0 0
    outer loop
      vertex 12.25 18.900000000000002 1.2899999999999998
      vertex 12.25 26.1 2.1100000000000003
      vertex 12.25 18.900000000000002 2.0999999999999996
    endloop
  endfacet
  facet normal 1 0 0
    outer loop
      vertex 12.25 18.900000000000002 2.0999999999999996
      vertex 12.25 26.1 2.1100000000000003
      vertex 12.25 18.900000000000002 2.1100000000000003
    endloop
  endfacet
  facet normal 1 0 0
    outer loop
      vertex 12.25 29.900000000000002 1.2899999999999998
      vertex 12.25 37.1 2.1100000000000003
      vertex 12.25 29.900000000000002 2.0999999999999996
    endloop
  endfacet
  facet normal 1 0 0
    outer loop
      vertex 12.25 29.900000000000002 2.0999999999999996
      vertex 12.25 37.1 2.1100000000000003
      vertex 12.25 29.900000000000002 2.1100000000000003
    endloop
  endfacet
  facet normal 1 0 0
    outer loop
      vertex 12.25 40.9 1.2899999999999998
      vertex 12.25 48.099999999999994 2.1100000000000003
      vertex 12.25 40.9 2.1100000000000003
    endloop
  endfacet
  facet normal 1 0 0
    outer loop
      vertex 12.25 59.099999999999994 1.29
      vertex 12.25 59.099999999999994 2.1100000000000003
      vertex 12.25 51.9 2.1100000000000003
    endloop
  endfacet
  facet normal 1 0 0
    outer loop
      vertex 12.25 70.10000000000001 1.29
      vertex 12.25 70.10000000000001 2.1100000000000003
      vertex 12.25 62.9 2.1100000000000003
    endloop
  endfacet
  facet normal 1 0 0
    outer loop
      vertex 12.25 81.10000000000001 1.29
      vertex 12.25 73.89999999999999 2.1100000000000003
      vertex 12.25 73.89999999999999 2.0999999999999996
    endloop
  endfacet
  facet normal 1 0 0
    outer loop
      vertex 12.25 81.10000000000001 1.29
      vertex 12.25 81.10000000000001 2.1100000000000003
      vertex 12.25 73.89999999999999 2.1100000000000003
    endloop
  endfacet
  facet normal 1 0 0
    outer loop
      vertex 12.25 92.10000000000001 1.29
      vertex 12.25 92.10000000000001 2.1100000000000003
      vertex 12.25 84.89999999999999 2.1100000000000003
    endloop
  endfacet
  facet normal 1 0 0
    outer loop
      vertex 12.25 103.10000000000001 1.29
      vertex 12.25 95.89999999999999 2.1100000000000003
      vertex 12.25 95.89999999999999 2.0999999999999996
    endloop
  endfacet
  facet normal 1 0 0
    outer loop
      vertex 12.25 103.10000000000001 1.29
      vertex 12.25 103.10000000000001 2.1100000000000003
      vertex 12.25 95.89999999999999 2.1100000000000003
    endloop
  endfacet
  facet normal 1 0 0
    outer loop
      vertex 12.25 105.6 0.6
      vertex 12.25 106.89999999999999 1.2899999999999998
      vertex 12.25 105.6 1.2899999999999998
    endloop
  endfacet
  facet normal 1 0 0
    outer loop
      vertex 12.25 116.6 0.6
      vertex 12.25 117.89999999999999 1.2899999999999998
      vertex 12.25 116.6 1.2899999999999998
    endloop
  endfacet
  facet normal 1 0 0
    outer loop
      vertex 12.25 127.6 1.2899999999999998
      vertex 12.25 127.6 0.6
      vertex 12.25 128.9 1.2899999999999998
    endloop
  endfacet
  facet normal 1 0 0
    outer loop
      vertex 12.25 105.6 0.6
      vertex 12.25 114.10000000000001 2.1100000000000003
      vertex 12.25 106.89999999999999 1.2899999999999998
    endloop
  endfacet
  facet normal 1 0 0
    outer loop
      vertex 12.25 105.6 0.6
      vertex 12.25 114.10000000000001 1.29
      vertex 12.25 114.10000000000001 2.1100000000000003
    endloop
  endfacet
  facet normal 1 0 0
    outer loop
      vertex 12.25 116.6 0.6
      vertex 12.25 125.10000000000001 2.1100000000000003
      vertex 12.25 117.89999999999999 1.2899999999999998
    endloop
  endfacet
  facet normal 1 0 0
    outer loop
      vertex 12.25 116.6 0.6
      vertex 12.25 125.10000000000001 1.29
      vertex 12.25 125.10000000000001 2.1100000000000003
    endloop
  endfacet
  facet normal 1 0 0
    outer loop
      vertex 12.25 128.9 1.2899999999999998
      vertex 12.25 127.6 0.6
      vertex 12.25 136.1 2.1100000000000003
    endloop
  endfacet
  facet normal 1 0 0
    outer loop
      vertex 12.25 138.60000000000002 1.2899999999999998
      vertex 12.25 138.60000000000002 0.6
      vertex 12.25 139.9 1.2899999999999998
    endloop
  endfacet
  facet normal 1 0 0
    outer loop
      vertex 12.25 149.60000000000002 1.2899999999999998
      vertex 12.25 149.60000000000002 0.6
      vertex 12.25 150.9 1.2899999999999998
    endloop
  endfacet
  facet normal 1 0 0
    outer loop
      vertex 12.25 136.09999999999997 1.2899999999999998
      vertex 12.25 136.1 2.0999999999999996
      vertex 12.25 127.6 0.6
    endloop
  endfacet
  facet normal 1 0 0
    outer loop
      vertex 12.25 139.9 1.2899999999999998
      vertex 12.25 138.60000000000002 0.6
      vertex 12.25 147.10000000000002 2.1100000000000003
    endloop
  endfacet
  facet normal 1 0 0
    outer loop
      vertex 12.25 147.1 1.2899999999999998
      vertex 12.25 147.10000000000002 2.0999999999999996
      vertex 12.25 138.60000000000002 0.6
    endloop
  endfacet
  facet normal 1 0 0
    outer loop
      vertex 12.25 136.1 2.0999999999999996
      vertex 12.25 136.1 2.1100000000000003
      vertex 12.25 127.6 0.6
    endloop
  endfacet
  facet normal 1 0 0
    outer loop
      vertex 12.25 147.10000000000002 2.0999999999999996
      vertex 12.25 147.10000000000002 2.1100000000000003
      vertex 12.25 138.60000000000002 0.6
    endloop
  endfacet
  facet normal 1 0 0
    outer loop
      vertex 12.25 150.9 1.2899999999999998
      vertex 12.25 149.60000000000002 0.6
      vertex 12.25 158.10000000000002 2.1100000000000003
    endloop
  endfacet
  facet normal 1 0 0
    outer loop
      vertex 12.25 158.1 1.2899999999999998
      vertex 12.25 158.10000000000002 2.0999999999999996
      vertex 12.25 149.60000000000002 0.6
    endloop
  endfacet
  facet normal 1 0 0
    outer loop
      vertex 12.25 158.10000000000002 2.0999999999999996
      vertex 12.25 158.10000000000002 2.1100000000000003
      vertex 12.25 149.60000000000002 0.6
    endloop
  endfacet
  facet normal 1 0 0
    outer loop
      vertex 12.25 204.20000000000002 0.6
      vertex 12.25 208 0.6
      vertex 12.25 204.2 1.29
    endloop
  endfacet
  facet normal 1 0 0
    outer loop
      vertex 12.25 160.60000000000002 1.2899999999999998
      vertex 12.25 160.60000000000002 0.6
      vertex 12.25 161.9 1.2899999999999998
    endloop
  endfacet
  facet normal 1 0 0
    outer loop
      vertex 12.25 171.60000000000002 1.2899999999999998
      vertex 12.25 171.60000000000002 0.6
      vertex 12.25 172.9 1.2899999999999998
    endloop
  endfacet
  facet normal 1 0 0
    outer loop
      vertex 12.25 182.60000000000002 1.2899999999999998
      vertex 12.25 182.60000000000002 0.6
      vertex 12.25 183.9 1.2899999999999998
    endloop
  endfacet
  facet normal 1 0 0
    outer loop
      vertex 12.25 161.9 1.2899999999999998
      vertex 12.25 160.60000000000002 0.6
      vertex 12.25 169.10000000000002 2.1100000000000003
    endloop
  endfacet
  facet normal 1 0 0
    outer loop
      vertex 12.25 169.1 1.2899999999999998
      vertex 12.25 169.10000000000002 2.0999999999999996
      vertex 12.25 160.60000000000002 0.6
    endloop
  endfacet
  facet normal 1 0 0
    outer loop
      vertex 12.25 169.10000000000002 2.0999999999999996
      vertex 12.25 169.10000000000002 2.1100000000000003
      vertex 12.25 160.60000000000002 0.6
    endloop
  endfacet
  facet normal 1 0 0
    outer loop
      vertex 12.25 172.9 1.2899999999999998
      vertex 12.25 171.60000000000002 0.6
      vertex 12.25 180.10000000000002 2.1100000000000003
    endloop
  endfacet
  facet normal 1 0 0
    outer loop
      vertex 12.25 180.1 1.2899999999999998
      vertex 12.25 180.10000000000002 2.0999999999999996
      vertex 12.25 171.60000000000002 0.6
    endloop
  endfacet
  facet normal 1 0 0
    outer loop
      vertex 12.25 180.10000000000002 2.0999999999999996
      vertex 12.25 180.10000000000002 2.1100000000000003
      vertex 12.25 171.60000000000002 0.6
    endloop
  endfacet
  facet normal 1 0 0
    outer loop
      vertex 12.25 193.60000000000002 1.2899999999999998
      vertex 12.25 193.60000000000002 0.6
      vertex 12.25 194.9 1.2899999999999998
    endloop
  endfacet
  facet normal 1 0 0
    outer loop
      vertex 12.25 183.9 1.2899999999999998
      vertex 12.25 182.60000000000002 0.6
      vertex 12.25 191.10000000000002 2.1100000000000003
    endloop
  endfacet
  facet normal 1 0 0
    outer loop
      vertex 12.25 191.1 1.2899999999999998
      vertex 12.25 191.10000000000002 2.0999999999999996
      vertex 12.25 182.60000000000002 0.6
    endloop
  endfacet
  facet normal 1 0 0
    outer loop
      vertex 12.25 194.9 1.2899999999999998
      vertex 12.25 193.60000000000002 0.6
      vertex 12.25 202.10000000000002 2.1100000000000003
    endloop
  endfacet
  facet normal 1 0 0
    outer loop
      vertex 12.25 191.10000000000002 2.0999999999999996
      vertex 12.25 191.10000000000002 2.1100000000000003
      vertex 12.25 182.60000000000002 0.6
    endloop
  endfacet
  facet normal 1 0 0
    outer loop
      vertex 12.25 202.1 1.2899999999999998
      vertex 12.25 202.10000000000002 2.0999999999999996
      vertex 12.25 193.60000000000002 0.6
    endloop
  endfacet
  facet normal 1 0 0
    outer loop
      vertex 12.25 208 0.6
      vertex 12.25 204.20000000000002 2.1100000000000003
      vertex 12.25 204.2 1.29
    endloop
  endfacet
  facet normal 1 0 0
    outer loop
      vertex 12.25 202.10000000000002 2.0999999999999996
      vertex 12.25 202.10000000000002 2.1100000000000003
      vertex 12.25 193.60000000000002 0.6
    endloop
  endfacet
  facet normal 1 0 0
    outer loop
      vertex 12.25 106.89999999999999 1.2899999999999998
      vertex 12.25 114.10000000000001 2.1100000000000003
      vertex 12.25 106.89999999999999 2.0999999999999996
    endloop
  endfacet
  facet normal 1 0 0
    outer loop
      vertex 12.25 117.89999999999999 1.2899999999999998
      vertex 12.25 125.10000000000001 2.1100000000000003
      vertex 12.25 117.89999999999999 2.0999999999999996
    endloop
  endfacet
  facet normal 1 0 0
    outer loop
      vertex 12.25 117.89999999999999 2.0999999999999996
      vertex 12.25 125.10000000000001 2.1100000000000003
      vertex 12.25 117.89999999999999 2.1100000000000003
    endloop
  endfacet
  facet normal 1 0 0
    outer loop
      vertex 12.25 128.9 1.2899999999999998
      vertex 12.25 136.1 2.1100000000000003
      vertex 12.25 128.9 2.1100000000000003
    endloop
  endfacet
  facet normal 1 0 0
    outer loop
      vertex 12.25 139.9 1.2899999999999998
      vertex 12.25 147.10000000000002 2.1100000000000003
      vertex 12.25 139.9 2.0999999999999996
    endloop
  endfacet
  facet normal 1 0 0
    outer loop
      vertex 12.25 139.9 2.0999999999999996
      vertex 12.25 147.10000000000002 2.1100000000000003
      vertex 12.25 139.9 2.1100000000000003
    endloop
  endfacet
  facet normal 1 0 0
    outer loop
      vertex 12.25 150.9 1.2899999999999998
      vertex 12.25 158.10000000000002 2.1100000000000003
      vertex 12.25 150.9 2.0999999999999996
    endloop
  endfacet
  facet normal 1 0 0
    outer loop
      vertex 12.25 150.9 2.0999999999999996
      vertex 12.25 158.10000000000002 2.1100000000000003
      vertex 12.25 150.9 2.1100000000000003
    endloop
  endfacet
  facet normal 1 0 0
    outer loop
      vertex 12.25 161.9 1.2899999999999998
      vertex 12.25 169.10000000000002 2.1100000000000003
      vertex 12.25 161.9 2.0999999999999996
    endloop
  endfacet
  facet normal 1 0 0
    outer loop
      vertex 12.25 161.9 2.0999999999999996
      vertex 12.25 169.10000000000002 2.1100000000000003
      vertex 12.25 161.9 2.1100000000000003
    endloop
  endfacet
  facet normal 1 0 0
    outer loop
      vertex 12.25 172.9 1.2899999999999998
      vertex 12.25 180.10000000000002 2.1100000000000003
      vertex 12.25 172.9 2.0999999999999996
    endloop
  endfacet
  facet normal 1 0 0
    outer loop
      vertex 12.25 172.9 2.0999999999999996
      vertex 12.25 180.10000000000002 2.1100000000000003
      vertex 12.25 172.9 2.1100000000000003
    endloop
  endfacet
  facet normal 1 0 0
    outer loop
      vertex 12.25 183.9 1.2899999999999998
      vertex 12.25 191.10000000000002 2.1100000000000003
      vertex 12.25 183.9 2.0999999999999996
    endloop
  endfacet
  facet normal 1 0 0
    outer loop
      vertex 12.25 183.9 2.0999999999999996
      vertex 12.25 191.10000000000002 2.1100000000000003
      vertex 12.25 183.9 2.1100000000000003
    endloop
  endfacet
  facet normal 1 0 0
    outer loop
      vertex 12.25 194.9 1.2899999999999998
      vertex 12.25 202.10000000000002 2.1100000000000003
      vertex 12.25 194.9 2.0999999999999996
    endloop
  endfacet
  facet normal 1 0 0
    outer loop
      vertex 12.25 194.9 2.0999999999999996
      vertex 12.25 202.10000000000002 2.1100000000000003
      vertex 12.25 194.9 2.1100000000000003
    endloop
  endfacet
  facet normal 0 0 -1
    outer loop
      vertex 3 0 0
      vertex 3.9593312855939615 30.947620560996004 0
      vertex 4.213458566168001 30.472181859196095 0
    endloop
  endfacet
  facet normal 0 0 -1
    outer loop
      vertex 3 0 0
      vertex 4.213458566168001 30.472181859196095 0
      vertex 4.555456351736995 30.055456351736993 0
    endloop
  endfacet
  facet normal 0 0 -1
    outer loop
      vertex 3 0 0
      vertex 3.8028404788911163 31.463501614455648 0
      vertex 3.9593312855939615 30.947620560996004 0
    endloop
  endfacet
  facet normal 0 0 -1
    outer loop
      vertex 3 0 0
      vertex 3.75 32 0
      vertex 3.8028404788911163 31.463501614455648 0
    endloop
  endfacet
  facet normal 0 0 -1
    outer loop
      vertex 3 0 0
      vertex 4.555456351736995 30.055456351736993 0
      vertex 4.972181859196094 29.713458566168 0
    endloop
  endfacet
  facet normal 0 0 -1
    outer loop
      vertex 3 0 0
      vertex 4.972181859196094 29.713458566168 0
      vertex 5.447620560996003 29.45933128559396 0
    endloop
  endfacet
  facet normal 0 0 -1
    outer loop
      vertex 3 0 0
      vertex 5.447620560996003 29.45933128559396 0
      vertex 5.963501614455647 29.302840478891117 0
    endloop
  endfacet
  facet normal 0 0 -1
    outer loop
      vertex 3 0 0
      vertex 5.963501614455647 29.302840478891117 0
      vertex 6.5 29.25 0
    endloop
  endfacet
  facet normal 0 0 -1
    outer loop
      vertex 3 0 0
      vertex 3.75 51 0
      vertex 3.75 32 0
    endloop
  endfacet
  facet normal 0 0 -1
    outer loop
      vertex 3.75 32 0
      vertex 3.8028404788911163 50.463501614455645 0
      vertex 3.8028404788911163 32.536498385544355 0
    endloop
  endfacet
  facet normal 0 0 -1
    outer loop
      vertex 3.8028404788911163 32.536498385544355 0
      vertex 3.9593312855939615 49.947620560996 0
      vertex 3.9593312855939615 33.052379439004 0
    endloop
  endfacet
  facet normal 0 0 -1
    outer loop
      vertex 3.9593312855939615 33.052379439004 0
      vertex 4.213458566168001 49.47218185919609 0
      vertex 4.213458566168001 33.52781814080391 0
    endloop
  endfacet
  facet normal 0 0 -1
    outer loop
      vertex 4.213458566168001 33.52781814080391 0
      vertex 4.555456351736995 49.05545635173699 0
      vertex 4.555456351736995 33.94454364826301 0
    endloop
  endfacet
  facet normal 0 0 -1
    outer loop
      vertex 4.555456351736995 33.94454364826301 0
      vertex 4.972181859196094 48.713458566168 0
      vertex 4.972181859196094 34.286541433832 0
    endloop
  endfacet
  facet normal 0 0 -1
    outer loop
      vertex 4.972181859196094 34.286541433832 0
      vertex 5.447620560996003 48.45933128559396 0
      vertex 5.447620560996003 34.54066871440604 0
    endloop
  endfacet
  facet normal 0 0 -1
    outer loop
      vertex 5.447620560996003 34.54066871440604 0
      vertex 5.963501614455647 48.30284047889111 0
      vertex 5.963501614455647 34.69715952110889 0
    endloop
  endfacet
  facet normal 0 0 -1
    outer loop
      vertex 5.963501614455647 34.69715952110889 0
      vertex 6.5 48.25 0
      vertex 6.5 34.75 0
    endloop
  endfacet
  facet normal 0 0 -1
    outer loop
      vertex 6.5 34.75 0
      vertex 7.036498385544353 48.30284047889111 0
      vertex 7.036498385544353 34.69715952110889 0
    endloop
  endfacet
  facet normal 0 0 -1
    outer loop
      vertex 7.036498385544353 34.69715952110889 0
      vertex 7.552379439003997 48.45933128559396 0
      vertex 7.552379439003997 34.54066871440604 0
    endloop
  endfacet
  facet normal 0 0 -1
    outer loop
      vertex 8.027818140803905 34.286541433832 0
      vertex 7.552379439003997 34.54066871440604 0
      vertex 8.027818140803905 48.713458566168 0
    endloop
  endfacet
  facet normal 0 0 -1
    outer loop
      vertex 8.027818140803905 34.286541433832 0
      vertex 8.444543648263005 49.05545635173699 0
      vertex 8.444543648263005 33.94454364826301 0
    endloop
  endfacet
  facet normal 0 0 -1
    outer loop
      vertex 8.444543648263005 33.94454364826301 0
      vertex 8.786541433832 49.47218185919609 0
      vertex 8.786541433832 33.52781814080391 0
    endloop
  endfacet
  facet normal 0 0 -1
    outer loop
      vertex 3 0 0
      vertex 3.75 70 0
      vertex 3.75 51 0
    endloop
  endfacet
  facet normal 0 0 -1
    outer loop
      vertex 3.9593312855939615 33.052379439004 0
      vertex 3.9593312855939615 49.947620560996 0
      vertex 4.213458566168001 49.47218185919609 0
    endloop
  endfacet
  facet normal 0 0 -1
    outer loop
      vertex 4.213458566168001 33.52781814080391 0
      vertex 4.213458566168001 49.47218185919609 0
      vertex 4.555456351736995 49.05545635173699 0
    endloop
  endfacet
  facet normal 0 0 -1
    outer loop
      vertex 3.75 32 0
      vertex 3.75 51 0
      vertex 3.8028404788911163 50.463501614455645 0
    endloop
  endfacet
  facet normal 0 0 -1
    outer loop
      vertex 3.8028404788911163 32.536498385544355 0
      vertex 3.8028404788911163 50.463501614455645 0
      vertex 3.9593312855939615 49.947620560996 0
    endloop
  endfacet
  facet normal 0 0 -1
    outer loop
      vertex 4.555456351736995 33.94454364826301 0
      vertex 4.555456351736995 49.05545635173699 0
      vertex 4.972181859196094 48.713458566168 0
    endloop
  endfacet
  facet normal 0 0 -1
    outer loop
      vertex 4.972181859196094 34.286541433832 0
      vertex 4.972181859196094 48.713458566168 0
      vertex 5.447620560996003 48.45933128559396 0
    endloop
  endfacet
  facet normal 0 0 -1
    outer loop
      vertex 5.447620560996003 34.54066871440604 0
      vertex 5.447620560996003 48.45933128559396 0
      vertex 5.963501614455647 48.30284047889111 0
    endloop
  endfacet
  facet normal 0 0 -1
    outer loop
      vertex 5.963501614455647 34.69715952110889 0
      vertex 5.963501614455647 48.30284047889111 0
      vertex 6.5 48.25 0
    endloop
  endfacet
  facet normal 0 0 -1
    outer loop
      vertex 6.5 34.75 0
      vertex 6.5 48.25 0
      vertex 7.036498385544353 48.30284047889111 0
    endloop
  endfacet
  facet normal 0 0 -1
    outer loop
      vertex 7.036498385544353 34.69715952110889 0
      vertex 7.036498385544353 48.30284047889111 0
      vertex 7.552379439003997 48.45933128559396 0
    endloop
  endfacet
  facet normal 0 0 -1
    outer loop
      vertex 7.552379439003997 34.54066871440604 0
      vertex 7.552379439003997 48.45933128559396 0
      vertex 8.027818140803905 48.713458566168 0
    endloop
  endfacet
  facet normal 0 0 -1
    outer loop
      vertex 8.027818140803905 34.286541433832 0
      vertex 8.027818140803905 48.713458566168 0
      vertex 8.444543648263005 49.05545635173699 0
    endloop
  endfacet
  facet normal 0 0 -1
    outer loop
      vertex 8.444543648263005 33.94454364826301 0
      vertex 8.444543648263005 49.05545635173699 0
      vertex 8.786541433832 49.47218185919609 0
    endloop
  endfacet
  facet normal -0.6343932841636447 -0.7730104533627375 0
    outer loop
      vertex 0.8786796564403572 0.8786796564403572 0
      vertex 1.3332893009411935 0.5055911630923644 0
      vertex 0.8786796564403572 0.8786796564403572 3.45
    endloop
  endfacet
  facet normal -0.7730104533627375 -0.6343932841636447 0
    outer loop
      vertex 0.5055911630923644 1.3332893009411935 0
      vertex 0.8786796564403572 0.8786796564403572 0
      vertex 0.5055911630923644 1.3332893009411935 3.45
    endloop
  endfacet
  facet normal -0.9569403357322087 -0.2902846772544627 -7.0667070680675255e-19
    outer loop
      vertex 0.22836140246614 1.8519497029047307 0
      vertex 0.05764415879030871 2.414729033951615 3.45
      vertex 0.05764415879030871 2.414729033951615 0
    endloop
  endfacet
  facet normal -0.8819212643483552 -0.47139673682599753 -3.960892853781577e-18
    outer loop
      vertex 0.5055911630923644 1.3332893009411935 0
      vertex 0.22836140246614 1.8519497029047307 3.45
      vertex 0.22836140246614 1.8519497029047307 0
    endloop
  endfacet
  facet normal -0.9951847266721969 -0.0980171403295607 6.32444660447556e-19
    outer loop
      vertex 0.05764415879030871 2.414729033951615 0
      vertex 0 3 3.45
      vertex 0 3 0
    endloop
  endfacet
  facet normal -0.47139673682599753 -0.8819212643483552 0
    outer loop
      vertex 1.3332893009411935 0.5055911630923644 0
      vertex 1.8519497029047307 0.22836140246614 0
      vertex 1.3332893009411935 0.5055911630923644 3.45
    endloop
  endfacet
  facet normal -0.2902846772544627 -0.9569403357322087 0
    outer loop
      vertex 1.8519497029047307 0.22836140246614 0
      vertex 2.414729033951615 0.05764415879030871 0
      vertex 1.8519497029047307 0.22836140246614 3.45
    endloop
  endfacet
  facet normal -0.0980171403295607 -0.9951847266721969 0
    outer loop
      vertex 2.414729033951615 0.05764415879030871 0
      vertex 3 0 0
      vertex 2.414729033951615 0.05764415879030871 3.45
    endloop
  endfacet
  facet normal 0 0 -1
    outer loop
      vertex 3.75 51 0
      vertex 3.8028404788911163 69.46350161445565 0
      vertex 3.8028404788911163 51.536498385544355 0
    endloop
  endfacet
  facet normal 0 0 -1
    outer loop
      vertex 3.8028404788911163 51.536498385544355 0
      vertex 3.9593312855939615 68.947620560996 0
      vertex 3.9593312855939615 52.052379439004 0
    endloop
  endfacet
  facet normal 0 0 -1
    outer loop
      vertex 3.9593312855939615 52.052379439004 0
      vertex 4.213458566168001 68.4721818591961 0
      vertex 4.213458566168001 52.52781814080391 0
    endloop
  endfacet
  facet normal 0 0 -1
    outer loop
      vertex 4.213458566168001 52.52781814080391 0
      vertex 4.555456351736995 68.05545635173699 0
      vertex 4.555456351736995 52.94454364826301 0
    endloop
  endfacet
  facet normal 0 0 -1
    outer loop
      vertex 3.9593312855939615 52.052379439004 0
      vertex 3.9593312855939615 68.947620560996 0
      vertex 4.213458566168001 68.4721818591961 0
    endloop
  endfacet
  facet normal 0 0 -1
    outer loop
      vertex 3.8028404788911163 51.536498385544355 0
      vertex 3.8028404788911163 69.46350161445565 0
      vertex 3.9593312855939615 68.947620560996 0
    endloop
  endfacet
  facet normal 0 0 -1
    outer loop
      vertex 3.75 51 0
      vertex 3.75 70 0
      vertex 3.8028404788911163 69.46350161445565 0
    endloop
  endfacet
  facet normal 0 0 -1
    outer loop
      vertex 4.213458566168001 52.52781814080391 0
      vertex 4.213458566168001 68.4721818591961 0
      vertex 4.555456351736995 68.05545635173699 0
    endloop
  endfacet
  facet normal 0 0 -1
    outer loop
      vertex 4.555456351736995 52.94454364826301 0
      vertex 4.972181859196094 67.713458566168 0
      vertex 4.972181859196094 53.286541433832 0
    endloop
  endfacet
  facet normal 0 0 -1
    outer loop
      vertex 4.972181859196094 53.286541433832 0
      vertex 5.447620560996003 67.45933128559396 0
      vertex 5.447620560996003 53.54066871440604 0
    endloop
  endfacet
  facet normal 0 0 -1
    outer loop
      vertex 5.447620560996003 53.54066871440604 0
      vertex 5.963501614455647 67.30284047889111 0
      vertex 5.963501614455647 53.69715952110889 0
    endloop
  endfacet
  facet normal 0 0 -1
    outer loop
      vertex 5.963501614455647 53.69715952110889 0
      vertex 6.5 67.25 0
      vertex 6.5 53.75 0
    endloop
  endfacet
  facet normal 0 0 -1
    outer loop
      vertex 6.5 53.75 0
      vertex 7.036498385544353 67.30284047889111 0
      vertex 7.036498385544353 53.69715952110889 0
    endloop
  endfacet
  facet normal 0 0 -1
    outer loop
      vertex 7.036498385544353 53.69715952110889 0
      vertex 7.552379439003997 67.45933128559396 0
      vertex 7.552379439003997 53.54066871440604 0
    endloop
  endfacet
  facet normal 0 0 -1
    outer loop
      vertex 8.027818140803905 53.286541433832 0
      vertex 7.552379439003997 53.54066871440604 0
      vertex 8.027818140803905 67.713458566168 0
    endloop
  endfacet
  facet normal 0 0 -1
    outer loop
      vertex 8.027818140803905 53.286541433832 0
      vertex 8.444543648263005 68.05545635173699 0
      vertex 8.444543648263005 52.94454364826301 0
    endloop
  endfacet
  facet normal 0 0 -1
    outer loop
      vertex 8.444543648263005 52.94454364826301 0
      vertex 8.786541433832 68.4721818591961 0
      vertex 8.786541433832 52.52781814080391 0
    endloop
  endfacet
  facet normal 0 0 -1
    outer loop
      vertex 4.555456351736995 52.94454364826301 0
      vertex 4.555456351736995 68.05545635173699 0
      vertex 4.972181859196094 67.713458566168 0
    endloop
  endfacet
  facet normal 0 0 -1
    outer loop
      vertex 4.972181859196094 53.286541433832 0
      vertex 4.972181859196094 67.713458566168 0
      vertex 5.447620560996003 67.45933128559396 0
    endloop
  endfacet
  facet normal 0 0 -1
    outer loop
      vertex 5.447620560996003 53.54066871440604 0
      vertex 5.447620560996003 67.45933128559396 0
      vertex 5.963501614455647 67.30284047889111 0
    endloop
  endfacet
  facet normal 0 0 -1
    outer loop
      vertex 5.963501614455647 53.69715952110889 0
      vertex 5.963501614455647 67.30284047889111 0
      vertex 6.5 67.25 0
    endloop
  endfacet
  facet normal 0 0 -1
    outer loop
      vertex 6.5 53.75 0
      vertex 6.5 67.25 0
      vertex 7.036498385544353 67.30284047889111 0
    endloop
  endfacet
  facet normal 0 0 -1
    outer loop
      vertex 7.036498385544353 53.69715952110889 0
      vertex 7.036498385544353 67.30284047889111 0
      vertex 7.552379439003997 67.45933128559396 0
    endloop
  endfacet
  facet normal 0 0 -1
    outer loop
      vertex 7.552379439003997 53.54066871440604 0
      vertex 7.552379439003997 67.45933128559396 0
      vertex 8.027818140803905 67.713458566168 0
    endloop
  endfacet
  facet normal 0 0 -1
    outer loop
      vertex 8.027818140803905 53.286541433832 0
      vertex 8.027818140803905 67.713458566168 0
      vertex 8.444543648263005 68.05545635173699 0
    endloop
  endfacet
  facet normal 0 0 -1
    outer loop
      vertex 8.444543648263005 52.94454364826301 0
      vertex 8.444543648263005 68.05545635173699 0
      vertex 8.786541433832 68.4721818591961 0
    endloop
  endfacet
  facet normal 0 0 -1
    outer loop
      vertex 0.5055911630923644 1.3332893009411935 0
      vertex 0.22836140246614 1.8519497029047307 0
      vertex 0.22836140246614 208.14805029709527 0
    endloop
  endfacet
  facet normal 0 0 -1
    outer loop
      vertex 0.5055911630923644 1.3332893009411935 0
      vertex 0.5055911630923644 208.6667106990588 0
      vertex 0.8786796564403572 0.8786796564403572 0
    endloop
  endfacet
  facet normal 0 0 -1
    outer loop
      vertex 0.8786796564403572 0.8786796564403572 0
      vertex 0.8786796564403572 209.12132034355963 0
      vertex 1.3332893009411935 0.5055911630923644 0
    endloop
  endfacet
  facet normal 0 0 -1
    outer loop
      vertex 0.22836140246614 1.8519497029047307 0
      vertex 0.05764415879030871 2.414729033951615 0
      vertex 0.05764415879030871 207.5852709660484 0
    endloop
  endfacet
  facet normal 0 0 -1
    outer loop
      vertex 0.05764415879030871 2.414729033951615 0
      vertex 0 3 0
      vertex 0 207 0
    endloop
  endfacet
  facet normal 0 0 -1
    outer loop
      vertex 1.3332893009411935 0.5055911630923644 0
      vertex 1.3332893009411935 209.49440883690764 0
      vertex 1.8519497029047307 0.22836140246614 0
    endloop
  endfacet
  facet normal 0 0 -1
    outer loop
      vertex 1.8519497029047307 0.22836140246614 0
      vertex 1.8519497029047307 209.77163859753387 0
      vertex 2.414729033951615 0.05764415879030871 0
    endloop
  endfacet
  facet normal 0 0 -1
    outer loop
      vertex 2.414729033951615 0.05764415879030871 0
      vertex 2.414729033951615 209.9423558412097 0
      vertex 3 0 0
    endloop
  endfacet
  facet normal 0 0 -1
    outer loop
      vertex 3 0 0
      vertex 3 210 0
      vertex 3.75 70 0
    endloop
  endfacet
  facet normal 0 0 -1
    outer loop
      vertex 3.75 70 0
      vertex 3.8028404788911163 139.46350161445565 0
      vertex 3.8028404788911163 70.53649838554435 0
    endloop
  endfacet
  facet normal 0 0 -1
    outer loop
      vertex 3.8028404788911163 70.53649838554435 0
      vertex 3.9593312855939615 138.947620560996 0
      vertex 3.9593312855939615 71.052379439004 0
    endloop
  endfacet
  facet normal 0 0 -1
    outer loop
      vertex 3.9593312855939615 71.052379439004 0
      vertex 4.213458566168001 138.4721818591961 0
      vertex 4.213458566168001 71.5278181408039 0
    endloop
  endfacet
  facet normal 0 0 -1
    outer loop
      vertex 4.213458566168001 71.5278181408039 0
      vertex 4.555456351736995 138.055456351737 0
      vertex 4.555456351736995 71.94454364826301 0
    endloop
  endfacet
  facet normal 0 0 -1
    outer loop
      vertex 4.555456351736995 71.94454364826301 0
      vertex 4.972181859196094 137.71345856616801 0
      vertex 4.972181859196094 72.286541433832 0
    endloop
  endfacet
  facet normal 0 0 -1
    outer loop
      vertex 4.972181859196094 72.286541433832 0
      vertex 5.447620560996003 137.45933128559398 0
      vertex 5.447620560996003 72.54066871440604 0
    endloop
  endfacet
  facet normal 0 0 -1
    outer loop
      vertex 5.447620560996003 72.54066871440604 0
      vertex 5.963501614455647 137.3028404788911 0
      vertex 5.963501614455647 72.69715952110889 0
    endloop
  endfacet
  facet normal 0 0 -1
    outer loop
      vertex 5.963501614455647 72.69715952110889 0
      vertex 6.5 137.25 0
      vertex 6.5 72.75 0
    endloop
  endfacet
  facet normal 0 0 -1
    outer loop
      vertex 6.5 72.75 0
      vertex 7.036498385544353 137.3028404788911 0
      vertex 7.036498385544353 72.69715952110889 0
    endloop
  endfacet
  facet normal 0 0 -1
    outer loop
      vertex 7.036498385544353 72.69715952110889 0
      vertex 7.552379439003997 137.45933128559398 0
      vertex 7.552379439003997 72.54066871440604 0
    endloop
  endfacet
  facet normal 0 0 -1
    outer loop
      vertex 7.552379439003997 72.54066871440604 0
      vertex 8.027818140803905 137.71345856616801 0
      vertex 8.027818140803905 72.286541433832 0
    endloop
  endfacet
  facet normal 0 0 -1
    outer loop
      vertex 8.444543648263005 71.94454364826301 0
      vertex 8.027818140803905 72.286541433832 0
      vertex 8.444543648263005 138.055456351737 0
    endloop
  endfacet
  facet normal 0 0 -1
    outer loop
      vertex 3 0 0
      vertex 6.5 29.25 0
      vertex 145 0 0
    endloop
  endfacet
  facet normal 0 0 -1
    outer loop
      vertex 6.5 29.25 0
      vertex 7.036498385544353 29.302840478891117 0
      vertex 145 0 0
    endloop
  endfacet
  facet normal 0 0 -1
    outer loop
      vertex 7.036498385544353 29.302840478891117 0
      vertex 7.552379439003997 29.45933128559396 0
      vertex 145 0 0
    endloop
  endfacet
  facet normal 0 0 -1
    outer loop
      vertex 7.552379439003997 29.45933128559396 0
      vertex 8.027818140803905 29.713458566168 0
      vertex 145 0 0
    endloop
  endfacet
  facet normal 0 0 -1
    outer loop
      vertex 8.027818140803905 29.713458566168 0
      vertex 8.444543648263005 30.055456351736993 0
      vertex 145 0 0
    endloop
  endfacet
  facet normal 0 0 -1
    outer loop
      vertex 8.444543648263005 30.055456351736993 0
      vertex 8.786541433832 30.472181859196095 0
      vertex 145 0 0
    endloop
  endfacet
  facet normal 0 0 -1
    outer loop
      vertex 8.786541433832 30.472181859196095 0
      vertex 9.040668714406038 30.947620560996004 0
      vertex 145 0 0
    endloop
  endfacet
  facet normal 0 0 -1
    outer loop
      vertex 8.786541433832 33.52781814080391 0
      vertex 145 0 0
      vertex 9.040668714406038 33.052379439004 0
    endloop
  endfacet
  facet normal 0 0 -1
    outer loop
      vertex 9.040668714406038 30.947620560996004 0
      vertex 9.197159521108883 31.463501614455648 0
      vertex 145 0 0
    endloop
  endfacet
  facet normal 0 0 -1
    outer loop
      vertex 9.197159521108883 31.463501614455648 0
      vertex 9.25 32 0
      vertex 145 0 0
    endloop
  endfacet
  facet normal 0 0 -1
    outer loop
      vertex 9.197159521108883 32.536498385544355 0
      vertex 145 0 0
      vertex 9.25 32 0
    endloop
  endfacet
  facet normal 0 0 -1
    outer loop
      vertex 9.197159521108883 32.536498385544355 0
      vertex 9.040668714406038 33.052379439004 0
      vertex 145 0 0
    endloop
  endfacet
  facet normal 0 0 -1
    outer loop
      vertex 8.786541433832 33.52781814080391 0
      vertex 8.786541433832 49.47218185919609 0
      vertex 145 0 0
    endloop
  endfacet
  facet normal 0 0 -1
    outer loop
      vertex 8.786541433832 49.47218185919609 0
      vertex 9.040668714406038 49.947620560996 0
      vertex 145 0 0
    endloop
  endfacet
  facet normal 0 0 -1
    outer loop
      vertex 9.040668714406038 52.052379439004 0
      vertex 8.786541433832 52.52781814080391 0
      vertex 145 0 0
    endloop
  endfacet
  facet normal 0 0 -1
    outer loop
      vertex 9.040668714406038 49.947620560996 0
      vertex 9.197159521108883 50.463501614455645 0
      vertex 145 0 0
    endloop
  endfacet
  facet normal 0 0 -1
    outer loop
      vertex 9.197159521108883 50.463501614455645 0
      vertex 9.25 51 0
      vertex 145 0 0
    endloop
  endfacet
  facet normal 0 0 -1
    outer loop
      vertex 9.197159521108883 51.536498385544355 0
      vertex 145 0 0
      vertex 9.25 51 0
    endloop
  endfacet
  facet normal 0 0 -1
    outer loop
      vertex 9.197159521108883 51.536498385544355 0
      vertex 9.040668714406038 52.052379439004 0
      vertex 145 0 0
    endloop
  endfacet
  facet normal 0 0 -1
    outer loop
      vertex 8.786541433832 52.52781814080391 0
      vertex 8.786541433832 68.4721818591961 0
      vertex 145 0 0
    endloop
  endfacet
  facet normal 0 0 -1
    outer loop
      vertex 8.786541433832 68.4721818591961 0
      vertex 9.040668714406038 68.947620560996 0
      vertex 145 0 0
    endloop
  endfacet
  facet normal 0 0 -1
    outer loop
      vertex 9.040668714406038 71.052379439004 0
      vertex 8.786541433832 71.5278181408039 0
      vertex 145 0 0
    endloop
  endfacet
  facet normal 0 0 -1
    outer loop
      vertex 8.444543648263005 71.94454364826301 0
      vertex 145 0 0
      vertex 8.786541433832 71.5278181408039 0
    endloop
  endfacet
  facet normal 0 0 -1
    outer loop
      vertex 9.040668714406038 68.947620560996 0
      vertex 9.197159521108883 69.46350161445565 0
      vertex 145 0 0
    endloop
  endfacet
  facet normal 0 0 -1
    outer loop
      vertex 9.197159521108883 69.46350161445565 0
      vertex 9.25 70 0
      vertex 145 0 0
    endloop
  endfacet
  facet normal 0 0 -1
    outer loop
      vertex 9.197159521108883 70.53649838554435 0
      vertex 145 0 0
      vertex 9.25 70 0
    endloop
  endfacet
  facet normal 0 0 -1
    outer loop
      vertex 9.197159521108883 70.53649838554435 0
      vertex 9.040668714406038 71.052379439004 0
      vertex 145 0 0
    endloop
  endfacet
  facet normal 0 -1 0
    outer loop
      vertex 3 0 0
      vertex 145 0 0
      vertex 3 0 3.45
    endloop
  endfacet
  facet normal 0 0 -1
    outer loop
      vertex 8.444543648263005 71.94454364826301 0
      vertex 9.25 140 0
      vertex 145 0 0
    endloop
  endfacet
  facet normal 0 0 -1
    outer loop
      vertex 9.197159521108883 140.53649838554435 0
      vertex 145 0 0
      vertex 9.25 140 0
    endloop
  endfacet
  facet normal 0 0 -1
    outer loop
      vertex 9.197159521108883 140.53649838554435 0
      vertex 9.197159521108883 158.46350161445565 0
      vertex 145 0 0
    endloop
  endfacet
  facet normal -0.8819212643483552 -0.47139673682599753 0
    outer loop
      vertex 0.5055911630923644 1.3332893009411935 0
      vertex 0.5055911630923644 1.3332893009411935 3.45
      vertex 0.22836140246614 1.8519497029047307 3.45
    endloop
  endfacet
  facet normal -0.7730104533627375 -0.6343932841636447 0
    outer loop
      vertex 0.8786796564403572 0.8786796564403572 0
      vertex 0.8786796564403572 0.8786796564403572 3.45
      vertex 0.5055911630923644 1.3332893009411935 3.45
    endloop
  endfacet
  facet normal -0.9569403357322087 -0.2902846772544627 0
    outer loop
      vertex 0.22836140246614 1.8519497029047307 0
      vertex 0.22836140246614 1.8519497029047307 3.45
      vertex 0.05764415879030871 2.414729033951615 3.45
    endloop
  endfacet
  facet normal -0.9951847266721969 -0.0980171403295607 0
    outer loop
      vertex 0.05764415879030871 2.414729033951615 0
      vertex 0.05764415879030871 2.414729033951615 3.45
      vertex 0 3 3.45
    endloop
  endfacet
  facet normal -0.6343932841636447 -0.7730104533627375 0
    outer loop
      vertex 1.3332893009411935 0.5055911630923644 0
      vertex 1.3332893009411935 0.5055911630923644 3.45
      vertex 0.8786796564403572 0.8786796564403572 3.45
    endloop
  endfacet
  facet normal -0.47139673682599753 -0.8819212643483552 0
    outer loop
      vertex 1.8519497029047307 0.22836140246614 0
      vertex 1.8519497029047307 0.22836140246614 3.45
      vertex 1.3332893009411935 0.5055911630923644 3.45
    endloop
  endfacet
  facet normal -0.2902846772544627 -0.9569403357322087 0
    outer loop
      vertex 2.414729033951615 0.05764415879030871 0
      vertex 2.414729033951615 0.05764415879030871 3.45
      vertex 1.8519497029047307 0.22836140246614 3.45
    endloop
  endfacet
  facet normal -0.0980171403295607 -0.9951847266721969 0
    outer loop
      vertex 3 0 0
      vertex 3 0 3.45
      vertex 2.414729033951615 0.05764415879030871 3.45
    endloop
  endfacet
  facet normal 0 0 1
    outer loop
      vertex 3 0 3.45
      vertex 12.230991523246853 1.9958900590804007 3.45
      vertex 5.963501614455647 29.302840478891117 3.45
    endloop
  endfacet
  facet normal 0 0 1
    outer loop
      vertex 3 0 3.45
      vertex 4.213458566168001 30.472181859196095 3.45
      vertex 3.9593312855939615 30.947620560996004 3.45
    endloop
  endfacet
  facet normal 0 0 1
    outer loop
      vertex 3 0 3.45
      vertex 4.555456351736995 30.055456351736993 3.45
      vertex 4.213458566168001 30.472181859196095 3.45
    endloop
  endfacet
  facet normal 0 0 1
    outer loop
      vertex 3 0 3.45
      vertex 3.9593312855939615 30.947620560996004 3.45
      vertex 3.8028404788911163 31.463501614455648 3.45
    endloop
  endfacet
  facet normal 0 0 1
    outer loop
      vertex 3 0 3.45
      vertex 3.8028404788911163 31.463501614455648 3.45
      vertex 3.75 32 3.45
    endloop
  endfacet
  facet normal 0 0 1
    outer loop
      vertex 3 0 3.45
      vertex 4.972181859196094 29.713458566168 3.45
      vertex 4.555456351736995 30.055456351736993 3.45
    endloop
  endfacet
  facet normal 0 0 1
    outer loop
      vertex 3 0 3.45
      vertex 5.447620560996003 29.45933128559396 3.45
      vertex 4.972181859196094 29.713458566168 3.45
    endloop
  endfacet
  facet normal 0 0 1
    outer loop
      vertex 3 0 3.45
      vertex 5.963501614455647 29.302840478891117 3.45
      vertex 5.447620560996003 29.45933128559396 3.45
    endloop
  endfacet
  facet normal 0 0 1
    outer loop
      vertex 5.963501614455647 29.302840478891117 3.45
      vertex 12.230991523246853 1.9958900590804007 3.45
      vertex 6.5 29.25 3.45
    endloop
  endfacet
  facet normal 0 0 1
    outer loop
      vertex 6.5 29.25 3.45
      vertex 12.230991523246853 1.9958900590804007 3.45
      vertex 7.036498385544353 29.302840478891117 3.45
    endloop
  endfacet
  facet normal 0 0 1
    outer loop
      vertex 7.036498385544353 29.302840478891117 3.45
      vertex 12.230991523246853 1.9958900590804007 3.45
      vertex 7.552379439003997 29.45933128559396 3.45
    endloop
  endfacet
  facet normal 0 0 1
    outer loop
      vertex 7.552379439003997 29.45933128559396 3.45
      vertex 12.230991523246853 1.9958900590804007 3.45
      vertex 8.027818140803905 29.713458566168 3.45
    endloop
  endfacet
  facet normal 0 0 1
    outer loop
      vertex 8.027818140803905 29.713458566168 3.45
      vertex 12.230991523246853 1.9958900590804007 3.45
      vertex 8.444543648263005 30.055456351736993 3.45
    endloop
  endfacet
  facet normal 0 0 1
    outer loop
      vertex 8.444543648263005 30.055456351736993 3.45
      vertex 12.230991523246853 1.9958900590804007 3.45
      vertex 8.786541433832 30.472181859196095 3.45
    endloop
  endfacet
  facet normal 0 0 1
    outer loop
      vertex 8.786541433832 30.472181859196095 3.45
      vertex 12.230991523246853 1.9958900590804007 3.45
      vertex 9.040668714406038 30.947620560996004 3.45
    endloop
  endfacet
  facet normal 0 0 1
    outer loop
      vertex 9.040668714406038 30.947620560996004 3.45
      vertex 12.230991523246853 1.9958900590804007 3.45
      vertex 9.197159521108883 31.463501614455648 3.45
    endloop
  endfacet
  facet normal 0 0 1
    outer loop
      vertex 9.197159521108883 31.463501614455648 3.45
      vertex 12.230991523246853 1.9958900590804007 3.45
      vertex 9.25 32 3.45
    endloop
  endfacet
  facet normal 0 0 1
    outer loop
      vertex 3 0 3.45
      vertex 3.75 32 3.45
      vertex 3.75 51 3.45
    endloop
  endfacet
  facet normal 0 0 1
    outer loop
      vertex 3.75 32 3.45
      vertex 3.8028404788911163 32.536498385544355 3.45
      vertex 3.75 51 3.45
    endloop
  endfacet
  facet normal 0 0 1
    outer loop
      vertex 3.8028404788911163 32.536498385544355 3.45
      vertex 3.9593312855939615 33.052379439004 3.45
      vertex 3.8028404788911163 50.463501614455645 3.45
    endloop
  endfacet
  facet normal 0 0 1
    outer loop
      vertex 3.9593312855939615 33.052379439004 3.45
      vertex 4.213458566168001 33.52781814080391 3.45
      vertex 3.9593312855939615 49.947620560996 3.45
    endloop
  endfacet
  facet normal 0 0 1
    outer loop
      vertex 4.213458566168001 33.52781814080391 3.45
      vertex 4.555456351736995 33.94454364826301 3.45
      vertex 4.213458566168001 49.47218185919609 3.45
    endloop
  endfacet
  facet normal 0 0 1
    outer loop
      vertex 4.555456351736995 33.94454364826301 3.45
      vertex 4.972181859196094 34.286541433832 3.45
      vertex 4.972181859196094 48.713458566168 3.45
    endloop
  endfacet
  facet normal 0 0 1
    outer loop
      vertex 4.972181859196094 34.286541433832 3.45
      vertex 5.447620560996003 34.54066871440604 3.45
      vertex 4.972181859196094 48.713458566168 3.45
    endloop
  endfacet
  facet normal 0 0 1
    outer loop
      vertex 5.447620560996003 34.54066871440604 3.45
      vertex 5.963501614455647 34.69715952110889 3.45
      vertex 5.447620560996003 48.45933128559396 3.45
    endloop
  endfacet
  facet normal 0 0 1
    outer loop
      vertex 5.963501614455647 34.69715952110889 3.45
      vertex 6.5 34.75 3.45
      vertex 5.963501614455647 48.30284047889111 3.45
    endloop
  endfacet
  facet normal 0 0 1
    outer loop
      vertex 6.5 34.75 3.45
      vertex 7.036498385544353 34.69715952110889 3.45
      vertex 6.5 48.25 3.45
    endloop
  endfacet
  facet normal 0 0 1
    outer loop
      vertex 7.036498385544353 34.69715952110889 3.45
      vertex 7.552379439003997 34.54066871440604 3.45
      vertex 7.036498385544353 48.30284047889111 3.45
    endloop
  endfacet
  facet normal 0 0 1
    outer loop
      vertex 8.027818140803905 34.286541433832 3.45
      vertex 7.552379439003997 48.45933128559396 3.45
      vertex 7.552379439003997 34.54066871440604 3.45
    endloop
  endfacet
  facet normal 0 0 1
    outer loop
      vertex 8.027818140803905 34.286541433832 3.45
      vertex 8.444543648263005 33.94454364826301 3.45
      vertex 8.027818140803905 48.713458566168 3.45
    endloop
  endfacet
  facet normal 0 0 1
    outer loop
      vertex 8.444543648263005 33.94454364826301 3.45
      vertex 8.786541433832 33.52781814080391 3.45
      vertex 8.444543648263005 49.05545635173699 3.45
    endloop
  endfacet
  facet normal 0 0 1
    outer loop
      vertex 9.197159521108883 32.536498385544355 3.45
      vertex 9.040668714406038 49.947620560996 3.45
      vertex 9.040668714406038 33.052379439004 3.45
    endloop
  endfacet
  facet normal 0 0 1
    outer loop
      vertex 8.786541433832 33.52781814080391 3.45
      vertex 9.040668714406038 33.052379439004 3.45
      vertex 8.786541433832 49.47218185919609 3.45
    endloop
  endfacet
  facet normal 0 0 1
    outer loop
      vertex 3 0 3.45
      vertex 3.75 51 3.45
      vertex 3.75 70 3.45
    endloop
  endfacet
  facet normal 0 0 1
    outer loop
      vertex 4.555456351736995 33.94454364826301 3.45
      vertex 4.555456351736995 49.05545635173699 3.45
      vertex 4.213458566168001 49.47218185919609 3.45
    endloop
  endfacet
  facet normal 0 0 1
    outer loop
      vertex 3.8028404788911163 32.536498385544355 3.45
      vertex 3.8028404788911163 50.463501614455645 3.45
      vertex 3.75 51 3.45
    endloop
  endfacet
  facet normal 0 0 1
    outer loop
      vertex 3.9593312855939615 33.052379439004 3.45
      vertex 3.9593312855939615 49.947620560996 3.45
      vertex 3.8028404788911163 50.463501614455645 3.45
    endloop
  endfacet
  facet normal 0 0 1
    outer loop
      vertex 4.213458566168001 33.52781814080391 3.45
      vertex 4.213458566168001 49.47218185919609 3.45
      vertex 3.9593312855939615 49.947620560996 3.45
    endloop
  endfacet
  facet normal 0 0 1
    outer loop
      vertex 4.555456351736995 33.94454364826301 3.45
      vertex 4.972181859196094 48.713458566168 3.45
      vertex 4.555456351736995 49.05545635173699 3.45
    endloop
  endfacet
  facet normal 0 0 1
    outer loop
      vertex 5.447620560996003 34.54066871440604 3.45
      vertex 5.447620560996003 48.45933128559396 3.45
      vertex 4.972181859196094 48.713458566168 3.45
    endloop
  endfacet
  facet normal 0 0 1
    outer loop
      vertex 5.963501614455647 34.69715952110889 3.45
      vertex 5.963501614455647 48.30284047889111 3.45
      vertex 5.447620560996003 48.45933128559396 3.45
    endloop
  endfacet
  facet normal 0 0 1
    outer loop
      vertex 6.5 34.75 3.45
      vertex 6.5 48.25 3.45
      vertex 5.963501614455647 48.30284047889111 3.45
    endloop
  endfacet
  facet normal 0 0 1
    outer loop
      vertex 7.036498385544353 34.69715952110889 3.45
      vertex 7.036498385544353 48.30284047889111 3.45
      vertex 6.5 48.25 3.45
    endloop
  endfacet
  facet normal 0 0 1
    outer loop
      vertex 7.552379439003997 34.54066871440604 3.45
      vertex 7.552379439003997 48.45933128559396 3.45
      vertex 7.036498385544353 48.30284047889111 3.45
    endloop
  endfacet
  facet normal 0 0 1
    outer loop
      vertex 8.027818140803905 34.286541433832 3.45
      vertex 8.027818140803905 48.713458566168 3.45
      vertex 7.552379439003997 48.45933128559396 3.45
    endloop
  endfacet
  facet normal 0 0 1
    outer loop
      vertex 8.444543648263005 33.94454364826301 3.45
      vertex 8.444543648263005 49.05545635173699 3.45
      vertex 8.027818140803905 48.713458566168 3.45
    endloop
  endfacet
  facet normal 0 0 1
    outer loop
      vertex 8.786541433832 33.52781814080391 3.45
      vertex 8.786541433832 49.47218185919609 3.45
      vertex 8.444543648263005 49.05545635173699 3.45
    endloop
  endfacet
  facet normal 0 0 1
    outer loop
      vertex 9.040668714406038 33.052379439004 3.45
      vertex 9.040668714406038 49.947620560996 3.45
      vertex 8.786541433832 49.47218185919609 3.45
    endloop
  endfacet
  facet normal 0 0 1
    outer loop
      vertex 9.197159521108883 32.536498385544355 3.45
      vertex 9.197159521108883 50.463501614455645 3.45
      vertex 9.040668714406038 49.947620560996 3.45
    endloop
  endfacet
  facet normal 0 0 1
    outer loop
      vertex 9.197159521108883 32.536498385544355 3.45
      vertex 9.25 51 3.45
      vertex 9.197159521108883 50.463501614455645 3.45
    endloop
  endfacet
  facet normal -1 0 0
    outer loop
      vertex 0 3 0
      vertex 0 3 3.45
      vertex 0 207 3.45
    endloop
  endfacet
  facet normal 0 0 1
    outer loop
      vertex 3.75 51 3.45
      vertex 3.8028404788911163 51.536498385544355 3.45
      vertex 3.75 70 3.45
    endloop
  endfacet
  facet normal 0 0 1
    outer loop
      vertex 3.8028404788911163 51.536498385544355 3.45
      vertex 3.9593312855939615 52.052379439004 3.45
      vertex 3.8028404788911163 69.46350161445565 3.45
    endloop
  endfacet
  facet normal 0 0 1
    outer loop
      vertex 3.9593312855939615 52.052379439004 3.45
      vertex 4.213458566168001 52.52781814080391 3.45
      vertex 3.9593312855939615 68.947620560996 3.45
    endloop
  endfacet
  facet normal 0 0 1
    outer loop
      vertex 4.213458566168001 52.52781814080391 3.45
      vertex 4.555456351736995 52.94454364826301 3.45
      vertex 4.213458566168001 68.4721818591961 3.45
    endloop
  endfacet
  facet normal 0 0 1
    outer loop
      vertex 3.9593312855939615 52.052379439004 3.45
      vertex 3.9593312855939615 68.947620560996 3.45
      vertex 3.8028404788911163 69.46350161445565 3.45
    endloop
  endfacet
  facet normal 0 0 1
    outer loop
      vertex 3.8028404788911163 51.536498385544355 3.45
      vertex 3.8028404788911163 69.46350161445565 3.45
      vertex 3.75 70 3.45
    endloop
  endfacet
  facet normal 0 0 1
    outer loop
      vertex 4.555456351736995 52.94454364826301 3.45
      vertex 4.555456351736995 68.05545635173699 3.45
      vertex 4.213458566168001 68.4721818591961 3.45
    endloop
  endfacet
  facet normal 0 0 1
    outer loop
      vertex 4.213458566168001 52.52781814080391 3.45
      vertex 4.213458566168001 68.4721818591961 3.45
      vertex 3.9593312855939615 68.947620560996 3.45
    endloop
  endfacet
  facet normal 0 0 1
    outer loop
      vertex 4.555456351736995 52.94454364826301 3.45
      vertex 4.972181859196094 53.286541433832 3.45
      vertex 4.555456351736995 68.05545635173699 3.45
    endloop
  endfacet
  facet normal 0 0 1
    outer loop
      vertex 4.972181859196094 53.286541433832 3.45
      vertex 5.447620560996003 53.54066871440604 3.45
      vertex 4.972181859196094 67.713458566168 3.45
    endloop
  endfacet
  facet normal 0 0 1
    outer loop
      vertex 5.447620560996003 53.54066871440604 3.45
      vertex 5.963501614455647 53.69715952110889 3.45
      vertex 5.963501614455647 67.30284047889111 3.45
    endloop
  endfacet
  facet normal 0 0 1
    outer loop
      vertex 5.963501614455647 53.69715952110889 3.45
      vertex 6.5 53.75 3.45
      vertex 5.963501614455647 67.30284047889111 3.45
    endloop
  endfacet
  facet normal 0 0 1
    outer loop
      vertex 6.5 53.75 3.45
      vertex 7.036498385544353 53.69715952110889 3.45
      vertex 6.5 67.25 3.45
    endloop
  endfacet
  facet normal 0 0 1
    outer loop
      vertex 7.036498385544353 53.69715952110889 3.45
      vertex 7.552379439003997 53.54066871440604 3.45
      vertex 7.036498385544353 67.30284047889111 3.45
    endloop
  endfacet
  facet normal 0 0 1
    outer loop
      vertex 8.027818140803905 53.286541433832 3.45
      vertex 7.552379439003997 67.45933128559396 3.45
      vertex 7.552379439003997 53.54066871440604 3.45
    endloop
  endfacet
  facet normal 0 0 1
    outer loop
      vertex 9.197159521108883 51.536498385544355 3.45
      vertex 9.25 51 3.45
      vertex 9.197159521108883 69.46350161445565 3.45
    endloop
  endfacet
  facet normal 0 0 1
    outer loop
      vertex 8.027818140803905 53.286541433832 3.45
      vertex 8.444543648263005 52.94454364826301 3.45
      vertex 8.027818140803905 67.713458566168 3.45
    endloop
  endfacet
  facet normal 0 0 1
    outer loop
      vertex 8.444543648263005 52.94454364826301 3.45
      vertex 8.786541433832 52.52781814080391 3.45
      vertex 8.444543648263005 68.05545635173699 3.45
    endloop
  endfacet
  facet normal 0 0 1
    outer loop
      vertex 9.040668714406038 52.052379439004 3.45
      vertex 8.786541433832 68.4721818591961 3.45
      vertex 8.786541433832 52.52781814080391 3.45
    endloop
  endfacet
  facet normal 0 0 1
    outer loop
      vertex 9.197159521108883 51.536498385544355 3.45
      vertex 9.040668714406038 68.947620560996 3.45
      vertex 9.040668714406038 52.052379439004 3.45
    endloop
  endfacet
  facet normal 0 0 1
    outer loop
      vertex 4.972181859196094 53.286541433832 3.45
      vertex 4.972181859196094 67.713458566168 3.45
      vertex 4.555456351736995 68.05545635173699 3.45
    endloop
  endfacet
  facet normal 0 0 1
    outer loop
      vertex 5.447620560996003 53.54066871440604 3.45
      vertex 5.447620560996003 67.45933128559396 3.45
      vertex 4.972181859196094 67.713458566168 3.45
    endloop
  endfacet
  facet normal 0 0 1
    outer loop
      vertex 5.447620560996003 53.54066871440604 3.45
      vertex 5.963501614455647 67.30284047889111 3.45
      vertex 5.447620560996003 67.45933128559396 3.45
    endloop
  endfacet
  facet normal 0 0 1
    outer loop
      vertex 6.5 53.75 3.45
      vertex 6.5 67.25 3.45
      vertex 5.963501614455647 67.30284047889111 3.45
    endloop
  endfacet
  facet normal 0 0 1
    outer loop
      vertex 7.036498385544353 53.69715952110889 3.45
      vertex 7.036498385544353 67.30284047889111 3.45
      vertex 6.5 67.25 3.45
    endloop
  endfacet
  facet normal 0 0 1
    outer loop
      vertex 7.552379439003997 53.54066871440604 3.45
      vertex 7.552379439003997 67.45933128559396 3.45
      vertex 7.036498385544353 67.30284047889111 3.45
    endloop
  endfacet
  facet normal 0 0 1
    outer loop
      vertex 8.027818140803905 53.286541433832 3.45
      vertex 8.027818140803905 67.713458566168 3.45
      vertex 7.552379439003997 67.45933128559396 3.45
    endloop
  endfacet
  facet normal 0 0 1
    outer loop
      vertex 8.444543648263005 52.94454364826301 3.45
      vertex 8.444543648263005 68.05545635173699 3.45
      vertex 8.027818140803905 67.713458566168 3.45
    endloop
  endfacet
  facet normal 0 0 1
    outer loop
      vertex 8.786541433832 52.52781814080391 3.45
      vertex 8.786541433832 68.4721818591961 3.45
      vertex 8.444543648263005 68.05545635173699 3.45
    endloop
  endfacet
  facet normal 0 0 1
    outer loop
      vertex 9.040668714406038 52.052379439004 3.45
      vertex 9.040668714406038 68.947620560996 3.45
      vertex 8.786541433832 68.4721818591961 3.45
    endloop
  endfacet
  facet normal 0 0 1
    outer loop
      vertex 9.197159521108883 51.536498385544355 3.45
      vertex 9.197159521108883 69.46350161445565 3.45
      vertex 9.040668714406038 68.947620560996 3.45
    endloop
  endfacet
  facet normal 0 0 1
    outer loop
      vertex 9.25 51 3.45
      vertex 9.25 70 3.45
      vertex 9.197159521108883 69.46350161445565 3.45
    endloop
  endfacet
  facet normal 0 0 1
    outer loop
      vertex 0.5055911630923644 1.3332893009411935 3.45
      vertex 0.22836140246614 208.14805029709527 3.45
      vertex 0.22836140246614 1.8519497029047307 3.45
    endloop
  endfacet
  facet normal 0 0 1
    outer loop
      vertex 0.5055911630923644 1.3332893009411935 3.45
      vertex 0.8786796564403572 0.8786796564403572 3.45
      vertex 0.5055911630923644 208.6667106990588 3.45
    endloop
  endfacet
  facet normal 0 0 1
    outer loop
      vertex 0.8786796564403572 0.8786796564403572 3.45
      vertex 1.3332893009411935 0.5055911630923644 3.45
      vertex 0.8786796564403572 209.12132034355963 3.45
    endloop
  endfacet
  facet normal 0 0 1
    outer loop
      vertex 0.22836140246614 1.8519497029047307 3.45
      vertex 0.05764415879030871 207.5852709660484 3.45
      vertex 0.05764415879030871 2.414729033951615 3.45
    endloop
  endfacet
  facet normal 0 0 1
    outer loop
      vertex 0.05764415879030871 2.414729033951615 3.45
      vertex 0 207 3.45
      vertex 0 3 3.45
    endloop
  endfacet
  facet normal 0 0 1
    outer loop
      vertex 1.3332893009411935 0.5055911630923644 3.45
      vertex 1.8519497029047307 0.22836140246614 3.45
      vertex 1.3332893009411935 209.49440883690764 3.45
    endloop
  endfacet
  facet normal 0 0 1
    outer loop
      vertex 1.8519497029047307 0.22836140246614 3.45
      vertex 2.414729033951615 0.05764415879030871 3.45
      vertex 1.8519497029047307 209.77163859753387 3.45
    endloop
  endfacet
  facet normal 0 0 1
    outer loop
      vertex 2.414729033951615 0.05764415879030871 3.45
      vertex 3 0 3.45
      vertex 2.414729033951615 209.9423558412097 3.45
    endloop
  endfacet
  facet normal 0 0 1
    outer loop
      vertex 3 0 3.45
      vertex 3.75 70 3.45
      vertex 3.75 140 3.45
    endloop
  endfacet
  facet normal 0 0 1
    outer loop
      vertex 3.75 70 3.45
      vertex 3.8028404788911163 70.53649838554435 3.45
      vertex 3.75 140 3.45
    endloop
  endfacet
  facet normal 0 0 1
    outer loop
      vertex 3.8028404788911163 70.53649838554435 3.45
      vertex 3.9593312855939615 71.052379439004 3.45
      vertex 3.8028404788911163 139.46350161445565 3.45
    endloop
  endfacet
  facet normal 0 0 1
    outer loop
      vertex 3.9593312855939615 71.052379439004 3.45
      vertex 4.213458566168001 71.5278181408039 3.45
      vertex 3.9593312855939615 138.947620560996 3.45
    endloop
  endfacet
  facet normal 0 0 1
    outer loop
      vertex 4.213458566168001 71.5278181408039 3.45
      vertex 4.555456351736995 71.94454364826301 3.45
      vertex 4.213458566168001 138.4721818591961 3.45
    endloop
  endfacet
  facet normal 0 0 1
    outer loop
      vertex 3 0 3.45
      vertex 3.75 140 3.45
      vertex 3.75 159 3.45
    endloop
  endfacet
  facet normal 0 0 1
    outer loop
      vertex 4.555456351736995 71.94454364826301 3.45
      vertex 4.972181859196094 72.286541433832 3.45
      vertex 4.555456351736995 138.055456351737 3.45
    endloop
  endfacet
  facet normal 0 0 1
    outer loop
      vertex 4.972181859196094 72.286541433832 3.45
      vertex 5.447620560996003 72.54066871440604 3.45
      vertex 4.972181859196094 137.71345856616801 3.45
    endloop
  endfacet
  facet normal 0 0 1
    outer loop
      vertex 5.447620560996003 72.54066871440604 3.45
      vertex 5.963501614455647 72.69715952110889 3.45
      vertex 5.447620560996003 137.45933128559398 3.45
    endloop
  endfacet
  facet normal 0 0 1
    outer loop
      vertex 5.963501614455647 72.69715952110889 3.45
      vertex 6.5 72.75 3.45
      vertex 5.963501614455647 137.3028404788911 3.45
    endloop
  endfacet
  facet normal 0 0 1
    outer loop
      vertex 6.5 72.75 3.45
      vertex 7.036498385544353 72.69715952110889 3.45
      vertex 9.197159521108883 139.46350161445565 3.45
    endloop
  endfacet
  facet normal 0 0 1
    outer loop
      vertex 7.036498385544353 72.69715952110889 3.45
      vertex 7.552379439003997 72.54066871440604 3.45
      vertex 9.197159521108883 139.46350161445565 3.45
    endloop
  endfacet
  facet normal 0 0 1
    outer loop
      vertex 9.197159521108883 70.53649838554435 3.45
      vertex 9.25 70 3.45
      vertex 9.197159521108883 139.46350161445565 3.45
    endloop
  endfacet
  facet normal 0 0 1
    outer loop
      vertex 7.552379439003997 72.54066871440604 3.45
      vertex 8.027818140803905 72.286541433832 3.45
      vertex 9.197159521108883 139.46350161445565 3.45
    endloop
  endfacet
  facet normal 0 0 1
    outer loop
      vertex 8.444543648263005 71.94454364826301 3.45
      vertex 9.197159521108883 139.46350161445565 3.45
      vertex 8.027818140803905 72.286541433832 3.45
    endloop
  endfacet
  facet normal 0 0 1
    outer loop
      vertex 8.444543648263005 71.94454364826301 3.45
      vertex 8.786541433832 71.5278181408039 3.45
      vertex 9.197159521108883 139.46350161445565 3.45
    endloop
  endfacet
  facet normal 0 0 1
    outer loop
      vertex 9.197159521108883 70.53649838554435 3.45
      vertex 9.197159521108883 139.46350161445565 3.45
      vertex 9.040668714406038 71.052379439004 3.45
    endloop
  endfacet
  facet normal 0 0 1
    outer loop
      vertex 9.040668714406038 71.052379439004 3.45
      vertex 9.197159521108883 139.46350161445565 3.45
      vertex 8.786541433832 71.5278181408039 3.45
    endloop
  endfacet
  facet normal 0 0 1
    outer loop
      vertex 9.25 32 3.45
      vertex 12.230991523246853 1.9958900590804007 3.45
      vertex 10.264960020634511 208.42919783337632 3.45
    endloop
  endfacet
  facet normal 0 0 1
    outer loop
      vertex 9.197159521108883 32.536498385544355 3.45
      vertex 9.25 32 3.45
      vertex 10.264960020634511 208.42919783337632 3.45
    endloop
  endfacet
  facet normal 0 0 1
    outer loop
      vertex 9.197159521108883 32.536498385544355 3.45
      vertex 10.264960020634511 208.42919783337632 3.45
      vertex 9.25 51 3.45
    endloop
  endfacet
  facet normal 0 0 1
    outer loop
      vertex 3 0 3.45
      vertex 145 0 3.45
      vertex 12.230991523246853 1.9958900590804007 3.45
    endloop
  endfacet
  facet normal 0 0 1
    outer loop
      vertex 145 0 3.45
      vertex 12.25 2 3.45
      vertex 12.230991523246853 1.9958900590804007 3.45
    endloop
  endfacet
  facet normal 0 0 -1
    outer loop
      vertex 3.8028404788911163 70.53649838554435 0
      vertex 3.8028404788911163 139.46350161445565 0
      vertex 3.9593312855939615 138.947620560996 0
    endloop
  endfacet
  facet normal 0 0 -1
    outer loop
      vertex 3.9593312855939615 71.052379439004 0
      vertex 3.9593312855939615 138.947620560996 0
      vertex 4.213458566168001 138.4721818591961 0
    endloop
  endfacet
  facet normal 0 0 -1
    outer loop
      vertex 4.213458566168001 71.5278181408039 0
      vertex 4.213458566168001 138.4721818591961 0
      vertex 4.555456351736995 138.055456351737 0
    endloop
  endfacet
  facet normal 0 0 -1
    outer loop
      vertex 3.75 70 0
      vertex 3.75 140 0
      vertex 3.8028404788911163 139.46350161445565 0
    endloop
  endfacet
  facet normal 0 0 -1
    outer loop
      vertex 4.555456351736995 71.94454364826301 0
      vertex 4.555456351736995 138.055456351737 0
      vertex 4.972181859196094 137.71345856616801 0
    endloop
  endfacet
  facet normal 0 0 -1
    outer loop
      vertex 4.972181859196094 72.286541433832 0
      vertex 4.972181859196094 137.71345856616801 0
      vertex 5.447620560996003 137.45933128559398 0
    endloop
  endfacet
  facet normal 0 0 -1
    outer loop
      vertex 5.447620560996003 72.54066871440604 0
      vertex 5.447620560996003 137.45933128559398 0
      vertex 5.963501614455647 137.3028404788911 0
    endloop
  endfacet
  facet normal 0 0 -1
    outer loop
      vertex 5.963501614455647 72.69715952110889 0
      vertex 5.963501614455647 137.3028404788911 0
      vertex 6.5 137.25 0
    endloop
  endfacet
  facet normal 0 0 -1
    outer loop
      vertex 6.5 72.75 0
      vertex 6.5 137.25 0
      vertex 7.036498385544353 137.3028404788911 0
    endloop
  endfacet
  facet normal 0 0 -1
    outer loop
      vertex 7.036498385544353 72.69715952110889 0
      vertex 7.036498385544353 137.3028404788911 0
      vertex 7.552379439003997 137.45933128559398 0
    endloop
  endfacet
  facet normal 0 0 -1
    outer loop
      vertex 7.552379439003997 72.54066871440604 0
      vertex 7.552379439003997 137.45933128559398 0
      vertex 8.027818140803905 137.71345856616801 0
    endloop
  endfacet
  facet normal 0 0 -1
    outer loop
      vertex 8.027818140803905 72.286541433832 0
      vertex 8.027818140803905 137.71345856616801 0
      vertex 8.444543648263005 138.055456351737 0
    endloop
  endfacet
  facet normal 0 0 -1
    outer loop
      vertex 8.444543648263005 71.94454364826301 0
      vertex 8.444543648263005 138.055456351737 0
      vertex 8.786541433832 138.4721818591961 0
    endloop
  endfacet
  facet normal 0 0 -1
    outer loop
      vertex 8.444543648263005 71.94454364826301 0
      vertex 8.786541433832 138.4721818591961 0
      vertex 9.040668714406038 138.947620560996 0
    endloop
  endfacet
  facet normal 0 0 -1
    outer loop
      vertex 8.444543648263005 71.94454364826301 0
      vertex 9.040668714406038 138.947620560996 0
      vertex 9.197159521108883 139.46350161445565 0
    endloop
  endfacet
  facet normal 0 0 -1
    outer loop
      vertex 8.444543648263005 71.94454364826301 0
      vertex 9.197159521108883 139.46350161445565 0
      vertex 9.25 140 0
    endloop
  endfacet
  facet normal 0 0 -1
    outer loop
      vertex 0.05764415879030871 2.414729033951615 0
      vertex 0 207 0
      vertex 0.05764415879030871 207.5852709660484 0
    endloop
  endfacet
  facet normal 0 0 -1
    outer loop
      vertex 0.22836140246614 1.8519497029047307 0
      vertex 0.05764415879030871 207.5852709660484 0
      vertex 0.22836140246614 208.14805029709527 0
    endloop
  endfacet
  facet normal 0 0 -1
    outer loop
      vertex 0.5055911630923644 1.3332893009411935 0
      vertex 0.22836140246614 208.14805029709527 0
      vertex 0.5055911630923644 208.6667106990588 0
    endloop
  endfacet
  facet normal 0 0 -1
    outer loop
      vertex 0.8786796564403572 0.8786796564403572 0
      vertex 0.5055911630923644 208.6667106990588 0
      vertex 0.8786796564403572 209.12132034355963 0
    endloop
  endfacet
  facet normal 0 0 -1
    outer loop
      vertex 1.3332893009411935 0.5055911630923644 0
      vertex 0.8786796564403572 209.12132034355963 0
      vertex 1.3332893009411935 209.49440883690764 0
    endloop
  endfacet
  facet normal 0 0 -1
    outer loop
      vertex 1.8519497029047307 0.22836140246614 0
      vertex 1.3332893009411935 209.49440883690764 0
      vertex 1.8519497029047307 209.77163859753387 0
    endloop
  endfacet
  facet normal 0 0 -1
    outer loop
      vertex 2.414729033951615 0.05764415879030871 0
      vertex 1.8519497029047307 209.77163859753387 0
      vertex 2.414729033951615 209.9423558412097 0
    endloop
  endfacet
  facet normal 0 0 -1
    outer loop
      vertex 3 0 0
      vertex 2.414729033951615 209.9423558412097 0
      vertex 3 210 0
    endloop
  endfacet
  facet normal 0 0 -1
    outer loop
      vertex 3.75 70 0
      vertex 3 210 0
      vertex 3.75 140 0
    endloop
  endfacet
  facet normal 0 0 -1
    outer loop
      vertex 3.75 140 0
      vertex 3.8028404788911163 158.46350161445565 0
      vertex 3.8028404788911163 140.53649838554435 0
    endloop
  endfacet
  facet normal 0 0 -1
    outer loop
      vertex 3.8028404788911163 140.53649838554435 0
      vertex 3.9593312855939615 157.947620560996 0
      vertex 3.9593312855939615 141.052379439004 0
    endloop
  endfacet
  facet normal 0 0 -1
    outer loop
      vertex 3.9593312855939615 141.052379439004 0
      vertex 4.213458566168001 157.4721818591961 0
      vertex 4.213458566168001 141.5278181408039 0
    endloop
  endfacet
  facet normal 0 0 -1
    outer loop
      vertex 4.213458566168001 141.5278181408039 0
      vertex 4.555456351736995 157.055456351737 0
      vertex 4.555456351736995 141.944543648263 0
    endloop
  endfacet
  facet normal 0 0 -1
    outer loop
      vertex 3.9593312855939615 141.052379439004 0
      vertex 3.9593312855939615 157.947620560996 0
      vertex 4.213458566168001 157.4721818591961 0
    endloop
  endfacet
  facet normal 0 0 -1
    outer loop
      vertex 3.8028404788911163 140.53649838554435 0
      vertex 3.8028404788911163 158.46350161445565 0
      vertex 3.9593312855939615 157.947620560996 0
    endloop
  endfacet
  facet normal 0 0 -1
    outer loop
      vertex 3.75 140 0
      vertex 3.75 159 0
      vertex 3.8028404788911163 158.46350161445565 0
    endloop
  endfacet
  facet normal 0 0 -1
    outer loop
      vertex 4.213458566168001 141.5278181408039 0
      vertex 4.213458566168001 157.4721818591961 0
      vertex 4.555456351736995 157.055456351737 0
    endloop
  endfacet
  facet normal 0 0 -1
    outer loop
      vertex 4.555456351736995 141.944543648263 0
      vertex 4.972181859196094 156.71345856616801 0
      vertex 4.972181859196094 142.28654143383199 0
    endloop
  endfacet
  facet normal 0 0 -1
    outer loop
      vertex 4.972181859196094 142.28654143383199 0
      vertex 5.447620560996003 156.45933128559398 0
      vertex 5.447620560996003 142.54066871440602 0
    endloop
  endfacet
  facet normal 0 0 -1
    outer loop
      vertex 5.447620560996003 142.54066871440602 0
      vertex 5.963501614455647 156.3028404788911 0
      vertex 5.963501614455647 142.6971595211089 0
    endloop
  endfacet
  facet normal 0 0 -1
    outer loop
      vertex 5.963501614455647 142.6971595211089 0
      vertex 6.5 156.25 0
      vertex 6.5 142.75 0
    endloop
  endfacet
  facet normal 0 0 -1
    outer loop
      vertex 6.5 142.75 0
      vertex 7.036498385544353 156.3028404788911 0
      vertex 7.036498385544353 142.6971595211089 0
    endloop
  endfacet
  facet normal 0 0 -1
    outer loop
      vertex 7.036498385544353 142.6971595211089 0
      vertex 7.552379439003997 156.45933128559398 0
      vertex 7.552379439003997 142.54066871440602 0
    endloop
  endfacet
  facet normal 0 0 -1
    outer loop
      vertex 7.552379439003997 142.54066871440602 0
      vertex 8.027818140803905 156.71345856616801 0
      vertex 8.027818140803905 142.28654143383199 0
    endloop
  endfacet
  facet normal 0 0 -1
    outer loop
      vertex 8.027818140803905 142.28654143383199 0
      vertex 8.444543648263005 157.055456351737 0
      vertex 8.444543648263005 141.944543648263 0
    endloop
  endfacet
  facet normal 0 0 -1
    outer loop
      vertex 9.197159521108883 140.53649838554435 0
      vertex 9.040668714406038 141.052379439004 0
      vertex 9.197159521108883 158.46350161445565 0
    endloop
  endfacet
  facet normal 0 0 -1
    outer loop
      vertex 8.444543648263005 141.944543648263 0
      vertex 8.786541433832 157.4721818591961 0
      vertex 8.786541433832 141.5278181408039 0
    endloop
  endfacet
  facet normal 0 0 -1
    outer loop
      vertex 9.040668714406038 141.052379439004 0
      vertex 8.786541433832 141.5278181408039 0
      vertex 9.040668714406038 157.947620560996 0
    endloop
  endfacet
  facet normal 0 0 -1
    outer loop
      vertex 4.555456351736995 141.944543648263 0
      vertex 4.555456351736995 157.055456351737 0
      vertex 4.972181859196094 156.71345856616801 0
    endloop
  endfacet
  facet normal 0 0 -1
    outer loop
      vertex 4.972181859196094 142.28654143383199 0
      vertex 4.972181859196094 156.71345856616801 0
      vertex 5.447620560996003 156.45933128559398 0
    endloop
  endfacet
  facet normal 0 0 -1
    outer loop
      vertex 5.447620560996003 142.54066871440602 0
      vertex 5.447620560996003 156.45933128559398 0
      vertex 5.963501614455647 156.3028404788911 0
    endloop
  endfacet
  facet normal 0 0 -1
    outer loop
      vertex 5.963501614455647 142.6971595211089 0
      vertex 5.963501614455647 156.3028404788911 0
      vertex 6.5 156.25 0
    endloop
  endfacet
  facet normal 0 0 -1
    outer loop
      vertex 6.5 142.75 0
      vertex 6.5 156.25 0
      vertex 7.036498385544353 156.3028404788911 0
    endloop
  endfacet
  facet normal 0 0 -1
    outer loop
      vertex 7.036498385544353 142.6971595211089 0
      vertex 7.036498385544353 156.3028404788911 0
      vertex 7.552379439003997 156.45933128559398 0
    endloop
  endfacet
  facet normal 0 0 -1
    outer loop
      vertex 7.552379439003997 142.54066871440602 0
      vertex 7.552379439003997 156.45933128559398 0
      vertex 8.027818140803905 156.71345856616801 0
    endloop
  endfacet
  facet normal 0 0 -1
    outer loop
      vertex 8.027818140803905 142.28654143383199 0
      vertex 8.027818140803905 156.71345856616801 0
      vertex 8.444543648263005 157.055456351737 0
    endloop
  endfacet
  facet normal 0 0 -1
    outer loop
      vertex 8.444543648263005 141.944543648263 0
      vertex 8.444543648263005 157.055456351737 0
      vertex 8.786541433832 157.4721818591961 0
    endloop
  endfacet
  facet normal 0 0 -1
    outer loop
      vertex 8.786541433832 141.5278181408039 0
      vertex 8.786541433832 157.4721818591961 0
      vertex 9.040668714406038 157.947620560996 0
    endloop
  endfacet
  facet normal 0 0 -1
    outer loop
      vertex 9.040668714406038 141.052379439004 0
      vertex 9.040668714406038 157.947620560996 0
      vertex 9.197159521108883 158.46350161445565 0
    endloop
  endfacet
  facet normal -1 0 0
    outer loop
      vertex 0 3 0
      vertex 0 207 3.45
      vertex 0 207 0
    endloop
  endfacet
  facet normal 0 0 -1
    outer loop
      vertex 3.75 159 0
      vertex 3.75 178 0
      vertex 3.8028404788911163 159.53649838554435 0
    endloop
  endfacet
  facet normal 0 0 -1
    outer loop
      vertex 3.8028404788911163 159.53649838554435 0
      vertex 3.8028404788911163 177.46350161445565 0
      vertex 3.9593312855939615 160.052379439004 0
    endloop
  endfacet
  facet normal 0 0 -1
    outer loop
      vertex 3.9593312855939615 160.052379439004 0
      vertex 3.9593312855939615 176.947620560996 0
      vertex 4.213458566168001 160.5278181408039 0
    endloop
  endfacet
  facet normal 0 0 -1
    outer loop
      vertex 4.213458566168001 160.5278181408039 0
      vertex 4.213458566168001 176.4721818591961 0
      vertex 4.555456351736995 160.944543648263 0
    endloop
  endfacet
  facet normal 0 0 -1
    outer loop
      vertex 3.75 140 0
      vertex 3 210 0
      vertex 3.75 159 0
    endloop
  endfacet
  facet normal 0 0 -1
    outer loop
      vertex 4.555456351736995 160.944543648263 0
      vertex 4.972181859196094 175.71345856616801 0
      vertex 4.972181859196094 161.28654143383199 0
    endloop
  endfacet
  facet normal 0 0 -1
    outer loop
      vertex 4.972181859196094 161.28654143383199 0
      vertex 4.972181859196094 175.71345856616801 0
      vertex 5.447620560996003 161.54066871440602 0
    endloop
  endfacet
  facet normal 0 0 -1
    outer loop
      vertex 5.447620560996003 161.54066871440602 0
      vertex 4.972181859196094 175.71345856616801 0
      vertex 5.963501614455647 161.6971595211089 0
    endloop
  endfacet
  facet normal 0 0 -1
    outer loop
      vertex 5.963501614455647 161.6971595211089 0
      vertex 4.972181859196094 175.71345856616801 0
      vertex 6.5 161.75 0
    endloop
  endfacet
  facet normal 0 0 -1
    outer loop
      vertex 6.5 161.75 0
      vertex 4.972181859196094 175.71345856616801 0
      vertex 7.036498385544353 161.6971595211089 0
    endloop
  endfacet
  facet normal 0 0 -1
    outer loop
      vertex 7.036498385544353 161.6971595211089 0
      vertex 4.972181859196094 175.71345856616801 0
      vertex 7.552379439003997 161.54066871440602 0
    endloop
  endfacet
  facet normal 0 0 -1
    outer loop
      vertex 7.552379439003997 161.54066871440602 0
      vertex 4.972181859196094 175.71345856616801 0
      vertex 8.027818140803905 161.28654143383199 0
    endloop
  endfacet
  facet normal 0 0 -1
    outer loop
      vertex 8.027818140803905 161.28654143383199 0
      vertex 4.972181859196094 175.71345856616801 0
      vertex 8.444543648263005 160.944543648263 0
    endloop
  endfacet
  facet normal 0 0 -1
    outer loop
      vertex 3.8028404788911163 159.53649838554435 0
      vertex 3.75 178 0
      vertex 3.8028404788911163 177.46350161445565 0
    endloop
  endfacet
  facet normal 0 0 -1
    outer loop
      vertex 3.9593312855939615 160.052379439004 0
      vertex 3.8028404788911163 177.46350161445565 0
      vertex 3.9593312855939615 176.947620560996 0
    endloop
  endfacet
  facet normal 0 0 -1
    outer loop
      vertex 4.213458566168001 160.5278181408039 0
      vertex 3.9593312855939615 176.947620560996 0
      vertex 4.213458566168001 176.4721818591961 0
    endloop
  endfacet
  facet normal 0 0 -1
    outer loop
      vertex 4.555456351736995 160.944543648263 0
      vertex 4.213458566168001 176.4721818591961 0
      vertex 4.555456351736995 176.055456351737 0
    endloop
  endfacet
  facet normal 0 0 -1
    outer loop
      vertex 3.75 159 0
      vertex 3 210 0
      vertex 3.75 178 0
    endloop
  endfacet
  facet normal 0 0 -1
    outer loop
      vertex 4.555456351736995 160.944543648263 0
      vertex 4.555456351736995 176.055456351737 0
      vertex 4.972181859196094 175.71345856616801 0
    endloop
  endfacet
  facet normal 0 0 -1
    outer loop
      vertex 3.75 178 0
      vertex 3 210 0
      vertex 3.8028404788911163 178.53649838554435 0
    endloop
  endfacet
  facet normal 0 0 -1
    outer loop
      vertex 3.8028404788911163 178.53649838554435 0
      vertex 3 210 0
      vertex 3.9593312855939615 179.052379439004 0
    endloop
  endfacet
  facet normal 0 0 -1
    outer loop
      vertex 3.9593312855939615 179.052379439004 0
      vertex 3 210 0
      vertex 4.213458566168001 179.5278181408039 0
    endloop
  endfacet
  facet normal 0 0 -1
    outer loop
      vertex 4.213458566168001 179.5278181408039 0
      vertex 3 210 0
      vertex 4.555456351736995 179.944543648263 0
    endloop
  endfacet
  facet normal 0 0 -1
    outer loop
      vertex 4.555456351736995 179.944543648263 0
      vertex 3 210 0
      vertex 4.972181859196094 180.28654143383199 0
    endloop
  endfacet
  facet normal 0 0 -1
    outer loop
      vertex 4.972181859196094 180.28654143383199 0
      vertex 3 210 0
      vertex 5.447620560996003 180.54066871440602 0
    endloop
  endfacet
  facet normal 0 0 -1
    outer loop
      vertex 8.027818140803905 180.28654143383199 0
      vertex 7.552379439003997 180.54066871440602 0
      vertex 3 210 0
    endloop
  endfacet
  facet normal 0 0 -1
    outer loop
      vertex 8.027818140803905 180.28654143383199 0
      vertex 3 210 0
      vertex 8.444543648263005 179.944543648263 0
    endloop
  endfacet
  facet normal 0 0 -1
    outer loop
      vertex 8.444543648263005 179.944543648263 0
      vertex 3 210 0
      vertex 8.786541433832 179.5278181408039 0
    endloop
  endfacet
  facet normal 0 0 -1
    outer loop
      vertex 5.447620560996003 180.54066871440602 0
      vertex 3 210 0
      vertex 5.963501614455647 180.6971595211089 0
    endloop
  endfacet
  facet normal 0 0 -1
    outer loop
      vertex 5.963501614455647 180.6971595211089 0
      vertex 3 210 0
      vertex 6.5 180.75 0
    endloop
  endfacet
  facet normal 0 0 -1
    outer loop
      vertex 6.5 180.75 0
      vertex 3 210 0
      vertex 7.036498385544353 180.6971595211089 0
    endloop
  endfacet
  facet normal 0 0 -1
    outer loop
      vertex 7.036498385544353 180.6971595211089 0
      vertex 3 210 0
      vertex 7.552379439003997 180.54066871440602 0
    endloop
  endfacet
  facet normal -0.995184726672197 0.09801714032955847 1.682115747125978e-18
    outer loop
      vertex 0 207 0
      vertex 0.05764415879030871 207.5852709660484 3.45
      vertex 0.05764415879030871 207.5852709660484 0
    endloop
  endfacet
  facet normal -0.9569403357322066 0.29028467725447005 -6.839632851636487e-19
    outer loop
      vertex 0.05764415879030871 207.5852709660484 0
      vertex 0.22836140246614 208.14805029709527 3.45
      vertex 0.22836140246614 208.14805029709527 0
    endloop
  endfacet
  facet normal -0.8819212643483523 0.4713967368260029 -1.5998518405763383e-18
    outer loop
      vertex 0.22836140246614 208.14805029709527 0
      vertex 0.5055911630923644 208.6667106990588 3.45
      vertex 0.5055911630923644 208.6667106990588 0
    endloop
  endfacet
  facet normal -0.7730104533627364 0.6343932841636463 -6.359871452886192e-18
    outer loop
      vertex 0.5055911630923644 208.6667106990588 0
      vertex 0.8786796564403572 209.12132034355963 3.45
      vertex 0.8786796564403572 209.12132034355963 0
    endloop
  endfacet
  facet normal -0.6343932841636593 0.7730104533627257 2.3650884861844637e-18
    outer loop
      vertex 0.8786796564403572 209.12132034355963 0
      vertex 1.3332893009411935 209.49440883690764 3.45
      vertex 1.3332893009411935 209.49440883690764 0
    endloop
  endfacet
  facet normal -0.47139673682600103 0.8819212643483533 1.1072796354550207e-18
    outer loop
      vertex 1.3332893009411935 209.49440883690764 0
      vertex 1.8519497029047307 209.77163859753387 3.45
      vertex 1.8519497029047307 209.77163859753387 0
    endloop
  endfacet
  facet normal -0.2902846772544517 0.9569403357322123 -2.7155042342419034e-19
    outer loop
      vertex 1.8519497029047307 209.77163859753387 0
      vertex 2.414729033951615 209.9423558412097 3.45
      vertex 2.414729033951615 209.9423558412097 0
    endloop
  endfacet
  facet normal -0.0980171403295637 0.9951847266721967 -1.2159974043678743e-18
    outer loop
      vertex 2.414729033951615 209.9423558412097 0
      vertex 3 210 3.45
      vertex 3 210 0
    endloop
  endfacet
  facet normal 0 0 -1
    outer loop
      vertex 8.786541433832 160.5278181408039 0
      vertex 145 0 0
      vertex 9.040668714406038 160.052379439004 0
    endloop
  endfacet
  facet normal 0 0 -1
    outer loop
      vertex 8.786541433832 160.5278181408039 0
      vertex 8.444543648263005 160.944543648263 0
      vertex 145 0 0
    endloop
  endfacet
  facet normal 0 0 -1
    outer loop
      vertex 9.197159521108883 158.46350161445565 0
      vertex 9.25 159 0
      vertex 145 0 0
    endloop
  endfacet
  facet normal 0 0 -1
    outer loop
      vertex 9.197159521108883 159.53649838554435 0
      vertex 145 0 0
      vertex 9.25 159 0
    endloop
  endfacet
  facet normal 0 0 -1
    outer loop
      vertex 9.197159521108883 159.53649838554435 0
      vertex 9.040668714406038 160.052379439004 0
      vertex 145 0 0
    endloop
  endfacet
  facet normal 0 0 -1
    outer loop
      vertex 8.444543648263005 160.944543648263 0
      vertex 4.972181859196094 175.71345856616801 0
      vertex 145 0 0
    endloop
  endfacet
  facet normal 0 0 -1
    outer loop
      vertex 5.447620560996003 175.45933128559398 0
      vertex 145 0 0
      vertex 4.972181859196094 175.71345856616801 0
    endloop
  endfacet
  facet normal 0 0 -1
    outer loop
      vertex 5.447620560996003 175.45933128559398 0
      vertex 5.963501614455647 175.3028404788911 0
      vertex 145 0 0
    endloop
  endfacet
  facet normal 0 0 -1
    outer loop
      vertex 5.963501614455647 175.3028404788911 0
      vertex 6.5 175.25 0
      vertex 145 0 0
    endloop
  endfacet
  facet normal 0 0 -1
    outer loop
      vertex 6.5 175.25 0
      vertex 7.036498385544353 175.3028404788911 0
      vertex 145 0 0
    endloop
  endfacet
  facet normal 0 0 -1
    outer loop
      vertex 7.036498385544353 175.3028404788911 0
      vertex 7.552379439003997 175.45933128559398 0
      vertex 145 0 0
    endloop
  endfacet
  facet normal 0 0 -1
    outer loop
      vertex 7.552379439003997 175.45933128559398 0
      vertex 8.027818140803905 175.71345856616801 0
      vertex 145 0 0
    endloop
  endfacet
  facet normal 0 0 -1
    outer loop
      vertex 8.027818140803905 175.71345856616801 0
      vertex 8.444543648263005 176.055456351737 0
      vertex 145 0 0
    endloop
  endfacet
  facet normal 0 0 -1
    outer loop
      vertex 8.444543648263005 176.055456351737 0
      vertex 8.786541433832 176.4721818591961 0
      vertex 145 0 0
    endloop
  endfacet
  facet normal 0 0 -1
    outer loop
      vertex 8.786541433832 176.4721818591961 0
      vertex 9.040668714406038 176.947620560996 0
      vertex 145 0 0
    endloop
  endfacet
  facet normal 0 0 -1
    outer loop
      vertex 8.786541433832 179.5278181408039 0
      vertex 145 0 0
      vertex 9.040668714406038 179.052379439004 0
    endloop
  endfacet
  facet normal 0 0 -1
    outer loop
      vertex 9.040668714406038 176.947620560996 0
      vertex 9.197159521108883 177.46350161445565 0
      vertex 145 0 0
    endloop
  endfacet
  facet normal 0 0 -1
    outer loop
      vertex 9.197159521108883 177.46350161445565 0
      vertex 9.25 178 0
      vertex 145 0 0
    endloop
  endfacet
  facet normal 0 0 -1
    outer loop
      vertex 9.197159521108883 178.53649838554435 0
      vertex 145 0 0
      vertex 9.25 178 0
    endloop
  endfacet
  facet normal 0 0 -1
    outer loop
      vertex 9.197159521108883 178.53649838554435 0
      vertex 9.040668714406038 179.052379439004 0
      vertex 145 0 0
    endloop
  endfacet
  facet normal 0 0 -1
    outer loop
      vertex 8.786541433832 179.5278181408039 0
      vertex 3 210 0
      vertex 145 0 0
    endloop
  endfacet
  facet normal 0 0 1
    outer loop
      vertex 3 0 3.45
      vertex 3.75 159 3.45
      vertex 3.8028404788911163 177.46350161445565 3.45
    endloop
  endfacet
  facet normal 0 0 1
    outer loop
      vertex 4.213458566168001 71.5278181408039 3.45
      vertex 4.213458566168001 138.4721818591961 3.45
      vertex 3.9593312855939615 138.947620560996 3.45
    endloop
  endfacet
  facet normal 0 0 1
    outer loop
      vertex 4.555456351736995 71.94454364826301 3.45
      vertex 4.555456351736995 138.055456351737 3.45
      vertex 4.213458566168001 138.4721818591961 3.45
    endloop
  endfacet
  facet normal 0 0 1
    outer loop
      vertex 3.8028404788911163 70.53649838554435 3.45
      vertex 3.8028404788911163 139.46350161445565 3.45
      vertex 3.75 140 3.45
    endloop
  endfacet
  facet normal 0 0 1
    outer loop
      vertex 3.9593312855939615 71.052379439004 3.45
      vertex 3.9593312855939615 138.947620560996 3.45
      vertex 3.8028404788911163 139.46350161445565 3.45
    endloop
  endfacet
  facet normal 0 0 1
    outer loop
      vertex 4.972181859196094 72.286541433832 3.45
      vertex 4.972181859196094 137.71345856616801 3.45
      vertex 4.555456351736995 138.055456351737 3.45
    endloop
  endfacet
  facet normal 0 0 1
    outer loop
      vertex 5.447620560996003 72.54066871440604 3.45
      vertex 5.447620560996003 137.45933128559398 3.45
      vertex 4.972181859196094 137.71345856616801 3.45
    endloop
  endfacet
  facet normal 0 0 1
    outer loop
      vertex 5.963501614455647 72.69715952110889 3.45
      vertex 5.963501614455647 137.3028404788911 3.45
      vertex 5.447620560996003 137.45933128559398 3.45
    endloop
  endfacet
  facet normal 0 0 1
    outer loop
      vertex 6.5 72.75 3.45
      vertex 6.5 137.25 3.45
      vertex 5.963501614455647 137.3028404788911 3.45
    endloop
  endfacet
  facet normal 0 0 1
    outer loop
      vertex 6.5 72.75 3.45
      vertex 7.036498385544353 137.3028404788911 3.45
      vertex 6.5 137.25 3.45
    endloop
  endfacet
  facet normal 0 0 1
    outer loop
      vertex 6.5 72.75 3.45
      vertex 7.552379439003997 137.45933128559398 3.45
      vertex 7.036498385544353 137.3028404788911 3.45
    endloop
  endfacet
  facet normal 0 0 1
    outer loop
      vertex 6.5 72.75 3.45
      vertex 8.027818140803905 137.71345856616801 3.45
      vertex 7.552379439003997 137.45933128559398 3.45
    endloop
  endfacet
  facet normal 0 0 1
    outer loop
      vertex 6.5 72.75 3.45
      vertex 8.444543648263005 138.055456351737 3.45
      vertex 8.027818140803905 137.71345856616801 3.45
    endloop
  endfacet
  facet normal 0 0 1
    outer loop
      vertex 6.5 72.75 3.45
      vertex 8.786541433832 138.4721818591961 3.45
      vertex 8.444543648263005 138.055456351737 3.45
    endloop
  endfacet
  facet normal 0 0 1
    outer loop
      vertex 6.5 72.75 3.45
      vertex 9.040668714406038 138.947620560996 3.45
      vertex 8.786541433832 138.4721818591961 3.45
    endloop
  endfacet
  facet normal 0 0 1
    outer loop
      vertex 6.5 72.75 3.45
      vertex 9.197159521108883 139.46350161445565 3.45
      vertex 9.040668714406038 138.947620560996 3.45
    endloop
  endfacet
  facet normal 0 0 1
    outer loop
      vertex 9.25 70 3.45
      vertex 9.25 140 3.45
      vertex 9.197159521108883 139.46350161445565 3.45
    endloop
  endfacet
  facet normal 0 0 1
    outer loop
      vertex 3 0 3.45
      vertex 3.8028404788911163 177.46350161445565 3.45
      vertex 3.75 178 3.45
    endloop
  endfacet
  facet normal 0 0 1
    outer loop
      vertex 3 0 3.45
      vertex 3.75 178 3.45
      vertex 3 210 3.45
    endloop
  endfacet
  facet normal 0 0 1
    outer loop
      vertex 9.25 51 3.45
      vertex 10.264960020634511 208.42919783337632 3.45
      vertex 9.25 70 3.45
    endloop
  endfacet
  facet normal 0 0 1
    outer loop
      vertex 0.05764415879030871 2.414729033951615 3.45
      vertex 0.05764415879030871 207.5852709660484 3.45
      vertex 0 207 3.45
    endloop
  endfacet
  facet normal 0 0 1
    outer loop
      vertex 0.22836140246614 1.8519497029047307 3.45
      vertex 0.22836140246614 208.14805029709527 3.45
      vertex 0.05764415879030871 207.5852709660484 3.45
    endloop
  endfacet
  facet normal 0 0 1
    outer loop
      vertex 0.5055911630923644 1.3332893009411935 3.45
      vertex 0.5055911630923644 208.6667106990588 3.45
      vertex 0.22836140246614 208.14805029709527 3.45
    endloop
  endfacet
  facet normal 0 0 1
    outer loop
      vertex 0.8786796564403572 0.8786796564403572 3.45
      vertex 0.8786796564403572 209.12132034355963 3.45
      vertex 0.5055911630923644 208.6667106990588 3.45
    endloop
  endfacet
  facet normal 0 0 1
    outer loop
      vertex 1.3332893009411935 0.5055911630923644 3.45
      vertex 1.3332893009411935 209.49440883690764 3.45
      vertex 0.8786796564403572 209.12132034355963 3.45
    endloop
  endfacet
  facet normal 0 0 1
    outer loop
      vertex 1.8519497029047307 0.22836140246614 3.45
      vertex 1.8519497029047307 209.77163859753387 3.45
      vertex 1.3332893009411935 209.49440883690764 3.45
    endloop
  endfacet
  facet normal 0 0 1
    outer loop
      vertex 2.414729033951615 0.05764415879030871 3.45
      vertex 2.414729033951615 209.9423558412097 3.45
      vertex 1.8519497029047307 209.77163859753387 3.45
    endloop
  endfacet
  facet normal 0 0 1
    outer loop
      vertex 3 0 3.45
      vertex 3 210 3.45
      vertex 2.414729033951615 209.9423558412097 3.45
    endloop
  endfacet
  facet normal 0 0 1
    outer loop
      vertex 3.75 140 3.45
      vertex 3.8028404788911163 140.53649838554435 3.45
      vertex 3.75 159 3.45
    endloop
  endfacet
  facet normal 0 0 1
    outer loop
      vertex 3.8028404788911163 140.53649838554435 3.45
      vertex 3.9593312855939615 141.052379439004 3.45
      vertex 3.8028404788911163 158.46350161445565 3.45
    endloop
  endfacet
  facet normal 0 0 1
    outer loop
      vertex 3.9593312855939615 141.052379439004 3.45
      vertex 4.213458566168001 141.5278181408039 3.45
      vertex 3.9593312855939615 157.947620560996 3.45
    endloop
  endfacet
  facet normal 0 0 1
    outer loop
      vertex 4.213458566168001 141.5278181408039 3.45
      vertex 4.555456351736995 141.944543648263 3.45
      vertex 4.213458566168001 157.4721818591961 3.45
    endloop
  endfacet
  facet normal 0 0 1
    outer loop
      vertex 3.9593312855939615 141.052379439004 3.45
      vertex 3.9593312855939615 157.947620560996 3.45
      vertex 3.8028404788911163 158.46350161445565 3.45
    endloop
  endfacet
  facet normal 0 0 1
    outer loop
      vertex 4.213458566168001 141.5278181408039 3.45
      vertex 4.213458566168001 157.4721818591961 3.45
      vertex 3.9593312855939615 157.947620560996 3.45
    endloop
  endfacet
  facet normal 0 0 1
    outer loop
      vertex 4.555456351736995 141.944543648263 3.45
      vertex 4.555456351736995 157.055456351737 3.45
      vertex 4.213458566168001 157.4721818591961 3.45
    endloop
  endfacet
  facet normal 0 0 1
    outer loop
      vertex 3.8028404788911163 140.53649838554435 3.45
      vertex 3.8028404788911163 158.46350161445565 3.45
      vertex 3.75 159 3.45
    endloop
  endfacet
  facet normal 0 0 1
    outer loop
      vertex 4.555456351736995 141.944543648263 3.45
      vertex 4.972181859196094 142.28654143383199 3.45
      vertex 4.555456351736995 157.055456351737 3.45
    endloop
  endfacet
  facet normal 0 0 1
    outer loop
      vertex 4.972181859196094 142.28654143383199 3.45
      vertex 5.447620560996003 142.54066871440602 3.45
      vertex 4.972181859196094 156.71345856616801 3.45
    endloop
  endfacet
  facet normal 0 0 1
    outer loop
      vertex 5.447620560996003 142.54066871440602 3.45
      vertex 5.963501614455647 142.6971595211089 3.45
      vertex 5.447620560996003 156.45933128559398 3.45
    endloop
  endfacet
  facet normal 0 0 1
    outer loop
      vertex 5.963501614455647 142.6971595211089 3.45
      vertex 6.5 142.75 3.45
      vertex 5.963501614455647 156.3028404788911 3.45
    endloop
  endfacet
  facet normal 0 0 1
    outer loop
      vertex 6.5 142.75 3.45
      vertex 7.036498385544353 142.6971595211089 3.45
      vertex 6.5 156.25 3.45
    endloop
  endfacet
  facet normal 0 0 1
    outer loop
      vertex 7.036498385544353 142.6971595211089 3.45
      vertex 7.552379439003997 142.54066871440602 3.45
      vertex 7.036498385544353 156.3028404788911 3.45
    endloop
  endfacet
  facet normal 0 0 1
    outer loop
      vertex 7.552379439003997 142.54066871440602 3.45
      vertex 8.027818140803905 142.28654143383199 3.45
      vertex 7.552379439003997 156.45933128559398 3.45
    endloop
  endfacet
  facet normal 0 0 1
    outer loop
      vertex 8.027818140803905 142.28654143383199 3.45
      vertex 8.444543648263005 141.944543648263 3.45
      vertex 8.027818140803905 156.71345856616801 3.45
    endloop
  endfacet
  facet normal 0 0 1
    outer loop
      vertex 8.444543648263005 141.944543648263 3.45
      vertex 8.786541433832 141.5278181408039 3.45
      vertex 8.444543648263005 157.055456351737 3.45
    endloop
  endfacet
  facet normal 0 0 1
    outer loop
      vertex 9.040668714406038 141.052379439004 3.45
      vertex 8.786541433832 157.4721818591961 3.45
      vertex 8.786541433832 141.5278181408039 3.45
    endloop
  endfacet
  facet normal 0 0 1
    outer loop
      vertex 9.197159521108883 140.53649838554435 3.45
      vertex 9.25 140 3.45
      vertex 9.197159521108883 158.46350161445565 3.45
    endloop
  endfacet
  facet normal 0 0 1
    outer loop
      vertex 9.197159521108883 140.53649838554435 3.45
      vertex 9.040668714406038 157.947620560996 3.45
      vertex 9.040668714406038 141.052379439004 3.45
    endloop
  endfacet
  facet normal 0 0 1
    outer loop
      vertex 4.972181859196094 142.28654143383199 3.45
      vertex 4.972181859196094 156.71345856616801 3.45
      vertex 4.555456351736995 157.055456351737 3.45
    endloop
  endfacet
  facet normal 0 0 1
    outer loop
      vertex 5.447620560996003 142.54066871440602 3.45
      vertex 5.447620560996003 156.45933128559398 3.45
      vertex 4.972181859196094 156.71345856616801 3.45
    endloop
  endfacet
  facet normal 0 0 1
    outer loop
      vertex 5.963501614455647 142.6971595211089 3.45
      vertex 5.963501614455647 156.3028404788911 3.45
      vertex 5.447620560996003 156.45933128559398 3.45
    endloop
  endfacet
  facet normal 0 0 1
    outer loop
      vertex 6.5 142.75 3.45
      vertex 6.5 156.25 3.45
      vertex 5.963501614455647 156.3028404788911 3.45
    endloop
  endfacet
  facet normal 0 0 1
    outer loop
      vertex 7.036498385544353 142.6971595211089 3.45
      vertex 7.036498385544353 156.3028404788911 3.45
      vertex 6.5 156.25 3.45
    endloop
  endfacet
  facet normal 0 0 1
    outer loop
      vertex 7.552379439003997 142.54066871440602 3.45
      vertex 7.552379439003997 156.45933128559398 3.45
      vertex 7.036498385544353 156.3028404788911 3.45
    endloop
  endfacet
  facet normal 0 0 1
    outer loop
      vertex 8.027818140803905 142.28654143383199 3.45
      vertex 8.027818140803905 156.71345856616801 3.45
      vertex 7.552379439003997 156.45933128559398 3.45
    endloop
  endfacet
  facet normal 0 0 1
    outer loop
      vertex 8.444543648263005 141.944543648263 3.45
      vertex 8.444543648263005 157.055456351737 3.45
      vertex 8.027818140803905 156.71345856616801 3.45
    endloop
  endfacet
  facet normal 0 0 1
    outer loop
      vertex 8.786541433832 141.5278181408039 3.45
      vertex 8.786541433832 157.4721818591961 3.45
      vertex 8.444543648263005 157.055456351737 3.45
    endloop
  endfacet
  facet normal 0 0 1
    outer loop
      vertex 9.040668714406038 141.052379439004 3.45
      vertex 9.040668714406038 157.947620560996 3.45
      vertex 8.786541433832 157.4721818591961 3.45
    endloop
  endfacet
  facet normal 0 0 1
    outer loop
      vertex 9.197159521108883 140.53649838554435 3.45
      vertex 9.197159521108883 158.46350161445565 3.45
      vertex 9.040668714406038 157.947620560996 3.45
    endloop
  endfacet
  facet normal 0 0 1
    outer loop
      vertex 9.25 140 3.45
      vertex 9.25 159 3.45
      vertex 9.197159521108883 158.46350161445565 3.45
    endloop
  endfacet
  facet normal 0 0 1
    outer loop
      vertex 9.25 70 3.45
      vertex 10.264960020634511 208.42919783337632 3.45
      vertex 9.25 140 3.45
    endloop
  endfacet
  facet normal -0.995184726672197 0.09801714032955847 0
    outer loop
      vertex 0 207 0
      vertex 0 207 3.45
      vertex 0.05764415879030871 207.5852709660484 3.45
    endloop
  endfacet
  facet normal -0.9569403357322066 0.29028467725447005 0
    outer loop
      vertex 0.05764415879030871 207.5852709660484 0
      vertex 0.05764415879030871 207.5852709660484 3.45
      vertex 0.22836140246614 208.14805029709527 3.45
    endloop
  endfacet
  facet normal -0.8819212643483523 0.4713967368260029 0
    outer loop
      vertex 0.22836140246614 208.14805029709527 0
      vertex 0.22836140246614 208.14805029709527 3.45
      vertex 0.5055911630923644 208.6667106990588 3.45
    endloop
  endfacet
  facet normal -0.7730104533627364 0.6343932841636463 0
    outer loop
      vertex 0.5055911630923644 208.6667106990588 0
      vertex 0.5055911630923644 208.6667106990588 3.45
      vertex 0.8786796564403572 209.12132034355963 3.45
    endloop
  endfacet
  facet normal -0.6343932841636593 0.7730104533627257 0
    outer loop
      vertex 0.8786796564403572 209.12132034355963 0
      vertex 0.8786796564403572 209.12132034355963 3.45
      vertex 1.3332893009411935 209.49440883690764 3.45
    endloop
  endfacet
  facet normal -0.47139673682600103 0.8819212643483533 0
    outer loop
      vertex 1.3332893009411935 209.49440883690764 0
      vertex 1.3332893009411935 209.49440883690764 3.45
      vertex 1.8519497029047307 209.77163859753387 3.45
    endloop
  endfacet
  facet normal -0.2902846772544517 0.9569403357322123 0
    outer loop
      vertex 1.8519497029047307 209.77163859753387 0
      vertex 1.8519497029047307 209.77163859753387 3.45
      vertex 2.414729033951615 209.9423558412097 3.45
    endloop
  endfacet
  facet normal -0.0980171403295637 0.9951847266721967 0
    outer loop
      vertex 2.414729033951615 209.9423558412097 0
      vertex 2.414729033951615 209.9423558412097 3.45
      vertex 3 210 3.45
    endloop
  endfacet
  facet normal 0 0 1
    outer loop
      vertex 3.75 159 3.45
      vertex 3.8028404788911163 159.53649838554435 3.45
      vertex 3.8028404788911163 177.46350161445565 3.45
    endloop
  endfacet
  facet normal 0 0 1
    outer loop
      vertex 3.8028404788911163 159.53649838554435 3.45
      vertex 3.9593312855939615 160.052379439004 3.45
      vertex 3.8028404788911163 177.46350161445565 3.45
    endloop
  endfacet
  facet normal 0 0 1
    outer loop
      vertex 3.9593312855939615 160.052379439004 3.45
      vertex 4.213458566168001 160.5278181408039 3.45
      vertex 3.9593312855939615 176.947620560996 3.45
    endloop
  endfacet
  facet normal 0 0 1
    outer loop
      vertex 4.213458566168001 160.5278181408039 3.45
      vertex 4.555456351736995 160.944543648263 3.45
      vertex 4.213458566168001 176.4721818591961 3.45
    endloop
  endfacet
  facet normal 0 0 1
    outer loop
      vertex 4.555456351736995 160.944543648263 3.45
      vertex 4.972181859196094 161.28654143383199 3.45
      vertex 4.555456351736995 176.055456351737 3.45
    endloop
  endfacet
  facet normal 0 0 1
    outer loop
      vertex 4.972181859196094 161.28654143383199 3.45
      vertex 5.447620560996003 161.54066871440602 3.45
      vertex 4.972181859196094 175.71345856616801 3.45
    endloop
  endfacet
  facet normal 0 0 1
    outer loop
      vertex 5.447620560996003 161.54066871440602 3.45
      vertex 5.963501614455647 161.6971595211089 3.45
      vertex 5.447620560996003 175.45933128559398 3.45
    endloop
  endfacet
  facet normal 0 0 1
    outer loop
      vertex 5.963501614455647 161.6971595211089 3.45
      vertex 6.5 161.75 3.45
      vertex 5.963501614455647 175.3028404788911 3.45
    endloop
  endfacet
  facet normal 0 0 1
    outer loop
      vertex 6.5 161.75 3.45
      vertex 7.036498385544353 161.6971595211089 3.45
      vertex 6.5 175.25 3.45
    endloop
  endfacet
  facet normal 0 0 1
    outer loop
      vertex 7.036498385544353 161.6971595211089 3.45
      vertex 7.552379439003997 161.54066871440602 3.45
      vertex 7.036498385544353 175.3028404788911 3.45
    endloop
  endfacet
  facet normal 0 0 1
    outer loop
      vertex 7.552379439003997 161.54066871440602 3.45
      vertex 8.027818140803905 161.28654143383199 3.45
      vertex 7.552379439003997 175.45933128559398 3.45
    endloop
  endfacet
  facet normal 0 0 1
    outer loop
      vertex 8.786541433832 160.5278181408039 3.45
      vertex 9.040668714406038 160.052379439004 3.45
      vertex 8.786541433832 176.4721818591961 3.45
    endloop
  endfacet
  facet normal 0 0 1
    outer loop
      vertex 9.197159521108883 159.53649838554435 3.45
      vertex 9.040668714406038 176.947620560996 3.45
      vertex 9.040668714406038 160.052379439004 3.45
    endloop
  endfacet
  facet normal 0 0 1
    outer loop
      vertex 9.197159521108883 159.53649838554435 3.45
      vertex 9.25 159 3.45
      vertex 9.197159521108883 177.46350161445565 3.45
    endloop
  endfacet
  facet normal 0 0 1
    outer loop
      vertex 8.027818140803905 161.28654143383199 3.45
      vertex 8.444543648263005 160.944543648263 3.45
      vertex 8.027818140803905 175.71345856616801 3.45
    endloop
  endfacet
  facet normal 0 0 1
    outer loop
      vertex 8.786541433832 160.5278181408039 3.45
      vertex 8.444543648263005 176.055456351737 3.45
      vertex 8.444543648263005 160.944543648263 3.45
    endloop
  endfacet
  facet normal 0 0 1
    outer loop
      vertex 3.9593312855939615 160.052379439004 3.45
      vertex 3.9593312855939615 176.947620560996 3.45
      vertex 3.8028404788911163 177.46350161445565 3.45
    endloop
  endfacet
  facet normal 0 0 1
    outer loop
      vertex 4.213458566168001 160.5278181408039 3.45
      vertex 4.213458566168001 176.4721818591961 3.45
      vertex 3.9593312855939615 176.947620560996 3.45
    endloop
  endfacet
  facet normal 0 0 1
    outer loop
      vertex 4.555456351736995 160.944543648263 3.45
      vertex 4.555456351736995 176.055456351737 3.45
      vertex 4.213458566168001 176.4721818591961 3.45
    endloop
  endfacet
  facet normal 0 0 1
    outer loop
      vertex 4.972181859196094 161.28654143383199 3.45
      vertex 4.972181859196094 175.71345856616801 3.45
      vertex 4.555456351736995 176.055456351737 3.45
    endloop
  endfacet
  facet normal 0 0 1
    outer loop
      vertex 5.447620560996003 161.54066871440602 3.45
      vertex 5.447620560996003 175.45933128559398 3.45
      vertex 4.972181859196094 175.71345856616801 3.45
    endloop
  endfacet
  facet normal 0 0 1
    outer loop
      vertex 5.963501614455647 161.6971595211089 3.45
      vertex 5.963501614455647 175.3028404788911 3.45
      vertex 5.447620560996003 175.45933128559398 3.45
    endloop
  endfacet
  facet normal 0 0 1
    outer loop
      vertex 6.5 161.75 3.45
      vertex 6.5 175.25 3.45
      vertex 5.963501614455647 175.3028404788911 3.45
    endloop
  endfacet
  facet normal 0 0 1
    outer loop
      vertex 7.036498385544353 161.6971595211089 3.45
      vertex 7.036498385544353 175.3028404788911 3.45
      vertex 6.5 175.25 3.45
    endloop
  endfacet
  facet normal 0 0 1
    outer loop
      vertex 7.552379439003997 161.54066871440602 3.45
      vertex 7.552379439003997 175.45933128559398 3.45
      vertex 7.036498385544353 175.3028404788911 3.45
    endloop
  endfacet
  facet normal 0 0 1
    outer loop
      vertex 8.027818140803905 161.28654143383199 3.45
      vertex 8.027818140803905 175.71345856616801 3.45
      vertex 7.552379439003997 175.45933128559398 3.45
    endloop
  endfacet
  facet normal 0 0 1
    outer loop
      vertex 8.444543648263005 160.944543648263 3.45
      vertex 8.444543648263005 176.055456351737 3.45
      vertex 8.027818140803905 175.71345856616801 3.45
    endloop
  endfacet
  facet normal 0 0 1
    outer loop
      vertex 8.786541433832 160.5278181408039 3.45
      vertex 8.786541433832 176.4721818591961 3.45
      vertex 8.444543648263005 176.055456351737 3.45
    endloop
  endfacet
  facet normal 0 0 1
    outer loop
      vertex 9.040668714406038 160.052379439004 3.45
      vertex 9.040668714406038 176.947620560996 3.45
      vertex 8.786541433832 176.4721818591961 3.45
    endloop
  endfacet
  facet normal 0 0 1
    outer loop
      vertex 9.197159521108883 159.53649838554435 3.45
      vertex 9.197159521108883 177.46350161445565 3.45
      vertex 9.040668714406038 176.947620560996 3.45
    endloop
  endfacet
  facet normal 0 0 1
    outer loop
      vertex 9.197159521108883 177.46350161445565 3.45
      vertex 9.25 159 3.45
      vertex 9.25 178 3.45
    endloop
  endfacet
  facet normal 0 0 1
    outer loop
      vertex 9.25 140 3.45
      vertex 10.264960020634511 208.42919783337632 3.45
      vertex 9.25 159 3.45
    endloop
  endfacet
  facet normal 0 0 1
    outer loop
      vertex 9.25 159 3.45
      vertex 10.264960020634511 208.42919783337632 3.45
      vertex 9.25 178 3.45
    endloop
  endfacet
  facet normal 0 0 1
    outer loop
      vertex 3.75 178 3.45
      vertex 3.8028404788911163 178.53649838554435 3.45
      vertex 3 210 3.45
    endloop
  endfacet
  facet normal 0 0 1
    outer loop
      vertex 3.8028404788911163 178.53649838554435 3.45
      vertex 3.9593312855939615 179.052379439004 3.45
      vertex 3 210 3.45
    endloop
  endfacet
  facet normal 0 0 1
    outer loop
      vertex 3.9593312855939615 179.052379439004 3.45
      vertex 4.213458566168001 179.5278181408039 3.45
      vertex 3 210 3.45
    endloop
  endfacet
  facet normal 0 0 1
    outer loop
      vertex 4.213458566168001 179.5278181408039 3.45
      vertex 4.555456351736995 179.944543648263 3.45
      vertex 3 210 3.45
    endloop
  endfacet
  facet normal 0 0 1
    outer loop
      vertex 4.555456351736995 179.944543648263 3.45
      vertex 4.972181859196094 180.28654143383199 3.45
      vertex 3 210 3.45
    endloop
  endfacet
  facet normal 0 0 1
    outer loop
      vertex 4.972181859196094 180.28654143383199 3.45
      vertex 5.447620560996003 180.54066871440602 3.45
      vertex 3 210 3.45
    endloop
  endfacet
  facet normal 0 0 1
    outer loop
      vertex 7.036498385544353 180.6971595211089 3.45
      vertex 7.552379439003997 180.54066871440602 3.45
      vertex 10.264960020634511 208.42919783337632 3.45
    endloop
  endfacet
  facet normal 0 0 1
    outer loop
      vertex 8.027818140803905 180.28654143383199 3.45
      vertex 10.264960020634511 208.42919783337632 3.45
      vertex 7.552379439003997 180.54066871440602 3.45
    endloop
  endfacet
  facet normal 0 0 1
    outer loop
      vertex 8.444543648263005 179.944543648263 3.45
      vertex 8.786541433832 179.5278181408039 3.45
      vertex 10.264960020634511 208.42919783337632 3.45
    endloop
  endfacet
  facet normal 0 0 1
    outer loop
      vertex 8.027818140803905 180.28654143383199 3.45
      vertex 8.444543648263005 179.944543648263 3.45
      vertex 10.264960020634511 208.42919783337632 3.45
    endloop
  endfacet
  facet normal 0 0 1
    outer loop
      vertex 5.447620560996003 180.54066871440602 3.45
      vertex 5.963501614455647 180.6971595211089 3.45
      vertex 3 210 3.45
    endloop
  endfacet
  facet normal 0 0 1
    outer loop
      vertex 5.963501614455647 180.6971595211089 3.45
      vertex 6.5 180.75 3.45
      vertex 3 210 3.45
    endloop
  endfacet
  facet normal 0 0 1
    outer loop
      vertex 6.5 180.75 3.45
      vertex 7.036498385544353 180.6971595211089 3.45
      vertex 3 210 3.45
    endloop
  endfacet
  facet normal 0 0 1
    outer loop
      vertex 7.036498385544353 180.6971595211089 3.45
      vertex 10.264960020634511 208.42919783337632 3.45
      vertex 3 210 3.45
    endloop
  endfacet
  facet normal 0 0 1
    outer loop
      vertex 9.197159521108883 178.53649838554435 3.45
      vertex 9.25 178 3.45
      vertex 10.264960020634511 208.42919783337632 3.45
    endloop
  endfacet
  facet normal 0 0 1
    outer loop
      vertex 8.786541433832 179.5278181408039 3.45
      vertex 9.040668714406038 179.052379439004 3.45
      vertex 10.264960020634511 208.42919783337632 3.45
    endloop
  endfacet
  facet normal 0 0 1
    outer loop
      vertex 9.197159521108883 178.53649838554435 3.45
      vertex 10.264960020634511 208.42919783337632 3.45
      vertex 9.040668714406038 179.052379439004 3.45
    endloop
  endfacet
  facet normal 0 1 0
    outer loop
      vertex 3 210 0
      vertex 3 210 3.45
      vertex 145 210 3.45
    endloop
  endfacet
  facet normal 0 0 1
    outer loop
      vertex 3 210 3.45
      vertex 10.264960020634511 208.42919783337632 3.45
      vertex 145 210 3.45
    endloop
  endfacet
  facet normal 0 0 1
    outer loop
      vertex 10.264960020634511 208.42919783337632 3.45
      vertex 12.25 208 3.45
      vertex 145 210 3.45
    endloop
  endfacet
  facet normal 0.09801714032955847 -0.995184726672197 0
    outer loop
      vertex 145 0 0
      vertex 145.5852709660484 0.05764415879030871 0
      vertex 145 0 3.45
    endloop
  endfacet
  facet normal 0.29028467725447005 -0.9569403357322066 0
    outer loop
      vertex 145.5852709660484 0.05764415879030871 0
      vertex 146.14805029709527 0.22836140246614 0
      vertex 145.5852709660484 0.05764415879030871 3.45
    endloop
  endfacet
  facet normal 0.4713967368260029 -0.8819212643483523 0
    outer loop
      vertex 146.14805029709527 0.22836140246614 0
      vertex 146.6667106990588 0.5055911630923644 0
      vertex 146.14805029709527 0.22836140246614 3.45
    endloop
  endfacet
  facet normal 0.6343932841636463 -0.7730104533627364 0
    outer loop
      vertex 146.6667106990588 0.5055911630923644 0
      vertex 147.12132034355963 0.8786796564403572 0
      vertex 146.6667106990588 0.5055911630923644 3.45
    endloop
  endfacet
  facet normal 0.7730104533627257 -0.6343932841636593 0
    outer loop
      vertex 147.12132034355963 0.8786796564403572 0
      vertex 147.49440883690764 1.3332893009411935 0
      vertex 147.12132034355963 0.8786796564403572 3.45
    endloop
  endfacet
  facet normal 0.8819212643483533 -0.47139673682600103 0
    outer loop
      vertex 147.49440883690764 1.3332893009411935 0
      vertex 147.77163859753387 1.8519497029047307 0
      vertex 147.49440883690764 1.3332893009411935 3.45
    endloop
  endfacet
  facet normal 0.9569403357322123 -0.2902846772544517 0
    outer loop
      vertex 147.77163859753387 1.8519497029047307 0
      vertex 147.9423558412097 2.414729033951615 0
      vertex 147.77163859753387 1.8519497029047307 3.45
    endloop
  endfacet
  facet normal 0.9951847266721967 -0.0980171403295637 0
    outer loop
      vertex 147.9423558412097 2.414729033951615 0
      vertex 148 3 0
      vertex 147.9423558412097 2.414729033951615 3.45
    endloop
  endfacet
  facet normal 0 0 -1
    outer loop
      vertex 145 0 0
      vertex 145 210 0
      vertex 145.5852709660484 0.05764415879030871 0
    endloop
  endfacet
  facet normal 0 0 -1
    outer loop
      vertex 145.5852709660484 0.05764415879030871 0
      vertex 145.5852709660484 209.9423558412097 0
      vertex 146.14805029709527 0.22836140246614 0
    endloop
  endfacet
  facet normal 0 0 -1
    outer loop
      vertex 146.14805029709527 0.22836140246614 0
      vertex 146.14805029709527 209.77163859753387 0
      vertex 146.6667106990588 0.5055911630923644 0
    endloop
  endfacet
  facet normal 0 0 -1
    outer loop
      vertex 146.6667106990588 0.5055911630923644 0
      vertex 146.6667106990588 209.49440883690764 0
      vertex 147.12132034355963 0.8786796564403572 0
    endloop
  endfacet
  facet normal 0 0 -1
    outer loop
      vertex 147.12132034355963 0.8786796564403572 0
      vertex 147.12132034355963 209.12132034355963 0
      vertex 147.49440883690764 1.3332893009411935 0
    endloop
  endfacet
  facet normal 0 0 -1
    outer loop
      vertex 147.49440883690764 1.3332893009411935 0
      vertex 147.49440883690764 208.6667106990588 0
      vertex 147.77163859753387 1.8519497029047307 0
    endloop
  endfacet
  facet normal 0 0 -1
    outer loop
      vertex 147.77163859753387 1.8519497029047307 0
      vertex 147.77163859753387 208.14805029709527 0
      vertex 147.9423558412097 2.414729033951615 0
    endloop
  endfacet
  facet normal 0 0 -1
    outer loop
      vertex 147.9423558412097 2.414729033951615 0
      vertex 147.9423558412097 207.5852709660484 0
      vertex 148 3 0
    endloop
  endfacet
  facet normal 1 0 0
    outer loop
      vertex 148 3 0
      vertex 148 207 0
      vertex 148 3 3.45
    endloop
  endfacet
  facet normal 0 -1 0
    outer loop
      vertex 3 0 3.45
      vertex 145 0 0
      vertex 145 0 3.45
    endloop
  endfacet
  facet normal 0 0 1
    outer loop
      vertex 145 0 3.45
      vertex 145 2 3.45
      vertex 12.25 2 3.45
    endloop
  endfacet
  facet normal 0.09801714032955847 -0.995184726672197 0
    outer loop
      vertex 145.5852709660484 0.05764415879030871 0
      vertex 145.5852709660484 0.05764415879030871 3.45
      vertex 145 0 3.45
    endloop
  endfacet
  facet normal 0.29028467725447005 -0.9569403357322066 0
    outer loop
      vertex 146.14805029709527 0.22836140246614 0
      vertex 146.14805029709527 0.22836140246614 3.45
      vertex 145.5852709660484 0.05764415879030871 3.45
    endloop
  endfacet
  facet normal 0.4713967368260029 -0.8819212643483523 0
    outer loop
      vertex 146.6667106990588 0.5055911630923644 0
      vertex 146.6667106990588 0.5055911630923644 3.45
      vertex 146.14805029709527 0.22836140246614 3.45
    endloop
  endfacet
  facet normal 0.6343932841636463 -0.7730104533627364 0
    outer loop
      vertex 147.12132034355963 0.8786796564403572 0
      vertex 147.12132034355963 0.8786796564403572 3.45
      vertex 146.6667106990588 0.5055911630923644 3.45
    endloop
  endfacet
  facet normal 0.7730104533627257 -0.6343932841636593 0
    outer loop
      vertex 147.49440883690764 1.3332893009411935 0
      vertex 147.49440883690764 1.3332893009411935 3.45
      vertex 147.12132034355963 0.8786796564403572 3.45
    endloop
  endfacet
  facet normal 0.8819212643483533 -0.47139673682600103 0
    outer loop
      vertex 147.77163859753387 1.8519497029047307 0
      vertex 147.77163859753387 1.8519497029047307 3.45
      vertex 147.49440883690764 1.3332893009411935 3.45
    endloop
  endfacet
  facet normal 0.9569403357322123 -0.2902846772544517 0
    outer loop
      vertex 147.9423558412097 2.414729033951615 0
      vertex 147.9423558412097 2.414729033951615 3.45
      vertex 147.77163859753387 1.8519497029047307 3.45
    endloop
  endfacet
  facet normal 0.9951847266721967 -0.0980171403295637 0
    outer loop
      vertex 148 3 0
      vertex 148 3 3.45
      vertex 147.9423558412097 2.414729033951615 3.45
    endloop
  endfacet
  facet normal 0 0 1
    outer loop
      vertex 145 0 3.45
      vertex 145.5852709660484 0.05764415879030871 3.45
      vertex 145 2 3.45
    endloop
  endfacet
  facet normal 0 0 1
    outer loop
      vertex 145.5852709660484 0.05764415879030871 3.45
      vertex 145.19509032201614 2.0192147195967696 3.45
      vertex 145 2 3.45
    endloop
  endfacet
  facet normal 0 0 1
    outer loop
      vertex 145.5852709660484 0.05764415879030871 3.45
      vertex 145.3826834323651 2.076120467488713 3.45
      vertex 145.19509032201614 2.0192147195967696 3.45
    endloop
  endfacet
  facet normal 0 0 1
    outer loop
      vertex 145.5852709660484 0.05764415879030871 3.45
      vertex 145.5555702330196 2.1685303876974547 3.45
      vertex 145.3826834323651 2.076120467488713 3.45
    endloop
  endfacet
  facet normal 0 0 1
    outer loop
      vertex 145.5852709660484 0.05764415879030871 3.45
      vertex 146.14805029709527 0.22836140246614 3.45
      vertex 145.5555702330196 2.1685303876974547 3.45
    endloop
  endfacet
  facet normal 0 0 1
    outer loop
      vertex 145.5555702330196 2.1685303876974547 3.45
      vertex 146.14805029709527 0.22836140246614 3.45
      vertex 145.70710678118655 2.2928932188134525 3.45
    endloop
  endfacet
  facet normal 0 0 1
    outer loop
      vertex 146.14805029709527 0.22836140246614 3.45
      vertex 145.83146961230256 2.444429766980398 3.45
      vertex 145.70710678118655 2.2928932188134525 3.45
    endloop
  endfacet
  facet normal 0 0 1
    outer loop
      vertex 146.14805029709527 0.22836140246614 3.45
      vertex 145.92387953251128 2.6173165676349104 3.45
      vertex 145.83146961230256 2.444429766980398 3.45
    endloop
  endfacet
  facet normal 0 0 1
    outer loop
      vertex 146.14805029709527 0.22836140246614 3.45
      vertex 146 3 3.45
      vertex 145.98078528040324 2.804909677983872 3.45
    endloop
  endfacet
  facet normal 0 0 1
    outer loop
      vertex 146.14805029709527 0.22836140246614 3.45
      vertex 145.98078528040324 2.804909677983872 3.45
      vertex 145.92387953251128 2.6173165676349104 3.45
    endloop
  endfacet
  facet normal 0 0 1
    outer loop
      vertex 146.14805029709527 0.22836140246614 3.45
      vertex 146.6667106990588 0.5055911630923644 3.45
      vertex 146.14805029709527 209.77163859753387 3.45
    endloop
  endfacet
  facet normal 0 0 1
    outer loop
      vertex 146.6667106990588 0.5055911630923644 3.45
      vertex 147.12132034355963 0.8786796564403572 3.45
      vertex 146.6667106990588 209.49440883690764 3.45
    endloop
  endfacet
  facet normal 0 0 1
    outer loop
      vertex 146.14805029709527 0.22836140246614 3.45
      vertex 146.14805029709527 209.77163859753387 3.45
      vertex 146 3 3.45
    endloop
  endfacet
  facet normal 0 0 1
    outer loop
      vertex 147.12132034355963 0.8786796564403572 3.45
      vertex 147.49440883690764 1.3332893009411935 3.45
      vertex 147.12132034355963 209.12132034355963 3.45
    endloop
  endfacet
  facet normal 0 0 1
    outer loop
      vertex 147.49440883690764 1.3332893009411935 3.45
      vertex 147.77163859753387 1.8519497029047307 3.45
      vertex 147.49440883690764 208.6667106990588 3.45
    endloop
  endfacet
  facet normal 0 0 1
    outer loop
      vertex 147.77163859753387 1.8519497029047307 3.45
      vertex 147.9423558412097 2.414729033951615 3.45
      vertex 147.77163859753387 208.14805029709527 3.45
    endloop
  endfacet
  facet normal 0 0 1
    outer loop
      vertex 147.9423558412097 2.414729033951615 3.45
      vertex 148 3 3.45
      vertex 147.9423558412097 207.5852709660484 3.45
    endloop
  endfacet
  facet normal 0 0 -1
    outer loop
      vertex 3 210 0
      vertex 145 210 0
      vertex 145 0 0
    endloop
  endfacet
  facet normal 0 1 0
    outer loop
      vertex 3 210 0
      vertex 145 210 3.45
      vertex 145 210 0
    endloop
  endfacet
  facet normal 0 0 -1
    outer loop
      vertex 145.5852709660484 0.05764415879030871 0
      vertex 145 210 0
      vertex 145.5852709660484 209.9423558412097 0
    endloop
  endfacet
  facet normal 0 0 -1
    outer loop
      vertex 146.14805029709527 0.22836140246614 0
      vertex 145.5852709660484 209.9423558412097 0
      vertex 146.14805029709527 209.77163859753387 0
    endloop
  endfacet
  facet normal 0 0 -1
    outer loop
      vertex 146.6667106990588 0.5055911630923644 0
      vertex 146.14805029709527 209.77163859753387 0
      vertex 146.6667106990588 209.49440883690764 0
    endloop
  endfacet
  facet normal 0 0 -1
    outer loop
      vertex 148 3 0
      vertex 147.9423558412097 207.5852709660484 0
      vertex 148 207 0
    endloop
  endfacet
  facet normal 0 0 -1
    outer loop
      vertex 147.9423558412097 2.414729033951615 0
      vertex 147.77163859753387 208.14805029709527 0
      vertex 147.9423558412097 207.5852709660484 0
    endloop
  endfacet
  facet normal 0 0 -1
    outer loop
      vertex 147.12132034355963 0.8786796564403572 0
      vertex 146.6667106990588 209.49440883690764 0
      vertex 147.12132034355963 209.12132034355963 0
    endloop
  endfacet
  facet normal 0 0 -1
    outer loop
      vertex 147.49440883690764 1.3332893009411935 0
      vertex 147.12132034355963 209.12132034355963 0
      vertex 147.49440883690764 208.6667106990588 0
    endloop
  endfacet
  facet normal 0 0 -1
    outer loop
      vertex 147.77163859753387 1.8519497029047307 0
      vertex 147.49440883690764 208.6667106990588 0
      vertex 147.77163859753387 208.14805029709527 0
    endloop
  endfacet
  facet normal 0.09801714032956148 0.9951847266721968 -1.0985630032173365e-18
    outer loop
      vertex 145 210 0
      vertex 145.5852709660484 209.9423558412097 3.45
      vertex 145.5852709660484 209.9423558412097 0
    endloop
  endfacet
  facet normal 0.290284677254459 0.9569403357322099 1.662184415340189e-18
    outer loop
      vertex 145.5852709660484 209.9423558412097 0
      vertex 146.14805029709527 209.77163859753387 3.45
      vertex 146.14805029709527 209.77163859753387 0
    endloop
  endfacet
  facet normal 0.4713967368260064 0.8819212643483504 4.45346505891283e-18
    outer loop
      vertex 146.14805029709527 209.77163859753387 0
      vertex 146.6667106990588 209.49440883690764 3.45
      vertex 146.6667106990588 209.49440883690764 0
    endloop
  endfacet
  facet normal 0.9951847266721968 0.09801714032956148 0
    outer loop
      vertex 148 207 0
      vertex 147.9423558412097 207.5852709660484 0
      vertex 148 207 3.45
    endloop
  endfacet
  facet normal 0.8819212643483504 0.4713967368260064 0
    outer loop
      vertex 147.77163859753387 208.14805029709527 0
      vertex 147.49440883690764 208.6667106990588 0
      vertex 147.77163859753387 208.14805029709527 3.45
    endloop
  endfacet
  facet normal 0.9569403357322099 0.290284677254459 0
    outer loop
      vertex 147.9423558412097 207.5852709660484 0
      vertex 147.77163859753387 208.14805029709527 0
      vertex 147.9423558412097 207.5852709660484 3.45
    endloop
  endfacet
  facet normal 0.7730104533627246 0.6343932841636607 -4.03861906791908e-18
    outer loop
      vertex 147.12132034355963 209.12132034355963 0
      vertex 147.49440883690764 208.6667106990588 3.45
      vertex 147.49440883690764 208.6667106990588 0
    endloop
  endfacet
  facet normal 0.6343932841636607 0.7730104533627246 -4.03861906791908e-18
    outer loop
      vertex 146.6667106990588 209.49440883690764 0
      vertex 147.12132034355963 209.12132034355963 3.45
      vertex 147.12132034355963 209.12132034355963 0
    endloop
  endfacet
  facet normal 0 0 1
    outer loop
      vertex 145 208 3.45
      vertex 145 210 3.45
      vertex 12.25 208 3.45
    endloop
  endfacet
  facet normal 1 0 0
    outer loop
      vertex 148 3 3.45
      vertex 148 207 0
      vertex 148 207 3.45
    endloop
  endfacet
  facet normal 0 0 1
    outer loop
      vertex 146 3 3.45
      vertex 146.14805029709527 209.77163859753387 3.45
      vertex 146 207 3.45
    endloop
  endfacet
  facet normal 0 0 1
    outer loop
      vertex 146.6667106990588 0.5055911630923644 3.45
      vertex 146.6667106990588 209.49440883690764 3.45
      vertex 146.14805029709527 209.77163859753387 3.45
    endloop
  endfacet
  facet normal 0 0 1
    outer loop
      vertex 148 3 3.45
      vertex 148 207 3.45
      vertex 147.9423558412097 207.5852709660484 3.45
    endloop
  endfacet
  facet normal 0 0 1
    outer loop
      vertex 147.9423558412097 2.414729033951615 3.45
      vertex 147.9423558412097 207.5852709660484 3.45
      vertex 147.77163859753387 208.14805029709527 3.45
    endloop
  endfacet
  facet normal 0 0 1
    outer loop
      vertex 147.12132034355963 0.8786796564403572 3.45
      vertex 147.12132034355963 209.12132034355963 3.45
      vertex 146.6667106990588 209.49440883690764 3.45
    endloop
  endfacet
  facet normal 0 0 1
    outer loop
      vertex 147.49440883690764 1.3332893009411935 3.45
      vertex 147.49440883690764 208.6667106990588 3.45
      vertex 147.12132034355963 209.12132034355963 3.45
    endloop
  endfacet
  facet normal 0 0 1
    outer loop
      vertex 147.77163859753387 1.8519497029047307 3.45
      vertex 147.77163859753387 208.14805029709527 3.45
      vertex 147.49440883690764 208.6667106990588 3.45
    endloop
  endfacet
  facet normal 0.09801714032956148 0.9951847266721968 0
    outer loop
      vertex 145 210 0
      vertex 145 210 3.45
      vertex 145.5852709660484 209.9423558412097 3.45
    endloop
  endfacet
  facet normal 0.290284677254459 0.9569403357322099 0
    outer loop
      vertex 145.5852709660484 209.9423558412097 0
      vertex 145.5852709660484 209.9423558412097 3.45
      vertex 146.14805029709527 209.77163859753387 3.45
    endloop
  endfacet
  facet normal 0.4713967368260064 0.8819212643483504 0
    outer loop
      vertex 146.14805029709527 209.77163859753387 0
      vertex 146.14805029709527 209.77163859753387 3.45
      vertex 146.6667106990588 209.49440883690764 3.45
    endloop
  endfacet
  facet normal 0.6343932841636607 0.7730104533627246 0
    outer loop
      vertex 146.6667106990588 209.49440883690764 0
      vertex 146.6667106990588 209.49440883690764 3.45
      vertex 147.12132034355963 209.12132034355963 3.45
    endloop
  endfacet
  facet normal 0.9951847266721968 0.09801714032956148 0
    outer loop
      vertex 147.9423558412097 207.5852709660484 0
      vertex 147.9423558412097 207.5852709660484 3.45
      vertex 148 207 3.45
    endloop
  endfacet
  facet normal 0.9569403357322099 0.290284677254459 0
    outer loop
      vertex 147.77163859753387 208.14805029709527 0
      vertex 147.77163859753387 208.14805029709527 3.45
      vertex 147.9423558412097 207.5852709660484 3.45
    endloop
  endfacet
  facet normal 0.7730104533627246 0.6343932841636607 0
    outer loop
      vertex 147.12132034355963 209.12132034355963 0
      vertex 147.12132034355963 209.12132034355963 3.45
      vertex 147.49440883690764 208.6667106990588 3.45
    endloop
  endfacet
  facet normal 0.8819212643483504 0.4713967368260064 0
    outer loop
      vertex 147.49440883690764 208.6667106990588 0
      vertex 147.49440883690764 208.6667106990588 3.45
      vertex 147.77163859753387 208.14805029709527 3.45
    endloop
  endfacet
  facet normal 0 0 1
    outer loop
      vertex 145 208 3.45
      vertex 145.19509032201614 207.98078528040324 3.45
      vertex 145 210 3.45
    endloop
  endfacet
  facet normal 0 0 1
    outer loop
      vertex 145.3826834323651 207.92387953251128 3.45
      vertex 145.5852709660484 209.9423558412097 3.45
      vertex 145.19509032201614 207.98078528040324 3.45
    endloop
  endfacet
  facet normal 0 0 1
    outer loop
      vertex 145.3826834323651 207.92387953251128 3.45
      vertex 145.5555702330196 207.83146961230256 3.45
      vertex 145.5852709660484 209.9423558412097 3.45
    endloop
  endfacet
  facet normal 0 0 1
    outer loop
      vertex 145.5555702330196 207.83146961230256 3.45
      vertex 145.70710678118655 207.70710678118655 3.45
      vertex 145.5852709660484 209.9423558412097 3.45
    endloop
  endfacet
  facet normal 0 0 1
    outer loop
      vertex 145.19509032201614 207.98078528040324 3.45
      vertex 145.5852709660484 209.9423558412097 3.45
      vertex 145 210 3.45
    endloop
  endfacet
  facet normal 0 0 1
    outer loop
      vertex 145.83146961230256 207.5555702330196 3.45
      vertex 146.14805029709527 209.77163859753387 3.45
      vertex 145.70710678118655 207.70710678118655 3.45
    endloop
  endfacet
  facet normal 0 0 1
    outer loop
      vertex 145.92387953251128 207.3826834323651 3.45
      vertex 146.14805029709527 209.77163859753387 3.45
      vertex 145.83146961230256 207.5555702330196 3.45
    endloop
  endfacet
  facet normal 0 0 1
    outer loop
      vertex 146 207 3.45
      vertex 146.14805029709527 209.77163859753387 3.45
      vertex 145.98078528040324 207.19509032201614 3.45
    endloop
  endfacet
  facet normal 0 0 1
    outer loop
      vertex 145.92387953251128 207.3826834323651 3.45
      vertex 145.98078528040324 207.19509032201614 3.45
      vertex 146.14805029709527 209.77163859753387 3.45
    endloop
  endfacet
  facet normal 0 0 1
    outer loop
      vertex 145.5852709660484 209.9423558412097 3.45
      vertex 145.70710678118655 207.70710678118655 3.45
      vertex 146.14805029709527 209.77163859753387 3.45
    endloop
  endfacet
  facet normal 0.881921264348355 0.4713967368259975 0
    outer loop
      vertex 3.9593312855939615 30.947620560996004 0
      vertex 3.9593312855939615 30.947620560996004 3.45
      vertex 4.213458566168001 30.472181859196095 0
    endloop
  endfacet
  facet normal 0.7730104533627385 0.6343932841636437 1.8001681426188796e-18
    outer loop
      vertex 4.555456351736995 30.055456351736993 0
      vertex 4.213458566168001 30.472181859196095 0
      vertex 4.213458566168001 30.472181859196095 3.45
    endloop
  endfacet
  facet normal 0.9569403357322088 0.2902846772544625 -2.073491938689891e-18
    outer loop
      vertex 3.9593312855939615 30.947620560996004 0
      vertex 3.8028404788911163 31.463501614455648 0
      vertex 3.8028404788911163 31.463501614455648 3.45
    endloop
  endfacet
  facet normal 0.9951847266721968 0.09801714032956084 5.619890199754132e-20
    outer loop
      vertex 3.8028404788911163 31.463501614455648 0
      vertex 3.75 32 0
      vertex 3.75 32 3.45
    endloop
  endfacet
  facet normal 0.9951847266721969 -0.09801714032956019 1.4647960981394354e-19
    outer loop
      vertex 3.75 32 0
      vertex 3.8028404788911163 32.536498385544355 0
      vertex 3.8028404788911163 32.536498385544355 3.45
    endloop
  endfacet
  facet normal 0.9569403357322088 -0.2902846772544625 2.073491938689891e-18
    outer loop
      vertex 3.8028404788911163 32.536498385544355 0
      vertex 3.9593312855939615 33.052379439004 0
      vertex 3.9593312855939615 33.052379439004 3.45
    endloop
  endfacet
  facet normal 0.881921264348355 -0.4713967368259975 -1.1850046327484117e-18
    outer loop
      vertex 3.9593312855939615 33.052379439004 0
      vertex 4.213458566168001 33.52781814080391 0
      vertex 4.213458566168001 33.52781814080391 3.45
    endloop
  endfacet
  facet normal 0.7730104533627358 -0.6343932841636468 1.5468930208741337e-18
    outer loop
      vertex 4.213458566168001 33.52781814080391 0
      vertex 4.555456351736995 33.94454364826301 0
      vertex 4.555456351736995 33.94454364826301 3.45
    endloop
  endfacet
  facet normal 0.2902846772544617 0.9569403357322092 0
    outer loop
      vertex 5.447620560996003 29.45933128559396 0
      vertex 5.447620560996003 29.45933128559396 3.45
      vertex 5.963501614455647 29.302840478891117 0
    endloop
  endfacet
  facet normal 0.0980171403295615 0.9951847266721967 0
    outer loop
      vertex 5.963501614455647 29.302840478891117 0
      vertex 5.963501614455647 29.302840478891117 3.45
      vertex 6.5 29.25 0
    endloop
  endfacet
  facet normal -0.0980171403295615 0.9951847266721967 0
    outer loop
      vertex 6.5 29.25 0
      vertex 6.5 29.25 3.45
      vertex 7.036498385544353 29.302840478891117 0
    endloop
  endfacet
  facet normal 0.6343932841636443 0.7730104533627381 0
    outer loop
      vertex 4.555456351736995 30.055456351736993 0
      vertex 4.555456351736995 30.055456351736993 3.45
      vertex 4.972181859196094 29.713458566168 0
    endloop
  endfacet
  facet normal 0.4713967368259975 0.881921264348355 1.1850046327484117e-18
    outer loop
      vertex 5.447620560996003 29.45933128559396 0
      vertex 4.972181859196094 29.713458566168 0
      vertex 4.972181859196094 29.713458566168 3.45
    endloop
  endfacet
  facet normal -0.2902846772544617 0.9569403357322092 0
    outer loop
      vertex 7.036498385544353 29.302840478891117 0
      vertex 7.036498385544353 29.302840478891117 3.45
      vertex 7.552379439003997 29.45933128559396 0
    endloop
  endfacet
  facet normal -0.4713967368259982 0.8819212643483548 0
    outer loop
      vertex 7.552379439003997 29.45933128559396 0
      vertex 7.552379439003997 29.45933128559396 3.45
      vertex 8.027818140803905 29.713458566168 0
    endloop
  endfacet
  facet normal -0.6343932841636433 0.7730104533627387 0
    outer loop
      vertex 8.027818140803905 29.713458566168 0
      vertex 8.027818140803905 29.713458566168 3.45
      vertex 8.444543648263005 30.055456351736993 0
    endloop
  endfacet
  facet normal -0.7730104533627385 0.6343932841636437 0
    outer loop
      vertex 8.444543648263005 30.055456351736993 0
      vertex 8.444543648263005 30.055456351736993 3.45
      vertex 8.786541433832 30.472181859196095 0
    endloop
  endfacet
  facet normal -0.881921264348355 0.4713967368259975 0
    outer loop
      vertex 8.786541433832 30.472181859196095 0
      vertex 8.786541433832 30.472181859196095 3.45
      vertex 9.040668714406038 30.947620560996004 0
    endloop
  endfacet
  facet normal -0.9569403357322092 0.2902846772544617 0
    outer loop
      vertex 9.040668714406038 30.947620560996004 0
      vertex 9.040668714406038 30.947620560996004 3.45
      vertex 9.197159521108883 31.463501614455648 0
    endloop
  endfacet
  facet normal -0.9951847266721967 0.09801714032956166 0
    outer loop
      vertex 9.197159521108883 31.463501614455648 0
      vertex 9.197159521108883 31.463501614455648 3.45
      vertex 9.25 32 0
    endloop
  endfacet
  facet normal -0.9951847266721969 -0.09801714032956103 4.657633726496295e-19
    outer loop
      vertex 9.197159521108883 32.536498385544355 0
      vertex 9.25 32 0
      vertex 9.25 32 3.45
    endloop
  endfacet
  facet normal -0.9569403357322092 -0.2902846772544617 0
    outer loop
      vertex 9.197159521108883 32.536498385544355 0
      vertex 9.197159521108883 32.536498385544355 3.45
      vertex 9.040668714406038 33.052379439004 0
    endloop
  endfacet
  facet normal 0.6343932841636443 -0.7730104533627381 5.628380368021384e-18
    outer loop
      vertex 4.555456351736995 33.94454364826301 0
      vertex 4.972181859196094 34.286541433832 0
      vertex 4.972181859196094 34.286541433832 3.45
    endloop
  endfacet
  facet normal 0.4713967368259975 -0.881921264348355 -1.1850046327484117e-18
    outer loop
      vertex 4.972181859196094 34.286541433832 0
      vertex 5.447620560996003 34.54066871440604 0
      vertex 5.447620560996003 34.54066871440604 3.45
    endloop
  endfacet
  facet normal 0.29028467725446777 -0.9569403357322072 -1.229374688707335e-18
    outer loop
      vertex 5.447620560996003 34.54066871440604 0
      vertex 5.963501614455647 34.69715952110889 0
      vertex 5.963501614455647 34.69715952110889 3.45
    endloop
  endfacet
  facet normal 0.09801714032955498 -0.9951847266721975 -3.833763616366877e-19
    outer loop
      vertex 5.963501614455647 34.69715952110889 0
      vertex 6.5 34.75 0
      vertex 6.5 34.75 3.45
    endloop
  endfacet
  facet normal -0.09801714032955498 -0.9951847266721975 3.833763616366877e-19
    outer loop
      vertex 6.5 34.75 0
      vertex 7.036498385544353 34.69715952110889 0
      vertex 7.036498385544353 34.69715952110889 3.45
    endloop
  endfacet
  facet normal -0.4713967368259982 -0.8819212643483548 0
    outer loop
      vertex 8.027818140803905 34.286541433832 0
      vertex 8.027818140803905 34.286541433832 3.45
      vertex 7.552379439003997 34.54066871440604 0
    endloop
  endfacet
  facet normal -0.29028467725446777 -0.9569403357322072 1.229374688707335e-18
    outer loop
      vertex 7.036498385544353 34.69715952110889 0
      vertex 7.552379439003997 34.54066871440604 0
      vertex 7.552379439003997 34.54066871440604 3.45
    endloop
  endfacet
  facet normal -0.6343932841636433 -0.7730104533627387 -4.791615077147273e-18
    outer loop
      vertex 8.027818140803905 34.286541433832 0
      vertex 8.444543648263005 33.94454364826301 0
      vertex 8.444543648263005 33.94454364826301 3.45
    endloop
  endfacet
  facet normal -0.881921264348355 -0.4713967368259975 1.1850046327484117e-18
    outer loop
      vertex 8.786541433832 33.52781814080391 0
      vertex 9.040668714406038 33.052379439004 0
      vertex 9.040668714406038 33.052379439004 3.45
    endloop
  endfacet
  facet normal -0.7730104533627358 -0.6343932841636468 -1.5468930208741337e-18
    outer loop
      vertex 8.444543648263005 33.94454364826301 0
      vertex 8.786541433832 33.52781814080391 0
      vertex 8.786541433832 33.52781814080391 3.45
    endloop
  endfacet
  facet normal 0.9569403357322088 0.2902846772544625 0
    outer loop
      vertex 3.9593312855939615 30.947620560996004 0
      vertex 3.8028404788911163 31.463501614455648 3.45
      vertex 3.9593312855939615 30.947620560996004 3.45
    endloop
  endfacet
  facet normal 0.7730104533627385 0.6343932841636437 0
    outer loop
      vertex 4.555456351736995 30.055456351736993 0
      vertex 4.213458566168001 30.472181859196095 3.45
      vertex 4.555456351736995 30.055456351736993 3.45
    endloop
  endfacet
  facet normal 0.881921264348355 0.4713967368259975 0
    outer loop
      vertex 4.213458566168001 30.472181859196095 0
      vertex 3.9593312855939615 30.947620560996004 3.45
      vertex 4.213458566168001 30.472181859196095 3.45
    endloop
  endfacet
  facet normal 0.9951847266721968 0.09801714032956084 0
    outer loop
      vertex 3.8028404788911163 31.463501614455648 0
      vertex 3.75 32 3.45
      vertex 3.8028404788911163 31.463501614455648 3.45
    endloop
  endfacet
  facet normal 0.9951847266721969 -0.09801714032956019 0
    outer loop
      vertex 3.75 32 0
      vertex 3.8028404788911163 32.536498385544355 3.45
      vertex 3.75 32 3.45
    endloop
  endfacet
  facet normal 0.9569403357322088 -0.2902846772544625 0
    outer loop
      vertex 3.8028404788911163 32.536498385544355 0
      vertex 3.9593312855939615 33.052379439004 3.45
      vertex 3.8028404788911163 32.536498385544355 3.45
    endloop
  endfacet
  facet normal 0.881921264348355 -0.4713967368259975 0
    outer loop
      vertex 3.9593312855939615 33.052379439004 0
      vertex 4.213458566168001 33.52781814080391 3.45
      vertex 3.9593312855939615 33.052379439004 3.45
    endloop
  endfacet
  facet normal 0.7730104533627358 -0.6343932841636468 0
    outer loop
      vertex 4.213458566168001 33.52781814080391 0
      vertex 4.555456351736995 33.94454364826301 3.45
      vertex 4.213458566168001 33.52781814080391 3.45
    endloop
  endfacet
  facet normal 0.2902846772544617 0.9569403357322092 0
    outer loop
      vertex 5.963501614455647 29.302840478891117 0
      vertex 5.447620560996003 29.45933128559396 3.45
      vertex 5.963501614455647 29.302840478891117 3.45
    endloop
  endfacet
  facet normal 0.0980171403295615 0.9951847266721967 0
    outer loop
      vertex 6.5 29.25 0
      vertex 5.963501614455647 29.302840478891117 3.45
      vertex 6.5 29.25 3.45
    endloop
  endfacet
  facet normal -0.0980171403295615 0.9951847266721967 0
    outer loop
      vertex 7.036498385544353 29.302840478891117 0
      vertex 6.5 29.25 3.45
      vertex 7.036498385544353 29.302840478891117 3.45
    endloop
  endfacet
  facet normal 0.6343932841636443 0.7730104533627381 0
    outer loop
      vertex 4.972181859196094 29.713458566168 0
      vertex 4.555456351736995 30.055456351736993 3.45
      vertex 4.972181859196094 29.713458566168 3.45
    endloop
  endfacet
  facet normal 0.4713967368259975 0.881921264348355 0
    outer loop
      vertex 5.447620560996003 29.45933128559396 0
      vertex 4.972181859196094 29.713458566168 3.45
      vertex 5.447620560996003 29.45933128559396 3.45
    endloop
  endfacet
  facet normal -0.2902846772544617 0.9569403357322092 0
    outer loop
      vertex 7.552379439003997 29.45933128559396 0
      vertex 7.036498385544353 29.302840478891117 3.45
      vertex 7.552379439003997 29.45933128559396 3.45
    endloop
  endfacet
  facet normal -0.4713967368259982 0.8819212643483548 0
    outer loop
      vertex 8.027818140803905 29.713458566168 0
      vertex 7.552379439003997 29.45933128559396 3.45
      vertex 8.027818140803905 29.713458566168 3.45
    endloop
  endfacet
  facet normal -0.6343932841636433 0.7730104533627387 0
    outer loop
      vertex 8.444543648263005 30.055456351736993 0
      vertex 8.027818140803905 29.713458566168 3.45
      vertex 8.444543648263005 30.055456351736993 3.45
    endloop
  endfacet
  facet normal -0.7730104533627385 0.6343932841636437 0
    outer loop
      vertex 8.786541433832 30.472181859196095 0
      vertex 8.444543648263005 30.055456351736993 3.45
      vertex 8.786541433832 30.472181859196095 3.45
    endloop
  endfacet
  facet normal -0.881921264348355 0.4713967368259975 0
    outer loop
      vertex 9.040668714406038 30.947620560996004 0
      vertex 8.786541433832 30.472181859196095 3.45
      vertex 9.040668714406038 30.947620560996004 3.45
    endloop
  endfacet
  facet normal -0.9569403357322092 0.2902846772544617 0
    outer loop
      vertex 9.197159521108883 31.463501614455648 0
      vertex 9.040668714406038 30.947620560996004 3.45
      vertex 9.197159521108883 31.463501614455648 3.45
    endloop
  endfacet
  facet normal -0.9951847266721967 0.09801714032956166 0
    outer loop
      vertex 9.25 32 0
      vertex 9.197159521108883 31.463501614455648 3.45
      vertex 9.25 32 3.45
    endloop
  endfacet
  facet normal -0.9951847266721969 -0.09801714032956103 0
    outer loop
      vertex 9.197159521108883 32.536498385544355 0
      vertex 9.25 32 3.45
      vertex 9.197159521108883 32.536498385544355 3.45
    endloop
  endfacet
  facet normal 0.6343932841636443 -0.7730104533627381 0
    outer loop
      vertex 4.555456351736995 33.94454364826301 0
      vertex 4.972181859196094 34.286541433832 3.45
      vertex 4.555456351736995 33.94454364826301 3.45
    endloop
  endfacet
  facet normal 0.4713967368259975 -0.881921264348355 0
    outer loop
      vertex 4.972181859196094 34.286541433832 0
      vertex 5.447620560996003 34.54066871440604 3.45
      vertex 4.972181859196094 34.286541433832 3.45
    endloop
  endfacet
  facet normal 0.29028467725446777 -0.9569403357322072 0
    outer loop
      vertex 5.447620560996003 34.54066871440604 0
      vertex 5.963501614455647 34.69715952110889 3.45
      vertex 5.447620560996003 34.54066871440604 3.45
    endloop
  endfacet
  facet normal 0.09801714032955498 -0.9951847266721975 0
    outer loop
      vertex 5.963501614455647 34.69715952110889 0
      vertex 6.5 34.75 3.45
      vertex 5.963501614455647 34.69715952110889 3.45
    endloop
  endfacet
  facet normal -0.09801714032955498 -0.9951847266721975 0
    outer loop
      vertex 6.5 34.75 0
      vertex 7.036498385544353 34.69715952110889 3.45
      vertex 6.5 34.75 3.45
    endloop
  endfacet
  facet normal -0.29028467725446777 -0.9569403357322072 0
    outer loop
      vertex 7.036498385544353 34.69715952110889 0
      vertex 7.552379439003997 34.54066871440604 3.45
      vertex 7.036498385544353 34.69715952110889 3.45
    endloop
  endfacet
  facet normal -0.4713967368259982 -0.8819212643483548 0
    outer loop
      vertex 7.552379439003997 34.54066871440604 0
      vertex 8.027818140803905 34.286541433832 3.45
      vertex 7.552379439003997 34.54066871440604 3.45
    endloop
  endfacet
  facet normal -0.6343932841636433 -0.7730104533627387 0
    outer loop
      vertex 8.027818140803905 34.286541433832 0
      vertex 8.444543648263005 33.94454364826301 3.45
      vertex 8.027818140803905 34.286541433832 3.45
    endloop
  endfacet
  facet normal -0.7730104533627358 -0.6343932841636468 0
    outer loop
      vertex 8.444543648263005 33.94454364826301 0
      vertex 8.786541433832 33.52781814080391 3.45
      vertex 8.444543648263005 33.94454364826301 3.45
    endloop
  endfacet
  facet normal -0.881921264348355 -0.4713967368259975 0
    outer loop
      vertex 8.786541433832 33.52781814080391 0
      vertex 9.040668714406038 33.052379439004 3.45
      vertex 8.786541433832 33.52781814080391 3.45
    endloop
  endfacet
  facet normal -0.9569403357322092 -0.2902846772544617 0
    outer loop
      vertex 9.040668714406038 33.052379439004 0
      vertex 9.197159521108883 32.536498385544355 3.45
      vertex 9.040668714406038 33.052379439004 3.45
    endloop
  endfacet
  facet normal 0.881921264348355 0.4713967368259975 0
    outer loop
      vertex 3.9593312855939615 49.947620560996 0
      vertex 3.9593312855939615 49.947620560996 3.45
      vertex 4.213458566168001 49.47218185919609 0
    endloop
  endfacet
  facet normal 0.9569403357322088 0.2902846772544625 -2.073491938689891e-18
    outer loop
      vertex 3.9593312855939615 49.947620560996 0
      vertex 3.8028404788911163 50.463501614455645 0
      vertex 3.8028404788911163 50.463501614455645 3.45
    endloop
  endfacet
  facet normal 0.9951847266721969 0.09801714032956019 -1.4647960981394354e-19
    outer loop
      vertex 3.8028404788911163 50.463501614455645 0
      vertex 3.75 51 0
      vertex 3.75 51 3.45
    endloop
  endfacet
  facet normal 0.7730104533627358 0.6343932841636468 -1.5468930208741337e-18
    outer loop
      vertex 4.555456351736995 49.05545635173699 0
      vertex 4.213458566168001 49.47218185919609 0
      vertex 4.213458566168001 49.47218185919609 3.45
    endloop
  endfacet
  facet normal 0.9951847266721969 -0.09801714032956019 1.4647960981394354e-19
    outer loop
      vertex 3.75 51 0
      vertex 3.8028404788911163 51.536498385544355 0
      vertex 3.8028404788911163 51.536498385544355 3.45
    endloop
  endfacet
  facet normal 0.9569403357322088 -0.2902846772544625 2.073491938689891e-18
    outer loop
      vertex 3.8028404788911163 51.536498385544355 0
      vertex 3.9593312855939615 52.052379439004 0
      vertex 3.9593312855939615 52.052379439004 3.45
    endloop
  endfacet
  facet normal 0.881921264348355 -0.4713967368259975 -1.1850046327484117e-18
    outer loop
      vertex 3.9593312855939615 52.052379439004 0
      vertex 4.213458566168001 52.52781814080391 0
      vertex 4.213458566168001 52.52781814080391 3.45
    endloop
  endfacet
  facet normal 0.6343932841636443 0.7730104533627381 0
    outer loop
      vertex 4.555456351736995 49.05545635173699 0
      vertex 4.555456351736995 49.05545635173699 3.45
      vertex 4.972181859196094 48.713458566168 0
    endloop
  endfacet
  facet normal 0.4713967368259975 0.881921264348355 0
    outer loop
      vertex 4.972181859196094 48.713458566168 0
      vertex 4.972181859196094 48.713458566168 3.45
      vertex 5.447620560996003 48.45933128559396 0
    endloop
  endfacet
  facet normal 0.29028467725446777 0.9569403357322072 0
    outer loop
      vertex 5.447620560996003 48.45933128559396 0
      vertex 5.447620560996003 48.45933128559396 3.45
      vertex 5.963501614455647 48.30284047889111 0
    endloop
  endfacet
  facet normal 0.09801714032955498 0.9951847266721975 0
    outer loop
      vertex 5.963501614455647 48.30284047889111 0
      vertex 5.963501614455647 48.30284047889111 3.45
      vertex 6.5 48.25 0
    endloop
  endfacet
  facet normal -0.09801714032955498 0.9951847266721975 0
    outer loop
      vertex 6.5 48.25 0
      vertex 6.5 48.25 3.45
      vertex 7.036498385544353 48.30284047889111 0
    endloop
  endfacet
  facet normal -0.29028467725446777 0.9569403357322072 0
    outer loop
      vertex 7.036498385544353 48.30284047889111 0
      vertex 7.036498385544353 48.30284047889111 3.45
      vertex 7.552379439003997 48.45933128559396 0
    endloop
  endfacet
  facet normal -0.4713967368259982 0.8819212643483548 0
    outer loop
      vertex 7.552379439003997 48.45933128559396 0
      vertex 7.552379439003997 48.45933128559396 3.45
      vertex 8.027818140803905 48.713458566168 0
    endloop
  endfacet
  facet normal -0.6343932841636433 0.7730104533627387 0
    outer loop
      vertex 8.027818140803905 48.713458566168 0
      vertex 8.027818140803905 48.713458566168 3.45
      vertex 8.444543648263005 49.05545635173699 0
    endloop
  endfacet
  facet normal -0.7730104533627358 0.6343932841636468 0
    outer loop
      vertex 8.444543648263005 49.05545635173699 0
      vertex 8.444543648263005 49.05545635173699 3.45
      vertex 8.786541433832 49.47218185919609 0
    endloop
  endfacet
  facet normal -0.881921264348355 0.4713967368259975 0
    outer loop
      vertex 8.786541433832 49.47218185919609 0
      vertex 8.786541433832 49.47218185919609 3.45
      vertex 9.040668714406038 49.947620560996 0
    endloop
  endfacet
  facet normal -0.9569403357322092 0.2902846772544617 0
    outer loop
      vertex 9.040668714406038 49.947620560996 0
      vertex 9.040668714406038 49.947620560996 3.45
      vertex 9.197159521108883 50.463501614455645 0
    endloop
  endfacet
  facet normal -0.9951847266721969 0.09801714032956103 0
    outer loop
      vertex 9.197159521108883 50.463501614455645 0
      vertex 9.197159521108883 50.463501614455645 3.45
      vertex 9.25 51 0
    endloop
  endfacet
  facet normal -0.9951847266721969 -0.09801714032956103 4.657633726496295e-19
    outer loop
      vertex 9.197159521108883 51.536498385544355 0
      vertex 9.25 51 0
      vertex 9.25 51 3.45
    endloop
  endfacet
  facet normal -0.881921264348355 -0.4713967368259975 0
    outer loop
      vertex 9.040668714406038 52.052379439004 0
      vertex 9.040668714406038 52.052379439004 3.45
      vertex 8.786541433832 52.52781814080391 0
    endloop
  endfacet
  facet normal -0.9569403357322092 -0.2902846772544617 0
    outer loop
      vertex 9.197159521108883 51.536498385544355 0
      vertex 9.197159521108883 51.536498385544355 3.45
      vertex 9.040668714406038 52.052379439004 0
    endloop
  endfacet
  facet normal 0.7730104533627358 -0.6343932841636468 1.5468930208741337e-18
    outer loop
      vertex 4.213458566168001 52.52781814080391 0
      vertex 4.555456351736995 52.94454364826301 0
      vertex 4.555456351736995 52.94454364826301 3.45
    endloop
  endfacet
  facet normal 0.6343932841636443 -0.7730104533627381 5.628380368021384e-18
    outer loop
      vertex 4.555456351736995 52.94454364826301 0
      vertex 4.972181859196094 53.286541433832 0
      vertex 4.972181859196094 53.286541433832 3.45
    endloop
  endfacet
  facet normal 0.4713967368259975 -0.881921264348355 -1.1850046327484117e-18
    outer loop
      vertex 4.972181859196094 53.286541433832 0
      vertex 5.447620560996003 53.54066871440604 0
      vertex 5.447620560996003 53.54066871440604 3.45
    endloop
  endfacet
  facet normal 0.29028467725446777 -0.9569403357322072 -1.229374688707335e-18
    outer loop
      vertex 5.447620560996003 53.54066871440604 0
      vertex 5.963501614455647 53.69715952110889 0
      vertex 5.963501614455647 53.69715952110889 3.45
    endloop
  endfacet
  facet normal 0.09801714032955498 -0.9951847266721975 -3.833763616366877e-19
    outer loop
      vertex 5.963501614455647 53.69715952110889 0
      vertex 6.5 53.75 0
      vertex 6.5 53.75 3.45
    endloop
  endfacet
  facet normal -0.09801714032955498 -0.9951847266721975 3.833763616366877e-19
    outer loop
      vertex 6.5 53.75 0
      vertex 7.036498385544353 53.69715952110889 0
      vertex 7.036498385544353 53.69715952110889 3.45
    endloop
  endfacet
  facet normal -0.29028467725446777 -0.9569403357322072 1.229374688707335e-18
    outer loop
      vertex 7.036498385544353 53.69715952110889 0
      vertex 7.552379439003997 53.54066871440604 0
      vertex 7.552379439003997 53.54066871440604 3.45
    endloop
  endfacet
  facet normal -0.4713967368259982 -0.8819212643483548 0
    outer loop
      vertex 8.027818140803905 53.286541433832 0
      vertex 8.027818140803905 53.286541433832 3.45
      vertex 7.552379439003997 53.54066871440604 0
    endloop
  endfacet
  facet normal -0.6343932841636433 -0.7730104533627387 -4.791615077147273e-18
    outer loop
      vertex 8.027818140803905 53.286541433832 0
      vertex 8.444543648263005 52.94454364826301 0
      vertex 8.444543648263005 52.94454364826301 3.45
    endloop
  endfacet
  facet normal -0.7730104533627358 -0.6343932841636468 -1.5468930208741337e-18
    outer loop
      vertex 8.444543648263005 52.94454364826301 0
      vertex 8.786541433832 52.52781814080391 0
      vertex 8.786541433832 52.52781814080391 3.45
    endloop
  endfacet
  facet normal 0.7730104533627358 0.6343932841636468 0
    outer loop
      vertex 4.555456351736995 49.05545635173699 0
      vertex 4.213458566168001 49.47218185919609 3.45
      vertex 4.555456351736995 49.05545635173699 3.45
    endloop
  endfacet
  facet normal 0.9569403357322088 0.2902846772544625 0
    outer loop
      vertex 3.9593312855939615 49.947620560996 0
      vertex 3.8028404788911163 50.463501614455645 3.45
      vertex 3.9593312855939615 49.947620560996 3.45
    endloop
  endfacet
  facet normal 0.9951847266721969 0.09801714032956019 0
    outer loop
      vertex 3.8028404788911163 50.463501614455645 0
      vertex 3.75 51 3.45
      vertex 3.8028404788911163 50.463501614455645 3.45
    endloop
  endfacet
  facet normal 0.881921264348355 0.4713967368259975 0
    outer loop
      vertex 4.213458566168001 49.47218185919609 0
      vertex 3.9593312855939615 49.947620560996 3.45
      vertex 4.213458566168001 49.47218185919609 3.45
    endloop
  endfacet
  facet normal 0.9951847266721969 -0.09801714032956019 0
    outer loop
      vertex 3.75 51 0
      vertex 3.8028404788911163 51.536498385544355 3.45
      vertex 3.75 51 3.45
    endloop
  endfacet
  facet normal 0.9569403357322088 -0.2902846772544625 0
    outer loop
      vertex 3.8028404788911163 51.536498385544355 0
      vertex 3.9593312855939615 52.052379439004 3.45
      vertex 3.8028404788911163 51.536498385544355 3.45
    endloop
  endfacet
  facet normal 0.881921264348355 -0.4713967368259975 0
    outer loop
      vertex 3.9593312855939615 52.052379439004 0
      vertex 4.213458566168001 52.52781814080391 3.45
      vertex 3.9593312855939615 52.052379439004 3.45
    endloop
  endfacet
  facet normal 0.6343932841636443 0.7730104533627381 0
    outer loop
      vertex 4.972181859196094 48.713458566168 0
      vertex 4.555456351736995 49.05545635173699 3.45
      vertex 4.972181859196094 48.713458566168 3.45
    endloop
  endfacet
  facet normal 0.4713967368259975 0.881921264348355 0
    outer loop
      vertex 5.447620560996003 48.45933128559396 0
      vertex 4.972181859196094 48.713458566168 3.45
      vertex 5.447620560996003 48.45933128559396 3.45
    endloop
  endfacet
  facet normal 0.29028467725446777 0.9569403357322072 0
    outer loop
      vertex 5.963501614455647 48.30284047889111 0
      vertex 5.447620560996003 48.45933128559396 3.45
      vertex 5.963501614455647 48.30284047889111 3.45
    endloop
  endfacet
  facet normal 0.09801714032955498 0.9951847266721975 0
    outer loop
      vertex 6.5 48.25 0
      vertex 5.963501614455647 48.30284047889111 3.45
      vertex 6.5 48.25 3.45
    endloop
  endfacet
  facet normal -0.09801714032955498 0.9951847266721975 0
    outer loop
      vertex 7.036498385544353 48.30284047889111 0
      vertex 6.5 48.25 3.45
      vertex 7.036498385544353 48.30284047889111 3.45
    endloop
  endfacet
  facet normal -0.29028467725446777 0.9569403357322072 0
    outer loop
      vertex 7.552379439003997 48.45933128559396 0
      vertex 7.036498385544353 48.30284047889111 3.45
      vertex 7.552379439003997 48.45933128559396 3.45
    endloop
  endfacet
  facet normal -0.4713967368259982 0.8819212643483548 0
    outer loop
      vertex 8.027818140803905 48.713458566168 0
      vertex 7.552379439003997 48.45933128559396 3.45
      vertex 8.027818140803905 48.713458566168 3.45
    endloop
  endfacet
  facet normal -0.6343932841636433 0.7730104533627387 0
    outer loop
      vertex 8.444543648263005 49.05545635173699 0
      vertex 8.027818140803905 48.713458566168 3.45
      vertex 8.444543648263005 49.05545635173699 3.45
    endloop
  endfacet
  facet normal -0.7730104533627358 0.6343932841636468 0
    outer loop
      vertex 8.786541433832 49.47218185919609 0
      vertex 8.444543648263005 49.05545635173699 3.45
      vertex 8.786541433832 49.47218185919609 3.45
    endloop
  endfacet
  facet normal -0.881921264348355 0.4713967368259975 0
    outer loop
      vertex 9.040668714406038 49.947620560996 0
      vertex 8.786541433832 49.47218185919609 3.45
      vertex 9.040668714406038 49.947620560996 3.45
    endloop
  endfacet
  facet normal -0.9569403357322092 0.2902846772544617 0
    outer loop
      vertex 9.197159521108883 50.463501614455645 0
      vertex 9.040668714406038 49.947620560996 3.45
      vertex 9.197159521108883 50.463501614455645 3.45
    endloop
  endfacet
  facet normal -0.9951847266721969 0.09801714032956103 0
    outer loop
      vertex 9.25 51 0
      vertex 9.197159521108883 50.463501614455645 3.45
      vertex 9.25 51 3.45
    endloop
  endfacet
  facet normal -0.9951847266721969 -0.09801714032956103 0
    outer loop
      vertex 9.197159521108883 51.536498385544355 0
      vertex 9.25 51 3.45
      vertex 9.197159521108883 51.536498385544355 3.45
    endloop
  endfacet
  facet normal -0.881921264348355 -0.4713967368259975 0
    outer loop
      vertex 8.786541433832 52.52781814080391 0
      vertex 9.040668714406038 52.052379439004 3.45
      vertex 8.786541433832 52.52781814080391 3.45
    endloop
  endfacet
  facet normal -0.9569403357322092 -0.2902846772544617 0
    outer loop
      vertex 9.040668714406038 52.052379439004 0
      vertex 9.197159521108883 51.536498385544355 3.45
      vertex 9.040668714406038 52.052379439004 3.45
    endloop
  endfacet
  facet normal 0.7730104533627358 -0.6343932841636468 0
    outer loop
      vertex 4.213458566168001 52.52781814080391 0
      vertex 4.555456351736995 52.94454364826301 3.45
      vertex 4.213458566168001 52.52781814080391 3.45
    endloop
  endfacet
  facet normal 0.6343932841636443 -0.7730104533627381 0
    outer loop
      vertex 4.555456351736995 52.94454364826301 0
      vertex 4.972181859196094 53.286541433832 3.45
      vertex 4.555456351736995 52.94454364826301 3.45
    endloop
  endfacet
  facet normal 0.4713967368259975 -0.881921264348355 0
    outer loop
      vertex 4.972181859196094 53.286541433832 0
      vertex 5.447620560996003 53.54066871440604 3.45
      vertex 4.972181859196094 53.286541433832 3.45
    endloop
  endfacet
  facet normal 0.29028467725446777 -0.9569403357322072 0
    outer loop
      vertex 5.447620560996003 53.54066871440604 0
      vertex 5.963501614455647 53.69715952110889 3.45
      vertex 5.447620560996003 53.54066871440604 3.45
    endloop
  endfacet
  facet normal 0.09801714032955498 -0.9951847266721975 0
    outer loop
      vertex 5.963501614455647 53.69715952110889 0
      vertex 6.5 53.75 3.45
      vertex 5.963501614455647 53.69715952110889 3.45
    endloop
  endfacet
  facet normal -0.09801714032955498 -0.9951847266721975 0
    outer loop
      vertex 6.5 53.75 0
      vertex 7.036498385544353 53.69715952110889 3.45
      vertex 6.5 53.75 3.45
    endloop
  endfacet
  facet normal -0.29028467725446777 -0.9569403357322072 0
    outer loop
      vertex 7.036498385544353 53.69715952110889 0
      vertex 7.552379439003997 53.54066871440604 3.45
      vertex 7.036498385544353 53.69715952110889 3.45
    endloop
  endfacet
  facet normal -0.4713967368259982 -0.8819212643483548 0
    outer loop
      vertex 7.552379439003997 53.54066871440604 0
      vertex 8.027818140803905 53.286541433832 3.45
      vertex 7.552379439003997 53.54066871440604 3.45
    endloop
  endfacet
  facet normal -0.6343932841636433 -0.7730104533627387 0
    outer loop
      vertex 8.027818140803905 53.286541433832 0
      vertex 8.444543648263005 52.94454364826301 3.45
      vertex 8.027818140803905 53.286541433832 3.45
    endloop
  endfacet
  facet normal -0.7730104533627358 -0.6343932841636468 0
    outer loop
      vertex 8.444543648263005 52.94454364826301 0
      vertex 8.786541433832 52.52781814080391 3.45
      vertex 8.444543648263005 52.94454364826301 3.45
    endloop
  endfacet
  facet normal 0.8819212643483523 0.47139673682600297 2.029425084058263e-18
    outer loop
      vertex 4.213458566168001 68.4721818591961 0
      vertex 3.9593312855939615 68.947620560996 0
      vertex 3.9593312855939615 68.947620560996 3.45
    endloop
  endfacet
  facet normal 0.7730104533627411 0.6343932841636404 5.1472293061118586e-18
    outer loop
      vertex 4.555456351736995 68.05545635173699 0
      vertex 4.213458566168001 68.4721818591961 0
      vertex 4.213458566168001 68.4721818591961 3.45
    endloop
  endfacet
  facet normal 0.9569403357322099 0.29028467725445883 -2.9934646871613265e-18
    outer loop
      vertex 3.9593312855939615 68.947620560996 0
      vertex 3.8028404788911163 69.46350161445565 0
      vertex 3.8028404788911163 69.46350161445565 3.45
    endloop
  endfacet
  facet normal 0.9951847266721968 0.09801714032956149 2.588774138090289e-19
    outer loop
      vertex 3.8028404788911163 69.46350161445565 0
      vertex 3.75 70 0
      vertex 3.75 70 3.45
    endloop
  endfacet
  facet normal 0.9951847266721968 -0.09801714032956149 -2.588774138090289e-19
    outer loop
      vertex 3.75 70 0
      vertex 3.8028404788911163 70.53649838554435 0
      vertex 3.8028404788911163 70.53649838554435 3.45
    endloop
  endfacet
  facet normal 0.9569403357322099 -0.29028467725445883 2.9934646871613265e-18
    outer loop
      vertex 3.8028404788911163 70.53649838554435 0
      vertex 3.9593312855939615 71.052379439004 0
      vertex 3.9593312855939615 71.052379439004 3.45
    endloop
  endfacet
  facet normal 0.8819212643483523 -0.47139673682600297 -2.029425084058263e-18
    outer loop
      vertex 3.9593312855939615 71.052379439004 0
      vertex 4.213458566168001 71.5278181408039 0
      vertex 4.213458566168001 71.5278181408039 3.45
    endloop
  endfacet
  facet normal 0.7730104533627411 -0.6343932841636404 -5.1472293061118586e-18
    outer loop
      vertex 4.213458566168001 71.5278181408039 0
      vertex 4.555456351736995 71.94454364826301 0
      vertex 4.555456351736995 71.94454364826301 3.45
    endloop
  endfacet
  facet normal 0.6343932841636443 0.7730104533627381 0
    outer loop
      vertex 4.555456351736995 68.05545635173699 0
      vertex 4.555456351736995 68.05545635173699 3.45
      vertex 4.972181859196094 67.713458566168 0
    endloop
  endfacet
  facet normal 0.4713967368259975 0.881921264348355 0
    outer loop
      vertex 4.972181859196094 67.713458566168 0
      vertex 4.972181859196094 67.713458566168 3.45
      vertex 5.447620560996003 67.45933128559396 0
    endloop
  endfacet
  facet normal 0.29028467725446777 0.9569403357322072 0
    outer loop
      vertex 5.447620560996003 67.45933128559396 0
      vertex 5.447620560996003 67.45933128559396 3.45
      vertex 5.963501614455647 67.30284047889111 0
    endloop
  endfacet
  facet normal 0.09801714032955498 0.9951847266721975 3.833763616366877e-19
    outer loop
      vertex 6.5 67.25 0
      vertex 5.963501614455647 67.30284047889111 0
      vertex 5.963501614455647 67.30284047889111 3.45
    endloop
  endfacet
  facet normal -0.09801714032955498 0.9951847266721975 0
    outer loop
      vertex 6.5 67.25 0
      vertex 6.5 67.25 3.45
      vertex 7.036498385544353 67.30284047889111 0
    endloop
  endfacet
  facet normal 0.6343932841636443 -0.7730104533627381 5.628380368021384e-18
    outer loop
      vertex 4.555456351736995 71.94454364826301 0
      vertex 4.972181859196094 72.286541433832 0
      vertex 4.972181859196094 72.286541433832 3.45
    endloop
  endfacet
  facet normal -0.29028467725446777 0.9569403357322072 0
    outer loop
      vertex 7.036498385544353 67.30284047889111 0
      vertex 7.036498385544353 67.30284047889111 3.45
      vertex 7.552379439003997 67.45933128559396 0
    endloop
  endfacet
  facet normal -0.4713967368259982 0.8819212643483548 0
    outer loop
      vertex 7.552379439003997 67.45933128559396 0
      vertex 7.552379439003997 67.45933128559396 3.45
      vertex 8.027818140803905 67.713458566168 0
    endloop
  endfacet
  facet normal -0.6343932841636433 0.7730104533627387 0
    outer loop
      vertex 8.027818140803905 67.713458566168 0
      vertex 8.027818140803905 67.713458566168 3.45
      vertex 8.444543648263005 68.05545635173699 0
    endloop
  endfacet
  facet normal -0.7730104533627411 0.6343932841636404 0
    outer loop
      vertex 8.444543648263005 68.05545635173699 0
      vertex 8.444543648263005 68.05545635173699 3.45
      vertex 8.786541433832 68.4721818591961 0
    endloop
  endfacet
  facet normal -0.8819212643483523 0.47139673682600297 0
    outer loop
      vertex 8.786541433832 68.4721818591961 0
      vertex 8.786541433832 68.4721818591961 3.45
      vertex 9.040668714406038 68.947620560996 0
    endloop
  endfacet
  facet normal -0.9569403357322102 0.29028467725445806 0
    outer loop
      vertex 9.040668714406038 68.947620560996 0
      vertex 9.040668714406038 68.947620560996 3.45
      vertex 9.197159521108883 69.46350161445565 0
    endloop
  endfacet
  facet normal -0.9951847266721967 0.09801714032956231 0
    outer loop
      vertex 9.197159521108883 69.46350161445565 0
      vertex 9.197159521108883 69.46350161445565 3.45
      vertex 9.25 70 0
    endloop
  endfacet
  facet normal -0.9951847266721967 -0.09801714032956231 8.711203962743065e-19
    outer loop
      vertex 9.197159521108883 70.53649838554435 0
      vertex 9.25 70 0
      vertex 9.25 70 3.45
    endloop
  endfacet
  facet normal -0.6343932841636433 -0.7730104533627387 0
    outer loop
      vertex 8.444543648263005 71.94454364826301 0
      vertex 8.444543648263005 71.94454364826301 3.45
      vertex 8.027818140803905 72.286541433832 0
    endloop
  endfacet
  facet normal -0.8819212643483523 -0.47139673682600297 0
    outer loop
      vertex 9.040668714406038 71.052379439004 0
      vertex 9.040668714406038 71.052379439004 3.45
      vertex 8.786541433832 71.5278181408039 0
    endloop
  endfacet
  facet normal -0.9569403357322102 -0.29028467725445806 0
    outer loop
      vertex 9.197159521108883 70.53649838554435 0
      vertex 9.197159521108883 70.53649838554435 3.45
      vertex 9.040668714406038 71.052379439004 0
    endloop
  endfacet
  facet normal -0.7730104533627411 -0.6343932841636404 5.1472293061118586e-18
    outer loop
      vertex 8.444543648263005 71.94454364826301 0
      vertex 8.786541433832 71.5278181408039 0
      vertex 8.786541433832 71.5278181408039 3.45
    endloop
  endfacet
  facet normal 0.4713967368259975 -0.881921264348355 -1.1850046327484117e-18
    outer loop
      vertex 4.972181859196094 72.286541433832 0
      vertex 5.447620560996003 72.54066871440604 0
      vertex 5.447620560996003 72.54066871440604 3.45
    endloop
  endfacet
  facet normal 0.29028467725446777 -0.9569403357322072 -1.229374688707335e-18
    outer loop
      vertex 5.447620560996003 72.54066871440604 0
      vertex 5.963501614455647 72.69715952110889 0
      vertex 5.963501614455647 72.69715952110889 3.45
    endloop
  endfacet
  facet normal 0.09801714032955498 -0.9951847266721975 -3.833763616366877e-19
    outer loop
      vertex 5.963501614455647 72.69715952110889 0
      vertex 6.5 72.75 0
      vertex 6.5 72.75 3.45
    endloop
  endfacet
  facet normal -0.09801714032955498 -0.9951847266721975 3.833763616366877e-19
    outer loop
      vertex 6.5 72.75 0
      vertex 7.036498385544353 72.69715952110889 0
      vertex 7.036498385544353 72.69715952110889 3.45
    endloop
  endfacet
  facet normal -0.29028467725446777 -0.9569403357322072 1.229374688707335e-18
    outer loop
      vertex 7.036498385544353 72.69715952110889 0
      vertex 7.552379439003997 72.54066871440604 0
      vertex 7.552379439003997 72.54066871440604 3.45
    endloop
  endfacet
  facet normal -0.4713967368259982 -0.8819212643483548 3.1559763750987465e-18
    outer loop
      vertex 7.552379439003997 72.54066871440604 0
      vertex 8.027818140803905 72.286541433832 0
      vertex 8.027818140803905 72.286541433832 3.45
    endloop
  endfacet
  facet normal 0.8819212643483523 0.47139673682600297 0
    outer loop
      vertex 4.213458566168001 68.4721818591961 0
      vertex 3.9593312855939615 68.947620560996 3.45
      vertex 4.213458566168001 68.4721818591961 3.45
    endloop
  endfacet
  facet normal 0.7730104533627411 0.6343932841636404 0
    outer loop
      vertex 4.555456351736995 68.05545635173699 0
      vertex 4.213458566168001 68.4721818591961 3.45
      vertex 4.555456351736995 68.05545635173699 3.45
    endloop
  endfacet
  facet normal 0.9569403357322099 0.29028467725445883 0
    outer loop
      vertex 3.9593312855939615 68.947620560996 0
      vertex 3.8028404788911163 69.46350161445565 3.45
      vertex 3.9593312855939615 68.947620560996 3.45
    endloop
  endfacet
  facet normal 0.9951847266721968 0.09801714032956149 0
    outer loop
      vertex 3.8028404788911163 69.46350161445565 0
      vertex 3.75 70 3.45
      vertex 3.8028404788911163 69.46350161445565 3.45
    endloop
  endfacet
  facet normal 0.9951847266721968 -0.09801714032956149 0
    outer loop
      vertex 3.75 70 0
      vertex 3.8028404788911163 70.53649838554435 3.45
      vertex 3.75 70 3.45
    endloop
  endfacet
  facet normal 0.9569403357322099 -0.29028467725445883 0
    outer loop
      vertex 3.8028404788911163 70.53649838554435 0
      vertex 3.9593312855939615 71.052379439004 3.45
      vertex 3.8028404788911163 70.53649838554435 3.45
    endloop
  endfacet
  facet normal 0.8819212643483523 -0.47139673682600297 0
    outer loop
      vertex 3.9593312855939615 71.052379439004 0
      vertex 4.213458566168001 71.5278181408039 3.45
      vertex 3.9593312855939615 71.052379439004 3.45
    endloop
  endfacet
  facet normal 0.7730104533627411 -0.6343932841636404 0
    outer loop
      vertex 4.213458566168001 71.5278181408039 0
      vertex 4.555456351736995 71.94454364826301 3.45
      vertex 4.213458566168001 71.5278181408039 3.45
    endloop
  endfacet
  facet normal 0.6343932841636443 0.7730104533627381 0
    outer loop
      vertex 4.972181859196094 67.713458566168 0
      vertex 4.555456351736995 68.05545635173699 3.45
      vertex 4.972181859196094 67.713458566168 3.45
    endloop
  endfacet
  facet normal 0.4713967368259975 0.881921264348355 0
    outer loop
      vertex 5.447620560996003 67.45933128559396 0
      vertex 4.972181859196094 67.713458566168 3.45
      vertex 5.447620560996003 67.45933128559396 3.45
    endloop
  endfacet
  facet normal 0.29028467725446777 0.9569403357322072 0
    outer loop
      vertex 5.963501614455647 67.30284047889111 0
      vertex 5.447620560996003 67.45933128559396 3.45
      vertex 5.963501614455647 67.30284047889111 3.45
    endloop
  endfacet
  facet normal 0.09801714032955498 0.9951847266721975 0
    outer loop
      vertex 6.5 67.25 0
      vertex 5.963501614455647 67.30284047889111 3.45
      vertex 6.5 67.25 3.45
    endloop
  endfacet
  facet normal -0.09801714032955498 0.9951847266721975 0
    outer loop
      vertex 7.036498385544353 67.30284047889111 0
      vertex 6.5 67.25 3.45
      vertex 7.036498385544353 67.30284047889111 3.45
    endloop
  endfacet
  facet normal 0.6343932841636443 -0.7730104533627381 0
    outer loop
      vertex 4.555456351736995 71.94454364826301 0
      vertex 4.972181859196094 72.286541433832 3.45
      vertex 4.555456351736995 71.94454364826301 3.45
    endloop
  endfacet
  facet normal -0.29028467725446777 0.9569403357322072 0
    outer loop
      vertex 7.552379439003997 67.45933128559396 0
      vertex 7.036498385544353 67.30284047889111 3.45
      vertex 7.552379439003997 67.45933128559396 3.45
    endloop
  endfacet
  facet normal -0.4713967368259982 0.8819212643483548 0
    outer loop
      vertex 8.027818140803905 67.713458566168 0
      vertex 7.552379439003997 67.45933128559396 3.45
      vertex 8.027818140803905 67.713458566168 3.45
    endloop
  endfacet
  facet normal -0.6343932841636433 0.7730104533627387 0
    outer loop
      vertex 8.444543648263005 68.05545635173699 0
      vertex 8.027818140803905 67.713458566168 3.45
      vertex 8.444543648263005 68.05545635173699 3.45
    endloop
  endfacet
  facet normal -0.7730104533627411 0.6343932841636404 0
    outer loop
      vertex 8.786541433832 68.4721818591961 0
      vertex 8.444543648263005 68.05545635173699 3.45
      vertex 8.786541433832 68.4721818591961 3.45
    endloop
  endfacet
  facet normal -0.8819212643483523 0.47139673682600297 0
    outer loop
      vertex 9.040668714406038 68.947620560996 0
      vertex 8.786541433832 68.4721818591961 3.45
      vertex 9.040668714406038 68.947620560996 3.45
    endloop
  endfacet
  facet normal -0.9569403357322102 0.29028467725445806 0
    outer loop
      vertex 9.197159521108883 69.46350161445565 0
      vertex 9.040668714406038 68.947620560996 3.45
      vertex 9.197159521108883 69.46350161445565 3.45
    endloop
  endfacet
  facet normal -0.9951847266721967 0.09801714032956231 0
    outer loop
      vertex 9.25 70 0
      vertex 9.197159521108883 69.46350161445565 3.45
      vertex 9.25 70 3.45
    endloop
  endfacet
  facet normal -0.9951847266721967 -0.09801714032956231 0
    outer loop
      vertex 9.197159521108883 70.53649838554435 0
      vertex 9.25 70 3.45
      vertex 9.197159521108883 70.53649838554435 3.45
    endloop
  endfacet
  facet normal -0.6343932841636433 -0.7730104533627387 0
    outer loop
      vertex 8.027818140803905 72.286541433832 0
      vertex 8.444543648263005 71.94454364826301 3.45
      vertex 8.027818140803905 72.286541433832 3.45
    endloop
  endfacet
  facet normal -0.7730104533627411 -0.6343932841636404 0
    outer loop
      vertex 8.444543648263005 71.94454364826301 0
      vertex 8.786541433832 71.5278181408039 3.45
      vertex 8.444543648263005 71.94454364826301 3.45
    endloop
  endfacet
  facet normal -0.9569403357322102 -0.29028467725445806 0
    outer loop
      vertex 9.040668714406038 71.052379439004 0
      vertex 9.197159521108883 70.53649838554435 3.45
      vertex 9.040668714406038 71.052379439004 3.45
    endloop
  endfacet
  facet normal -0.8819212643483523 -0.47139673682600297 0
    outer loop
      vertex 8.786541433832 71.5278181408039 0
      vertex 9.040668714406038 71.052379439004 3.45
      vertex 8.786541433832 71.5278181408039 3.45
    endloop
  endfacet
  facet normal 0.4713967368259975 -0.881921264348355 0
    outer loop
      vertex 4.972181859196094 72.286541433832 0
      vertex 5.447620560996003 72.54066871440604 3.45
      vertex 4.972181859196094 72.286541433832 3.45
    endloop
  endfacet
  facet normal 0.29028467725446777 -0.9569403357322072 0
    outer loop
      vertex 5.447620560996003 72.54066871440604 0
      vertex 5.963501614455647 72.69715952110889 3.45
      vertex 5.447620560996003 72.54066871440604 3.45
    endloop
  endfacet
  facet normal 0.09801714032955498 -0.9951847266721975 0
    outer loop
      vertex 5.963501614455647 72.69715952110889 0
      vertex 6.5 72.75 3.45
      vertex 5.963501614455647 72.69715952110889 3.45
    endloop
  endfacet
  facet normal -0.09801714032955498 -0.9951847266721975 0
    outer loop
      vertex 6.5 72.75 0
      vertex 7.036498385544353 72.69715952110889 3.45
      vertex 6.5 72.75 3.45
    endloop
  endfacet
  facet normal -0.29028467725446777 -0.9569403357322072 0
    outer loop
      vertex 7.036498385544353 72.69715952110889 0
      vertex 7.552379439003997 72.54066871440604 3.45
      vertex 7.036498385544353 72.69715952110889 3.45
    endloop
  endfacet
  facet normal -0.4713967368259982 -0.8819212643483548 0
    outer loop
      vertex 7.552379439003997 72.54066871440604 0
      vertex 8.027818140803905 72.286541433832 3.45
      vertex 7.552379439003997 72.54066871440604 3.45
    endloop
  endfacet
  facet normal 0.8819212643483523 0.47139673682600297 0
    outer loop
      vertex 3.9593312855939615 138.947620560996 0
      vertex 3.9593312855939615 138.947620560996 3.45
      vertex 4.213458566168001 138.4721818591961 0
    endloop
  endfacet
  facet normal 0.9569403357322099 0.29028467725445883 -2.9934646871613265e-18
    outer loop
      vertex 3.9593312855939615 138.947620560996 0
      vertex 3.8028404788911163 139.46350161445565 0
      vertex 3.8028404788911163 139.46350161445565 3.45
    endloop
  endfacet
  facet normal 0.7730104533627304 0.6343932841636534 0
    outer loop
      vertex 4.213458566168001 138.4721818591961 0
      vertex 4.213458566168001 138.4721818591961 3.45
      vertex 4.555456351736995 138.055456351737 0
    endloop
  endfacet
  facet normal 0.9951847266721968 0.09801714032956149 0
    outer loop
      vertex 3.75 140 0
      vertex 3.75 140 3.45
      vertex 3.8028404788911163 139.46350161445565 0
    endloop
  endfacet
  facet normal 0.9951847266721968 -0.09801714032956149 -2.588774138090289e-19
    outer loop
      vertex 3.75 140 0
      vertex 3.8028404788911163 140.53649838554435 0
      vertex 3.8028404788911163 140.53649838554435 3.45
    endloop
  endfacet
  facet normal 0.9569403357322099 -0.29028467725445883 2.9934646871613265e-18
    outer loop
      vertex 3.8028404788911163 140.53649838554435 0
      vertex 3.9593312855939615 141.052379439004 0
      vertex 3.9593312855939615 141.052379439004 3.45
    endloop
  endfacet
  facet normal 0.8819212643483523 -0.47139673682600297 -2.029425084058263e-18
    outer loop
      vertex 3.9593312855939615 141.052379439004 0
      vertex 4.213458566168001 141.5278181408039 0
      vertex 4.213458566168001 141.5278181408039 3.45
    endloop
  endfacet
  facet normal 0.7730104533627304 -0.6343932841636534 -6.682338139632725e-18
    outer loop
      vertex 4.213458566168001 141.5278181408039 0
      vertex 4.555456351736995 141.944543648263 0
      vertex 4.555456351736995 141.944543648263 3.45
    endloop
  endfacet
  facet normal 0.4713967368259975 0.881921264348355 0
    outer loop
      vertex 4.972181859196094 137.71345856616801 0
      vertex 4.972181859196094 137.71345856616801 3.45
      vertex 5.447620560996003 137.45933128559398 0
    endloop
  endfacet
  facet normal 0.29028467725449186 0.9569403357321999 0
    outer loop
      vertex 5.447620560996003 137.45933128559398 0
      vertex 5.447620560996003 137.45933128559398 3.45
      vertex 5.963501614455647 137.3028404788911 0
    endloop
  endfacet
  facet normal 0.09801714032955498 0.9951847266721975 0
    outer loop
      vertex 5.963501614455647 137.3028404788911 0
      vertex 5.963501614455647 137.3028404788911 3.45
      vertex 6.5 137.25 0
    endloop
  endfacet
  facet normal -0.09801714032955498 0.9951847266721975 0
    outer loop
      vertex 6.5 137.25 0
      vertex 6.5 137.25 3.45
      vertex 7.036498385544353 137.3028404788911 0
    endloop
  endfacet
  facet normal -0.29028467725449186 0.9569403357321999 0
    outer loop
      vertex 7.036498385544353 137.3028404788911 0
      vertex 7.036498385544353 137.3028404788911 3.45
      vertex 7.552379439003997 137.45933128559398 0
    endloop
  endfacet
  facet normal -0.4713967368259982 0.8819212643483548 0
    outer loop
      vertex 7.552379439003997 137.45933128559398 0
      vertex 7.552379439003997 137.45933128559398 3.45
      vertex 8.027818140803905 137.71345856616801 0
    endloop
  endfacet
  facet normal 0.6343932841636443 0.7730104533627381 0
    outer loop
      vertex 4.555456351736995 138.055456351737 0
      vertex 4.555456351736995 138.055456351737 3.45
      vertex 4.972181859196094 137.71345856616801 0
    endloop
  endfacet
  facet normal 0.6343932841636443 -0.7730104533627381 5.628380368021384e-18
    outer loop
      vertex 4.555456351736995 141.944543648263 0
      vertex 4.972181859196094 142.28654143383199 0
      vertex 4.972181859196094 142.28654143383199 3.45
    endloop
  endfacet
  facet normal 0.4713967368259975 -0.881921264348355 -1.1850046327484117e-18
    outer loop
      vertex 4.972181859196094 142.28654143383199 0
      vertex 5.447620560996003 142.54066871440602 0
      vertex 5.447620560996003 142.54066871440602 3.45
    endloop
  endfacet
  facet normal 0.29028467725449186 -0.9569403357321999 7.270675717542575e-19
    outer loop
      vertex 5.447620560996003 142.54066871440602 0
      vertex 5.963501614455647 142.6971595211089 0
      vertex 5.963501614455647 142.6971595211089 3.45
    endloop
  endfacet
  facet normal 0.09801714032955498 -0.9951847266721975 -3.833763616366877e-19
    outer loop
      vertex 5.963501614455647 142.6971595211089 0
      vertex 6.5 142.75 0
      vertex 6.5 142.75 3.45
    endloop
  endfacet
  facet normal -0.09801714032955498 -0.9951847266721975 3.833763616366877e-19
    outer loop
      vertex 6.5 142.75 0
      vertex 7.036498385544353 142.6971595211089 0
      vertex 7.036498385544353 142.6971595211089 3.45
    endloop
  endfacet
  facet normal -0.6343932841636433 0.7730104533627387 0
    outer loop
      vertex 8.027818140803905 137.71345856616801 0
      vertex 8.027818140803905 137.71345856616801 3.45
      vertex 8.444543648263005 138.055456351737 0
    endloop
  endfacet
  facet normal -0.7730104533627304 0.6343932841636534 0
    outer loop
      vertex 8.444543648263005 138.055456351737 0
      vertex 8.444543648263005 138.055456351737 3.45
      vertex 8.786541433832 138.4721818591961 0
    endloop
  endfacet
  facet normal -0.8819212643483523 0.47139673682600297 0
    outer loop
      vertex 8.786541433832 138.4721818591961 0
      vertex 8.786541433832 138.4721818591961 3.45
      vertex 9.040668714406038 138.947620560996 0
    endloop
  endfacet
  facet normal -0.9569403357322102 0.29028467725445806 0
    outer loop
      vertex 9.040668714406038 138.947620560996 0
      vertex 9.040668714406038 138.947620560996 3.45
      vertex 9.197159521108883 139.46350161445565 0
    endloop
  endfacet
  facet normal -0.9951847266721967 0.09801714032956231 0
    outer loop
      vertex 9.197159521108883 139.46350161445565 0
      vertex 9.197159521108883 139.46350161445565 3.45
      vertex 9.25 140 0
    endloop
  endfacet
  facet normal -0.9951847266721967 -0.09801714032956231 8.711203962743065e-19
    outer loop
      vertex 9.197159521108883 140.53649838554435 0
      vertex 9.25 140 0
      vertex 9.25 140 3.45
    endloop
  endfacet
  facet normal -0.9569403357322102 -0.29028467725445806 0
    outer loop
      vertex 9.197159521108883 140.53649838554435 0
      vertex 9.197159521108883 140.53649838554435 3.45
      vertex 9.040668714406038 141.052379439004 0
    endloop
  endfacet
  facet normal -0.29028467725449186 -0.9569403357321999 -7.270675717542575e-19
    outer loop
      vertex 7.036498385544353 142.6971595211089 0
      vertex 7.552379439003997 142.54066871440602 0
      vertex 7.552379439003997 142.54066871440602 3.45
    endloop
  endfacet
  facet normal -0.4713967368259982 -0.8819212643483548 3.1559763750987465e-18
    outer loop
      vertex 7.552379439003997 142.54066871440602 0
      vertex 8.027818140803905 142.28654143383199 0
      vertex 8.027818140803905 142.28654143383199 3.45
    endloop
  endfacet
  facet normal -0.6343932841636433 -0.7730104533627387 -4.791615077147273e-18
    outer loop
      vertex 8.027818140803905 142.28654143383199 0
      vertex 8.444543648263005 141.944543648263 0
      vertex 8.444543648263005 141.944543648263 3.45
    endloop
  endfacet
  facet normal -0.8819212643483523 -0.47139673682600297 0
    outer loop
      vertex 9.040668714406038 141.052379439004 0
      vertex 9.040668714406038 141.052379439004 3.45
      vertex 8.786541433832 141.5278181408039 0
    endloop
  endfacet
  facet normal -0.7730104533627304 -0.6343932841636534 6.682338139632725e-18
    outer loop
      vertex 8.444543648263005 141.944543648263 0
      vertex 8.786541433832 141.5278181408039 0
      vertex 8.786541433832 141.5278181408039 3.45
    endloop
  endfacet
  facet normal 0.9569403357322099 0.29028467725445883 0
    outer loop
      vertex 3.9593312855939615 138.947620560996 0
      vertex 3.8028404788911163 139.46350161445565 3.45
      vertex 3.9593312855939615 138.947620560996 3.45
    endloop
  endfacet
  facet normal 0.8819212643483523 0.47139673682600297 0
    outer loop
      vertex 4.213458566168001 138.4721818591961 0
      vertex 3.9593312855939615 138.947620560996 3.45
      vertex 4.213458566168001 138.4721818591961 3.45
    endloop
  endfacet
  facet normal 0.7730104533627304 0.6343932841636534 0
    outer loop
      vertex 4.555456351736995 138.055456351737 0
      vertex 4.213458566168001 138.4721818591961 3.45
      vertex 4.555456351736995 138.055456351737 3.45
    endloop
  endfacet
  facet normal 0.9951847266721968 0.09801714032956149 0
    outer loop
      vertex 3.8028404788911163 139.46350161445565 0
      vertex 3.75 140 3.45
      vertex 3.8028404788911163 139.46350161445565 3.45
    endloop
  endfacet
  facet normal 0.9951847266721968 -0.09801714032956149 0
    outer loop
      vertex 3.75 140 0
      vertex 3.8028404788911163 140.53649838554435 3.45
      vertex 3.75 140 3.45
    endloop
  endfacet
  facet normal 0.9569403357322099 -0.29028467725445883 0
    outer loop
      vertex 3.8028404788911163 140.53649838554435 0
      vertex 3.9593312855939615 141.052379439004 3.45
      vertex 3.8028404788911163 140.53649838554435 3.45
    endloop
  endfacet
  facet normal 0.8819212643483523 -0.47139673682600297 0
    outer loop
      vertex 3.9593312855939615 141.052379439004 0
      vertex 4.213458566168001 141.5278181408039 3.45
      vertex 3.9593312855939615 141.052379439004 3.45
    endloop
  endfacet
  facet normal 0.7730104533627304 -0.6343932841636534 0
    outer loop
      vertex 4.213458566168001 141.5278181408039 0
      vertex 4.555456351736995 141.944543648263 3.45
      vertex 4.213458566168001 141.5278181408039 3.45
    endloop
  endfacet
  facet normal 0.4713967368259975 0.881921264348355 0
    outer loop
      vertex 5.447620560996003 137.45933128559398 0
      vertex 4.972181859196094 137.71345856616801 3.45
      vertex 5.447620560996003 137.45933128559398 3.45
    endloop
  endfacet
  facet normal 0.29028467725449186 0.9569403357321999 0
    outer loop
      vertex 5.963501614455647 137.3028404788911 0
      vertex 5.447620560996003 137.45933128559398 3.45
      vertex 5.963501614455647 137.3028404788911 3.45
    endloop
  endfacet
  facet normal 0.09801714032955498 0.9951847266721975 0
    outer loop
      vertex 6.5 137.25 0
      vertex 5.963501614455647 137.3028404788911 3.45
      vertex 6.5 137.25 3.45
    endloop
  endfacet
  facet normal -0.09801714032955498 0.9951847266721975 0
    outer loop
      vertex 7.036498385544353 137.3028404788911 0
      vertex 6.5 137.25 3.45
      vertex 7.036498385544353 137.3028404788911 3.45
    endloop
  endfacet
  facet normal -0.29028467725449186 0.9569403357321999 0
    outer loop
      vertex 7.552379439003997 137.45933128559398 0
      vertex 7.036498385544353 137.3028404788911 3.45
      vertex 7.552379439003997 137.45933128559398 3.45
    endloop
  endfacet
  facet normal -0.4713967368259982 0.8819212643483548 0
    outer loop
      vertex 8.027818140803905 137.71345856616801 0
      vertex 7.552379439003997 137.45933128559398 3.45
      vertex 8.027818140803905 137.71345856616801 3.45
    endloop
  endfacet
  facet normal 0.6343932841636443 0.7730104533627381 0
    outer loop
      vertex 4.972181859196094 137.71345856616801 0
      vertex 4.555456351736995 138.055456351737 3.45
      vertex 4.972181859196094 137.71345856616801 3.45
    endloop
  endfacet
  facet normal 0.6343932841636443 -0.7730104533627381 0
    outer loop
      vertex 4.555456351736995 141.944543648263 0
      vertex 4.972181859196094 142.28654143383199 3.45
      vertex 4.555456351736995 141.944543648263 3.45
    endloop
  endfacet
  facet normal 0.4713967368259975 -0.881921264348355 0
    outer loop
      vertex 4.972181859196094 142.28654143383199 0
      vertex 5.447620560996003 142.54066871440602 3.45
      vertex 4.972181859196094 142.28654143383199 3.45
    endloop
  endfacet
  facet normal 0.29028467725449186 -0.9569403357321999 0
    outer loop
      vertex 5.447620560996003 142.54066871440602 0
      vertex 5.963501614455647 142.6971595211089 3.45
      vertex 5.447620560996003 142.54066871440602 3.45
    endloop
  endfacet
  facet normal 0.09801714032955498 -0.9951847266721975 0
    outer loop
      vertex 5.963501614455647 142.6971595211089 0
      vertex 6.5 142.75 3.45
      vertex 5.963501614455647 142.6971595211089 3.45
    endloop
  endfacet
  facet normal -0.09801714032955498 -0.9951847266721975 0
    outer loop
      vertex 6.5 142.75 0
      vertex 7.036498385544353 142.6971595211089 3.45
      vertex 6.5 142.75 3.45
    endloop
  endfacet
  facet normal -0.6343932841636433 0.7730104533627387 0
    outer loop
      vertex 8.444543648263005 138.055456351737 0
      vertex 8.027818140803905 137.71345856616801 3.45
      vertex 8.444543648263005 138.055456351737 3.45
    endloop
  endfacet
  facet normal -0.7730104533627304 0.6343932841636534 0
    outer loop
      vertex 8.786541433832 138.4721818591961 0
      vertex 8.444543648263005 138.055456351737 3.45
      vertex 8.786541433832 138.4721818591961 3.45
    endloop
  endfacet
  facet normal -0.8819212643483523 0.47139673682600297 0
    outer loop
      vertex 9.040668714406038 138.947620560996 0
      vertex 8.786541433832 138.4721818591961 3.45
      vertex 9.040668714406038 138.947620560996 3.45
    endloop
  endfacet
  facet normal -0.9569403357322102 0.29028467725445806 0
    outer loop
      vertex 9.197159521108883 139.46350161445565 0
      vertex 9.040668714406038 138.947620560996 3.45
      vertex 9.197159521108883 139.46350161445565 3.45
    endloop
  endfacet
  facet normal -0.9951847266721967 0.09801714032956231 0
    outer loop
      vertex 9.25 140 0
      vertex 9.197159521108883 139.46350161445565 3.45
      vertex 9.25 140 3.45
    endloop
  endfacet
  facet normal -0.9951847266721967 -0.09801714032956231 0
    outer loop
      vertex 9.197159521108883 140.53649838554435 0
      vertex 9.25 140 3.45
      vertex 9.197159521108883 140.53649838554435 3.45
    endloop
  endfacet
  facet normal -0.9569403357322102 -0.29028467725445806 0
    outer loop
      vertex 9.040668714406038 141.052379439004 0
      vertex 9.197159521108883 140.53649838554435 3.45
      vertex 9.040668714406038 141.052379439004 3.45
    endloop
  endfacet
  facet normal -0.29028467725449186 -0.9569403357321999 0
    outer loop
      vertex 7.036498385544353 142.6971595211089 0
      vertex 7.552379439003997 142.54066871440602 3.45
      vertex 7.036498385544353 142.6971595211089 3.45
    endloop
  endfacet
  facet normal -0.4713967368259982 -0.8819212643483548 0
    outer loop
      vertex 7.552379439003997 142.54066871440602 0
      vertex 8.027818140803905 142.28654143383199 3.45
      vertex 7.552379439003997 142.54066871440602 3.45
    endloop
  endfacet
  facet normal -0.7730104533627304 -0.6343932841636534 0
    outer loop
      vertex 8.444543648263005 141.944543648263 0
      vertex 8.786541433832 141.5278181408039 3.45
      vertex 8.444543648263005 141.944543648263 3.45
    endloop
  endfacet
  facet normal -0.6343932841636433 -0.7730104533627387 0
    outer loop
      vertex 8.027818140803905 142.28654143383199 0
      vertex 8.444543648263005 141.944543648263 3.45
      vertex 8.027818140803905 142.28654143383199 3.45
    endloop
  endfacet
  facet normal -0.8819212643483523 -0.47139673682600297 0
    outer loop
      vertex 8.786541433832 141.5278181408039 0
      vertex 9.040668714406038 141.052379439004 3.45
      vertex 8.786541433832 141.5278181408039 3.45
    endloop
  endfacet
  facet normal 0.7730104533627304 0.6343932841636534 0
    outer loop
      vertex 4.213458566168001 157.4721818591961 0
      vertex 4.213458566168001 157.4721818591961 3.45
      vertex 4.555456351736995 157.055456351737 0
    endloop
  endfacet
  facet normal 0.4713967368259975 0.881921264348355 0
    outer loop
      vertex 4.972181859196094 156.71345856616801 0
      vertex 4.972181859196094 156.71345856616801 3.45
      vertex 5.447620560996003 156.45933128559398 0
    endloop
  endfacet
  facet normal 0.6343932841636443 0.7730104533627381 0
    outer loop
      vertex 4.555456351736995 157.055456351737 0
      vertex 4.555456351736995 157.055456351737 3.45
      vertex 4.972181859196094 156.71345856616801 0
    endloop
  endfacet
  facet normal 0.29028467725449186 0.9569403357321999 0
    outer loop
      vertex 5.447620560996003 156.45933128559398 0
      vertex 5.447620560996003 156.45933128559398 3.45
      vertex 5.963501614455647 156.3028404788911 0
    endloop
  endfacet
  facet normal 0.09801714032955498 0.9951847266721975 0
    outer loop
      vertex 5.963501614455647 156.3028404788911 0
      vertex 5.963501614455647 156.3028404788911 3.45
      vertex 6.5 156.25 0
    endloop
  endfacet
  facet normal -0.09801714032955498 0.9951847266721975 0
    outer loop
      vertex 6.5 156.25 0
      vertex 6.5 156.25 3.45
      vertex 7.036498385544353 156.3028404788911 0
    endloop
  endfacet
  facet normal -0.29028467725449186 0.9569403357321999 0
    outer loop
      vertex 7.036498385544353 156.3028404788911 0
      vertex 7.036498385544353 156.3028404788911 3.45
      vertex 7.552379439003997 156.45933128559398 0
    endloop
  endfacet
  facet normal -0.4713967368259982 0.8819212643483548 0
    outer loop
      vertex 7.552379439003997 156.45933128559398 0
      vertex 7.552379439003997 156.45933128559398 3.45
      vertex 8.027818140803905 156.71345856616801 0
    endloop
  endfacet
  facet normal -0.6343932841636433 0.7730104533627387 0
    outer loop
      vertex 8.027818140803905 156.71345856616801 0
      vertex 8.027818140803905 156.71345856616801 3.45
      vertex 8.444543648263005 157.055456351737 0
    endloop
  endfacet
  facet normal -0.7730104533627304 0.6343932841636534 0
    outer loop
      vertex 8.444543648263005 157.055456351737 0
      vertex 8.444543648263005 157.055456351737 3.45
      vertex 8.786541433832 157.4721818591961 0
    endloop
  endfacet
  facet normal 0.8819212643483523 0.47139673682600297 2.029425084058263e-18
    outer loop
      vertex 4.213458566168001 157.4721818591961 0
      vertex 3.9593312855939615 157.947620560996 0
      vertex 3.9593312855939615 157.947620560996 3.45
    endloop
  endfacet
  facet normal 0.9569403357322099 0.29028467725445883 -2.9934646871613265e-18
    outer loop
      vertex 3.9593312855939615 157.947620560996 0
      vertex 3.8028404788911163 158.46350161445565 0
      vertex 3.8028404788911163 158.46350161445565 3.45
    endloop
  endfacet
  facet normal 0.9951847266721968 0.09801714032956149 0
    outer loop
      vertex 3.75 159 0
      vertex 3.75 159 3.45
      vertex 3.8028404788911163 158.46350161445565 0
    endloop
  endfacet
  facet normal 0.9951847266721968 -0.09801714032956149 -2.588774138090289e-19
    outer loop
      vertex 3.75 159 0
      vertex 3.8028404788911163 159.53649838554435 0
      vertex 3.8028404788911163 159.53649838554435 3.45
    endloop
  endfacet
  facet normal 0.9569403357322099 -0.29028467725445883 2.9934646871613265e-18
    outer loop
      vertex 3.8028404788911163 159.53649838554435 0
      vertex 3.9593312855939615 160.052379439004 0
      vertex 3.9593312855939615 160.052379439004 3.45
    endloop
  endfacet
  facet normal 0.8819212643483523 -0.47139673682600297 -2.029425084058263e-18
    outer loop
      vertex 3.9593312855939615 160.052379439004 0
      vertex 4.213458566168001 160.5278181408039 0
      vertex 4.213458566168001 160.5278181408039 3.45
    endloop
  endfacet
  facet normal 0.7730104533627304 -0.6343932841636534 -6.682338139632725e-18
    outer loop
      vertex 4.213458566168001 160.5278181408039 0
      vertex 4.555456351736995 160.944543648263 0
      vertex 4.555456351736995 160.944543648263 3.45
    endloop
  endfacet
  facet normal 0.6343932841636443 -0.7730104533627381 5.628380368021384e-18
    outer loop
      vertex 4.555456351736995 160.944543648263 0
      vertex 4.972181859196094 161.28654143383199 0
      vertex 4.972181859196094 161.28654143383199 3.45
    endloop
  endfacet
  facet normal 0.4713967368259975 -0.881921264348355 -1.1850046327484117e-18
    outer loop
      vertex 4.972181859196094 161.28654143383199 0
      vertex 5.447620560996003 161.54066871440602 0
      vertex 5.447620560996003 161.54066871440602 3.45
    endloop
  endfacet
  facet normal 0.29028467725449186 -0.9569403357321999 7.270675717542575e-19
    outer loop
      vertex 5.447620560996003 161.54066871440602 0
      vertex 5.963501614455647 161.6971595211089 0
      vertex 5.963501614455647 161.6971595211089 3.45
    endloop
  endfacet
  facet normal 0.09801714032955498 -0.9951847266721975 -3.833763616366877e-19
    outer loop
      vertex 5.963501614455647 161.6971595211089 0
      vertex 6.5 161.75 0
      vertex 6.5 161.75 3.45
    endloop
  endfacet
  facet normal -0.09801714032955498 -0.9951847266721975 3.833763616366877e-19
    outer loop
      vertex 6.5 161.75 0
      vertex 7.036498385544353 161.6971595211089 0
      vertex 7.036498385544353 161.6971595211089 3.45
    endloop
  endfacet
  facet normal -0.8819212643483523 0.47139673682600297 0
    outer loop
      vertex 8.786541433832 157.4721818591961 0
      vertex 8.786541433832 157.4721818591961 3.45
      vertex 9.040668714406038 157.947620560996 0
    endloop
  endfacet
  facet normal -0.9569403357322102 0.29028467725445806 0
    outer loop
      vertex 9.040668714406038 157.947620560996 0
      vertex 9.040668714406038 157.947620560996 3.45
      vertex 9.197159521108883 158.46350161445565 0
    endloop
  endfacet
  facet normal -0.9951847266721967 0.09801714032956231 0
    outer loop
      vertex 9.197159521108883 158.46350161445565 0
      vertex 9.197159521108883 158.46350161445565 3.45
      vertex 9.25 159 0
    endloop
  endfacet
  facet normal -0.9951847266721967 -0.09801714032956231 8.711203962743065e-19
    outer loop
      vertex 9.197159521108883 159.53649838554435 0
      vertex 9.25 159 0
      vertex 9.25 159 3.45
    endloop
  endfacet
  facet normal -0.9569403357322102 -0.29028467725445806 0
    outer loop
      vertex 9.197159521108883 159.53649838554435 0
      vertex 9.197159521108883 159.53649838554435 3.45
      vertex 9.040668714406038 160.052379439004 0
    endloop
  endfacet
  facet normal -0.8819212643483523 -0.47139673682600297 2.029425084058263e-18
    outer loop
      vertex 8.786541433832 160.5278181408039 0
      vertex 9.040668714406038 160.052379439004 0
      vertex 9.040668714406038 160.052379439004 3.45
    endloop
  endfacet
  facet normal -0.7730104533627304 -0.6343932841636534 0
    outer loop
      vertex 8.786541433832 160.5278181408039 0
      vertex 8.786541433832 160.5278181408039 3.45
      vertex 8.444543648263005 160.944543648263 0
    endloop
  endfacet
  facet normal -0.29028467725449186 -0.9569403357321999 -7.270675717542575e-19
    outer loop
      vertex 7.036498385544353 161.6971595211089 0
      vertex 7.552379439003997 161.54066871440602 0
      vertex 7.552379439003997 161.54066871440602 3.45
    endloop
  endfacet
  facet normal -0.4713967368259982 -0.8819212643483548 3.1559763750987465e-18
    outer loop
      vertex 7.552379439003997 161.54066871440602 0
      vertex 8.027818140803905 161.28654143383199 0
      vertex 8.027818140803905 161.28654143383199 3.45
    endloop
  endfacet
  facet normal -0.6343932841636433 -0.7730104533627387 -4.791615077147273e-18
    outer loop
      vertex 8.027818140803905 161.28654143383199 0
      vertex 8.444543648263005 160.944543648263 0
      vertex 8.444543648263005 160.944543648263 3.45
    endloop
  endfacet
  facet normal 0.7730104533627304 0.6343932841636534 0
    outer loop
      vertex 4.555456351736995 157.055456351737 0
      vertex 4.213458566168001 157.4721818591961 3.45
      vertex 4.555456351736995 157.055456351737 3.45
    endloop
  endfacet
  facet normal 0.6343932841636443 0.7730104533627381 0
    outer loop
      vertex 4.972181859196094 156.71345856616801 0
      vertex 4.555456351736995 157.055456351737 3.45
      vertex 4.972181859196094 156.71345856616801 3.45
    endloop
  endfacet
  facet normal 0.4713967368259975 0.881921264348355 0
    outer loop
      vertex 5.447620560996003 156.45933128559398 0
      vertex 4.972181859196094 156.71345856616801 3.45
      vertex 5.447620560996003 156.45933128559398 3.45
    endloop
  endfacet
  facet normal 0.29028467725449186 0.9569403357321999 0
    outer loop
      vertex 5.963501614455647 156.3028404788911 0
      vertex 5.447620560996003 156.45933128559398 3.45
      vertex 5.963501614455647 156.3028404788911 3.45
    endloop
  endfacet
  facet normal 0.09801714032955498 0.9951847266721975 0
    outer loop
      vertex 6.5 156.25 0
      vertex 5.963501614455647 156.3028404788911 3.45
      vertex 6.5 156.25 3.45
    endloop
  endfacet
  facet normal -0.09801714032955498 0.9951847266721975 0
    outer loop
      vertex 7.036498385544353 156.3028404788911 0
      vertex 6.5 156.25 3.45
      vertex 7.036498385544353 156.3028404788911 3.45
    endloop
  endfacet
  facet normal -0.29028467725449186 0.9569403357321999 0
    outer loop
      vertex 7.552379439003997 156.45933128559398 0
      vertex 7.036498385544353 156.3028404788911 3.45
      vertex 7.552379439003997 156.45933128559398 3.45
    endloop
  endfacet
  facet normal -0.4713967368259982 0.8819212643483548 0
    outer loop
      vertex 8.027818140803905 156.71345856616801 0
      vertex 7.552379439003997 156.45933128559398 3.45
      vertex 8.027818140803905 156.71345856616801 3.45
    endloop
  endfacet
  facet normal -0.6343932841636433 0.7730104533627387 0
    outer loop
      vertex 8.444543648263005 157.055456351737 0
      vertex 8.027818140803905 156.71345856616801 3.45
      vertex 8.444543648263005 157.055456351737 3.45
    endloop
  endfacet
  facet normal -0.7730104533627304 0.6343932841636534 0
    outer loop
      vertex 8.786541433832 157.4721818591961 0
      vertex 8.444543648263005 157.055456351737 3.45
      vertex 8.786541433832 157.4721818591961 3.45
    endloop
  endfacet
  facet normal 0.9569403357322099 0.29028467725445883 0
    outer loop
      vertex 3.9593312855939615 157.947620560996 0
      vertex 3.8028404788911163 158.46350161445565 3.45
      vertex 3.9593312855939615 157.947620560996 3.45
    endloop
  endfacet
  facet normal 0.9951847266721968 0.09801714032956149 0
    outer loop
      vertex 3.8028404788911163 158.46350161445565 0
      vertex 3.75 159 3.45
      vertex 3.8028404788911163 158.46350161445565 3.45
    endloop
  endfacet
  facet normal 0.8819212643483523 0.47139673682600297 0
    outer loop
      vertex 4.213458566168001 157.4721818591961 0
      vertex 3.9593312855939615 157.947620560996 3.45
      vertex 4.213458566168001 157.4721818591961 3.45
    endloop
  endfacet
  facet normal 0.9951847266721968 -0.09801714032956149 0
    outer loop
      vertex 3.75 159 0
      vertex 3.8028404788911163 159.53649838554435 3.45
      vertex 3.75 159 3.45
    endloop
  endfacet
  facet normal 0.9569403357322099 -0.29028467725445883 0
    outer loop
      vertex 3.8028404788911163 159.53649838554435 0
      vertex 3.9593312855939615 160.052379439004 3.45
      vertex 3.8028404788911163 159.53649838554435 3.45
    endloop
  endfacet
  facet normal 0.8819212643483523 -0.47139673682600297 0
    outer loop
      vertex 3.9593312855939615 160.052379439004 0
      vertex 4.213458566168001 160.5278181408039 3.45
      vertex 3.9593312855939615 160.052379439004 3.45
    endloop
  endfacet
  facet normal 0.7730104533627304 -0.6343932841636534 0
    outer loop
      vertex 4.213458566168001 160.5278181408039 0
      vertex 4.555456351736995 160.944543648263 3.45
      vertex 4.213458566168001 160.5278181408039 3.45
    endloop
  endfacet
  facet normal 0.6343932841636443 -0.7730104533627381 0
    outer loop
      vertex 4.555456351736995 160.944543648263 0
      vertex 4.972181859196094 161.28654143383199 3.45
      vertex 4.555456351736995 160.944543648263 3.45
    endloop
  endfacet
  facet normal 0.4713967368259975 -0.881921264348355 0
    outer loop
      vertex 4.972181859196094 161.28654143383199 0
      vertex 5.447620560996003 161.54066871440602 3.45
      vertex 4.972181859196094 161.28654143383199 3.45
    endloop
  endfacet
  facet normal 0.29028467725449186 -0.9569403357321999 0
    outer loop
      vertex 5.447620560996003 161.54066871440602 0
      vertex 5.963501614455647 161.6971595211089 3.45
      vertex 5.447620560996003 161.54066871440602 3.45
    endloop
  endfacet
  facet normal 0.09801714032955498 -0.9951847266721975 0
    outer loop
      vertex 5.963501614455647 161.6971595211089 0
      vertex 6.5 161.75 3.45
      vertex 5.963501614455647 161.6971595211089 3.45
    endloop
  endfacet
  facet normal -0.09801714032955498 -0.9951847266721975 0
    outer loop
      vertex 6.5 161.75 0
      vertex 7.036498385544353 161.6971595211089 3.45
      vertex 6.5 161.75 3.45
    endloop
  endfacet
  facet normal -0.8819212643483523 0.47139673682600297 0
    outer loop
      vertex 9.040668714406038 157.947620560996 0
      vertex 8.786541433832 157.4721818591961 3.45
      vertex 9.040668714406038 157.947620560996 3.45
    endloop
  endfacet
  facet normal -0.9569403357322102 0.29028467725445806 0
    outer loop
      vertex 9.197159521108883 158.46350161445565 0
      vertex 9.040668714406038 157.947620560996 3.45
      vertex 9.197159521108883 158.46350161445565 3.45
    endloop
  endfacet
  facet normal -0.9951847266721967 0.09801714032956231 0
    outer loop
      vertex 9.25 159 0
      vertex 9.197159521108883 158.46350161445565 3.45
      vertex 9.25 159 3.45
    endloop
  endfacet
  facet normal -0.9951847266721967 -0.09801714032956231 0
    outer loop
      vertex 9.197159521108883 159.53649838554435 0
      vertex 9.25 159 3.45
      vertex 9.197159521108883 159.53649838554435 3.45
    endloop
  endfacet
  facet normal -0.9569403357322102 -0.29028467725445806 0
    outer loop
      vertex 9.040668714406038 160.052379439004 0
      vertex 9.197159521108883 159.53649838554435 3.45
      vertex 9.040668714406038 160.052379439004 3.45
    endloop
  endfacet
  facet normal -0.8819212643483523 -0.47139673682600297 0
    outer loop
      vertex 8.786541433832 160.5278181408039 0
      vertex 9.040668714406038 160.052379439004 3.45
      vertex 8.786541433832 160.5278181408039 3.45
    endloop
  endfacet
  facet normal -0.29028467725449186 -0.9569403357321999 0
    outer loop
      vertex 7.036498385544353 161.6971595211089 0
      vertex 7.552379439003997 161.54066871440602 3.45
      vertex 7.036498385544353 161.6971595211089 3.45
    endloop
  endfacet
  facet normal -0.4713967368259982 -0.8819212643483548 0
    outer loop
      vertex 7.552379439003997 161.54066871440602 0
      vertex 8.027818140803905 161.28654143383199 3.45
      vertex 7.552379439003997 161.54066871440602 3.45
    endloop
  endfacet
  facet normal -0.6343932841636433 -0.7730104533627387 0
    outer loop
      vertex 8.027818140803905 161.28654143383199 0
      vertex 8.444543648263005 160.944543648263 3.45
      vertex 8.027818140803905 161.28654143383199 3.45
    endloop
  endfacet
  facet normal -0.7730104533627304 -0.6343932841636534 0
    outer loop
      vertex 8.444543648263005 160.944543648263 0
      vertex 8.786541433832 160.5278181408039 3.45
      vertex 8.444543648263005 160.944543648263 3.45
    endloop
  endfacet
  facet normal 0.8819212643483523 0.47139673682600297 0
    outer loop
      vertex 3.9593312855939615 176.947620560996 0
      vertex 3.9593312855939615 176.947620560996 3.45
      vertex 4.213458566168001 176.4721818591961 0
    endloop
  endfacet
  facet normal 0.7730104533627304 0.6343932841636534 6.682338139632725e-18
    outer loop
      vertex 4.555456351736995 176.055456351737 0
      vertex 4.213458566168001 176.4721818591961 0
      vertex 4.213458566168001 176.4721818591961 3.45
    endloop
  endfacet
  facet normal 0.9569403357322099 0.29028467725445883 -2.9934646871613265e-18
    outer loop
      vertex 3.9593312855939615 176.947620560996 0
      vertex 3.8028404788911163 177.46350161445565 0
      vertex 3.8028404788911163 177.46350161445565 3.45
    endloop
  endfacet
  facet normal 0.9951847266721968 0.09801714032956149 0
    outer loop
      vertex 3.75 178 0
      vertex 3.75 178 3.45
      vertex 3.8028404788911163 177.46350161445565 0
    endloop
  endfacet
  facet normal 0.9951847266721968 -0.09801714032956149 -2.588774138090289e-19
    outer loop
      vertex 3.75 178 0
      vertex 3.8028404788911163 178.53649838554435 0
      vertex 3.8028404788911163 178.53649838554435 3.45
    endloop
  endfacet
  facet normal 0.9569403357322099 -0.29028467725445883 2.9934646871613265e-18
    outer loop
      vertex 3.8028404788911163 178.53649838554435 0
      vertex 3.9593312855939615 179.052379439004 0
      vertex 3.9593312855939615 179.052379439004 3.45
    endloop
  endfacet
  facet normal 0.8819212643483523 -0.47139673682600297 -2.029425084058263e-18
    outer loop
      vertex 3.9593312855939615 179.052379439004 0
      vertex 4.213458566168001 179.5278181408039 0
      vertex 4.213458566168001 179.5278181408039 3.45
    endloop
  endfacet
  facet normal 0.7730104533627304 -0.6343932841636534 -6.682338139632725e-18
    outer loop
      vertex 4.213458566168001 179.5278181408039 0
      vertex 4.555456351736995 179.944543648263 0
      vertex 4.555456351736995 179.944543648263 3.45
    endloop
  endfacet
  facet normal 0.29028467725449186 0.9569403357321999 0
    outer loop
      vertex 5.447620560996003 175.45933128559398 0
      vertex 5.447620560996003 175.45933128559398 3.45
      vertex 5.963501614455647 175.3028404788911 0
    endloop
  endfacet
  facet normal 0.6343932841636443 0.7730104533627381 0
    outer loop
      vertex 4.555456351736995 176.055456351737 0
      vertex 4.555456351736995 176.055456351737 3.45
      vertex 4.972181859196094 175.71345856616801 0
    endloop
  endfacet
  facet normal 0.4713967368259975 0.881921264348355 1.1850046327484117e-18
    outer loop
      vertex 5.447620560996003 175.45933128559398 0
      vertex 4.972181859196094 175.71345856616801 0
      vertex 4.972181859196094 175.71345856616801 3.45
    endloop
  endfacet
  facet normal 0.09801714032955498 0.9951847266721975 0
    outer loop
      vertex 5.963501614455647 175.3028404788911 0
      vertex 5.963501614455647 175.3028404788911 3.45
      vertex 6.5 175.25 0
    endloop
  endfacet
  facet normal -0.09801714032955498 0.9951847266721975 0
    outer loop
      vertex 6.5 175.25 0
      vertex 6.5 175.25 3.45
      vertex 7.036498385544353 175.3028404788911 0
    endloop
  endfacet
  facet normal -0.29028467725449186 0.9569403357321999 0
    outer loop
      vertex 7.036498385544353 175.3028404788911 0
      vertex 7.036498385544353 175.3028404788911 3.45
      vertex 7.552379439003997 175.45933128559398 0
    endloop
  endfacet
  facet normal -0.4713967368259982 0.8819212643483548 0
    outer loop
      vertex 7.552379439003997 175.45933128559398 0
      vertex 7.552379439003997 175.45933128559398 3.45
      vertex 8.027818140803905 175.71345856616801 0
    endloop
  endfacet
  facet normal -0.6343932841636433 0.7730104533627387 0
    outer loop
      vertex 8.027818140803905 175.71345856616801 0
      vertex 8.027818140803905 175.71345856616801 3.45
      vertex 8.444543648263005 176.055456351737 0
    endloop
  endfacet
  facet normal -0.7730104533627304 0.6343932841636534 0
    outer loop
      vertex 8.444543648263005 176.055456351737 0
      vertex 8.444543648263005 176.055456351737 3.45
      vertex 8.786541433832 176.4721818591961 0
    endloop
  endfacet
  facet normal -0.8819212643483523 0.47139673682600297 0
    outer loop
      vertex 8.786541433832 176.4721818591961 0
      vertex 8.786541433832 176.4721818591961 3.45
      vertex 9.040668714406038 176.947620560996 0
    endloop
  endfacet
  facet normal -0.9569403357322102 0.29028467725445806 0
    outer loop
      vertex 9.040668714406038 176.947620560996 0
      vertex 9.040668714406038 176.947620560996 3.45
      vertex 9.197159521108883 177.46350161445565 0
    endloop
  endfacet
  facet normal 0.6343932841636443 -0.7730104533627381 5.628380368021384e-18
    outer loop
      vertex 4.555456351736995 179.944543648263 0
      vertex 4.972181859196094 180.28654143383199 0
      vertex 4.972181859196094 180.28654143383199 3.45
    endloop
  endfacet
  facet normal 0.4713967368259975 -0.881921264348355 -1.1850046327484117e-18
    outer loop
      vertex 4.972181859196094 180.28654143383199 0
      vertex 5.447620560996003 180.54066871440602 0
      vertex 5.447620560996003 180.54066871440602 3.45
    endloop
  endfacet
  facet normal 0.29028467725449186 -0.9569403357321999 7.270675717542575e-19
    outer loop
      vertex 5.447620560996003 180.54066871440602 0
      vertex 5.963501614455647 180.6971595211089 0
      vertex 5.963501614455647 180.6971595211089 3.45
    endloop
  endfacet
  facet normal 0.09801714032955498 -0.9951847266721975 -3.833763616366877e-19
    outer loop
      vertex 5.963501614455647 180.6971595211089 0
      vertex 6.5 180.75 0
      vertex 6.5 180.75 3.45
    endloop
  endfacet
  facet normal -0.09801714032955498 -0.9951847266721975 3.833763616366877e-19
    outer loop
      vertex 6.5 180.75 0
      vertex 7.036498385544353 180.6971595211089 0
      vertex 7.036498385544353 180.6971595211089 3.45
    endloop
  endfacet
  facet normal -0.4713967368259982 -0.8819212643483548 0
    outer loop
      vertex 8.027818140803905 180.28654143383199 0
      vertex 8.027818140803905 180.28654143383199 3.45
      vertex 7.552379439003997 180.54066871440602 0
    endloop
  endfacet
  facet normal -0.9951847266721967 0.09801714032956231 0
    outer loop
      vertex 9.197159521108883 177.46350161445565 0
      vertex 9.197159521108883 177.46350161445565 3.45
      vertex 9.25 178 0
    endloop
  endfacet
  facet normal -0.9951847266721967 -0.09801714032956231 8.711203962743065e-19
    outer loop
      vertex 9.197159521108883 178.53649838554435 0
      vertex 9.25 178 0
      vertex 9.25 178 3.45
    endloop
  endfacet
  facet normal -0.9569403357322102 -0.29028467725445806 0
    outer loop
      vertex 9.197159521108883 178.53649838554435 0
      vertex 9.197159521108883 178.53649838554435 3.45
      vertex 9.040668714406038 179.052379439004 0
    endloop
  endfacet
  facet normal -0.6343932841636433 -0.7730104533627387 -4.791615077147273e-18
    outer loop
      vertex 8.027818140803905 180.28654143383199 0
      vertex 8.444543648263005 179.944543648263 0
      vertex 8.444543648263005 179.944543648263 3.45
    endloop
  endfacet
  facet normal -0.8819212643483523 -0.47139673682600297 2.029425084058263e-18
    outer loop
      vertex 8.786541433832 179.5278181408039 0
      vertex 9.040668714406038 179.052379439004 0
      vertex 9.040668714406038 179.052379439004 3.45
    endloop
  endfacet
  facet normal -0.7730104533627304 -0.6343932841636534 6.682338139632725e-18
    outer loop
      vertex 8.444543648263005 179.944543648263 0
      vertex 8.786541433832 179.5278181408039 0
      vertex 8.786541433832 179.5278181408039 3.45
    endloop
  endfacet
  facet normal -0.29028467725449186 -0.9569403357321999 -7.270675717542575e-19
    outer loop
      vertex 7.036498385544353 180.6971595211089 0
      vertex 7.552379439003997 180.54066871440602 0
      vertex 7.552379439003997 180.54066871440602 3.45
    endloop
  endfacet
  facet normal 0.9569403357322099 0.29028467725445883 0
    outer loop
      vertex 3.9593312855939615 176.947620560996 0
      vertex 3.8028404788911163 177.46350161445565 3.45
      vertex 3.9593312855939615 176.947620560996 3.45
    endloop
  endfacet
  facet normal 0.7730104533627304 0.6343932841636534 0
    outer loop
      vertex 4.555456351736995 176.055456351737 0
      vertex 4.213458566168001 176.4721818591961 3.45
      vertex 4.555456351736995 176.055456351737 3.45
    endloop
  endfacet
  facet normal 0.8819212643483523 0.47139673682600297 0
    outer loop
      vertex 4.213458566168001 176.4721818591961 0
      vertex 3.9593312855939615 176.947620560996 3.45
      vertex 4.213458566168001 176.4721818591961 3.45
    endloop
  endfacet
  facet normal 0.9951847266721968 0.09801714032956149 0
    outer loop
      vertex 3.8028404788911163 177.46350161445565 0
      vertex 3.75 178 3.45
      vertex 3.8028404788911163 177.46350161445565 3.45
    endloop
  endfacet
  facet normal 0.9951847266721968 -0.09801714032956149 0
    outer loop
      vertex 3.75 178 0
      vertex 3.8028404788911163 178.53649838554435 3.45
      vertex 3.75 178 3.45
    endloop
  endfacet
  facet normal 0.9569403357322099 -0.29028467725445883 0
    outer loop
      vertex 3.8028404788911163 178.53649838554435 0
      vertex 3.9593312855939615 179.052379439004 3.45
      vertex 3.8028404788911163 178.53649838554435 3.45
    endloop
  endfacet
  facet normal 0.8819212643483523 -0.47139673682600297 0
    outer loop
      vertex 3.9593312855939615 179.052379439004 0
      vertex 4.213458566168001 179.5278181408039 3.45
      vertex 3.9593312855939615 179.052379439004 3.45
    endloop
  endfacet
  facet normal 0.7730104533627304 -0.6343932841636534 0
    outer loop
      vertex 4.213458566168001 179.5278181408039 0
      vertex 4.555456351736995 179.944543648263 3.45
      vertex 4.213458566168001 179.5278181408039 3.45
    endloop
  endfacet
  facet normal 0.4713967368259975 0.881921264348355 0
    outer loop
      vertex 5.447620560996003 175.45933128559398 0
      vertex 4.972181859196094 175.71345856616801 3.45
      vertex 5.447620560996003 175.45933128559398 3.45
    endloop
  endfacet
  facet normal 0.6343932841636443 0.7730104533627381 0
    outer loop
      vertex 4.972181859196094 175.71345856616801 0
      vertex 4.555456351736995 176.055456351737 3.45
      vertex 4.972181859196094 175.71345856616801 3.45
    endloop
  endfacet
  facet normal 0.29028467725449186 0.9569403357321999 0
    outer loop
      vertex 5.963501614455647 175.3028404788911 0
      vertex 5.447620560996003 175.45933128559398 3.45
      vertex 5.963501614455647 175.3028404788911 3.45
    endloop
  endfacet
  facet normal 0.09801714032955498 0.9951847266721975 0
    outer loop
      vertex 6.5 175.25 0
      vertex 5.963501614455647 175.3028404788911 3.45
      vertex 6.5 175.25 3.45
    endloop
  endfacet
  facet normal -0.09801714032955498 0.9951847266721975 0
    outer loop
      vertex 7.036498385544353 175.3028404788911 0
      vertex 6.5 175.25 3.45
      vertex 7.036498385544353 175.3028404788911 3.45
    endloop
  endfacet
  facet normal -0.29028467725449186 0.9569403357321999 0
    outer loop
      vertex 7.552379439003997 175.45933128559398 0
      vertex 7.036498385544353 175.3028404788911 3.45
      vertex 7.552379439003997 175.45933128559398 3.45
    endloop
  endfacet
  facet normal -0.4713967368259982 0.8819212643483548 0
    outer loop
      vertex 8.027818140803905 175.71345856616801 0
      vertex 7.552379439003997 175.45933128559398 3.45
      vertex 8.027818140803905 175.71345856616801 3.45
    endloop
  endfacet
  facet normal -0.6343932841636433 0.7730104533627387 0
    outer loop
      vertex 8.444543648263005 176.055456351737 0
      vertex 8.027818140803905 175.71345856616801 3.45
      vertex 8.444543648263005 176.055456351737 3.45
    endloop
  endfacet
  facet normal -0.7730104533627304 0.6343932841636534 0
    outer loop
      vertex 8.786541433832 176.4721818591961 0
      vertex 8.444543648263005 176.055456351737 3.45
      vertex 8.786541433832 176.4721818591961 3.45
    endloop
  endfacet
  facet normal -0.8819212643483523 0.47139673682600297 0
    outer loop
      vertex 9.040668714406038 176.947620560996 0
      vertex 8.786541433832 176.4721818591961 3.45
      vertex 9.040668714406038 176.947620560996 3.45
    endloop
  endfacet
  facet normal 0.6343932841636443 -0.7730104533627381 0
    outer loop
      vertex 4.555456351736995 179.944543648263 0
      vertex 4.972181859196094 180.28654143383199 3.45
      vertex 4.555456351736995 179.944543648263 3.45
    endloop
  endfacet
  facet normal 0.4713967368259975 -0.881921264348355 0
    outer loop
      vertex 4.972181859196094 180.28654143383199 0
      vertex 5.447620560996003 180.54066871440602 3.45
      vertex 4.972181859196094 180.28654143383199 3.45
    endloop
  endfacet
  facet normal 0.29028467725449186 -0.9569403357321999 0
    outer loop
      vertex 5.447620560996003 180.54066871440602 0
      vertex 5.963501614455647 180.6971595211089 3.45
      vertex 5.447620560996003 180.54066871440602 3.45
    endloop
  endfacet
  facet normal 0.09801714032955498 -0.9951847266721975 0
    outer loop
      vertex 5.963501614455647 180.6971595211089 0
      vertex 6.5 180.75 3.45
      vertex 5.963501614455647 180.6971595211089 3.45
    endloop
  endfacet
  facet normal -0.09801714032955498 -0.9951847266721975 0
    outer loop
      vertex 6.5 180.75 0
      vertex 7.036498385544353 180.6971595211089 3.45
      vertex 6.5 180.75 3.45
    endloop
  endfacet
  facet normal -0.4713967368259982 -0.8819212643483548 0
    outer loop
      vertex 7.552379439003997 180.54066871440602 0
      vertex 8.027818140803905 180.28654143383199 3.45
      vertex 7.552379439003997 180.54066871440602 3.45
    endloop
  endfacet
  facet normal -0.9569403357322102 0.29028467725445806 0
    outer loop
      vertex 9.197159521108883 177.46350161445565 0
      vertex 9.040668714406038 176.947620560996 3.45
      vertex 9.197159521108883 177.46350161445565 3.45
    endloop
  endfacet
  facet normal -0.9951847266721967 0.09801714032956231 0
    outer loop
      vertex 9.25 178 0
      vertex 9.197159521108883 177.46350161445565 3.45
      vertex 9.25 178 3.45
    endloop
  endfacet
  facet normal -0.9951847266721967 -0.09801714032956231 0
    outer loop
      vertex 9.197159521108883 178.53649838554435 0
      vertex 9.25 178 3.45
      vertex 9.197159521108883 178.53649838554435 3.45
    endloop
  endfacet
  facet normal -0.6343932841636433 -0.7730104533627387 0
    outer loop
      vertex 8.027818140803905 180.28654143383199 0
      vertex 8.444543648263005 179.944543648263 3.45
      vertex 8.027818140803905 180.28654143383199 3.45
    endloop
  endfacet
  facet normal -0.7730104533627304 -0.6343932841636534 0
    outer loop
      vertex 8.444543648263005 179.944543648263 0
      vertex 8.786541433832 179.5278181408039 3.45
      vertex 8.444543648263005 179.944543648263 3.45
    endloop
  endfacet
  facet normal -0.8819212643483523 -0.47139673682600297 0
    outer loop
      vertex 8.786541433832 179.5278181408039 0
      vertex 9.040668714406038 179.052379439004 3.45
      vertex 8.786541433832 179.5278181408039 3.45
    endloop
  endfacet
  facet normal -0.9569403357322102 -0.29028467725445806 0
    outer loop
      vertex 9.040668714406038 179.052379439004 0
      vertex 9.197159521108883 178.53649838554435 3.45
      vertex 9.040668714406038 179.052379439004 3.45
    endloop
  endfacet
  facet normal -0.29028467725449186 -0.9569403357321999 0
    outer loop
      vertex 7.036498385544353 180.6971595211089 0
      vertex 7.552379439003997 180.54066871440602 3.45
      vertex 7.036498385544353 180.6971595211089 3.45
    endloop
  endfacet
  facet normal -1 0 0
    outer loop
      vertex 40.05 17.419999999999998 0.6
      vertex 40.05 16.58407766990291 0.6
      vertex 40.05 16.6 0.6380118465104373
    endloop
  endfacet
  facet normal -1 0 0
    outer loop
      vertex 40.05 16.58133462882828 2.3967061109696957
      vertex 40.05 16.58407766990291 0.6
      vertex 40.05 16.58 0.6
    endloop
  endfacet
  facet normal -1 0 0
    outer loop
      vertex 40.05 17.419999999999998 2.4
      vertex 40.05 17.419999999999998 0.6
      vertex 40.05 16.6 0.6380118465104373
    endloop
  endfacet
  facet normal -1 0 0
    outer loop
      vertex 40.05 16.58133462882828 2.3967061109696957
      vertex 40.05 16.58 0.6
      vertex 40.05 16.58 2.4
    endloop
  endfacet
  facet normal -1 0 0
    outer loop
      vertex 40.05 17.419999999999998 2.6499999999999995
      vertex 40.05 16.6 0.6380118465104373
      vertex 40.05 16.6 2.4
    endloop
  endfacet
  facet normal -1 0 0
    outer loop
      vertex 40.05 17.419999999999998 2.6499999999999995
      vertex 40.05 17.419999999999998 2.4
      vertex 40.05 16.6 0.6380118465104373
    endloop
  endfacet
  facet normal 0 -1 0
    outer loop
      vertex 41.25 16.58 1.4
      vertex 47.25 16.58 1.4
      vertex 41.25 16.58 2.4
    endloop
  endfacet
  facet normal 0 1 0
    outer loop
      vertex 47.25 17.419999999999998 1.4
      vertex 41.25 17.419999999999998 1.4
      vertex 47.25 17.419999999999998 2.6499999999999995
    endloop
  endfacet
  facet normal 0 1 0
    outer loop
      vertex 41.25 17.419999999999998 1.4
      vertex 41.25 17.419999999999998 2.4
      vertex 47.25 17.419999999999998 2.6499999999999995
    endloop
  endfacet
  facet normal 0 -1 0
    outer loop
      vertex 41.25 16.58 2.4
      vertex 47.25 16.58 1.4
      vertex 47.25 16.58 2.6499999999999995
    endloop
  endfacet
  facet normal -1 0 0
    outer loop
      vertex 40.05 16.58 2.6499999999999995
      vertex 40.05 16.6 2.4
      vertex 40.05 16.58 2.4
    endloop
  endfacet
  facet normal 0 -1 0
    outer loop
      vertex 40.05 16.58 2.6499999999999995
      vertex 40.05 16.58 2.4
      vertex 41.25 16.58 2.4
    endloop
  endfacet
  facet normal 0 1 0
    outer loop
      vertex 40.05 17.419999999999998 2.6499999999999995
      vertex 41.25 17.419999999999998 2.4
      vertex 40.05 17.419999999999998 2.4
    endloop
  endfacet
  facet normal -1 0 0
    outer loop
      vertex 40.05 16.58 2.6499999999999995
      vertex 40.05 17.419999999999998 2.6499999999999995
      vertex 40.05 16.6 2.4
    endloop
  endfacet
  facet normal 0 -1 0
    outer loop
      vertex 40.05 16.58 2.6499999999999995
      vertex 41.25 16.58 2.4
      vertex 47.25 16.58 2.6499999999999995
    endloop
  endfacet
  facet normal 0 1 0
    outer loop
      vertex 40.05 17.419999999999998 2.6499999999999995
      vertex 47.25 17.419999999999998 2.6499999999999995
      vertex 41.25 17.419999999999998 2.4
    endloop
  endfacet
  facet normal 0 0 1
    outer loop
      vertex 40.05 16.58 2.6499999999999995
      vertex 47.25 16.6 2.6499999999999995
      vertex 40.05 17.419999999999998 2.6499999999999995
    endloop
  endfacet
  facet normal 0 0 1
    outer loop
      vertex 40.05 16.58 2.6499999999999995
      vertex 47.25 16.58 2.6499999999999995
      vertex 47.25 16.6 2.6499999999999995
    endloop
  endfacet
  facet normal 0 0 1
    outer loop
      vertex 40.05 17.419999999999998 2.6499999999999995
      vertex 47.25 16.6 2.6499999999999995
      vertex 47.25 17.4 2.6499999999999995
    endloop
  endfacet
  facet normal 0 0 1
    outer loop
      vertex 40.05 17.419999999999998 2.6499999999999995
      vertex 47.25 17.4 2.6499999999999995
      vertex 47.25 17.419999999999998 2.6499999999999995
    endloop
  endfacet
  facet normal 0 0 1
    outer loop
      vertex 47.25 17.4 2.6499999999999995
      vertex 47.25 16.6 2.6499999999999995
      vertex 146 17.4 2.6499999999999995
    endloop
  endfacet
  facet normal 0 0 1
    outer loop
      vertex 47.25 16.6 2.6499999999999995
      vertex 146 16.6 2.6499999999999995
      vertex 146 17.4 2.6499999999999995
    endloop
  endfacet
  facet normal -1 0 0
    outer loop
      vertex 40.05 27.58 0.6
      vertex 40.05 28.4 1.5450955891540672
      vertex 40.05 28.419999999999998 0.6
    endloop
  endfacet
  facet normal -1 0 0
    outer loop
      vertex 40.05 28.4 1.5450955891540672
      vertex 40.05 28.419999999999998 1.5559585492227979
      vertex 40.05 28.419999999999998 0.6
    endloop
  endfacet
  facet normal -1 0 0
    outer loop
      vertex 40.05 28.4 2.4
      vertex 40.05 28.4 1.5450955891540672
      vertex 40.05 27.58 0.6
    endloop
  endfacet
  facet normal -1 0 0
    outer loop
      vertex 40.05 28.419999999999998 2.6499999999999995
      vertex 40.05 27.58 0.6
      vertex 40.05 27.58 2.4
    endloop
  endfacet
  facet normal -1 0 0
    outer loop
      vertex 40.05 28.419999999999998 2.6499999999999995
      vertex 40.05 28.4 2.4
      vertex 40.05 27.58 0.6
    endloop
  endfacet
  facet normal 0 -1 0
    outer loop
      vertex 41.25 27.58 1.4
      vertex 47.25 27.58 1.4
      vertex 41.25 27.58 2.4
    endloop
  endfacet
  facet normal 0 1 0
    outer loop
      vertex 47.25 28.419999999999998 1.4
      vertex 41.25 28.419999999999998 1.4
      vertex 47.25 28.419999999999998 2.6499999999999995
    endloop
  endfacet
  facet normal 0 1 0
    outer loop
      vertex 41.25 28.419999999999998 1.4
      vertex 41.25 28.419999999999998 2.4
      vertex 47.25 28.419999999999998 2.6499999999999995
    endloop
  endfacet
  facet normal 0 -1 0
    outer loop
      vertex 41.25 27.58 2.4
      vertex 47.25 27.58 1.4
      vertex 47.25 27.58 2.6499999999999995
    endloop
  endfacet
  facet normal 0 -1 0
    outer loop
      vertex 40.05 27.58 2.6499999999999995
      vertex 40.05 27.58 2.4
      vertex 41.25 27.58 2.4
    endloop
  endfacet
  facet normal -1 0 0
    outer loop
      vertex 40.05 28.419999999999998 2.6499999999999995
      vertex 40.05 28.419999999999998 2.4
      vertex 40.05 28.4 2.4
    endloop
  endfacet
  facet normal 0 1 0
    outer loop
      vertex 40.05 28.419999999999998 2.6499999999999995
      vertex 41.25 28.419999999999998 2.4
      vertex 40.05 28.419999999999998 2.4
    endloop
  endfacet
  facet normal -1 0 0
    outer loop
      vertex 40.05 27.58 2.6499999999999995
      vertex 40.05 28.419999999999998 2.6499999999999995
      vertex 40.05 27.58 2.4
    endloop
  endfacet
  facet normal 0 -1 0
    outer loop
      vertex 40.05 27.58 2.6499999999999995
      vertex 41.25 27.58 2.4
      vertex 47.25 27.58 2.6499999999999995
    endloop
  endfacet
  facet normal 0 1 0
    outer loop
      vertex 40.05 28.419999999999998 2.6499999999999995
      vertex 47.25 28.419999999999998 2.6499999999999995
      vertex 41.25 28.419999999999998 2.4
    endloop
  endfacet
  facet normal 0 0 1
    outer loop
      vertex 40.05 27.58 2.6499999999999995
      vertex 47.25 27.599999999999998 2.6499999999999995
      vertex 40.05 28.419999999999998 2.6499999999999995
    endloop
  endfacet
  facet normal 0 0 1
    outer loop
      vertex 40.05 27.58 2.6499999999999995
      vertex 47.25 27.58 2.6499999999999995
      vertex 47.25 27.599999999999998 2.6499999999999995
    endloop
  endfacet
  facet normal 0 0 1
    outer loop
      vertex 40.05 28.419999999999998 2.6499999999999995
      vertex 47.25 27.599999999999998 2.6499999999999995
      vertex 47.25 28.4 2.6499999999999995
    endloop
  endfacet
  facet normal 0 0 1
    outer loop
      vertex 40.05 28.419999999999998 2.6499999999999995
      vertex 47.25 28.4 2.6499999999999995
      vertex 47.25 28.419999999999998 2.6499999999999995
    endloop
  endfacet
  facet normal 0 0 1
    outer loop
      vertex 47.25 28.4 2.6499999999999995
      vertex 47.25 27.599999999999998 2.6499999999999995
      vertex 146 28.4 2.6499999999999995
    endloop
  endfacet
  facet normal 0 0 1
    outer loop
      vertex 47.25 27.599999999999998 2.6499999999999995
      vertex 146 27.599999999999998 2.6499999999999995
      vertex 146 28.4 2.6499999999999995
    endloop
  endfacet
  facet normal -1 0 0
    outer loop
      vertex 40.05 39.42 0.6
      vertex 40.05 38.58407766990291 0.6
      vertex 40.05 38.599999999999994 0.6380118465104206
    endloop
  endfacet
  facet normal -1 0 0
    outer loop
      vertex 40.05 39.42 0.6
      vertex 40.05 38.599999999999994 0.6380118465104206
      vertex 40.05 39.4 1.5450955891540654
    endloop
  endfacet
  facet normal -1 0 0
    outer loop
      vertex 40.05 38.58133462882827 2.396706110969697
      vertex 40.05 38.58407766990291 0.6
      vertex 40.05 38.58 0.6
    endloop
  endfacet
  facet normal -1 0 0
    outer loop
      vertex 40.05 39.4 1.5450955891540654
      vertex 40.05 39.42 1.5559585492227979
      vertex 40.05 39.42 0.6
    endloop
  endfacet
  facet normal -1 0 0
    outer loop
      vertex 40.05 39.4 2.4
      vertex 40.05 39.4 1.5450955891540654
      vertex 40.05 38.599999999999994 0.6380118465104206
    endloop
  endfacet
  facet normal -1 0 0
    outer loop
      vertex 40.05 38.58133462882827 2.396706110969697
      vertex 40.05 38.58 0.6
      vertex 40.05 38.58 2.4
    endloop
  endfacet
  facet normal -1 0 0
    outer loop
      vertex 40.05 39.42 2.6499999999999995
      vertex 40.05 38.599999999999994 0.6380118465104206
      vertex 40.05 38.599999999999994 2.4
    endloop
  endfacet
  facet normal -1 0 0
    outer loop
      vertex 40.05 39.42 2.6499999999999995
      vertex 40.05 39.4 2.4
      vertex 40.05 38.599999999999994 0.6380118465104206
    endloop
  endfacet
  facet normal 0 -1 0
    outer loop
      vertex 41.25 38.58 1.4
      vertex 47.25 38.58 1.4
      vertex 41.25 38.58 2.4
    endloop
  endfacet
  facet normal 0 -1 0
    outer loop
      vertex 41.25 38.58 2.4
      vertex 47.25 38.58 1.4
      vertex 47.25 38.58 2.6499999999999995
    endloop
  endfacet
  facet normal 0 1 0
    outer loop
      vertex 47.25 39.42 1.4
      vertex 41.25 39.42 1.4
      vertex 47.25 39.42 2.6499999999999995
    endloop
  endfacet
  facet normal 0 1 0
    outer loop
      vertex 41.25 39.42 1.4
      vertex 41.25 39.42 2.4
      vertex 47.25 39.42 2.6499999999999995
    endloop
  endfacet
  facet normal -1 0 0
    outer loop
      vertex 40.05 38.58 2.6499999999999995
      vertex 40.05 38.599999999999994 2.4
      vertex 40.05 38.58 2.4
    endloop
  endfacet
  facet normal 0 -1 0
    outer loop
      vertex 40.05 38.58 2.6499999999999995
      vertex 40.05 38.58 2.4
      vertex 41.25 38.58 2.4
    endloop
  endfacet
  facet normal -1 0 0
    outer loop
      vertex 40.05 38.58 2.6499999999999995
      vertex 40.05 39.42 2.6499999999999995
      vertex 40.05 38.599999999999994 2.4
    endloop
  endfacet
  facet normal 0 -1 0
    outer loop
      vertex 40.05 38.58 2.6499999999999995
      vertex 41.25 38.58 2.4
      vertex 47.25 38.58 2.6499999999999995
    endloop
  endfacet
  facet normal -1 0 0
    outer loop
      vertex 40.05 39.42 2.6499999999999995
      vertex 40.05 39.42 2.4
      vertex 40.05 39.4 2.4
    endloop
  endfacet
  facet normal 0 1 0
    outer loop
      vertex 40.05 39.42 2.6499999999999995
      vertex 41.25 39.42 2.4
      vertex 40.05 39.42 2.4
    endloop
  endfacet
  facet normal 0 1 0
    outer loop
      vertex 40.05 39.42 2.6499999999999995
      vertex 47.25 39.42 2.6499999999999995
      vertex 41.25 39.42 2.4
    endloop
  endfacet
  facet normal 0 0 1
    outer loop
      vertex 40.05 38.58 2.6499999999999995
      vertex 47.25 38.599999999999994 2.6499999999999995
      vertex 40.05 39.42 2.6499999999999995
    endloop
  endfacet
  facet normal 0 0 1
    outer loop
      vertex 40.05 38.58 2.6499999999999995
      vertex 47.25 38.58 2.6499999999999995
      vertex 47.25 38.599999999999994 2.6499999999999995
    endloop
  endfacet
  facet normal 0 0 1
    outer loop
      vertex 40.05 39.42 2.6499999999999995
      vertex 47.25 38.599999999999994 2.6499999999999995
      vertex 47.25 39.4 2.6499999999999995
    endloop
  endfacet
  facet normal 0 0 1
    outer loop
      vertex 40.05 39.42 2.6499999999999995
      vertex 47.25 39.4 2.6499999999999995
      vertex 47.25 39.42 2.6499999999999995
    endloop
  endfacet
  facet normal 0 0 1
    outer loop
      vertex 47.25 39.4 2.6499999999999995
      vertex 47.25 38.599999999999994 2.6499999999999995
      vertex 146 39.4 2.6499999999999995
    endloop
  endfacet
  facet normal 0 0 1
    outer loop
      vertex 47.25 38.599999999999994 2.6499999999999995
      vertex 146 38.599999999999994 2.6499999999999995
      vertex 146 39.4 2.6499999999999995
    endloop
  endfacet
  facet normal -1 0 0
    outer loop
      vertex 40.05 50.42 0.6
      vertex 40.05 49.58407766990291 0.6
      vertex 40.05 49.599999999999994 0.6380118465104206
    endloop
  endfacet
  facet normal -1 0 0
    outer loop
      vertex 40.05 50.42 0.6
      vertex 40.05 49.599999999999994 0.6380118465104206
      vertex 40.05 50.4 1.5450955891540654
    endloop
  endfacet
  facet normal -1 0 0
    outer loop
      vertex 40.05 49.58133462882827 2.396706110969697
      vertex 40.05 49.58407766990291 0.6
      vertex 40.05 49.58 0.6
    endloop
  endfacet
  facet normal -1 0 0
    outer loop
      vertex 40.05 50.4 1.5450955891540654
      vertex 40.05 50.42 1.5559585492227979
      vertex 40.05 50.42 0.6
    endloop
  endfacet
  facet normal -1 0 0
    outer loop
      vertex 40.05 50.4 2.4
      vertex 40.05 50.4 1.5450955891540654
      vertex 40.05 49.599999999999994 0.6380118465104206
    endloop
  endfacet
  facet normal -1 0 0
    outer loop
      vertex 40.05 49.58133462882827 2.396706110969697
      vertex 40.05 49.58 0.6
      vertex 40.05 49.58 2.4
    endloop
  endfacet
  facet normal -1 0 0
    outer loop
      vertex 40.05 50.42 2.6499999999999995
      vertex 40.05 49.599999999999994 0.6380118465104206
      vertex 40.05 49.599999999999994 2.4
    endloop
  endfacet
  facet normal -1 0 0
    outer loop
      vertex 40.05 50.42 2.6499999999999995
      vertex 40.05 50.4 2.4
      vertex 40.05 49.599999999999994 0.6380118465104206
    endloop
  endfacet
  facet normal 0 -1 0
    outer loop
      vertex 41.25 49.58 1.4
      vertex 47.25 49.58 1.4
      vertex 41.25 49.58 2.4
    endloop
  endfacet
  facet normal 0 1 0
    outer loop
      vertex 47.25 50.42 1.4
      vertex 41.25 50.42 1.4
      vertex 47.25 50.42 2.6499999999999995
    endloop
  endfacet
  facet normal 0 1 0
    outer loop
      vertex 41.25 50.42 1.4
      vertex 41.25 50.42 2.4
      vertex 47.25 50.42 2.6499999999999995
    endloop
  endfacet
  facet normal 0 -1 0
    outer loop
      vertex 41.25 49.58 2.4
      vertex 47.25 49.58 1.4
      vertex 47.25 49.58 2.6499999999999995
    endloop
  endfacet
  facet normal -1 0 0
    outer loop
      vertex 40.05 49.58 2.6499999999999995
      vertex 40.05 49.599999999999994 2.4
      vertex 40.05 49.58 2.4
    endloop
  endfacet
  facet normal 0 -1 0
    outer loop
      vertex 40.05 49.58 2.6499999999999995
      vertex 40.05 49.58 2.4
      vertex 41.25 49.58 2.4
    endloop
  endfacet
  facet normal -1 0 0
    outer loop
      vertex 40.05 50.42 2.6499999999999995
      vertex 40.05 50.42 2.4
      vertex 40.05 50.4 2.4
    endloop
  endfacet
  facet normal 0 1 0
    outer loop
      vertex 40.05 50.42 2.6499999999999995
      vertex 41.25 50.42 2.4
      vertex 40.05 50.42 2.4
    endloop
  endfacet
  facet normal -1 0 0
    outer loop
      vertex 40.05 49.58 2.6499999999999995
      vertex 40.05 50.42 2.6499999999999995
      vertex 40.05 49.599999999999994 2.4
    endloop
  endfacet
  facet normal 0 -1 0
    outer loop
      vertex 40.05 49.58 2.6499999999999995
      vertex 41.25 49.58 2.4
      vertex 47.25 49.58 2.6499999999999995
    endloop
  endfacet
  facet normal 0 1 0
    outer loop
      vertex 40.05 50.42 2.6499999999999995
      vertex 47.25 50.42 2.6499999999999995
      vertex 41.25 50.42 2.4
    endloop
  endfacet
  facet normal 0 0 1
    outer loop
      vertex 40.05 49.58 2.6499999999999995
      vertex 47.25 49.599999999999994 2.6499999999999995
      vertex 40.05 50.42 2.6499999999999995
    endloop
  endfacet
  facet normal 0 0 1
    outer loop
      vertex 40.05 49.58 2.6499999999999995
      vertex 47.25 49.58 2.6499999999999995
      vertex 47.25 49.599999999999994 2.6499999999999995
    endloop
  endfacet
  facet normal 0 0 1
    outer loop
      vertex 40.05 50.42 2.6499999999999995
      vertex 47.25 49.599999999999994 2.6499999999999995
      vertex 47.25 50.4 2.6499999999999995
    endloop
  endfacet
  facet normal 0 0 1
    outer loop
      vertex 40.05 50.42 2.6499999999999995
      vertex 47.25 50.4 2.6499999999999995
      vertex 47.25 50.42 2.6499999999999995
    endloop
  endfacet
  facet normal 0 0 1
    outer loop
      vertex 47.25 50.4 2.6499999999999995
      vertex 47.25 49.599999999999994 2.6499999999999995
      vertex 146 50.4 2.6499999999999995
    endloop
  endfacet
  facet normal 0 0 1
    outer loop
      vertex 47.25 49.599999999999994 2.6499999999999995
      vertex 146 49.599999999999994 2.6499999999999995
      vertex 146 50.4 2.6499999999999995
    endloop
  endfacet
  facet normal -1 0 0
    outer loop
      vertex 40.05 61.42 0.6
      vertex 40.05 60.58407766990291 0.6
      vertex 40.05 60.599999999999994 0.6380118465104206
    endloop
  endfacet
  facet normal -1 0 0
    outer loop
      vertex 40.05 61.42 0.6
      vertex 40.05 60.599999999999994 0.6380118465104206
      vertex 40.05 61.4 1.5450955891540654
    endloop
  endfacet
  facet normal -1 0 0
    outer loop
      vertex 40.05 60.58133462882827 2.396706110969697
      vertex 40.05 60.58407766990291 0.6
      vertex 40.05 60.58 0.6
    endloop
  endfacet
  facet normal -1 0 0
    outer loop
      vertex 40.05 61.4 1.5450955891540654
      vertex 40.05 61.42 1.5559585492227979
      vertex 40.05 61.42 0.6
    endloop
  endfacet
  facet normal -1 0 0
    outer loop
      vertex 40.05 61.4 2.4
      vertex 40.05 61.4 1.5450955891540654
      vertex 40.05 60.599999999999994 0.6380118465104206
    endloop
  endfacet
  facet normal -1 0 0
    outer loop
      vertex 40.05 60.58133462882827 2.396706110969697
      vertex 40.05 60.58 0.6
      vertex 40.05 60.58 2.4
    endloop
  endfacet
  facet normal -1 0 0
    outer loop
      vertex 40.05 61.42 2.6499999999999995
      vertex 40.05 60.599999999999994 0.6380118465104206
      vertex 40.05 60.599999999999994 2.4
    endloop
  endfacet
  facet normal -1 0 0
    outer loop
      vertex 40.05 61.42 2.6499999999999995
      vertex 40.05 61.4 2.4
      vertex 40.05 60.599999999999994 0.6380118465104206
    endloop
  endfacet
  facet normal 0 -1 0
    outer loop
      vertex 41.25 60.58 1.4
      vertex 47.25 60.58 1.4
      vertex 41.25 60.58 2.4
    endloop
  endfacet
  facet normal 0 1 0
    outer loop
      vertex 47.25 61.42 1.4
      vertex 41.25 61.42 1.4
      vertex 47.25 61.42 2.6499999999999995
    endloop
  endfacet
  facet normal 0 1 0
    outer loop
      vertex 41.25 61.42 1.4
      vertex 41.25 61.42 2.4
      vertex 47.25 61.42 2.6499999999999995
    endloop
  endfacet
  facet normal 0 -1 0
    outer loop
      vertex 41.25 60.58 2.4
      vertex 47.25 60.58 1.4
      vertex 47.25 60.58 2.6499999999999995
    endloop
  endfacet
  facet normal -1 0 0
    outer loop
      vertex 40.05 60.58 2.6499999999999995
      vertex 40.05 60.599999999999994 2.4
      vertex 40.05 60.58 2.4
    endloop
  endfacet
  facet normal 0 -1 0
    outer loop
      vertex 40.05 60.58 2.6499999999999995
      vertex 40.05 60.58 2.4
      vertex 41.25 60.58 2.4
    endloop
  endfacet
  facet normal -1 0 0
    outer loop
      vertex 40.05 61.42 2.6499999999999995
      vertex 40.05 61.42 2.4
      vertex 40.05 61.4 2.4
    endloop
  endfacet
  facet normal 0 1 0
    outer loop
      vertex 40.05 61.42 2.6499999999999995
      vertex 41.25 61.42 2.4
      vertex 40.05 61.42 2.4
    endloop
  endfacet
  facet normal -1 0 0
    outer loop
      vertex 40.05 60.58 2.6499999999999995
      vertex 40.05 61.42 2.6499999999999995
      vertex 40.05 60.599999999999994 2.4
    endloop
  endfacet
  facet normal 0 -1 0
    outer loop
      vertex 40.05 60.58 2.6499999999999995
      vertex 41.25 60.58 2.4
      vertex 47.25 60.58 2.6499999999999995
    endloop
  endfacet
  facet normal 0 1 0
    outer loop
      vertex 40.05 61.42 2.6499999999999995
      vertex 47.25 61.42 2.6499999999999995
      vertex 41.25 61.42 2.4
    endloop
  endfacet
  facet normal 0 0 1
    outer loop
      vertex 40.05 60.58 2.6499999999999995
      vertex 47.25 60.599999999999994 2.6499999999999995
      vertex 40.05 61.42 2.6499999999999995
    endloop
  endfacet
  facet normal 0 0 1
    outer loop
      vertex 40.05 60.58 2.6499999999999995
      vertex 47.25 60.58 2.6499999999999995
      vertex 47.25 60.599999999999994 2.6499999999999995
    endloop
  endfacet
  facet normal 0 0 1
    outer loop
      vertex 40.05 61.42 2.6499999999999995
      vertex 47.25 60.599999999999994 2.6499999999999995
      vertex 47.25 61.4 2.6499999999999995
    endloop
  endfacet
  facet normal 0 0 1
    outer loop
      vertex 40.05 61.42 2.6499999999999995
      vertex 47.25 61.4 2.6499999999999995
      vertex 47.25 61.42 2.6499999999999995
    endloop
  endfacet
  facet normal 0 0 1
    outer loop
      vertex 47.25 61.4 2.6499999999999995
      vertex 47.25 60.599999999999994 2.6499999999999995
      vertex 146 61.4 2.6499999999999995
    endloop
  endfacet
  facet normal 0 0 1
    outer loop
      vertex 47.25 60.599999999999994 2.6499999999999995
      vertex 146 60.599999999999994 2.6499999999999995
      vertex 146 61.4 2.6499999999999995
    endloop
  endfacet
  facet normal -1 0 0
    outer loop
      vertex 40.05 72.42 0.6
      vertex 40.05 71.58407766990291 0.6
      vertex 40.05 71.6 0.6380118465104206
    endloop
  endfacet
  facet normal -1 0 0
    outer loop
      vertex 40.05 71.58133462882829 2.396706110969697
      vertex 40.05 71.58407766990291 0.6
      vertex 40.05 71.58 0.6
    endloop
  endfacet
  facet normal -1 0 0
    outer loop
      vertex 40.05 72.42 2.4
      vertex 40.05 72.42 0.6
      vertex 40.05 71.6 0.6380118465104206
    endloop
  endfacet
  facet normal -1 0 0
    outer loop
      vertex 40.05 71.58133462882829 2.396706110969697
      vertex 40.05 71.58 0.6
      vertex 40.05 71.58 2.4
    endloop
  endfacet
  facet normal -1 0 0
    outer loop
      vertex 40.05 72.42 2.6499999999999995
      vertex 40.05 71.6 0.6380118465104206
      vertex 40.05 71.6 2.4
    endloop
  endfacet
  facet normal -1 0 0
    outer loop
      vertex 40.05 72.42 2.6499999999999995
      vertex 40.05 72.42 2.4
      vertex 40.05 71.6 0.6380118465104206
    endloop
  endfacet
  facet normal 0 -1 0
    outer loop
      vertex 41.25 71.58 1.4
      vertex 47.25 71.58 1.4
      vertex 41.25 71.58 2.4
    endloop
  endfacet
  facet normal 0 1 0
    outer loop
      vertex 47.25 72.42 1.4
      vertex 41.25 72.42 1.4
      vertex 47.25 72.42 2.6499999999999995
    endloop
  endfacet
  facet normal 0 -1 0
    outer loop
      vertex 41.25 71.58 2.4
      vertex 47.25 71.58 1.4
      vertex 47.25 71.58 2.6499999999999995
    endloop
  endfacet
  facet normal 0 1 0
    outer loop
      vertex 41.25 72.42 1.4
      vertex 41.25 72.42 2.4
      vertex 47.25 72.42 2.6499999999999995
    endloop
  endfacet
  facet normal -1 0 0
    outer loop
      vertex 40.05 71.58 2.6499999999999995
      vertex 40.05 71.6 2.4
      vertex 40.05 71.58 2.4
    endloop
  endfacet
  facet normal 0 -1 0
    outer loop
      vertex 40.05 71.58 2.6499999999999995
      vertex 40.05 71.58 2.4
      vertex 41.25 71.58 2.4
    endloop
  endfacet
  facet normal -1 0 0
    outer loop
      vertex 40.05 71.58 2.6499999999999995
      vertex 40.05 72.42 2.6499999999999995
      vertex 40.05 71.6 2.4
    endloop
  endfacet
  facet normal 0 1 0
    outer loop
      vertex 40.05 72.42 2.6499999999999995
      vertex 41.25 72.42 2.4
      vertex 40.05 72.42 2.4
    endloop
  endfacet
  facet normal 0 -1 0
    outer loop
      vertex 40.05 71.58 2.6499999999999995
      vertex 41.25 71.58 2.4
      vertex 47.25 71.58 2.6499999999999995
    endloop
  endfacet
  facet normal 0 1 0
    outer loop
      vertex 40.05 72.42 2.6499999999999995
      vertex 47.25 72.42 2.6499999999999995
      vertex 41.25 72.42 2.4
    endloop
  endfacet
  facet normal 0 0 1
    outer loop
      vertex 40.05 71.58 2.6499999999999995
      vertex 47.25 71.6 2.6499999999999995
      vertex 40.05 72.42 2.6499999999999995
    endloop
  endfacet
  facet normal 0 0 1
    outer loop
      vertex 40.05 71.58 2.6499999999999995
      vertex 47.25 71.58 2.6499999999999995
      vertex 47.25 71.6 2.6499999999999995
    endloop
  endfacet
  facet normal 0 0 1
    outer loop
      vertex 40.05 72.42 2.6499999999999995
      vertex 47.25 71.6 2.6499999999999995
      vertex 47.25 72.4 2.6499999999999995
    endloop
  endfacet
  facet normal 0 0 1
    outer loop
      vertex 40.05 72.42 2.6499999999999995
      vertex 47.25 72.4 2.6499999999999995
      vertex 47.25 72.42 2.6499999999999995
    endloop
  endfacet
  facet normal 0 0 1
    outer loop
      vertex 47.25 72.4 2.6499999999999995
      vertex 47.25 71.6 2.6499999999999995
      vertex 146 72.4 2.6499999999999995
    endloop
  endfacet
  facet normal 0 0 1
    outer loop
      vertex 47.25 71.6 2.6499999999999995
      vertex 146 71.6 2.6499999999999995
      vertex 146 72.4 2.6499999999999995
    endloop
  endfacet
  facet normal -1 0 0
    outer loop
      vertex 40.05 83.42 0.6
      vertex 40.05 82.58 0.6
      vertex 40.05 82.58 2.4
    endloop
  endfacet
  facet normal -1 0 0
    outer loop
      vertex 40.05 82.58 2.6499999999999995
      vertex 40.05 83.42 0.6
      vertex 40.05 82.58 2.4
    endloop
  endfacet
  facet normal -1 0 0
    outer loop
      vertex 40.05 82.58 2.6499999999999995
      vertex 40.05 83.42 2.4
      vertex 40.05 83.42 0.6
    endloop
  endfacet
  facet normal 0 -1 0
    outer loop
      vertex 41.25 82.58 1.4
      vertex 47.25 82.58 1.4
      vertex 41.25 82.58 2.4
    endloop
  endfacet
  facet normal 0 1 0
    outer loop
      vertex 47.25 83.42 1.4
      vertex 41.25 83.42 1.4
      vertex 47.25 83.42 2.6499999999999995
    endloop
  endfacet
  facet normal 0 1 0
    outer loop
      vertex 41.25 83.42 1.4
      vertex 41.25 83.42 2.4
      vertex 47.25 83.42 2.6499999999999995
    endloop
  endfacet
  facet normal 0 -1 0
    outer loop
      vertex 41.25 82.58 2.4
      vertex 47.25 82.58 1.4
      vertex 47.25 82.58 2.6499999999999995
    endloop
  endfacet
  facet normal 0 -1 0
    outer loop
      vertex 40.05 82.58 2.6499999999999995
      vertex 40.05 82.58 2.4
      vertex 41.25 82.58 2.4
    endloop
  endfacet
  facet normal 0 1 0
    outer loop
      vertex 40.05 83.42 2.6499999999999995
      vertex 41.25 83.42 2.4
      vertex 40.05 83.42 2.4
    endloop
  endfacet
  facet normal -1 0 0
    outer loop
      vertex 40.05 83.42 2.6499999999999995
      vertex 40.05 83.42 2.4
      vertex 40.05 82.58 2.6499999999999995
    endloop
  endfacet
  facet normal 0 -1 0
    outer loop
      vertex 40.05 82.58 2.6499999999999995
      vertex 41.25 82.58 2.4
      vertex 47.25 82.58 2.6499999999999995
    endloop
  endfacet
  facet normal 0 1 0
    outer loop
      vertex 40.05 83.42 2.6499999999999995
      vertex 47.25 83.42 2.6499999999999995
      vertex 41.25 83.42 2.4
    endloop
  endfacet
  facet normal 0 0 1
    outer loop
      vertex 40.05 82.58 2.6499999999999995
      vertex 47.25 82.60000000000001 2.6499999999999995
      vertex 40.05 83.42 2.6499999999999995
    endloop
  endfacet
  facet normal 0 0 1
    outer loop
      vertex 40.05 82.58 2.6499999999999995
      vertex 47.25 82.58 2.6499999999999995
      vertex 47.25 82.60000000000001 2.6499999999999995
    endloop
  endfacet
  facet normal 0 0 1
    outer loop
      vertex 40.05 83.42 2.6499999999999995
      vertex 47.25 82.60000000000001 2.6499999999999995
      vertex 47.25 83.4 2.6499999999999995
    endloop
  endfacet
  facet normal 0 0 1
    outer loop
      vertex 40.05 83.42 2.6499999999999995
      vertex 47.25 83.4 2.6499999999999995
      vertex 47.25 83.42 2.6499999999999995
    endloop
  endfacet
  facet normal 0 0 1
    outer loop
      vertex 47.25 83.4 2.6499999999999995
      vertex 47.25 82.60000000000001 2.6499999999999995
      vertex 146 83.4 2.6499999999999995
    endloop
  endfacet
  facet normal 0 0 1
    outer loop
      vertex 47.25 82.60000000000001 2.6499999999999995
      vertex 146 82.60000000000001 2.6499999999999995
      vertex 146 83.4 2.6499999999999995
    endloop
  endfacet
  facet normal -1 0 0
    outer loop
      vertex 40.05 94.42 0.6
      vertex 40.05 93.58 0.6
      vertex 40.05 93.58 2.4
    endloop
  endfacet
  facet normal -1 0 0
    outer loop
      vertex 40.05 93.58 2.6499999999999995
      vertex 40.05 94.42 0.6
      vertex 40.05 93.58 2.4
    endloop
  endfacet
  facet normal -1 0 0
    outer loop
      vertex 40.05 93.58 2.6499999999999995
      vertex 40.05 94.42 2.4
      vertex 40.05 94.42 0.6
    endloop
  endfacet
  facet normal 0 -1 0
    outer loop
      vertex 41.25 93.58 1.4
      vertex 47.25 93.58 1.4
      vertex 41.25 93.58 2.4
    endloop
  endfacet
  facet normal 0 1 0
    outer loop
      vertex 47.25 94.42 1.4
      vertex 41.25 94.42 1.4
      vertex 47.25 94.42 2.6499999999999995
    endloop
  endfacet
  facet normal 0 1 0
    outer loop
      vertex 41.25 94.42 1.4
      vertex 41.25 94.42 2.4
      vertex 47.25 94.42 2.6499999999999995
    endloop
  endfacet
  facet normal 0 -1 0
    outer loop
      vertex 41.25 93.58 2.4
      vertex 47.25 93.58 1.4
      vertex 47.25 93.58 2.6499999999999995
    endloop
  endfacet
  facet normal 0 -1 0
    outer loop
      vertex 40.05 93.58 2.6499999999999995
      vertex 40.05 93.58 2.4
      vertex 41.25 93.58 2.4
    endloop
  endfacet
  facet normal 0 1 0
    outer loop
      vertex 40.05 94.42 2.6499999999999995
      vertex 41.25 94.42 2.4
      vertex 40.05 94.42 2.4
    endloop
  endfacet
  facet normal -1 0 0
    outer loop
      vertex 40.05 94.42 2.6499999999999995
      vertex 40.05 94.42 2.4
      vertex 40.05 93.58 2.6499999999999995
    endloop
  endfacet
  facet normal 0 -1 0
    outer loop
      vertex 40.05 93.58 2.6499999999999995
      vertex 41.25 93.58 2.4
      vertex 47.25 93.58 2.6499999999999995
    endloop
  endfacet
  facet normal 0 1 0
    outer loop
      vertex 40.05 94.42 2.6499999999999995
      vertex 47.25 94.42 2.6499999999999995
      vertex 41.25 94.42 2.4
    endloop
  endfacet
  facet normal 0 0 1
    outer loop
      vertex 40.05 93.58 2.6499999999999995
      vertex 47.25 93.60000000000001 2.6499999999999995
      vertex 40.05 94.42 2.6499999999999995
    endloop
  endfacet
  facet normal 0 0 1
    outer loop
      vertex 40.05 93.58 2.6499999999999995
      vertex 47.25 93.58 2.6499999999999995
      vertex 47.25 93.60000000000001 2.6499999999999995
    endloop
  endfacet
  facet normal 0 0 1
    outer loop
      vertex 40.05 94.42 2.6499999999999995
      vertex 47.25 93.60000000000001 2.6499999999999995
      vertex 47.25 94.4 2.6499999999999995
    endloop
  endfacet
  facet normal 0 0 1
    outer loop
      vertex 40.05 94.42 2.6499999999999995
      vertex 47.25 94.4 2.6499999999999995
      vertex 47.25 94.42 2.6499999999999995
    endloop
  endfacet
  facet normal 0 0 1
    outer loop
      vertex 47.25 94.4 2.6499999999999995
      vertex 47.25 93.60000000000001 2.6499999999999995
      vertex 146 94.4 2.6499999999999995
    endloop
  endfacet
  facet normal 0 0 1
    outer loop
      vertex 47.25 93.60000000000001 2.6499999999999995
      vertex 146 93.60000000000001 2.6499999999999995
      vertex 146 94.4 2.6499999999999995
    endloop
  endfacet
  facet normal -1 0 0
    outer loop
      vertex 40.05 105.42 0.6
      vertex 40.05 104.58 0.6
      vertex 40.05 104.58 2.4
    endloop
  endfacet
  facet normal -1 0 0
    outer loop
      vertex 40.05 104.58 2.6499999999999995
      vertex 40.05 105.42 0.6
      vertex 40.05 104.58 2.4
    endloop
  endfacet
  facet normal 0 -1 0
    outer loop
      vertex 41.25 104.58 1.4
      vertex 47.25 104.58 1.4
      vertex 41.25 104.58 2.4
    endloop
  endfacet
  facet normal 0 -1 0
    outer loop
      vertex 41.25 104.58 2.4
      vertex 47.25 104.58 1.4
      vertex 47.25 104.58 2.6499999999999995
    endloop
  endfacet
  facet normal 0 -1 0
    outer loop
      vertex 40.05 104.58 2.6499999999999995
      vertex 40.05 104.58 2.4
      vertex 41.25 104.58 2.4
    endloop
  endfacet
  facet normal 0 -1 0
    outer loop
      vertex 40.05 104.58 2.6499999999999995
      vertex 41.25 104.58 2.4
      vertex 47.25 104.58 2.6499999999999995
    endloop
  endfacet
  facet normal 0 0 1
    outer loop
      vertex 40.05 104.58 2.6499999999999995
      vertex 47.25 104.60000000000001 2.6499999999999995
      vertex 40.05 105.42 2.6499999999999995
    endloop
  endfacet
  facet normal 0 0 1
    outer loop
      vertex 40.05 104.58 2.6499999999999995
      vertex 47.25 104.58 2.6499999999999995
      vertex 47.25 104.60000000000001 2.6499999999999995
    endloop
  endfacet
  facet normal -1 0 0
    outer loop
      vertex 40.05 104.58 2.6499999999999995
      vertex 40.05 105.42 2.4
      vertex 40.05 105.42 0.6
    endloop
  endfacet
  facet normal 0 1 0
    outer loop
      vertex 47.25 105.42 1.4
      vertex 41.25 105.42 1.4
      vertex 47.25 105.42 2.6499999999999995
    endloop
  endfacet
  facet normal 0 1 0
    outer loop
      vertex 41.25 105.42 1.4
      vertex 41.25 105.42 2.4
      vertex 47.25 105.42 2.6499999999999995
    endloop
  endfacet
  facet normal 0 1 0
    outer loop
      vertex 40.05 105.42 2.6499999999999995
      vertex 41.25 105.42 2.4
      vertex 40.05 105.42 2.4
    endloop
  endfacet
  facet normal -1 0 0
    outer loop
      vertex 40.05 105.42 2.6499999999999995
      vertex 40.05 105.42 2.4
      vertex 40.05 104.58 2.6499999999999995
    endloop
  endfacet
  facet normal 0 1 0
    outer loop
      vertex 40.05 105.42 2.6499999999999995
      vertex 47.25 105.42 2.6499999999999995
      vertex 41.25 105.42 2.4
    endloop
  endfacet
  facet normal 0 0 1
    outer loop
      vertex 40.05 105.42 2.6499999999999995
      vertex 47.25 104.60000000000001 2.6499999999999995
      vertex 47.25 105.4 2.6499999999999995
    endloop
  endfacet
  facet normal 0 0 1
    outer loop
      vertex 40.05 105.42 2.6499999999999995
      vertex 47.25 105.4 2.6499999999999995
      vertex 47.25 105.42 2.6499999999999995
    endloop
  endfacet
  facet normal 0 0 1
    outer loop
      vertex 47.25 104.60000000000001 2.6499999999999995
      vertex 146 104.60000000000001 2.6499999999999995
      vertex 146 105.4 2.6499999999999995
    endloop
  endfacet
  facet normal 0 0 1
    outer loop
      vertex 47.25 105.4 2.6499999999999995
      vertex 47.25 104.60000000000001 2.6499999999999995
      vertex 146 105.4 2.6499999999999995
    endloop
  endfacet
  facet normal -1 0 0
    outer loop
      vertex 40.05 116.42 0.6
      vertex 40.05 115.58 0.6
      vertex 40.05 115.58 2.4
    endloop
  endfacet
  facet normal -1 0 0
    outer loop
      vertex 40.05 115.58 2.6499999999999995
      vertex 40.05 116.42 0.6
      vertex 40.05 115.58 2.4
    endloop
  endfacet
  facet normal -1 0 0
    outer loop
      vertex 40.05 115.58 2.6499999999999995
      vertex 40.05 116.42 2.4
      vertex 40.05 116.42 0.6
    endloop
  endfacet
  facet normal 0 -1 0
    outer loop
      vertex 41.25 115.58 1.4
      vertex 47.25 115.58 1.4
      vertex 41.25 115.58 2.4
    endloop
  endfacet
  facet normal 0 1 0
    outer loop
      vertex 47.25 116.42 1.4
      vertex 41.25 116.42 1.4
      vertex 47.25 116.42 2.6499999999999995
    endloop
  endfacet
  facet normal 0 1 0
    outer loop
      vertex 41.25 116.42 1.4
      vertex 41.25 116.42 2.4
      vertex 47.25 116.42 2.6499999999999995
    endloop
  endfacet
  facet normal 0 -1 0
    outer loop
      vertex 41.25 115.58 2.4
      vertex 47.25 115.58 1.4
      vertex 47.25 115.58 2.6499999999999995
    endloop
  endfacet
  facet normal 0 -1 0
    outer loop
      vertex 40.05 115.58 2.6499999999999995
      vertex 40.05 115.58 2.4
      vertex 41.25 115.58 2.4
    endloop
  endfacet
  facet normal 0 1 0
    outer loop
      vertex 40.05 116.42 2.6499999999999995
      vertex 41.25 116.42 2.4
      vertex 40.05 116.42 2.4
    endloop
  endfacet
  facet normal -1 0 0
    outer loop
      vertex 40.05 116.42 2.6499999999999995
      vertex 40.05 116.42 2.4
      vertex 40.05 115.58 2.6499999999999995
    endloop
  endfacet
  facet normal 0 -1 0
    outer loop
      vertex 40.05 115.58 2.6499999999999995
      vertex 41.25 115.58 2.4
      vertex 47.25 115.58 2.6499999999999995
    endloop
  endfacet
  facet normal 0 1 0
    outer loop
      vertex 40.05 116.42 2.6499999999999995
      vertex 47.25 116.42 2.6499999999999995
      vertex 41.25 116.42 2.4
    endloop
  endfacet
  facet normal 0 0 1
    outer loop
      vertex 40.05 115.58 2.6499999999999995
      vertex 47.25 115.60000000000001 2.6499999999999995
      vertex 40.05 116.42 2.6499999999999995
    endloop
  endfacet
  facet normal 0 0 1
    outer loop
      vertex 40.05 115.58 2.6499999999999995
      vertex 47.25 115.58 2.6499999999999995
      vertex 47.25 115.60000000000001 2.6499999999999995
    endloop
  endfacet
  facet normal 0 0 1
    outer loop
      vertex 40.05 116.42 2.6499999999999995
      vertex 47.25 115.60000000000001 2.6499999999999995
      vertex 47.25 116.4 2.6499999999999995
    endloop
  endfacet
  facet normal 0 0 1
    outer loop
      vertex 40.05 116.42 2.6499999999999995
      vertex 47.25 116.4 2.6499999999999995
      vertex 47.25 116.42 2.6499999999999995
    endloop
  endfacet
  facet normal 0 0 1
    outer loop
      vertex 47.25 116.4 2.6499999999999995
      vertex 47.25 115.60000000000001 2.6499999999999995
      vertex 146 116.4 2.6499999999999995
    endloop
  endfacet
  facet normal 0 0 1
    outer loop
      vertex 47.25 115.60000000000001 2.6499999999999995
      vertex 146 115.60000000000001 2.6499999999999995
      vertex 146 116.4 2.6499999999999995
    endloop
  endfacet
  facet normal -1 0 0
    outer loop
      vertex 40.05 126.58 0.6
      vertex 40.05 127.4 1.5450955891540694
      vertex 40.05 127.42 0.6
    endloop
  endfacet
  facet normal -1 0 0
    outer loop
      vertex 40.05 127.4 1.5450955891540694
      vertex 40.05 127.42 1.5559585492227979
      vertex 40.05 127.42 0.6
    endloop
  endfacet
  facet normal -1 0 0
    outer loop
      vertex 40.05 127.4 2.4
      vertex 40.05 127.4 1.5450955891540694
      vertex 40.05 126.58 0.6
    endloop
  endfacet
  facet normal -1 0 0
    outer loop
      vertex 40.05 127.42 2.6499999999999995
      vertex 40.05 126.58 0.6
      vertex 40.05 126.58 2.4
    endloop
  endfacet
  facet normal -1 0 0
    outer loop
      vertex 40.05 127.42 2.6499999999999995
      vertex 40.05 127.4 2.4
      vertex 40.05 126.58 0.6
    endloop
  endfacet
  facet normal 0 -1 0
    outer loop
      vertex 41.25 126.58 1.4
      vertex 47.25 126.58 1.4
      vertex 41.25 126.58 2.4
    endloop
  endfacet
  facet normal 0 1 0
    outer loop
      vertex 47.25 127.42 1.4
      vertex 41.25 127.42 1.4
      vertex 47.25 127.42 2.6499999999999995
    endloop
  endfacet
  facet normal 0 1 0
    outer loop
      vertex 41.25 127.42 1.4
      vertex 41.25 127.42 2.4
      vertex 47.25 127.42 2.6499999999999995
    endloop
  endfacet
  facet normal 0 -1 0
    outer loop
      vertex 41.25 126.58 2.4
      vertex 47.25 126.58 1.4
      vertex 47.25 126.58 2.6499999999999995
    endloop
  endfacet
  facet normal 0 -1 0
    outer loop
      vertex 40.05 126.58 2.6499999999999995
      vertex 40.05 126.58 2.4
      vertex 41.25 126.58 2.4
    endloop
  endfacet
  facet normal -1 0 0
    outer loop
      vertex 40.05 127.42 2.6499999999999995
      vertex 40.05 127.42 2.4
      vertex 40.05 127.4 2.4
    endloop
  endfacet
  facet normal 0 1 0
    outer loop
      vertex 40.05 127.42 2.6499999999999995
      vertex 41.25 127.42 2.4
      vertex 40.05 127.42 2.4
    endloop
  endfacet
  facet normal -1 0 0
    outer loop
      vertex 40.05 126.58 2.6499999999999995
      vertex 40.05 127.42 2.6499999999999995
      vertex 40.05 126.58 2.4
    endloop
  endfacet
  facet normal 0 -1 0
    outer loop
      vertex 40.05 126.58 2.6499999999999995
      vertex 41.25 126.58 2.4
      vertex 47.25 126.58 2.6499999999999995
    endloop
  endfacet
  facet normal 0 1 0
    outer loop
      vertex 40.05 127.42 2.6499999999999995
      vertex 47.25 127.42 2.6499999999999995
      vertex 41.25 127.42 2.4
    endloop
  endfacet
  facet normal 0 0 1
    outer loop
      vertex 40.05 126.58 2.6499999999999995
      vertex 47.25 126.60000000000001 2.6499999999999995
      vertex 40.05 127.42 2.6499999999999995
    endloop
  endfacet
  facet normal 0 0 1
    outer loop
      vertex 40.05 126.58 2.6499999999999995
      vertex 47.25 126.58 2.6499999999999995
      vertex 47.25 126.60000000000001 2.6499999999999995
    endloop
  endfacet
  facet normal 0 0 1
    outer loop
      vertex 40.05 127.42 2.6499999999999995
      vertex 47.25 126.60000000000001 2.6499999999999995
      vertex 47.25 127.4 2.6499999999999995
    endloop
  endfacet
  facet normal 0 0 1
    outer loop
      vertex 40.05 127.42 2.6499999999999995
      vertex 47.25 127.4 2.6499999999999995
      vertex 47.25 127.42 2.6499999999999995
    endloop
  endfacet
  facet normal 0 0 1
    outer loop
      vertex 47.25 127.4 2.6499999999999995
      vertex 47.25 126.60000000000001 2.6499999999999995
      vertex 146 127.4 2.6499999999999995
    endloop
  endfacet
  facet normal 0 0 1
    outer loop
      vertex 47.25 126.60000000000001 2.6499999999999995
      vertex 146 126.60000000000001 2.6499999999999995
      vertex 146 127.4 2.6499999999999995
    endloop
  endfacet
  facet normal -1 0 0
    outer loop
      vertex 40.05 138.42000000000002 0.6
      vertex 40.05 137.58407766990294 0.6
      vertex 40.05 137.6 0.6380118465103873
    endloop
  endfacet
  facet normal -1 0 0
    outer loop
      vertex 40.05 138.42000000000002 0.6
      vertex 40.05 137.6 0.6380118465103873
      vertex 40.05 138.4 1.5450955891540614
    endloop
  endfacet
  facet normal -1 0 0
    outer loop
      vertex 40.05 137.58133462882827 2.396706110969699
      vertex 40.05 137.58407766990294 0.6
      vertex 40.05 137.58 0.6
    endloop
  endfacet
  facet normal -1 0 0
    outer loop
      vertex 40.05 138.4 1.5450955891540614
      vertex 40.05 138.42000000000002 1.5559585492227979
      vertex 40.05 138.42000000000002 0.6
    endloop
  endfacet
  facet normal -1 0 0
    outer loop
      vertex 40.05 138.4 2.4
      vertex 40.05 138.4 1.5450955891540614
      vertex 40.05 137.6 0.6380118465103873
    endloop
  endfacet
  facet normal -1 0 0
    outer loop
      vertex 40.05 137.58133462882827 2.396706110969699
      vertex 40.05 137.58 0.6
      vertex 40.05 137.58 2.4
    endloop
  endfacet
  facet normal -1 0 0
    outer loop
      vertex 40.05 138.42000000000002 2.6499999999999995
      vertex 40.05 137.6 0.6380118465103873
      vertex 40.05 137.6 2.4
    endloop
  endfacet
  facet normal -1 0 0
    outer loop
      vertex 40.05 138.42000000000002 2.6499999999999995
      vertex 40.05 138.4 2.4
      vertex 40.05 137.6 0.6380118465103873
    endloop
  endfacet
  facet normal 0 -1 0
    outer loop
      vertex 41.25 137.58 1.4
      vertex 47.25 137.58 1.4
      vertex 41.25 137.58 2.4
    endloop
  endfacet
  facet normal 0 1 0
    outer loop
      vertex 47.25 138.42000000000002 1.4
      vertex 41.25 138.42000000000002 1.4
      vertex 47.25 138.42000000000002 2.6499999999999995
    endloop
  endfacet
  facet normal 0 -1 0
    outer loop
      vertex 41.25 137.58 2.4
      vertex 47.25 137.58 1.4
      vertex 47.25 137.58 2.6499999999999995
    endloop
  endfacet
  facet normal 0 1 0
    outer loop
      vertex 41.25 138.42000000000002 1.4
      vertex 41.25 138.42000000000002 2.4
      vertex 47.25 138.42000000000002 2.6499999999999995
    endloop
  endfacet
  facet normal -1 0 0
    outer loop
      vertex 40.05 137.58 2.6499999999999995
      vertex 40.05 137.6 2.4
      vertex 40.05 137.58 2.4
    endloop
  endfacet
  facet normal 0 -1 0
    outer loop
      vertex 40.05 137.58 2.6499999999999995
      vertex 40.05 137.58 2.4
      vertex 41.25 137.58 2.4
    endloop
  endfacet
  facet normal -1 0 0
    outer loop
      vertex 40.05 138.42000000000002 2.6499999999999995
      vertex 40.05 138.42000000000002 2.4
      vertex 40.05 138.4 2.4
    endloop
  endfacet
  facet normal 0 1 0
    outer loop
      vertex 40.05 138.42000000000002 2.6499999999999995
      vertex 41.25 138.42000000000002 2.4
      vertex 40.05 138.42000000000002 2.4
    endloop
  endfacet
  facet normal -1 0 0
    outer loop
      vertex 40.05 137.58 2.6499999999999995
      vertex 40.05 138.42000000000002 2.6499999999999995
      vertex 40.05 137.6 2.4
    endloop
  endfacet
  facet normal 0 -1 0
    outer loop
      vertex 40.05 137.58 2.6499999999999995
      vertex 41.25 137.58 2.4
      vertex 47.25 137.58 2.6499999999999995
    endloop
  endfacet
  facet normal 0 1 0
    outer loop
      vertex 40.05 138.42000000000002 2.6499999999999995
      vertex 47.25 138.42000000000002 2.6499999999999995
      vertex 41.25 138.42000000000002 2.4
    endloop
  endfacet
  facet normal 0 0 1
    outer loop
      vertex 40.05 137.58 2.6499999999999995
      vertex 47.25 137.58 2.6499999999999995
      vertex 47.25 137.6 2.6499999999999995
    endloop
  endfacet
  facet normal 0 0 1
    outer loop
      vertex 40.05 137.58 2.6499999999999995
      vertex 47.25 137.6 2.6499999999999995
      vertex 40.05 138.42000000000002 2.6499999999999995
    endloop
  endfacet
  facet normal 0 0 1
    outer loop
      vertex 40.05 138.42000000000002 2.6499999999999995
      vertex 47.25 137.6 2.6499999999999995
      vertex 47.25 138.4 2.6499999999999995
    endloop
  endfacet
  facet normal 0 0 1
    outer loop
      vertex 40.05 138.42000000000002 2.6499999999999995
      vertex 47.25 138.4 2.6499999999999995
      vertex 47.25 138.42000000000002 2.6499999999999995
    endloop
  endfacet
  facet normal 0 0 1
    outer loop
      vertex 47.25 138.4 2.6499999999999995
      vertex 47.25 137.6 2.6499999999999995
      vertex 146 138.4 2.6499999999999995
    endloop
  endfacet
  facet normal 0 0 1
    outer loop
      vertex 146 138.4 2.6499999999999995
      vertex 47.25 137.6 2.6499999999999995
      vertex 146 137.6 2.6499999999999995
    endloop
  endfacet
  facet normal -1 0 0
    outer loop
      vertex 40.05 149.42000000000002 0.6
      vertex 40.05 148.58407766990294 0.6
      vertex 40.05 148.6 0.6380118465103873
    endloop
  endfacet
  facet normal -1 0 0
    outer loop
      vertex 40.05 149.42000000000002 0.6
      vertex 40.05 148.6 0.6380118465103873
      vertex 40.05 149.4 1.5450955891540614
    endloop
  endfacet
  facet normal -1 0 0
    outer loop
      vertex 40.05 148.58133462882827 2.396706110969699
      vertex 40.05 148.58407766990294 0.6
      vertex 40.05 148.58 0.6
    endloop
  endfacet
  facet normal -1 0 0
    outer loop
      vertex 40.05 149.4 1.5450955891540614
      vertex 40.05 149.42000000000002 1.5559585492227979
      vertex 40.05 149.42000000000002 0.6
    endloop
  endfacet
  facet normal -1 0 0
    outer loop
      vertex 40.05 149.4 1.5450955891540614
      vertex 40.05 148.6 0.6380118465103873
      vertex 40.05 149.4 2.4
    endloop
  endfacet
  facet normal -1 0 0
    outer loop
      vertex 40.05 148.58133462882827 2.396706110969699
      vertex 40.05 148.58 0.6
      vertex 40.05 148.58 2.4
    endloop
  endfacet
  facet normal -1 0 0
    outer loop
      vertex 40.05 149.42000000000002 2.6499999999999995
      vertex 40.05 148.6 0.6380118465103873
      vertex 40.05 148.6 2.4
    endloop
  endfacet
  facet normal -1 0 0
    outer loop
      vertex 40.05 149.42000000000002 2.6499999999999995
      vertex 40.05 149.4 2.4
      vertex 40.05 148.6 0.6380118465103873
    endloop
  endfacet
  facet normal 0 -1 0
    outer loop
      vertex 41.25 148.58 1.4
      vertex 47.25 148.58 1.4
      vertex 41.25 148.58 2.4
    endloop
  endfacet
  facet normal 0 1 0
    outer loop
      vertex 47.25 149.42000000000002 1.4
      vertex 41.25 149.42000000000002 1.4
      vertex 47.25 149.42000000000002 2.6499999999999995
    endloop
  endfacet
  facet normal 0 1 0
    outer loop
      vertex 41.25 149.42000000000002 1.4
      vertex 41.25 149.42000000000002 2.4
      vertex 47.25 149.42000000000002 2.6499999999999995
    endloop
  endfacet
  facet normal 0 -1 0
    outer loop
      vertex 41.25 148.58 2.4
      vertex 47.25 148.58 1.4
      vertex 47.25 148.58 2.6499999999999995
    endloop
  endfacet
  facet normal -1 0 0
    outer loop
      vertex 40.05 148.58 2.6499999999999995
      vertex 40.05 148.6 2.4
      vertex 40.05 148.58 2.4
    endloop
  endfacet
  facet normal 0 -1 0
    outer loop
      vertex 40.05 148.58 2.6499999999999995
      vertex 40.05 148.58 2.4
      vertex 41.25 148.58 2.4
    endloop
  endfacet
  facet normal -1 0 0
    outer loop
      vertex 40.05 149.42000000000002 2.6499999999999995
      vertex 40.05 149.42000000000002 2.4
      vertex 40.05 149.4 2.4
    endloop
  endfacet
  facet normal 0 1 0
    outer loop
      vertex 40.05 149.42000000000002 2.6499999999999995
      vertex 41.25 149.42000000000002 2.4
      vertex 40.05 149.42000000000002 2.4
    endloop
  endfacet
  facet normal -1 0 0
    outer loop
      vertex 40.05 148.58 2.6499999999999995
      vertex 40.05 149.42000000000002 2.6499999999999995
      vertex 40.05 148.6 2.4
    endloop
  endfacet
  facet normal 0 -1 0
    outer loop
      vertex 40.05 148.58 2.6499999999999995
      vertex 41.25 148.58 2.4
      vertex 47.25 148.58 2.6499999999999995
    endloop
  endfacet
  facet normal 0 1 0
    outer loop
      vertex 40.05 149.42000000000002 2.6499999999999995
      vertex 47.25 149.42000000000002 2.6499999999999995
      vertex 41.25 149.42000000000002 2.4
    endloop
  endfacet
  facet normal 0 0 1
    outer loop
      vertex 40.05 148.58 2.6499999999999995
      vertex 47.25 148.6 2.6499999999999995
      vertex 40.05 149.42000000000002 2.6499999999999995
    endloop
  endfacet
  facet normal 0 0 1
    outer loop
      vertex 40.05 148.58 2.6499999999999995
      vertex 47.25 148.58 2.6499999999999995
      vertex 47.25 148.6 2.6499999999999995
    endloop
  endfacet
  facet normal 0 0 1
    outer loop
      vertex 40.05 149.42000000000002 2.6499999999999995
      vertex 47.25 148.6 2.6499999999999995
      vertex 47.25 149.4 2.6499999999999995
    endloop
  endfacet
  facet normal 0 0 1
    outer loop
      vertex 40.05 149.42000000000002 2.6499999999999995
      vertex 47.25 149.4 2.6499999999999995
      vertex 47.25 149.42000000000002 2.6499999999999995
    endloop
  endfacet
  facet normal 0 0 1
    outer loop
      vertex 47.25 149.4 2.6499999999999995
      vertex 47.25 148.6 2.6499999999999995
      vertex 146 149.4 2.6499999999999995
    endloop
  endfacet
  facet normal 0 0 1
    outer loop
      vertex 146 149.4 2.6499999999999995
      vertex 47.25 148.6 2.6499999999999995
      vertex 146 148.6 2.6499999999999995
    endloop
  endfacet
  facet normal -1 0 0
    outer loop
      vertex 40.05 160.42000000000002 0.6
      vertex 40.05 159.58407766990294 0.6
      vertex 40.05 159.6 0.6380118465103873
    endloop
  endfacet
  facet normal -1 0 0
    outer loop
      vertex 40.05 160.42000000000002 0.6
      vertex 40.05 159.6 0.6380118465103873
      vertex 40.05 160.4 1.5450955891540614
    endloop
  endfacet
  facet normal -1 0 0
    outer loop
      vertex 40.05 159.58133462882827 2.396706110969699
      vertex 40.05 159.58407766990294 0.6
      vertex 40.05 159.58 0.6
    endloop
  endfacet
  facet normal -1 0 0
    outer loop
      vertex 40.05 160.4 1.5450955891540614
      vertex 40.05 160.42000000000002 1.5559585492227979
      vertex 40.05 160.42000000000002 0.6
    endloop
  endfacet
  facet normal -1 0 0
    outer loop
      vertex 40.05 160.4 2.4
      vertex 40.05 160.4 1.5450955891540614
      vertex 40.05 159.6 0.6380118465103873
    endloop
  endfacet
  facet normal -1 0 0
    outer loop
      vertex 40.05 159.58133462882827 2.396706110969699
      vertex 40.05 159.58 0.6
      vertex 40.05 159.58 2.4
    endloop
  endfacet
  facet normal -1 0 0
    outer loop
      vertex 40.05 160.42000000000002 2.6499999999999995
      vertex 40.05 159.6 0.6380118465103873
      vertex 40.05 159.6 2.4
    endloop
  endfacet
  facet normal -1 0 0
    outer loop
      vertex 40.05 160.42000000000002 2.6499999999999995
      vertex 40.05 160.4 2.4
      vertex 40.05 159.6 0.6380118465103873
    endloop
  endfacet
  facet normal 0 -1 0
    outer loop
      vertex 41.25 159.58 1.4
      vertex 47.25 159.58 1.4
      vertex 41.25 159.58 2.4
    endloop
  endfacet
  facet normal 0 1 0
    outer loop
      vertex 47.25 160.42000000000002 1.4
      vertex 41.25 160.42000000000002 1.4
      vertex 47.25 160.42000000000002 2.6499999999999995
    endloop
  endfacet
  facet normal 0 1 0
    outer loop
      vertex 41.25 160.42000000000002 1.4
      vertex 41.25 160.42000000000002 2.4
      vertex 47.25 160.42000000000002 2.6499999999999995
    endloop
  endfacet
  facet normal 0 -1 0
    outer loop
      vertex 41.25 159.58 2.4
      vertex 47.25 159.58 1.4
      vertex 47.25 159.58 2.6499999999999995
    endloop
  endfacet
  facet normal -1 0 0
    outer loop
      vertex 40.05 159.58 2.6499999999999995
      vertex 40.05 159.6 2.4
      vertex 40.05 159.58 2.4
    endloop
  endfacet
  facet normal 0 -1 0
    outer loop
      vertex 40.05 159.58 2.6499999999999995
      vertex 40.05 159.58 2.4
      vertex 41.25 159.58 2.4
    endloop
  endfacet
  facet normal -1 0 0
    outer loop
      vertex 40.05 160.42000000000002 2.6499999999999995
      vertex 40.05 160.42000000000002 2.4
      vertex 40.05 160.4 2.4
    endloop
  endfacet
  facet normal 0 1 0
    outer loop
      vertex 40.05 160.42000000000002 2.6499999999999995
      vertex 41.25 160.42000000000002 2.4
      vertex 40.05 160.42000000000002 2.4
    endloop
  endfacet
  facet normal -1 0 0
    outer loop
      vertex 40.05 159.58 2.6499999999999995
      vertex 40.05 160.42000000000002 2.6499999999999995
      vertex 40.05 159.6 2.4
    endloop
  endfacet
  facet normal 0 -1 0
    outer loop
      vertex 40.05 159.58 2.6499999999999995
      vertex 41.25 159.58 2.4
      vertex 47.25 159.58 2.6499999999999995
    endloop
  endfacet
  facet normal 0 1 0
    outer loop
      vertex 40.05 160.42000000000002 2.6499999999999995
      vertex 47.25 160.42000000000002 2.6499999999999995
      vertex 41.25 160.42000000000002 2.4
    endloop
  endfacet
  facet normal 0 0 1
    outer loop
      vertex 40.05 159.58 2.6499999999999995
      vertex 47.25 159.6 2.6499999999999995
      vertex 40.05 160.42000000000002 2.6499999999999995
    endloop
  endfacet
  facet normal 0 0 1
    outer loop
      vertex 40.05 159.58 2.6499999999999995
      vertex 47.25 159.58 2.6499999999999995
      vertex 47.25 159.6 2.6499999999999995
    endloop
  endfacet
  facet normal 0 0 1
    outer loop
      vertex 40.05 160.42000000000002 2.6499999999999995
      vertex 47.25 159.6 2.6499999999999995
      vertex 47.25 160.4 2.6499999999999995
    endloop
  endfacet
  facet normal 0 0 1
    outer loop
      vertex 40.05 160.42000000000002 2.6499999999999995
      vertex 47.25 160.4 2.6499999999999995
      vertex 47.25 160.42000000000002 2.6499999999999995
    endloop
  endfacet
  facet normal 0 0 1
    outer loop
      vertex 47.25 160.4 2.6499999999999995
      vertex 47.25 159.6 2.6499999999999995
      vertex 146 160.4 2.6499999999999995
    endloop
  endfacet
  facet normal 0 0 1
    outer loop
      vertex 146 160.4 2.6499999999999995
      vertex 47.25 159.6 2.6499999999999995
      vertex 146 159.6 2.6499999999999995
    endloop
  endfacet
  facet normal -1 0 0
    outer loop
      vertex 40.05 171.42000000000002 0.6
      vertex 40.05 170.58407766990294 0.6
      vertex 40.05 170.6 0.6380118465103873
    endloop
  endfacet
  facet normal -1 0 0
    outer loop
      vertex 40.05 170.58133462882827 2.396706110969699
      vertex 40.05 170.58407766990294 0.6
      vertex 40.05 170.58 0.6
    endloop
  endfacet
  facet normal -1 0 0
    outer loop
      vertex 40.05 171.42000000000002 0.6
      vertex 40.05 170.6 0.6380118465103873
      vertex 40.05 171.4 1.5450955891540614
    endloop
  endfacet
  facet normal -1 0 0
    outer loop
      vertex 40.05 171.4 1.5450955891540614
      vertex 40.05 171.42000000000002 1.5559585492227979
      vertex 40.05 171.42000000000002 0.6
    endloop
  endfacet
  facet normal -1 0 0
    outer loop
      vertex 40.05 171.4 2.4
      vertex 40.05 171.4 1.5450955891540614
      vertex 40.05 170.6 0.6380118465103873
    endloop
  endfacet
  facet normal -1 0 0
    outer loop
      vertex 40.05 170.58133462882827 2.396706110969699
      vertex 40.05 170.58 0.6
      vertex 40.05 170.58 2.4
    endloop
  endfacet
  facet normal 0 -1 0
    outer loop
      vertex 41.25 170.58 1.4
      vertex 47.25 170.58 1.4
      vertex 41.25 170.58 2.4
    endloop
  endfacet
  facet normal 0 -1 0
    outer loop
      vertex 41.25 170.58 2.4
      vertex 47.25 170.58 1.4
      vertex 47.25 170.58 2.6499999999999995
    endloop
  endfacet
  facet normal -1 0 0
    outer loop
      vertex 40.05 171.42000000000002 2.6499999999999995
      vertex 40.05 170.6 0.6380118465103873
      vertex 40.05 170.6 2.4
    endloop
  endfacet
  facet normal -1 0 0
    outer loop
      vertex 40.05 171.42000000000002 2.6499999999999995
      vertex 40.05 171.4 2.4
      vertex 40.05 170.6 0.6380118465103873
    endloop
  endfacet
  facet normal 0 1 0
    outer loop
      vertex 47.25 171.42000000000002 1.4
      vertex 41.25 171.42000000000002 1.4
      vertex 47.25 171.42000000000002 2.6499999999999995
    endloop
  endfacet
  facet normal 0 1 0
    outer loop
      vertex 41.25 171.42000000000002 1.4
      vertex 41.25 171.42000000000002 2.4
      vertex 47.25 171.42000000000002 2.6499999999999995
    endloop
  endfacet
  facet normal -1 0 0
    outer loop
      vertex 40.05 170.58 2.6499999999999995
      vertex 40.05 170.6 2.4
      vertex 40.05 170.58 2.4
    endloop
  endfacet
  facet normal 0 -1 0
    outer loop
      vertex 40.05 170.58 2.6499999999999995
      vertex 40.05 170.58 2.4
      vertex 41.25 170.58 2.4
    endloop
  endfacet
  facet normal 0 -1 0
    outer loop
      vertex 40.05 170.58 2.6499999999999995
      vertex 41.25 170.58 2.4
      vertex 47.25 170.58 2.6499999999999995
    endloop
  endfacet
  facet normal -1 0 0
    outer loop
      vertex 40.05 171.42000000000002 2.6499999999999995
      vertex 40.05 171.42000000000002 2.4
      vertex 40.05 171.4 2.4
    endloop
  endfacet
  facet normal 0 1 0
    outer loop
      vertex 40.05 171.42000000000002 2.6499999999999995
      vertex 41.25 171.42000000000002 2.4
      vertex 40.05 171.42000000000002 2.4
    endloop
  endfacet
  facet normal -1 0 0
    outer loop
      vertex 40.05 170.58 2.6499999999999995
      vertex 40.05 171.42000000000002 2.6499999999999995
      vertex 40.05 170.6 2.4
    endloop
  endfacet
  facet normal 0 1 0
    outer loop
      vertex 40.05 171.42000000000002 2.6499999999999995
      vertex 47.25 171.42000000000002 2.6499999999999995
      vertex 41.25 171.42000000000002 2.4
    endloop
  endfacet
  facet normal 0 0 1
    outer loop
      vertex 40.05 170.58 2.6499999999999995
      vertex 47.25 170.58 2.6499999999999995
      vertex 47.25 170.6 2.6499999999999995
    endloop
  endfacet
  facet normal 0 0 1
    outer loop
      vertex 40.05 170.58 2.6499999999999995
      vertex 47.25 170.6 2.6499999999999995
      vertex 40.05 171.42000000000002 2.6499999999999995
    endloop
  endfacet
  facet normal 0 0 1
    outer loop
      vertex 40.05 171.42000000000002 2.6499999999999995
      vertex 47.25 170.6 2.6499999999999995
      vertex 47.25 171.4 2.6499999999999995
    endloop
  endfacet
  facet normal 0 0 1
    outer loop
      vertex 40.05 171.42000000000002 2.6499999999999995
      vertex 47.25 171.4 2.6499999999999995
      vertex 47.25 171.42000000000002 2.6499999999999995
    endloop
  endfacet
  facet normal 0 0 1
    outer loop
      vertex 47.25 171.4 2.6499999999999995
      vertex 47.25 170.6 2.6499999999999995
      vertex 146 171.4 2.6499999999999995
    endloop
  endfacet
  facet normal 0 0 1
    outer loop
      vertex 146 171.4 2.6499999999999995
      vertex 47.25 170.6 2.6499999999999995
      vertex 146 170.6 2.6499999999999995
    endloop
  endfacet
  facet normal -1 0 0
    outer loop
      vertex 40.05 182.42000000000002 0.6
      vertex 40.05 181.58407766990294 0.6
      vertex 40.05 181.6 0.6380118465103873
    endloop
  endfacet
  facet normal -1 0 0
    outer loop
      vertex 40.05 182.42000000000002 0.6
      vertex 40.05 181.6 0.6380118465103873
      vertex 40.05 182.4 1.5450955891540614
    endloop
  endfacet
  facet normal -1 0 0
    outer loop
      vertex 40.05 181.58133462882827 2.396706110969699
      vertex 40.05 181.58407766990294 0.6
      vertex 40.05 181.58 0.6
    endloop
  endfacet
  facet normal -1 0 0
    outer loop
      vertex 40.05 182.4 1.5450955891540614
      vertex 40.05 182.42000000000002 1.5559585492227979
      vertex 40.05 182.42000000000002 0.6
    endloop
  endfacet
  facet normal -1 0 0
    outer loop
      vertex 40.05 182.4 2.4
      vertex 40.05 182.4 1.5450955891540614
      vertex 40.05 181.6 0.6380118465103873
    endloop
  endfacet
  facet normal -1 0 0
    outer loop
      vertex 40.05 181.58133462882827 2.396706110969699
      vertex 40.05 181.58 0.6
      vertex 40.05 181.58 2.4
    endloop
  endfacet
  facet normal -1 0 0
    outer loop
      vertex 40.05 182.42000000000002 2.6499999999999995
      vertex 40.05 181.6 0.6380118465103873
      vertex 40.05 181.6 2.4
    endloop
  endfacet
  facet normal -1 0 0
    outer loop
      vertex 40.05 182.42000000000002 2.6499999999999995
      vertex 40.05 182.4 2.4
      vertex 40.05 181.6 0.6380118465103873
    endloop
  endfacet
  facet normal 0 -1 0
    outer loop
      vertex 41.25 181.58 1.4
      vertex 47.25 181.58 1.4
      vertex 41.25 181.58 2.4
    endloop
  endfacet
  facet normal 0 1 0
    outer loop
      vertex 47.25 182.42000000000002 1.4
      vertex 41.25 182.42000000000002 1.4
      vertex 47.25 182.42000000000002 2.6499999999999995
    endloop
  endfacet
  facet normal 0 1 0
    outer loop
      vertex 41.25 182.42000000000002 1.4
      vertex 41.25 182.42000000000002 2.4
      vertex 47.25 182.42000000000002 2.6499999999999995
    endloop
  endfacet
  facet normal 0 -1 0
    outer loop
      vertex 41.25 181.58 2.4
      vertex 47.25 181.58 1.4
      vertex 47.25 181.58 2.6499999999999995
    endloop
  endfacet
  facet normal -1 0 0
    outer loop
      vertex 40.05 181.58 2.6499999999999995
      vertex 40.05 181.6 2.4
      vertex 40.05 181.58 2.4
    endloop
  endfacet
  facet normal 0 -1 0
    outer loop
      vertex 40.05 181.58 2.6499999999999995
      vertex 40.05 181.58 2.4
      vertex 41.25 181.58 2.4
    endloop
  endfacet
  facet normal -1 0 0
    outer loop
      vertex 40.05 182.42000000000002 2.6499999999999995
      vertex 40.05 182.42000000000002 2.4
      vertex 40.05 182.4 2.4
    endloop
  endfacet
  facet normal 0 1 0
    outer loop
      vertex 40.05 182.42000000000002 2.6499999999999995
      vertex 41.25 182.42000000000002 2.4
      vertex 40.05 182.42000000000002 2.4
    endloop
  endfacet
  facet normal -1 0 0
    outer loop
      vertex 40.05 181.58 2.6499999999999995
      vertex 40.05 182.42000000000002 2.6499999999999995
      vertex 40.05 181.6 2.4
    endloop
  endfacet
  facet normal 0 -1 0
    outer loop
      vertex 40.05 181.58 2.6499999999999995
      vertex 41.25 181.58 2.4
      vertex 47.25 181.58 2.6499999999999995
    endloop
  endfacet
  facet normal 0 1 0
    outer loop
      vertex 40.05 182.42000000000002 2.6499999999999995
      vertex 47.25 182.42000000000002 2.6499999999999995
      vertex 41.25 182.42000000000002 2.4
    endloop
  endfacet
  facet normal 0 0 1
    outer loop
      vertex 40.05 181.58 2.6499999999999995
      vertex 47.25 181.6 2.6499999999999995
      vertex 40.05 182.42000000000002 2.6499999999999995
    endloop
  endfacet
  facet normal 0 0 1
    outer loop
      vertex 40.05 181.58 2.6499999999999995
      vertex 47.25 181.58 2.6499999999999995
      vertex 47.25 181.6 2.6499999999999995
    endloop
  endfacet
  facet normal 0 0 1
    outer loop
      vertex 40.05 182.42000000000002 2.6499999999999995
      vertex 47.25 181.6 2.6499999999999995
      vertex 47.25 182.4 2.6499999999999995
    endloop
  endfacet
  facet normal 0 0 1
    outer loop
      vertex 40.05 182.42000000000002 2.6499999999999995
      vertex 47.25 182.4 2.6499999999999995
      vertex 47.25 182.42000000000002 2.6499999999999995
    endloop
  endfacet
  facet normal 0 0 1
    outer loop
      vertex 47.25 182.4 2.6499999999999995
      vertex 47.25 181.6 2.6499999999999995
      vertex 146 182.4 2.6499999999999995
    endloop
  endfacet
  facet normal 0 0 1
    outer loop
      vertex 146 182.4 2.6499999999999995
      vertex 47.25 181.6 2.6499999999999995
      vertex 146 181.6 2.6499999999999995
    endloop
  endfacet
  facet normal -1 0 0
    outer loop
      vertex 40.05 193.42000000000002 0.6
      vertex 40.05 192.58407766990294 0.6
      vertex 40.05 192.6 0.6380118465103873
    endloop
  endfacet
  facet normal -1 0 0
    outer loop
      vertex 40.05 193.42000000000002 0.6
      vertex 40.05 192.6 0.6380118465103873
      vertex 40.05 193.4 1.5450955891540614
    endloop
  endfacet
  facet normal -1 0 0
    outer loop
      vertex 40.05 192.58133462882827 2.396706110969699
      vertex 40.05 192.58407766990294 0.6
      vertex 40.05 192.58 0.6
    endloop
  endfacet
  facet normal -1 0 0
    outer loop
      vertex 40.05 193.4 1.5450955891540614
      vertex 40.05 193.42000000000002 1.5559585492227979
      vertex 40.05 193.42000000000002 0.6
    endloop
  endfacet
  facet normal -1 0 0
    outer loop
      vertex 40.05 193.4 2.4
      vertex 40.05 193.4 1.5450955891540614
      vertex 40.05 192.6 0.6380118465103873
    endloop
  endfacet
  facet normal -1 0 0
    outer loop
      vertex 40.05 192.58133462882827 2.396706110969699
      vertex 40.05 192.58 0.6
      vertex 40.05 192.58 2.4
    endloop
  endfacet
  facet normal -1 0 0
    outer loop
      vertex 40.05 193.42000000000002 2.6499999999999995
      vertex 40.05 192.6 0.6380118465103873
      vertex 40.05 192.6 2.4
    endloop
  endfacet
  facet normal -1 0 0
    outer loop
      vertex 40.05 193.42000000000002 2.6499999999999995
      vertex 40.05 193.4 2.4
      vertex 40.05 192.6 0.6380118465103873
    endloop
  endfacet
  facet normal 0 -1 0
    outer loop
      vertex 41.25 192.58 1.4
      vertex 47.25 192.58 1.4
      vertex 41.25 192.58 2.4
    endloop
  endfacet
  facet normal 0 1 0
    outer loop
      vertex 47.25 193.42000000000002 1.4
      vertex 41.25 193.42000000000002 1.4
      vertex 47.25 193.42000000000002 2.6499999999999995
    endloop
  endfacet
  facet normal 0 1 0
    outer loop
      vertex 41.25 193.42000000000002 1.4
      vertex 41.25 193.42000000000002 2.4
      vertex 47.25 193.42000000000002 2.6499999999999995
    endloop
  endfacet
  facet normal 0 -1 0
    outer loop
      vertex 41.25 192.58 2.4
      vertex 47.25 192.58 1.4
      vertex 47.25 192.58 2.6499999999999995
    endloop
  endfacet
  facet normal -1 0 0
    outer loop
      vertex 40.05 192.58 2.6499999999999995
      vertex 40.05 192.6 2.4
      vertex 40.05 192.58 2.4
    endloop
  endfacet
  facet normal 0 -1 0
    outer loop
      vertex 40.05 192.58 2.6499999999999995
      vertex 40.05 192.58 2.4
      vertex 41.25 192.58 2.4
    endloop
  endfacet
  facet normal -1 0 0
    outer loop
      vertex 40.05 193.42000000000002 2.6499999999999995
      vertex 40.05 193.42000000000002 2.4
      vertex 40.05 193.4 2.4
    endloop
  endfacet
  facet normal 0 1 0
    outer loop
      vertex 40.05 193.42000000000002 2.6499999999999995
      vertex 41.25 193.42000000000002 2.4
      vertex 40.05 193.42000000000002 2.4
    endloop
  endfacet
  facet normal -1 0 0
    outer loop
      vertex 40.05 192.58 2.6499999999999995
      vertex 40.05 193.42000000000002 2.6499999999999995
      vertex 40.05 192.6 2.4
    endloop
  endfacet
  facet normal 0 -1 0
    outer loop
      vertex 40.05 192.58 2.6499999999999995
      vertex 41.25 192.58 2.4
      vertex 47.25 192.58 2.6499999999999995
    endloop
  endfacet
  facet normal 0 1 0
    outer loop
      vertex 40.05 193.42000000000002 2.6499999999999995
      vertex 47.25 193.42000000000002 2.6499999999999995
      vertex 41.25 193.42000000000002 2.4
    endloop
  endfacet
  facet normal 0 0 1
    outer loop
      vertex 40.05 192.58 2.6499999999999995
      vertex 47.25 192.6 2.6499999999999995
      vertex 40.05 193.42000000000002 2.6499999999999995
    endloop
  endfacet
  facet normal 0 0 1
    outer loop
      vertex 40.05 192.58 2.6499999999999995
      vertex 47.25 192.58 2.6499999999999995
      vertex 47.25 192.6 2.6499999999999995
    endloop
  endfacet
  facet normal 0 0 1
    outer loop
      vertex 40.05 193.42000000000002 2.6499999999999995
      vertex 47.25 192.6 2.6499999999999995
      vertex 47.25 193.4 2.6499999999999995
    endloop
  endfacet
  facet normal 0 0 1
    outer loop
      vertex 40.05 193.42000000000002 2.6499999999999995
      vertex 47.25 193.4 2.6499999999999995
      vertex 47.25 193.42000000000002 2.6499999999999995
    endloop
  endfacet
  facet normal 0 0 1
    outer loop
      vertex 47.25 193.4 2.6499999999999995
      vertex 47.25 192.6 2.6499999999999995
      vertex 146 193.4 2.6499999999999995
    endloop
  endfacet
  facet normal 0 0 1
    outer loop
      vertex 146 193.4 2.6499999999999995
      vertex 47.25 192.6 2.6499999999999995
      vertex 146 192.6 2.6499999999999995
    endloop
  endfacet
  facet normal 0 -1 0
    outer loop
      vertex 12.25 5.8 0.6
      vertex 33.46 5.8 0.6
      vertex 33.45 5.8 1.29
    endloop
  endfacet
  facet normal 0 1 0
    outer loop
      vertex 33.46 6.6 0.6
      vertex 12.25 6.6 0.6
      vertex 33.46 6.6 1.29
    endloop
  endfacet
  facet normal 1 0 0
    outer loop
      vertex 33.46 5.8 0.6
      vertex 33.46 6.6 0.6
      vertex 33.46 5.8 1.29
    endloop
  endfacet
  facet normal 0 -1 0
    outer loop
      vertex 12.25 5.8 0.6
      vertex 33.45 5.8 1.29
      vertex 12.25 5.8 1.29
    endloop
  endfacet
  facet normal 0 1 0
    outer loop
      vertex 12.25 6.6 1.2899999999999998
      vertex 33.46 6.6 1.29
      vertex 12.25 6.6 0.6
    endloop
  endfacet
  facet normal 0 -1 0
    outer loop
      vertex 33.46 5.8 0.6
      vertex 33.46 5.8 1.29
      vertex 33.45 5.8 1.29
    endloop
  endfacet
  facet normal 1 0 0
    outer loop
      vertex 33.46 6.6 0.6
      vertex 33.46 6.6 1.29
      vertex 33.46 5.8 1.29
    endloop
  endfacet
  facet normal 0 -1 0
    outer loop
      vertex 12.25 5.8 1.29
      vertex 22.865337423312887 5.8 1.697484662576687
      vertex 12.25 5.8 1.2938028169014084
    endloop
  endfacet
  facet normal 1.0468863975720476e-17 0 -1
    outer loop
      vertex 12.25 6.6 1.2899999999999998
      vertex 12.25 7.9 1.2899999999999998
      vertex 33.46 6.6 1.29
    endloop
  endfacet
  facet normal 1.0473802119105248e-17 8.056770860848584e-20 -1
    outer loop
      vertex 12.25 7.9 1.2899999999999998
      vertex 33.45 7.9 1.29
      vertex 33.46 6.6 1.29
    endloop
  endfacet
  facet normal 0 0 -1
    outer loop
      vertex 33.46 6.6 1.29
      vertex 33.45 7.9 1.29
      vertex 33.46 7.896111111111113 1.29
    endloop
  endfacet
  facet normal -2.220446049250755e-14 -5.709718412359663e-14 -1
    outer loop
      vertex 33.45 7.9 1.29
      vertex 33.46 7.9 1.2899999999999998
      vertex 33.46 7.896111111111113 1.29
    endloop
  endfacet
  facet normal 0 -1 0
    outer loop
      vertex 12.25 5.8 1.29
      vertex 33.45 5.8 1.29
      vertex 22.865337423312887 5.8 1.697484662576687
    endloop
  endfacet
  facet normal 0 1 0
    outer loop
      vertex 33.45 7.9 1.29
      vertex 33.45 7.9 2.0999999999999996
      vertex 33.46 7.9 1.2899999999999998
    endloop
  endfacet
  facet normal 1 0 0
    outer loop
      vertex 33.46 7.896111111111113 1.29
      vertex 33.46 7.9 1.2899999999999998
      vertex 33.46 7.9 2.0999999999999996
    endloop
  endfacet
  facet normal 0 1 0
    outer loop
      vertex 33.46 7.9 1.2899999999999998
      vertex 33.45 7.9 2.0999999999999996
      vertex 33.46 7.9 2.0999999999999996
    endloop
  endfacet
  facet normal 1 0 0
    outer loop
      vertex 33.46 7.896111111111113 1.29
      vertex 33.46 7.9 2.0999999999999996
      vertex 33.46 7.896111111111113 2.0999999999999996
    endloop
  endfacet
  facet normal 0 0 1
    outer loop
      vertex 33.45 7.9 2.0999999999999996
      vertex 33.46 7.896111111111113 2.0999999999999996
      vertex 33.46 7.9 2.0999999999999996
    endloop
  endfacet
  facet normal 0 -1 0
    outer loop
      vertex 12.25 5.8 1.2938028169014084
      vertex 22.865337423312887 5.8 1.697484662576687
      vertex 12.25 5.8 2.1100000000000003
    endloop
  endfacet
  facet normal 0 0 -1
    outer loop
      vertex 33.46 5.8 1.29
      vertex 33.46 6.6 1.29
      vertex 37.95 6.1499999999999995 1.29
    endloop
  endfacet
  facet normal 0 0 -1
    outer loop
      vertex 33.46 5.8 1.29
      vertex 37.95 6.1499999999999995 1.29
      vertex 37.95 5.8 1.29
    endloop
  endfacet
  facet normal 0 0 -1
    outer loop
      vertex 33.46 6.6 1.29
      vertex 33.46 7.896111111111113 1.29
      vertex 37.95 6.1499999999999995 1.29
    endloop
  endfacet
  facet normal 0 1 0
    outer loop
      vertex 12.25 7.9 1.2899999999999998
      vertex 12.25 7.9 2.1100000000000003
      vertex 33.45 7.9 1.29
    endloop
  endfacet
  facet normal 0 -1 0
    outer loop
      vertex 33.45 5.8 1.29
      vertex 37.95 5.8 2.1100000000000003
      vertex 22.865337423312887 5.8 1.697484662576687
    endloop
  endfacet
  facet normal 0 -1 0
    outer loop
      vertex 33.45 5.8 1.29
      vertex 33.46 5.8 1.29
      vertex 37.95 5.8 2.1100000000000003
    endloop
  endfacet
  facet normal 0 -1 0
    outer loop
      vertex 33.46 5.8 1.29
      vertex 37.95 5.8 1.29
      vertex 37.95 5.8 2.1100000000000003
    endloop
  endfacet
  facet normal 0.36244626115494866 0.9320046715412958 7.165645469148381e-17
    outer loop
      vertex 33.46 7.896111111111113 1.29
      vertex 37.95 6.1499999999999995 2.1100000000000003
      vertex 37.95 6.1499999999999995 1.29
    endloop
  endfacet
  facet normal 1 0 0
    outer loop
      vertex 37.95 5.8 1.29
      vertex 37.95 6.1499999999999995 1.29
      vertex 37.95 5.8 2.1100000000000003
    endloop
  endfacet
  facet normal 0 1 0
    outer loop
      vertex 33.45 7.9 1.29
      vertex 12.25 7.9 2.1100000000000003
      vertex 33.45 7.9 2.0999999999999996
    endloop
  endfacet
  facet normal 0 0 1
    outer loop
      vertex 12.25 5.8 2.1100000000000003
      vertex 33.45 7.9 2.1100000000000003
      vertex 12.25 7.9 2.1100000000000003
    endloop
  endfacet
  facet normal 0 -1 0
    outer loop
      vertex 22.865337423312887 5.8 1.697484662576687
      vertex 37.95 5.8 2.1100000000000003
      vertex 12.25 5.8 2.1100000000000003
    endloop
  endfacet
  facet normal 0 1 0
    outer loop
      vertex 12.25 7.9 2.1100000000000003
      vertex 33.45 7.9 2.1100000000000003
      vertex 33.45 7.9 2.0999999999999996
    endloop
  endfacet
  facet normal 0.3624462611549486 0.9320046715412957 0
    outer loop
      vertex 33.46 7.896111111111113 1.29
      vertex 33.46 7.896111111111113 2.0999999999999996
      vertex 37.95 6.1499999999999995 2.1100000000000003
    endloop
  endfacet
  facet normal 0 0 1
    outer loop
      vertex 12.25 5.8 2.1100000000000003
      vertex 37.95 5.8 2.1100000000000003
      vertex 33.45 7.9 2.1100000000000003
    endloop
  endfacet
  facet normal 0.36244626115491646 0.9320046715413083 0
    outer loop
      vertex 33.45 7.9 2.0999999999999996
      vertex 33.45 7.9 2.1100000000000003
      vertex 33.46 7.896111111111113 2.0999999999999996
    endloop
  endfacet
  facet normal 0.3624462611549486 0.9320046715412958 3.6976619709875665e-14
    outer loop
      vertex 33.46 7.896111111111113 2.0999999999999996
      vertex 33.45 7.9 2.1100000000000003
      vertex 37.95 6.1499999999999995 2.1100000000000003
    endloop
  endfacet
  facet normal 0 0 1
    outer loop
      vertex 33.45 7.9 2.1100000000000003
      vertex 37.95 5.8 2.1100000000000003
      vertex 37.95 6.1499999999999995 2.1100000000000003
    endloop
  endfacet
  facet normal 1 0 0
    outer loop
      vertex 37.95 6.1499999999999995 1.29
      vertex 37.95 6.1499999999999995 2.1100000000000003
      vertex 37.95 5.8 2.1100000000000003
    endloop
  endfacet
  facet normal 0 -1 0
    outer loop
      vertex 12.25 16.4 0.6
      vertex 33.46 16.4 0.6
      vertex 33.46 16.4 1.29
    endloop
  endfacet
  facet normal 1 0 0
    outer loop
      vertex 33.46 16.4 0.6
      vertex 33.46 16.8 0.6
      vertex 33.46 16.4 1.29
    endloop
  endfacet
  facet normal 0 -1 0
    outer loop
      vertex 12.25 16.4 0.6
      vertex 33.46 16.4 1.29
      vertex 12.25 16.4 1.2899999999999998
    endloop
  endfacet
  facet normal 1 0 0
    outer loop
      vertex 33.46 16.8 0.6
      vertex 33.46 16.8 1.1174999999999993
      vertex 33.46 16.4 1.29
    endloop
  endfacet
  facet normal 1 0 0
    outer loop
      vertex 33.46 17.2 0.6
      vertex 33.46 17.2 1.2899999999999998
      vertex 33.46 16.8 1.1174999999999993
    endloop
  endfacet
  facet normal 1 0 0
    outer loop
      vertex 33.46 16.8 1.1174999999999993
      vertex 33.46 17.2 1.2899999999999998
      vertex 33.46 16.4 1.29
    endloop
  endfacet
  facet normal 0 0 -1
    outer loop
      vertex 12.25 15.099999999999998 1.2899999999999998
      vertex 12.25 16.4 1.2899999999999998
      vertex 33.46 15.099999999999998 1.2899999999999998
    endloop
  endfacet
  facet normal 3.4995916718831568e-15 5.709718412357055e-14 -1
    outer loop
      vertex 33.46 15.099999999999998 1.2899999999999998
      vertex 12.25 16.4 1.2899999999999998
      vertex 33.46 15.103888888888887 1.29
    endloop
  endfacet
  facet normal 1.0468863975720475e-17 0 -1
    outer loop
      vertex 33.46 15.103888888888887 1.29
      vertex 12.25 16.4 1.2899999999999998
      vertex 33.46 16.4 1.29
    endloop
  endfacet
  facet normal 0 -1 0
    outer loop
      vertex 12.25 15.099999999999998 1.2899999999999998
      vertex 33.46 15.099999999999998 1.2899999999999998
      vertex 33.46 15.099999999999998 2.0999999999999996
    endloop
  endfacet
  facet normal 1 0 0
    outer loop
      vertex 33.46 15.099999999999998 1.2899999999999998
      vertex 33.46 15.103888888888887 1.29
      vertex 33.46 15.103888888888887 2.0999999999999996
    endloop
  endfacet
  facet normal 0 -1 2.1930331350620383e-15
    outer loop
      vertex 12.25 15.099999999999998 1.2899999999999998
      vertex 33.45 15.1 2.0999999999999996
      vertex 12.25 15.1 2.0999999999999996
    endloop
  endfacet
  facet normal -1.776356839400863e-13 -1 4.651423279468187e-12
    outer loop
      vertex 12.25 15.099999999999998 1.2899999999999998
      vertex 33.46 15.099999999999998 2.0999999999999996
      vertex 33.45 15.1 2.0999999999999996
    endloop
  endfacet
  facet normal 1 0 0
    outer loop
      vertex 33.46 15.099999999999998 1.2899999999999998
      vertex 33.46 15.103888888888887 2.0999999999999996
      vertex 33.46 15.099999999999998 2.0999999999999996
    endloop
  endfacet
  facet normal 0 0 1
    outer loop
      vertex 33.46 15.099999999999998 2.0999999999999996
      vertex 33.46 15.103888888888887 2.0999999999999996
      vertex 33.45 15.1 2.0999999999999996
    endloop
  endfacet
  facet normal 0 0 -1
    outer loop
      vertex 33.46 15.103888888888887 1.29
      vertex 33.46 16.4 1.29
      vertex 37.95 17.2 1.29
    endloop
  endfacet
  facet normal 0 0 -1
    outer loop
      vertex 33.46 15.103888888888887 1.29
      vertex 37.95 17.2 1.29
      vertex 37.821428571428584 16.8 1.29
    endloop
  endfacet
  facet normal 5.0910980493783657e-17 -2.775557561562889e-16 -1
    outer loop
      vertex 33.46 16.4 1.29
      vertex 33.46 17.2 1.2899999999999998
      vertex 37.821428571428584 17.2 1.29
    endloop
  endfacet
  facet normal 0 0 -1
    outer loop
      vertex 33.46 16.4 1.29
      vertex 37.821428571428584 17.2 1.29
      vertex 37.95 17.2 1.29
    endloop
  endfacet
  facet normal 0.362446261154948 -0.9320046715412961 0
    outer loop
      vertex 33.46 15.103888888888887 1.29
      vertex 37.821428571428584 16.8 1.29
      vertex 33.46 15.103888888888887 2.0999999999999996
    endloop
  endfacet
  facet normal 0 0 -1
    outer loop
      vertex 37.821428571428584 16.8 1.29
      vertex 37.95 17.2 1.29
      vertex 37.95 16.849999999999998 1.29
    endloop
  endfacet
  facet normal 1 0 0
    outer loop
      vertex 37.95 16.849999999999998 1.29
      vertex 37.95 17.2 1.29
      vertex 37.95 17.150000000000002 1.4071428571428501
    endloop
  endfacet
  facet normal 0 1 0
    outer loop
      vertex 37.821428571428584 17.2 1.29
      vertex 37.95 17.2 2.1100000000000003
      vertex 37.95 17.2 1.29
    endloop
  endfacet
  facet normal 1 0 0
    outer loop
      vertex 37.95 16.849999999999998 1.29
      vertex 37.95 17.150000000000002 1.4071428571428501
      vertex 37.95 16.849999999999998 2.1100000000000003
    endloop
  endfacet
  facet normal 1 0 0
    outer loop
      vertex 37.95 17.2 1.29
      vertex 37.95 17.2 2.1100000000000003
      vertex 37.95 17.150000000000002 1.4071428571428501
    endloop
  endfacet
  facet normal 0 -1 0
    outer loop
      vertex 12.25 15.1 2.0999999999999996
      vertex 33.45 15.1 2.1100000000000003
      vertex 12.25 15.1 2.1100000000000003
    endloop
  endfacet
  facet normal 0 0 1
    outer loop
      vertex 12.25 15.1 2.1100000000000003
      vertex 37.21285714285719 16.8 2.1100000000000003
      vertex 12.25 16.8001698204755 2.1100000000000003
    endloop
  endfacet
  facet normal 0 -1 0
    outer loop
      vertex 12.25 15.1 2.0999999999999996
      vertex 33.45 15.1 2.0999999999999996
      vertex 33.45 15.1 2.1100000000000003
    endloop
  endfacet
  facet normal 0 0 1
    outer loop
      vertex 12.25 15.1 2.1100000000000003
      vertex 33.45 15.1 2.1100000000000003
      vertex 37.21285714285719 16.8 2.1100000000000003
    endloop
  endfacet
  facet normal 0.36244626115494805 -0.9320046715412961 0
    outer loop
      vertex 37.821428571428584 16.8 1.29
      vertex 37.821428571428584 16.8 2.1100000000000003
      vertex 33.46 15.103888888888887 2.0999999999999996
    endloop
  endfacet
  facet normal 0 0 1
    outer loop
      vertex 12.25 16.8001698204755 2.1100000000000003
      vertex 37.21285714285719 16.8 2.1100000000000003
      vertex 37.85645395213924 16.843654822335022 2.1100000000000003
    endloop
  endfacet
  facet normal 0.36244626115491646 -0.9320046715413083 1.5840210825559502e-11
    outer loop
      vertex 33.45 15.1 2.0999999999999996
      vertex 33.46 15.103888888888887 2.0999999999999996
      vertex 37.821428571428584 16.8 2.1100000000000003
    endloop
  endfacet
  facet normal 0.3624462611549479 -0.9320046715412961 0
    outer loop
      vertex 33.45 15.1 2.0999999999999996
      vertex 37.821428571428584 16.8 2.1100000000000003
      vertex 33.45 15.1 2.1100000000000003
    endloop
  endfacet
  facet normal 0 0 1
    outer loop
      vertex 33.45 15.1 2.1100000000000003
      vertex 37.821428571428584 16.8 2.1100000000000003
      vertex 37.21285714285719 16.8 2.1100000000000003
    endloop
  endfacet
  facet normal 0 1 0
    outer loop
      vertex 37.821428571428584 17.2 1.29
      vertex 37.821428571428584 17.2 2.1100000000000003
      vertex 37.95 17.2 2.1100000000000003
    endloop
  endfacet
  facet normal 1 0 0
    outer loop
      vertex 37.95 17.150000000000002 1.4071428571428501
      vertex 37.95 17.2 2.1100000000000003
      vertex 37.95 17.150000000000002 2.1100000000000003
    endloop
  endfacet
  facet normal 0 0 1
    outer loop
      vertex 37.85645395213924 16.843654822335022 2.1100000000000003
      vertex 37.95 16.849999999999998 2.1100000000000003
      vertex 37.839649272882816 16.851497005988023 2.1100000000000003
    endloop
  endfacet
  facet normal 0 0 1
    outer loop
      vertex 37.821428571428584 17.2 2.1100000000000003
      vertex 37.95 17.150000000000002 2.1100000000000003
      vertex 37.95 17.2 2.1100000000000003
    endloop
  endfacet
  facet normal 0 -1 0
    outer loop
      vertex 41.25 6.4 0.6
      vertex 47.25 6.4 0.6
      vertex 41.25 6.4 1.4
    endloop
  endfacet
  facet normal 0 1 0
    outer loop
      vertex 41.25 7.2 0.6
      vertex 47.25 7.2 1.4
      vertex 47.25 7.2 0.6
    endloop
  endfacet
  facet normal 0 -1 0
    outer loop
      vertex 47.25 6.4 0.6
      vertex 47.25 6.4 1.4
      vertex 41.25 6.4 1.4
    endloop
  endfacet
  facet normal 0 1 0
    outer loop
      vertex 41.25 7.2 0.6
      vertex 41.25 7.2 1.4
      vertex 47.25 7.2 1.4
    endloop
  endfacet
  facet normal 0 0 1
    outer loop
      vertex 41.25 6.4 1.4
      vertex 47.25 6.4 1.4
      vertex 41.25 7.2 1.4
    endloop
  endfacet
  facet normal 0 0 1
    outer loop
      vertex 41.25 7.2 1.4
      vertex 47.25 6.4 1.4
      vertex 47.25 7.2 1.4
    endloop
  endfacet
  facet normal 0 -1 0
    outer loop
      vertex 41.25 15.8 0.6
      vertex 47.25 15.8 0.6
      vertex 41.25 15.8 1.4
    endloop
  endfacet
  facet normal 0 -1 0
    outer loop
      vertex 47.25 15.8 0.6
      vertex 47.25 15.8 1.4
      vertex 41.25 15.8 1.4
    endloop
  endfacet
  facet normal 0 0 1
    outer loop
      vertex 41.25 15.8 1.4
      vertex 47.25 15.8 1.4
      vertex 41.25 16.58 1.4
    endloop
  endfacet
  facet normal 0 0 1
    outer loop
      vertex 47.25 15.8 1.4
      vertex 47.25 16.58 1.4
      vertex 41.25 16.58 1.4
    endloop
  endfacet
  facet normal -1 0 0
    outer loop
      vertex 47.25 6.4 1.4
      vertex 47.25 7.2 2.63
      vertex 47.25 7.2 1.4
    endloop
  endfacet
  facet normal -1 0 0
    outer loop
      vertex 47.25 6.4 1.4
      vertex 47.25 6.4 2.63
      vertex 47.25 7.2 2.6499999999999995
    endloop
  endfacet
  facet normal -1 0 0
    outer loop
      vertex 47.25 6.4 1.4
      vertex 47.25 7.2 2.6499999999999995
      vertex 47.25 7.2 2.63
    endloop
  endfacet
  facet normal -1 0 0
    outer loop
      vertex 47.25 6.4 2.63
      vertex 47.25 6.4 2.6499999999999995
      vertex 47.25 7.2 2.6499999999999995
    endloop
  endfacet
  facet normal 0 -1 0
    outer loop
      vertex 47.25 6.4 0.6
      vertex 146 6.4 0.6
      vertex 47.25 6.4 1.4
    endloop
  endfacet
  facet normal 0 1 0
    outer loop
      vertex 47.25 7.2 0.6
      vertex 47.25 7.2 1.4
      vertex 146 7.2 0.6
    endloop
  endfacet
  facet normal 0 1 0
    outer loop
      vertex 47.25 7.2 1.4
      vertex 47.25 7.2 2.63
      vertex 146 7.2 0.6
    endloop
  endfacet
  facet normal 0 -1 0
    outer loop
      vertex 47.25 6.4 1.4
      vertex 146 6.4 0.6
      vertex 145.0511650485437 6.4 2.63
    endloop
  endfacet
  facet normal 0 -1 0
    outer loop
      vertex 47.25 6.4 1.4
      vertex 145.0511650485437 6.4 2.63
      vertex 47.25 6.4 2.63
    endloop
  endfacet
  facet normal 0 1 0
    outer loop
      vertex 47.25 7.2 2.63
      vertex 146 7.2 2.63
      vertex 146 7.2 0.6
    endloop
  endfacet
  facet normal 0 -1 0
    outer loop
      vertex 146 6.4 0.6
      vertex 146 6.4 2.6497914135277436
      vertex 145.0511650485437 6.4 2.63
    endloop
  endfacet
  facet normal -1 0 0
    outer loop
      vertex 47.25 7.2 2.63
      vertex 47.25 7.2 2.6499999999999995
      vertex 47.25 8.5 2.63
    endloop
  endfacet
  facet normal -1 0 0
    outer loop
      vertex 47.25 8.5 2.63
      vertex 47.25 7.2 2.6499999999999995
      vertex 47.25 8.5 3.44
    endloop
  endfacet
  facet normal -1 0 0
    outer loop
      vertex 47.25 6.4 2.6499999999999995
      vertex 47.25 6.4 3.44
      vertex 47.25 7.2 2.6499999999999995
    endloop
  endfacet
  facet normal -1 0 0
    outer loop
      vertex 47.25 7.2 2.6499999999999995
      vertex 47.25 6.4 3.44
      vertex 47.25 8.5 3.44
    endloop
  endfacet
  facet normal 0 0 -1
    outer loop
      vertex 47.25 7.2 2.63
      vertex 47.25 8.5 2.63
      vertex 146 7.2 2.63
    endloop
  endfacet
  facet normal 0 -1 0
    outer loop
      vertex 47.25 6.4 2.63
      vertex 146 6.4 3.44
      vertex 47.25 6.4 2.6499999999999995
    endloop
  endfacet
  facet normal 0 1 0
    outer loop
      vertex 47.25 8.5 2.63
      vertex 47.25 8.5 3.44
      vertex 146 8.5 2.63
    endloop
  endfacet
  facet normal 0 -1 0
    outer loop
      vertex 47.25 6.4 2.6499999999999995
      vertex 146 6.4 3.44
      vertex 47.25 6.4 3.44
    endloop
  endfacet
  facet normal 0 0 1
    outer loop
      vertex 47.25 6.4 3.44
      vertex 146 8.5 3.44
      vertex 47.25 8.5 3.44
    endloop
  endfacet
  facet normal 0 0 -1
    outer loop
      vertex 47.25 8.5 2.63
      vertex 146 8.5 2.63
      vertex 146 7.2 2.63
    endloop
  endfacet
  facet normal 0 -1 0
    outer loop
      vertex 47.25 6.4 2.63
      vertex 145.0511650485437 6.4 2.63
      vertex 146 6.4 3.44
    endloop
  endfacet
  facet normal 0 1 0
    outer loop
      vertex 47.25 8.5 3.44
      vertex 146 8.5 3.44
      vertex 146 8.5 2.63
    endloop
  endfacet
  facet normal 0 0 1
    outer loop
      vertex 47.25 6.4 3.44
      vertex 146 6.4 3.44
      vertex 146 8.5 3.44
    endloop
  endfacet
  facet normal 0 -1 0
    outer loop
      vertex 145.0511650485437 6.4 2.63
      vertex 146 6.4 2.6497914135277436
      vertex 146 6.4 3.44
    endloop
  endfacet
  facet normal -1 0 0
    outer loop
      vertex 47.25 15.8 1.4
      vertex 47.25 15.8 2.63
      vertex 47.25 16.58 1.4
    endloop
  endfacet
  facet normal -1 0 0
    outer loop
      vertex 47.25 15.8 2.63
      vertex 47.25 15.8 2.6499999999999995
      vertex 47.25 16.58 1.4
    endloop
  endfacet
  facet normal -1 0 0
    outer loop
      vertex 47.25 15.8 2.6499999999999995
      vertex 47.25 16.58 2.6499999999999995
      vertex 47.25 16.58 1.4
    endloop
  endfacet
  facet normal 0 -1 0
    outer loop
      vertex 47.25 15.8 0.6
      vertex 146 15.8 0.6
      vertex 47.25 15.8 1.4
    endloop
  endfacet
  facet normal 0 -1 0
    outer loop
      vertex 47.25 15.8 1.4
      vertex 146 15.8 0.6
      vertex 47.25 15.8 2.63
    endloop
  endfacet
  facet normal 0 -1 0
    outer loop
      vertex 47.25 15.8 2.63
      vertex 146 15.8 0.6
      vertex 146 15.8 2.63
    endloop
  endfacet
  facet normal -1 0 0
    outer loop
      vertex 47.25 14.5 2.63
      vertex 47.25 15.8 2.6499999999999995
      vertex 47.25 15.8 2.63
    endloop
  endfacet
  facet normal -1 0 0
    outer loop
      vertex 47.25 14.5 2.63
      vertex 47.25 16.6 3.44
      vertex 47.25 15.8 2.6499999999999995
    endloop
  endfacet
  facet normal -1 0 0
    outer loop
      vertex 47.25 15.8 2.6499999999999995
      vertex 47.25 16.6 3.44
      vertex 47.25 16.58 2.6499999999999995
    endloop
  endfacet
  facet normal -1 0 0
    outer loop
      vertex 47.25 16.6 3.44
      vertex 47.25 16.6 2.6499999999999995
      vertex 47.25 16.58 2.6499999999999995
    endloop
  endfacet
  facet normal -1 0 0
    outer loop
      vertex 47.25 14.5 2.63
      vertex 47.25 14.5 3.44
      vertex 47.25 16.6 3.44
    endloop
  endfacet
  facet normal 0 0 -1
    outer loop
      vertex 47.25 14.5 2.63
      vertex 47.25 15.8 2.63
      vertex 146 14.5 2.63
    endloop
  endfacet
  facet normal 0 -1 0
    outer loop
      vertex 47.25 14.5 2.63
      vertex 146 14.5 3.44
      vertex 47.25 14.5 3.44
    endloop
  endfacet
  facet normal 0 1 0
    outer loop
      vertex 47.25 16.6 3.44
      vertex 146 16.6 3.44
      vertex 47.25 16.6 2.6499999999999995
    endloop
  endfacet
  facet normal 0 0 1
    outer loop
      vertex 47.25 14.5 3.44
      vertex 146 16.6 3.44
      vertex 47.25 16.6 3.44
    endloop
  endfacet
  facet normal 0 0 -1
    outer loop
      vertex 47.25 15.8 2.63
      vertex 146 15.8 2.63
      vertex 146 14.5 2.63
    endloop
  endfacet
  facet normal 0 -1 0
    outer loop
      vertex 47.25 14.5 2.63
      vertex 146 14.5 2.63
      vertex 146 14.5 3.44
    endloop
  endfacet
  facet normal 0 1 0
    outer loop
      vertex 146 16.6 3.44
      vertex 146 16.6 2.6499999999999995
      vertex 47.25 16.6 2.6499999999999995
    endloop
  endfacet
  facet normal 0 0 1
    outer loop
      vertex 47.25 14.5 3.44
      vertex 146 14.5 3.44
      vertex 146 16.6 3.44
    endloop
  endfacet
  facet normal 1 0 0
    outer loop
      vertex 41.25 7.2 0.6
      vertex 41.25 15.8 0.6
      vertex 41.25 7.2 1.4
    endloop
  endfacet
  facet normal 0 -1 0
    outer loop
      vertex 40.05 6.4 0.6
      vertex 41.25 6.4 0.6
      vertex 40.05 6.4 2.4
    endloop
  endfacet
  facet normal 1 0 0
    outer loop
      vertex 41.25 15.8 0.6
      vertex 41.25 15.8 1.4
      vertex 41.25 7.2 1.4
    endloop
  endfacet
  facet normal -1 0 0
    outer loop
      vertex 40.05 6.4 0.6
      vertex 40.05 6.4 2.4
      vertex 40.05 16.58 0.6
    endloop
  endfacet
  facet normal -1 0 0
    outer loop
      vertex 40.05 16.58133462882828 2.3967061109696957
      vertex 40.05 16.6 0.6380118465104373
      vertex 40.05 16.58407766990291 0.6
    endloop
  endfacet
  facet normal 0 -1 0
    outer loop
      vertex 41.25 6.4 0.6
      vertex 41.25 6.4 1.4
      vertex 40.05 6.4 2.4
    endloop
  endfacet
  facet normal 1 0 0
    outer loop
      vertex 41.25 6.4 1.4
      vertex 41.25 7.2 1.4
      vertex 41.25 6.4 2.4
    endloop
  endfacet
  facet normal 1 0 0
    outer loop
      vertex 41.25 7.2 1.4
      vertex 41.25 15.8 1.4
      vertex 41.25 6.4 2.4
    endloop
  endfacet
  facet normal 0 -1 0
    outer loop
      vertex 41.25 6.4 1.4
      vertex 41.25 6.4 2.4
      vertex 40.05 6.4 2.4
    endloop
  endfacet
  facet normal 1 0 0
    outer loop
      vertex 41.25 15.8 1.4
      vertex 41.25 16.58 2.4
      vertex 41.25 6.4 2.4
    endloop
  endfacet
  facet normal 1 0 0
    outer loop
      vertex 41.25 15.8 1.4
      vertex 41.25 16.58 1.4
      vertex 41.25 16.58 2.4
    endloop
  endfacet
  facet normal -1 0 0
    outer loop
      vertex 40.05 6.4 2.4
      vertex 40.05 16.58 2.4
      vertex 40.05 16.58 0.6
    endloop
  endfacet
  facet normal -1 0 0
    outer loop
      vertex 40.05 16.6 2.4
      vertex 40.05 16.6 0.6380118465104373
      vertex 40.05 16.58133462882828 2.3967061109696957
    endloop
  endfacet
  facet normal 0 0 1
    outer loop
      vertex 40.05 6.4 2.4
      vertex 41.25 6.4 2.4
      vertex 40.05 16.58 2.4
    endloop
  endfacet
  facet normal 0 0 1
    outer loop
      vertex 41.25 6.4 2.4
      vertex 41.25 16.58 2.4
      vertex 40.05 16.58 2.4
    endloop
  endfacet
  facet normal -1 0 0
    outer loop
      vertex 40.05 16.6 2.4
      vertex 40.05 16.58133462882828 2.3967061109696957
      vertex 40.05 16.58 2.4
    endloop
  endfacet
  facet normal 0 1 0
    outer loop
      vertex 12.25 17.6 0.6
      vertex 33.46 17.6 1.29
      vertex 33.46 17.6 0.6
    endloop
  endfacet
  facet normal 1 0 0
    outer loop
      vertex 33.46 16.8 0.6
      vertex 33.46 17.2 0.6
      vertex 33.46 16.8 1.1174999999999993
    endloop
  endfacet
  facet normal 1 0 0
    outer loop
      vertex 33.46 17.2 0.6
      vertex 33.46 17.6 0.6
      vertex 33.46 17.6 1.29
    endloop
  endfacet
  facet normal 0 1 0
    outer loop
      vertex 12.25 17.6 0.6
      vertex 12.25 17.6 1.2899999999999998
      vertex 33.46 17.6 1.29
    endloop
  endfacet
  facet normal 1 0 0
    outer loop
      vertex 33.46 17.2 0.6
      vertex 33.46 17.6 1.29
      vertex 33.46 17.2 1.2899999999999998
    endloop
  endfacet
  facet normal 1.0468863975720476e-17 0 -1
    outer loop
      vertex 12.25 17.6 1.2899999999999998
      vertex 12.25 18.900000000000002 1.2899999999999998
      vertex 33.46 17.6 1.29
    endloop
  endfacet
  facet normal 1.0468863975720476e-17 0 -1
    outer loop
      vertex 12.25 18.900000000000002 1.2899999999999998
      vertex 33.46 18.896111111111114 1.29
      vertex 33.46 17.6 1.29
    endloop
  endfacet
  facet normal 0 -5.709718412359664e-14 -1
    outer loop
      vertex 12.25 18.900000000000002 1.2899999999999998
      vertex 33.46 18.900000000000002 1.2899999999999998
      vertex 33.46 18.896111111111114 1.29
    endloop
  endfacet
  facet normal 0 1 0
    outer loop
      vertex 12.25 18.900000000000002 1.2899999999999998
      vertex 12.25 18.900000000000002 2.0999999999999996
      vertex 33.46 18.900000000000002 1.2899999999999998
    endloop
  endfacet
  facet normal 1 0 0
    outer loop
      vertex 33.46 18.896111111111114 1.29
      vertex 33.46 18.900000000000002 1.2899999999999998
      vertex 33.46 18.900000000000002 2.0999999999999996
    endloop
  endfacet
  facet normal 0 1 0
    outer loop
      vertex 33.46 18.900000000000002 1.2899999999999998
      vertex 12.25 18.900000000000002 2.0999999999999996
      vertex 33.45 18.900000000000002 2.0999999999999996
    endloop
  endfacet
  facet normal 0 1 0
    outer loop
      vertex 33.46 18.900000000000002 1.2899999999999998
      vertex 33.45 18.900000000000002 2.0999999999999996
      vertex 33.46 18.900000000000002 2.0999999999999996
    endloop
  endfacet
  facet normal 1 0 0
    outer loop
      vertex 33.46 18.896111111111114 1.29
      vertex 33.46 18.900000000000002 2.0999999999999996
      vertex 33.46 18.896111111111114 2.0999999999999996
    endloop
  endfacet
  facet normal 0 0 1
    outer loop
      vertex 33.45 18.900000000000002 2.0999999999999996
      vertex 33.46 18.896111111111114 2.0999999999999996
      vertex 33.46 18.900000000000002 2.0999999999999996
    endloop
  endfacet
  facet normal 5.0910980493783657e-17 5.551115123125753e-16 -1
    outer loop
      vertex 33.46 17.2 1.2899999999999998
      vertex 33.46 17.6 1.29
      vertex 37.821428571428584 17.2 1.29
    endloop
  endfacet
  facet normal 0 0 -1
    outer loop
      vertex 33.46 17.6 1.29
      vertex 33.46 18.896111111111114 1.29
      vertex 37.821428571428584 17.2 1.29
    endloop
  endfacet
  facet normal 0.3624462611549484 0.932004671541296 0
    outer loop
      vertex 33.46 18.896111111111114 1.29
      vertex 33.46 18.896111111111114 2.0999999999999996
      vertex 37.821428571428584 17.2 1.29
    endloop
  endfacet
  facet normal 0 0 -1
    outer loop
      vertex 37.821428571428584 16.8 1.29
      vertex 37.95 16.849999999999998 1.29
      vertex 37.95 16.8 1.29
    endloop
  endfacet
  facet normal 0 -1 0
    outer loop
      vertex 37.821428571428584 16.8 1.29
      vertex 37.95 16.8 1.29
      vertex 37.95 16.8 2.1100000000000003
    endloop
  endfacet
  facet normal 1 0 0
    outer loop
      vertex 37.95 16.8 1.29
      vertex 37.95 16.849999999999998 1.29
      vertex 37.95 16.849999999999998 2.1100000000000003
    endloop
  endfacet
  facet normal 0 0 1
    outer loop
      vertex 12.25 16.8001698204755 2.1100000000000003
      vertex 33.45 18.900000000000002 2.1100000000000003
      vertex 12.25 18.900000000000002 2.1100000000000003
    endloop
  endfacet
  facet normal 0 1 0
    outer loop
      vertex 12.25 18.900000000000002 2.0999999999999996
      vertex 12.25 18.900000000000002 2.1100000000000003
      vertex 33.45 18.900000000000002 2.0999999999999996
    endloop
  endfacet
  facet normal 0 1 0
    outer loop
      vertex 12.25 18.900000000000002 2.1100000000000003
      vertex 33.45 18.900000000000002 2.1100000000000003
      vertex 33.45 18.900000000000002 2.0999999999999996
    endloop
  endfacet
  facet normal 0.3624462611549567 0.9320046715412929 4.7629353118092564e-14
    outer loop
      vertex 37.821428571428584 17.2 1.29
      vertex 33.46 18.896111111111114 2.0999999999999996
      vertex 33.45 18.900000000000002 2.1100000000000003
    endloop
  endfacet
  facet normal 0.36244626115494827 0.932004671541296 0
    outer loop
      vertex 37.821428571428584 17.2 1.29
      vertex 33.45 18.900000000000002 2.1100000000000003
      vertex 37.821428571428584 17.2 2.1100000000000003
    endloop
  endfacet
  facet normal 0 0 1
    outer loop
      vertex 12.25 16.8001698204755 2.1100000000000003
      vertex 37.839649272882816 16.851497005988023 2.1100000000000003
      vertex 33.45 18.900000000000002 2.1100000000000003
    endloop
  endfacet
  facet normal 0 0 1
    outer loop
      vertex 12.25 16.8001698204755 2.1100000000000003
      vertex 37.85645395213924 16.843654822335022 2.1100000000000003
      vertex 37.839649272882816 16.851497005988023 2.1100000000000003
    endloop
  endfacet
  facet normal 0.36244626115491646 0.9320046715413083 0
    outer loop
      vertex 33.45 18.900000000000002 2.0999999999999996
      vertex 33.45 18.900000000000002 2.1100000000000003
      vertex 33.46 18.896111111111114 2.0999999999999996
    endloop
  endfacet
  facet normal 0 0 1
    outer loop
      vertex 33.45 18.900000000000002 2.1100000000000003
      vertex 37.839649272882816 16.851497005988023 2.1100000000000003
      vertex 37.821428571428584 17.2 2.1100000000000003
    endloop
  endfacet
  facet normal 0 -1 0
    outer loop
      vertex 37.821428571428584 16.8 1.29
      vertex 37.95 16.8 2.1100000000000003
      vertex 37.821428571428584 16.8 2.1100000000000003
    endloop
  endfacet
  facet normal 1 0 0
    outer loop
      vertex 37.95 16.8 1.29
      vertex 37.95 16.849999999999998 2.1100000000000003
      vertex 37.95 16.8 2.1100000000000003
    endloop
  endfacet
  facet normal 1 0 0
    outer loop
      vertex 37.95 17.150000000000002 1.4071428571428501
      vertex 37.95 17.150000000000002 2.1100000000000003
      vertex 37.95 16.849999999999998 2.1100000000000003
    endloop
  endfacet
  facet normal 0 0 1
    outer loop
      vertex 37.21285714285719 16.8 2.1100000000000003
      vertex 37.821428571428584 16.8 2.1100000000000003
      vertex 37.85645395213924 16.843654822335022 2.1100000000000003
    endloop
  endfacet
  facet normal 0 0 1
    outer loop
      vertex 37.821428571428584 16.8 2.1100000000000003
      vertex 37.95 16.8 2.1100000000000003
      vertex 37.85645395213924 16.843654822335022 2.1100000000000003
    endloop
  endfacet
  facet normal 0 0 1
    outer loop
      vertex 37.85645395213924 16.843654822335022 2.1100000000000003
      vertex 37.95 16.8 2.1100000000000003
      vertex 37.95 16.849999999999998 2.1100000000000003
    endloop
  endfacet
  facet normal 0 0 1
    outer loop
      vertex 37.839649272882816 16.851497005988023 2.1100000000000003
      vertex 37.95 16.849999999999998 2.1100000000000003
      vertex 37.95 17.150000000000002 2.1100000000000003
    endloop
  endfacet
  facet normal 0 0 1
    outer loop
      vertex 37.839649272882816 16.851497005988023 2.1100000000000003
      vertex 37.95 17.150000000000002 2.1100000000000003
      vertex 37.821428571428584 17.2 2.1100000000000003
    endloop
  endfacet
  facet normal 0 -1 0
    outer loop
      vertex 12.25 27.400000000000002 0.6
      vertex 33.46 27.400000000000002 0.6
      vertex 33.46 27.400000000000002 1.29
    endloop
  endfacet
  facet normal 1 0 0
    outer loop
      vertex 33.46 27.400000000000002 0.6
      vertex 33.46 27.8 0.6
      vertex 33.46 27.8 1.1175000000000008
    endloop
  endfacet
  facet normal 0 -1 0
    outer loop
      vertex 12.25 27.400000000000002 0.6
      vertex 33.46 27.400000000000002 1.29
      vertex 12.25 27.400000000000002 1.2899999999999998
    endloop
  endfacet
  facet normal 1 0 0
    outer loop
      vertex 33.46 27.400000000000002 0.6
      vertex 33.46 27.8 1.1175000000000008
      vertex 33.46 27.400000000000002 1.29
    endloop
  endfacet
  facet normal 1 0 0
    outer loop
      vertex 33.46 28.200000000000003 0.6
      vertex 33.46 28.200000000000003 1.29
      vertex 33.46 27.8 1.1175000000000008
    endloop
  endfacet
  facet normal 1 0 0
    outer loop
      vertex 33.46 27.8 1.1175000000000008
      vertex 33.46 27.8 1.29
      vertex 33.46 27.400000000000002 1.29
    endloop
  endfacet
  facet normal 1 0 0
    outer loop
      vertex 33.46 27.8 1.1175000000000008
      vertex 33.46 28.200000000000003 1.29
      vertex 33.46 27.8 1.29
    endloop
  endfacet
  facet normal 0 -1 0
    outer loop
      vertex 12.25 26.1 1.29
      vertex 33.45 26.1 2.0999999999999996
      vertex 12.25 26.1 1.2938028169014084
    endloop
  endfacet
  facet normal 0 -1 0
    outer loop
      vertex 12.25 26.1 1.29
      vertex 33.46 26.1 1.2899999999999998
      vertex 33.46 26.1 2.0999999999999996
    endloop
  endfacet
  facet normal 1 0 0
    outer loop
      vertex 33.46 26.1 1.2899999999999998
      vertex 33.46 26.10388888888889 1.29
      vertex 33.46 26.10388888888889 2.0999999999999996
    endloop
  endfacet
  facet normal -1.0468863975720476e-17 -1.70803542250024e-16 -1
    outer loop
      vertex 12.25 26.1 1.29
      vertex 12.25 27.400000000000002 1.2899999999999998
      vertex 33.46 26.1 1.2899999999999998
    endloop
  endfacet
  facet normal 3.4995916718847554e-15 5.709718412359664e-14 -1
    outer loop
      vertex 33.46 26.1 1.2899999999999998
      vertex 12.25 27.400000000000002 1.2899999999999998
      vertex 33.46 26.10388888888889 1.29
    endloop
  endfacet
  facet normal 1.0468863975720476e-17 0 -1
    outer loop
      vertex 33.46 26.10388888888889 1.29
      vertex 12.25 27.400000000000002 1.2899999999999998
      vertex 33.46 27.400000000000002 1.29
    endloop
  endfacet
  facet normal 0 -1 0
    outer loop
      vertex 12.25 26.1 1.29
      vertex 33.46 26.1 2.0999999999999996
      vertex 33.45 26.1 2.0999999999999996
    endloop
  endfacet
  facet normal 1 0 0
    outer loop
      vertex 33.46 26.1 1.2899999999999998
      vertex 33.46 26.10388888888889 2.0999999999999996
      vertex 33.46 26.1 2.0999999999999996
    endloop
  endfacet
  facet normal 0 0 1
    outer loop
      vertex 33.45 26.1 2.0999999999999996
      vertex 33.46 26.1 2.0999999999999996
      vertex 33.46 26.10388888888889 2.0999999999999996
    endloop
  endfacet
  facet normal 0 0 -1
    outer loop
      vertex 33.46 26.10388888888889 1.29
      vertex 33.46 27.400000000000002 1.29
      vertex 37.09317519215478 27.8 1.29
    endloop
  endfacet
  facet normal 0 0 -1
    outer loop
      vertex 33.46 27.400000000000002 1.29
      vertex 33.46 27.8 1.29
      vertex 37.82142857142857 28.13997772828508 1.29
    endloop
  endfacet
  facet normal 0 0 -1
    outer loop
      vertex 33.46 27.8 1.29
      vertex 33.46 28.200000000000003 1.29
      vertex 37.4511111111111 28.200000000000003 1.29
    endloop
  endfacet
  facet normal 0 0 -1
    outer loop
      vertex 33.46 26.10388888888889 1.29
      vertex 37.09317519215478 27.8 1.29
      vertex 37.82142857142857 27.8 1.29
    endloop
  endfacet
  facet normal 0 0 -1
    outer loop
      vertex 33.46 27.400000000000002 1.29
      vertex 37.82142857142857 28.13997772828508 1.29
      vertex 37.09317519215478 27.8 1.29
    endloop
  endfacet
  facet normal 0.36244626115494866 -0.9320046715412958 -7.722970573460519e-17
    outer loop
      vertex 33.46 26.10388888888889 1.29
      vertex 37.82142857142857 27.8 1.29
      vertex 37.82142857142857 27.8 2.1100000000000003
    endloop
  endfacet
  facet normal 0 0 -1
    outer loop
      vertex 37.82142857142857 28.200000000000003 1.29
      vertex 37.95 28.200000000000003 1.29
      vertex 37.95 28.150000000000002 1.29
    endloop
  endfacet
  facet normal 0 1 0
    outer loop
      vertex 37.82142857142857 28.200000000000003 1.29
      vertex 37.82142857142857 28.200000000000003 2.1100000000000003
      vertex 37.95 28.200000000000003 1.29
    endloop
  endfacet
  facet normal 1 0 0
    outer loop
      vertex 37.95 28.200000000000003 1.29
      vertex 37.95 28.200000000000003 2.1100000000000003
      vertex 37.95 28.150000000000002 1.29
    endloop
  endfacet
  facet normal 1 0 0
    outer loop
      vertex 37.95 27.85 1.29
      vertex 37.95 27.978571428571428 1.6916326530612245
      vertex 37.95 27.85 2.051428571428571
    endloop
  endfacet
  facet normal 0 0 1
    outer loop
      vertex 12.25 26.1 2.1100000000000003
      vertex 16.207142857142877 28.200000000000003 2.1100000000000003
      vertex 12.25 27.80985915492958 2.1100000000000003
    endloop
  endfacet
  facet normal 0 -1 0
    outer loop
      vertex 12.25 26.1 1.2938028169014084
      vertex 33.45 26.1 2.1100000000000003
      vertex 12.25 26.1 2.1100000000000003
    endloop
  endfacet
  facet normal 0 -1 0
    outer loop
      vertex 12.25 26.1 1.2938028169014084
      vertex 33.45 26.1 2.0999999999999996
      vertex 33.45 26.1 2.1100000000000003
    endloop
  endfacet
  facet normal 0 0 1
    outer loop
      vertex 12.25 26.1 2.1100000000000003
      vertex 37.09285714285714 28.200000000000003 2.1100000000000003
      vertex 16.207142857142877 28.200000000000003 2.1100000000000003
    endloop
  endfacet
  facet normal 0.3624462611549487 -0.9320046715412957 0
    outer loop
      vertex 33.46 26.10388888888889 1.29
      vertex 37.82142857142857 27.8 2.1100000000000003
      vertex 33.46 26.10388888888889 2.0999999999999996
    endloop
  endfacet
  facet normal 0 0 1
    outer loop
      vertex 12.25 26.1 2.1100000000000003
      vertex 33.45 26.1 2.1100000000000003
      vertex 37.83964927288281 27.851497005988026 2.1100000000000003
    endloop
  endfacet
  facet normal 0 0 1
    outer loop
      vertex 12.25 26.1 2.1100000000000003
      vertex 37.83964927288281 27.851497005988026 2.1100000000000003
      vertex 37.09285714285714 28.200000000000003 2.1100000000000003
    endloop
  endfacet
  facet normal 0.36244626115491646 -0.9320046715413083 1.619202006099673e-11
    outer loop
      vertex 33.45 26.1 2.0999999999999996
      vertex 33.46 26.10388888888889 2.0999999999999996
      vertex 37.82142857142857 27.8 2.1100000000000003
    endloop
  endfacet
  facet normal 0.36244626115494866 -0.9320046715412958 0
    outer loop
      vertex 33.45 26.1 2.0999999999999996
      vertex 37.82142857142857 27.8 2.1100000000000003
      vertex 33.45 26.1 2.1100000000000003
    endloop
  endfacet
  facet normal 0 0 1
    outer loop
      vertex 33.45 26.1 2.1100000000000003
      vertex 37.82142857142857 27.8 2.1100000000000003
      vertex 37.83964927288281 27.851497005988026 2.1100000000000003
    endloop
  endfacet
  facet normal 0 1 0
    outer loop
      vertex 37.95 28.200000000000003 1.29
      vertex 37.82142857142857 28.200000000000003 2.1100000000000003
      vertex 37.95 28.200000000000003 2.1100000000000003
    endloop
  endfacet
  facet normal 1 0 0
    outer loop
      vertex 37.95 28.150000000000002 1.29
      vertex 37.95 28.200000000000003 2.1100000000000003
      vertex 37.95 28.150000000000002 2.1100000000000003
    endloop
  endfacet
  facet normal 0 0 1
    outer loop
      vertex 37.83964927288281 27.851497005988026 2.1100000000000003
      vertex 37.82142857142857 27.8 2.1100000000000003
      vertex 37.891558441558445 27.827272727272728 2.1100000000000003
    endloop
  endfacet
  facet normal 0 0 1
    outer loop
      vertex 37.83964927288281 27.851497005988026 2.1100000000000003
      vertex 37.95 28.150000000000002 2.1100000000000003
      vertex 37.09285714285714 28.200000000000003 2.1100000000000003
    endloop
  endfacet
  facet normal 0 0 1
    outer loop
      vertex 37.09285714285714 28.200000000000003 2.1100000000000003
      vertex 37.95 28.150000000000002 2.1100000000000003
      vertex 37.82142857142857 28.200000000000003 2.1100000000000003
    endloop
  endfacet
  facet normal 0 0 1
    outer loop
      vertex 37.82142857142857 28.200000000000003 2.1100000000000003
      vertex 37.95 28.150000000000002 2.1100000000000003
      vertex 37.95 28.200000000000003 2.1100000000000003
    endloop
  endfacet
  facet normal 0 1 0
    outer loop
      vertex 41.25 18.2 0.6
      vertex 47.25 18.2 1.4
      vertex 47.25 18.2 0.6
    endloop
  endfacet
  facet normal 0 1 0
    outer loop
      vertex 41.25 18.2 0.6
      vertex 41.25 18.2 1.4
      vertex 47.25 18.2 1.4
    endloop
  endfacet
  facet normal 0 0 1
    outer loop
      vertex 41.25 18.2 1.4
      vertex 41.25 17.419999999999998 1.4
      vertex 47.25 17.419999999999998 1.4
    endloop
  endfacet
  facet normal 0 0 1
    outer loop
      vertex 41.25 18.2 1.4
      vertex 47.25 17.419999999999998 1.4
      vertex 47.25 18.2 1.4
    endloop
  endfacet
  facet normal 0 -1 0
    outer loop
      vertex 41.25 26.799999999999997 0.6
      vertex 47.25 26.799999999999997 0.6
      vertex 41.25 26.799999999999997 1.4
    endloop
  endfacet
  facet normal 0 -1 0
    outer loop
      vertex 47.25 26.799999999999997 0.6
      vertex 47.25 26.799999999999997 1.4
      vertex 41.25 26.799999999999997 1.4
    endloop
  endfacet
  facet normal 0 0 1
    outer loop
      vertex 41.25 26.799999999999997 1.4
      vertex 47.25 26.799999999999997 1.4
      vertex 41.25 27.58 1.4
    endloop
  endfacet
  facet normal 0 0 1
    outer loop
      vertex 47.25 26.799999999999997 1.4
      vertex 47.25 27.58 1.4
      vertex 41.25 27.58 1.4
    endloop
  endfacet
  facet normal -1 0 0
    outer loop
      vertex 47.25 18.2 1.4
      vertex 47.25 17.419999999999998 1.4
      vertex 47.25 17.419999999999998 2.6499999999999995
    endloop
  endfacet
  facet normal -1 0 0
    outer loop
      vertex 47.25 18.2 1.4
      vertex 47.25 17.419999999999998 2.6499999999999995
      vertex 47.25 18.2 2.63
    endloop
  endfacet
  facet normal -1 0 0
    outer loop
      vertex 47.25 18.2 2.63
      vertex 47.25 17.419999999999998 2.6499999999999995
      vertex 47.25 18.2 2.6499999999999995
    endloop
  endfacet
  facet normal 0 1 0
    outer loop
      vertex 47.25 18.2 0.6
      vertex 47.25 18.2 1.4
      vertex 146 18.2 0.6
    endloop
  endfacet
  facet normal 0 1 0
    outer loop
      vertex 47.25 18.2 1.4
      vertex 47.25 18.2 2.63
      vertex 146 18.2 0.6
    endloop
  endfacet
  facet normal 0 1 0
    outer loop
      vertex 47.25 18.2 2.63
      vertex 146 18.2 2.63
      vertex 146 18.2 0.6
    endloop
  endfacet
  facet normal -1 0 0
    outer loop
      vertex 47.25 18.2 2.63
      vertex 47.25 18.2 2.6499999999999995
      vertex 47.25 19.5 2.63
    endloop
  endfacet
  facet normal -1 0 0
    outer loop
      vertex 47.25 19.5 2.63
      vertex 47.25 18.2 2.6499999999999995
      vertex 47.25 19.5 3.44
    endloop
  endfacet
  facet normal -1 0 0
    outer loop
      vertex 47.25 17.4 3.44
      vertex 47.25 17.419999999999998 2.6499999999999995
      vertex 47.25 17.4 2.6499999999999995
    endloop
  endfacet
  facet normal -1 0 0
    outer loop
      vertex 47.25 18.2 2.6499999999999995
      vertex 47.25 17.419999999999998 2.6499999999999995
      vertex 47.25 17.4 3.44
    endloop
  endfacet
  facet normal -1 0 0
    outer loop
      vertex 47.25 18.2 2.6499999999999995
      vertex 47.25 17.4 3.44
      vertex 47.25 19.5 3.44
    endloop
  endfacet
  facet normal 0 0 -1
    outer loop
      vertex 47.25 18.2 2.63
      vertex 47.25 19.5 2.63
      vertex 146 18.2 2.63
    endloop
  endfacet
  facet normal 0 1 0
    outer loop
      vertex 47.25 19.5 2.63
      vertex 47.25 19.5 3.44
      vertex 146 19.5 2.63
    endloop
  endfacet
  facet normal 0 -1 0
    outer loop
      vertex 47.25 17.4 3.44
      vertex 47.25 17.4 2.6499999999999995
      vertex 146 17.4 3.44
    endloop
  endfacet
  facet normal 0 0 1
    outer loop
      vertex 47.25 17.4 3.44
      vertex 146 19.5 3.44
      vertex 47.25 19.5 3.44
    endloop
  endfacet
  facet normal 0 0 -1
    outer loop
      vertex 47.25 19.5 2.63
      vertex 146 19.5 2.63
      vertex 146 18.2 2.63
    endloop
  endfacet
  facet normal 0 -1 0
    outer loop
      vertex 146 17.4 3.44
      vertex 47.25 17.4 2.6499999999999995
      vertex 146 17.4 2.6499999999999995
    endloop
  endfacet
  facet normal 0 1 0
    outer loop
      vertex 47.25 19.5 3.44
      vertex 146 19.5 3.44
      vertex 146 19.5 2.63
    endloop
  endfacet
  facet normal 0 0 1
    outer loop
      vertex 47.25 17.4 3.44
      vertex 146 17.4 3.44
      vertex 146 19.5 3.44
    endloop
  endfacet
  facet normal -1 0 0
    outer loop
      vertex 47.25 26.799999999999997 1.4
      vertex 47.25 26.799999999999997 2.63
      vertex 47.25 27.58 1.4
    endloop
  endfacet
  facet normal -1 0 0
    outer loop
      vertex 47.25 26.799999999999997 2.63
      vertex 47.25 26.799999999999997 2.6499999999999995
      vertex 47.25 27.58 1.4
    endloop
  endfacet
  facet normal -1 0 0
    outer loop
      vertex 47.25 26.799999999999997 2.6499999999999995
      vertex 47.25 27.58 2.6499999999999995
      vertex 47.25 27.58 1.4
    endloop
  endfacet
  facet normal 0 -1 0
    outer loop
      vertex 47.25 26.799999999999997 0.6
      vertex 146 26.799999999999997 0.6
      vertex 47.25 26.799999999999997 1.4
    endloop
  endfacet
  facet normal 0 -1 0
    outer loop
      vertex 47.25 26.799999999999997 1.4
      vertex 146 26.799999999999997 0.6
      vertex 47.25 26.799999999999997 2.63
    endloop
  endfacet
  facet normal 0 -1 0
    outer loop
      vertex 47.25 26.799999999999997 2.63
      vertex 146 26.799999999999997 0.6
      vertex 146 26.799999999999997 2.63
    endloop
  endfacet
  facet normal -1 0 0
    outer loop
      vertex 47.25 25.499999999999996 2.63
      vertex 47.25 25.499999999999996 3.44
      vertex 47.25 27.599999999999998 3.44
    endloop
  endfacet
  facet normal -1 0 0
    outer loop
      vertex 47.25 25.499999999999996 2.63
      vertex 47.25 26.799999999999997 2.6499999999999995
      vertex 47.25 26.799999999999997 2.63
    endloop
  endfacet
  facet normal -1 0 0
    outer loop
      vertex 47.25 25.499999999999996 2.63
      vertex 47.25 27.599999999999998 3.44
      vertex 47.25 26.799999999999997 2.6499999999999995
    endloop
  endfacet
  facet normal -1 0 0
    outer loop
      vertex 47.25 26.799999999999997 2.6499999999999995
      vertex 47.25 27.599999999999998 3.44
      vertex 47.25 27.58 2.6499999999999995
    endloop
  endfacet
  facet normal -1 0 0
    outer loop
      vertex 47.25 27.599999999999998 3.44
      vertex 47.25 27.599999999999998 2.6499999999999995
      vertex 47.25 27.58 2.6499999999999995
    endloop
  endfacet
  facet normal 0 0 -1
    outer loop
      vertex 47.25 25.499999999999996 2.63
      vertex 47.25 26.799999999999997 2.63
      vertex 146 25.499999999999996 2.63
    endloop
  endfacet
  facet normal 0 -1 0
    outer loop
      vertex 47.25 25.499999999999996 2.63
      vertex 146 25.499999999999996 3.44
      vertex 47.25 25.499999999999996 3.44
    endloop
  endfacet
  facet normal 0 1 0
    outer loop
      vertex 47.25 27.599999999999998 3.44
      vertex 146 27.599999999999998 3.44
      vertex 47.25 27.599999999999998 2.6499999999999995
    endloop
  endfacet
  facet normal 0 0 1
    outer loop
      vertex 47.25 25.499999999999996 3.44
      vertex 146 27.599999999999998 3.44
      vertex 47.25 27.599999999999998 3.44
    endloop
  endfacet
  facet normal 0 -1 0
    outer loop
      vertex 47.25 25.499999999999996 2.63
      vertex 146 25.499999999999996 2.63
      vertex 146 25.499999999999996 3.44
    endloop
  endfacet
  facet normal 0 0 1
    outer loop
      vertex 47.25 25.499999999999996 3.44
      vertex 146 25.499999999999996 3.44
      vertex 146 27.599999999999998 3.44
    endloop
  endfacet
  facet normal 0 0 -1
    outer loop
      vertex 47.25 26.799999999999997 2.63
      vertex 146 26.799999999999997 2.63
      vertex 146 25.499999999999996 2.63
    endloop
  endfacet
  facet normal 0 1 0
    outer loop
      vertex 146 27.599999999999998 3.44
      vertex 146 27.599999999999998 2.6499999999999995
      vertex 47.25 27.599999999999998 2.6499999999999995
    endloop
  endfacet
  facet normal 1 0 0
    outer loop
      vertex 41.25 18.2 0.6
      vertex 41.25 26.799999999999997 0.6
      vertex 41.25 18.2 1.4
    endloop
  endfacet
  facet normal 1 0 0
    outer loop
      vertex 41.25 26.799999999999997 0.6
      vertex 41.25 26.799999999999997 1.4
      vertex 41.25 18.2 1.4
    endloop
  endfacet
  facet normal -1 0 0
    outer loop
      vertex 40.05 17.419999999999998 0.6
      vertex 40.05 17.419999999999998 2.4
      vertex 40.05 27.58 0.6
    endloop
  endfacet
  facet normal 1 0 0
    outer loop
      vertex 41.25 18.2 1.4
      vertex 41.25 17.419999999999998 2.4
      vertex 41.25 17.419999999999998 1.4
    endloop
  endfacet
  facet normal 1 0 0
    outer loop
      vertex 41.25 26.799999999999997 1.4
      vertex 41.25 17.419999999999998 2.4
      vertex 41.25 18.2 1.4
    endloop
  endfacet
  facet normal -1 0 0
    outer loop
      vertex 40.05 27.58 0.6
      vertex 40.05 17.419999999999998 2.4
      vertex 40.05 27.58 2.4
    endloop
  endfacet
  facet normal 1 0 0
    outer loop
      vertex 41.25 26.799999999999997 1.4
      vertex 41.25 27.58 2.4
      vertex 41.25 17.419999999999998 2.4
    endloop
  endfacet
  facet normal 0 0 1
    outer loop
      vertex 40.05 17.419999999999998 2.4
      vertex 41.25 17.419999999999998 2.4
      vertex 40.05 27.58 2.4
    endloop
  endfacet
  facet normal 0 0 1
    outer loop
      vertex 41.25 17.419999999999998 2.4
      vertex 41.25 27.58 2.4
      vertex 40.05 27.58 2.4
    endloop
  endfacet
  facet normal 1 0 0
    outer loop
      vertex 41.25 26.799999999999997 1.4
      vertex 41.25 27.58 1.4
      vertex 41.25 27.58 2.4
    endloop
  endfacet
  facet normal 0 1 0
    outer loop
      vertex 12.25 28.6 0.6
      vertex 33.46 28.6 1.29
      vertex 33.46 28.6 0.6
    endloop
  endfacet
  facet normal 1 0 0
    outer loop
      vertex 33.46 27.8 0.6
      vertex 33.46 28.200000000000003 0.6
      vertex 33.46 27.8 1.1175000000000008
    endloop
  endfacet
  facet normal 1 0 0
    outer loop
      vertex 33.46 28.200000000000003 0.6
      vertex 33.46 28.6 0.6
      vertex 33.46 28.200000000000003 1.29
    endloop
  endfacet
  facet normal 0 1 0
    outer loop
      vertex 12.25 28.6 0.6
      vertex 12.25 28.6 1.2899999999999998
      vertex 33.46 28.6 1.29
    endloop
  endfacet
  facet normal 1 0 0
    outer loop
      vertex 33.46 28.6 0.6
      vertex 33.46 28.6 1.29
      vertex 33.46 28.200000000000003 1.29
    endloop
  endfacet
  facet normal 1.0468863975720476e-17 0 -1
    outer loop
      vertex 12.25 28.6 1.2899999999999998
      vertex 12.25 29.900000000000002 1.2899999999999998
      vertex 33.46 28.6 1.29
    endloop
  endfacet
  facet normal 1.0468863975720476e-17 0 -1
    outer loop
      vertex 12.25 29.900000000000002 1.2899999999999998
      vertex 33.46 29.896111111111114 1.29
      vertex 33.46 28.6 1.29
    endloop
  endfacet
  facet normal 0 -5.709718412359664e-14 -1
    outer loop
      vertex 12.25 29.900000000000002 1.2899999999999998
      vertex 33.46 29.900000000000002 1.2899999999999998
      vertex 33.46 29.896111111111114 1.29
    endloop
  endfacet
  facet normal 0 1 0
    outer loop
      vertex 12.25 29.900000000000002 1.2899999999999998
      vertex 12.25 29.900000000000002 2.0999999999999996
      vertex 33.46 29.900000000000002 1.2899999999999998
    endloop
  endfacet
  facet normal 1 0 0
    outer loop
      vertex 33.46 29.896111111111114 1.29
      vertex 33.46 29.900000000000002 1.2899999999999998
      vertex 33.46 29.900000000000002 2.0999999999999996
    endloop
  endfacet
  facet normal 0 1 0
    outer loop
      vertex 33.46 29.900000000000002 1.2899999999999998
      vertex 12.25 29.900000000000002 2.0999999999999996
      vertex 33.45 29.900000000000002 2.0999999999999996
    endloop
  endfacet
  facet normal 0 1 0
    outer loop
      vertex 33.46 29.900000000000002 1.2899999999999998
      vertex 33.45 29.900000000000002 2.0999999999999996
      vertex 33.46 29.900000000000002 2.0999999999999996
    endloop
  endfacet
  facet normal 1 0 0
    outer loop
      vertex 33.46 29.896111111111114 1.29
      vertex 33.46 29.900000000000002 2.0999999999999996
      vertex 33.46 29.896111111111114 2.0999999999999996
    endloop
  endfacet
  facet normal 0 0 1
    outer loop
      vertex 33.45 29.900000000000002 2.0999999999999996
      vertex 33.46 29.896111111111114 2.0999999999999996
      vertex 33.46 29.900000000000002 2.0999999999999996
    endloop
  endfacet
  facet normal 0 0 -1
    outer loop
      vertex 33.46 28.200000000000003 1.29
      vertex 33.46 28.6 1.29
      vertex 37.4511111111111 28.200000000000003 1.29
    endloop
  endfacet
  facet normal 0 0 -1
    outer loop
      vertex 33.46 28.6 1.29
      vertex 33.46 29.896111111111114 1.29
      vertex 37.82142857142857 28.200000000000003 1.29
    endloop
  endfacet
  facet normal 0 0 -1
    outer loop
      vertex 33.46 27.8 1.29
      vertex 37.4511111111111 28.200000000000003 1.29
      vertex 37.82142857142857 28.13997772828508 1.29
    endloop
  endfacet
  facet normal 0 0 -1
    outer loop
      vertex 33.46 28.6 1.29
      vertex 37.82142857142857 28.200000000000003 1.29
      vertex 37.4511111111111 28.200000000000003 1.29
    endloop
  endfacet
  facet normal 0.36244626115494866 0.9320046715412958 7.722970573460519e-17
    outer loop
      vertex 33.46 29.896111111111114 1.29
      vertex 37.82142857142857 28.200000000000003 2.1100000000000003
      vertex 37.82142857142857 28.200000000000003 1.29
    endloop
  endfacet
  facet normal 0 0 -1
    outer loop
      vertex 37.09317519215478 27.8 1.29
      vertex 37.82142857142857 28.13997772828508 1.29
      vertex 37.82142857142857 27.8 1.29
    endloop
  endfacet
  facet normal 0 0 -1
    outer loop
      vertex 37.82142857142857 27.8 1.29
      vertex 37.82142857142857 28.13997772828508 1.29
      vertex 37.95 27.8 1.29
    endloop
  endfacet
  facet normal 0 0 -1
    outer loop
      vertex 37.4511111111111 28.200000000000003 1.29
      vertex 37.82142857142857 28.200000000000003 1.29
      vertex 37.95 28.150000000000002 1.29
    endloop
  endfacet
  facet normal 0 0 -1
    outer loop
      vertex 37.4511111111111 28.200000000000003 1.29
      vertex 37.95 28.150000000000002 1.29
      vertex 37.82142857142857 28.13997772828508 1.29
    endloop
  endfacet
  facet normal 0 0 -1
    outer loop
      vertex 37.95 27.8 1.29
      vertex 37.82142857142857 28.13997772828508 1.29
      vertex 37.95 27.85 1.29
    endloop
  endfacet
  facet normal 0 0 -1
    outer loop
      vertex 37.95 27.85 1.29
      vertex 37.82142857142857 28.13997772828508 1.29
      vertex 37.95 28.150000000000002 1.29
    endloop
  endfacet
  facet normal 1 0 0
    outer loop
      vertex 37.95 27.85 1.29
      vertex 37.95 28.150000000000002 1.29
      vertex 37.95 27.978571428571428 1.6916326530612245
    endloop
  endfacet
  facet normal 0 -1 0
    outer loop
      vertex 37.82142857142857 27.8 1.29
      vertex 37.95 27.8 1.29
      vertex 37.82142857142857 27.8 2.1100000000000003
    endloop
  endfacet
  facet normal 1 0 0
    outer loop
      vertex 37.95 27.8 1.29
      vertex 37.95 27.85 1.29
      vertex 37.95 27.8 2.1100000000000003
    endloop
  endfacet
  facet normal 1 0 0
    outer loop
      vertex 37.95 28.150000000000002 1.29
      vertex 37.95 28.150000000000002 2.1100000000000003
      vertex 37.95 27.978571428571428 1.6916326530612245
    endloop
  endfacet
  facet normal 0 0 1
    outer loop
      vertex 12.25 27.80985915492958 2.1100000000000003
      vertex 16.207142857142877 28.200000000000003 2.1100000000000003
      vertex 12.25 29.900000000000002 2.1100000000000003
    endloop
  endfacet
  facet normal 0 0 1
    outer loop
      vertex 12.25 29.900000000000002 2.1100000000000003
      vertex 16.207142857142877 28.200000000000003 2.1100000000000003
      vertex 33.45 29.900000000000002 2.1100000000000003
    endloop
  endfacet
  facet normal 0 1 0
    outer loop
      vertex 12.25 29.900000000000002 2.0999999999999996
      vertex 12.25 29.900000000000002 2.1100000000000003
      vertex 33.45 29.900000000000002 2.0999999999999996
    endloop
  endfacet
  facet normal 0 1 0
    outer loop
      vertex 12.25 29.900000000000002 2.1100000000000003
      vertex 33.45 29.900000000000002 2.1100000000000003
      vertex 33.45 29.900000000000002 2.0999999999999996
    endloop
  endfacet
  facet normal 0.3624462611549487 0.9320046715412957 0
    outer loop
      vertex 33.46 29.896111111111114 1.29
      vertex 33.46 29.896111111111114 2.0999999999999996
      vertex 37.82142857142857 28.200000000000003 2.1100000000000003
    endloop
  endfacet
  facet normal 0 0 1
    outer loop
      vertex 16.207142857142877 28.200000000000003 2.1100000000000003
      vertex 37.09285714285714 28.200000000000003 2.1100000000000003
      vertex 33.45 29.900000000000002 2.1100000000000003
    endloop
  endfacet
  facet normal 0.36244626115491646 0.9320046715413083 0
    outer loop
      vertex 33.45 29.900000000000002 2.0999999999999996
      vertex 33.45 29.900000000000002 2.1100000000000003
      vertex 33.46 29.896111111111114 2.0999999999999996
    endloop
  endfacet
  facet normal 0.36244626115494866 0.9320046715412958 3.7042791151133356e-14
    outer loop
      vertex 33.46 29.896111111111114 2.0999999999999996
      vertex 33.45 29.900000000000002 2.1100000000000003
      vertex 37.82142857142857 28.200000000000003 2.1100000000000003
    endloop
  endfacet
  facet normal 0 0 1
    outer loop
      vertex 33.45 29.900000000000002 2.1100000000000003
      vertex 37.09285714285714 28.200000000000003 2.1100000000000003
      vertex 37.82142857142857 28.200000000000003 2.1100000000000003
    endloop
  endfacet
  facet normal 1 0 0
    outer loop
      vertex 37.95 27.85 1.29
      vertex 37.95 27.85 2.051428571428571
      vertex 37.95 27.8 2.1100000000000003
    endloop
  endfacet
  facet normal 0 -1 0
    outer loop
      vertex 37.95 27.8 1.29
      vertex 37.95 27.8 2.1100000000000003
      vertex 37.82142857142857 27.8 2.1100000000000003
    endloop
  endfacet
  facet normal 1 0 0
    outer loop
      vertex 37.95 27.978571428571428 1.6916326530612245
      vertex 37.95 28.150000000000002 2.1100000000000003
      vertex 37.95 27.85 2.051428571428571
    endloop
  endfacet
  facet normal 1 0 0
    outer loop
      vertex 37.95 27.85 2.051428571428571
      vertex 37.95 28.150000000000002 2.1100000000000003
      vertex 37.95 27.8 2.1100000000000003
    endloop
  endfacet
  facet normal 0 0 1
    outer loop
      vertex 37.82142857142857 27.8 2.1100000000000003
      vertex 37.95 27.8 2.1100000000000003
      vertex 37.891558441558445 27.827272727272728 2.1100000000000003
    endloop
  endfacet
  facet normal 0 0 1
    outer loop
      vertex 37.83964927288281 27.851497005988026 2.1100000000000003
      vertex 37.891558441558445 27.827272727272728 2.1100000000000003
      vertex 37.95 28.150000000000002 2.1100000000000003
    endloop
  endfacet
  facet normal 0 0 1
    outer loop
      vertex 37.891558441558445 27.827272727272728 2.1100000000000003
      vertex 37.95 27.8 2.1100000000000003
      vertex 37.95 28.150000000000002 2.1100000000000003
    endloop
  endfacet
  facet normal 0 -1 0
    outer loop
      vertex 12.25 38.400000000000006 0.6
      vertex 33.46 38.400000000000006 0.6
      vertex 33.46 38.400000000000006 1.29
    endloop
  endfacet
  facet normal 1 0 0
    outer loop
      vertex 33.46 38.400000000000006 0.6
      vertex 33.46 38.8 0.6
      vertex 33.46 38.400000000000006 1.29
    endloop
  endfacet
  facet normal 0 -1 0
    outer loop
      vertex 12.25 38.400000000000006 0.6
      vertex 33.46 38.400000000000006 1.29
      vertex 12.25 38.400000000000006 1.2899999999999998
    endloop
  endfacet
  facet normal 1 0 0
    outer loop
      vertex 33.46 38.8 0.6
      vertex 33.46 38.8 1.117500000000003
      vertex 33.46 38.400000000000006 1.29
    endloop
  endfacet
  facet normal 1 0 0
    outer loop
      vertex 33.46 39.2 0.6
      vertex 33.46 39.2 1.2899999999999998
      vertex 33.46 38.8 1.117500000000003
    endloop
  endfacet
  facet normal 1 0 0
    outer loop
      vertex 33.46 38.8 1.117500000000003
      vertex 33.46 39.2 1.2899999999999998
      vertex 33.46 38.400000000000006 1.29
    endloop
  endfacet
  facet normal 0 -1.7080354225002353e-16 -1
    outer loop
      vertex 12.25 37.1 1.29
      vertex 12.25 38.400000000000006 1.2899999999999998
      vertex 33.45 37.1 1.29
    endloop
  endfacet
  facet normal -2.2204460492250137e-14 -3.622743131081742e-13 -1
    outer loop
      vertex 33.45 37.1 1.29
      vertex 12.25 38.400000000000006 1.2899999999999998
      vertex 33.46 37.10000000000001 1.2899999999999998
    endloop
  endfacet
  facet normal 3.4995916718911396e-15 5.709718412370096e-14 -1
    outer loop
      vertex 33.46 37.10000000000001 1.2899999999999998
      vertex 12.25 38.400000000000006 1.2899999999999998
      vertex 33.46 37.10388888888889 1.29
    endloop
  endfacet
  facet normal 1.0468863975720476e-17 0 -1
    outer loop
      vertex 33.46 37.10388888888889 1.29
      vertex 12.25 38.400000000000006 1.2899999999999998
      vertex 33.46 38.400000000000006 1.29
    endloop
  endfacet
  facet normal 7.105427357602415e-13 -1 0
    outer loop
      vertex 33.45 37.1 1.29
      vertex 33.46 37.10000000000001 1.2899999999999998
      vertex 33.46 37.10000000000001 2.0999999999999996
    endloop
  endfacet
  facet normal 1 0 0
    outer loop
      vertex 33.46 37.10000000000001 1.2899999999999998
      vertex 33.46 37.10388888888889 1.29
      vertex 33.46 37.10388888888889 2.0999999999999996
    endloop
  endfacet
  facet normal 0 -1 8.772132540248155e-15
    outer loop
      vertex 33.45 37.1 1.29
      vertex 33.46 37.10000000000001 2.0999999999999996
      vertex 33.450000000000024 37.10000000000001 2.0999999999999996
    endloop
  endfacet
  facet normal 1 0 0
    outer loop
      vertex 33.46 37.10000000000001 1.2899999999999998
      vertex 33.46 37.10388888888889 2.0999999999999996
      vertex 33.46 37.10000000000001 2.0999999999999996
    endloop
  endfacet
  facet normal 0 0 1
    outer loop
      vertex 33.450000000000024 37.10000000000001 2.0999999999999996
      vertex 33.46 37.10000000000001 2.0999999999999996
      vertex 33.46 37.10388888888889 2.0999999999999996
    endloop
  endfacet
  facet normal 0 0 -1
    outer loop
      vertex 33.46 37.10388888888889 1.29
      vertex 33.46 38.400000000000006 1.29
      vertex 37.95 39.2 1.29
    endloop
  endfacet
  facet normal 5.0910980493783903e-17 -2.775557561562901e-16 -1
    outer loop
      vertex 33.46 38.400000000000006 1.29
      vertex 33.46 39.2 1.2899999999999998
      vertex 37.82142857142856 39.2 1.29
    endloop
  endfacet
  facet normal 0 0 -1
    outer loop
      vertex 33.46 37.10388888888889 1.29
      vertex 37.95 39.2 1.29
      vertex 37.82142857142856 38.8 1.29
    endloop
  endfacet
  facet normal 0 0 -1
    outer loop
      vertex 33.46 38.400000000000006 1.29
      vertex 37.82142857142856 39.2 1.29
      vertex 37.95 39.2 1.29
    endloop
  endfacet
  facet normal 0 -1 8.772132540248155e-15
    outer loop
      vertex 12.25 37.1 1.29
      vertex 33.45 37.1 1.29
      vertex 33.450000000000024 37.10000000000001 2.0999999999999996
    endloop
  endfacet
  facet normal 0.3624462611549486 -0.9320046715412958 0
    outer loop
      vertex 33.46 37.10388888888889 1.29
      vertex 37.82142857142856 38.8 1.29
      vertex 33.46 37.10388888888889 2.0999999999999996
    endloop
  endfacet
  facet normal 0 0 -1
    outer loop
      vertex 37.82142857142856 38.8 1.29
      vertex 37.95 39.2 1.29
      vertex 37.95 38.85 1.29
    endloop
  endfacet
  facet normal 1 0 0
    outer loop
      vertex 37.95 38.85 1.29
      vertex 37.95 39.2 1.29
      vertex 37.95 39.15 1.4071428571428668
    endloop
  endfacet
  facet normal 0 1 0
    outer loop
      vertex 37.82142857142856 39.2 1.29
      vertex 37.95 39.2 2.1100000000000003
      vertex 37.95 39.2 1.29
    endloop
  endfacet
  facet normal 1 0 0
    outer loop
      vertex 37.95 38.85 1.29
      vertex 37.95 39.15 1.4071428571428668
      vertex 37.95 38.85 2.1100000000000003
    endloop
  endfacet
  facet normal 1 0 0
    outer loop
      vertex 37.95 39.2 1.29
      vertex 37.95 39.2 2.1100000000000003
      vertex 37.95 39.15 1.4071428571428668
    endloop
  endfacet
  facet normal 0 0 1
    outer loop
      vertex 12.25 37.1 2.1100000000000003
      vertex 15.716415186176732 39.15161839863714 2.1100000000000003
      vertex 12.25 39.19864341085272 2.1100000000000003
    endloop
  endfacet
  facet normal 0 -1 0
    outer loop
      vertex 12.25 37.1 1.29
      vertex 33.45 37.1 2.1100000000000003
      vertex 12.25 37.1 2.1100000000000003
    endloop
  endfacet
  facet normal 2.7483256760528143e-14 -1 -7.105427357599958e-13
    outer loop
      vertex 12.25 37.1 1.29
      vertex 33.450000000000024 37.10000000000001 2.0999999999999996
      vertex 33.45 37.1 2.1100000000000003
    endloop
  endfacet
  facet normal 0 0 1
    outer loop
      vertex 12.25 37.1 2.1100000000000003
      vertex 37.21285714285708 38.8 2.1100000000000003
      vertex 15.716415186176732 39.15161839863714 2.1100000000000003
    endloop
  endfacet
  facet normal 0 0 1
    outer loop
      vertex 12.25 37.1 2.1100000000000003
      vertex 33.45 37.1 2.1100000000000003
      vertex 37.21285714285708 38.8 2.1100000000000003
    endloop
  endfacet
  facet normal 0.3624462611549486 -0.932004671541296 0
    outer loop
      vertex 37.82142857142856 38.8 1.29
      vertex 37.82142857142856 38.8 2.1100000000000003
      vertex 33.46 37.10388888888889 2.0999999999999996
    endloop
  endfacet
  facet normal 0 0 1
    outer loop
      vertex 15.716415186176732 39.15161839863714 2.1100000000000003
      vertex 37.21285714285708 38.8 2.1100000000000003
      vertex 37.856453952139226 38.843654822335026 2.1100000000000003
    endloop
  endfacet
  facet normal 0.36244626115501233 -0.9320046715412711 -3.200455177765617e-11
    outer loop
      vertex 33.450000000000024 37.10000000000001 2.0999999999999996
      vertex 33.46 37.10388888888889 2.0999999999999996
      vertex 37.82142857142856 38.8 2.1100000000000003
    endloop
  endfacet
  facet normal 0.36244626115494843 -0.9320046715412958 1.1037152484301704e-13
    outer loop
      vertex 33.450000000000024 37.10000000000001 2.0999999999999996
      vertex 37.82142857142856 38.8 2.1100000000000003
      vertex 33.45 37.1 2.1100000000000003
    endloop
  endfacet
  facet normal 0 0 1
    outer loop
      vertex 33.45 37.1 2.1100000000000003
      vertex 37.82142857142856 38.8 2.1100000000000003
      vertex 37.21285714285708 38.8 2.1100000000000003
    endloop
  endfacet
  facet normal 0 1 0
    outer loop
      vertex 37.82142857142856 39.2 1.29
      vertex 37.82142857142856 39.2 2.1100000000000003
      vertex 37.95 39.2 2.1100000000000003
    endloop
  endfacet
  facet normal 1 0 0
    outer loop
      vertex 37.95 39.15 1.4071428571428668
      vertex 37.95 39.2 2.1100000000000003
      vertex 37.95 39.15 2.1100000000000003
    endloop
  endfacet
  facet normal 0 0 1
    outer loop
      vertex 37.856453952139226 38.843654822335026 2.1100000000000003
      vertex 37.95 38.85 2.1100000000000003
      vertex 37.8396492728828 38.85149700598802 2.1100000000000003
    endloop
  endfacet
  facet normal 0 0 1
    outer loop
      vertex 37.82142857142856 39.2 2.1100000000000003
      vertex 37.95 39.15 2.1100000000000003
      vertex 37.95 39.2 2.1100000000000003
    endloop
  endfacet
  facet normal 0 1 0
    outer loop
      vertex 41.25 29.2 0.6
      vertex 47.25 29.2 1.4
      vertex 47.25 29.2 0.6
    endloop
  endfacet
  facet normal 0 1 0
    outer loop
      vertex 41.25 29.2 0.6
      vertex 41.25 29.2 1.4
      vertex 47.25 29.2 1.4
    endloop
  endfacet
  facet normal 0 0 1
    outer loop
      vertex 41.25 29.2 1.4
      vertex 41.25 28.419999999999998 1.4
      vertex 47.25 28.419999999999998 1.4
    endloop
  endfacet
  facet normal 0 0 1
    outer loop
      vertex 41.25 29.2 1.4
      vertex 47.25 28.419999999999998 1.4
      vertex 47.25 29.2 1.4
    endloop
  endfacet
  facet normal 0 -1 0
    outer loop
      vertex 41.25 37.8 0.6
      vertex 47.25 37.8 0.6
      vertex 41.25 37.8 1.4
    endloop
  endfacet
  facet normal 0 -1 0
    outer loop
      vertex 47.25 37.8 0.6
      vertex 47.25 37.8 1.4
      vertex 41.25 37.8 1.4
    endloop
  endfacet
  facet normal 0 0 1
    outer loop
      vertex 41.25 37.8 1.4
      vertex 47.25 37.8 1.4
      vertex 41.25 38.58 1.4
    endloop
  endfacet
  facet normal 0 0 1
    outer loop
      vertex 47.25 37.8 1.4
      vertex 47.25 38.58 1.4
      vertex 41.25 38.58 1.4
    endloop
  endfacet
  facet normal -1 0 0
    outer loop
      vertex 47.25 29.2 1.4
      vertex 47.25 28.419999999999998 1.4
      vertex 47.25 28.419999999999998 2.6499999999999995
    endloop
  endfacet
  facet normal -1 0 0
    outer loop
      vertex 47.25 29.2 1.4
      vertex 47.25 28.419999999999998 2.6499999999999995
      vertex 47.25 29.2 2.63
    endloop
  endfacet
  facet normal -1 0 0
    outer loop
      vertex 47.25 29.2 2.63
      vertex 47.25 28.419999999999998 2.6499999999999995
      vertex 47.25 29.2 2.6499999999999995
    endloop
  endfacet
  facet normal 0 1 0
    outer loop
      vertex 47.25 29.2 0.6
      vertex 47.25 29.2 1.4
      vertex 146 29.2 0.6
    endloop
  endfacet
  facet normal 0 1 0
    outer loop
      vertex 47.25 29.2 1.4
      vertex 47.25 29.2 2.63
      vertex 146 29.2 0.6
    endloop
  endfacet
  facet normal 0 1 0
    outer loop
      vertex 47.25 29.2 2.63
      vertex 146 29.2 2.63
      vertex 146 29.2 0.6
    endloop
  endfacet
  facet normal -1 0 0
    outer loop
      vertex 47.25 29.2 2.63
      vertex 47.25 29.2 2.6499999999999995
      vertex 47.25 30.5 2.63
    endloop
  endfacet
  facet normal -1 0 0
    outer loop
      vertex 47.25 29.2 2.6499999999999995
      vertex 47.25 30.5 3.44
      vertex 47.25 30.5 2.63
    endloop
  endfacet
  facet normal -1 0 0
    outer loop
      vertex 47.25 28.4 3.44
      vertex 47.25 28.419999999999998 2.6499999999999995
      vertex 47.25 28.4 2.6499999999999995
    endloop
  endfacet
  facet normal -1 0 0
    outer loop
      vertex 47.25 29.2 2.6499999999999995
      vertex 47.25 28.419999999999998 2.6499999999999995
      vertex 47.25 28.4 3.44
    endloop
  endfacet
  facet normal -1 0 0
    outer loop
      vertex 47.25 29.2 2.6499999999999995
      vertex 47.25 28.4 3.44
      vertex 47.25 30.5 3.44
    endloop
  endfacet
  facet normal 0 0 -1
    outer loop
      vertex 47.25 29.2 2.63
      vertex 47.25 30.5 2.63
      vertex 146 29.2 2.63
    endloop
  endfacet
  facet normal 0 1 0
    outer loop
      vertex 47.25 30.5 2.63
      vertex 47.25 30.5 3.44
      vertex 146 30.5 2.63
    endloop
  endfacet
  facet normal 0 -1 0
    outer loop
      vertex 47.25 28.4 3.44
      vertex 47.25 28.4 2.6499999999999995
      vertex 146 28.4 3.44
    endloop
  endfacet
  facet normal 0 0 1
    outer loop
      vertex 47.25 28.4 3.44
      vertex 146 30.5 3.44
      vertex 47.25 30.5 3.44
    endloop
  endfacet
  facet normal 0 0 -1
    outer loop
      vertex 47.25 30.5 2.63
      vertex 146 30.5 2.63
      vertex 146 29.2 2.63
    endloop
  endfacet
  facet normal 0 -1 0
    outer loop
      vertex 146 28.4 3.44
      vertex 47.25 28.4 2.6499999999999995
      vertex 146 28.4 2.6499999999999995
    endloop
  endfacet
  facet normal 0 1 0
    outer loop
      vertex 47.25 30.5 3.44
      vertex 146 30.5 3.44
      vertex 146 30.5 2.63
    endloop
  endfacet
  facet normal 0 0 1
    outer loop
      vertex 47.25 28.4 3.44
      vertex 146 28.4 3.44
      vertex 146 30.5 3.44
    endloop
  endfacet
  facet normal -1 0 0
    outer loop
      vertex 47.25 37.8 1.4
      vertex 47.25 37.8 2.63
      vertex 47.25 38.58 1.4
    endloop
  endfacet
  facet normal -1 0 0
    outer loop
      vertex 47.25 37.8 2.63
      vertex 47.25 37.8 2.6499999999999995
      vertex 47.25 38.58 1.4
    endloop
  endfacet
  facet normal -1 0 0
    outer loop
      vertex 47.25 37.8 2.6499999999999995
      vertex 47.25 38.58 2.6499999999999995
      vertex 47.25 38.58 1.4
    endloop
  endfacet
  facet normal 0 -1 0
    outer loop
      vertex 47.25 37.8 0.6
      vertex 146 37.8 0.6
      vertex 47.25 37.8 1.4
    endloop
  endfacet
  facet normal 0 -1 0
    outer loop
      vertex 47.25 37.8 1.4
      vertex 146 37.8 0.6
      vertex 47.25 37.8 2.63
    endloop
  endfacet
  facet normal 0 -1 0
    outer loop
      vertex 47.25 37.8 2.63
      vertex 146 37.8 0.6
      vertex 146 37.8 2.63
    endloop
  endfacet
  facet normal -1 0 0
    outer loop
      vertex 47.25 36.5 2.63
      vertex 47.25 37.8 2.6499999999999995
      vertex 47.25 37.8 2.63
    endloop
  endfacet
  facet normal -1 0 0
    outer loop
      vertex 47.25 36.5 2.63
      vertex 47.25 38.6 3.44
      vertex 47.25 37.8 2.6499999999999995
    endloop
  endfacet
  facet normal -1 0 0
    outer loop
      vertex 47.25 37.8 2.6499999999999995
      vertex 47.25 38.6 3.44
      vertex 47.25 38.58 2.6499999999999995
    endloop
  endfacet
  facet normal -1 0 0
    outer loop
      vertex 47.25 38.6 3.44
      vertex 47.25 38.599999999999994 2.6499999999999995
      vertex 47.25 38.58 2.6499999999999995
    endloop
  endfacet
  facet normal -1 0 0
    outer loop
      vertex 47.25 36.5 2.63
      vertex 47.25 36.5 3.44
      vertex 47.25 38.6 3.44
    endloop
  endfacet
  facet normal 0 0 -1
    outer loop
      vertex 47.25 36.5 2.63
      vertex 47.25 37.8 2.63
      vertex 146 36.5 2.63
    endloop
  endfacet
  facet normal 0 -1 0
    outer loop
      vertex 47.25 36.5 2.63
      vertex 146 36.5 3.44
      vertex 47.25 36.5 3.44
    endloop
  endfacet
  facet normal 0 1 -8.994211845064554e-15
    outer loop
      vertex 47.25 38.6 3.44
      vertex 146 38.6 3.44
      vertex 47.25 38.599999999999994 2.6499999999999995
    endloop
  endfacet
  facet normal 0 0 1
    outer loop
      vertex 47.25 36.5 3.44
      vertex 146 38.6 3.44
      vertex 47.25 38.6 3.44
    endloop
  endfacet
  facet normal 0 0 -1
    outer loop
      vertex 47.25 37.8 2.63
      vertex 146 37.8 2.63
      vertex 146 36.5 2.63
    endloop
  endfacet
  facet normal 0 -1 0
    outer loop
      vertex 47.25 36.5 2.63
      vertex 146 36.5 2.63
      vertex 146 36.5 3.44
    endloop
  endfacet
  facet normal 0 1 -8.994211845064554e-15
    outer loop
      vertex 146 38.6 3.44
      vertex 146 38.599999999999994 2.6499999999999995
      vertex 47.25 38.599999999999994 2.6499999999999995
    endloop
  endfacet
  facet normal 0 0 1
    outer loop
      vertex 47.25 36.5 3.44
      vertex 146 36.5 3.44
      vertex 146 38.6 3.44
    endloop
  endfacet
  facet normal 1 0 0
    outer loop
      vertex 41.25 29.2 0.6
      vertex 41.25 37.8 0.6
      vertex 41.25 29.2 1.4
    endloop
  endfacet
  facet normal -1 0 0
    outer loop
      vertex 40.05 28.419999999999998 0.6
      vertex 40.05 28.419999999999998 1.5559585492227979
      vertex 40.05 38.58 0.6
    endloop
  endfacet
  facet normal 1 0 0
    outer loop
      vertex 41.25 37.8 0.6
      vertex 41.25 37.8 1.4
      vertex 41.25 29.2 1.4
    endloop
  endfacet
  facet normal -1 0 0
    outer loop
      vertex 40.05 38.58133462882827 2.396706110969697
      vertex 40.05 38.599999999999994 0.6380118465104206
      vertex 40.05 38.58407766990291 0.6
    endloop
  endfacet
  facet normal -1 0 0
    outer loop
      vertex 40.05 28.4 2.4
      vertex 40.05 38.58 0.6
      vertex 40.05 28.419999999999998 1.5559585492227979
    endloop
  endfacet
  facet normal 1 0 0
    outer loop
      vertex 41.25 29.2 1.4
      vertex 41.25 28.419999999999998 2.4
      vertex 41.25 28.419999999999998 1.4
    endloop
  endfacet
  facet normal 1 0 0
    outer loop
      vertex 41.25 37.8 1.4
      vertex 41.25 28.419999999999998 2.4
      vertex 41.25 29.2 1.4
    endloop
  endfacet
  facet normal -1 0 0
    outer loop
      vertex 40.05 38.58 0.6
      vertex 40.05 28.4 2.4
      vertex 40.05 28.419999999999998 2.4
    endloop
  endfacet
  facet normal -1 0 0
    outer loop
      vertex 40.05 28.4 2.4
      vertex 40.05 28.419999999999998 1.5559585492227979
      vertex 40.05 28.4 1.5450955891540672
    endloop
  endfacet
  facet normal -1 0 0
    outer loop
      vertex 40.05 28.419999999999998 2.4
      vertex 40.05 38.58 2.4
      vertex 40.05 38.58 0.6
    endloop
  endfacet
  facet normal 1 0 0
    outer loop
      vertex 41.25 37.8 1.4
      vertex 41.25 38.58 1.4
      vertex 41.25 38.58 2.4
    endloop
  endfacet
  facet normal -1 0 0
    outer loop
      vertex 40.05 38.599999999999994 2.4
      vertex 40.05 38.599999999999994 0.6380118465104206
      vertex 40.05 38.58133462882827 2.396706110969697
    endloop
  endfacet
  facet normal 1 0 0
    outer loop
      vertex 41.25 37.8 1.4
      vertex 41.25 38.58 2.4
      vertex 41.25 28.419999999999998 2.4
    endloop
  endfacet
  facet normal 0 0 1
    outer loop
      vertex 41.25 28.419999999999998 2.4
      vertex 40.05 38.58 2.4
      vertex 40.05 28.419999999999998 2.4
    endloop
  endfacet
  facet normal 0 0 1
    outer loop
      vertex 41.25 28.419999999999998 2.4
      vertex 41.25 38.58 2.4
      vertex 40.05 38.58 2.4
    endloop
  endfacet
  facet normal -1 0 0
    outer loop
      vertex 40.05 38.599999999999994 2.4
      vertex 40.05 38.58133462882827 2.396706110969697
      vertex 40.05 38.58 2.4
    endloop
  endfacet
  facet normal 0 1 0
    outer loop
      vertex 12.25 39.599999999999994 0.6
      vertex 33.46 39.599999999999994 1.29
      vertex 33.46 39.599999999999994 0.6
    endloop
  endfacet
  facet normal 1 0 0
    outer loop
      vertex 33.46 38.8 0.6
      vertex 33.46 39.2 0.6
      vertex 33.46 38.8 1.117500000000003
    endloop
  endfacet
  facet normal 1 0 0
    outer loop
      vertex 33.46 39.2 0.6
      vertex 33.46 39.599999999999994 0.6
      vertex 33.46 39.599999999999994 1.29
    endloop
  endfacet
  facet normal 0 1 0
    outer loop
      vertex 12.25 39.599999999999994 0.6
      vertex 12.25 39.599999999999994 1.2899999999999998
      vertex 33.46 39.599999999999994 1.29
    endloop
  endfacet
  facet normal 1 0 0
    outer loop
      vertex 33.46 39.2 0.6
      vertex 33.46 39.599999999999994 1.29
      vertex 33.46 39.2 1.2899999999999998
    endloop
  endfacet
  facet normal 1.0468863975720475e-17 0 -1
    outer loop
      vertex 12.25 39.599999999999994 1.2899999999999998
      vertex 12.25 40.9 1.2899999999999998
      vertex 33.46 39.599999999999994 1.29
    endloop
  endfacet
  facet normal 1.0473802119105248e-17 8.056770860848562e-20 -1
    outer loop
      vertex 12.25 40.9 1.2899999999999998
      vertex 33.45 40.9 1.29
      vertex 33.46 39.599999999999994 1.29
    endloop
  endfacet
  facet normal 0 0 -1
    outer loop
      vertex 33.46 39.599999999999994 1.29
      vertex 33.45 40.9 1.29
      vertex 33.46 40.89611111111111 1.29
    endloop
  endfacet
  facet normal -2.220446049250755e-14 -5.709718412359663e-14 -1
    outer loop
      vertex 33.45 40.9 1.29
      vertex 33.46 40.9 1.2899999999999998
      vertex 33.46 40.89611111111111 1.29
    endloop
  endfacet
  facet normal 0 1 0
    outer loop
      vertex 33.45 40.9 1.29
      vertex 33.45 40.9 2.0999999999999996
      vertex 33.46 40.9 1.2899999999999998
    endloop
  endfacet
  facet normal 1 0 0
    outer loop
      vertex 33.46 40.89611111111111 1.29
      vertex 33.46 40.9 1.2899999999999998
      vertex 33.46 40.9 2.0999999999999996
    endloop
  endfacet
  facet normal 0 1 0
    outer loop
      vertex 33.46 40.9 1.2899999999999998
      vertex 33.45 40.9 2.0999999999999996
      vertex 33.46 40.9 2.0999999999999996
    endloop
  endfacet
  facet normal 1 0 0
    outer loop
      vertex 33.46 40.89611111111111 1.29
      vertex 33.46 40.9 2.0999999999999996
      vertex 33.46 40.89611111111111 2.0999999999999996
    endloop
  endfacet
  facet normal 0 0 1
    outer loop
      vertex 33.45 40.9 2.0999999999999996
      vertex 33.46 40.89611111111111 2.0999999999999996
      vertex 33.46 40.9 2.0999999999999996
    endloop
  endfacet
  facet normal 5.091098049378391e-17 5.551115123125901e-16 -1
    outer loop
      vertex 33.46 39.2 1.2899999999999998
      vertex 33.46 39.599999999999994 1.29
      vertex 37.82142857142856 39.2 1.29
    endloop
  endfacet
  facet normal 0 0 -1
    outer loop
      vertex 33.46 39.599999999999994 1.29
      vertex 33.46 40.89611111111111 1.29
      vertex 37.82142857142856 39.2 1.29
    endloop
  endfacet
  facet normal 0 1 0
    outer loop
      vertex 12.25 40.9 1.2899999999999998
      vertex 12.25 40.9 2.1100000000000003
      vertex 33.45 40.9 1.29
    endloop
  endfacet
  facet normal 0.3624462611549486 0.9320046715412958 0
    outer loop
      vertex 33.46 40.89611111111111 1.29
      vertex 33.46 40.89611111111111 2.0999999999999996
      vertex 37.82142857142856 39.2 1.29
    endloop
  endfacet
  facet normal 0 0 -1
    outer loop
      vertex 37.82142857142856 38.8 1.29
      vertex 37.95 38.85 1.29
      vertex 37.95 38.8 1.29
    endloop
  endfacet
  facet normal 0 -1 0
    outer loop
      vertex 37.82142857142856 38.8 1.29
      vertex 37.95 38.8 1.29
      vertex 37.95 38.8 2.1100000000000003
    endloop
  endfacet
  facet normal 1 0 0
    outer loop
      vertex 37.95 38.8 1.29
      vertex 37.95 38.85 1.29
      vertex 37.95 38.85 2.1100000000000003
    endloop
  endfacet
  facet normal 0 0 1
    outer loop
      vertex 12.25 39.19864341085272 2.1100000000000003
      vertex 15.716415186176732 39.15161839863714 2.1100000000000003
      vertex 12.25 40.9 2.1100000000000003
    endloop
  endfacet
  facet normal 0 1 0
    outer loop
      vertex 33.45 40.9 1.29
      vertex 12.25 40.9 2.1100000000000003
      vertex 33.45 40.9 2.0999999999999996
    endloop
  endfacet
  facet normal 0 0 1
    outer loop
      vertex 15.716415186176732 39.15161839863714 2.1100000000000003
      vertex 33.45 40.9 2.1100000000000003
      vertex 12.25 40.9 2.1100000000000003
    endloop
  endfacet
  facet normal 0 1 0
    outer loop
      vertex 12.25 40.9 2.1100000000000003
      vertex 33.45 40.9 2.1100000000000003
      vertex 33.45 40.9 2.0999999999999996
    endloop
  endfacet
  facet normal 0.3624462611549599 0.9320046715412916 4.043700113717266e-14
    outer loop
      vertex 37.82142857142856 39.2 1.29
      vertex 33.46 40.89611111111111 2.0999999999999996
      vertex 33.45 40.9 2.1100000000000003
    endloop
  endfacet
  facet normal 0.3624462611549485 0.9320046715412958 0
    outer loop
      vertex 37.82142857142856 39.2 1.29
      vertex 33.45 40.9 2.1100000000000003
      vertex 37.82142857142856 39.2 2.1100000000000003
    endloop
  endfacet
  facet normal 0 0 1
    outer loop
      vertex 15.716415186176732 39.15161839863714 2.1100000000000003
      vertex 37.856453952139226 38.843654822335026 2.1100000000000003
      vertex 33.45 40.9 2.1100000000000003
    endloop
  endfacet
  facet normal 0.36244626115491646 0.9320046715413083 0
    outer loop
      vertex 33.45 40.9 2.0999999999999996
      vertex 33.45 40.9 2.1100000000000003
      vertex 33.46 40.89611111111111 2.0999999999999996
    endloop
  endfacet
  facet normal 0 0 -1
    outer loop
      vertex 33.45 40.9 2.1100000000000003
      vertex 37.856453952139226 38.843654822335026 2.1100000000000003
      vertex 37.8396492728828 38.85149700598802 2.1100000000000003
    endloop
  endfacet
  facet normal 0 0 1
    outer loop
      vertex 33.45 40.9 2.1100000000000003
      vertex 37.8396492728828 38.85149700598802 2.1100000000000003
      vertex 37.82142857142856 39.2 2.1100000000000003
    endloop
  endfacet
  facet normal 0 -1 0
    outer loop
      vertex 37.82142857142856 38.8 1.29
      vertex 37.95 38.8 2.1100000000000003
      vertex 37.82142857142856 38.8 2.1100000000000003
    endloop
  endfacet
  facet normal 1 0 0
    outer loop
      vertex 37.95 38.8 1.29
      vertex 37.95 38.85 2.1100000000000003
      vertex 37.95 38.8 2.1100000000000003
    endloop
  endfacet
  facet normal 1 0 0
    outer loop
      vertex 37.95 39.15 1.4071428571428668
      vertex 37.95 39.15 2.1100000000000003
      vertex 37.95 38.85 2.1100000000000003
    endloop
  endfacet
  facet normal 0 0 1
    outer loop
      vertex 37.21285714285708 38.8 2.1100000000000003
      vertex 37.82142857142856 38.8 2.1100000000000003
      vertex 37.856453952139226 38.843654822335026 2.1100000000000003
    endloop
  endfacet
  facet normal 0 0 1
    outer loop
      vertex 37.856453952139226 38.843654822335026 2.1100000000000003
      vertex 37.82142857142856 38.8 2.1100000000000003
      vertex 37.95 38.8 2.1100000000000003
    endloop
  endfacet
  facet normal 0 0 1
    outer loop
      vertex 37.856453952139226 38.843654822335026 2.1100000000000003
      vertex 37.95 38.8 2.1100000000000003
      vertex 37.95 38.85 2.1100000000000003
    endloop
  endfacet
  facet normal 0 0 1
    outer loop
      vertex 37.8396492728828 38.85149700598802 2.1100000000000003
      vertex 37.95 38.85 2.1100000000000003
      vertex 37.95 39.15 2.1100000000000003
    endloop
  endfacet
  facet normal 0 0 1
    outer loop
      vertex 37.8396492728828 38.85149700598802 2.1100000000000003
      vertex 37.95 39.15 2.1100000000000003
      vertex 37.82142857142856 39.2 2.1100000000000003
    endloop
  endfacet
  facet normal 0 -1 0
    outer loop
      vertex 12.25 49.4 0.6
      vertex 33.46 49.4 0.6
      vertex 33.46 49.4 1.29
    endloop
  endfacet
  facet normal 1 0 0
    outer loop
      vertex 33.46 49.4 0.6
      vertex 33.46 49.8 0.6
      vertex 33.46 49.8 1.1175000000000002
    endloop
  endfacet
  facet normal 0 -1 0
    outer loop
      vertex 12.25 49.4 0.6
      vertex 33.46 49.4 1.29
      vertex 12.25 49.4 1.2899999999999998
    endloop
  endfacet
  facet normal 1 0 0
    outer loop
      vertex 33.46 49.4 0.6
      vertex 33.46 49.8 1.1175000000000002
      vertex 33.46 49.4 1.29
    endloop
  endfacet
  facet normal 1 0 0
    outer loop
      vertex 33.46 50.199999999999996 0.6
      vertex 33.46 50.199999999999996 1.29
      vertex 33.46 49.8 1.1175000000000002
    endloop
  endfacet
  facet normal 1 0 0
    outer loop
      vertex 33.46 49.8 1.1175000000000002
      vertex 33.46 49.8 1.29
      vertex 33.46 49.4 1.29
    endloop
  endfacet
  facet normal 1 0 0
    outer loop
      vertex 33.46 49.8 1.1175000000000002
      vertex 33.46 50.199999999999996 1.29
      vertex 33.46 49.8 1.29
    endloop
  endfacet
  facet normal 0 -1.7080354225002353e-16 -1
    outer loop
      vertex 12.25 48.099999999999994 1.29
      vertex 12.25 49.4 1.2899999999999998
      vertex 33.45 48.099999999999994 1.29
    endloop
  endfacet
  facet normal -2.2204460492250137e-14 -3.622743131081742e-13 -1
    outer loop
      vertex 33.45 48.099999999999994 1.29
      vertex 12.25 49.4 1.2899999999999998
      vertex 33.46 48.1 1.2899999999999998
    endloop
  endfacet
  facet normal 3.4995916718911396e-15 5.709718412370096e-14 -1
    outer loop
      vertex 33.46 48.1 1.2899999999999998
      vertex 12.25 49.4 1.2899999999999998
      vertex 33.46 48.10388888888888 1.29
    endloop
  endfacet
  facet normal 1.0468863975720476e-17 0 -1
    outer loop
      vertex 33.46 48.10388888888888 1.29
      vertex 12.25 49.4 1.2899999999999998
      vertex 33.46 49.4 1.29
    endloop
  endfacet
  facet normal 7.105427357602415e-13 -1 0
    outer loop
      vertex 33.45 48.099999999999994 1.29
      vertex 33.46 48.1 1.2899999999999998
      vertex 33.46 48.1 2.0999999999999996
    endloop
  endfacet
  facet normal 1 0 0
    outer loop
      vertex 33.46 48.1 1.2899999999999998
      vertex 33.46 48.10388888888888 1.29
      vertex 33.46 48.10388888888888 2.0999999999999996
    endloop
  endfacet
  facet normal 0 -1 8.772132540248155e-15
    outer loop
      vertex 33.45 48.099999999999994 1.29
      vertex 33.46 48.1 2.0999999999999996
      vertex 33.450000000000024 48.1 2.0999999999999996
    endloop
  endfacet
  facet normal 1 0 0
    outer loop
      vertex 33.46 48.1 1.2899999999999998
      vertex 33.46 48.10388888888888 2.0999999999999996
      vertex 33.46 48.1 2.0999999999999996
    endloop
  endfacet
  facet normal 0 0 1
    outer loop
      vertex 33.450000000000024 48.1 2.0999999999999996
      vertex 33.46 48.1 2.0999999999999996
      vertex 33.46 48.10388888888888 2.0999999999999996
    endloop
  endfacet
  facet normal 0 0 -1
    outer loop
      vertex 33.46 48.10388888888888 1.29
      vertex 33.46 49.4 1.29
      vertex 37.09317519215479 49.8 1.29
    endloop
  endfacet
  facet normal 0 0 -1
    outer loop
      vertex 33.46 49.4 1.29
      vertex 33.46 49.8 1.29
      vertex 37.821428571428584 50.139977728285075 1.29
    endloop
  endfacet
  facet normal 0 0 -1
    outer loop
      vertex 33.46 49.8 1.29
      vertex 33.46 50.199999999999996 1.29
      vertex 37.45111111111114 50.199999999999996 1.29
    endloop
  endfacet
  facet normal 0 0 -1
    outer loop
      vertex 33.46 48.10388888888888 1.29
      vertex 37.09317519215479 49.8 1.29
      vertex 37.821428571428584 49.8 1.29
    endloop
  endfacet
  facet normal 0 0 -1
    outer loop
      vertex 33.46 49.4 1.29
      vertex 37.821428571428584 50.139977728285075 1.29
      vertex 37.09317519215479 49.8 1.29
    endloop
  endfacet
  facet normal 0 -1 8.772132540248155e-15
    outer loop
      vertex 12.25 48.099999999999994 1.29
      vertex 33.45 48.099999999999994 1.29
      vertex 33.450000000000024 48.1 2.0999999999999996
    endloop
  endfacet
  facet normal 0.3624462611549483 -0.932004671541296 5.782528659700572e-17
    outer loop
      vertex 33.46 48.10388888888888 1.29
      vertex 37.821428571428584 49.8 1.29
      vertex 37.821428571428584 49.8 2.1100000000000003
    endloop
  endfacet
  facet normal 0 0 -1
    outer loop
      vertex 37.821428571428584 50.199999999999996 1.29
      vertex 37.95 50.199999999999996 1.29
      vertex 37.95 50.15 1.29
    endloop
  endfacet
  facet normal 1 0 0
    outer loop
      vertex 37.95 50.15 1.29
      vertex 37.95 50.199999999999996 1.29
      vertex 37.95 50.15 1.4071428571428501
    endloop
  endfacet
  facet normal 1 0 0
    outer loop
      vertex 37.95 49.849999999999994 1.29
      vertex 37.95 50.15 1.29
      vertex 37.95 49.849999999999994 2.1100000000000003
    endloop
  endfacet
  facet normal 0 1 0
    outer loop
      vertex 37.821428571428584 50.199999999999996 1.29
      vertex 37.821428571428584 50.199999999999996 2.1100000000000003
      vertex 37.95 50.199999999999996 1.29
    endloop
  endfacet
  facet normal 1 0 0
    outer loop
      vertex 37.95 50.15 1.29
      vertex 37.95 50.15 1.4071428571428501
      vertex 37.95 49.849999999999994 2.1100000000000003
    endloop
  endfacet
  facet normal 1 0 0
    outer loop
      vertex 37.95 50.199999999999996 1.29
      vertex 37.95 50.199999999999996 2.1100000000000003
      vertex 37.95 50.15 1.4071428571428501
    endloop
  endfacet
  facet normal 0 -1 0
    outer loop
      vertex 12.25 48.099999999999994 1.29
      vertex 33.45 48.099999999999994 2.1100000000000003
      vertex 12.25 48.099999999999994 2.1100000000000003
    endloop
  endfacet
  facet normal 2.7483256760528143e-14 -1 -7.105427357599958e-13
    outer loop
      vertex 12.25 48.099999999999994 1.29
      vertex 33.450000000000024 48.1 2.0999999999999996
      vertex 33.45 48.099999999999994 2.1100000000000003
    endloop
  endfacet
  facet normal 0 0 1
    outer loop
      vertex 12.25 48.099999999999994 2.1100000000000003
      vertex 37.09285714285715 50.199999999999996 2.1100000000000003
      vertex 12.25 50.199999999999996 2.1100000000000003
    endloop
  endfacet
  facet normal 0.3624462611549484 -0.932004671541296 0
    outer loop
      vertex 33.46 48.10388888888888 1.29
      vertex 37.821428571428584 49.8 2.1100000000000003
      vertex 33.46 48.10388888888888 2.0999999999999996
    endloop
  endfacet
  facet normal 0 0 1
    outer loop
      vertex 12.25 48.099999999999994 2.1100000000000003
      vertex 33.45 48.099999999999994 2.1100000000000003
      vertex 37.821428571428584 49.8 2.1100000000000003
    endloop
  endfacet
  facet normal 0 0 1
    outer loop
      vertex 12.25 48.099999999999994 2.1100000000000003
      vertex 37.95 49.849999999999994 2.1100000000000003
      vertex 37.09285714285715 50.199999999999996 2.1100000000000003
    endloop
  endfacet
  facet normal 0 0 1
    outer loop
      vertex 12.25 48.099999999999994 2.1100000000000003
      vertex 37.821428571428584 49.8 2.1100000000000003
      vertex 37.891558441558445 49.82727272727272 2.1100000000000003
    endloop
  endfacet
  facet normal 0 0 1
    outer loop
      vertex 12.25 48.099999999999994 2.1100000000000003
      vertex 37.891558441558445 49.82727272727272 2.1100000000000003
      vertex 37.95 49.849999999999994 2.1100000000000003
    endloop
  endfacet
  facet normal 0.36244626115501233 -0.9320046715412711 -3.2118372412652334e-11
    outer loop
      vertex 33.450000000000024 48.1 2.0999999999999996
      vertex 33.46 48.10388888888888 2.0999999999999996
      vertex 37.821428571428584 49.8 2.1100000000000003
    endloop
  endfacet
  facet normal 0.3624462611549483 -0.9320046715412961 1.1037152484301654e-13
    outer loop
      vertex 33.450000000000024 48.1 2.0999999999999996
      vertex 37.821428571428584 49.8 2.1100000000000003
      vertex 33.45 48.099999999999994 2.1100000000000003
    endloop
  endfacet
  facet normal 0 1 0
    outer loop
      vertex 37.95 50.199999999999996 1.29
      vertex 37.821428571428584 50.199999999999996 2.1100000000000003
      vertex 37.95 50.199999999999996 2.1100000000000003
    endloop
  endfacet
  facet normal 1 0 0
    outer loop
      vertex 37.95 50.15 1.4071428571428501
      vertex 37.95 50.199999999999996 2.1100000000000003
      vertex 37.95 50.15 2.1100000000000003
    endloop
  endfacet
  facet normal 0 0 1
    outer loop
      vertex 37.09285714285715 50.199999999999996 2.1100000000000003
      vertex 37.95 50.15 2.1100000000000003
      vertex 37.821428571428584 50.199999999999996 2.1100000000000003
    endloop
  endfacet
  facet normal 0 0 1
    outer loop
      vertex 37.09285714285715 50.199999999999996 2.1100000000000003
      vertex 37.95 49.849999999999994 2.1100000000000003
      vertex 37.95 50.15 2.1100000000000003
    endloop
  endfacet
  facet normal 0 0 1
    outer loop
      vertex 37.821428571428584 50.199999999999996 2.1100000000000003
      vertex 37.95 50.15 2.1100000000000003
      vertex 37.95 50.199999999999996 2.1100000000000003
    endloop
  endfacet
  facet normal 0 1 0
    outer loop
      vertex 41.25 40.199999999999996 0.6
      vertex 47.25 40.199999999999996 1.4
      vertex 47.25 40.199999999999996 0.6
    endloop
  endfacet
  facet normal 0 1 0
    outer loop
      vertex 41.25 40.199999999999996 0.6
      vertex 41.25 40.199999999999996 1.4
      vertex 47.25 40.199999999999996 1.4
    endloop
  endfacet
  facet normal 0 0 1
    outer loop
      vertex 41.25 40.199999999999996 1.4
      vertex 41.25 39.42 1.4
      vertex 47.25 39.42 1.4
    endloop
  endfacet
  facet normal 0 0 1
    outer loop
      vertex 41.25 40.199999999999996 1.4
      vertex 47.25 39.42 1.4
      vertex 47.25 40.199999999999996 1.4
    endloop
  endfacet
  facet normal 0 -1 0
    outer loop
      vertex 41.25 48.8 0.6
      vertex 47.25 48.8 0.6
      vertex 41.25 48.8 1.4
    endloop
  endfacet
  facet normal 0 -1 0
    outer loop
      vertex 47.25 48.8 0.6
      vertex 47.25 48.8 1.4
      vertex 41.25 48.8 1.4
    endloop
  endfacet
  facet normal 0 0 1
    outer loop
      vertex 41.25 48.8 1.4
      vertex 47.25 48.8 1.4
      vertex 41.25 49.58 1.4
    endloop
  endfacet
  facet normal 0 0 1
    outer loop
      vertex 47.25 48.8 1.4
      vertex 47.25 49.58 1.4
      vertex 41.25 49.58 1.4
    endloop
  endfacet
  facet normal -1 0 0
    outer loop
      vertex 47.25 40.199999999999996 1.4
      vertex 47.25 39.42 1.4
      vertex 47.25 39.42 2.6499999999999995
    endloop
  endfacet
  facet normal -1 0 0
    outer loop
      vertex 47.25 40.199999999999996 1.4
      vertex 47.25 39.42 2.6499999999999995
      vertex 47.25 40.199999999999996 2.63
    endloop
  endfacet
  facet normal -1 0 0
    outer loop
      vertex 47.25 40.199999999999996 2.63
      vertex 47.25 39.42 2.6499999999999995
      vertex 47.25 40.199999999999996 2.6499999999999995
    endloop
  endfacet
  facet normal 0 1 0
    outer loop
      vertex 47.25 40.199999999999996 0.6
      vertex 47.25 40.199999999999996 1.4
      vertex 146 40.199999999999996 0.6
    endloop
  endfacet
  facet normal 0 1 0
    outer loop
      vertex 47.25 40.199999999999996 1.4
      vertex 47.25 40.199999999999996 2.63
      vertex 146 40.199999999999996 0.6
    endloop
  endfacet
  facet normal 0 1 0
    outer loop
      vertex 47.25 40.199999999999996 2.63
      vertex 146 40.199999999999996 2.63
      vertex 146 40.199999999999996 0.6
    endloop
  endfacet
  facet normal -1 0 0
    outer loop
      vertex 47.25 40.199999999999996 2.63
      vertex 47.25 40.199999999999996 2.6499999999999995
      vertex 47.25 41.5 2.63
    endloop
  endfacet
  facet normal -1 0 0
    outer loop
      vertex 47.25 41.5 2.63
      vertex 47.25 40.199999999999996 2.6499999999999995
      vertex 47.25 41.5 3.44
    endloop
  endfacet
  facet normal -1 0 0
    outer loop
      vertex 47.25 39.4 3.44
      vertex 47.25 39.42 2.6499999999999995
      vertex 47.25 39.4 2.6499999999999995
    endloop
  endfacet
  facet normal -1 0 0
    outer loop
      vertex 47.25 40.199999999999996 2.6499999999999995
      vertex 47.25 39.42 2.6499999999999995
      vertex 47.25 39.4 3.44
    endloop
  endfacet
  facet normal -1 0 0
    outer loop
      vertex 47.25 40.199999999999996 2.6499999999999995
      vertex 47.25 39.4 3.44
      vertex 47.25 41.5 3.44
    endloop
  endfacet
  facet normal 0 0 -1
    outer loop
      vertex 47.25 40.199999999999996 2.63
      vertex 47.25 41.5 2.63
      vertex 146 40.199999999999996 2.63
    endloop
  endfacet
  facet normal 0 1 0
    outer loop
      vertex 47.25 41.5 2.63
      vertex 47.25 41.5 3.44
      vertex 146 41.5 2.63
    endloop
  endfacet
  facet normal 0 -1 0
    outer loop
      vertex 47.25 39.4 3.44
      vertex 47.25 39.4 2.6499999999999995
      vertex 146 39.4 3.44
    endloop
  endfacet
  facet normal 0 0 1
    outer loop
      vertex 47.25 39.4 3.44
      vertex 146 41.5 3.44
      vertex 47.25 41.5 3.44
    endloop
  endfacet
  facet normal 0 0 -1
    outer loop
      vertex 47.25 41.5 2.63
      vertex 146 41.5 2.63
      vertex 146 40.199999999999996 2.63
    endloop
  endfacet
  facet normal 0 -1 0
    outer loop
      vertex 146 39.4 3.44
      vertex 47.25 39.4 2.6499999999999995
      vertex 146 39.4 2.6499999999999995
    endloop
  endfacet
  facet normal 0 1 0
    outer loop
      vertex 47.25 41.5 3.44
      vertex 146 41.5 3.44
      vertex 146 41.5 2.63
    endloop
  endfacet
  facet normal 0 0 1
    outer loop
      vertex 47.25 39.4 3.44
      vertex 146 39.4 3.44
      vertex 146 41.5 3.44
    endloop
  endfacet
  facet normal -1 0 0
    outer loop
      vertex 47.25 48.8 1.4
      vertex 47.25 48.8 2.63
      vertex 47.25 49.58 1.4
    endloop
  endfacet
  facet normal -1 0 0
    outer loop
      vertex 47.25 48.8 2.63
      vertex 47.25 48.8 2.6499999999999995
      vertex 47.25 49.58 1.4
    endloop
  endfacet
  facet normal -1 0 0
    outer loop
      vertex 47.25 48.8 2.6499999999999995
      vertex 47.25 49.58 2.6499999999999995
      vertex 47.25 49.58 1.4
    endloop
  endfacet
  facet normal 0 -1 0
    outer loop
      vertex 47.25 48.8 0.6
      vertex 146 48.8 0.6
      vertex 47.25 48.8 1.4
    endloop
  endfacet
  facet normal 0 -1 0
    outer loop
      vertex 47.25 48.8 1.4
      vertex 146 48.8 0.6
      vertex 47.25 48.8 2.63
    endloop
  endfacet
  facet normal 0 -1 0
    outer loop
      vertex 47.25 48.8 2.63
      vertex 146 48.8 0.6
      vertex 146 48.8 2.63
    endloop
  endfacet
  facet normal -1 0 0
    outer loop
      vertex 47.25 47.5 2.63
      vertex 47.25 48.8 2.6499999999999995
      vertex 47.25 48.8 2.63
    endloop
  endfacet
  facet normal -1 0 0
    outer loop
      vertex 47.25 47.5 2.63
      vertex 47.25 49.6 3.44
      vertex 47.25 48.8 2.6499999999999995
    endloop
  endfacet
  facet normal -1 0 0
    outer loop
      vertex 47.25 48.8 2.6499999999999995
      vertex 47.25 49.6 3.44
      vertex 47.25 49.58 2.6499999999999995
    endloop
  endfacet
  facet normal -1 0 0
    outer loop
      vertex 47.25 49.6 3.44
      vertex 47.25 49.599999999999994 2.6499999999999995
      vertex 47.25 49.58 2.6499999999999995
    endloop
  endfacet
  facet normal -1 0 0
    outer loop
      vertex 47.25 47.5 2.63
      vertex 47.25 47.5 3.44
      vertex 47.25 49.6 3.44
    endloop
  endfacet
  facet normal 0 0 -1
    outer loop
      vertex 47.25 47.5 2.63
      vertex 47.25 48.8 2.63
      vertex 146 47.5 2.63
    endloop
  endfacet
  facet normal 0 -1 0
    outer loop
      vertex 47.25 47.5 2.63
      vertex 146 47.5 3.44
      vertex 47.25 47.5 3.44
    endloop
  endfacet
  facet normal 0 1 -8.994211845064554e-15
    outer loop
      vertex 47.25 49.6 3.44
      vertex 146 49.6 3.44
      vertex 47.25 49.599999999999994 2.6499999999999995
    endloop
  endfacet
  facet normal 0 0 1
    outer loop
      vertex 47.25 47.5 3.44
      vertex 146 49.6 3.44
      vertex 47.25 49.6 3.44
    endloop
  endfacet
  facet normal 0 0 -1
    outer loop
      vertex 47.25 48.8 2.63
      vertex 146 48.8 2.63
      vertex 146 47.5 2.63
    endloop
  endfacet
  facet normal 0 -1 0
    outer loop
      vertex 47.25 47.5 2.63
      vertex 146 47.5 2.63
      vertex 146 47.5 3.44
    endloop
  endfacet
  facet normal 0 1 -8.994211845064554e-15
    outer loop
      vertex 146 49.6 3.44
      vertex 146 49.599999999999994 2.6499999999999995
      vertex 47.25 49.599999999999994 2.6499999999999995
    endloop
  endfacet
  facet normal 0 0 1
    outer loop
      vertex 47.25 47.5 3.44
      vertex 146 47.5 3.44
      vertex 146 49.6 3.44
    endloop
  endfacet
  facet normal 1 0 0
    outer loop
      vertex 41.25 40.199999999999996 0.6
      vertex 41.25 48.8 0.6
      vertex 41.25 40.199999999999996 1.4
    endloop
  endfacet
  facet normal -1 0 0
    outer loop
      vertex 40.05 39.42 0.6
      vertex 40.05 39.42 1.5559585492227979
      vertex 40.05 49.58 0.6
    endloop
  endfacet
  facet normal 1 0 0
    outer loop
      vertex 41.25 48.8 0.6
      vertex 41.25 48.8 1.4
      vertex 41.25 40.199999999999996 1.4
    endloop
  endfacet
  facet normal -1 0 0
    outer loop
      vertex 40.05 49.58133462882827 2.396706110969697
      vertex 40.05 49.599999999999994 0.6380118465104206
      vertex 40.05 49.58407766990291 0.6
    endloop
  endfacet
  facet normal -1 0 0
    outer loop
      vertex 40.05 39.4 2.4
      vertex 40.05 49.58 0.6
      vertex 40.05 39.42 1.5559585492227979
    endloop
  endfacet
  facet normal 1 0 0
    outer loop
      vertex 41.25 40.199999999999996 1.4
      vertex 41.25 39.42 2.4
      vertex 41.25 39.42 1.4
    endloop
  endfacet
  facet normal 1 0 0
    outer loop
      vertex 41.25 48.8 1.4
      vertex 41.25 39.42 2.4
      vertex 41.25 40.199999999999996 1.4
    endloop
  endfacet
  facet normal -1 0 0
    outer loop
      vertex 40.05 49.58 0.6
      vertex 40.05 39.4 2.4
      vertex 40.05 39.42 2.4
    endloop
  endfacet
  facet normal -1 0 0
    outer loop
      vertex 40.05 39.4 2.4
      vertex 40.05 39.42 1.5559585492227979
      vertex 40.05 39.4 1.5450955891540654
    endloop
  endfacet
  facet normal -1 0 0
    outer loop
      vertex 40.05 39.42 2.4
      vertex 40.05 49.58 2.4
      vertex 40.05 49.58 0.6
    endloop
  endfacet
  facet normal 1 0 0
    outer loop
      vertex 41.25 48.8 1.4
      vertex 41.25 49.58 1.4
      vertex 41.25 49.58 2.4
    endloop
  endfacet
  facet normal -1 0 0
    outer loop
      vertex 40.05 49.599999999999994 2.4
      vertex 40.05 49.599999999999994 0.6380118465104206
      vertex 40.05 49.58133462882827 2.396706110969697
    endloop
  endfacet
  facet normal 1 0 0
    outer loop
      vertex 41.25 48.8 1.4
      vertex 41.25 49.58 2.4
      vertex 41.25 39.42 2.4
    endloop
  endfacet
  facet normal 0 0 1
    outer loop
      vertex 41.25 39.42 2.4
      vertex 40.05 49.58 2.4
      vertex 40.05 39.42 2.4
    endloop
  endfacet
  facet normal 0 0 1
    outer loop
      vertex 41.25 39.42 2.4
      vertex 41.25 49.58 2.4
      vertex 40.05 49.58 2.4
    endloop
  endfacet
  facet normal -1 0 0
    outer loop
      vertex 40.05 49.599999999999994 2.4
      vertex 40.05 49.58133462882827 2.396706110969697
      vertex 40.05 49.58 2.4
    endloop
  endfacet
  facet normal 0 1 0
    outer loop
      vertex 12.25 50.599999999999994 0.6
      vertex 12.25 50.599999999999994 1.2899999999999998
      vertex 33.46 50.599999999999994 0.6
    endloop
  endfacet
  facet normal 1 0 0
    outer loop
      vertex 33.46 49.8 0.6
      vertex 33.46 50.199999999999996 0.6
      vertex 33.46 49.8 1.1175000000000002
    endloop
  endfacet
  facet normal 1 0 0
    outer loop
      vertex 33.46 50.199999999999996 0.6
      vertex 33.46 50.599999999999994 0.6
      vertex 33.46 50.199999999999996 1.29
    endloop
  endfacet
  facet normal 0 1 0
    outer loop
      vertex 33.46 50.599999999999994 0.6
      vertex 12.25 50.599999999999994 1.2899999999999998
      vertex 33.46 50.599999999999994 1.29
    endloop
  endfacet
  facet normal 1 0 0
    outer loop
      vertex 33.46 50.599999999999994 0.6
      vertex 33.46 50.599999999999994 1.29
      vertex 33.46 50.199999999999996 1.29
    endloop
  endfacet
  facet normal 1.0468863975720475e-17 0 -1
    outer loop
      vertex 12.25 50.599999999999994 1.2899999999999998
      vertex 12.25 51.9 1.2899999999999998
      vertex 33.46 50.599999999999994 1.29
    endloop
  endfacet
  facet normal 1.0473802119105248e-17 8.056770860848562e-20 -1
    outer loop
      vertex 12.25 51.9 1.2899999999999998
      vertex 33.45 51.9 1.29
      vertex 33.46 50.599999999999994 1.29
    endloop
  endfacet
  facet normal 0 0 -1
    outer loop
      vertex 33.46 50.599999999999994 1.29
      vertex 33.45 51.9 1.29
      vertex 33.46 51.89611111111111 1.29
    endloop
  endfacet
  facet normal -2.220446049250755e-14 -5.709718412359663e-14 -1
    outer loop
      vertex 33.45 51.9 1.29
      vertex 33.46 51.9 1.2899999999999998
      vertex 33.46 51.89611111111111 1.29
    endloop
  endfacet
  facet normal 0 1 0
    outer loop
      vertex 33.45 51.9 1.29
      vertex 33.45 51.9 2.0999999999999996
      vertex 33.46 51.9 1.2899999999999998
    endloop
  endfacet
  facet normal 1 0 0
    outer loop
      vertex 33.46 51.89611111111111 1.29
      vertex 33.46 51.9 1.2899999999999998
      vertex 33.46 51.9 2.0999999999999996
    endloop
  endfacet
  facet normal 0 1 0
    outer loop
      vertex 33.46 51.9 1.2899999999999998
      vertex 33.45 51.9 2.0999999999999996
      vertex 33.46 51.9 2.0999999999999996
    endloop
  endfacet
  facet normal 1 0 0
    outer loop
      vertex 33.46 51.89611111111111 1.29
      vertex 33.46 51.9 2.0999999999999996
      vertex 33.46 51.89611111111111 2.0999999999999996
    endloop
  endfacet
  facet normal 0 0 1
    outer loop
      vertex 33.45 51.9 2.0999999999999996
      vertex 33.46 51.89611111111111 2.0999999999999996
      vertex 33.46 51.9 2.0999999999999996
    endloop
  endfacet
  facet normal 0 0 -1
    outer loop
      vertex 33.46 50.199999999999996 1.29
      vertex 33.46 50.599999999999994 1.29
      vertex 37.45111111111114 50.199999999999996 1.29
    endloop
  endfacet
  facet normal 0 0 -1
    outer loop
      vertex 33.46 50.599999999999994 1.29
      vertex 33.46 51.89611111111111 1.29
      vertex 37.821428571428584 50.199999999999996 1.29
    endloop
  endfacet
  facet normal 0 0 -1
    outer loop
      vertex 33.46 49.8 1.29
      vertex 37.45111111111114 50.199999999999996 1.29
      vertex 37.821428571428584 50.139977728285075 1.29
    endloop
  endfacet
  facet normal 0 0 -1
    outer loop
      vertex 33.46 50.599999999999994 1.29
      vertex 37.821428571428584 50.199999999999996 1.29
      vertex 37.45111111111114 50.199999999999996 1.29
    endloop
  endfacet
  facet normal 0 1 0
    outer loop
      vertex 12.25 51.9 1.2899999999999998
      vertex 12.25 51.9 2.1100000000000003
      vertex 33.45 51.9 1.29
    endloop
  endfacet
  facet normal 0.3624462611549483 0.932004671541296 -5.782528659700572e-17
    outer loop
      vertex 33.46 51.89611111111111 1.29
      vertex 37.821428571428584 50.199999999999996 2.1100000000000003
      vertex 37.821428571428584 50.199999999999996 1.29
    endloop
  endfacet
  facet normal 0 0 -1
    outer loop
      vertex 37.09317519215479 49.8 1.29
      vertex 37.821428571428584 50.139977728285075 1.29
      vertex 37.821428571428584 49.8 1.29
    endloop
  endfacet
  facet normal 0 0 -1
    outer loop
      vertex 37.821428571428584 49.8 1.29
      vertex 37.821428571428584 50.139977728285075 1.29
      vertex 37.95 49.8 1.29
    endloop
  endfacet
  facet normal 0 0 -1
    outer loop
      vertex 37.95 49.8 1.29
      vertex 37.821428571428584 50.139977728285075 1.29
      vertex 37.95 49.849999999999994 1.29
    endloop
  endfacet
  facet normal 0 0 -1
    outer loop
      vertex 37.45111111111114 50.199999999999996 1.29
      vertex 37.95 50.15 1.29
      vertex 37.821428571428584 50.139977728285075 1.29
    endloop
  endfacet
  facet normal 0 0 -1
    outer loop
      vertex 37.45111111111114 50.199999999999996 1.29
      vertex 37.821428571428584 50.199999999999996 1.29
      vertex 37.95 50.15 1.29
    endloop
  endfacet
  facet normal 0 0 -1
    outer loop
      vertex 37.95 49.849999999999994 1.29
      vertex 37.821428571428584 50.139977728285075 1.29
      vertex 37.95 50.15 1.29
    endloop
  endfacet
  facet normal 0 -1 0
    outer loop
      vertex 37.821428571428584 49.8 1.29
      vertex 37.95 49.8 1.29
      vertex 37.821428571428584 49.8 2.1100000000000003
    endloop
  endfacet
  facet normal 1 0 0
    outer loop
      vertex 37.95 49.8 1.29
      vertex 37.95 49.849999999999994 1.29
      vertex 37.95 49.8 2.1100000000000003
    endloop
  endfacet
  facet normal 0 1 0
    outer loop
      vertex 33.45 51.9 1.29
      vertex 12.25 51.9 2.1100000000000003
      vertex 33.45 51.9 2.0999999999999996
    endloop
  endfacet
  facet normal 0 0 1
    outer loop
      vertex 12.25 50.199999999999996 2.1100000000000003
      vertex 33.45 51.9 2.1100000000000003
      vertex 12.25 51.9 2.1100000000000003
    endloop
  endfacet
  facet normal 0 1 0
    outer loop
      vertex 12.25 51.9 2.1100000000000003
      vertex 33.45 51.9 2.1100000000000003
      vertex 33.45 51.9 2.0999999999999996
    endloop
  endfacet
  facet normal 0 0 1
    outer loop
      vertex 12.25 50.199999999999996 2.1100000000000003
      vertex 37.09285714285715 50.199999999999996 2.1100000000000003
      vertex 33.45 51.9 2.1100000000000003
    endloop
  endfacet
  facet normal 0.3624462611549484 0.932004671541296 0
    outer loop
      vertex 33.46 51.89611111111111 1.29
      vertex 33.46 51.89611111111111 2.0999999999999996
      vertex 37.821428571428584 50.199999999999996 2.1100000000000003
    endloop
  endfacet
  facet normal 0.36244626115491646 0.9320046715413083 0
    outer loop
      vertex 33.45 51.9 2.0999999999999996
      vertex 33.45 51.9 2.1100000000000003
      vertex 33.46 51.89611111111111 2.0999999999999996
    endloop
  endfacet
  facet normal 0.3624462611549483 0.9320046715412961 3.661672460302586e-14
    outer loop
      vertex 33.46 51.89611111111111 2.0999999999999996
      vertex 33.45 51.9 2.1100000000000003
      vertex 37.821428571428584 50.199999999999996 2.1100000000000003
    endloop
  endfacet
  facet normal 0 0 1
    outer loop
      vertex 33.45 51.9 2.1100000000000003
      vertex 37.09285714285715 50.199999999999996 2.1100000000000003
      vertex 37.821428571428584 50.199999999999996 2.1100000000000003
    endloop
  endfacet
  facet normal 0 -1 0
    outer loop
      vertex 37.95 49.8 1.29
      vertex 37.95 49.8 2.1100000000000003
      vertex 37.821428571428584 49.8 2.1100000000000003
    endloop
  endfacet
  facet normal 1 0 0
    outer loop
      vertex 37.95 49.849999999999994 1.29
      vertex 37.95 49.849999999999994 2.1100000000000003
      vertex 37.95 49.8 2.1100000000000003
    endloop
  endfacet
  facet normal 1 0 0
    outer loop
      vertex 37.95 50.15 1.4071428571428501
      vertex 37.95 50.15 2.1100000000000003
      vertex 37.95 49.849999999999994 2.1100000000000003
    endloop
  endfacet
  facet normal 0 0 1
    outer loop
      vertex 37.821428571428584 49.8 2.1100000000000003
      vertex 37.95 49.8 2.1100000000000003
      vertex 37.891558441558445 49.82727272727272 2.1100000000000003
    endloop
  endfacet
  facet normal 0 0 1
    outer loop
      vertex 37.891558441558445 49.82727272727272 2.1100000000000003
      vertex 37.95 49.8 2.1100000000000003
      vertex 37.95 49.849999999999994 2.1100000000000003
    endloop
  endfacet
  facet normal 0 -1 0
    outer loop
      vertex 12.25 60.4 0.6
      vertex 33.46 60.4 0.6
      vertex 33.46 60.4 1.29
    endloop
  endfacet
  facet normal 1 0 0
    outer loop
      vertex 33.46 60.4 0.6
      vertex 33.46 60.8 0.6
      vertex 33.46 60.4 1.29
    endloop
  endfacet
  facet normal 0 -1 0
    outer loop
      vertex 12.25 60.4 0.6
      vertex 33.46 60.4 1.29
      vertex 12.25 60.4 1.2899999999999998
    endloop
  endfacet
  facet normal 1 0 0
    outer loop
      vertex 33.46 60.8 0.6
      vertex 33.46 60.8 1.1175000000000002
      vertex 33.46 60.4 1.29
    endloop
  endfacet
  facet normal 1 0 0
    outer loop
      vertex 33.46 61.199999999999996 0.6
      vertex 33.46 61.199999999999996 1.2899999999999998
      vertex 33.46 60.8 1.1175000000000002
    endloop
  endfacet
  facet normal 1 0 0
    outer loop
      vertex 33.46 60.8 1.1175000000000002
      vertex 33.46 61.199999999999996 1.2899999999999998
      vertex 33.46 60.4 1.29
    endloop
  endfacet
  facet normal 0 -1.7080354225002353e-16 -1
    outer loop
      vertex 12.25 59.099999999999994 1.29
      vertex 12.25 60.4 1.2899999999999998
      vertex 33.45 59.099999999999994 1.29
    endloop
  endfacet
  facet normal -2.2204460492250137e-14 -3.622743131081742e-13 -1
    outer loop
      vertex 33.45 59.099999999999994 1.29
      vertex 12.25 60.4 1.2899999999999998
      vertex 33.46 59.1 1.2899999999999998
    endloop
  endfacet
  facet normal 3.4995916718911396e-15 5.709718412370096e-14 -1
    outer loop
      vertex 33.46 59.1 1.2899999999999998
      vertex 12.25 60.4 1.2899999999999998
      vertex 33.46 59.10388888888888 1.29
    endloop
  endfacet
  facet normal 1.0468863975720476e-17 0 -1
    outer loop
      vertex 33.46 59.10388888888888 1.29
      vertex 12.25 60.4 1.2899999999999998
      vertex 33.46 60.4 1.29
    endloop
  endfacet
  facet normal 7.105427357602415e-13 -1 0
    outer loop
      vertex 33.45 59.099999999999994 1.29
      vertex 33.46 59.1 1.2899999999999998
      vertex 33.46 59.1 2.0999999999999996
    endloop
  endfacet
  facet normal 1 0 0
    outer loop
      vertex 33.46 59.1 1.2899999999999998
      vertex 33.46 59.10388888888888 1.29
      vertex 33.46 59.10388888888888 2.0999999999999996
    endloop
  endfacet
  facet normal 0 -1 8.772132540248155e-15
    outer loop
      vertex 33.45 59.099999999999994 1.29
      vertex 33.46 59.1 2.0999999999999996
      vertex 33.450000000000024 59.1 2.0999999999999996
    endloop
  endfacet
  facet normal 1 0 0
    outer loop
      vertex 33.46 59.1 1.2899999999999998
      vertex 33.46 59.10388888888888 2.0999999999999996
      vertex 33.46 59.1 2.0999999999999996
    endloop
  endfacet
  facet normal 0 0 1
    outer loop
      vertex 33.450000000000024 59.1 2.0999999999999996
      vertex 33.46 59.1 2.0999999999999996
      vertex 33.46 59.10388888888888 2.0999999999999996
    endloop
  endfacet
  facet normal 0 0 -1
    outer loop
      vertex 33.46 59.10388888888888 1.29
      vertex 33.46 60.4 1.29
      vertex 37.95 61.199999999999996 1.29
    endloop
  endfacet
  facet normal 5.091098049378366e-17 -2.775557561562901e-16 -1
    outer loop
      vertex 33.46 60.4 1.29
      vertex 33.46 61.199999999999996 1.2899999999999998
      vertex 37.821428571428584 61.199999999999996 1.29
    endloop
  endfacet
  facet normal 0 0 -1
    outer loop
      vertex 33.46 59.10388888888888 1.29
      vertex 37.95 61.199999999999996 1.29
      vertex 37.821428571428584 60.8 1.29
    endloop
  endfacet
  facet normal 0 0 -1
    outer loop
      vertex 33.46 60.4 1.29
      vertex 37.821428571428584 61.199999999999996 1.29
      vertex 37.95 61.199999999999996 1.29
    endloop
  endfacet
  facet normal 0 -1 8.772132540248155e-15
    outer loop
      vertex 12.25 59.099999999999994 1.29
      vertex 33.45 59.099999999999994 1.29
      vertex 33.450000000000024 59.1 2.0999999999999996
    endloop
  endfacet
  facet normal 0.3624462611549484 -0.932004671541296 0
    outer loop
      vertex 33.46 59.10388888888888 1.29
      vertex 37.821428571428584 60.8 1.29
      vertex 33.46 59.10388888888888 2.0999999999999996
    endloop
  endfacet
  facet normal 0 0 -1
    outer loop
      vertex 37.821428571428584 60.8 1.29
      vertex 37.95 61.199999999999996 1.29
      vertex 37.95 60.849999999999994 1.29
    endloop
  endfacet
  facet normal 1 0 0
    outer loop
      vertex 37.95 60.849999999999994 1.29
      vertex 37.95 61.199999999999996 1.29
      vertex 37.95 61.15 1.4071428571428501
    endloop
  endfacet
  facet normal 0 1 0
    outer loop
      vertex 37.821428571428584 61.199999999999996 1.29
      vertex 37.95 61.199999999999996 2.1100000000000003
      vertex 37.95 61.199999999999996 1.29
    endloop
  endfacet
  facet normal 1 0 0
    outer loop
      vertex 37.95 60.849999999999994 1.29
      vertex 37.95 61.15 1.4071428571428501
      vertex 37.95 60.849999999999994 2.1100000000000003
    endloop
  endfacet
  facet normal 1 0 0
    outer loop
      vertex 37.95 61.199999999999996 1.29
      vertex 37.95 61.199999999999996 2.1100000000000003
      vertex 37.95 61.15 1.4071428571428501
    endloop
  endfacet
  facet normal 0 0 1
    outer loop
      vertex 12.25 59.099999999999994 2.1100000000000003
      vertex 15.71641518617667 61.15161839863713 2.1100000000000003
      vertex 12.25 61.19864341085271 2.1100000000000003
    endloop
  endfacet
  facet normal 0 -1 0
    outer loop
      vertex 12.25 59.099999999999994 1.29
      vertex 33.45 59.099999999999994 2.1100000000000003
      vertex 12.25 59.099999999999994 2.1100000000000003
    endloop
  endfacet
  facet normal 2.7483256760528143e-14 -1 -7.105427357599958e-13
    outer loop
      vertex 12.25 59.099999999999994 1.29
      vertex 33.450000000000024 59.1 2.0999999999999996
      vertex 33.45 59.099999999999994 2.1100000000000003
    endloop
  endfacet
  facet normal 0 0 1
    outer loop
      vertex 12.25 59.099999999999994 2.1100000000000003
      vertex 37.21285714285719 60.8 2.1100000000000003
      vertex 15.71641518617667 61.15161839863713 2.1100000000000003
    endloop
  endfacet
  facet normal 0 0 1
    outer loop
      vertex 12.25 59.099999999999994 2.1100000000000003
      vertex 33.45 59.099999999999994 2.1100000000000003
      vertex 37.21285714285719 60.8 2.1100000000000003
    endloop
  endfacet
  facet normal 0.3624462611549483 -0.932004671541296 0
    outer loop
      vertex 37.821428571428584 60.8 1.29
      vertex 37.821428571428584 60.8 2.1100000000000003
      vertex 33.46 59.10388888888888 2.0999999999999996
    endloop
  endfacet
  facet normal 0 0 1
    outer loop
      vertex 15.71641518617667 61.15161839863713 2.1100000000000003
      vertex 37.21285714285719 60.8 2.1100000000000003
      vertex 37.85645395213924 60.84365482233502 2.1100000000000003
    endloop
  endfacet
  facet normal 0.36244626115501233 -0.9320046715412711 -3.2118372412652334e-11
    outer loop
      vertex 33.450000000000024 59.1 2.0999999999999996
      vertex 33.46 59.10388888888888 2.0999999999999996
      vertex 37.821428571428584 60.8 2.1100000000000003
    endloop
  endfacet
  facet normal 0.3624462611549483 -0.9320046715412961 1.1037152484301654e-13
    outer loop
      vertex 33.450000000000024 59.1 2.0999999999999996
      vertex 37.821428571428584 60.8 2.1100000000000003
      vertex 33.45 59.099999999999994 2.1100000000000003
    endloop
  endfacet
  facet normal 0 0 1
    outer loop
      vertex 33.45 59.099999999999994 2.1100000000000003
      vertex 37.821428571428584 60.8 2.1100000000000003
      vertex 37.21285714285719 60.8 2.1100000000000003
    endloop
  endfacet
  facet normal 0 1 0
    outer loop
      vertex 37.821428571428584 61.199999999999996 1.29
      vertex 37.821428571428584 61.199999999999996 2.1100000000000003
      vertex 37.95 61.199999999999996 2.1100000000000003
    endloop
  endfacet
  facet normal 1 0 0
    outer loop
      vertex 37.95 61.15 1.4071428571428501
      vertex 37.95 61.199999999999996 2.1100000000000003
      vertex 37.95 61.15 2.1100000000000003
    endloop
  endfacet
  facet normal 0 0 1
    outer loop
      vertex 37.85645395213924 60.84365482233502 2.1100000000000003
      vertex 37.95 60.849999999999994 2.1100000000000003
      vertex 37.839649272882816 60.851497005988016 2.1100000000000003
    endloop
  endfacet
  facet normal 0 0 1
    outer loop
      vertex 37.821428571428584 61.199999999999996 2.1100000000000003
      vertex 37.95 61.15 2.1100000000000003
      vertex 37.95 61.199999999999996 2.1100000000000003
    endloop
  endfacet
  facet normal 0 1 0
    outer loop
      vertex 41.25 51.199999999999996 0.6
      vertex 47.25 51.199999999999996 1.4
      vertex 47.25 51.199999999999996 0.6
    endloop
  endfacet
  facet normal 0 1 0
    outer loop
      vertex 41.25 51.199999999999996 0.6
      vertex 41.25 51.199999999999996 1.4
      vertex 47.25 51.199999999999996 1.4
    endloop
  endfacet
  facet normal 0 0 1
    outer loop
      vertex 41.25 51.199999999999996 1.4
      vertex 41.25 50.42 1.4
      vertex 47.25 50.42 1.4
    endloop
  endfacet
  facet normal 0 0 1
    outer loop
      vertex 41.25 51.199999999999996 1.4
      vertex 47.25 50.42 1.4
      vertex 47.25 51.199999999999996 1.4
    endloop
  endfacet
  facet normal 0 -1 0
    outer loop
      vertex 41.25 59.8 0.6
      vertex 47.25 59.8 0.6
      vertex 41.25 59.8 1.4
    endloop
  endfacet
  facet normal 0 -1 0
    outer loop
      vertex 47.25 59.8 0.6
      vertex 47.25 59.8 1.4
      vertex 41.25 59.8 1.4
    endloop
  endfacet
  facet normal 0 0 1
    outer loop
      vertex 41.25 59.8 1.4
      vertex 47.25 59.8 1.4
      vertex 41.25 60.58 1.4
    endloop
  endfacet
  facet normal 0 0 1
    outer loop
      vertex 47.25 59.8 1.4
      vertex 47.25 60.58 1.4
      vertex 41.25 60.58 1.4
    endloop
  endfacet
  facet normal -1 0 0
    outer loop
      vertex 47.25 51.199999999999996 1.4
      vertex 47.25 50.42 1.4
      vertex 47.25 50.42 2.6499999999999995
    endloop
  endfacet
  facet normal -1 0 0
    outer loop
      vertex 47.25 51.199999999999996 1.4
      vertex 47.25 50.42 2.6499999999999995
      vertex 47.25 51.199999999999996 2.63
    endloop
  endfacet
  facet normal -1 0 0
    outer loop
      vertex 47.25 51.199999999999996 2.63
      vertex 47.25 50.42 2.6499999999999995
      vertex 47.25 51.199999999999996 2.6499999999999995
    endloop
  endfacet
  facet normal 0 1 0
    outer loop
      vertex 47.25 51.199999999999996 0.6
      vertex 47.25 51.199999999999996 1.4
      vertex 146 51.199999999999996 0.6
    endloop
  endfacet
  facet normal 0 1 0
    outer loop
      vertex 47.25 51.199999999999996 1.4
      vertex 47.25 51.199999999999996 2.63
      vertex 146 51.199999999999996 0.6
    endloop
  endfacet
  facet normal 0 1 0
    outer loop
      vertex 47.25 51.199999999999996 2.63
      vertex 146 51.199999999999996 2.63
      vertex 146 51.199999999999996 0.6
    endloop
  endfacet
  facet normal -1 0 0
    outer loop
      vertex 47.25 51.199999999999996 2.63
      vertex 47.25 51.199999999999996 2.6499999999999995
      vertex 47.25 52.5 2.63
    endloop
  endfacet
  facet normal -1 0 0
    outer loop
      vertex 47.25 51.199999999999996 2.6499999999999995
      vertex 47.25 52.5 3.44
      vertex 47.25 52.5 2.63
    endloop
  endfacet
  facet normal -1 0 0
    outer loop
      vertex 47.25 50.4 3.44
      vertex 47.25 50.42 2.6499999999999995
      vertex 47.25 50.4 2.6499999999999995
    endloop
  endfacet
  facet normal -1 0 0
    outer loop
      vertex 47.25 51.199999999999996 2.6499999999999995
      vertex 47.25 50.42 2.6499999999999995
      vertex 47.25 50.4 3.44
    endloop
  endfacet
  facet normal -1 0 0
    outer loop
      vertex 47.25 51.199999999999996 2.6499999999999995
      vertex 47.25 50.4 3.44
      vertex 47.25 52.5 3.44
    endloop
  endfacet
  facet normal 0 0 -1
    outer loop
      vertex 47.25 51.199999999999996 2.63
      vertex 47.25 52.5 2.63
      vertex 146 51.199999999999996 2.63
    endloop
  endfacet
  facet normal 0 -1 0
    outer loop
      vertex 47.25 50.4 3.44
      vertex 47.25 50.4 2.6499999999999995
      vertex 146 50.4 3.44
    endloop
  endfacet
  facet normal 0 0 1
    outer loop
      vertex 47.25 50.4 3.44
      vertex 146 52.5 3.44
      vertex 47.25 52.5 3.44
    endloop
  endfacet
  facet normal 0 1 0
    outer loop
      vertex 47.25 52.5 2.63
      vertex 47.25 52.5 3.44
      vertex 146 52.5 2.63
    endloop
  endfacet
  facet normal 0 0 -1
    outer loop
      vertex 47.25 52.5 2.63
      vertex 146 52.5 2.63
      vertex 146 51.199999999999996 2.63
    endloop
  endfacet
  facet normal 0 -1 0
    outer loop
      vertex 146 50.4 3.44
      vertex 47.25 50.4 2.6499999999999995
      vertex 146 50.4 2.6499999999999995
    endloop
  endfacet
  facet normal 0 0 1
    outer loop
      vertex 47.25 50.4 3.44
      vertex 146 50.4 3.44
      vertex 146 52.5 3.44
    endloop
  endfacet
  facet normal 0 1 0
    outer loop
      vertex 47.25 52.5 3.44
      vertex 146 52.5 3.44
      vertex 146 52.5 2.63
    endloop
  endfacet
  facet normal -1 0 0
    outer loop
      vertex 47.25 59.8 1.4
      vertex 47.25 59.8 2.63
      vertex 47.25 60.58 1.4
    endloop
  endfacet
  facet normal -1 0 0
    outer loop
      vertex 47.25 59.8 2.63
      vertex 47.25 59.8 2.6499999999999995
      vertex 47.25 60.58 1.4
    endloop
  endfacet
  facet normal -1 0 0
    outer loop
      vertex 47.25 59.8 2.6499999999999995
      vertex 47.25 60.58 2.6499999999999995
      vertex 47.25 60.58 1.4
    endloop
  endfacet
  facet normal 0 -1 0
    outer loop
      vertex 47.25 59.8 0.6
      vertex 146 59.8 0.6
      vertex 47.25 59.8 1.4
    endloop
  endfacet
  facet normal 0 -1 0
    outer loop
      vertex 47.25 59.8 1.4
      vertex 146 59.8 0.6
      vertex 47.25 59.8 2.63
    endloop
  endfacet
  facet normal 0 -1 0
    outer loop
      vertex 47.25 59.8 2.63
      vertex 146 59.8 0.6
      vertex 146 59.8 2.63
    endloop
  endfacet
  facet normal -1 0 0
    outer loop
      vertex 47.25 58.5 2.63
      vertex 47.25 59.8 2.6499999999999995
      vertex 47.25 59.8 2.63
    endloop
  endfacet
  facet normal -1 0 0
    outer loop
      vertex 47.25 58.5 2.63
      vertex 47.25 60.6 3.44
      vertex 47.25 59.8 2.6499999999999995
    endloop
  endfacet
  facet normal -1 0 0
    outer loop
      vertex 47.25 59.8 2.6499999999999995
      vertex 47.25 60.6 3.44
      vertex 47.25 60.58 2.6499999999999995
    endloop
  endfacet
  facet normal -1 0 0
    outer loop
      vertex 47.25 60.6 3.44
      vertex 47.25 60.599999999999994 2.6499999999999995
      vertex 47.25 60.58 2.6499999999999995
    endloop
  endfacet
  facet normal -1 0 0
    outer loop
      vertex 47.25 58.5 2.63
      vertex 47.25 58.5 3.44
      vertex 47.25 60.6 3.44
    endloop
  endfacet
  facet normal 0 0 -1
    outer loop
      vertex 47.25 58.5 2.63
      vertex 47.25 59.8 2.63
      vertex 146 58.5 2.63
    endloop
  endfacet
  facet normal 0 -1 0
    outer loop
      vertex 47.25 58.5 2.63
      vertex 146 58.5 3.44
      vertex 47.25 58.5 3.44
    endloop
  endfacet
  facet normal 0 1 -8.994211845064554e-15
    outer loop
      vertex 47.25 60.6 3.44
      vertex 146 60.6 3.44
      vertex 47.25 60.599999999999994 2.6499999999999995
    endloop
  endfacet
  facet normal 0 0 1
    outer loop
      vertex 47.25 58.5 3.44
      vertex 146 60.6 3.44
      vertex 47.25 60.6 3.44
    endloop
  endfacet
  facet normal 0 0 -1
    outer loop
      vertex 47.25 59.8 2.63
      vertex 146 59.8 2.63
      vertex 146 58.5 2.63
    endloop
  endfacet
  facet normal 0 -1 0
    outer loop
      vertex 47.25 58.5 2.63
      vertex 146 58.5 2.63
      vertex 146 58.5 3.44
    endloop
  endfacet
  facet normal 0 1 -8.994211845064554e-15
    outer loop
      vertex 146 60.6 3.44
      vertex 146 60.599999999999994 2.6499999999999995
      vertex 47.25 60.599999999999994 2.6499999999999995
    endloop
  endfacet
  facet normal 0 0 1
    outer loop
      vertex 47.25 58.5 3.44
      vertex 146 58.5 3.44
      vertex 146 60.6 3.44
    endloop
  endfacet
  facet normal 1 0 0
    outer loop
      vertex 41.25 51.199999999999996 0.6
      vertex 41.25 59.8 0.6
      vertex 41.25 51.199999999999996 1.4
    endloop
  endfacet
  facet normal -1 0 0
    outer loop
      vertex 40.05 50.42 0.6
      vertex 40.05 50.42 1.5559585492227979
      vertex 40.05 60.58 0.6
    endloop
  endfacet
  facet normal 1 0 0
    outer loop
      vertex 41.25 51.199999999999996 1.4
      vertex 41.25 59.8 0.6
      vertex 41.25 59.8 1.4
    endloop
  endfacet
  facet normal -1 0 0
    outer loop
      vertex 40.05 60.58133462882827 2.396706110969697
      vertex 40.05 60.599999999999994 0.6380118465104206
      vertex 40.05 60.58407766990291 0.6
    endloop
  endfacet
  facet normal -1 0 0
    outer loop
      vertex 40.05 50.4 2.4
      vertex 40.05 60.58 0.6
      vertex 40.05 50.42 1.5559585492227979
    endloop
  endfacet
  facet normal 1 0 0
    outer loop
      vertex 41.25 51.199999999999996 1.4
      vertex 41.25 50.42 2.4
      vertex 41.25 50.42 1.4
    endloop
  endfacet
  facet normal -1 0 0
    outer loop
      vertex 40.05 50.4 2.4
      vertex 40.05 50.42 1.5559585492227979
      vertex 40.05 50.4 1.5450955891540654
    endloop
  endfacet
  facet normal 1 0 0
    outer loop
      vertex 41.25 59.8 1.4
      vertex 41.25 50.42 2.4
      vertex 41.25 51.199999999999996 1.4
    endloop
  endfacet
  facet normal -1 0 0
    outer loop
      vertex 40.05 60.58 0.6
      vertex 40.05 50.4 2.4
      vertex 40.05 50.42 2.4
    endloop
  endfacet
  facet normal -1 0 0
    outer loop
      vertex 40.05 50.42 2.4
      vertex 40.05 60.58 2.4
      vertex 40.05 60.58 0.6
    endloop
  endfacet
  facet normal 1 0 0
    outer loop
      vertex 41.25 59.8 1.4
      vertex 41.25 60.58 1.4
      vertex 41.25 60.58 2.4
    endloop
  endfacet
  facet normal -1 0 0
    outer loop
      vertex 40.05 60.599999999999994 2.4
      vertex 40.05 60.599999999999994 0.6380118465104206
      vertex 40.05 60.58133462882827 2.396706110969697
    endloop
  endfacet
  facet normal 1 0 0
    outer loop
      vertex 41.25 59.8 1.4
      vertex 41.25 60.58 2.4
      vertex 41.25 50.42 2.4
    endloop
  endfacet
  facet normal 0 0 1
    outer loop
      vertex 41.25 50.42 2.4
      vertex 40.05 60.58 2.4
      vertex 40.05 50.42 2.4
    endloop
  endfacet
  facet normal 0 0 1
    outer loop
      vertex 41.25 50.42 2.4
      vertex 41.25 60.58 2.4
      vertex 40.05 60.58 2.4
    endloop
  endfacet
  facet normal -1 0 0
    outer loop
      vertex 40.05 60.599999999999994 2.4
      vertex 40.05 60.58133462882827 2.396706110969697
      vertex 40.05 60.58 2.4
    endloop
  endfacet
  facet normal 0 1 0
    outer loop
      vertex 12.25 61.599999999999994 0.6
      vertex 12.25 61.599999999999994 1.2899999999999998
      vertex 33.46 61.599999999999994 0.6
    endloop
  endfacet
  facet normal 1 0 0
    outer loop
      vertex 33.46 60.8 0.6
      vertex 33.46 61.199999999999996 0.6
      vertex 33.46 60.8 1.1175000000000002
    endloop
  endfacet
  facet normal 1 0 0
    outer loop
      vertex 33.46 61.199999999999996 0.6
      vertex 33.46 61.599999999999994 0.6
      vertex 33.46 61.599999999999994 1.29
    endloop
  endfacet
  facet normal 0 1 0
    outer loop
      vertex 33.46 61.599999999999994 0.6
      vertex 12.25 61.599999999999994 1.2899999999999998
      vertex 33.46 61.599999999999994 1.29
    endloop
  endfacet
  facet normal 1 0 0
    outer loop
      vertex 33.46 61.199999999999996 0.6
      vertex 33.46 61.599999999999994 1.29
      vertex 33.46 61.199999999999996 1.2899999999999998
    endloop
  endfacet
  facet normal 1.0468863975720475e-17 0 -1
    outer loop
      vertex 12.25 61.599999999999994 1.2899999999999998
      vertex 12.25 62.9 1.2899999999999998
      vertex 33.46 61.599999999999994 1.29
    endloop
  endfacet
  facet normal 1.0473802119105248e-17 8.056770860848562e-20 -1
    outer loop
      vertex 12.25 62.9 1.2899999999999998
      vertex 33.45 62.9 1.29
      vertex 33.46 61.599999999999994 1.29
    endloop
  endfacet
  facet normal 0 0 -1
    outer loop
      vertex 33.46 61.599999999999994 1.29
      vertex 33.45 62.9 1.29
      vertex 33.46 62.89611111111111 1.29
    endloop
  endfacet
  facet normal -2.220446049250755e-14 -5.709718412359663e-14 -1
    outer loop
      vertex 33.45 62.9 1.29
      vertex 33.46 62.9 1.2899999999999998
      vertex 33.46 62.89611111111111 1.29
    endloop
  endfacet
  facet normal 0 1 0
    outer loop
      vertex 33.45 62.9 1.29
      vertex 33.45 62.9 2.0999999999999996
      vertex 33.46 62.9 1.2899999999999998
    endloop
  endfacet
  facet normal 1 0 0
    outer loop
      vertex 33.46 62.89611111111111 1.29
      vertex 33.46 62.9 1.2899999999999998
      vertex 33.46 62.9 2.0999999999999996
    endloop
  endfacet
  facet normal 0 1 0
    outer loop
      vertex 33.46 62.9 1.2899999999999998
      vertex 33.45 62.9 2.0999999999999996
      vertex 33.46 62.9 2.0999999999999996
    endloop
  endfacet
  facet normal 1 0 0
    outer loop
      vertex 33.46 62.89611111111111 1.29
      vertex 33.46 62.9 2.0999999999999996
      vertex 33.46 62.89611111111111 2.0999999999999996
    endloop
  endfacet
  facet normal 0 0 1
    outer loop
      vertex 33.45 62.9 2.0999999999999996
      vertex 33.46 62.89611111111111 2.0999999999999996
      vertex 33.46 62.9 2.0999999999999996
    endloop
  endfacet
  facet normal 5.091098049378366e-17 5.551115123125802e-16 -1
    outer loop
      vertex 33.46 61.199999999999996 1.2899999999999998
      vertex 33.46 61.599999999999994 1.29
      vertex 37.821428571428584 61.199999999999996 1.29
    endloop
  endfacet
  facet normal 0 0 -1
    outer loop
      vertex 33.46 61.599999999999994 1.29
      vertex 33.46 62.89611111111111 1.29
      vertex 37.821428571428584 61.199999999999996 1.29
    endloop
  endfacet
  facet normal 0 1 0
    outer loop
      vertex 12.25 62.9 1.2899999999999998
      vertex 12.25 62.9 2.1100000000000003
      vertex 33.45 62.9 1.29
    endloop
  endfacet
  facet normal 0.3624462611549484 0.932004671541296 0
    outer loop
      vertex 33.46 62.89611111111111 1.29
      vertex 33.46 62.89611111111111 2.0999999999999996
      vertex 37.821428571428584 61.199999999999996 1.29
    endloop
  endfacet
  facet normal 0 0 -1
    outer loop
      vertex 37.821428571428584 60.8 1.29
      vertex 37.95 60.849999999999994 1.29
      vertex 37.95 60.8 1.29
    endloop
  endfacet
  facet normal 0 -1 0
    outer loop
      vertex 37.821428571428584 60.8 1.29
      vertex 37.95 60.8 1.29
      vertex 37.95 60.8 2.1100000000000003
    endloop
  endfacet
  facet normal 1 0 0
    outer loop
      vertex 37.95 60.8 1.29
      vertex 37.95 60.849999999999994 1.29
      vertex 37.95 60.849999999999994 2.1100000000000003
    endloop
  endfacet
  facet normal 0 0 1
    outer loop
      vertex 12.25 61.19864341085271 2.1100000000000003
      vertex 15.71641518617667 61.15161839863713 2.1100000000000003
      vertex 12.25 62.9 2.1100000000000003
    endloop
  endfacet
  facet normal 0 1 0
    outer loop
      vertex 33.45 62.9 1.29
      vertex 12.25 62.9 2.1100000000000003
      vertex 33.45 62.9 2.0999999999999996
    endloop
  endfacet
  facet normal 0 0 1
    outer loop
      vertex 12.25 62.9 2.1100000000000003
      vertex 15.71641518617667 61.15161839863713 2.1100000000000003
      vertex 33.45 62.9 2.1100000000000003
    endloop
  endfacet
  facet normal 0 1 0
    outer loop
      vertex 12.25 62.9 2.1100000000000003
      vertex 33.45 62.9 2.1100000000000003
      vertex 33.45 62.9 2.0999999999999996
    endloop
  endfacet
  facet normal 0.3624462611549567 0.9320046715412929 4.7629353118092564e-14
    outer loop
      vertex 37.821428571428584 61.199999999999996 1.29
      vertex 33.46 62.89611111111111 2.0999999999999996
      vertex 33.45 62.9 2.1100000000000003
    endloop
  endfacet
  facet normal 0.36244626115494827 0.932004671541296 0
    outer loop
      vertex 37.821428571428584 61.199999999999996 1.29
      vertex 33.45 62.9 2.1100000000000003
      vertex 37.821428571428584 61.199999999999996 2.1100000000000003
    endloop
  endfacet
  facet normal 0 0 1
    outer loop
      vertex 15.71641518617667 61.15161839863713 2.1100000000000003
      vertex 37.85645395213924 60.84365482233502 2.1100000000000003
      vertex 33.45 62.9 2.1100000000000003
    endloop
  endfacet
  facet normal 0.36244626115491646 0.9320046715413083 0
    outer loop
      vertex 33.45 62.9 2.0999999999999996
      vertex 33.45 62.9 2.1100000000000003
      vertex 33.46 62.89611111111111 2.0999999999999996
    endloop
  endfacet
  facet normal 0 0 -1
    outer loop
      vertex 33.45 62.9 2.1100000000000003
      vertex 37.85645395213924 60.84365482233502 2.1100000000000003
      vertex 37.839649272882816 60.851497005988016 2.1100000000000003
    endloop
  endfacet
  facet normal 0 0 1
    outer loop
      vertex 33.45 62.9 2.1100000000000003
      vertex 37.839649272882816 60.851497005988016 2.1100000000000003
      vertex 37.821428571428584 61.199999999999996 2.1100000000000003
    endloop
  endfacet
  facet normal 0 -1 0
    outer loop
      vertex 37.821428571428584 60.8 1.29
      vertex 37.95 60.8 2.1100000000000003
      vertex 37.821428571428584 60.8 2.1100000000000003
    endloop
  endfacet
  facet normal 1 0 0
    outer loop
      vertex 37.95 60.8 1.29
      vertex 37.95 60.849999999999994 2.1100000000000003
      vertex 37.95 60.8 2.1100000000000003
    endloop
  endfacet
  facet normal 1 0 0
    outer loop
      vertex 37.95 61.15 1.4071428571428501
      vertex 37.95 61.15 2.1100000000000003
      vertex 37.95 60.849999999999994 2.1100000000000003
    endloop
  endfacet
  facet normal 0 0 1
    outer loop
      vertex 37.21285714285719 60.8 2.1100000000000003
      vertex 37.821428571428584 60.8 2.1100000000000003
      vertex 37.85645395213924 60.84365482233502 2.1100000000000003
    endloop
  endfacet
  facet normal 0 0 1
    outer loop
      vertex 37.821428571428584 60.8 2.1100000000000003
      vertex 37.95 60.8 2.1100000000000003
      vertex 37.85645395213924 60.84365482233502 2.1100000000000003
    endloop
  endfacet
  facet normal 0 0 1
    outer loop
      vertex 37.85645395213924 60.84365482233502 2.1100000000000003
      vertex 37.95 60.8 2.1100000000000003
      vertex 37.95 60.849999999999994 2.1100000000000003
    endloop
  endfacet
  facet normal 0 0 1
    outer loop
      vertex 37.839649272882816 60.851497005988016 2.1100000000000003
      vertex 37.95 61.15 2.1100000000000003
      vertex 37.821428571428584 61.199999999999996 2.1100000000000003
    endloop
  endfacet
  facet normal 0 0 1
    outer loop
      vertex 37.839649272882816 60.851497005988016 2.1100000000000003
      vertex 37.95 60.849999999999994 2.1100000000000003
      vertex 37.95 61.15 2.1100000000000003
    endloop
  endfacet
  facet normal 0 -1 0
    outer loop
      vertex 12.25 71.4 0.6
      vertex 33.46 71.4 0.6
      vertex 33.46 71.4 1.29
    endloop
  endfacet
  facet normal 1 0 0
    outer loop
      vertex 33.46 71.4 0.6
      vertex 33.46 71.8 0.6
      vertex 33.46 71.8 1.117500000000003
    endloop
  endfacet
  facet normal 0 -1 0
    outer loop
      vertex 12.25 71.4 0.6
      vertex 33.46 71.4 1.29
      vertex 12.25 71.4 1.2899999999999998
    endloop
  endfacet
  facet normal 1 0 0
    outer loop
      vertex 33.46 71.4 0.6
      vertex 33.46 71.8 1.117500000000003
      vertex 33.46 71.4 1.29
    endloop
  endfacet
  facet normal 1 0 0
    outer loop
      vertex 33.46 72.2 0.6
      vertex 33.46 72.2 1.29
      vertex 33.46 71.8 1.117500000000003
    endloop
  endfacet
  facet normal 1 0 0
    outer loop
      vertex 33.46 71.8 1.117500000000003
      vertex 33.46 71.8 1.29
      vertex 33.46 71.4 1.29
    endloop
  endfacet
  facet normal 1 0 0
    outer loop
      vertex 33.46 71.8 1.117500000000003
      vertex 33.46 72.2 1.29
      vertex 33.46 71.8 1.29
    endloop
  endfacet
  facet normal 0 -1.7080354225002446e-16 -1
    outer loop
      vertex 12.25 70.10000000000001 1.29
      vertex 12.25 71.4 1.2899999999999998
      vertex 33.45 70.10000000000001 1.29
    endloop
  endfacet
  facet normal 3.4995916718783514e-15 5.70971841234923e-14 -1
    outer loop
      vertex 33.46 70.10000000000001 1.2899999999999998
      vertex 12.25 71.4 1.2899999999999998
      vertex 33.46 70.1038888888889 1.29
    endloop
  endfacet
  facet normal -2.220446049250755e-14 -3.6227431311237396e-13 -1
    outer loop
      vertex 33.45 70.10000000000001 1.29
      vertex 12.25 71.4 1.2899999999999998
      vertex 33.46 70.10000000000001 1.2899999999999998
    endloop
  endfacet
  facet normal 1.0468863975720475e-17 0 -1
    outer loop
      vertex 33.46 70.1038888888889 1.29
      vertex 12.25 71.4 1.2899999999999998
      vertex 33.46 71.4 1.29
    endloop
  endfacet
  facet normal 0 -1 0
    outer loop
      vertex 33.45 70.10000000000001 1.29
      vertex 33.46 70.10000000000001 1.2899999999999998
      vertex 33.46 70.10000000000001 2.0999999999999996
    endloop
  endfacet
  facet normal 1 0 0
    outer loop
      vertex 33.46 70.10000000000001 1.2899999999999998
      vertex 33.46 70.1038888888889 1.29
      vertex 33.46 70.1038888888889 2.0999999999999996
    endloop
  endfacet
  facet normal 0 -1 0
    outer loop
      vertex 33.45 70.10000000000001 1.29
      vertex 33.46 70.10000000000001 2.0999999999999996
      vertex 33.45 70.10000000000001 2.0999999999999996
    endloop
  endfacet
  facet normal 1 0 0
    outer loop
      vertex 33.46 70.10000000000001 1.2899999999999998
      vertex 33.46 70.1038888888889 2.0999999999999996
      vertex 33.46 70.10000000000001 2.0999999999999996
    endloop
  endfacet
  facet normal 0 0 1
    outer loop
      vertex 33.45 70.10000000000001 2.0999999999999996
      vertex 33.46 70.10000000000001 2.0999999999999996
      vertex 33.46 70.1038888888889 2.0999999999999996
    endloop
  endfacet
  facet normal 0 0 -1
    outer loop
      vertex 33.46 70.1038888888889 1.29
      vertex 33.46 71.4 1.29
      vertex 37.09317519215477 71.8 1.29
    endloop
  endfacet
  facet normal 0 0 -1
    outer loop
      vertex 33.46 71.8 1.29
      vertex 33.46 72.2 1.29
      vertex 37.451111111111004 72.2 1.29
    endloop
  endfacet
  facet normal 0 0 -1
    outer loop
      vertex 33.46 71.4 1.29
      vertex 33.46 71.8 1.29
      vertex 37.82142857142855 72.13997772828506 1.29
    endloop
  endfacet
  facet normal 0 0 -1
    outer loop
      vertex 33.46 70.1038888888889 1.29
      vertex 37.09317519215477 71.8 1.29
      vertex 37.82142857142855 71.8 1.29
    endloop
  endfacet
  facet normal 0 0 -1
    outer loop
      vertex 33.46 71.4 1.29
      vertex 37.82142857142855 72.13997772828506 1.29
      vertex 37.09317519215477 71.8 1.29
    endloop
  endfacet
  facet normal 0 -1 0
    outer loop
      vertex 12.25 70.10000000000001 1.29
      vertex 33.45 70.10000000000001 1.29
      vertex 33.45 70.10000000000001 2.0999999999999996
    endloop
  endfacet
  facet normal 0.362446261154947 -0.9320046715412965 -6.223992421346986e-17
    outer loop
      vertex 33.46 70.1038888888889 1.29
      vertex 37.82142857142855 71.8 1.29
      vertex 37.82142857142855 71.8 2.1100000000000003
    endloop
  endfacet
  facet normal 0 0 -1
    outer loop
      vertex 37.95 72.14999999999999 1.29
      vertex 37.82142857142855 72.2 1.29
      vertex 37.95 72.2 1.29
    endloop
  endfacet
  facet normal 1 0 0
    outer loop
      vertex 37.95 72.14999999999999 1.29
      vertex 37.95 72.2 1.29
      vertex 37.95 72.2 2.1100000000000003
    endloop
  endfacet
  facet normal 1 0 0
    outer loop
      vertex 37.95 71.85000000000001 1.29
      vertex 37.95 71.97857142857143 1.6916326530612207
      vertex 37.95 71.85000000000001 2.0514285714285574
    endloop
  endfacet
  facet normal 0 1 0
    outer loop
      vertex 37.82142857142855 72.2 1.29
      vertex 37.82142857142855 72.2 2.1100000000000003
      vertex 37.95 72.2 1.29
    endloop
  endfacet
  facet normal 0 0 1
    outer loop
      vertex 12.25 70.10000000000001 2.1100000000000003
      vertex 16.207142857142927 72.2 2.1100000000000003
      vertex 12.25 71.80985915492957 2.1100000000000003
    endloop
  endfacet
  facet normal 0 -1 0
    outer loop
      vertex 12.25 70.10000000000001 1.29
      vertex 33.45 70.10000000000001 2.1100000000000003
      vertex 12.25 70.10000000000001 2.1100000000000003
    endloop
  endfacet
  facet normal 0 -1 0
    outer loop
      vertex 12.25 70.10000000000001 1.29
      vertex 33.45 70.10000000000001 2.0999999999999996
      vertex 33.45 70.10000000000001 2.1100000000000003
    endloop
  endfacet
  facet normal 0 0 1
    outer loop
      vertex 12.25 70.10000000000001 2.1100000000000003
      vertex 37.092857142857135 72.2 2.1100000000000003
      vertex 16.207142857142927 72.2 2.1100000000000003
    endloop
  endfacet
  facet normal 0.36244626115494694 -0.9320046715412964 0
    outer loop
      vertex 33.46 70.1038888888889 1.29
      vertex 37.82142857142855 71.8 2.1100000000000003
      vertex 33.46 70.1038888888889 2.0999999999999996
    endloop
  endfacet
  facet normal 0 0 1
    outer loop
      vertex 12.25 70.10000000000001 2.1100000000000003
      vertex 33.45 70.10000000000001 2.1100000000000003
      vertex 37.83964927288278 71.85149700598804 2.1100000000000003
    endloop
  endfacet
  facet normal 0 0 1
    outer loop
      vertex 12.25 70.10000000000001 2.1100000000000003
      vertex 37.83964927288278 71.85149700598804 2.1100000000000003
      vertex 37.092857142857135 72.2 2.1100000000000003
    endloop
  endfacet
  facet normal 0.3624462611554917 -0.9320046715410847 -2.7352417873777094e-10
    outer loop
      vertex 33.45 70.10000000000001 2.0999999999999996
      vertex 33.46 70.1038888888889 2.0999999999999996
      vertex 37.82142857142855 71.8 2.1100000000000003
    endloop
  endfacet
  facet normal 0.36244626115494816 -0.932004671541296 0
    outer loop
      vertex 33.45 70.10000000000001 2.0999999999999996
      vertex 37.82142857142855 71.8 2.1100000000000003
      vertex 33.45 70.10000000000001 2.1100000000000003
    endloop
  endfacet
  facet normal 0 0 1
    outer loop
      vertex 33.45 70.10000000000001 2.1100000000000003
      vertex 37.82142857142855 71.8 2.1100000000000003
      vertex 37.83964927288278 71.85149700598804 2.1100000000000003
    endloop
  endfacet
  facet normal 1 0 0
    outer loop
      vertex 37.95 72.14999999999999 1.29
      vertex 37.95 72.2 2.1100000000000003
      vertex 37.95 72.14999999999999 2.1100000000000003
    endloop
  endfacet
  facet normal 0 1 0
    outer loop
      vertex 37.95 72.2 1.29
      vertex 37.82142857142855 72.2 2.1100000000000003
      vertex 37.95 72.2 2.1100000000000003
    endloop
  endfacet
  facet normal 0 0 1
    outer loop
      vertex 37.95 72.14999999999999 2.1100000000000003
      vertex 37.82142857142855 72.2 2.1100000000000003
      vertex 37.092857142857135 72.2 2.1100000000000003
    endloop
  endfacet
  facet normal 0 0 1
    outer loop
      vertex 37.83964927288278 71.85149700598804 2.1100000000000003
      vertex 37.95 72.14999999999999 2.1100000000000003
      vertex 37.092857142857135 72.2 2.1100000000000003
    endloop
  endfacet
  facet normal 0 0 1
    outer loop
      vertex 37.83964927288278 71.85149700598804 2.1100000000000003
      vertex 37.82142857142855 71.8 2.1100000000000003
      vertex 37.89155844155843 71.82727272727273 2.1100000000000003
    endloop
  endfacet
  facet normal 0 0 1
    outer loop
      vertex 37.95 72.14999999999999 2.1100000000000003
      vertex 37.95 72.2 2.1100000000000003
      vertex 37.82142857142855 72.2 2.1100000000000003
    endloop
  endfacet
  facet normal 0 1 0
    outer loop
      vertex 41.25 62.199999999999996 0.6
      vertex 47.25 62.199999999999996 1.4
      vertex 47.25 62.199999999999996 0.6
    endloop
  endfacet
  facet normal 0 1 0
    outer loop
      vertex 41.25 62.199999999999996 0.6
      vertex 41.25 62.199999999999996 1.4
      vertex 47.25 62.199999999999996 1.4
    endloop
  endfacet
  facet normal 0 0 1
    outer loop
      vertex 41.25 62.199999999999996 1.4
      vertex 41.25 61.42 1.4
      vertex 47.25 61.42 1.4
    endloop
  endfacet
  facet normal 0 0 1
    outer loop
      vertex 41.25 62.199999999999996 1.4
      vertex 47.25 61.42 1.4
      vertex 47.25 62.199999999999996 1.4
    endloop
  endfacet
  facet normal 0 -1 0
    outer loop
      vertex 41.25 70.8 0.6
      vertex 47.25 70.8 0.6
      vertex 41.25 70.8 1.4
    endloop
  endfacet
  facet normal 0 -1 0
    outer loop
      vertex 47.25 70.8 0.6
      vertex 47.25 70.8 1.4
      vertex 41.25 70.8 1.4
    endloop
  endfacet
  facet normal 0 0 1
    outer loop
      vertex 41.25 70.8 1.4
      vertex 47.25 70.8 1.4
      vertex 41.25 71.58 1.4
    endloop
  endfacet
  facet normal 0 0 1
    outer loop
      vertex 47.25 70.8 1.4
      vertex 47.25 71.58 1.4
      vertex 41.25 71.58 1.4
    endloop
  endfacet
  facet normal -1 0 0
    outer loop
      vertex 47.25 62.199999999999996 1.4
      vertex 47.25 61.42 1.4
      vertex 47.25 61.42 2.6499999999999995
    endloop
  endfacet
  facet normal -1 0 0
    outer loop
      vertex 47.25 62.199999999999996 1.4
      vertex 47.25 61.42 2.6499999999999995
      vertex 47.25 62.199999999999996 2.63
    endloop
  endfacet
  facet normal -1 0 0
    outer loop
      vertex 47.25 62.199999999999996 2.63
      vertex 47.25 61.42 2.6499999999999995
      vertex 47.25 62.199999999999996 2.6499999999999995
    endloop
  endfacet
  facet normal 0 1 0
    outer loop
      vertex 47.25 62.199999999999996 0.6
      vertex 47.25 62.199999999999996 1.4
      vertex 146 62.199999999999996 0.6
    endloop
  endfacet
  facet normal 0 1 0
    outer loop
      vertex 47.25 62.199999999999996 1.4
      vertex 47.25 62.199999999999996 2.63
      vertex 146 62.199999999999996 0.6
    endloop
  endfacet
  facet normal 0 1 0
    outer loop
      vertex 47.25 62.199999999999996 2.63
      vertex 146 62.199999999999996 2.63
      vertex 146 62.199999999999996 0.6
    endloop
  endfacet
  facet normal -1 0 0
    outer loop
      vertex 47.25 62.199999999999996 2.63
      vertex 47.25 62.199999999999996 2.6499999999999995
      vertex 47.25 63.5 2.63
    endloop
  endfacet
  facet normal -1 0 0
    outer loop
      vertex 47.25 62.199999999999996 2.6499999999999995
      vertex 47.25 63.5 3.44
      vertex 47.25 63.5 2.63
    endloop
  endfacet
  facet normal -1 0 0
    outer loop
      vertex 47.25 61.4 3.44
      vertex 47.25 61.42 2.6499999999999995
      vertex 47.25 61.4 2.6499999999999995
    endloop
  endfacet
  facet normal -1 0 0
    outer loop
      vertex 47.25 62.199999999999996 2.6499999999999995
      vertex 47.25 61.42 2.6499999999999995
      vertex 47.25 61.4 3.44
    endloop
  endfacet
  facet normal -1 0 0
    outer loop
      vertex 47.25 62.199999999999996 2.6499999999999995
      vertex 47.25 61.4 3.44
      vertex 47.25 63.5 3.44
    endloop
  endfacet
  facet normal 0 0 -1
    outer loop
      vertex 47.25 62.199999999999996 2.63
      vertex 47.25 63.5 2.63
      vertex 146 62.199999999999996 2.63
    endloop
  endfacet
  facet normal 0 1 0
    outer loop
      vertex 47.25 63.5 2.63
      vertex 47.25 63.5 3.44
      vertex 146 63.5 2.63
    endloop
  endfacet
  facet normal 0 -1 0
    outer loop
      vertex 47.25 61.4 3.44
      vertex 47.25 61.4 2.6499999999999995
      vertex 146 61.4 3.44
    endloop
  endfacet
  facet normal 0 0 1
    outer loop
      vertex 47.25 61.4 3.44
      vertex 146 63.5 3.44
      vertex 47.25 63.5 3.44
    endloop
  endfacet
  facet normal 0 0 -1
    outer loop
      vertex 47.25 63.5 2.63
      vertex 146 63.5 2.63
      vertex 146 62.199999999999996 2.63
    endloop
  endfacet
  facet normal 0 -1 0
    outer loop
      vertex 146 61.4 3.44
      vertex 47.25 61.4 2.6499999999999995
      vertex 146 61.4 2.6499999999999995
    endloop
  endfacet
  facet normal 0 1 0
    outer loop
      vertex 47.25 63.5 3.44
      vertex 146 63.5 3.44
      vertex 146 63.5 2.63
    endloop
  endfacet
  facet normal 0 0 1
    outer loop
      vertex 47.25 61.4 3.44
      vertex 146 61.4 3.44
      vertex 146 63.5 3.44
    endloop
  endfacet
  facet normal -1 0 0
    outer loop
      vertex 47.25 70.8 1.4
      vertex 47.25 70.8 2.63
      vertex 47.25 71.58 1.4
    endloop
  endfacet
  facet normal -1 0 0
    outer loop
      vertex 47.25 70.8 2.63
      vertex 47.25 70.8 2.6499999999999995
      vertex 47.25 71.58 1.4
    endloop
  endfacet
  facet normal -1 0 0
    outer loop
      vertex 47.25 70.8 2.6499999999999995
      vertex 47.25 71.58 2.6499999999999995
      vertex 47.25 71.58 1.4
    endloop
  endfacet
  facet normal 0 -1 0
    outer loop
      vertex 47.25 70.8 0.6
      vertex 146 70.8 0.6
      vertex 47.25 70.8 1.4
    endloop
  endfacet
  facet normal 0 -1 0
    outer loop
      vertex 47.25 70.8 1.4
      vertex 146 70.8 0.6
      vertex 47.25 70.8 2.63
    endloop
  endfacet
  facet normal 0 -1 0
    outer loop
      vertex 47.25 70.8 2.63
      vertex 146 70.8 0.6
      vertex 146 70.8 2.63
    endloop
  endfacet
  facet normal -1 0 0
    outer loop
      vertex 47.25 69.5 2.63
      vertex 47.25 70.8 2.6499999999999995
      vertex 47.25 70.8 2.63
    endloop
  endfacet
  facet normal -1 0 0
    outer loop
      vertex 47.25 69.5 2.63
      vertex 47.25 71.6 3.44
      vertex 47.25 70.8 2.6499999999999995
    endloop
  endfacet
  facet normal -1 0 0
    outer loop
      vertex 47.25 70.8 2.6499999999999995
      vertex 47.25 71.6 3.44
      vertex 47.25 71.58 2.6499999999999995
    endloop
  endfacet
  facet normal -1 0 0
    outer loop
      vertex 47.25 71.6 3.44
      vertex 47.25 71.6 2.6499999999999995
      vertex 47.25 71.58 2.6499999999999995
    endloop
  endfacet
  facet normal -1 0 0
    outer loop
      vertex 47.25 69.5 2.63
      vertex 47.25 69.5 3.44
      vertex 47.25 71.6 3.44
    endloop
  endfacet
  facet normal 0 0 -1
    outer loop
      vertex 47.25 69.5 2.63
      vertex 47.25 70.8 2.63
      vertex 146 69.5 2.63
    endloop
  endfacet
  facet normal 0 -1 0
    outer loop
      vertex 47.25 69.5 2.63
      vertex 146 69.5 3.44
      vertex 47.25 69.5 3.44
    endloop
  endfacet
  facet normal 0 1 0
    outer loop
      vertex 47.25 71.6 3.44
      vertex 146 71.6 3.44
      vertex 47.25 71.6 2.6499999999999995
    endloop
  endfacet
  facet normal 0 0 1
    outer loop
      vertex 47.25 69.5 3.44
      vertex 146 71.6 3.44
      vertex 47.25 71.6 3.44
    endloop
  endfacet
  facet normal 0 0 -1
    outer loop
      vertex 47.25 70.8 2.63
      vertex 146 70.8 2.63
      vertex 146 69.5 2.63
    endloop
  endfacet
  facet normal 0 -1 0
    outer loop
      vertex 47.25 69.5 2.63
      vertex 146 69.5 2.63
      vertex 146 69.5 3.44
    endloop
  endfacet
  facet normal 0 1 0
    outer loop
      vertex 146 71.6 3.44
      vertex 146 71.6 2.6499999999999995
      vertex 47.25 71.6 2.6499999999999995
    endloop
  endfacet
  facet normal 0 0 1
    outer loop
      vertex 47.25 69.5 3.44
      vertex 146 69.5 3.44
      vertex 146 71.6 3.44
    endloop
  endfacet
  facet normal 1 0 0
    outer loop
      vertex 41.25 62.199999999999996 0.6
      vertex 41.25 70.8 0.6
      vertex 41.25 62.199999999999996 1.4
    endloop
  endfacet
  facet normal -1 0 0
    outer loop
      vertex 40.05 61.42 0.6
      vertex 40.05 61.42 1.5559585492227979
      vertex 40.05 71.58 0.6
    endloop
  endfacet
  facet normal 1 0 0
    outer loop
      vertex 41.25 70.8 0.6
      vertex 41.25 70.8 1.4
      vertex 41.25 62.199999999999996 1.4
    endloop
  endfacet
  facet normal -1 0 0
    outer loop
      vertex 40.05 71.58133462882829 2.396706110969697
      vertex 40.05 71.6 0.6380118465104206
      vertex 40.05 71.58407766990291 0.6
    endloop
  endfacet
  facet normal -1 0 0
    outer loop
      vertex 40.05 61.4 2.4
      vertex 40.05 71.58 0.6
      vertex 40.05 61.42 1.5559585492227979
    endloop
  endfacet
  facet normal 1 0 0
    outer loop
      vertex 41.25 62.199999999999996 1.4
      vertex 41.25 61.42 2.4
      vertex 41.25 61.42 1.4
    endloop
  endfacet
  facet normal 1 0 0
    outer loop
      vertex 41.25 70.8 1.4
      vertex 41.25 61.42 2.4
      vertex 41.25 62.199999999999996 1.4
    endloop
  endfacet
  facet normal -1 0 0
    outer loop
      vertex 40.05 71.58 0.6
      vertex 40.05 61.4 2.4
      vertex 40.05 61.42 2.4
    endloop
  endfacet
  facet normal -1 0 0
    outer loop
      vertex 40.05 61.4 2.4
      vertex 40.05 61.42 1.5559585492227979
      vertex 40.05 61.4 1.5450955891540654
    endloop
  endfacet
  facet normal -1 0 0
    outer loop
      vertex 40.05 61.42 2.4
      vertex 40.05 71.58 2.4
      vertex 40.05 71.58 0.6
    endloop
  endfacet
  facet normal 1 0 0
    outer loop
      vertex 41.25 70.8 1.4
      vertex 41.25 71.58 1.4
      vertex 41.25 71.58 2.4
    endloop
  endfacet
  facet normal -1 0 0
    outer loop
      vertex 40.05 71.6 2.4
      vertex 40.05 71.6 0.6380118465104206
      vertex 40.05 71.58133462882829 2.396706110969697
    endloop
  endfacet
  facet normal 1 0 0
    outer loop
      vertex 41.25 70.8 1.4
      vertex 41.25 71.58 2.4
      vertex 41.25 61.42 2.4
    endloop
  endfacet
  facet normal 0 0 1
    outer loop
      vertex 41.25 61.42 2.4
      vertex 40.05 71.58 2.4
      vertex 40.05 61.42 2.4
    endloop
  endfacet
  facet normal 0 0 1
    outer loop
      vertex 41.25 61.42 2.4
      vertex 41.25 71.58 2.4
      vertex 40.05 71.58 2.4
    endloop
  endfacet
  facet normal -1 0 0
    outer loop
      vertex 40.05 71.6 2.4
      vertex 40.05 71.58133462882829 2.396706110969697
      vertex 40.05 71.58 2.4
    endloop
  endfacet
  facet normal 0 1 0
    outer loop
      vertex 12.25 72.6 0.6
      vertex 12.25 72.6 1.2899999999999998
      vertex 33.46 72.6 0.6
    endloop
  endfacet
  facet normal 1 0 0
    outer loop
      vertex 33.46 71.8 0.6
      vertex 33.46 72.2 0.6
      vertex 33.46 71.8 1.117500000000003
    endloop
  endfacet
  facet normal 1 0 0
    outer loop
      vertex 33.46 72.2 0.6
      vertex 33.46 72.6 0.6
      vertex 33.46 72.2 1.29
    endloop
  endfacet
  facet normal 0 1 0
    outer loop
      vertex 33.46 72.6 0.6
      vertex 12.25 72.6 1.2899999999999998
      vertex 33.46 72.6 1.29
    endloop
  endfacet
  facet normal 1 0 0
    outer loop
      vertex 33.46 72.6 0.6
      vertex 33.46 72.6 1.29
      vertex 33.46 72.2 1.29
    endloop
  endfacet
  facet normal 1.0468863975720476e-17 0 -1
    outer loop
      vertex 12.25 72.6 1.2899999999999998
      vertex 12.25 73.89999999999999 1.2899999999999998
      vertex 33.46 72.6 1.29
    endloop
  endfacet
  facet normal 1.0468863975720475e-17 0 -1
    outer loop
      vertex 12.25 73.89999999999999 1.2899999999999998
      vertex 33.46 73.8961111111111 1.29
      vertex 33.46 72.6 1.29
    endloop
  endfacet
  facet normal 0 -5.70971841234923e-14 -1
    outer loop
      vertex 12.25 73.89999999999999 1.2899999999999998
      vertex 33.46 73.89999999999999 1.2899999999999998
      vertex 33.46 73.8961111111111 1.29
    endloop
  endfacet
  facet normal 0 1 0
    outer loop
      vertex 12.25 73.89999999999999 1.2899999999999998
      vertex 12.25 73.89999999999999 2.0999999999999996
      vertex 33.46 73.89999999999999 1.2899999999999998
    endloop
  endfacet
  facet normal 1 0 0
    outer loop
      vertex 33.46 73.8961111111111 1.29
      vertex 33.46 73.89999999999999 1.2899999999999998
      vertex 33.46 73.89999999999999 2.0999999999999996
    endloop
  endfacet
  facet normal 0 1 0
    outer loop
      vertex 33.46 73.89999999999999 1.2899999999999998
      vertex 12.25 73.89999999999999 2.0999999999999996
      vertex 33.45 73.89999999999999 2.0999999999999996
    endloop
  endfacet
  facet normal 0 1 0
    outer loop
      vertex 33.46 73.89999999999999 1.2899999999999998
      vertex 33.45 73.89999999999999 2.0999999999999996
      vertex 33.46 73.89999999999999 2.0999999999999996
    endloop
  endfacet
  facet normal 1 0 0
    outer loop
      vertex 33.46 73.8961111111111 1.29
      vertex 33.46 73.89999999999999 2.0999999999999996
      vertex 33.46 73.8961111111111 2.0999999999999996
    endloop
  endfacet
  facet normal 0 0 1
    outer loop
      vertex 33.45 73.89999999999999 2.0999999999999996
      vertex 33.46 73.8961111111111 2.0999999999999996
      vertex 33.46 73.89999999999999 2.0999999999999996
    endloop
  endfacet
  facet normal 0 0 -1
    outer loop
      vertex 33.46 71.8 1.29
      vertex 37.451111111111004 72.2 1.29
      vertex 37.82142857142855 72.13997772828506 1.29
    endloop
  endfacet
  facet normal 0 0 -1
    outer loop
      vertex 33.46 72.2 1.29
      vertex 33.46 72.6 1.29
      vertex 37.451111111111004 72.2 1.29
    endloop
  endfacet
  facet normal 0 0 -1
    outer loop
      vertex 33.46 72.6 1.29
      vertex 33.46 73.8961111111111 1.29
      vertex 37.82142857142855 72.2 1.29
    endloop
  endfacet
  facet normal 0 0 -1
    outer loop
      vertex 33.46 72.6 1.29
      vertex 37.82142857142855 72.2 1.29
      vertex 37.451111111111004 72.2 1.29
    endloop
  endfacet
  facet normal 0.362446261154947 0.9320046715412965 6.223992421346986e-17
    outer loop
      vertex 33.46 73.8961111111111 1.29
      vertex 37.82142857142855 72.2 2.1100000000000003
      vertex 37.82142857142855 72.2 1.29
    endloop
  endfacet
  facet normal 0 0 -1
    outer loop
      vertex 37.09317519215477 71.8 1.29
      vertex 37.82142857142855 72.13997772828506 1.29
      vertex 37.82142857142855 71.8 1.29
    endloop
  endfacet
  facet normal 0 0 -1
    outer loop
      vertex 37.82142857142855 71.8 1.29
      vertex 37.82142857142855 72.13997772828506 1.29
      vertex 37.95 71.8 1.29
    endloop
  endfacet
  facet normal 0 0 -1
    outer loop
      vertex 37.95 72.14999999999999 1.29
      vertex 37.451111111111004 72.2 1.29
      vertex 37.82142857142855 72.2 1.29
    endloop
  endfacet
  facet normal 0 0 -1
    outer loop
      vertex 37.82142857142855 72.13997772828506 1.29
      vertex 37.451111111111004 72.2 1.29
      vertex 37.95 72.14999999999999 1.29
    endloop
  endfacet
  facet normal 0 0 -1
    outer loop
      vertex 37.82142857142855 72.13997772828506 1.29
      vertex 37.95 71.85000000000001 1.29
      vertex 37.95 71.8 1.29
    endloop
  endfacet
  facet normal 0 0 -1
    outer loop
      vertex 37.82142857142855 72.13997772828506 1.29
      vertex 37.95 72.14999999999999 1.29
      vertex 37.95 71.85000000000001 1.29
    endloop
  endfacet
  facet normal 1 0 0
    outer loop
      vertex 37.95 71.85000000000001 1.29
      vertex 37.95 72.14999999999999 1.29
      vertex 37.95 71.97857142857143 1.6916326530612207
    endloop
  endfacet
  facet normal 0 -1 0
    outer loop
      vertex 37.82142857142855 71.8 1.29
      vertex 37.95 71.8 1.29
      vertex 37.82142857142855 71.8 2.1100000000000003
    endloop
  endfacet
  facet normal 1 0 0
    outer loop
      vertex 37.95 71.8 1.29
      vertex 37.95 71.85000000000001 1.29
      vertex 37.95 71.8 2.1100000000000003
    endloop
  endfacet
  facet normal 1 0 0
    outer loop
      vertex 37.95 72.14999999999999 1.29
      vertex 37.95 72.14999999999999 2.1100000000000003
      vertex 37.95 71.97857142857143 1.6916326530612207
    endloop
  endfacet
  facet normal 0 0 1
    outer loop
      vertex 12.25 71.80985915492957 2.1100000000000003
      vertex 16.207142857142927 72.2 2.1100000000000003
      vertex 12.25 73.89999999999999 2.1100000000000003
    endloop
  endfacet
  facet normal 0 1 0
    outer loop
      vertex 12.25 73.89999999999999 2.0999999999999996
      vertex 12.25 73.89999999999999 2.1100000000000003
      vertex 33.45 73.89999999999999 2.0999999999999996
    endloop
  endfacet
  facet normal 0 0 1
    outer loop
      vertex 12.25 73.89999999999999 2.1100000000000003
      vertex 16.207142857142927 72.2 2.1100000000000003
      vertex 33.45 73.89999999999999 2.1100000000000003
    endloop
  endfacet
  facet normal 0 1 0
    outer loop
      vertex 12.25 73.89999999999999 2.1100000000000003
      vertex 33.45 73.89999999999999 2.1100000000000003
      vertex 33.45 73.89999999999999 2.0999999999999996
    endloop
  endfacet
  facet normal 0.36244626115494694 0.9320046715412964 0
    outer loop
      vertex 33.46 73.8961111111111 1.29
      vertex 33.46 73.8961111111111 2.0999999999999996
      vertex 37.82142857142855 72.2 2.1100000000000003
    endloop
  endfacet
  facet normal 0 0 1
    outer loop
      vertex 16.207142857142927 72.2 2.1100000000000003
      vertex 37.092857142857135 72.2 2.1100000000000003
      vertex 33.45 73.89999999999999 2.1100000000000003
    endloop
  endfacet
  facet normal 0.3624462611554917 0.9320046715410847 0
    outer loop
      vertex 33.45 73.89999999999999 2.0999999999999996
      vertex 33.45 73.89999999999999 2.1100000000000003
      vertex 33.46 73.8961111111111 2.0999999999999996
    endloop
  endfacet
  facet normal 0.36244626115494816 0.9320046715412961 -6.256682188839971e-13
    outer loop
      vertex 33.46 73.8961111111111 2.0999999999999996
      vertex 33.45 73.89999999999999 2.1100000000000003
      vertex 37.82142857142855 72.2 2.1100000000000003
    endloop
  endfacet
  facet normal 0 0 1
    outer loop
      vertex 33.45 73.89999999999999 2.1100000000000003
      vertex 37.092857142857135 72.2 2.1100000000000003
      vertex 37.82142857142855 72.2 2.1100000000000003
    endloop
  endfacet
  facet normal 1 0 0
    outer loop
      vertex 37.95 71.85000000000001 1.29
      vertex 37.95 71.85000000000001 2.0514285714285574
      vertex 37.95 71.8 2.1100000000000003
    endloop
  endfacet
  facet normal 0 -1 0
    outer loop
      vertex 37.95 71.8 1.29
      vertex 37.95 71.8 2.1100000000000003
      vertex 37.82142857142855 71.8 2.1100000000000003
    endloop
  endfacet
  facet normal 1 0 0
    outer loop
      vertex 37.95 71.97857142857143 1.6916326530612207
      vertex 37.95 72.14999999999999 2.1100000000000003
      vertex 37.95 71.85000000000001 2.0514285714285574
    endloop
  endfacet
  facet normal 1 0 0
    outer loop
      vertex 37.95 71.85000000000001 2.0514285714285574
      vertex 37.95 72.14999999999999 2.1100000000000003
      vertex 37.95 71.8 2.1100000000000003
    endloop
  endfacet
  facet normal 0 0 1
    outer loop
      vertex 37.82142857142855 71.8 2.1100000000000003
      vertex 37.95 71.8 2.1100000000000003
      vertex 37.89155844155843 71.82727272727273 2.1100000000000003
    endloop
  endfacet
  facet normal 0 0 1
    outer loop
      vertex 37.83964927288278 71.85149700598804 2.1100000000000003
      vertex 37.89155844155843 71.82727272727273 2.1100000000000003
      vertex 37.95 72.14999999999999 2.1100000000000003
    endloop
  endfacet
  facet normal 0 0 1
    outer loop
      vertex 37.89155844155843 71.82727272727273 2.1100000000000003
      vertex 37.95 71.8 2.1100000000000003
      vertex 37.95 72.14999999999999 2.1100000000000003
    endloop
  endfacet
  facet normal 0 -1 0
    outer loop
      vertex 12.25 82.4 0.6
      vertex 33.46 82.4 0.6
      vertex 33.46 82.4 1.29
    endloop
  endfacet
  facet normal 1 0 0
    outer loop
      vertex 33.46 82.4 0.6
      vertex 33.46 82.8 0.6
      vertex 33.46 82.4 1.29
    endloop
  endfacet
  facet normal 0 -1 0
    outer loop
      vertex 12.25 82.4 0.6
      vertex 33.46 82.4 1.29
      vertex 12.25 82.4 1.2899999999999998
    endloop
  endfacet
  facet normal 1 0 0
    outer loop
      vertex 33.46 82.8 0.6
      vertex 33.46 82.8 1.117500000000003
      vertex 33.46 82.4 1.29
    endloop
  endfacet
  facet normal 1 0 0
    outer loop
      vertex 33.46 83.2 0.6
      vertex 33.46 83.2 1.2899999999999998
      vertex 33.46 82.8 1.117500000000003
    endloop
  endfacet
  facet normal 1 0 0
    outer loop
      vertex 33.46 82.8 1.117500000000003
      vertex 33.46 83.2 1.2899999999999998
      vertex 33.46 82.4 1.29
    endloop
  endfacet
  facet normal 0 -1.7080354225002446e-16 -1
    outer loop
      vertex 12.25 81.10000000000001 1.29
      vertex 12.25 82.4 1.2899999999999998
      vertex 33.45 81.10000000000001 1.29
    endloop
  endfacet
  facet normal 3.4995916718783514e-15 5.70971841234923e-14 -1
    outer loop
      vertex 33.46 81.10000000000001 1.2899999999999998
      vertex 12.25 82.4 1.2899999999999998
      vertex 33.46 81.1038888888889 1.29
    endloop
  endfacet
  facet normal -2.220446049250755e-14 -3.6227431311237396e-13 -1
    outer loop
      vertex 33.45 81.10000000000001 1.29
      vertex 12.25 82.4 1.2899999999999998
      vertex 33.46 81.10000000000001 1.2899999999999998
    endloop
  endfacet
  facet normal 1.0468863975720475e-17 0 -1
    outer loop
      vertex 33.46 81.1038888888889 1.29
      vertex 12.25 82.4 1.2899999999999998
      vertex 33.46 82.4 1.29
    endloop
  endfacet
  facet normal 0 -1 0
    outer loop
      vertex 33.45 81.10000000000001 1.29
      vertex 33.46 81.10000000000001 1.2899999999999998
      vertex 33.46 81.10000000000001 2.0999999999999996
    endloop
  endfacet
  facet normal 1 0 0
    outer loop
      vertex 33.46 81.10000000000001 1.2899999999999998
      vertex 33.46 81.1038888888889 1.29
      vertex 33.46 81.1038888888889 2.0999999999999996
    endloop
  endfacet
  facet normal 0 -1 0
    outer loop
      vertex 33.45 81.10000000000001 1.29
      vertex 33.46 81.10000000000001 2.0999999999999996
      vertex 33.45 81.10000000000001 2.0999999999999996
    endloop
  endfacet
  facet normal 1 0 0
    outer loop
      vertex 33.46 81.10000000000001 1.2899999999999998
      vertex 33.46 81.1038888888889 2.0999999999999996
      vertex 33.46 81.10000000000001 2.0999999999999996
    endloop
  endfacet
  facet normal 0 0 1
    outer loop
      vertex 33.45 81.10000000000001 2.0999999999999996
      vertex 33.46 81.10000000000001 2.0999999999999996
      vertex 33.46 81.1038888888889 2.0999999999999996
    endloop
  endfacet
  facet normal 0 0 -1
    outer loop
      vertex 33.46 81.1038888888889 1.29
      vertex 33.46 82.4 1.29
      vertex 37.95 83.2 1.29
    endloop
  endfacet
  facet normal 5.0910980493784076e-17 -2.775557561562901e-16 -1
    outer loop
      vertex 33.46 82.4 1.29
      vertex 33.46 83.2 1.2899999999999998
      vertex 37.82142857142855 83.2 1.29
    endloop
  endfacet
  facet normal 0 0 -1
    outer loop
      vertex 33.46 81.1038888888889 1.29
      vertex 37.95 83.14999999999999 1.29
      vertex 37.82142857142855 82.8 1.29
    endloop
  endfacet
  facet normal 0 0 -1
    outer loop
      vertex 33.46 82.4 1.29
      vertex 37.82142857142855 83.2 1.29
      vertex 37.95 83.2 1.29
    endloop
  endfacet
  facet normal 0 0 -1
    outer loop
      vertex 33.46 81.1038888888889 1.29
      vertex 37.95 83.2 1.29
      vertex 37.95 83.14999999999999 1.29
    endloop
  endfacet
  facet normal 0 -1 0
    outer loop
      vertex 12.25 81.10000000000001 1.29
      vertex 33.45 81.10000000000001 1.29
      vertex 33.45 81.10000000000001 2.0999999999999996
    endloop
  endfacet
  facet normal 0.36244626115494694 -0.9320046715412964 0
    outer loop
      vertex 33.46 81.1038888888889 1.29
      vertex 37.82142857142855 82.8 1.29
      vertex 33.46 81.1038888888889 2.0999999999999996
    endloop
  endfacet
  facet normal 0 0 -1
    outer loop
      vertex 37.82142857142855 82.8 1.29
      vertex 37.95 83.14999999999999 1.29
      vertex 37.95 82.85000000000001 1.29
    endloop
  endfacet
  facet normal 0 1 0
    outer loop
      vertex 37.82142857142855 83.2 1.29
      vertex 37.95 83.2 2.1100000000000003
      vertex 37.95 83.2 1.29
    endloop
  endfacet
  facet normal 1 0 0
    outer loop
      vertex 37.95 83.2 1.29
      vertex 37.95 83.14999999999999 2.1100000000000003
      vertex 37.95 83.14999999999999 1.29
    endloop
  endfacet
  facet normal 1 0 0
    outer loop
      vertex 37.95 82.85000000000001 1.29
      vertex 37.95 82.97857142857143 1.6916326530612207
      vertex 37.95 82.85000000000001 2.0514285714285574
    endloop
  endfacet
  facet normal 0 0 1
    outer loop
      vertex 12.25 81.10000000000001 2.1100000000000003
      vertex 15.716415186176754 83.15161839863714 2.1100000000000003
      vertex 12.25 83.19864341085271 2.1100000000000003
    endloop
  endfacet
  facet normal 0 -1 0
    outer loop
      vertex 12.25 81.10000000000001 1.29
      vertex 33.45 81.10000000000001 2.1100000000000003
      vertex 12.25 81.10000000000001 2.1100000000000003
    endloop
  endfacet
  facet normal 0 -1 0
    outer loop
      vertex 12.25 81.10000000000001 1.29
      vertex 33.45 81.10000000000001 2.0999999999999996
      vertex 33.45 81.10000000000001 2.1100000000000003
    endloop
  endfacet
  facet normal 0 0 1
    outer loop
      vertex 12.25 81.10000000000001 2.1100000000000003
      vertex 37.212857142856976 82.8 2.1100000000000003
      vertex 15.716415186176754 83.15161839863714 2.1100000000000003
    endloop
  endfacet
  facet normal 0 0 1
    outer loop
      vertex 12.25 81.10000000000001 2.1100000000000003
      vertex 33.45 81.10000000000001 2.1100000000000003
      vertex 37.212857142856976 82.8 2.1100000000000003
    endloop
  endfacet
  facet normal 0.362446261154947 -0.9320046715412965 0
    outer loop
      vertex 37.82142857142855 82.8 1.29
      vertex 37.82142857142855 82.8 2.1100000000000003
      vertex 33.46 81.1038888888889 2.0999999999999996
    endloop
  endfacet
  facet normal 0 0 1
    outer loop
      vertex 15.716415186176754 83.15161839863714 2.1100000000000003
      vertex 37.212857142856976 82.8 2.1100000000000003
      vertex 37.85645395213921 82.84365482233503 2.1100000000000003
    endloop
  endfacet
  facet normal 0.3624462611554917 -0.9320046715410847 -2.7352417873777094e-10
    outer loop
      vertex 33.45 81.10000000000001 2.0999999999999996
      vertex 33.46 81.1038888888889 2.0999999999999996
      vertex 37.82142857142855 82.8 2.1100000000000003
    endloop
  endfacet
  facet normal 0.36244626115494816 -0.932004671541296 0
    outer loop
      vertex 33.45 81.10000000000001 2.0999999999999996
      vertex 37.82142857142855 82.8 2.1100000000000003
      vertex 33.45 81.10000000000001 2.1100000000000003
    endloop
  endfacet
  facet normal 0 0 1
    outer loop
      vertex 33.45 81.10000000000001 2.1100000000000003
      vertex 37.82142857142855 82.8 2.1100000000000003
      vertex 37.212857142856976 82.8 2.1100000000000003
    endloop
  endfacet
  facet normal 0 1 0
    outer loop
      vertex 37.82142857142855 83.2 1.29
      vertex 37.82142857142855 83.2 2.1100000000000003
      vertex 37.95 83.2 2.1100000000000003
    endloop
  endfacet
  facet normal 1 0 0
    outer loop
      vertex 37.95 83.2 1.29
      vertex 37.95 83.2 2.1100000000000003
      vertex 37.95 83.14999999999999 2.1100000000000003
    endloop
  endfacet
  facet normal 0 0 1
    outer loop
      vertex 37.82142857142855 83.2 2.1100000000000003
      vertex 37.95 83.14999999999999 2.1100000000000003
      vertex 37.95 83.2 2.1100000000000003
    endloop
  endfacet
  facet normal 0 1 0
    outer loop
      vertex 41.25 73.2 0.6
      vertex 47.25 73.2 1.4
      vertex 47.25 73.2 0.6
    endloop
  endfacet
  facet normal 0 1 0
    outer loop
      vertex 41.25 73.2 0.6
      vertex 41.25 73.2 1.4
      vertex 47.25 73.2 1.4
    endloop
  endfacet
  facet normal 0 0 1
    outer loop
      vertex 41.25 73.2 1.4
      vertex 41.25 72.42 1.4
      vertex 47.25 72.42 1.4
    endloop
  endfacet
  facet normal 0 0 1
    outer loop
      vertex 41.25 73.2 1.4
      vertex 47.25 72.42 1.4
      vertex 47.25 73.2 1.4
    endloop
  endfacet
  facet normal 0 -1 0
    outer loop
      vertex 41.25 81.80000000000001 0.6
      vertex 47.25 81.80000000000001 0.6
      vertex 41.25 81.80000000000001 1.4
    endloop
  endfacet
  facet normal 0 -1 0
    outer loop
      vertex 47.25 81.80000000000001 0.6
      vertex 47.25 81.80000000000001 1.4
      vertex 41.25 81.80000000000001 1.4
    endloop
  endfacet
  facet normal 0 0 1
    outer loop
      vertex 41.25 81.80000000000001 1.4
      vertex 47.25 81.80000000000001 1.4
      vertex 41.25 82.58 1.4
    endloop
  endfacet
  facet normal 0 0 1
    outer loop
      vertex 47.25 81.80000000000001 1.4
      vertex 47.25 82.58 1.4
      vertex 41.25 82.58 1.4
    endloop
  endfacet
  facet normal -1 0 0
    outer loop
      vertex 47.25 73.2 1.4
      vertex 47.25 72.42 1.4
      vertex 47.25 72.42 2.6499999999999995
    endloop
  endfacet
  facet normal -1 0 0
    outer loop
      vertex 47.25 73.2 1.4
      vertex 47.25 72.42 2.6499999999999995
      vertex 47.25 73.2 2.63
    endloop
  endfacet
  facet normal -1 0 0
    outer loop
      vertex 47.25 73.2 2.63
      vertex 47.25 72.42 2.6499999999999995
      vertex 47.25 73.2 2.6499999999999995
    endloop
  endfacet
  facet normal 0 1 0
    outer loop
      vertex 47.25 73.2 0.6
      vertex 47.25 73.2 1.4
      vertex 146 73.2 0.6
    endloop
  endfacet
  facet normal 0 1 0
    outer loop
      vertex 47.25 73.2 1.4
      vertex 47.25 73.2 2.63
      vertex 146 73.2 0.6
    endloop
  endfacet
  facet normal 0 1 0
    outer loop
      vertex 47.25 73.2 2.63
      vertex 146 73.2 2.63
      vertex 146 73.2 0.6
    endloop
  endfacet
  facet normal -1 0 0
    outer loop
      vertex 47.25 73.2 2.63
      vertex 47.25 73.2 2.6499999999999995
      vertex 47.25 74.5 2.63
    endloop
  endfacet
  facet normal -1 0 0
    outer loop
      vertex 47.25 74.5 2.63
      vertex 47.25 73.2 2.6499999999999995
      vertex 47.25 74.5 3.44
    endloop
  endfacet
  facet normal -1 0 0
    outer loop
      vertex 47.25 72.4 3.44
      vertex 47.25 72.42 2.6499999999999995
      vertex 47.25 72.4 2.6499999999999995
    endloop
  endfacet
  facet normal -1 0 0
    outer loop
      vertex 47.25 73.2 2.6499999999999995
      vertex 47.25 72.42 2.6499999999999995
      vertex 47.25 72.4 3.44
    endloop
  endfacet
  facet normal -1 0 0
    outer loop
      vertex 47.25 73.2 2.6499999999999995
      vertex 47.25 72.4 3.44
      vertex 47.25 74.5 3.44
    endloop
  endfacet
  facet normal 0 0 -1
    outer loop
      vertex 47.25 73.2 2.63
      vertex 47.25 74.5 2.63
      vertex 146 73.2 2.63
    endloop
  endfacet
  facet normal 0 1 0
    outer loop
      vertex 47.25 74.5 2.63
      vertex 47.25 74.5 3.44
      vertex 146 74.5 2.63
    endloop
  endfacet
  facet normal 0 -1 0
    outer loop
      vertex 47.25 72.4 3.44
      vertex 47.25 72.4 2.6499999999999995
      vertex 146 72.4 3.44
    endloop
  endfacet
  facet normal 0 0 1
    outer loop
      vertex 47.25 72.4 3.44
      vertex 146 74.5 3.44
      vertex 47.25 74.5 3.44
    endloop
  endfacet
  facet normal 0 0 -1
    outer loop
      vertex 47.25 74.5 2.63
      vertex 146 74.5 2.63
      vertex 146 73.2 2.63
    endloop
  endfacet
  facet normal 0 -1 0
    outer loop
      vertex 146 72.4 3.44
      vertex 47.25 72.4 2.6499999999999995
      vertex 146 72.4 2.6499999999999995
    endloop
  endfacet
  facet normal 0 1 0
    outer loop
      vertex 47.25 74.5 3.44
      vertex 146 74.5 3.44
      vertex 146 74.5 2.63
    endloop
  endfacet
  facet normal 0 0 1
    outer loop
      vertex 47.25 72.4 3.44
      vertex 146 72.4 3.44
      vertex 146 74.5 3.44
    endloop
  endfacet
  facet normal -1 0 0
    outer loop
      vertex 47.25 81.80000000000001 1.4
      vertex 47.25 81.80000000000001 2.63
      vertex 47.25 82.58 1.4
    endloop
  endfacet
  facet normal -1 0 0
    outer loop
      vertex 47.25 81.80000000000001 2.63
      vertex 47.25 81.80000000000001 2.6499999999999995
      vertex 47.25 82.58 1.4
    endloop
  endfacet
  facet normal -1 0 0
    outer loop
      vertex 47.25 81.80000000000001 2.6499999999999995
      vertex 47.25 82.58 2.6499999999999995
      vertex 47.25 82.58 1.4
    endloop
  endfacet
  facet normal 0 -1 0
    outer loop
      vertex 47.25 81.80000000000001 0.6
      vertex 146 81.80000000000001 0.6
      vertex 47.25 81.80000000000001 1.4
    endloop
  endfacet
  facet normal 0 -1 0
    outer loop
      vertex 47.25 81.80000000000001 1.4
      vertex 146 81.80000000000001 0.6
      vertex 47.25 81.80000000000001 2.63
    endloop
  endfacet
  facet normal 0 -1 0
    outer loop
      vertex 47.25 81.80000000000001 2.63
      vertex 146 81.80000000000001 0.6
      vertex 146 81.80000000000001 2.63
    endloop
  endfacet
  facet normal -1 0 0
    outer loop
      vertex 47.25 80.50000000000001 2.63
      vertex 47.25 81.80000000000001 2.6499999999999995
      vertex 47.25 81.80000000000001 2.63
    endloop
  endfacet
  facet normal -1 0 0
    outer loop
      vertex 47.25 80.50000000000001 2.63
      vertex 47.25 82.60000000000001 3.44
      vertex 47.25 81.80000000000001 2.6499999999999995
    endloop
  endfacet
  facet normal -1 0 0
    outer loop
      vertex 47.25 81.80000000000001 2.6499999999999995
      vertex 47.25 82.60000000000001 3.44
      vertex 47.25 82.58 2.6499999999999995
    endloop
  endfacet
  facet normal -1 0 0
    outer loop
      vertex 47.25 82.60000000000001 3.44
      vertex 47.25 82.60000000000001 2.6499999999999995
      vertex 47.25 82.58 2.6499999999999995
    endloop
  endfacet
  facet normal -1 0 0
    outer loop
      vertex 47.25 80.50000000000001 2.63
      vertex 47.25 80.50000000000001 3.44
      vertex 47.25 82.60000000000001 3.44
    endloop
  endfacet
  facet normal 0 0 -1
    outer loop
      vertex 47.25 80.50000000000001 2.63
      vertex 47.25 81.80000000000001 2.63
      vertex 146 80.50000000000001 2.63
    endloop
  endfacet
  facet normal 0 -1 0
    outer loop
      vertex 47.25 80.50000000000001 2.63
      vertex 146 80.50000000000001 3.44
      vertex 47.25 80.50000000000001 3.44
    endloop
  endfacet
  facet normal 0 1 0
    outer loop
      vertex 47.25 82.60000000000001 3.44
      vertex 146 82.60000000000001 3.44
      vertex 47.25 82.60000000000001 2.6499999999999995
    endloop
  endfacet
  facet normal 0 0 1
    outer loop
      vertex 47.25 80.50000000000001 3.44
      vertex 146 82.60000000000001 3.44
      vertex 47.25 82.60000000000001 3.44
    endloop
  endfacet
  facet normal 0 0 -1
    outer loop
      vertex 47.25 81.80000000000001 2.63
      vertex 146 81.80000000000001 2.63
      vertex 146 80.50000000000001 2.63
    endloop
  endfacet
  facet normal 0 -1 0
    outer loop
      vertex 47.25 80.50000000000001 2.63
      vertex 146 80.50000000000001 2.63
      vertex 146 80.50000000000001 3.44
    endloop
  endfacet
  facet normal 0 1 0
    outer loop
      vertex 146 82.60000000000001 3.44
      vertex 146 82.60000000000001 2.6499999999999995
      vertex 47.25 82.60000000000001 2.6499999999999995
    endloop
  endfacet
  facet normal 0 0 1
    outer loop
      vertex 47.25 80.50000000000001 3.44
      vertex 146 80.50000000000001 3.44
      vertex 146 82.60000000000001 3.44
    endloop
  endfacet
  facet normal 1 0 0
    outer loop
      vertex 41.25 73.2 0.6
      vertex 41.25 81.80000000000001 0.6
      vertex 41.25 73.2 1.4
    endloop
  endfacet
  facet normal -1 0 0
    outer loop
      vertex 40.05 72.42 0.6
      vertex 40.05 72.42 2.4
      vertex 40.05 82.58 0.6
    endloop
  endfacet
  facet normal 1 0 0
    outer loop
      vertex 41.25 81.80000000000001 0.6
      vertex 41.25 81.80000000000001 1.4
      vertex 41.25 73.2 1.4
    endloop
  endfacet
  facet normal 1 0 0
    outer loop
      vertex 41.25 73.2 1.4
      vertex 41.25 72.42 2.4
      vertex 41.25 72.42 1.4
    endloop
  endfacet
  facet normal 1 0 0
    outer loop
      vertex 41.25 81.80000000000001 1.4
      vertex 41.25 72.42 2.4
      vertex 41.25 73.2 1.4
    endloop
  endfacet
  facet normal 0 0 1
    outer loop
      vertex 40.05 72.42 2.4
      vertex 41.25 72.42 2.4
      vertex 40.05 82.58 2.4
    endloop
  endfacet
  facet normal -1 0 0
    outer loop
      vertex 40.05 82.58 0.6
      vertex 40.05 72.42 2.4
      vertex 40.05 82.58 2.4
    endloop
  endfacet
  facet normal 1 0 0
    outer loop
      vertex 41.25 81.80000000000001 1.4
      vertex 41.25 82.58 1.4
      vertex 41.25 82.58 2.4
    endloop
  endfacet
  facet normal 1 0 0
    outer loop
      vertex 41.25 81.80000000000001 1.4
      vertex 41.25 82.58 2.4
      vertex 41.25 72.42 2.4
    endloop
  endfacet
  facet normal 0 0 1
    outer loop
      vertex 41.25 72.42 2.4
      vertex 41.25 82.58 2.4
      vertex 40.05 82.58 2.4
    endloop
  endfacet
  facet normal 0 1 0
    outer loop
      vertex 12.25 83.6 0.6
      vertex 12.25 83.6 1.2899999999999998
      vertex 33.46 83.6 0.6
    endloop
  endfacet
  facet normal 1 0 0
    outer loop
      vertex 33.46 82.8 0.6
      vertex 33.46 83.2 0.6
      vertex 33.46 82.8 1.117500000000003
    endloop
  endfacet
  facet normal 1 0 0
    outer loop
      vertex 33.46 83.2 0.6
      vertex 33.46 83.6 0.6
      vertex 33.46 83.6 1.29
    endloop
  endfacet
  facet normal 0 1 0
    outer loop
      vertex 33.46 83.6 0.6
      vertex 12.25 83.6 1.2899999999999998
      vertex 33.46 83.6 1.29
    endloop
  endfacet
  facet normal 1 0 0
    outer loop
      vertex 33.46 83.2 0.6
      vertex 33.46 83.6 1.29
      vertex 33.46 83.2 1.2899999999999998
    endloop
  endfacet
  facet normal 1.0468863975720476e-17 0 -1
    outer loop
      vertex 12.25 83.6 1.2899999999999998
      vertex 12.25 84.89999999999999 1.2899999999999998
      vertex 33.46 83.6 1.29
    endloop
  endfacet
  facet normal 1.047380211910525e-17 8.056770860848606e-20 -1
    outer loop
      vertex 12.25 84.89999999999999 1.2899999999999998
      vertex 33.45 84.89999999999999 1.29
      vertex 33.46 83.6 1.29
    endloop
  endfacet
  facet normal 0 0 -1
    outer loop
      vertex 33.46 83.6 1.29
      vertex 33.45 84.89999999999999 1.29
      vertex 33.46 84.8961111111111 1.29
    endloop
  endfacet
  facet normal -2.220446049250755e-14 -5.709718412349232e-14 -1
    outer loop
      vertex 33.45 84.89999999999999 1.29
      vertex 33.46 84.89999999999999 1.2899999999999998
      vertex 33.46 84.8961111111111 1.29
    endloop
  endfacet
  facet normal 0 1 0
    outer loop
      vertex 33.45 84.89999999999999 1.29
      vertex 33.45 84.89999999999999 2.0999999999999996
      vertex 33.46 84.89999999999999 1.2899999999999998
    endloop
  endfacet
  facet normal 1 0 0
    outer loop
      vertex 33.46 84.8961111111111 1.29
      vertex 33.46 84.89999999999999 1.2899999999999998
      vertex 33.46 84.89999999999999 2.0999999999999996
    endloop
  endfacet
  facet normal 0 1 0
    outer loop
      vertex 33.46 84.89999999999999 1.2899999999999998
      vertex 33.45 84.89999999999999 2.0999999999999996
      vertex 33.46 84.89999999999999 2.0999999999999996
    endloop
  endfacet
  facet normal 1 0 0
    outer loop
      vertex 33.46 84.8961111111111 1.29
      vertex 33.46 84.89999999999999 2.0999999999999996
      vertex 33.46 84.8961111111111 2.0999999999999996
    endloop
  endfacet
  facet normal 0 0 1
    outer loop
      vertex 33.45 84.89999999999999 2.0999999999999996
      vertex 33.46 84.8961111111111 2.0999999999999996
      vertex 33.46 84.89999999999999 2.0999999999999996
    endloop
  endfacet
  facet normal 5.091098049378407e-17 5.551115123125901e-16 -1
    outer loop
      vertex 33.46 83.2 1.2899999999999998
      vertex 33.46 83.6 1.29
      vertex 37.82142857142855 83.2 1.29
    endloop
  endfacet
  facet normal 0 0 -1
    outer loop
      vertex 33.46 83.6 1.29
      vertex 33.46 84.8961111111111 1.29
      vertex 37.82142857142855 83.2 1.29
    endloop
  endfacet
  facet normal 0 1 0
    outer loop
      vertex 12.25 84.89999999999999 1.2899999999999998
      vertex 12.25 84.89999999999999 2.1100000000000003
      vertex 33.45 84.89999999999999 1.29
    endloop
  endfacet
  facet normal 0.36244626115494694 0.9320046715412964 0
    outer loop
      vertex 33.46 84.8961111111111 1.29
      vertex 33.46 84.8961111111111 2.0999999999999996
      vertex 37.82142857142855 83.2 1.29
    endloop
  endfacet
  facet normal 0 0 -1
    outer loop
      vertex 37.82142857142855 82.8 1.29
      vertex 37.95 82.85000000000001 1.29
      vertex 37.95 82.8 1.29
    endloop
  endfacet
  facet normal 1 0 0
    outer loop
      vertex 37.95 82.85000000000001 1.29
      vertex 37.95 83.14999999999999 1.29
      vertex 37.95 82.97857142857143 1.6916326530612207
    endloop
  endfacet
  facet normal 1 0 0
    outer loop
      vertex 37.95 82.8 1.29
      vertex 37.95 82.85000000000001 1.29
      vertex 37.95 82.85000000000001 2.0514285714285574
    endloop
  endfacet
  facet normal 0 -1 0
    outer loop
      vertex 37.82142857142855 82.8 1.29
      vertex 37.95 82.8 1.29
      vertex 37.95 82.8 2.1100000000000003
    endloop
  endfacet
  facet normal 1 0 0
    outer loop
      vertex 37.95 83.14999999999999 1.29
      vertex 37.95 83.14999999999999 2.1100000000000003
      vertex 37.95 82.97857142857143 1.6916326530612207
    endloop
  endfacet
  facet normal 0 0 1
    outer loop
      vertex 12.25 83.19864341085271 2.1100000000000003
      vertex 15.716415186176754 83.15161839863714 2.1100000000000003
      vertex 12.25 84.89999999999999 2.1100000000000003
    endloop
  endfacet
  facet normal 0 1 0
    outer loop
      vertex 33.45 84.89999999999999 1.29
      vertex 12.25 84.89999999999999 2.1100000000000003
      vertex 33.45 84.89999999999999 2.0999999999999996
    endloop
  endfacet
  facet normal 0 0 1
    outer loop
      vertex 12.25 84.89999999999999 2.1100000000000003
      vertex 15.716415186176754 83.15161839863714 2.1100000000000003
      vertex 33.45 84.89999999999999 2.1100000000000003
    endloop
  endfacet
  facet normal 0 1 0
    outer loop
      vertex 12.25 84.89999999999999 2.1100000000000003
      vertex 33.45 84.89999999999999 2.1100000000000003
      vertex 33.45 84.89999999999999 2.0999999999999996
    endloop
  endfacet
  facet normal 0.3624462611548211 0.9320046715413455 -7.732311146303184e-13
    outer loop
      vertex 37.82142857142855 83.2 1.29
      vertex 33.46 84.8961111111111 2.0999999999999996
      vertex 33.45 84.89999999999999 2.1100000000000003
    endloop
  endfacet
  facet normal 0.3624462611549482 0.932004671541296 0
    outer loop
      vertex 37.82142857142855 83.2 1.29
      vertex 33.45 84.89999999999999 2.1100000000000003
      vertex 37.82142857142855 83.2 2.1100000000000003
    endloop
  endfacet
  facet normal 0 0 1
    outer loop
      vertex 15.716415186176754 83.15161839863714 2.1100000000000003
      vertex 37.85645395213921 82.84365482233503 2.1100000000000003
      vertex 33.45 84.89999999999999 2.1100000000000003
    endloop
  endfacet
  facet normal 0.3624462611554917 0.9320046715410847 0
    outer loop
      vertex 33.45 84.89999999999999 2.0999999999999996
      vertex 33.45 84.89999999999999 2.1100000000000003
      vertex 33.46 84.8961111111111 2.0999999999999996
    endloop
  endfacet
  facet normal 0 0 1
    outer loop
      vertex 33.45 84.89999999999999 2.1100000000000003
      vertex 37.85645395213921 82.84365482233503 2.1100000000000003
      vertex 37.82142857142855 83.2 2.1100000000000003
    endloop
  endfacet
  facet normal 1 0 0
    outer loop
      vertex 37.95 82.8 1.29
      vertex 37.95 82.85000000000001 2.0514285714285574
      vertex 37.95 82.8 2.1100000000000003
    endloop
  endfacet
  facet normal 0 -1 0
    outer loop
      vertex 37.82142857142855 82.8 1.29
      vertex 37.95 82.8 2.1100000000000003
      vertex 37.82142857142855 82.8 2.1100000000000003
    endloop
  endfacet
  facet normal 1 0 0
    outer loop
      vertex 37.95 82.97857142857143 1.6916326530612207
      vertex 37.95 83.14999999999999 2.1100000000000003
      vertex 37.95 82.85000000000001 2.0514285714285574
    endloop
  endfacet
  facet normal 1 0 0
    outer loop
      vertex 37.95 82.85000000000001 2.0514285714285574
      vertex 37.95 83.14999999999999 2.1100000000000003
      vertex 37.95 82.8 2.1100000000000003
    endloop
  endfacet
  facet normal 0 0 1
    outer loop
      vertex 37.212857142856976 82.8 2.1100000000000003
      vertex 37.82142857142855 82.8 2.1100000000000003
      vertex 37.85645395213921 82.84365482233503 2.1100000000000003
    endloop
  endfacet
  facet normal 0 0 1
    outer loop
      vertex 37.85645395213921 82.84365482233503 2.1100000000000003
      vertex 37.82142857142855 82.8 2.1100000000000003
      vertex 37.95 82.8 2.1100000000000003
    endloop
  endfacet
  facet normal 0 0 1
    outer loop
      vertex 37.85645395213921 82.84365482233503 2.1100000000000003
      vertex 37.95 82.8 2.1100000000000003
      vertex 37.82142857142855 83.2 2.1100000000000003
    endloop
  endfacet
  facet normal 0 0 1
    outer loop
      vertex 37.95 82.8 2.1100000000000003
      vertex 37.95 83.14999999999999 2.1100000000000003
      vertex 37.82142857142855 83.2 2.1100000000000003
    endloop
  endfacet
  facet normal 0 -1 0
    outer loop
      vertex 12.25 93.4 0.6
      vertex 33.46 93.4 0.6
      vertex 33.46 93.4 1.29
    endloop
  endfacet
  facet normal 1 0 0
    outer loop
      vertex 33.46 93.4 0.6
      vertex 33.46 93.8 0.6
      vertex 33.46 93.8 1.117500000000003
    endloop
  endfacet
  facet normal 0 -1 0
    outer loop
      vertex 12.25 93.4 0.6
      vertex 33.46 93.4 1.29
      vertex 12.25 93.4 1.2899999999999998
    endloop
  endfacet
  facet normal 1 0 0
    outer loop
      vertex 33.46 93.4 0.6
      vertex 33.46 93.8 1.117500000000003
      vertex 33.46 93.4 1.29
    endloop
  endfacet
  facet normal 1 0 0
    outer loop
      vertex 33.46 94.2 0.6
      vertex 33.46 94.2 1.29
      vertex 33.46 93.8 1.117500000000003
    endloop
  endfacet
  facet normal 1 0 0
    outer loop
      vertex 33.46 93.8 1.117500000000003
      vertex 33.46 93.8 1.29
      vertex 33.46 93.4 1.29
    endloop
  endfacet
  facet normal 1 0 0
    outer loop
      vertex 33.46 93.8 1.117500000000003
      vertex 33.46 94.2 1.29
      vertex 33.46 93.8 1.29
    endloop
  endfacet
  facet normal 0 -1.7080354225002446e-16 -1
    outer loop
      vertex 12.25 92.10000000000001 1.29
      vertex 12.25 93.4 1.2899999999999998
      vertex 33.45 92.10000000000001 1.29
    endloop
  endfacet
  facet normal 3.4995916718783514e-15 5.70971841234923e-14 -1
    outer loop
      vertex 33.46 92.10000000000001 1.2899999999999998
      vertex 12.25 93.4 1.2899999999999998
      vertex 33.46 92.1038888888889 1.29
    endloop
  endfacet
  facet normal -2.220446049250755e-14 -3.6227431311237396e-13 -1
    outer loop
      vertex 33.45 92.10000000000001 1.29
      vertex 12.25 93.4 1.2899999999999998
      vertex 33.46 92.10000000000001 1.2899999999999998
    endloop
  endfacet
  facet normal 1.0468863975720475e-17 0 -1
    outer loop
      vertex 33.46 92.1038888888889 1.29
      vertex 12.25 93.4 1.2899999999999998
      vertex 33.46 93.4 1.29
    endloop
  endfacet
  facet normal 0 -1 0
    outer loop
      vertex 33.45 92.10000000000001 1.29
      vertex 33.46 92.10000000000001 1.2899999999999998
      vertex 33.46 92.10000000000001 2.0999999999999996
    endloop
  endfacet
  facet normal 1 0 0
    outer loop
      vertex 33.46 92.10000000000001 1.2899999999999998
      vertex 33.46 92.1038888888889 1.29
      vertex 33.46 92.1038888888889 2.0999999999999996
    endloop
  endfacet
  facet normal 0 -1 0
    outer loop
      vertex 33.45 92.10000000000001 1.29
      vertex 33.46 92.10000000000001 2.0999999999999996
      vertex 33.45 92.10000000000001 2.0999999999999996
    endloop
  endfacet
  facet normal 1 0 0
    outer loop
      vertex 33.46 92.10000000000001 1.2899999999999998
      vertex 33.46 92.1038888888889 2.0999999999999996
      vertex 33.46 92.10000000000001 2.0999999999999996
    endloop
  endfacet
  facet normal 0 0 1
    outer loop
      vertex 33.45 92.10000000000001 2.0999999999999996
      vertex 33.46 92.10000000000001 2.0999999999999996
      vertex 33.46 92.1038888888889 2.0999999999999996
    endloop
  endfacet
  facet normal 0 0 -1
    outer loop
      vertex 33.46 92.1038888888889 1.29
      vertex 33.46 93.4 1.29
      vertex 37.09317519215477 93.8 1.29
    endloop
  endfacet
  facet normal 0 0 -1
    outer loop
      vertex 33.46 93.4 1.29
      vertex 33.46 93.8 1.29
      vertex 37.82142857142855 94.13997772828506 1.29
    endloop
  endfacet
  facet normal 0 0 -1
    outer loop
      vertex 33.46 93.8 1.29
      vertex 33.46 94.2 1.29
      vertex 37.451111111111004 94.2 1.29
    endloop
  endfacet
  facet normal 0 0 -1
    outer loop
      vertex 33.46 92.1038888888889 1.29
      vertex 37.09317519215477 93.8 1.29
      vertex 37.82142857142855 93.8 1.29
    endloop
  endfacet
  facet normal 0 0 -1
    outer loop
      vertex 33.46 93.4 1.29
      vertex 37.82142857142855 94.13997772828506 1.29
      vertex 37.09317519215477 93.8 1.29
    endloop
  endfacet
  facet normal 0 -1 0
    outer loop
      vertex 12.25 92.10000000000001 1.29
      vertex 33.45 92.10000000000001 1.29
      vertex 33.45 92.10000000000001 2.0999999999999996
    endloop
  endfacet
  facet normal 0.362446261154947 -0.9320046715412965 -6.223992421346986e-17
    outer loop
      vertex 33.46 92.1038888888889 1.29
      vertex 37.82142857142855 93.8 1.29
      vertex 37.82142857142855 93.8 2.1100000000000003
    endloop
  endfacet
  facet normal 0 0 -1
    outer loop
      vertex 37.82142857142855 94.2 1.29
      vertex 37.95 94.2 1.29
      vertex 37.95 94.14999999999999 1.29
    endloop
  endfacet
  facet normal 0 1 0
    outer loop
      vertex 37.82142857142855 94.2 1.29
      vertex 37.82142857142855 94.2 2.1100000000000003
      vertex 37.95 94.2 1.29
    endloop
  endfacet
  facet normal 1 0 0
    outer loop
      vertex 37.95 94.14999999999999 1.29
      vertex 37.95 94.2 1.29
      vertex 37.95 94.2 2.1100000000000003
    endloop
  endfacet
  facet normal 1 0 0
    outer loop
      vertex 37.95 93.85000000000001 1.29
      vertex 37.95 93.97857142857143 1.6916326530612207
      vertex 37.95 93.85000000000001 2.0514285714285574
    endloop
  endfacet
  facet normal 0 0 1
    outer loop
      vertex 12.25 92.10000000000001 2.1100000000000003
      vertex 16.207142857142927 94.2 2.1100000000000003
      vertex 12.25 93.80985915492957 2.1100000000000003
    endloop
  endfacet
  facet normal 0 -1 0
    outer loop
      vertex 12.25 92.10000000000001 1.29
      vertex 33.45 92.10000000000001 2.1100000000000003
      vertex 12.25 92.10000000000001 2.1100000000000003
    endloop
  endfacet
  facet normal 0 -1 0
    outer loop
      vertex 12.25 92.10000000000001 1.29
      vertex 33.45 92.10000000000001 2.0999999999999996
      vertex 33.45 92.10000000000001 2.1100000000000003
    endloop
  endfacet
  facet normal 0 0 1
    outer loop
      vertex 12.25 92.10000000000001 2.1100000000000003
      vertex 37.092857142857135 94.2 2.1100000000000003
      vertex 16.207142857142927 94.2 2.1100000000000003
    endloop
  endfacet
  facet normal 0.36244626115494694 -0.9320046715412964 0
    outer loop
      vertex 33.46 92.1038888888889 1.29
      vertex 37.82142857142855 93.8 2.1100000000000003
      vertex 33.46 92.1038888888889 2.0999999999999996
    endloop
  endfacet
  facet normal 0 0 1
    outer loop
      vertex 12.25 92.10000000000001 2.1100000000000003
      vertex 33.45 92.10000000000001 2.1100000000000003
      vertex 37.83964927288278 93.85149700598804 2.1100000000000003
    endloop
  endfacet
  facet normal 0 0 1
    outer loop
      vertex 12.25 92.10000000000001 2.1100000000000003
      vertex 37.83964927288278 93.85149700598804 2.1100000000000003
      vertex 37.092857142857135 94.2 2.1100000000000003
    endloop
  endfacet
  facet normal 0.3624462611554917 -0.9320046715410847 -2.7352417873777094e-10
    outer loop
      vertex 33.45 92.10000000000001 2.0999999999999996
      vertex 33.46 92.1038888888889 2.0999999999999996
      vertex 37.82142857142855 93.8 2.1100000000000003
    endloop
  endfacet
  facet normal 0.36244626115494816 -0.932004671541296 0
    outer loop
      vertex 33.45 92.10000000000001 2.0999999999999996
      vertex 37.82142857142855 93.8 2.1100000000000003
      vertex 33.45 92.10000000000001 2.1100000000000003
    endloop
  endfacet
  facet normal 0 0 1
    outer loop
      vertex 33.45 92.10000000000001 2.1100000000000003
      vertex 37.82142857142855 93.8 2.1100000000000003
      vertex 37.83964927288278 93.85149700598804 2.1100000000000003
    endloop
  endfacet
  facet normal 0 1 0
    outer loop
      vertex 37.95 94.2 1.29
      vertex 37.82142857142855 94.2 2.1100000000000003
      vertex 37.95 94.2 2.1100000000000003
    endloop
  endfacet
  facet normal 1 0 0
    outer loop
      vertex 37.95 94.14999999999999 1.29
      vertex 37.95 94.2 2.1100000000000003
      vertex 37.95 94.14999999999999 2.1100000000000003
    endloop
  endfacet
  facet normal 0 0 1
    outer loop
      vertex 37.83964927288278 93.85149700598804 2.1100000000000003
      vertex 37.82142857142855 93.8 2.1100000000000003
      vertex 37.89155844155843 93.82727272727273 2.1100000000000003
    endloop
  endfacet
  facet normal 0 0 1
    outer loop
      vertex 37.092857142857135 94.2 2.1100000000000003
      vertex 37.83964927288278 93.85149700598804 2.1100000000000003
      vertex 37.95 94.14999999999999 2.1100000000000003
    endloop
  endfacet
  facet normal 0 0 1
    outer loop
      vertex 37.092857142857135 94.2 2.1100000000000003
      vertex 37.95 94.14999999999999 2.1100000000000003
      vertex 37.82142857142855 94.2 2.1100000000000003
    endloop
  endfacet
  facet normal 0 0 1
    outer loop
      vertex 37.82142857142855 94.2 2.1100000000000003
      vertex 37.95 94.14999999999999 2.1100000000000003
      vertex 37.95 94.2 2.1100000000000003
    endloop
  endfacet
  facet normal 0 1 0
    outer loop
      vertex 41.25 84.2 0.6
      vertex 47.25 84.2 1.4
      vertex 47.25 84.2 0.6
    endloop
  endfacet
  facet normal 0 1 0
    outer loop
      vertex 41.25 84.2 0.6
      vertex 41.25 84.2 1.4
      vertex 47.25 84.2 1.4
    endloop
  endfacet
  facet normal 0 0 1
    outer loop
      vertex 41.25 84.2 1.4
      vertex 41.25 83.42 1.4
      vertex 47.25 83.42 1.4
    endloop
  endfacet
  facet normal 0 0 1
    outer loop
      vertex 41.25 84.2 1.4
      vertex 47.25 83.42 1.4
      vertex 47.25 84.2 1.4
    endloop
  endfacet
  facet normal 0 -1 0
    outer loop
      vertex 41.25 92.80000000000001 0.6
      vertex 47.25 92.80000000000001 0.6
      vertex 41.25 92.80000000000001 1.4
    endloop
  endfacet
  facet normal 0 -1 0
    outer loop
      vertex 47.25 92.80000000000001 0.6
      vertex 47.25 92.80000000000001 1.4
      vertex 41.25 92.80000000000001 1.4
    endloop
  endfacet
  facet normal 0 0 1
    outer loop
      vertex 41.25 92.80000000000001 1.4
      vertex 47.25 92.80000000000001 1.4
      vertex 41.25 93.58 1.4
    endloop
  endfacet
  facet normal 0 0 1
    outer loop
      vertex 47.25 92.80000000000001 1.4
      vertex 47.25 93.58 1.4
      vertex 41.25 93.58 1.4
    endloop
  endfacet
  facet normal -1 0 0
    outer loop
      vertex 47.25 84.2 1.4
      vertex 47.25 83.42 1.4
      vertex 47.25 83.42 2.6499999999999995
    endloop
  endfacet
  facet normal -1 0 0
    outer loop
      vertex 47.25 84.2 1.4
      vertex 47.25 83.42 2.6499999999999995
      vertex 47.25 84.2 2.63
    endloop
  endfacet
  facet normal -1 0 0
    outer loop
      vertex 47.25 84.2 2.63
      vertex 47.25 83.42 2.6499999999999995
      vertex 47.25 84.2 2.6499999999999995
    endloop
  endfacet
  facet normal 0 1 0
    outer loop
      vertex 47.25 84.2 0.6
      vertex 47.25 84.2 1.4
      vertex 146 84.2 0.6
    endloop
  endfacet
  facet normal 0 1 0
    outer loop
      vertex 47.25 84.2 1.4
      vertex 47.25 84.2 2.63
      vertex 146 84.2 0.6
    endloop
  endfacet
  facet normal 0 1 0
    outer loop
      vertex 47.25 84.2 2.63
      vertex 146 84.2 2.63
      vertex 146 84.2 0.6
    endloop
  endfacet
  facet normal -1 0 0
    outer loop
      vertex 47.25 84.2 2.63
      vertex 47.25 84.2 2.6499999999999995
      vertex 47.25 85.5 2.63
    endloop
  endfacet
  facet normal -1 0 0
    outer loop
      vertex 47.25 84.2 2.6499999999999995
      vertex 47.25 85.5 3.44
      vertex 47.25 85.5 2.63
    endloop
  endfacet
  facet normal -1 0 0
    outer loop
      vertex 47.25 83.4 3.44
      vertex 47.25 83.42 2.6499999999999995
      vertex 47.25 83.4 2.6499999999999995
    endloop
  endfacet
  facet normal -1 0 0
    outer loop
      vertex 47.25 84.2 2.6499999999999995
      vertex 47.25 83.42 2.6499999999999995
      vertex 47.25 83.4 3.44
    endloop
  endfacet
  facet normal -1 0 0
    outer loop
      vertex 47.25 84.2 2.6499999999999995
      vertex 47.25 83.4 3.44
      vertex 47.25 85.5 3.44
    endloop
  endfacet
  facet normal 0 0 -1
    outer loop
      vertex 47.25 84.2 2.63
      vertex 47.25 85.5 2.63
      vertex 146 84.2 2.63
    endloop
  endfacet
  facet normal 0 1 0
    outer loop
      vertex 47.25 85.5 2.63
      vertex 47.25 85.5 3.44
      vertex 146 85.5 2.63
    endloop
  endfacet
  facet normal 0 -1 0
    outer loop
      vertex 47.25 83.4 3.44
      vertex 47.25 83.4 2.6499999999999995
      vertex 146 83.4 3.44
    endloop
  endfacet
  facet normal 0 0 1
    outer loop
      vertex 47.25 83.4 3.44
      vertex 146 85.5 3.44
      vertex 47.25 85.5 3.44
    endloop
  endfacet
  facet normal 0 0 -1
    outer loop
      vertex 47.25 85.5 2.63
      vertex 146 85.5 2.63
      vertex 146 84.2 2.63
    endloop
  endfacet
  facet normal 0 -1 0
    outer loop
      vertex 146 83.4 3.44
      vertex 47.25 83.4 2.6499999999999995
      vertex 146 83.4 2.6499999999999995
    endloop
  endfacet
  facet normal 0 1 0
    outer loop
      vertex 47.25 85.5 3.44
      vertex 146 85.5 3.44
      vertex 146 85.5 2.63
    endloop
  endfacet
  facet normal 0 0 1
    outer loop
      vertex 47.25 83.4 3.44
      vertex 146 83.4 3.44
      vertex 146 85.5 3.44
    endloop
  endfacet
  facet normal -1 0 0
    outer loop
      vertex 47.25 92.80000000000001 1.4
      vertex 47.25 92.80000000000001 2.63
      vertex 47.25 93.58 1.4
    endloop
  endfacet
  facet normal -1 0 0
    outer loop
      vertex 47.25 92.80000000000001 2.63
      vertex 47.25 92.80000000000001 2.6499999999999995
      vertex 47.25 93.58 1.4
    endloop
  endfacet
  facet normal -1 0 0
    outer loop
      vertex 47.25 92.80000000000001 2.6499999999999995
      vertex 47.25 93.58 2.6499999999999995
      vertex 47.25 93.58 1.4
    endloop
  endfacet
  facet normal 0 -1 0
    outer loop
      vertex 47.25 92.80000000000001 0.6
      vertex 146 92.80000000000001 0.6
      vertex 47.25 92.80000000000001 1.4
    endloop
  endfacet
  facet normal 0 -1 0
    outer loop
      vertex 47.25 92.80000000000001 1.4
      vertex 146 92.80000000000001 0.6
      vertex 47.25 92.80000000000001 2.63
    endloop
  endfacet
  facet normal 0 -1 0
    outer loop
      vertex 47.25 92.80000000000001 2.63
      vertex 146 92.80000000000001 0.6
      vertex 146 92.80000000000001 2.63
    endloop
  endfacet
  facet normal -1 0 0
    outer loop
      vertex 47.25 91.50000000000001 2.63
      vertex 47.25 92.80000000000001 2.6499999999999995
      vertex 47.25 92.80000000000001 2.63
    endloop
  endfacet
  facet normal -1 0 0
    outer loop
      vertex 47.25 91.50000000000001 2.63
      vertex 47.25 93.60000000000001 3.44
      vertex 47.25 92.80000000000001 2.6499999999999995
    endloop
  endfacet
  facet normal -1 0 0
    outer loop
      vertex 47.25 92.80000000000001 2.6499999999999995
      vertex 47.25 93.60000000000001 3.44
      vertex 47.25 93.58 2.6499999999999995
    endloop
  endfacet
  facet normal -1 0 0
    outer loop
      vertex 47.25 93.60000000000001 3.44
      vertex 47.25 93.60000000000001 2.6499999999999995
      vertex 47.25 93.58 2.6499999999999995
    endloop
  endfacet
  facet normal -1 0 0
    outer loop
      vertex 47.25 91.50000000000001 2.63
      vertex 47.25 91.50000000000001 3.44
      vertex 47.25 93.60000000000001 3.44
    endloop
  endfacet
  facet normal 0 0 -1
    outer loop
      vertex 47.25 91.50000000000001 2.63
      vertex 47.25 92.80000000000001 2.63
      vertex 146 91.50000000000001 2.63
    endloop
  endfacet
  facet normal 0 -1 0
    outer loop
      vertex 47.25 91.50000000000001 2.63
      vertex 146 91.50000000000001 3.44
      vertex 47.25 91.50000000000001 3.44
    endloop
  endfacet
  facet normal 0 1 0
    outer loop
      vertex 47.25 93.60000000000001 3.44
      vertex 146 93.60000000000001 3.44
      vertex 47.25 93.60000000000001 2.6499999999999995
    endloop
  endfacet
  facet normal 0 0 1
    outer loop
      vertex 47.25 91.50000000000001 3.44
      vertex 146 93.60000000000001 3.44
      vertex 47.25 93.60000000000001 3.44
    endloop
  endfacet
  facet normal 0 -1 0
    outer loop
      vertex 47.25 91.50000000000001 2.63
      vertex 146 91.50000000000001 2.63
      vertex 146 91.50000000000001 3.44
    endloop
  endfacet
  facet normal 0 0 -1
    outer loop
      vertex 47.25 92.80000000000001 2.63
      vertex 146 92.80000000000001 2.63
      vertex 146 91.50000000000001 2.63
    endloop
  endfacet
  facet normal 0 1 0
    outer loop
      vertex 146 93.60000000000001 3.44
      vertex 146 93.60000000000001 2.6499999999999995
      vertex 47.25 93.60000000000001 2.6499999999999995
    endloop
  endfacet
  facet normal 0 0 1
    outer loop
      vertex 47.25 91.50000000000001 3.44
      vertex 146 91.50000000000001 3.44
      vertex 146 93.60000000000001 3.44
    endloop
  endfacet
  facet normal 1 0 0
    outer loop
      vertex 41.25 84.2 0.6
      vertex 41.25 92.80000000000001 0.6
      vertex 41.25 84.2 1.4
    endloop
  endfacet
  facet normal 1 0 0
    outer loop
      vertex 41.25 92.80000000000001 0.6
      vertex 41.25 92.80000000000001 1.4
      vertex 41.25 84.2 1.4
    endloop
  endfacet
  facet normal -1 0 0
    outer loop
      vertex 40.05 83.42 0.6
      vertex 40.05 83.42 2.4
      vertex 40.05 93.58 0.6
    endloop
  endfacet
  facet normal 1 0 0
    outer loop
      vertex 41.25 84.2 1.4
      vertex 41.25 83.42 2.4
      vertex 41.25 83.42 1.4
    endloop
  endfacet
  facet normal 1 0 0
    outer loop
      vertex 41.25 92.80000000000001 1.4
      vertex 41.25 83.42 2.4
      vertex 41.25 84.2 1.4
    endloop
  endfacet
  facet normal -1 0 0
    outer loop
      vertex 40.05 93.58 0.6
      vertex 40.05 83.42 2.4
      vertex 40.05 93.58 2.4
    endloop
  endfacet
  facet normal 1 0 0
    outer loop
      vertex 41.25 92.80000000000001 1.4
      vertex 41.25 93.58 2.4
      vertex 41.25 83.42 2.4
    endloop
  endfacet
  facet normal 1 0 0
    outer loop
      vertex 41.25 92.80000000000001 1.4
      vertex 41.25 93.58 1.4
      vertex 41.25 93.58 2.4
    endloop
  endfacet
  facet normal 0 0 1
    outer loop
      vertex 40.05 83.42 2.4
      vertex 41.25 83.42 2.4
      vertex 40.05 93.58 2.4
    endloop
  endfacet
  facet normal 0 0 1
    outer loop
      vertex 41.25 83.42 2.4
      vertex 41.25 93.58 2.4
      vertex 40.05 93.58 2.4
    endloop
  endfacet
  facet normal 0 1 0
    outer loop
      vertex 12.25 94.6 0.6
      vertex 12.25 94.6 1.2899999999999998
      vertex 33.46 94.6 0.6
    endloop
  endfacet
  facet normal 1 0 0
    outer loop
      vertex 33.46 93.8 0.6
      vertex 33.46 94.2 0.6
      vertex 33.46 93.8 1.117500000000003
    endloop
  endfacet
  facet normal 1 0 0
    outer loop
      vertex 33.46 94.2 0.6
      vertex 33.46 94.6 0.6
      vertex 33.46 94.2 1.29
    endloop
  endfacet
  facet normal 0 1 0
    outer loop
      vertex 33.46 94.6 0.6
      vertex 12.25 94.6 1.2899999999999998
      vertex 33.46 94.6 1.29
    endloop
  endfacet
  facet normal 1 0 0
    outer loop
      vertex 33.46 94.6 0.6
      vertex 33.46 94.6 1.29
      vertex 33.46 94.2 1.29
    endloop
  endfacet
  facet normal 1.0468863975720476e-17 0 -1
    outer loop
      vertex 12.25 94.6 1.2899999999999998
      vertex 12.25 95.89999999999999 1.2899999999999998
      vertex 33.46 94.6 1.29
    endloop
  endfacet
  facet normal 1.0468863975720475e-17 0 -1
    outer loop
      vertex 12.25 95.89999999999999 1.2899999999999998
      vertex 33.46 95.8961111111111 1.29
      vertex 33.46 94.6 1.29
    endloop
  endfacet
  facet normal 0 -5.70971841234923e-14 -1
    outer loop
      vertex 12.25 95.89999999999999 1.2899999999999998
      vertex 33.46 95.89999999999999 1.2899999999999998
      vertex 33.46 95.8961111111111 1.29
    endloop
  endfacet
  facet normal 0 1 0
    outer loop
      vertex 12.25 95.89999999999999 1.2899999999999998
      vertex 12.25 95.89999999999999 2.0999999999999996
      vertex 33.46 95.89999999999999 1.2899999999999998
    endloop
  endfacet
  facet normal 1 0 0
    outer loop
      vertex 33.46 95.8961111111111 1.29
      vertex 33.46 95.89999999999999 1.2899999999999998
      vertex 33.46 95.89999999999999 2.0999999999999996
    endloop
  endfacet
  facet normal 0 1 0
    outer loop
      vertex 33.46 95.89999999999999 1.2899999999999998
      vertex 12.25 95.89999999999999 2.0999999999999996
      vertex 33.45 95.89999999999999 2.0999999999999996
    endloop
  endfacet
  facet normal 0 1 0
    outer loop
      vertex 33.46 95.89999999999999 1.2899999999999998
      vertex 33.45 95.89999999999999 2.0999999999999996
      vertex 33.46 95.89999999999999 2.0999999999999996
    endloop
  endfacet
  facet normal 1 0 0
    outer loop
      vertex 33.46 95.8961111111111 1.29
      vertex 33.46 95.89999999999999 2.0999999999999996
      vertex 33.46 95.8961111111111 2.0999999999999996
    endloop
  endfacet
  facet normal 0 0 1
    outer loop
      vertex 33.45 95.89999999999999 2.0999999999999996
      vertex 33.46 95.8961111111111 2.0999999999999996
      vertex 33.46 95.89999999999999 2.0999999999999996
    endloop
  endfacet
  facet normal 0 0 -1
    outer loop
      vertex 33.46 94.2 1.29
      vertex 33.46 94.6 1.29
      vertex 37.451111111111004 94.2 1.29
    endloop
  endfacet
  facet normal 0 0 -1
    outer loop
      vertex 33.46 94.6 1.29
      vertex 33.46 95.8961111111111 1.29
      vertex 37.82142857142855 94.2 1.29
    endloop
  endfacet
  facet normal 0 0 -1
    outer loop
      vertex 33.46 93.8 1.29
      vertex 37.451111111111004 94.2 1.29
      vertex 37.82142857142855 94.13997772828506 1.29
    endloop
  endfacet
  facet normal 0 0 -1
    outer loop
      vertex 33.46 94.6 1.29
      vertex 37.82142857142855 94.2 1.29
      vertex 37.451111111111004 94.2 1.29
    endloop
  endfacet
  facet normal 0.362446261154947 0.9320046715412965 6.223992421346986e-17
    outer loop
      vertex 33.46 95.8961111111111 1.29
      vertex 37.82142857142855 94.2 2.1100000000000003
      vertex 37.82142857142855 94.2 1.29
    endloop
  endfacet
  facet normal 0 0 -1
    outer loop
      vertex 37.09317519215477 93.8 1.29
      vertex 37.82142857142855 94.13997772828506 1.29
      vertex 37.82142857142855 93.8 1.29
    endloop
  endfacet
  facet normal 0 0 -1
    outer loop
      vertex 37.82142857142855 93.8 1.29
      vertex 37.82142857142855 94.13997772828506 1.29
      vertex 37.95 93.8 1.29
    endloop
  endfacet
  facet normal 0 0 -1
    outer loop
      vertex 37.451111111111004 94.2 1.29
      vertex 37.82142857142855 94.2 1.29
      vertex 37.95 94.14999999999999 1.29
    endloop
  endfacet
  facet normal 0 0 -1
    outer loop
      vertex 37.451111111111004 94.2 1.29
      vertex 37.95 94.14999999999999 1.29
      vertex 37.82142857142855 94.13997772828506 1.29
    endloop
  endfacet
  facet normal 0 0 -1
    outer loop
      vertex 37.82142857142855 94.13997772828506 1.29
      vertex 37.95 93.85000000000001 1.29
      vertex 37.95 93.8 1.29
    endloop
  endfacet
  facet normal 0 0 -1
    outer loop
      vertex 37.82142857142855 94.13997772828506 1.29
      vertex 37.95 94.14999999999999 1.29
      vertex 37.95 93.85000000000001 1.29
    endloop
  endfacet
  facet normal 1 0 0
    outer loop
      vertex 37.95 93.85000000000001 1.29
      vertex 37.95 94.14999999999999 1.29
      vertex 37.95 93.97857142857143 1.6916326530612207
    endloop
  endfacet
  facet normal 0 -1 0
    outer loop
      vertex 37.82142857142855 93.8 1.29
      vertex 37.95 93.8 1.29
      vertex 37.82142857142855 93.8 2.1100000000000003
    endloop
  endfacet
  facet normal 1 0 0
    outer loop
      vertex 37.95 93.8 1.29
      vertex 37.95 93.85000000000001 1.29
      vertex 37.95 93.8 2.1100000000000003
    endloop
  endfacet
  facet normal 1 0 0
    outer loop
      vertex 37.95 94.14999999999999 1.29
      vertex 37.95 94.14999999999999 2.1100000000000003
      vertex 37.95 93.97857142857143 1.6916326530612207
    endloop
  endfacet
  facet normal 0 0 1
    outer loop
      vertex 12.25 93.80985915492957 2.1100000000000003
      vertex 16.207142857142927 94.2 2.1100000000000003
      vertex 12.25 95.89999999999999 2.1100000000000003
    endloop
  endfacet
  facet normal 0 1 0
    outer loop
      vertex 12.25 95.89999999999999 2.0999999999999996
      vertex 12.25 95.89999999999999 2.1100000000000003
      vertex 33.45 95.89999999999999 2.0999999999999996
    endloop
  endfacet
  facet normal 0 0 1
    outer loop
      vertex 12.25 95.89999999999999 2.1100000000000003
      vertex 16.207142857142927 94.2 2.1100000000000003
      vertex 33.45 95.89999999999999 2.1100000000000003
    endloop
  endfacet
  facet normal 0 1 0
    outer loop
      vertex 12.25 95.89999999999999 2.1100000000000003
      vertex 33.45 95.89999999999999 2.1100000000000003
      vertex 33.45 95.89999999999999 2.0999999999999996
    endloop
  endfacet
  facet normal 0.36244626115494694 0.9320046715412964 0
    outer loop
      vertex 33.46 95.8961111111111 1.29
      vertex 33.46 95.8961111111111 2.0999999999999996
      vertex 37.82142857142855 94.2 2.1100000000000003
    endloop
  endfacet
  facet normal 0 0 1
    outer loop
      vertex 16.207142857142927 94.2 2.1100000000000003
      vertex 37.092857142857135 94.2 2.1100000000000003
      vertex 33.45 95.89999999999999 2.1100000000000003
    endloop
  endfacet
  facet normal 0.3624462611554917 0.9320046715410847 0
    outer loop
      vertex 33.45 95.89999999999999 2.0999999999999996
      vertex 33.45 95.89999999999999 2.1100000000000003
      vertex 33.46 95.8961111111111 2.0999999999999996
    endloop
  endfacet
  facet normal 0 0 1
    outer loop
      vertex 33.45 95.89999999999999 2.1100000000000003
      vertex 37.092857142857135 94.2 2.1100000000000003
      vertex 37.82142857142855 94.2 2.1100000000000003
    endloop
  endfacet
  facet normal 0.36244626115494816 0.9320046715412961 -6.256682188839971e-13
    outer loop
      vertex 33.46 95.8961111111111 2.0999999999999996
      vertex 33.45 95.89999999999999 2.1100000000000003
      vertex 37.82142857142855 94.2 2.1100000000000003
    endloop
  endfacet
  facet normal 1 0 0
    outer loop
      vertex 37.95 93.85000000000001 1.29
      vertex 37.95 93.85000000000001 2.0514285714285574
      vertex 37.95 93.8 2.1100000000000003
    endloop
  endfacet
  facet normal 0 -1 0
    outer loop
      vertex 37.95 93.8 1.29
      vertex 37.95 93.8 2.1100000000000003
      vertex 37.82142857142855 93.8 2.1100000000000003
    endloop
  endfacet
  facet normal 1 0 0
    outer loop
      vertex 37.95 93.97857142857143 1.6916326530612207
      vertex 37.95 94.14999999999999 2.1100000000000003
      vertex 37.95 93.85000000000001 2.0514285714285574
    endloop
  endfacet
  facet normal 1 0 0
    outer loop
      vertex 37.95 93.85000000000001 2.0514285714285574
      vertex 37.95 94.14999999999999 2.1100000000000003
      vertex 37.95 93.8 2.1100000000000003
    endloop
  endfacet
  facet normal 0 0 1
    outer loop
      vertex 37.82142857142855 93.8 2.1100000000000003
      vertex 37.95 93.8 2.1100000000000003
      vertex 37.89155844155843 93.82727272727273 2.1100000000000003
    endloop
  endfacet
  facet normal 0 0 1
    outer loop
      vertex 37.89155844155843 93.82727272727273 2.1100000000000003
      vertex 37.95 93.8 2.1100000000000003
      vertex 37.95 94.14999999999999 2.1100000000000003
    endloop
  endfacet
  facet normal 0 0 1
    outer loop
      vertex 37.83964927288278 93.85149700598804 2.1100000000000003
      vertex 37.89155844155843 93.82727272727273 2.1100000000000003
      vertex 37.95 94.14999999999999 2.1100000000000003
    endloop
  endfacet
  facet normal 0 -1 0
    outer loop
      vertex 12.25 104.4 0.6
      vertex 33.46 104.4 0.6
      vertex 33.46 104.4 1.29
    endloop
  endfacet
  facet normal 1 0 0
    outer loop
      vertex 33.46 104.4 0.6
      vertex 33.46 104.8 0.6
      vertex 33.46 104.4 1.29
    endloop
  endfacet
  facet normal 0 -1 0
    outer loop
      vertex 12.25 104.4 0.6
      vertex 33.46 104.4 1.29
      vertex 12.25 104.4 1.2899999999999998
    endloop
  endfacet
  facet normal 1 0 0
    outer loop
      vertex 33.46 104.8 0.6
      vertex 33.46 104.8 1.29
      vertex 33.46 104.4 1.29
    endloop
  endfacet
  facet normal 1 0 0
    outer loop
      vertex 33.46 104.8 1.29
      vertex 33.46 105.2 0.9449999999999938
      vertex 33.46 105.2 1.2899999999999998
    endloop
  endfacet
  facet normal 0 -1.7080354225002446e-16 -1
    outer loop
      vertex 12.25 103.10000000000001 1.29
      vertex 12.25 104.4 1.2899999999999998
      vertex 33.45 103.10000000000001 1.29
    endloop
  endfacet
  facet normal 3.4995916718783514e-15 5.70971841234923e-14 -1
    outer loop
      vertex 33.46 103.10000000000001 1.2899999999999998
      vertex 12.25 104.4 1.2899999999999998
      vertex 33.46 103.1038888888889 1.29
    endloop
  endfacet
  facet normal -2.220446049250755e-14 -3.6227431311237396e-13 -1
    outer loop
      vertex 33.45 103.10000000000001 1.29
      vertex 12.25 104.4 1.2899999999999998
      vertex 33.46 103.10000000000001 1.2899999999999998
    endloop
  endfacet
  facet normal 1.0468863975720475e-17 0 -1
    outer loop
      vertex 33.46 103.1038888888889 1.29
      vertex 12.25 104.4 1.2899999999999998
      vertex 33.46 104.4 1.29
    endloop
  endfacet
  facet normal 0 -1 0
    outer loop
      vertex 33.45 103.10000000000001 1.29
      vertex 33.46 103.10000000000001 1.2899999999999998
      vertex 33.46 103.10000000000001 2.0999999999999996
    endloop
  endfacet
  facet normal 1 0 0
    outer loop
      vertex 33.46 103.10000000000001 1.2899999999999998
      vertex 33.46 103.1038888888889 1.29
      vertex 33.46 103.1038888888889 2.0999999999999996
    endloop
  endfacet
  facet normal 0 -1 0
    outer loop
      vertex 33.45 103.10000000000001 1.29
      vertex 33.46 103.10000000000001 2.0999999999999996
      vertex 33.45 103.10000000000001 2.0999999999999996
    endloop
  endfacet
  facet normal 1 0 0
    outer loop
      vertex 33.46 103.10000000000001 1.2899999999999998
      vertex 33.46 103.1038888888889 2.0999999999999996
      vertex 33.46 103.10000000000001 2.0999999999999996
    endloop
  endfacet
  facet normal 0 0 1
    outer loop
      vertex 33.45 103.10000000000001 2.0999999999999996
      vertex 33.46 103.10000000000001 2.0999999999999996
      vertex 33.46 103.1038888888889 2.0999999999999996
    endloop
  endfacet
  facet normal 0 0 -1
    outer loop
      vertex 33.46 103.1038888888889 1.29
      vertex 33.46 104.4 1.29
      vertex 37.95 105.2 1.29
    endloop
  endfacet
  facet normal 0 0 -1
    outer loop
      vertex 33.46 104.4 1.29
      vertex 33.46 104.8 1.29
      vertex 37.82142857142855 105.2 1.29
    endloop
  endfacet
  facet normal 0 0 -1
    outer loop
      vertex 33.46 103.1038888888889 1.29
      vertex 37.95 105.14999999999999 1.29
      vertex 37.82142857142855 104.8 1.29
    endloop
  endfacet
  facet normal 0 0 -1
    outer loop
      vertex 33.46 104.4 1.29
      vertex 37.82142857142855 105.2 1.29
      vertex 37.95 105.2 1.29
    endloop
  endfacet
  facet normal 0 0 -1
    outer loop
      vertex 33.46 103.1038888888889 1.29
      vertex 37.95 105.2 1.29
      vertex 37.95 105.14999999999999 1.29
    endloop
  endfacet
  facet normal 0 -1 0
    outer loop
      vertex 12.25 103.10000000000001 1.29
      vertex 33.45 103.10000000000001 1.29
      vertex 33.45 103.10000000000001 2.0999999999999996
    endloop
  endfacet
  facet normal 0.36244626115494694 -0.9320046715412964 0
    outer loop
      vertex 33.46 103.1038888888889 1.29
      vertex 37.82142857142855 104.8 1.29
      vertex 33.46 103.1038888888889 2.0999999999999996
    endloop
  endfacet
  facet normal 0 0 -1
    outer loop
      vertex 37.82142857142855 104.8 1.29
      vertex 37.95 105.14999999999999 1.29
      vertex 37.95 104.85000000000001 1.29
    endloop
  endfacet
  facet normal 1 0 0
    outer loop
      vertex 37.95 104.85000000000001 1.29
      vertex 37.95 104.97857142857143 1.6916326530612207
      vertex 37.95 104.85000000000001 2.0514285714285574
    endloop
  endfacet
  facet normal 0 -1 0
    outer loop
      vertex 12.25 103.10000000000001 1.29
      vertex 33.45 103.10000000000001 2.1100000000000003
      vertex 12.25 103.10000000000001 2.1100000000000003
    endloop
  endfacet
  facet normal 0 -1 0
    outer loop
      vertex 12.25 103.10000000000001 1.29
      vertex 33.45 103.10000000000001 2.0999999999999996
      vertex 33.45 103.10000000000001 2.1100000000000003
    endloop
  endfacet
  facet normal 0 0 1
    outer loop
      vertex 12.25 103.10000000000001 2.1100000000000003
      vertex 37.212857142856976 104.8 2.1100000000000003
      vertex 12.25 104.80016982047549 2.1100000000000003
    endloop
  endfacet
  facet normal 0 0 1
    outer loop
      vertex 12.25 103.10000000000001 2.1100000000000003
      vertex 33.45 103.10000000000001 2.1100000000000003
      vertex 37.212857142856976 104.8 2.1100000000000003
    endloop
  endfacet
  facet normal 0.362446261154947 -0.9320046715412965 0
    outer loop
      vertex 37.82142857142855 104.8 1.29
      vertex 37.82142857142855 104.8 2.1100000000000003
      vertex 33.46 103.1038888888889 2.0999999999999996
    endloop
  endfacet
  facet normal 0 0 1
    outer loop
      vertex 12.25 104.80016982047549 2.1100000000000003
      vertex 37.212857142856976 104.8 2.1100000000000003
      vertex 37.85645395213921 104.84365482233503 2.1100000000000003
    endloop
  endfacet
  facet normal 0.3624462611554917 -0.9320046715410847 -2.7352417873777094e-10
    outer loop
      vertex 33.45 103.10000000000001 2.0999999999999996
      vertex 33.46 103.1038888888889 2.0999999999999996
      vertex 37.82142857142855 104.8 2.1100000000000003
    endloop
  endfacet
  facet normal 0.36244626115494816 -0.932004671541296 0
    outer loop
      vertex 33.45 103.10000000000001 2.0999999999999996
      vertex 37.82142857142855 104.8 2.1100000000000003
      vertex 33.45 103.10000000000001 2.1100000000000003
    endloop
  endfacet
  facet normal 0 0 1
    outer loop
      vertex 33.45 103.10000000000001 2.1100000000000003
      vertex 37.82142857142855 104.8 2.1100000000000003
      vertex 37.212857142856976 104.8 2.1100000000000003
    endloop
  endfacet
  facet normal 5.091098049378407e-17 -5.551115123125704e-16 -1
    outer loop
      vertex 33.46 104.8 1.29
      vertex 33.46 105.2 1.2899999999999998
      vertex 37.82142857142855 105.2 1.29
    endloop
  endfacet
  facet normal 1 0 0
    outer loop
      vertex 37.95 105.14999999999999 1.29
      vertex 37.95 105.2 1.29
      vertex 37.95 105.14999999999999 2.1100000000000003
    endloop
  endfacet
  facet normal 0 1 0
    outer loop
      vertex 37.82142857142855 105.2 1.29
      vertex 37.95 105.2 2.1100000000000003
      vertex 37.95 105.2 1.29
    endloop
  endfacet
  facet normal 0 1 0
    outer loop
      vertex 37.82142857142855 105.2 1.29
      vertex 37.82142857142855 105.2 2.1100000000000003
      vertex 37.95 105.2 2.1100000000000003
    endloop
  endfacet
  facet normal 1 0 0
    outer loop
      vertex 37.95 105.2 1.29
      vertex 37.95 105.2 2.1100000000000003
      vertex 37.95 105.14999999999999 2.1100000000000003
    endloop
  endfacet
  facet normal 0 0 1
    outer loop
      vertex 37.82142857142855 105.2 2.1100000000000003
      vertex 37.95 105.14999999999999 2.1100000000000003
      vertex 37.95 105.2 2.1100000000000003
    endloop
  endfacet
  facet normal 0 1 0
    outer loop
      vertex 41.25 95.2 0.6
      vertex 47.25 95.2 1.4
      vertex 47.25 95.2 0.6
    endloop
  endfacet
  facet normal 0 1 0
    outer loop
      vertex 41.25 95.2 0.6
      vertex 41.25 95.2 1.4
      vertex 47.25 95.2 1.4
    endloop
  endfacet
  facet normal 0 0 1
    outer loop
      vertex 41.25 95.2 1.4
      vertex 41.25 94.42 1.4
      vertex 47.25 94.42 1.4
    endloop
  endfacet
  facet normal 0 0 1
    outer loop
      vertex 41.25 95.2 1.4
      vertex 47.25 94.42 1.4
      vertex 47.25 95.2 1.4
    endloop
  endfacet
  facet normal 0 -1 0
    outer loop
      vertex 41.25 103.80000000000001 0.6
      vertex 47.25 103.80000000000001 0.6
      vertex 41.25 103.80000000000001 1.4
    endloop
  endfacet
  facet normal 0 -1 0
    outer loop
      vertex 47.25 103.80000000000001 0.6
      vertex 47.25 103.80000000000001 1.4
      vertex 41.25 103.80000000000001 1.4
    endloop
  endfacet
  facet normal 0 0 1
    outer loop
      vertex 41.25 103.80000000000001 1.4
      vertex 47.25 103.80000000000001 1.4
      vertex 41.25 104.58 1.4
    endloop
  endfacet
  facet normal 0 0 1
    outer loop
      vertex 47.25 103.80000000000001 1.4
      vertex 47.25 104.58 1.4
      vertex 41.25 104.58 1.4
    endloop
  endfacet
  facet normal -1 0 0
    outer loop
      vertex 47.25 95.2 1.4
      vertex 47.25 94.42 1.4
      vertex 47.25 94.42 2.6499999999999995
    endloop
  endfacet
  facet normal -1 0 0
    outer loop
      vertex 47.25 95.2 1.4
      vertex 47.25 94.42 2.6499999999999995
      vertex 47.25 95.2 2.63
    endloop
  endfacet
  facet normal -1 0 0
    outer loop
      vertex 47.25 95.2 2.63
      vertex 47.25 94.42 2.6499999999999995
      vertex 47.25 95.2 2.6499999999999995
    endloop
  endfacet
  facet normal 0 1 0
    outer loop
      vertex 47.25 95.2 0.6
      vertex 47.25 95.2 1.4
      vertex 146 95.2 0.6
    endloop
  endfacet
  facet normal 0 1 0
    outer loop
      vertex 47.25 95.2 1.4
      vertex 47.25 95.2 2.63
      vertex 146 95.2 0.6
    endloop
  endfacet
  facet normal 0 1 0
    outer loop
      vertex 47.25 95.2 2.63
      vertex 146 95.2 2.63
      vertex 146 95.2 0.6
    endloop
  endfacet
  facet normal -1 0 0
    outer loop
      vertex 47.25 95.2 2.63
      vertex 47.25 95.2 2.6499999999999995
      vertex 47.25 96.5 2.63
    endloop
  endfacet
  facet normal -1 0 0
    outer loop
      vertex 47.25 96.5 2.63
      vertex 47.25 95.2 2.6499999999999995
      vertex 47.25 96.5 3.44
    endloop
  endfacet
  facet normal -1 0 0
    outer loop
      vertex 47.25 94.4 3.44
      vertex 47.25 94.42 2.6499999999999995
      vertex 47.25 94.4 2.6499999999999995
    endloop
  endfacet
  facet normal -1 0 0
    outer loop
      vertex 47.25 95.2 2.6499999999999995
      vertex 47.25 94.42 2.6499999999999995
      vertex 47.25 94.4 3.44
    endloop
  endfacet
  facet normal -1 0 0
    outer loop
      vertex 47.25 95.2 2.6499999999999995
      vertex 47.25 94.4 3.44
      vertex 47.25 96.5 3.44
    endloop
  endfacet
  facet normal 0 0 -1
    outer loop
      vertex 47.25 95.2 2.63
      vertex 47.25 96.5 2.63
      vertex 146 95.2 2.63
    endloop
  endfacet
  facet normal 0 1 0
    outer loop
      vertex 47.25 96.5 2.63
      vertex 47.25 96.5 3.44
      vertex 146 96.5 2.63
    endloop
  endfacet
  facet normal 0 -1 0
    outer loop
      vertex 47.25 94.4 3.44
      vertex 47.25 94.4 2.6499999999999995
      vertex 146 94.4 3.44
    endloop
  endfacet
  facet normal 0 0 1
    outer loop
      vertex 47.25 94.4 3.44
      vertex 146 96.5 3.44
      vertex 47.25 96.5 3.44
    endloop
  endfacet
  facet normal 0 0 -1
    outer loop
      vertex 47.25 96.5 2.63
      vertex 146 96.5 2.63
      vertex 146 95.2 2.63
    endloop
  endfacet
  facet normal 0 -1 0
    outer loop
      vertex 146 94.4 3.44
      vertex 47.25 94.4 2.6499999999999995
      vertex 146 94.4 2.6499999999999995
    endloop
  endfacet
  facet normal 0 1 0
    outer loop
      vertex 47.25 96.5 3.44
      vertex 146 96.5 3.44
      vertex 146 96.5 2.63
    endloop
  endfacet
  facet normal 0 0 1
    outer loop
      vertex 47.25 94.4 3.44
      vertex 146 94.4 3.44
      vertex 146 96.5 3.44
    endloop
  endfacet
  facet normal -1 0 0
    outer loop
      vertex 47.25 103.80000000000001 1.4
      vertex 47.25 103.80000000000001 2.63
      vertex 47.25 104.58 1.4
    endloop
  endfacet
  facet normal -1 0 0
    outer loop
      vertex 47.25 103.80000000000001 2.63
      vertex 47.25 103.80000000000001 2.6499999999999995
      vertex 47.25 104.58 1.4
    endloop
  endfacet
  facet normal -1 0 0
    outer loop
      vertex 47.25 103.80000000000001 2.6499999999999995
      vertex 47.25 104.58 2.6499999999999995
      vertex 47.25 104.58 1.4
    endloop
  endfacet
  facet normal 0 -1 0
    outer loop
      vertex 47.25 103.80000000000001 0.6
      vertex 146 103.80000000000001 0.6
      vertex 47.25 103.80000000000001 1.4
    endloop
  endfacet
  facet normal 0 -1 0
    outer loop
      vertex 47.25 103.80000000000001 1.4
      vertex 146 103.80000000000001 0.6
      vertex 47.25 103.80000000000001 2.63
    endloop
  endfacet
  facet normal 0 -1 0
    outer loop
      vertex 47.25 103.80000000000001 2.63
      vertex 146 103.80000000000001 0.6
      vertex 146 103.80000000000001 2.63
    endloop
  endfacet
  facet normal -1 0 0
    outer loop
      vertex 47.25 102.50000000000001 2.63
      vertex 47.25 103.80000000000001 2.6499999999999995
      vertex 47.25 103.80000000000001 2.63
    endloop
  endfacet
  facet normal -1 0 0
    outer loop
      vertex 47.25 102.50000000000001 2.63
      vertex 47.25 104.60000000000001 3.44
      vertex 47.25 103.80000000000001 2.6499999999999995
    endloop
  endfacet
  facet normal -1 0 0
    outer loop
      vertex 47.25 103.80000000000001 2.6499999999999995
      vertex 47.25 104.60000000000001 3.44
      vertex 47.25 104.58 2.6499999999999995
    endloop
  endfacet
  facet normal -1 0 0
    outer loop
      vertex 47.25 104.60000000000001 3.44
      vertex 47.25 104.60000000000001 2.6499999999999995
      vertex 47.25 104.58 2.6499999999999995
    endloop
  endfacet
  facet normal -1 0 0
    outer loop
      vertex 47.25 102.50000000000001 2.63
      vertex 47.25 102.50000000000001 3.44
      vertex 47.25 104.60000000000001 3.44
    endloop
  endfacet
  facet normal 0 0 -1
    outer loop
      vertex 47.25 102.50000000000001 2.63
      vertex 47.25 103.80000000000001 2.63
      vertex 146 102.50000000000001 2.63
    endloop
  endfacet
  facet normal 0 -1 0
    outer loop
      vertex 47.25 102.50000000000001 2.63
      vertex 146 102.50000000000001 3.44
      vertex 47.25 102.50000000000001 3.44
    endloop
  endfacet
  facet normal 0 1 0
    outer loop
      vertex 47.25 104.60000000000001 3.44
      vertex 146 104.60000000000001 3.44
      vertex 47.25 104.60000000000001 2.6499999999999995
    endloop
  endfacet
  facet normal 0 0 1
    outer loop
      vertex 47.25 102.50000000000001 3.44
      vertex 146 104.60000000000001 3.44
      vertex 47.25 104.60000000000001 3.44
    endloop
  endfacet
  facet normal 0 0 -1
    outer loop
      vertex 47.25 103.80000000000001 2.63
      vertex 146 103.80000000000001 2.63
      vertex 146 102.50000000000001 2.63
    endloop
  endfacet
  facet normal 0 -1 0
    outer loop
      vertex 47.25 102.50000000000001 2.63
      vertex 146 102.50000000000001 2.63
      vertex 146 102.50000000000001 3.44
    endloop
  endfacet
  facet normal 0 1 0
    outer loop
      vertex 146 104.60000000000001 3.44
      vertex 146 104.60000000000001 2.6499999999999995
      vertex 47.25 104.60000000000001 2.6499999999999995
    endloop
  endfacet
  facet normal 0 0 1
    outer loop
      vertex 47.25 102.50000000000001 3.44
      vertex 146 102.50000000000001 3.44
      vertex 146 104.60000000000001 3.44
    endloop
  endfacet
  facet normal 1 0 0
    outer loop
      vertex 41.25 95.2 0.6
      vertex 41.25 103.80000000000001 0.6
      vertex 41.25 95.2 1.4
    endloop
  endfacet
  facet normal -1 0 0
    outer loop
      vertex 40.05 94.42 0.6
      vertex 40.05 94.42 2.4
      vertex 40.05 104.58 0.6
    endloop
  endfacet
  facet normal 1 0 0
    outer loop
      vertex 41.25 103.80000000000001 0.6
      vertex 41.25 103.80000000000001 1.4
      vertex 41.25 95.2 1.4
    endloop
  endfacet
  facet normal 1 0 0
    outer loop
      vertex 41.25 95.2 1.4
      vertex 41.25 94.42 2.4
      vertex 41.25 94.42 1.4
    endloop
  endfacet
  facet normal 1 0 0
    outer loop
      vertex 41.25 103.80000000000001 1.4
      vertex 41.25 94.42 2.4
      vertex 41.25 95.2 1.4
    endloop
  endfacet
  facet normal -1 0 0
    outer loop
      vertex 40.05 104.58 0.6
      vertex 40.05 94.42 2.4
      vertex 40.05 104.58 2.4
    endloop
  endfacet
  facet normal 1 0 0
    outer loop
      vertex 41.25 103.80000000000001 1.4
      vertex 41.25 104.58 1.4
      vertex 41.25 104.58 2.4
    endloop
  endfacet
  facet normal 1 0 0
    outer loop
      vertex 41.25 103.80000000000001 1.4
      vertex 41.25 104.58 2.4
      vertex 41.25 94.42 2.4
    endloop
  endfacet
  facet normal 0 0 1
    outer loop
      vertex 40.05 94.42 2.4
      vertex 41.25 94.42 2.4
      vertex 40.05 104.58 2.4
    endloop
  endfacet
  facet normal 0 0 1
    outer loop
      vertex 41.25 94.42 2.4
      vertex 41.25 104.58 2.4
      vertex 40.05 104.58 2.4
    endloop
  endfacet
  facet normal 1 0 0
    outer loop
      vertex 33.46 104.8 0.6
      vertex 33.46 105.2 0.9449999999999938
      vertex 33.46 104.8 1.29
    endloop
  endfacet
  facet normal 0 1 0
    outer loop
      vertex 12.25 105.6 0.6
      vertex 33.46 105.6 1.29
      vertex 33.46 105.6 0.6
    endloop
  endfacet
  facet normal 1 0 0
    outer loop
      vertex 33.46 104.8 0.6
      vertex 33.46 105.6 0.6
      vertex 33.46 105.2 0.9449999999999938
    endloop
  endfacet
  facet normal 0 1 0
    outer loop
      vertex 12.25 105.6 0.6
      vertex 12.25 105.6 1.2899999999999998
      vertex 33.46 105.6 1.29
    endloop
  endfacet
  facet normal 1 0 0
    outer loop
      vertex 33.46 105.6 0.6
      vertex 33.46 105.6 1.29
      vertex 33.46 105.2 0.9449999999999938
    endloop
  endfacet
  facet normal 1 0 0
    outer loop
      vertex 33.46 105.2 0.9449999999999938
      vertex 33.46 105.6 1.29
      vertex 33.46 105.2 1.2899999999999998
    endloop
  endfacet
  facet normal 1.0468863975720476e-17 0 -1
    outer loop
      vertex 12.25 105.6 1.2899999999999998
      vertex 12.25 106.89999999999999 1.2899999999999998
      vertex 33.46 105.6 1.29
    endloop
  endfacet
  facet normal 1.0468863975720475e-17 0 -1
    outer loop
      vertex 12.25 106.89999999999999 1.2899999999999998
      vertex 33.46 106.8961111111111 1.29
      vertex 33.46 105.6 1.29
    endloop
  endfacet
  facet normal 0 -5.70971841234923e-14 -1
    outer loop
      vertex 12.25 106.89999999999999 1.2899999999999998
      vertex 33.46 106.89999999999999 1.2899999999999998
      vertex 33.46 106.8961111111111 1.29
    endloop
  endfacet
  facet normal 0 1 0
    outer loop
      vertex 12.25 106.89999999999999 1.2899999999999998
      vertex 12.25 106.89999999999999 2.0999999999999996
      vertex 33.46 106.89999999999999 1.2899999999999998
    endloop
  endfacet
  facet normal 1 0 0
    outer loop
      vertex 33.46 106.8961111111111 1.29
      vertex 33.46 106.89999999999999 1.2899999999999998
      vertex 33.46 106.89999999999999 2.0999999999999996
    endloop
  endfacet
  facet normal 0 1 0
    outer loop
      vertex 33.46 106.89999999999999 1.2899999999999998
      vertex 12.25 106.89999999999999 2.0999999999999996
      vertex 33.45 106.89999999999999 2.0999999999999996
    endloop
  endfacet
  facet normal 0 1 0
    outer loop
      vertex 33.46 106.89999999999999 1.2899999999999998
      vertex 33.45 106.89999999999999 2.0999999999999996
      vertex 33.46 106.89999999999999 2.0999999999999996
    endloop
  endfacet
  facet normal 1 0 0
    outer loop
      vertex 33.46 106.8961111111111 1.29
      vertex 33.46 106.89999999999999 2.0999999999999996
      vertex 33.46 106.8961111111111 2.0999999999999996
    endloop
  endfacet
  facet normal 0 0 1
    outer loop
      vertex 33.45 106.89999999999999 2.0999999999999996
      vertex 33.46 106.8961111111111 2.0999999999999996
      vertex 33.46 106.89999999999999 2.0999999999999996
    endloop
  endfacet
  facet normal 0 0 -1
    outer loop
      vertex 37.82142857142855 104.8 1.29
      vertex 37.95 104.85000000000001 1.29
      vertex 37.95 104.8 1.29
    endloop
  endfacet
  facet normal 1 0 0
    outer loop
      vertex 37.95 104.85000000000001 1.29
      vertex 37.95 105.14999999999999 1.29
      vertex 37.95 104.97857142857143 1.6916326530612207
    endloop
  endfacet
  facet normal 1 0 0
    outer loop
      vertex 37.95 104.8 1.29
      vertex 37.95 104.85000000000001 1.29
      vertex 37.95 104.85000000000001 2.0514285714285574
    endloop
  endfacet
  facet normal 0 -1 0
    outer loop
      vertex 37.82142857142855 104.8 1.29
      vertex 37.95 104.8 1.29
      vertex 37.95 104.8 2.1100000000000003
    endloop
  endfacet
  facet normal 1 0 0
    outer loop
      vertex 37.95 104.8 1.29
      vertex 37.95 104.85000000000001 2.0514285714285574
      vertex 37.95 104.8 2.1100000000000003
    endloop
  endfacet
  facet normal 0 -1 0
    outer loop
      vertex 37.82142857142855 104.8 1.29
      vertex 37.95 104.8 2.1100000000000003
      vertex 37.82142857142855 104.8 2.1100000000000003
    endloop
  endfacet
  facet normal 1 0 0
    outer loop
      vertex 37.95 104.97857142857143 1.6916326530612207
      vertex 37.95 105.14999999999999 2.1100000000000003
      vertex 37.95 104.85000000000001 2.0514285714285574
    endloop
  endfacet
  facet normal 1 0 0
    outer loop
      vertex 37.95 104.85000000000001 2.0514285714285574
      vertex 37.95 105.14999999999999 2.1100000000000003
      vertex 37.95 104.8 2.1100000000000003
    endloop
  endfacet
  facet normal 0 0 1
    outer loop
      vertex 37.212857142856976 104.8 2.1100000000000003
      vertex 37.82142857142855 104.8 2.1100000000000003
      vertex 37.85645395213921 104.84365482233503 2.1100000000000003
    endloop
  endfacet
  facet normal 0 0 1
    outer loop
      vertex 37.82142857142855 104.8 2.1100000000000003
      vertex 37.95 104.8 2.1100000000000003
      vertex 37.85645395213921 104.84365482233503 2.1100000000000003
    endloop
  endfacet
  facet normal 0 0 1
    outer loop
      vertex 37.85645395213921 104.84365482233503 2.1100000000000003
      vertex 37.95 104.8 2.1100000000000003
      vertex 37.82142857142855 105.2 2.1100000000000003
    endloop
  endfacet
  facet normal 5.091098049378407e-17 5.551115123125901e-16 -1
    outer loop
      vertex 33.46 105.2 1.2899999999999998
      vertex 33.46 105.6 1.29
      vertex 37.82142857142855 105.2 1.29
    endloop
  endfacet
  facet normal 0 0 -1
    outer loop
      vertex 33.46 105.6 1.29
      vertex 33.46 106.8961111111111 1.29
      vertex 37.82142857142855 105.2 1.29
    endloop
  endfacet
  facet normal 0.36244626115494694 0.9320046715412964 0
    outer loop
      vertex 33.46 106.8961111111111 1.29
      vertex 33.46 106.8961111111111 2.0999999999999996
      vertex 37.82142857142855 105.2 1.29
    endloop
  endfacet
  facet normal 1 0 0
    outer loop
      vertex 37.95 104.97857142857143 1.6916326530612207
      vertex 37.95 105.14999999999999 1.29
      vertex 37.95 105.14999999999999 2.1100000000000003
    endloop
  endfacet
  facet normal 0 0 1
    outer loop
      vertex 12.25 104.80016982047549 2.1100000000000003
      vertex 33.45 106.89999999999999 2.1100000000000003
      vertex 12.25 106.89999999999999 2.1100000000000003
    endloop
  endfacet
  facet normal 0 1 0
    outer loop
      vertex 12.25 106.89999999999999 2.0999999999999996
      vertex 12.25 106.89999999999999 2.1100000000000003
      vertex 33.45 106.89999999999999 2.0999999999999996
    endloop
  endfacet
  facet normal 0 1 0
    outer loop
      vertex 12.25 106.89999999999999 2.1100000000000003
      vertex 33.45 106.89999999999999 2.1100000000000003
      vertex 33.45 106.89999999999999 2.0999999999999996
    endloop
  endfacet
  facet normal 0.3624462611548211 0.9320046715413455 -7.732311146303184e-13
    outer loop
      vertex 37.82142857142855 105.2 1.29
      vertex 33.46 106.8961111111111 2.0999999999999996
      vertex 33.45 106.89999999999999 2.1100000000000003
    endloop
  endfacet
  facet normal 0.3624462611549482 0.932004671541296 0
    outer loop
      vertex 37.82142857142855 105.2 1.29
      vertex 33.45 106.89999999999999 2.1100000000000003
      vertex 37.82142857142855 105.2 2.1100000000000003
    endloop
  endfacet
  facet normal 0 0 1
    outer loop
      vertex 12.25 104.80016982047549 2.1100000000000003
      vertex 37.85645395213921 104.84365482233503 2.1100000000000003
      vertex 33.45 106.89999999999999 2.1100000000000003
    endloop
  endfacet
  facet normal 0.3624462611554917 0.9320046715410847 0
    outer loop
      vertex 33.45 106.89999999999999 2.0999999999999996
      vertex 33.45 106.89999999999999 2.1100000000000003
      vertex 33.46 106.8961111111111 2.0999999999999996
    endloop
  endfacet
  facet normal 0 0 1
    outer loop
      vertex 37.85645395213921 104.84365482233503 2.1100000000000003
      vertex 37.82142857142855 105.2 2.1100000000000003
      vertex 33.45 106.89999999999999 2.1100000000000003
    endloop
  endfacet
  facet normal 0 0 1
    outer loop
      vertex 37.95 104.8 2.1100000000000003
      vertex 37.95 105.14999999999999 2.1100000000000003
      vertex 37.82142857142855 105.2 2.1100000000000003
    endloop
  endfacet
  facet normal 0 -1 0
    outer loop
      vertex 12.25 115.4 0.6
      vertex 33.46 115.4 0.6
      vertex 33.46 115.4 1.29
    endloop
  endfacet
  facet normal 1 0 0
    outer loop
      vertex 33.46 115.4 0.6
      vertex 33.46 115.8 0.6
      vertex 33.46 115.8 1.117500000000003
    endloop
  endfacet
  facet normal 0 -1 0
    outer loop
      vertex 12.25 115.4 0.6
      vertex 33.46 115.4 1.29
      vertex 12.25 115.4 1.2899999999999998
    endloop
  endfacet
  facet normal 1 0 0
    outer loop
      vertex 33.46 115.4 0.6
      vertex 33.46 115.8 1.117500000000003
      vertex 33.46 115.4 1.29
    endloop
  endfacet
  facet normal 1 0 0
    outer loop
      vertex 33.46 116.2 0.6
      vertex 33.46 116.2 1.29
      vertex 33.46 115.8 1.117500000000003
    endloop
  endfacet
  facet normal 1 0 0
    outer loop
      vertex 33.46 115.8 1.117500000000003
      vertex 33.46 115.8 1.29
      vertex 33.46 115.4 1.29
    endloop
  endfacet
  facet normal 1 0 0
    outer loop
      vertex 33.46 115.8 1.117500000000003
      vertex 33.46 116.2 1.29
      vertex 33.46 115.8 1.29
    endloop
  endfacet
  facet normal 0 -1.7080354225002446e-16 -1
    outer loop
      vertex 12.25 114.10000000000001 1.29
      vertex 12.25 115.4 1.2899999999999998
      vertex 33.45 114.10000000000001 1.29
    endloop
  endfacet
  facet normal 3.4995916718783514e-15 5.70971841234923e-14 -1
    outer loop
      vertex 33.46 114.10000000000001 1.2899999999999998
      vertex 12.25 115.4 1.2899999999999998
      vertex 33.46 114.1038888888889 1.29
    endloop
  endfacet
  facet normal -2.220446049250755e-14 -3.6227431311237396e-13 -1
    outer loop
      vertex 33.45 114.10000000000001 1.29
      vertex 12.25 115.4 1.2899999999999998
      vertex 33.46 114.10000000000001 1.2899999999999998
    endloop
  endfacet
  facet normal 1.0468863975720475e-17 0 -1
    outer loop
      vertex 33.46 114.1038888888889 1.29
      vertex 12.25 115.4 1.2899999999999998
      vertex 33.46 115.4 1.29
    endloop
  endfacet
  facet normal 0 -1 0
    outer loop
      vertex 33.45 114.10000000000001 1.29
      vertex 33.46 114.10000000000001 1.2899999999999998
      vertex 33.46 114.10000000000001 2.0999999999999996
    endloop
  endfacet
  facet normal 1 0 0
    outer loop
      vertex 33.46 114.10000000000001 1.2899999999999998
      vertex 33.46 114.1038888888889 1.29
      vertex 33.46 114.1038888888889 2.0999999999999996
    endloop
  endfacet
  facet normal 0 -1 0
    outer loop
      vertex 33.45 114.10000000000001 1.29
      vertex 33.46 114.10000000000001 2.0999999999999996
      vertex 33.45 114.10000000000001 2.0999999999999996
    endloop
  endfacet
  facet normal 1 0 0
    outer loop
      vertex 33.46 114.10000000000001 1.2899999999999998
      vertex 33.46 114.1038888888889 2.0999999999999996
      vertex 33.46 114.10000000000001 2.0999999999999996
    endloop
  endfacet
  facet normal 0 0 1
    outer loop
      vertex 33.45 114.10000000000001 2.0999999999999996
      vertex 33.46 114.10000000000001 2.0999999999999996
      vertex 33.46 114.1038888888889 2.0999999999999996
    endloop
  endfacet
  facet normal 0 0 -1
    outer loop
      vertex 33.46 114.1038888888889 1.29
      vertex 33.46 115.4 1.29
      vertex 37.09317519215477 115.8 1.29
    endloop
  endfacet
  facet normal 0 0 -1
    outer loop
      vertex 33.46 115.8 1.29
      vertex 33.46 116.2 1.29
      vertex 37.451111111111004 116.2 1.29
    endloop
  endfacet
  facet normal 0 0 -1
    outer loop
      vertex 33.46 115.4 1.29
      vertex 33.46 115.8 1.29
      vertex 37.82142857142855 116.13997772828506 1.29
    endloop
  endfacet
  facet normal 0 0 -1
    outer loop
      vertex 33.46 114.1038888888889 1.29
      vertex 37.09317519215477 115.8 1.29
      vertex 37.82142857142855 115.8 1.29
    endloop
  endfacet
  facet normal 0 0 -1
    outer loop
      vertex 33.46 115.4 1.29
      vertex 37.82142857142855 116.13997772828506 1.29
      vertex 37.09317519215477 115.8 1.29
    endloop
  endfacet
  facet normal 0 -1 0
    outer loop
      vertex 12.25 114.10000000000001 1.29
      vertex 33.45 114.10000000000001 1.29
      vertex 33.45 114.10000000000001 2.0999999999999996
    endloop
  endfacet
  facet normal 0.362446261154947 -0.9320046715412965 -6.223992421346986e-17
    outer loop
      vertex 33.46 114.1038888888889 1.29
      vertex 37.82142857142855 115.8 1.29
      vertex 37.82142857142855 115.8 2.1100000000000003
    endloop
  endfacet
  facet normal 0 0 -1
    outer loop
      vertex 37.82142857142855 116.2 1.29
      vertex 37.95 116.2 1.29
      vertex 37.95 116.14999999999999 1.29
    endloop
  endfacet
  facet normal 0 1 0
    outer loop
      vertex 37.82142857142855 116.2 1.29
      vertex 37.82142857142855 116.2 2.1100000000000003
      vertex 37.95 116.2 1.29
    endloop
  endfacet
  facet normal 1 0 0
    outer loop
      vertex 37.95 116.2 1.29
      vertex 37.95 116.2 2.1100000000000003
      vertex 37.95 116.14999999999999 1.29
    endloop
  endfacet
  facet normal 1 0 0
    outer loop
      vertex 37.95 115.85000000000001 1.29
      vertex 37.95 115.97857142857143 1.6916326530612207
      vertex 37.95 115.85000000000001 2.0514285714285574
    endloop
  endfacet
  facet normal 0 0 1
    outer loop
      vertex 12.25 114.10000000000001 2.1100000000000003
      vertex 16.207142857142927 116.2 2.1100000000000003
      vertex 12.25 115.80985915492957 2.1100000000000003
    endloop
  endfacet
  facet normal 0 -1 0
    outer loop
      vertex 12.25 114.10000000000001 1.29
      vertex 33.45 114.10000000000001 2.1100000000000003
      vertex 12.25 114.10000000000001 2.1100000000000003
    endloop
  endfacet
  facet normal 0 -1 0
    outer loop
      vertex 12.25 114.10000000000001 1.29
      vertex 33.45 114.10000000000001 2.0999999999999996
      vertex 33.45 114.10000000000001 2.1100000000000003
    endloop
  endfacet
  facet normal 0 0 1
    outer loop
      vertex 12.25 114.10000000000001 2.1100000000000003
      vertex 37.092857142857135 116.2 2.1100000000000003
      vertex 16.207142857142927 116.2 2.1100000000000003
    endloop
  endfacet
  facet normal 0.36244626115494694 -0.9320046715412964 0
    outer loop
      vertex 33.46 114.1038888888889 1.29
      vertex 37.82142857142855 115.8 2.1100000000000003
      vertex 33.46 114.1038888888889 2.0999999999999996
    endloop
  endfacet
  facet normal 0 0 1
    outer loop
      vertex 12.25 114.10000000000001 2.1100000000000003
      vertex 33.45 114.10000000000001 2.1100000000000003
      vertex 37.83964927288278 115.85149700598804 2.1100000000000003
    endloop
  endfacet
  facet normal 0 0 1
    outer loop
      vertex 12.25 114.10000000000001 2.1100000000000003
      vertex 37.83964927288278 115.85149700598804 2.1100000000000003
      vertex 37.092857142857135 116.2 2.1100000000000003
    endloop
  endfacet
  facet normal 0.3624462611554917 -0.9320046715410847 -2.7352417873777094e-10
    outer loop
      vertex 33.45 114.10000000000001 2.0999999999999996
      vertex 33.46 114.1038888888889 2.0999999999999996
      vertex 37.82142857142855 115.8 2.1100000000000003
    endloop
  endfacet
  facet normal 0.36244626115494816 -0.932004671541296 0
    outer loop
      vertex 33.45 114.10000000000001 2.0999999999999996
      vertex 37.82142857142855 115.8 2.1100000000000003
      vertex 33.45 114.10000000000001 2.1100000000000003
    endloop
  endfacet
  facet normal 0 0 1
    outer loop
      vertex 33.45 114.10000000000001 2.1100000000000003
      vertex 37.82142857142855 115.8 2.1100000000000003
      vertex 37.83964927288278 115.85149700598804 2.1100000000000003
    endloop
  endfacet
  facet normal 0 1 0
    outer loop
      vertex 37.95 116.2 1.29
      vertex 37.82142857142855 116.2 2.1100000000000003
      vertex 37.95 116.2 2.1100000000000003
    endloop
  endfacet
  facet normal 1 0 0
    outer loop
      vertex 37.95 116.14999999999999 1.29
      vertex 37.95 116.2 2.1100000000000003
      vertex 37.95 116.14999999999999 2.1100000000000003
    endloop
  endfacet
  facet normal 0 0 1
    outer loop
      vertex 37.092857142857135 116.2 2.1100000000000003
      vertex 37.83964927288278 115.85149700598804 2.1100000000000003
      vertex 37.95 116.14999999999999 2.1100000000000003
    endloop
  endfacet
  facet normal 0 0 1
    outer loop
      vertex 37.82142857142855 115.8 2.1100000000000003
      vertex 37.89155844155843 115.82727272727273 2.1100000000000003
      vertex 37.83964927288278 115.85149700598804 2.1100000000000003
    endloop
  endfacet
  facet normal 0 0 1
    outer loop
      vertex 37.092857142857135 116.2 2.1100000000000003
      vertex 37.95 116.14999999999999 2.1100000000000003
      vertex 37.82142857142855 116.2 2.1100000000000003
    endloop
  endfacet
  facet normal 0 0 1
    outer loop
      vertex 37.82142857142855 116.2 2.1100000000000003
      vertex 37.95 116.14999999999999 2.1100000000000003
      vertex 37.95 116.2 2.1100000000000003
    endloop
  endfacet
  facet normal 0 1 0
    outer loop
      vertex 41.25 106.2 0.6
      vertex 47.25 106.2 1.4
      vertex 47.25 106.2 0.6
    endloop
  endfacet
  facet normal 0 1 0
    outer loop
      vertex 41.25 106.2 0.6
      vertex 41.25 106.2 1.4
      vertex 47.25 106.2 1.4
    endloop
  endfacet
  facet normal 0 0 1
    outer loop
      vertex 41.25 106.2 1.4
      vertex 41.25 105.42 1.4
      vertex 47.25 105.42 1.4
    endloop
  endfacet
  facet normal 0 0 1
    outer loop
      vertex 41.25 106.2 1.4
      vertex 47.25 105.42 1.4
      vertex 47.25 106.2 1.4
    endloop
  endfacet
  facet normal 0 -1 0
    outer loop
      vertex 41.25 114.80000000000001 0.6
      vertex 47.25 114.80000000000001 0.6
      vertex 41.25 114.80000000000001 1.4
    endloop
  endfacet
  facet normal 0 -1 0
    outer loop
      vertex 47.25 114.80000000000001 0.6
      vertex 47.25 114.80000000000001 1.4
      vertex 41.25 114.80000000000001 1.4
    endloop
  endfacet
  facet normal 0 0 1
    outer loop
      vertex 41.25 114.80000000000001 1.4
      vertex 47.25 114.80000000000001 1.4
      vertex 41.25 115.58 1.4
    endloop
  endfacet
  facet normal 0 0 1
    outer loop
      vertex 47.25 114.80000000000001 1.4
      vertex 47.25 115.58 1.4
      vertex 41.25 115.58 1.4
    endloop
  endfacet
  facet normal -1 0 0
    outer loop
      vertex 47.25 106.2 1.4
      vertex 47.25 105.42 1.4
      vertex 47.25 105.42 2.6499999999999995
    endloop
  endfacet
  facet normal -1 0 0
    outer loop
      vertex 47.25 106.2 1.4
      vertex 47.25 105.42 2.6499999999999995
      vertex 47.25 106.2 2.63
    endloop
  endfacet
  facet normal -1 0 0
    outer loop
      vertex 47.25 106.2 2.63
      vertex 47.25 105.42 2.6499999999999995
      vertex 47.25 106.2 2.6499999999999995
    endloop
  endfacet
  facet normal 0 1 0
    outer loop
      vertex 47.25 106.2 0.6
      vertex 47.25 106.2 1.4
      vertex 146 106.2 0.6
    endloop
  endfacet
  facet normal 0 1 0
    outer loop
      vertex 47.25 106.2 1.4
      vertex 47.25 106.2 2.63
      vertex 146 106.2 0.6
    endloop
  endfacet
  facet normal 0 1 0
    outer loop
      vertex 47.25 106.2 2.63
      vertex 146 106.2 2.63
      vertex 146 106.2 0.6
    endloop
  endfacet
  facet normal -1 0 0
    outer loop
      vertex 47.25 106.2 2.63
      vertex 47.25 106.2 2.6499999999999995
      vertex 47.25 107.5 2.63
    endloop
  endfacet
  facet normal -1 0 0
    outer loop
      vertex 47.25 107.5 2.63
      vertex 47.25 106.2 2.6499999999999995
      vertex 47.25 107.5 3.44
    endloop
  endfacet
  facet normal -1 0 0
    outer loop
      vertex 47.25 105.4 3.44
      vertex 47.25 105.42 2.6499999999999995
      vertex 47.25 105.4 2.6499999999999995
    endloop
  endfacet
  facet normal -1 0 0
    outer loop
      vertex 47.25 106.2 2.6499999999999995
      vertex 47.25 105.42 2.6499999999999995
      vertex 47.25 105.4 3.44
    endloop
  endfacet
  facet normal -1 0 0
    outer loop
      vertex 47.25 106.2 2.6499999999999995
      vertex 47.25 105.4 3.44
      vertex 47.25 107.5 3.44
    endloop
  endfacet
  facet normal 0 0 -1
    outer loop
      vertex 47.25 106.2 2.63
      vertex 47.25 107.5 2.63
      vertex 146 106.2 2.63
    endloop
  endfacet
  facet normal 0 1 0
    outer loop
      vertex 47.25 107.5 2.63
      vertex 47.25 107.5 3.44
      vertex 146 107.5 2.63
    endloop
  endfacet
  facet normal 0 -1 0
    outer loop
      vertex 47.25 105.4 3.44
      vertex 47.25 105.4 2.6499999999999995
      vertex 146 105.4 3.44
    endloop
  endfacet
  facet normal 0 0 1
    outer loop
      vertex 47.25 105.4 3.44
      vertex 146 107.5 3.44
      vertex 47.25 107.5 3.44
    endloop
  endfacet
  facet normal 0 0 -1
    outer loop
      vertex 47.25 107.5 2.63
      vertex 146 107.5 2.63
      vertex 146 106.2 2.63
    endloop
  endfacet
  facet normal 0 -1 0
    outer loop
      vertex 146 105.4 3.44
      vertex 47.25 105.4 2.6499999999999995
      vertex 146 105.4 2.6499999999999995
    endloop
  endfacet
  facet normal 0 1 0
    outer loop
      vertex 47.25 107.5 3.44
      vertex 146 107.5 3.44
      vertex 146 107.5 2.63
    endloop
  endfacet
  facet normal 0 0 1
    outer loop
      vertex 47.25 105.4 3.44
      vertex 146 105.4 3.44
      vertex 146 107.5 3.44
    endloop
  endfacet
  facet normal -1 0 0
    outer loop
      vertex 47.25 114.80000000000001 1.4
      vertex 47.25 114.80000000000001 2.63
      vertex 47.25 115.58 1.4
    endloop
  endfacet
  facet normal -1 0 0
    outer loop
      vertex 47.25 114.80000000000001 2.63
      vertex 47.25 114.80000000000001 2.6499999999999995
      vertex 47.25 115.58 1.4
    endloop
  endfacet
  facet normal -1 0 0
    outer loop
      vertex 47.25 114.80000000000001 2.6499999999999995
      vertex 47.25 115.58 2.6499999999999995
      vertex 47.25 115.58 1.4
    endloop
  endfacet
  facet normal 0 -1 0
    outer loop
      vertex 47.25 114.80000000000001 0.6
      vertex 146 114.80000000000001 0.6
      vertex 47.25 114.80000000000001 1.4
    endloop
  endfacet
  facet normal 0 -1 0
    outer loop
      vertex 47.25 114.80000000000001 1.4
      vertex 146 114.80000000000001 0.6
      vertex 47.25 114.80000000000001 2.63
    endloop
  endfacet
  facet normal 0 -1 0
    outer loop
      vertex 47.25 114.80000000000001 2.63
      vertex 146 114.80000000000001 0.6
      vertex 146 114.80000000000001 2.63
    endloop
  endfacet
  facet normal -1 0 0
    outer loop
      vertex 47.25 113.50000000000001 2.63
      vertex 47.25 114.80000000000001 2.6499999999999995
      vertex 47.25 114.80000000000001 2.63
    endloop
  endfacet
  facet normal -1 0 0
    outer loop
      vertex 47.25 113.50000000000001 2.63
      vertex 47.25 115.60000000000001 3.44
      vertex 47.25 114.80000000000001 2.6499999999999995
    endloop
  endfacet
  facet normal -1 0 0
    outer loop
      vertex 47.25 114.80000000000001 2.6499999999999995
      vertex 47.25 115.60000000000001 3.44
      vertex 47.25 115.58 2.6499999999999995
    endloop
  endfacet
  facet normal -1 0 0
    outer loop
      vertex 47.25 115.60000000000001 3.44
      vertex 47.25 115.60000000000001 2.6499999999999995
      vertex 47.25 115.58 2.6499999999999995
    endloop
  endfacet
  facet normal -1 0 0
    outer loop
      vertex 47.25 113.50000000000001 2.63
      vertex 47.25 113.50000000000001 3.44
      vertex 47.25 115.60000000000001 3.44
    endloop
  endfacet
  facet normal 0 0 -1
    outer loop
      vertex 47.25 113.50000000000001 2.63
      vertex 47.25 114.80000000000001 2.63
      vertex 146 113.50000000000001 2.63
    endloop
  endfacet
  facet normal 0 -1 0
    outer loop
      vertex 47.25 113.50000000000001 2.63
      vertex 146 113.50000000000001 3.44
      vertex 47.25 113.50000000000001 3.44
    endloop
  endfacet
  facet normal 0 1 0
    outer loop
      vertex 47.25 115.60000000000001 3.44
      vertex 146 115.60000000000001 3.44
      vertex 47.25 115.60000000000001 2.6499999999999995
    endloop
  endfacet
  facet normal 0 0 1
    outer loop
      vertex 47.25 113.50000000000001 3.44
      vertex 146 115.60000000000001 3.44
      vertex 47.25 115.60000000000001 3.44
    endloop
  endfacet
  facet normal 0 0 -1
    outer loop
      vertex 47.25 114.80000000000001 2.63
      vertex 146 114.80000000000001 2.63
      vertex 146 113.50000000000001 2.63
    endloop
  endfacet
  facet normal 0 -1 0
    outer loop
      vertex 47.25 113.50000000000001 2.63
      vertex 146 113.50000000000001 2.63
      vertex 146 113.50000000000001 3.44
    endloop
  endfacet
  facet normal 0 1 0
    outer loop
      vertex 146 115.60000000000001 3.44
      vertex 146 115.60000000000001 2.6499999999999995
      vertex 47.25 115.60000000000001 2.6499999999999995
    endloop
  endfacet
  facet normal 0 0 1
    outer loop
      vertex 47.25 113.50000000000001 3.44
      vertex 146 113.50000000000001 3.44
      vertex 146 115.60000000000001 3.44
    endloop
  endfacet
  facet normal 1 0 0
    outer loop
      vertex 41.25 106.2 0.6
      vertex 41.25 114.80000000000001 0.6
      vertex 41.25 106.2 1.4
    endloop
  endfacet
  facet normal -1 0 0
    outer loop
      vertex 40.05 105.42 0.6
      vertex 40.05 105.42 2.4
      vertex 40.05 115.58 0.6
    endloop
  endfacet
  facet normal 1 0 0
    outer loop
      vertex 41.25 114.80000000000001 0.6
      vertex 41.25 114.80000000000001 1.4
      vertex 41.25 106.2 1.4
    endloop
  endfacet
  facet normal 1 0 0
    outer loop
      vertex 41.25 106.2 1.4
      vertex 41.25 105.42 2.4
      vertex 41.25 105.42 1.4
    endloop
  endfacet
  facet normal 1 0 0
    outer loop
      vertex 41.25 114.80000000000001 1.4
      vertex 41.25 105.42 2.4
      vertex 41.25 106.2 1.4
    endloop
  endfacet
  facet normal -1 0 0
    outer loop
      vertex 40.05 115.58 0.6
      vertex 40.05 105.42 2.4
      vertex 40.05 115.58 2.4
    endloop
  endfacet
  facet normal 1 0 0
    outer loop
      vertex 41.25 114.80000000000001 1.4
      vertex 41.25 115.58 1.4
      vertex 41.25 115.58 2.4
    endloop
  endfacet
  facet normal 1 0 0
    outer loop
      vertex 41.25 114.80000000000001 1.4
      vertex 41.25 115.58 2.4
      vertex 41.25 105.42 2.4
    endloop
  endfacet
  facet normal 0 0 1
    outer loop
      vertex 40.05 105.42 2.4
      vertex 41.25 105.42 2.4
      vertex 40.05 115.58 2.4
    endloop
  endfacet
  facet normal 0 0 1
    outer loop
      vertex 41.25 105.42 2.4
      vertex 41.25 115.58 2.4
      vertex 40.05 115.58 2.4
    endloop
  endfacet
  facet normal 0 1 0
    outer loop
      vertex 12.25 116.6 0.6
      vertex 33.46 116.6 1.29
      vertex 33.46 116.6 0.6
    endloop
  endfacet
  facet normal 1 0 0
    outer loop
      vertex 33.46 115.8 0.6
      vertex 33.46 116.2 0.6
      vertex 33.46 115.8 1.117500000000003
    endloop
  endfacet
  facet normal 1 0 0
    outer loop
      vertex 33.46 116.2 0.6
      vertex 33.46 116.6 0.6
      vertex 33.46 116.2 1.29
    endloop
  endfacet
  facet normal 0 1 0
    outer loop
      vertex 12.25 116.6 0.6
      vertex 12.25 116.6 1.2899999999999998
      vertex 33.46 116.6 1.29
    endloop
  endfacet
  facet normal 1 0 0
    outer loop
      vertex 33.46 116.6 0.6
      vertex 33.46 116.6 1.29
      vertex 33.46 116.2 1.29
    endloop
  endfacet
  facet normal 1.0468863975720476e-17 0 -1
    outer loop
      vertex 12.25 116.6 1.2899999999999998
      vertex 12.25 117.89999999999999 1.2899999999999998
      vertex 33.46 116.6 1.29
    endloop
  endfacet
  facet normal 1.0468863975720475e-17 0 -1
    outer loop
      vertex 12.25 117.89999999999999 1.2899999999999998
      vertex 33.46 117.8961111111111 1.29
      vertex 33.46 116.6 1.29
    endloop
  endfacet
  facet normal 0 -5.70971841234923e-14 -1
    outer loop
      vertex 12.25 117.89999999999999 1.2899999999999998
      vertex 33.46 117.89999999999999 1.2899999999999998
      vertex 33.46 117.8961111111111 1.29
    endloop
  endfacet
  facet normal 0 1 0
    outer loop
      vertex 12.25 117.89999999999999 1.2899999999999998
      vertex 12.25 117.89999999999999 2.0999999999999996
      vertex 33.46 117.89999999999999 1.2899999999999998
    endloop
  endfacet
  facet normal 1 0 0
    outer loop
      vertex 33.46 117.8961111111111 1.29
      vertex 33.46 117.89999999999999 1.2899999999999998
      vertex 33.46 117.89999999999999 2.0999999999999996
    endloop
  endfacet
  facet normal 0 1 0
    outer loop
      vertex 33.46 117.89999999999999 1.2899999999999998
      vertex 12.25 117.89999999999999 2.0999999999999996
      vertex 33.45 117.89999999999999 2.0999999999999996
    endloop
  endfacet
  facet normal 0 1 0
    outer loop
      vertex 33.46 117.89999999999999 1.2899999999999998
      vertex 33.45 117.89999999999999 2.0999999999999996
      vertex 33.46 117.89999999999999 2.0999999999999996
    endloop
  endfacet
  facet normal 1 0 0
    outer loop
      vertex 33.46 117.8961111111111 1.29
      vertex 33.46 117.89999999999999 2.0999999999999996
      vertex 33.46 117.8961111111111 2.0999999999999996
    endloop
  endfacet
  facet normal 0 0 1
    outer loop
      vertex 33.45 117.89999999999999 2.0999999999999996
      vertex 33.46 117.8961111111111 2.0999999999999996
      vertex 33.46 117.89999999999999 2.0999999999999996
    endloop
  endfacet
  facet normal 0 0 -1
    outer loop
      vertex 33.46 116.2 1.29
      vertex 33.46 116.6 1.29
      vertex 37.451111111111004 116.2 1.29
    endloop
  endfacet
  facet normal 0 0 -1
    outer loop
      vertex 33.46 116.6 1.29
      vertex 33.46 117.8961111111111 1.29
      vertex 37.82142857142855 116.2 1.29
    endloop
  endfacet
  facet normal 0 0 -1
    outer loop
      vertex 33.46 115.8 1.29
      vertex 37.451111111111004 116.2 1.29
      vertex 37.82142857142855 116.13997772828506 1.29
    endloop
  endfacet
  facet normal 0 0 -1
    outer loop
      vertex 33.46 116.6 1.29
      vertex 37.82142857142855 116.2 1.29
      vertex 37.451111111111004 116.2 1.29
    endloop
  endfacet
  facet normal 0.362446261154947 0.9320046715412965 6.223992421346986e-17
    outer loop
      vertex 33.46 117.8961111111111 1.29
      vertex 37.82142857142855 116.2 2.1100000000000003
      vertex 37.82142857142855 116.2 1.29
    endloop
  endfacet
  facet normal 0 0 -1
    outer loop
      vertex 37.09317519215477 115.8 1.29
      vertex 37.82142857142855 116.13997772828506 1.29
      vertex 37.82142857142855 115.8 1.29
    endloop
  endfacet
  facet normal 0 0 -1
    outer loop
      vertex 37.82142857142855 115.8 1.29
      vertex 37.82142857142855 116.13997772828506 1.29
      vertex 37.95 115.8 1.29
    endloop
  endfacet
  facet normal 0 0 -1
    outer loop
      vertex 37.451111111111004 116.2 1.29
      vertex 37.82142857142855 116.2 1.29
      vertex 37.95 116.14999999999999 1.29
    endloop
  endfacet
  facet normal 0 0 -1
    outer loop
      vertex 37.451111111111004 116.2 1.29
      vertex 37.95 116.14999999999999 1.29
      vertex 37.82142857142855 116.13997772828506 1.29
    endloop
  endfacet
  facet normal 0 0 -1
    outer loop
      vertex 37.82142857142855 116.13997772828506 1.29
      vertex 37.95 115.85000000000001 1.29
      vertex 37.95 115.8 1.29
    endloop
  endfacet
  facet normal 0 0 -1
    outer loop
      vertex 37.82142857142855 116.13997772828506 1.29
      vertex 37.95 116.14999999999999 1.29
      vertex 37.95 115.85000000000001 1.29
    endloop
  endfacet
  facet normal 1 0 0
    outer loop
      vertex 37.95 115.85000000000001 1.29
      vertex 37.95 116.14999999999999 1.29
      vertex 37.95 115.97857142857143 1.6916326530612207
    endloop
  endfacet
  facet normal 0 -1 0
    outer loop
      vertex 37.82142857142855 115.8 1.29
      vertex 37.95 115.8 1.29
      vertex 37.82142857142855 115.8 2.1100000000000003
    endloop
  endfacet
  facet normal 1 0 0
    outer loop
      vertex 37.95 115.8 1.29
      vertex 37.95 115.85000000000001 1.29
      vertex 37.95 115.8 2.1100000000000003
    endloop
  endfacet
  facet normal 1 0 0
    outer loop
      vertex 37.95 116.14999999999999 1.29
      vertex 37.95 116.14999999999999 2.1100000000000003
      vertex 37.95 115.97857142857143 1.6916326530612207
    endloop
  endfacet
  facet normal 0 0 1
    outer loop
      vertex 12.25 115.80985915492957 2.1100000000000003
      vertex 16.207142857142927 116.2 2.1100000000000003
      vertex 12.25 117.89999999999999 2.1100000000000003
    endloop
  endfacet
  facet normal 0 1 0
    outer loop
      vertex 12.25 117.89999999999999 2.0999999999999996
      vertex 12.25 117.89999999999999 2.1100000000000003
      vertex 33.45 117.89999999999999 2.0999999999999996
    endloop
  endfacet
  facet normal 0 0 1
    outer loop
      vertex 12.25 117.89999999999999 2.1100000000000003
      vertex 16.207142857142927 116.2 2.1100000000000003
      vertex 33.45 117.89999999999999 2.1100000000000003
    endloop
  endfacet
  facet normal 0 1 0
    outer loop
      vertex 12.25 117.89999999999999 2.1100000000000003
      vertex 33.45 117.89999999999999 2.1100000000000003
      vertex 33.45 117.89999999999999 2.0999999999999996
    endloop
  endfacet
  facet normal 0.36244626115494694 0.9320046715412964 0
    outer loop
      vertex 33.46 117.8961111111111 1.29
      vertex 33.46 117.8961111111111 2.0999999999999996
      vertex 37.82142857142855 116.2 2.1100000000000003
    endloop
  endfacet
  facet normal 0 0 1
    outer loop
      vertex 16.207142857142927 116.2 2.1100000000000003
      vertex 37.092857142857135 116.2 2.1100000000000003
      vertex 33.45 117.89999999999999 2.1100000000000003
    endloop
  endfacet
  facet normal 0.3624462611554917 0.9320046715410847 0
    outer loop
      vertex 33.45 117.89999999999999 2.0999999999999996
      vertex 33.45 117.89999999999999 2.1100000000000003
      vertex 33.46 117.8961111111111 2.0999999999999996
    endloop
  endfacet
  facet normal 0.36244626115494816 0.9320046715412961 -6.256682188839971e-13
    outer loop
      vertex 33.46 117.8961111111111 2.0999999999999996
      vertex 33.45 117.89999999999999 2.1100000000000003
      vertex 37.82142857142855 116.2 2.1100000000000003
    endloop
  endfacet
  facet normal 0 0 1
    outer loop
      vertex 33.45 117.89999999999999 2.1100000000000003
      vertex 37.092857142857135 116.2 2.1100000000000003
      vertex 37.82142857142855 116.2 2.1100000000000003
    endloop
  endfacet
  facet normal 1 0 0
    outer loop
      vertex 37.95 115.85000000000001 1.29
      vertex 37.95 115.85000000000001 2.0514285714285574
      vertex 37.95 115.8 2.1100000000000003
    endloop
  endfacet
  facet normal 0 -1 0
    outer loop
      vertex 37.95 115.8 1.29
      vertex 37.95 115.8 2.1100000000000003
      vertex 37.82142857142855 115.8 2.1100000000000003
    endloop
  endfacet
  facet normal 1 0 0
    outer loop
      vertex 37.95 115.97857142857143 1.6916326530612207
      vertex 37.95 116.14999999999999 2.1100000000000003
      vertex 37.95 115.85000000000001 2.0514285714285574
    endloop
  endfacet
  facet normal 1 0 0
    outer loop
      vertex 37.95 115.85000000000001 2.0514285714285574
      vertex 37.95 116.14999999999999 2.1100000000000003
      vertex 37.95 115.8 2.1100000000000003
    endloop
  endfacet
  facet normal 0 0 1
    outer loop
      vertex 37.82142857142855 115.8 2.1100000000000003
      vertex 37.95 115.8 2.1100000000000003
      vertex 37.89155844155843 115.82727272727273 2.1100000000000003
    endloop
  endfacet
  facet normal 0 0 1
    outer loop
      vertex 37.83964927288278 115.85149700598804 2.1100000000000003
      vertex 37.89155844155843 115.82727272727273 2.1100000000000003
      vertex 37.95 116.14999999999999 2.1100000000000003
    endloop
  endfacet
  facet normal 0 0 1
    outer loop
      vertex 37.89155844155843 115.82727272727273 2.1100000000000003
      vertex 37.95 115.8 2.1100000000000003
      vertex 37.95 116.14999999999999 2.1100000000000003
    endloop
  endfacet
  facet normal 0 -1 0
    outer loop
      vertex 12.25 126.4 0.6
      vertex 33.46 126.4 0.6
      vertex 33.46 126.4 1.29
    endloop
  endfacet
  facet normal 1 0 0
    outer loop
      vertex 33.46 126.4 0.6
      vertex 33.46 126.8 0.6
      vertex 33.46 126.4 1.29
    endloop
  endfacet
  facet normal 0 -1 0
    outer loop
      vertex 12.25 126.4 0.6
      vertex 33.46 126.4 1.29
      vertex 12.25 126.4 1.2899999999999998
    endloop
  endfacet
  facet normal 1 0 0
    outer loop
      vertex 33.46 126.8 0.6
      vertex 33.46 126.8 1.117500000000003
      vertex 33.46 126.4 1.29
    endloop
  endfacet
  facet normal 1 0 0
    outer loop
      vertex 33.46 127.2 0.6
      vertex 33.46 127.2 1.2899999999999998
      vertex 33.46 126.8 1.117500000000003
    endloop
  endfacet
  facet normal 1 0 0
    outer loop
      vertex 33.46 126.8 1.117500000000003
      vertex 33.46 127.2 1.2899999999999998
      vertex 33.46 126.4 1.29
    endloop
  endfacet
  facet normal 0 -1.7080354225002446e-16 -1
    outer loop
      vertex 12.25 125.10000000000001 1.29
      vertex 12.25 126.4 1.2899999999999998
      vertex 33.45 125.10000000000001 1.29
    endloop
  endfacet
  facet normal 3.4995916718783514e-15 5.70971841234923e-14 -1
    outer loop
      vertex 33.46 125.10000000000001 1.2899999999999998
      vertex 12.25 126.4 1.2899999999999998
      vertex 33.46 125.1038888888889 1.29
    endloop
  endfacet
  facet normal -2.220446049250755e-14 -3.6227431311237396e-13 -1
    outer loop
      vertex 33.45 125.10000000000001 1.29
      vertex 12.25 126.4 1.2899999999999998
      vertex 33.46 125.10000000000001 1.2899999999999998
    endloop
  endfacet
  facet normal 1.0468863975720475e-17 0 -1
    outer loop
      vertex 33.46 125.1038888888889 1.29
      vertex 12.25 126.4 1.2899999999999998
      vertex 33.46 126.4 1.29
    endloop
  endfacet
  facet normal 0 -1 0
    outer loop
      vertex 33.45 125.10000000000001 1.29
      vertex 33.46 125.10000000000001 1.2899999999999998
      vertex 33.46 125.10000000000001 2.0999999999999996
    endloop
  endfacet
  facet normal 1 0 0
    outer loop
      vertex 33.46 125.10000000000001 1.2899999999999998
      vertex 33.46 125.1038888888889 1.29
      vertex 33.46 125.1038888888889 2.0999999999999996
    endloop
  endfacet
  facet normal 0 -1 0
    outer loop
      vertex 33.45 125.10000000000001 1.29
      vertex 33.46 125.10000000000001 2.0999999999999996
      vertex 33.45 125.10000000000001 2.0999999999999996
    endloop
  endfacet
  facet normal 1 0 0
    outer loop
      vertex 33.46 125.10000000000001 1.2899999999999998
      vertex 33.46 125.1038888888889 2.0999999999999996
      vertex 33.46 125.10000000000001 2.0999999999999996
    endloop
  endfacet
  facet normal 0 0 1
    outer loop
      vertex 33.45 125.10000000000001 2.0999999999999996
      vertex 33.46 125.10000000000001 2.0999999999999996
      vertex 33.46 125.1038888888889 2.0999999999999996
    endloop
  endfacet
  facet normal 0 0 -1
    outer loop
      vertex 33.46 125.1038888888889 1.29
      vertex 33.46 126.4 1.29
      vertex 37.95 127.2 1.29
    endloop
  endfacet
  facet normal 5.0910980493784076e-17 -2.775557561562901e-16 -1
    outer loop
      vertex 33.46 126.4 1.29
      vertex 33.46 127.2 1.2899999999999998
      vertex 37.82142857142855 127.2 1.29
    endloop
  endfacet
  facet normal 0 0 -1
    outer loop
      vertex 33.46 125.1038888888889 1.29
      vertex 37.95 127.14999999999999 1.29
      vertex 37.82142857142855 126.8 1.29
    endloop
  endfacet
  facet normal 0 0 -1
    outer loop
      vertex 33.46 126.4 1.29
      vertex 37.82142857142855 127.2 1.29
      vertex 37.95 127.2 1.29
    endloop
  endfacet
  facet normal 0 0 -1
    outer loop
      vertex 33.46 125.1038888888889 1.29
      vertex 37.95 127.2 1.29
      vertex 37.95 127.14999999999999 1.29
    endloop
  endfacet
  facet normal 0 -1 0
    outer loop
      vertex 12.25 125.10000000000001 1.29
      vertex 33.45 125.10000000000001 1.29
      vertex 33.45 125.10000000000001 2.0999999999999996
    endloop
  endfacet
  facet normal 0.36244626115494694 -0.9320046715412964 0
    outer loop
      vertex 33.46 125.1038888888889 1.29
      vertex 37.82142857142855 126.8 1.29
      vertex 33.46 125.1038888888889 2.0999999999999996
    endloop
  endfacet
  facet normal 0 1 0
    outer loop
      vertex 37.82142857142855 127.2 1.29
      vertex 37.95 127.2 2.1100000000000003
      vertex 37.95 127.2 1.29
    endloop
  endfacet
  facet normal 1 0 0
    outer loop
      vertex 37.95 127.2 1.29
      vertex 37.95 127.14999999999999 2.1100000000000003
      vertex 37.95 127.14999999999999 1.29
    endloop
  endfacet
  facet normal 1 0 0
    outer loop
      vertex 37.95 126.85000000000001 1.29
      vertex 37.95 126.97857142857143 1.6916326530612207
      vertex 37.95 126.85000000000001 1.9928571428571147
    endloop
  endfacet
  facet normal 0 0 1
    outer loop
      vertex 12.25 125.10000000000001 2.1100000000000003
      vertex 15.716415186176732 127.15161839863714 2.1100000000000003
      vertex 12.25 127.19864341085271 2.1100000000000003
    endloop
  endfacet
  facet normal 0 -1 0
    outer loop
      vertex 12.25 125.10000000000001 1.29
      vertex 33.45 125.10000000000001 2.1100000000000003
      vertex 12.25 125.10000000000001 2.1100000000000003
    endloop
  endfacet
  facet normal 0 -1 0
    outer loop
      vertex 12.25 125.10000000000001 1.29
      vertex 33.45 125.10000000000001 2.0999999999999996
      vertex 33.45 125.10000000000001 2.1100000000000003
    endloop
  endfacet
  facet normal 0 0 1
    outer loop
      vertex 12.25 125.10000000000001 2.1100000000000003
      vertex 37.212857142856976 126.8 2.1100000000000003
      vertex 15.716415186176732 127.15161839863714 2.1100000000000003
    endloop
  endfacet
  facet normal 0 0 1
    outer loop
      vertex 12.25 125.10000000000001 2.1100000000000003
      vertex 33.45 125.10000000000001 2.1100000000000003
      vertex 37.212857142856976 126.8 2.1100000000000003
    endloop
  endfacet
  facet normal 0.362446261154947 -0.9320046715412965 0
    outer loop
      vertex 37.82142857142855 126.8 1.29
      vertex 37.82142857142855 126.8 2.1100000000000003
      vertex 33.46 125.1038888888889 2.0999999999999996
    endloop
  endfacet
  facet normal 0 0 1
    outer loop
      vertex 15.716415186176732 127.15161839863714 2.1100000000000003
      vertex 37.212857142856976 126.8 2.1100000000000003
      vertex 37.85645395213921 126.84365482233503 2.1100000000000003
    endloop
  endfacet
  facet normal 0.3624462611554917 -0.9320046715410847 -2.7352417873777094e-10
    outer loop
      vertex 33.45 125.10000000000001 2.0999999999999996
      vertex 33.46 125.1038888888889 2.0999999999999996
      vertex 37.82142857142855 126.8 2.1100000000000003
    endloop
  endfacet
  facet normal 0.36244626115494816 -0.932004671541296 0
    outer loop
      vertex 33.45 125.10000000000001 2.0999999999999996
      vertex 37.82142857142855 126.8 2.1100000000000003
      vertex 33.45 125.10000000000001 2.1100000000000003
    endloop
  endfacet
  facet normal 0 0 1
    outer loop
      vertex 33.45 125.10000000000001 2.1100000000000003
      vertex 37.82142857142855 126.8 2.1100000000000003
      vertex 37.212857142856976 126.8 2.1100000000000003
    endloop
  endfacet
  facet normal 0 1 0
    outer loop
      vertex 37.82142857142855 127.2 1.29
      vertex 37.82142857142855 127.2 2.1100000000000003
      vertex 37.95 127.2 2.1100000000000003
    endloop
  endfacet
  facet normal 1 0 0
    outer loop
      vertex 37.95 127.2 1.29
      vertex 37.95 127.2 2.1100000000000003
      vertex 37.95 127.14999999999999 2.1100000000000003
    endloop
  endfacet
  facet normal 0 0 1
    outer loop
      vertex 37.82142857142855 127.2 2.1100000000000003
      vertex 37.95 127.14999999999999 2.1100000000000003
      vertex 37.95 127.2 2.1100000000000003
    endloop
  endfacet
  facet normal 0 1 0
    outer loop
      vertex 41.25 117.2 0.6
      vertex 47.25 117.2 1.4
      vertex 47.25 117.2 0.6
    endloop
  endfacet
  facet normal 0 1 0
    outer loop
      vertex 41.25 117.2 0.6
      vertex 41.25 117.2 1.4
      vertex 47.25 117.2 1.4
    endloop
  endfacet
  facet normal 0 0 1
    outer loop
      vertex 41.25 117.2 1.4
      vertex 41.25 116.42 1.4
      vertex 47.25 116.42 1.4
    endloop
  endfacet
  facet normal 0 0 1
    outer loop
      vertex 41.25 117.2 1.4
      vertex 47.25 116.42 1.4
      vertex 47.25 117.2 1.4
    endloop
  endfacet
  facet normal 0 -1 0
    outer loop
      vertex 41.25 125.80000000000001 0.6
      vertex 47.25 125.80000000000001 0.6
      vertex 41.25 125.80000000000001 1.4
    endloop
  endfacet
  facet normal 0 -1 0
    outer loop
      vertex 47.25 125.80000000000001 0.6
      vertex 47.25 125.80000000000001 1.4
      vertex 41.25 125.80000000000001 1.4
    endloop
  endfacet
  facet normal 0 0 1
    outer loop
      vertex 41.25 125.80000000000001 1.4
      vertex 47.25 125.80000000000001 1.4
      vertex 41.25 126.58 1.4
    endloop
  endfacet
  facet normal 0 0 1
    outer loop
      vertex 47.25 125.80000000000001 1.4
      vertex 47.25 126.58 1.4
      vertex 41.25 126.58 1.4
    endloop
  endfacet
  facet normal -1 0 0
    outer loop
      vertex 47.25 117.2 1.4
      vertex 47.25 116.42 1.4
      vertex 47.25 116.42 2.6499999999999995
    endloop
  endfacet
  facet normal -1 0 0
    outer loop
      vertex 47.25 117.2 1.4
      vertex 47.25 116.42 2.6499999999999995
      vertex 47.25 117.2 2.63
    endloop
  endfacet
  facet normal -1 0 0
    outer loop
      vertex 47.25 117.2 2.63
      vertex 47.25 116.42 2.6499999999999995
      vertex 47.25 117.2 2.6499999999999995
    endloop
  endfacet
  facet normal 0 1 0
    outer loop
      vertex 47.25 117.2 0.6
      vertex 47.25 117.2 1.4
      vertex 146 117.2 0.6
    endloop
  endfacet
  facet normal 0 1 0
    outer loop
      vertex 47.25 117.2 1.4
      vertex 47.25 117.2 2.63
      vertex 146 117.2 0.6
    endloop
  endfacet
  facet normal 0 1 0
    outer loop
      vertex 47.25 117.2 2.63
      vertex 146 117.2 2.63
      vertex 146 117.2 0.6
    endloop
  endfacet
  facet normal -1 0 0
    outer loop
      vertex 47.25 117.2 2.63
      vertex 47.25 117.2 2.6499999999999995
      vertex 47.25 118.5 2.63
    endloop
  endfacet
  facet normal -1 0 0
    outer loop
      vertex 47.25 117.2 2.6499999999999995
      vertex 47.25 118.5 3.44
      vertex 47.25 118.5 2.63
    endloop
  endfacet
  facet normal -1 0 0
    outer loop
      vertex 47.25 116.4 3.44
      vertex 47.25 116.42 2.6499999999999995
      vertex 47.25 116.4 2.6499999999999995
    endloop
  endfacet
  facet normal -1 0 0
    outer loop
      vertex 47.25 117.2 2.6499999999999995
      vertex 47.25 116.42 2.6499999999999995
      vertex 47.25 116.4 3.44
    endloop
  endfacet
  facet normal -1 0 0
    outer loop
      vertex 47.25 117.2 2.6499999999999995
      vertex 47.25 116.4 3.44
      vertex 47.25 118.5 3.44
    endloop
  endfacet
  facet normal 0 0 -1
    outer loop
      vertex 47.25 117.2 2.63
      vertex 47.25 118.5 2.63
      vertex 146 117.2 2.63
    endloop
  endfacet
  facet normal 0 1 0
    outer loop
      vertex 47.25 118.5 2.63
      vertex 47.25 118.5 3.44
      vertex 146 118.5 2.63
    endloop
  endfacet
  facet normal 0 -1 0
    outer loop
      vertex 47.25 116.4 3.44
      vertex 47.25 116.4 2.6499999999999995
      vertex 146 116.4 3.44
    endloop
  endfacet
  facet normal 0 0 1
    outer loop
      vertex 47.25 116.4 3.44
      vertex 146 118.5 3.44
      vertex 47.25 118.5 3.44
    endloop
  endfacet
  facet normal 0 0 -1
    outer loop
      vertex 47.25 118.5 2.63
      vertex 146 118.5 2.63
      vertex 146 117.2 2.63
    endloop
  endfacet
  facet normal 0 -1 0
    outer loop
      vertex 146 116.4 3.44
      vertex 47.25 116.4 2.6499999999999995
      vertex 146 116.4 2.6499999999999995
    endloop
  endfacet
  facet normal 0 0 1
    outer loop
      vertex 47.25 116.4 3.44
      vertex 146 116.4 3.44
      vertex 146 118.5 3.44
    endloop
  endfacet
  facet normal 0 1 0
    outer loop
      vertex 47.25 118.5 3.44
      vertex 146 118.5 3.44
      vertex 146 118.5 2.63
    endloop
  endfacet
  facet normal -1 0 0
    outer loop
      vertex 47.25 125.80000000000001 1.4
      vertex 47.25 125.80000000000001 2.63
      vertex 47.25 126.58 1.4
    endloop
  endfacet
  facet normal -1 0 0
    outer loop
      vertex 47.25 125.80000000000001 2.63
      vertex 47.25 125.80000000000001 2.6499999999999995
      vertex 47.25 126.58 1.4
    endloop
  endfacet
  facet normal -1 0 0
    outer loop
      vertex 47.25 125.80000000000001 2.6499999999999995
      vertex 47.25 126.58 2.6499999999999995
      vertex 47.25 126.58 1.4
    endloop
  endfacet
  facet normal 0 -1 0
    outer loop
      vertex 47.25 125.80000000000001 0.6
      vertex 146 125.80000000000001 0.6
      vertex 47.25 125.80000000000001 1.4
    endloop
  endfacet
  facet normal 0 -1 0
    outer loop
      vertex 47.25 125.80000000000001 1.4
      vertex 146 125.80000000000001 0.6
      vertex 47.25 125.80000000000001 2.63
    endloop
  endfacet
  facet normal 0 -1 0
    outer loop
      vertex 47.25 125.80000000000001 2.63
      vertex 146 125.80000000000001 0.6
      vertex 146 125.80000000000001 2.63
    endloop
  endfacet
  facet normal -1 0 0
    outer loop
      vertex 47.25 124.50000000000001 2.63
      vertex 47.25 125.80000000000001 2.6499999999999995
      vertex 47.25 125.80000000000001 2.63
    endloop
  endfacet
  facet normal -1 0 0
    outer loop
      vertex 47.25 124.50000000000001 2.63
      vertex 47.25 126.60000000000001 3.44
      vertex 47.25 125.80000000000001 2.6499999999999995
    endloop
  endfacet
  facet normal -1 0 0
    outer loop
      vertex 47.25 125.80000000000001 2.6499999999999995
      vertex 47.25 126.60000000000001 3.44
      vertex 47.25 126.58 2.6499999999999995
    endloop
  endfacet
  facet normal -1 0 0
    outer loop
      vertex 47.25 126.60000000000001 3.44
      vertex 47.25 126.60000000000001 2.6499999999999995
      vertex 47.25 126.58 2.6499999999999995
    endloop
  endfacet
  facet normal -1 0 0
    outer loop
      vertex 47.25 124.50000000000001 2.63
      vertex 47.25 124.50000000000001 3.44
      vertex 47.25 126.60000000000001 3.44
    endloop
  endfacet
  facet normal 0 0 -1
    outer loop
      vertex 47.25 124.50000000000001 2.63
      vertex 47.25 125.80000000000001 2.63
      vertex 146 124.50000000000001 2.63
    endloop
  endfacet
  facet normal 0 -1 0
    outer loop
      vertex 47.25 124.50000000000001 2.63
      vertex 146 124.50000000000001 3.44
      vertex 47.25 124.50000000000001 3.44
    endloop
  endfacet
  facet normal 0 1 0
    outer loop
      vertex 47.25 126.60000000000001 3.44
      vertex 146 126.60000000000001 3.44
      vertex 47.25 126.60000000000001 2.6499999999999995
    endloop
  endfacet
  facet normal 0 0 1
    outer loop
      vertex 47.25 124.50000000000001 3.44
      vertex 146 126.60000000000001 3.44
      vertex 47.25 126.60000000000001 3.44
    endloop
  endfacet
  facet normal 0 0 -1
    outer loop
      vertex 47.25 125.80000000000001 2.63
      vertex 146 125.80000000000001 2.63
      vertex 146 124.50000000000001 2.63
    endloop
  endfacet
  facet normal 0 -1 0
    outer loop
      vertex 47.25 124.50000000000001 2.63
      vertex 146 124.50000000000001 2.63
      vertex 146 124.50000000000001 3.44
    endloop
  endfacet
  facet normal 0 1 0
    outer loop
      vertex 146 126.60000000000001 3.44
      vertex 146 126.60000000000001 2.6499999999999995
      vertex 47.25 126.60000000000001 2.6499999999999995
    endloop
  endfacet
  facet normal 0 0 1
    outer loop
      vertex 47.25 124.50000000000001 3.44
      vertex 146 124.50000000000001 3.44
      vertex 146 126.60000000000001 3.44
    endloop
  endfacet
  facet normal 1 0 0
    outer loop
      vertex 41.25 117.2 0.6
      vertex 41.25 125.80000000000001 0.6
      vertex 41.25 117.2 1.4
    endloop
  endfacet
  facet normal 1 0 0
    outer loop
      vertex 41.25 125.80000000000001 0.6
      vertex 41.25 125.80000000000001 1.4
      vertex 41.25 117.2 1.4
    endloop
  endfacet
  facet normal -1 0 0
    outer loop
      vertex 40.05 116.42 0.6
      vertex 40.05 116.42 2.4
      vertex 40.05 126.58 0.6
    endloop
  endfacet
  facet normal 1 0 0
    outer loop
      vertex 41.25 117.2 1.4
      vertex 41.25 116.42 2.4
      vertex 41.25 116.42 1.4
    endloop
  endfacet
  facet normal 1 0 0
    outer loop
      vertex 41.25 125.80000000000001 1.4
      vertex 41.25 116.42 2.4
      vertex 41.25 117.2 1.4
    endloop
  endfacet
  facet normal -1 0 0
    outer loop
      vertex 40.05 126.58 0.6
      vertex 40.05 116.42 2.4
      vertex 40.05 126.58 2.4
    endloop
  endfacet
  facet normal 1 0 0
    outer loop
      vertex 41.25 125.80000000000001 1.4
      vertex 41.25 126.58 1.4
      vertex 41.25 126.58 2.4
    endloop
  endfacet
  facet normal 1 0 0
    outer loop
      vertex 41.25 125.80000000000001 1.4
      vertex 41.25 126.58 2.4
      vertex 41.25 116.42 2.4
    endloop
  endfacet
  facet normal 0 0 1
    outer loop
      vertex 40.05 116.42 2.4
      vertex 41.25 116.42 2.4
      vertex 40.05 126.58 2.4
    endloop
  endfacet
  facet normal 0 0 1
    outer loop
      vertex 41.25 116.42 2.4
      vertex 41.25 126.58 2.4
      vertex 40.05 126.58 2.4
    endloop
  endfacet
  facet normal 0 1 0
    outer loop
      vertex 33.46 127.6 0.6
      vertex 12.25 127.6 0.6
      vertex 33.46 127.6 1.29
    endloop
  endfacet
  facet normal 1 0 0
    outer loop
      vertex 33.46 126.8 0.6
      vertex 33.46 127.2 0.6
      vertex 33.46 126.8 1.117500000000003
    endloop
  endfacet
  facet normal 1 0 0
    outer loop
      vertex 33.46 127.2 0.6
      vertex 33.46 127.6 0.6
      vertex 33.46 127.6 1.29
    endloop
  endfacet
  facet normal 0 1 0
    outer loop
      vertex 12.25 127.6 1.2899999999999998
      vertex 33.46 127.6 1.29
      vertex 12.25 127.6 0.6
    endloop
  endfacet
  facet normal 1 0 0
    outer loop
      vertex 33.46 127.2 0.6
      vertex 33.46 127.6 1.29
      vertex 33.46 127.2 1.2899999999999998
    endloop
  endfacet
  facet normal 1.0468863975720476e-17 0 -1
    outer loop
      vertex 12.25 127.6 1.2899999999999998
      vertex 12.25 128.9 1.2899999999999998
      vertex 33.46 127.6 1.29
    endloop
  endfacet
  facet normal 1.047380211910525e-17 8.056770860848518e-20 -1
    outer loop
      vertex 12.25 128.9 1.2899999999999998
      vertex 33.45 128.9 1.29
      vertex 33.46 127.6 1.29
    endloop
  endfacet
  facet normal 0 0 -1
    outer loop
      vertex 33.46 127.6 1.29
      vertex 33.45 128.9 1.29
      vertex 33.46 128.8961111111111 1.29
    endloop
  endfacet
  facet normal -2.220446049250755e-14 -5.709718412349232e-14 -1
    outer loop
      vertex 33.45 128.9 1.29
      vertex 33.46 128.9 1.2899999999999998
      vertex 33.46 128.8961111111111 1.29
    endloop
  endfacet
  facet normal 0 1 0
    outer loop
      vertex 33.45 128.9 1.29
      vertex 33.45 128.9 2.0999999999999996
      vertex 33.46 128.9 1.2899999999999998
    endloop
  endfacet
  facet normal 1 0 0
    outer loop
      vertex 33.46 128.8961111111111 1.29
      vertex 33.46 128.9 1.2899999999999998
      vertex 33.46 128.9 2.0999999999999996
    endloop
  endfacet
  facet normal 0 1 0
    outer loop
      vertex 33.46 128.9 1.2899999999999998
      vertex 33.45 128.9 2.0999999999999996
      vertex 33.46 128.9 2.0999999999999996
    endloop
  endfacet
  facet normal 1 0 0
    outer loop
      vertex 33.46 128.8961111111111 1.29
      vertex 33.46 128.9 2.0999999999999996
      vertex 33.46 128.8961111111111 2.0999999999999996
    endloop
  endfacet
  facet normal 0 0 1
    outer loop
      vertex 33.45 128.9 2.0999999999999996
      vertex 33.46 128.8961111111111 2.0999999999999996
      vertex 33.46 128.9 2.0999999999999996
    endloop
  endfacet
  facet normal 5.091098049378407e-17 5.551115123125901e-16 -1
    outer loop
      vertex 33.46 127.2 1.2899999999999998
      vertex 33.46 127.6 1.29
      vertex 37.82142857142855 127.2 1.29
    endloop
  endfacet
  facet normal 0 0 -1
    outer loop
      vertex 33.46 127.6 1.29
      vertex 33.46 128.8961111111111 1.29
      vertex 37.82142857142855 127.2 1.29
    endloop
  endfacet
  facet normal 0 1 0
    outer loop
      vertex 12.25 128.9 1.2899999999999998
      vertex 12.25 128.9 2.1100000000000003
      vertex 33.45 128.9 1.29
    endloop
  endfacet
  facet normal 0.3624462611549496 0.9320046715412954 0
    outer loop
      vertex 33.46 128.8961111111111 1.29
      vertex 33.46 128.8961111111111 2.0999999999999996
      vertex 37.82142857142855 127.2 1.29
    endloop
  endfacet
  facet normal 0 0 -1
    outer loop
      vertex 37.82142857142855 126.8 1.29
      vertex 37.95 126.85000000000001 1.29
      vertex 37.95 126.8 1.29
    endloop
  endfacet
  facet normal 0 0 -1
    outer loop
      vertex 37.82142857142855 126.8 1.29
      vertex 37.95 127.14999999999999 1.29
      vertex 37.95 126.85000000000001 1.29
    endloop
  endfacet
  facet normal 1 0 0
    outer loop
      vertex 37.95 126.85000000000001 1.29
      vertex 37.95 127.14999999999999 1.29
      vertex 37.95 126.97857142857143 1.6916326530612207
    endloop
  endfacet
  facet normal 1 0 0
    outer loop
      vertex 37.95 126.8 1.29
      vertex 37.95 126.85000000000001 1.29
      vertex 37.95 126.85000000000001 1.9928571428571147
    endloop
  endfacet
  facet normal 0 -1 0
    outer loop
      vertex 37.82142857142855 126.8 1.29
      vertex 37.95 126.8 1.29
      vertex 37.95 126.8 2.1100000000000003
    endloop
  endfacet
  facet normal 1 0 0
    outer loop
      vertex 37.95 127.14999999999999 1.29
      vertex 37.95 127.14999999999999 2.1100000000000003
      vertex 37.95 126.97857142857143 1.6916326530612207
    endloop
  endfacet
  facet normal 0 0 1
    outer loop
      vertex 12.25 127.19864341085271 2.1100000000000003
      vertex 15.716415186176732 127.15161839863714 2.1100000000000003
      vertex 12.25 128.9 2.1100000000000003
    endloop
  endfacet
  facet normal 0 1 0
    outer loop
      vertex 33.45 128.9 1.29
      vertex 12.25 128.9 2.1100000000000003
      vertex 33.45 128.9 2.0999999999999996
    endloop
  endfacet
  facet normal 0 0 1
    outer loop
      vertex 12.25 128.9 2.1100000000000003
      vertex 15.716415186176732 127.15161839863714 2.1100000000000003
      vertex 33.45 128.9 2.1100000000000003
    endloop
  endfacet
  facet normal 0 1 0
    outer loop
      vertex 12.25 128.9 2.1100000000000003
      vertex 33.45 128.9 2.1100000000000003
      vertex 33.45 128.9 2.0999999999999996
    endloop
  endfacet
  facet normal 0.3624462611549508 0.9320046715412951 0
    outer loop
      vertex 37.82142857142855 127.2 1.29
      vertex 33.45 128.9 2.1100000000000003
      vertex 37.82142857142855 127.2 2.1100000000000003
    endloop
  endfacet
  facet normal 0.3624462611548286 0.9320046715413426 -7.681698299029925e-13
    outer loop
      vertex 37.82142857142855 127.2 1.29
      vertex 33.46 128.8961111111111 2.0999999999999996
      vertex 33.45 128.9 2.1100000000000003
    endloop
  endfacet
  facet normal 0 0 1
    outer loop
      vertex 15.716415186176732 127.15161839863714 2.1100000000000003
      vertex 37.85645395213921 126.84365482233503 2.1100000000000003
      vertex 33.45 128.9 2.1100000000000003
    endloop
  endfacet
  facet normal 0.3624462611554917 0.9320046715410847 0
    outer loop
      vertex 33.45 128.9 2.0999999999999996
      vertex 33.45 128.9 2.1100000000000003
      vertex 33.46 128.8961111111111 2.0999999999999996
    endloop
  endfacet
  facet normal 0 0 1
    outer loop
      vertex 33.45 128.9 2.1100000000000003
      vertex 37.85645395213921 126.84365482233503 2.1100000000000003
      vertex 37.82142857142855 127.2 2.1100000000000003
    endloop
  endfacet
  facet normal 1 0 0
    outer loop
      vertex 37.95 126.8 1.29
      vertex 37.95 126.85000000000001 1.9928571428571147
      vertex 37.95 126.8 2.1100000000000003
    endloop
  endfacet
  facet normal 0 -1 0
    outer loop
      vertex 37.82142857142855 126.8 1.29
      vertex 37.95 126.8 2.1100000000000003
      vertex 37.82142857142855 126.8 2.1100000000000003
    endloop
  endfacet
  facet normal 1 0 0
    outer loop
      vertex 37.95 126.97857142857143 1.6916326530612207
      vertex 37.95 127.14999999999999 2.1100000000000003
      vertex 37.95 126.85000000000001 1.9928571428571147
    endloop
  endfacet
  facet normal 1 0 0
    outer loop
      vertex 37.95 126.85000000000001 1.9928571428571147
      vertex 37.95 127.14999999999999 2.1100000000000003
      vertex 37.95 126.8 2.1100000000000003
    endloop
  endfacet
  facet normal 0 0 1
    outer loop
      vertex 37.212857142856976 126.8 2.1100000000000003
      vertex 37.82142857142855 126.8 2.1100000000000003
      vertex 37.85645395213921 126.84365482233503 2.1100000000000003
    endloop
  endfacet
  facet normal 0 0 1
    outer loop
      vertex 37.85645395213921 126.84365482233503 2.1100000000000003
      vertex 37.82142857142855 126.8 2.1100000000000003
      vertex 37.95 126.8 2.1100000000000003
    endloop
  endfacet
  facet normal 0 0 1
    outer loop
      vertex 37.85645395213921 126.84365482233503 2.1100000000000003
      vertex 37.95 126.8 2.1100000000000003
      vertex 37.82142857142855 127.2 2.1100000000000003
    endloop
  endfacet
  facet normal 0 0 1
    outer loop
      vertex 37.95 126.8 2.1100000000000003
      vertex 37.95 127.14999999999999 2.1100000000000003
      vertex 37.82142857142855 127.2 2.1100000000000003
    endloop
  endfacet
  facet normal 0 -1 0
    outer loop
      vertex 12.25 137.39999999999998 0.6
      vertex 33.46 137.39999999999998 0.6
      vertex 33.46 137.39999999999998 1.29
    endloop
  endfacet
  facet normal 1 0 0
    outer loop
      vertex 33.46 137.39999999999998 0.6
      vertex 33.46 138.2 0.6
      vertex 33.46 137.39999999999998 1.29
    endloop
  endfacet
  facet normal 0 -1 0
    outer loop
      vertex 12.25 137.39999999999998 0.6
      vertex 33.46 137.39999999999998 1.29
      vertex 12.25 137.39999999999998 1.29
    endloop
  endfacet
  facet normal 1 0 0
    outer loop
      vertex 33.46 138.2 0.6
      vertex 33.46 137.8 1.29
      vertex 33.46 137.39999999999998 1.29
    endloop
  endfacet
  facet normal 1 0 0
    outer loop
      vertex 33.46 138.2 0.6
      vertex 33.46 138.19999999999996 1.29
      vertex 33.46 137.8 1.29
    endloop
  endfacet
  facet normal 0 1.708035422500226e-16 -1
    outer loop
      vertex 12.25 136.09999999999997 1.2899999999999998
      vertex 12.25 137.39999999999998 1.29
      vertex 33.46 136.09999999999997 1.2899999999999998
    endloop
  endfacet
  facet normal 3.4891228078770925e-15 5.709718412307502e-14 -1
    outer loop
      vertex 33.46 136.09999999999997 1.2899999999999998
      vertex 12.25 137.39999999999998 1.29
      vertex 33.46 136.1038888888889 1.29
    endloop
  endfacet
  facet normal 0 0 -1
    outer loop
      vertex 33.46 136.1038888888889 1.29
      vertex 12.25 137.39999999999998 1.29
      vertex 33.46 137.39999999999998 1.29
    endloop
  endfacet
  facet normal 0 -1 0
    outer loop
      vertex 12.25 136.09999999999997 1.2899999999999998
      vertex 33.46 136.09999999999997 1.2899999999999998
      vertex 33.46 136.09999999999997 2.0999999999999996
    endloop
  endfacet
  facet normal 1 0 0
    outer loop
      vertex 33.46 136.09999999999997 1.2899999999999998
      vertex 33.46 136.1038888888889 1.29
      vertex 33.46 136.1038888888889 2.0999999999999996
    endloop
  endfacet
  facet normal 0 -1 3.508853016099261e-14
    outer loop
      vertex 12.25 136.09999999999997 1.2899999999999998
      vertex 33.45 136.1 2.0999999999999996
      vertex 12.25 136.1 2.0999999999999996
    endloop
  endfacet
  facet normal -2.842170943041381e-12 -1 7.4422772471491e-11
    outer loop
      vertex 12.25 136.09999999999997 1.2899999999999998
      vertex 33.46 136.09999999999997 2.0999999999999996
      vertex 33.45 136.1 2.0999999999999996
    endloop
  endfacet
  facet normal 1 0 0
    outer loop
      vertex 33.46 136.09999999999997 1.2899999999999998
      vertex 33.46 136.1038888888889 2.0999999999999996
      vertex 33.46 136.09999999999997 2.0999999999999996
    endloop
  endfacet
  facet normal 0 0 1
    outer loop
      vertex 33.45 136.1 2.0999999999999996
      vertex 33.46 136.09999999999997 2.0999999999999996
      vertex 33.46 136.1038888888889 2.0999999999999996
    endloop
  endfacet
  facet normal 0 0 -1
    outer loop
      vertex 33.46 136.1038888888889 1.29
      vertex 33.46 137.39999999999998 1.29
      vertex 37.09317519215483 137.8 1.29
    endloop
  endfacet
  facet normal 0 0 -1
    outer loop
      vertex 33.46 137.39999999999998 1.29
      vertex 33.46 137.8 1.29
      vertex 37.82142857142862 138.1399777282851 1.29
    endloop
  endfacet
  facet normal 0 0 -1
    outer loop
      vertex 33.46 136.1038888888889 1.29
      vertex 37.09317519215483 137.8 1.29
      vertex 37.82142857142862 137.8 1.29
    endloop
  endfacet
  facet normal 0 0 -1
    outer loop
      vertex 33.46 137.39999999999998 1.29
      vertex 37.82142857142862 138.1399777282851 1.29
      vertex 37.09317519215483 137.8 1.29
    endloop
  endfacet
  facet normal 0.3624462611549471 -0.9320046715412964 -3.309508625879039e-18
    outer loop
      vertex 33.46 136.1038888888889 1.29
      vertex 37.82142857142862 137.8 1.29
      vertex 37.82142857142862 137.8 2.1100000000000003
    endloop
  endfacet
  facet normal 0 0 -1
    outer loop
      vertex 37.82142857142862 138.2 1.29
      vertex 37.95 138.2 1.29
      vertex 37.95 138.15 1.29
    endloop
  endfacet
  facet normal 0 1 0
    outer loop
      vertex 37.82142857142862 138.2 1.29
      vertex 37.82142857142862 138.2 2.1100000000000003
      vertex 37.95 138.2 1.29
    endloop
  endfacet
  facet normal 1 0 0
    outer loop
      vertex 37.95 138.2 1.29
      vertex 37.95 138.2 2.1100000000000003
      vertex 37.95 138.15 1.29
    endloop
  endfacet
  facet normal 1 0 0
    outer loop
      vertex 37.95 137.85 1.29
      vertex 37.95 137.97857142857143 1.69163265306123
      vertex 37.95 137.85 2.0514285714285907
    endloop
  endfacet
  facet normal 0 0 1
    outer loop
      vertex 12.25 136.1 2.1100000000000003
      vertex 16.20714285714264 138.2 2.1100000000000003
      vertex 12.25 137.8098591549296 2.1100000000000003
    endloop
  endfacet
  facet normal 0 -1 0
    outer loop
      vertex 12.25 136.1 2.0999999999999996
      vertex 33.45 136.1 2.1100000000000003
      vertex 12.25 136.1 2.1100000000000003
    endloop
  endfacet
  facet normal 0 0 1
    outer loop
      vertex 12.25 136.1 2.1100000000000003
      vertex 37.09285714285719 138.2 2.1100000000000003
      vertex 16.20714285714264 138.2 2.1100000000000003
    endloop
  endfacet
  facet normal 0 -1 0
    outer loop
      vertex 12.25 136.1 2.0999999999999996
      vertex 33.45 136.1 2.0999999999999996
      vertex 33.45 136.1 2.1100000000000003
    endloop
  endfacet
  facet normal 0.3624462611549471 -0.9320046715412965 0
    outer loop
      vertex 33.46 136.1038888888889 1.29
      vertex 37.82142857142862 137.8 2.1100000000000003
      vertex 33.46 136.1038888888889 2.0999999999999996
    endloop
  endfacet
  facet normal 0 0 1
    outer loop
      vertex 12.25 136.1 2.1100000000000003
      vertex 33.45 136.1 2.1100000000000003
      vertex 37.839649272882845 137.85149700598802 2.1100000000000003
    endloop
  endfacet
  facet normal 0 0 1
    outer loop
      vertex 12.25 136.1 2.1100000000000003
      vertex 37.839649272882845 137.85149700598802 2.1100000000000003
      vertex 37.09285714285719 138.2 2.1100000000000003
    endloop
  endfacet
  facet normal 0.3624462611554917 -0.9320046715410847 -2.734297593473784e-10
    outer loop
      vertex 33.45 136.1 2.0999999999999996
      vertex 33.46 136.1038888888889 2.0999999999999996
      vertex 37.82142857142862 137.8 2.1100000000000003
    endloop
  endfacet
  facet normal 0.3624462611549484 -0.932004671541296 0
    outer loop
      vertex 33.45 136.1 2.0999999999999996
      vertex 37.82142857142862 137.8 2.1100000000000003
      vertex 33.45 136.1 2.1100000000000003
    endloop
  endfacet
  facet normal 0 0 1
    outer loop
      vertex 33.45 136.1 2.1100000000000003
      vertex 37.82142857142862 137.8 2.1100000000000003
      vertex 37.839649272882845 137.85149700598802 2.1100000000000003
    endloop
  endfacet
  facet normal 0 1 0
    outer loop
      vertex 37.95 138.2 1.29
      vertex 37.82142857142862 138.2 2.1100000000000003
      vertex 37.95 138.2 2.1100000000000003
    endloop
  endfacet
  facet normal 1 0 0
    outer loop
      vertex 37.95 138.15 1.29
      vertex 37.95 138.2 2.1100000000000003
      vertex 37.95 138.15 2.1100000000000003
    endloop
  endfacet
  facet normal 0 0 1
    outer loop
      vertex 37.09285714285719 138.2 2.1100000000000003
      vertex 37.839649272882845 137.85149700598802 2.1100000000000003
      vertex 37.95 138.15 2.1100000000000003
    endloop
  endfacet
  facet normal 0 0 1
    outer loop
      vertex 37.09285714285719 138.2 2.1100000000000003
      vertex 37.95 138.15 2.1100000000000003
      vertex 37.82142857142862 138.2 2.1100000000000003
    endloop
  endfacet
  facet normal 0 0 1
    outer loop
      vertex 37.82142857142862 137.8 2.1100000000000003
      vertex 37.891558441558466 137.82727272727274 2.1100000000000003
      vertex 37.839649272882845 137.85149700598802 2.1100000000000003
    endloop
  endfacet
  facet normal 0 0 1
    outer loop
      vertex 37.82142857142862 138.2 2.1100000000000003
      vertex 37.95 138.15 2.1100000000000003
      vertex 37.95 138.2 2.1100000000000003
    endloop
  endfacet
  facet normal 0 1 0
    outer loop
      vertex 41.25 128.20000000000002 0.6
      vertex 47.25 128.20000000000002 1.4
      vertex 47.25 128.20000000000002 0.6
    endloop
  endfacet
  facet normal 0 1 0
    outer loop
      vertex 41.25 128.20000000000002 0.6
      vertex 41.25 128.20000000000002 1.4
      vertex 47.25 128.20000000000002 1.4
    endloop
  endfacet
  facet normal 0 0 1
    outer loop
      vertex 41.25 128.20000000000002 1.4
      vertex 41.25 127.42 1.4
      vertex 47.25 127.42 1.4
    endloop
  endfacet
  facet normal 0 0 1
    outer loop
      vertex 41.25 128.20000000000002 1.4
      vertex 47.25 127.42 1.4
      vertex 47.25 128.20000000000002 1.4
    endloop
  endfacet
  facet normal 0 -1 0
    outer loop
      vertex 41.25 136.79999999999998 0.6
      vertex 47.25 136.79999999999998 0.6
      vertex 41.25 136.79999999999998 1.4
    endloop
  endfacet
  facet normal 0 -1 0
    outer loop
      vertex 47.25 136.79999999999998 0.6
      vertex 47.25 136.79999999999998 1.4
      vertex 41.25 136.79999999999998 1.4
    endloop
  endfacet
  facet normal 0 0 1
    outer loop
      vertex 41.25 136.79999999999998 1.4
      vertex 47.25 136.79999999999998 1.4
      vertex 41.25 137.58 1.4
    endloop
  endfacet
  facet normal 0 0 1
    outer loop
      vertex 47.25 136.79999999999998 1.4
      vertex 47.25 137.58 1.4
      vertex 41.25 137.58 1.4
    endloop
  endfacet
  facet normal -1 0 0
    outer loop
      vertex 47.25 128.20000000000002 1.4
      vertex 47.25 127.42 1.4
      vertex 47.25 127.42 2.6499999999999995
    endloop
  endfacet
  facet normal -1 0 0
    outer loop
      vertex 47.25 128.20000000000002 1.4
      vertex 47.25 127.42 2.6499999999999995
      vertex 47.25 128.20000000000002 2.63
    endloop
  endfacet
  facet normal -1 0 0
    outer loop
      vertex 47.25 128.20000000000002 2.63
      vertex 47.25 127.42 2.6499999999999995
      vertex 47.25 128.20000000000002 2.6499999999999995
    endloop
  endfacet
  facet normal 0 1 0
    outer loop
      vertex 47.25 128.20000000000002 0.6
      vertex 47.25 128.20000000000002 1.4
      vertex 146 128.20000000000002 0.6
    endloop
  endfacet
  facet normal 0 1 0
    outer loop
      vertex 47.25 128.20000000000002 1.4
      vertex 47.25 128.20000000000002 2.63
      vertex 146 128.20000000000002 0.6
    endloop
  endfacet
  facet normal 0 1 0
    outer loop
      vertex 47.25 128.20000000000002 2.63
      vertex 146 128.20000000000002 2.63
      vertex 146 128.20000000000002 0.6
    endloop
  endfacet
  facet normal -1 0 0
    outer loop
      vertex 47.25 128.20000000000002 2.63
      vertex 47.25 128.20000000000002 2.6499999999999995
      vertex 47.25 129.5 2.63
    endloop
  endfacet
  facet normal -1 0 0
    outer loop
      vertex 47.25 129.5 2.63
      vertex 47.25 128.20000000000002 2.6499999999999995
      vertex 47.25 129.5 3.44
    endloop
  endfacet
  facet normal -1 0 0
    outer loop
      vertex 47.25 127.4 3.44
      vertex 47.25 127.42 2.6499999999999995
      vertex 47.25 127.4 2.6499999999999995
    endloop
  endfacet
  facet normal -1 0 0
    outer loop
      vertex 47.25 128.20000000000002 2.6499999999999995
      vertex 47.25 127.42 2.6499999999999995
      vertex 47.25 127.4 3.44
    endloop
  endfacet
  facet normal -1 0 0
    outer loop
      vertex 47.25 128.20000000000002 2.6499999999999995
      vertex 47.25 127.4 3.44
      vertex 47.25 129.5 3.44
    endloop
  endfacet
  facet normal 0 0 -1
    outer loop
      vertex 47.25 128.20000000000002 2.63
      vertex 47.25 129.5 2.63
      vertex 146 128.20000000000002 2.63
    endloop
  endfacet
  facet normal 0 1 0
    outer loop
      vertex 47.25 129.5 2.63
      vertex 47.25 129.5 3.44
      vertex 146 129.5 2.63
    endloop
  endfacet
  facet normal 0 -1 0
    outer loop
      vertex 47.25 127.4 3.44
      vertex 47.25 127.4 2.6499999999999995
      vertex 146 127.4 3.44
    endloop
  endfacet
  facet normal 0 0 1
    outer loop
      vertex 47.25 127.4 3.44
      vertex 146 129.5 3.44
      vertex 47.25 129.5 3.44
    endloop
  endfacet
  facet normal 0 0 -1
    outer loop
      vertex 47.25 129.5 2.63
      vertex 146 129.5 2.63
      vertex 146 128.20000000000002 2.63
    endloop
  endfacet
  facet normal 0 -1 0
    outer loop
      vertex 146 127.4 3.44
      vertex 47.25 127.4 2.6499999999999995
      vertex 146 127.4 2.6499999999999995
    endloop
  endfacet
  facet normal 0 1 0
    outer loop
      vertex 47.25 129.5 3.44
      vertex 146 129.5 3.44
      vertex 146 129.5 2.63
    endloop
  endfacet
  facet normal 0 0 1
    outer loop
      vertex 47.25 127.4 3.44
      vertex 146 127.4 3.44
      vertex 146 129.5 3.44
    endloop
  endfacet
  facet normal -1 0 0
    outer loop
      vertex 47.25 136.79999999999998 1.4
      vertex 47.25 136.79999999999998 2.63
      vertex 47.25 137.58 1.4
    endloop
  endfacet
  facet normal -1 0 0
    outer loop
      vertex 47.25 136.79999999999998 2.63
      vertex 47.25 136.79999999999998 2.6499999999999995
      vertex 47.25 137.58 1.4
    endloop
  endfacet
  facet normal -1 0 0
    outer loop
      vertex 47.25 136.79999999999998 2.6499999999999995
      vertex 47.25 137.58 2.6499999999999995
      vertex 47.25 137.58 1.4
    endloop
  endfacet
  facet normal 0 -1 0
    outer loop
      vertex 47.25 136.79999999999998 0.6
      vertex 146 136.79999999999998 0.6
      vertex 47.25 136.79999999999998 1.4
    endloop
  endfacet
  facet normal 0 -1 0
    outer loop
      vertex 47.25 136.79999999999998 1.4
      vertex 146 136.79999999999998 0.6
      vertex 47.25 136.79999999999998 2.63
    endloop
  endfacet
  facet normal 0 -1 0
    outer loop
      vertex 47.25 136.79999999999998 2.63
      vertex 146 136.79999999999998 0.6
      vertex 146 136.79999999999998 2.63
    endloop
  endfacet
  facet normal -1 0 0
    outer loop
      vertex 47.25 135.49999999999997 2.63
      vertex 47.25 136.79999999999998 2.6499999999999995
      vertex 47.25 136.79999999999998 2.63
    endloop
  endfacet
  facet normal -1 0 0
    outer loop
      vertex 47.25 135.49999999999997 2.63
      vertex 47.25 137.59999999999997 3.44
      vertex 47.25 136.79999999999998 2.6499999999999995
    endloop
  endfacet
  facet normal -1 0 0
    outer loop
      vertex 47.25 136.79999999999998 2.6499999999999995
      vertex 47.25 137.59999999999997 3.44
      vertex 47.25 137.58 2.6499999999999995
    endloop
  endfacet
  facet normal -1 0 0
    outer loop
      vertex 47.25 137.59999999999997 3.44
      vertex 47.25 137.6 2.6499999999999995
      vertex 47.25 137.58 2.6499999999999995
    endloop
  endfacet
  facet normal -1 0 0
    outer loop
      vertex 47.25 135.49999999999997 2.63
      vertex 47.25 135.49999999999997 3.44
      vertex 47.25 137.59999999999997 3.44
    endloop
  endfacet
  facet normal 0 0 -1
    outer loop
      vertex 47.25 135.49999999999997 2.63
      vertex 47.25 136.79999999999998 2.63
      vertex 146 135.49999999999997 2.63
    endloop
  endfacet
  facet normal 0 1 3.5976847380258214e-14
    outer loop
      vertex 47.25 137.59999999999997 3.44
      vertex 146 137.6 2.6499999999999995
      vertex 47.25 137.6 2.6499999999999995
    endloop
  endfacet
  facet normal 0 -1 0
    outer loop
      vertex 47.25 135.49999999999997 2.63
      vertex 146 135.49999999999997 3.44
      vertex 47.25 135.49999999999997 3.44
    endloop
  endfacet
  facet normal 0 0 1
    outer loop
      vertex 47.25 135.49999999999997 3.44
      vertex 146 137.59999999999997 3.44
      vertex 47.25 137.59999999999997 3.44
    endloop
  endfacet
  facet normal 0 0 -1
    outer loop
      vertex 47.25 136.79999999999998 2.63
      vertex 146 136.79999999999998 2.63
      vertex 146 135.49999999999997 2.63
    endloop
  endfacet
  facet normal 0 -1 0
    outer loop
      vertex 47.25 135.49999999999997 2.63
      vertex 146 135.49999999999997 2.63
      vertex 146 135.49999999999997 3.44
    endloop
  endfacet
  facet normal 0 1 3.5976847380258214e-14
    outer loop
      vertex 47.25 137.59999999999997 3.44
      vertex 146 137.59999999999997 3.44
      vertex 146 137.6 2.6499999999999995
    endloop
  endfacet
  facet normal 0 0 1
    outer loop
      vertex 47.25 135.49999999999997 3.44
      vertex 146 135.49999999999997 3.44
      vertex 146 137.59999999999997 3.44
    endloop
  endfacet
  facet normal 1 0 0
    outer loop
      vertex 41.25 128.20000000000002 0.6
      vertex 41.25 136.79999999999998 0.6
      vertex 41.25 128.20000000000002 1.4
    endloop
  endfacet
  facet normal -1 0 0
    outer loop
      vertex 40.05 127.42 0.6
      vertex 40.05 127.42 1.5559585492227979
      vertex 40.05 137.58 0.6
    endloop
  endfacet
  facet normal -1 0 0
    outer loop
      vertex 40.05 127.4 2.4
      vertex 40.05 137.58 0.6
      vertex 40.05 127.42 1.5559585492227979
    endloop
  endfacet
  facet normal 1 0 0
    outer loop
      vertex 41.25 136.79999999999998 0.6
      vertex 41.25 136.79999999999998 1.4
      vertex 41.25 128.20000000000002 1.4
    endloop
  endfacet
  facet normal -1 0 0
    outer loop
      vertex 40.05 137.58133462882827 2.396706110969699
      vertex 40.05 137.6 0.6380118465103873
      vertex 40.05 137.58407766990294 0.6
    endloop
  endfacet
  facet normal 1 0 0
    outer loop
      vertex 41.25 128.20000000000002 1.4
      vertex 41.25 127.42 2.4
      vertex 41.25 127.42 1.4
    endloop
  endfacet
  facet normal 1 0 0
    outer loop
      vertex 41.25 136.79999999999998 1.4
      vertex 41.25 127.42 2.4
      vertex 41.25 128.20000000000002 1.4
    endloop
  endfacet
  facet normal -1 0 0
    outer loop
      vertex 40.05 137.58 0.6
      vertex 40.05 127.4 2.4
      vertex 40.05 127.42 2.4
    endloop
  endfacet
  facet normal -1 0 0
    outer loop
      vertex 40.05 127.4 2.4
      vertex 40.05 127.42 1.5559585492227979
      vertex 40.05 127.4 1.5450955891540694
    endloop
  endfacet
  facet normal 0 0 1
    outer loop
      vertex 41.25 127.42 2.4
      vertex 40.05 137.58 2.4
      vertex 40.05 127.42 2.4
    endloop
  endfacet
  facet normal -1 0 0
    outer loop
      vertex 40.05 127.42 2.4
      vertex 40.05 137.58 2.4
      vertex 40.05 137.58 0.6
    endloop
  endfacet
  facet normal 1 0 0
    outer loop
      vertex 41.25 136.79999999999998 1.4
      vertex 41.25 137.58 1.4
      vertex 41.25 137.58 2.4
    endloop
  endfacet
  facet normal -1 0 0
    outer loop
      vertex 40.05 137.6 2.4
      vertex 40.05 137.6 0.6380118465103873
      vertex 40.05 137.58133462882827 2.396706110969699
    endloop
  endfacet
  facet normal 1 0 0
    outer loop
      vertex 41.25 136.79999999999998 1.4
      vertex 41.25 137.58 2.4
      vertex 41.25 127.42 2.4
    endloop
  endfacet
  facet normal 0 0 1
    outer loop
      vertex 41.25 127.42 2.4
      vertex 41.25 137.58 2.4
      vertex 40.05 137.58 2.4
    endloop
  endfacet
  facet normal -1 0 0
    outer loop
      vertex 40.05 137.6 2.4
      vertex 40.05 137.58133462882827 2.396706110969699
      vertex 40.05 137.58 2.4
    endloop
  endfacet
  facet normal 0 1 0
    outer loop
      vertex 33.46 138.60000000000002 0.6
      vertex 12.25 138.60000000000002 0.6
      vertex 33.46 138.60000000000002 1.29
    endloop
  endfacet
  facet normal 1 0 0
    outer loop
      vertex 33.46 138.2 0.6
      vertex 33.46 138.60000000000002 0.6
      vertex 33.46 138.19999999999996 1.29
    endloop
  endfacet
  facet normal 0 1 0
    outer loop
      vertex 12.25 138.60000000000002 1.2899999999999998
      vertex 33.46 138.60000000000002 1.29
      vertex 12.25 138.60000000000002 0.6
    endloop
  endfacet
  facet normal 1 0 0
    outer loop
      vertex 33.46 138.60000000000002 0.6
      vertex 33.46 138.60000000000002 1.29
      vertex 33.46 138.19999999999996 1.29
    endloop
  endfacet
  facet normal 1.0468863975720476e-17 0 -1
    outer loop
      vertex 12.25 138.60000000000002 1.2899999999999998
      vertex 12.25 139.9 1.2899999999999998
      vertex 33.46 138.60000000000002 1.29
    endloop
  endfacet
  facet normal 1.0468863975720475e-17 0 -1
    outer loop
      vertex 12.25 139.9 1.2899999999999998
      vertex 33.46 139.8961111111111 1.29
      vertex 33.46 138.60000000000002 1.29
    endloop
  endfacet
  facet normal 0 -5.70971841234923e-14 -1
    outer loop
      vertex 12.25 139.9 1.2899999999999998
      vertex 33.46 139.9 1.2899999999999998
      vertex 33.46 139.8961111111111 1.29
    endloop
  endfacet
  facet normal 0 1 0
    outer loop
      vertex 12.25 139.9 1.2899999999999998
      vertex 12.25 139.9 2.0999999999999996
      vertex 33.46 139.9 1.2899999999999998
    endloop
  endfacet
  facet normal 1 0 0
    outer loop
      vertex 33.46 139.8961111111111 1.29
      vertex 33.46 139.9 1.2899999999999998
      vertex 33.46 139.9 2.0999999999999996
    endloop
  endfacet
  facet normal 0 1 0
    outer loop
      vertex 33.46 139.9 1.2899999999999998
      vertex 12.25 139.9 2.0999999999999996
      vertex 33.45 139.9 2.0999999999999996
    endloop
  endfacet
  facet normal 0 1 0
    outer loop
      vertex 33.46 139.9 1.2899999999999998
      vertex 33.45 139.9 2.0999999999999996
      vertex 33.46 139.9 2.0999999999999996
    endloop
  endfacet
  facet normal 1 0 0
    outer loop
      vertex 33.46 139.8961111111111 1.29
      vertex 33.46 139.9 2.0999999999999996
      vertex 33.46 139.8961111111111 2.0999999999999996
    endloop
  endfacet
  facet normal 0 0 1
    outer loop
      vertex 33.45 139.9 2.0999999999999996
      vertex 33.46 139.8961111111111 2.0999999999999996
      vertex 33.46 139.9 2.0999999999999996
    endloop
  endfacet
  facet normal 0 0 -1
    outer loop
      vertex 33.46 137.8 1.29
      vertex 33.46 138.19999999999996 1.29
      vertex 37.82142857142862 138.1399777282851 1.29
    endloop
  endfacet
  facet normal 0 0 -1
    outer loop
      vertex 33.46 138.19999999999996 1.29
      vertex 33.46 138.60000000000002 1.29
      vertex 37.95 138.15 1.29
    endloop
  endfacet
  facet normal 0 0 -1
    outer loop
      vertex 33.46 138.60000000000002 1.29
      vertex 33.46 139.8961111111111 1.29
      vertex 37.82142857142862 138.2 1.29
    endloop
  endfacet
  facet normal 0 0 -1
    outer loop
      vertex 33.46 138.19999999999996 1.29
      vertex 37.95 138.15 1.29
      vertex 37.82142857142862 138.1399777282851 1.29
    endloop
  endfacet
  facet normal 0 0 -1
    outer loop
      vertex 33.46 138.60000000000002 1.29
      vertex 37.82142857142862 138.2 1.29
      vertex 37.95 138.15 1.29
    endloop
  endfacet
  facet normal 0.3624462611549471 0.9320046715412964 3.309508625879039e-18
    outer loop
      vertex 33.46 139.8961111111111 1.29
      vertex 37.82142857142862 138.2 2.1100000000000003
      vertex 37.82142857142862 138.2 1.29
    endloop
  endfacet
  facet normal 0 0 -1
    outer loop
      vertex 37.09317519215483 137.8 1.29
      vertex 37.82142857142862 138.1399777282851 1.29
      vertex 37.82142857142862 137.8 1.29
    endloop
  endfacet
  facet normal 0 0 -1
    outer loop
      vertex 37.82142857142862 137.8 1.29
      vertex 37.82142857142862 138.1399777282851 1.29
      vertex 37.95 137.8 1.29
    endloop
  endfacet
  facet normal 0 0 -1
    outer loop
      vertex 37.95 137.8 1.29
      vertex 37.82142857142862 138.1399777282851 1.29
      vertex 37.95 137.85 1.29
    endloop
  endfacet
  facet normal 0 0 -1
    outer loop
      vertex 37.82142857142862 138.1399777282851 1.29
      vertex 37.95 138.15 1.29
      vertex 37.95 137.85 1.29
    endloop
  endfacet
  facet normal 1 0 0
    outer loop
      vertex 37.95 137.85 1.29
      vertex 37.95 138.15 1.29
      vertex 37.95 137.97857142857143 1.69163265306123
    endloop
  endfacet
  facet normal 0 -1 0
    outer loop
      vertex 37.82142857142862 137.8 1.29
      vertex 37.95 137.8 1.29
      vertex 37.82142857142862 137.8 2.1100000000000003
    endloop
  endfacet
  facet normal 1 0 0
    outer loop
      vertex 37.95 137.8 1.29
      vertex 37.95 137.85 1.29
      vertex 37.95 137.8 2.1100000000000003
    endloop
  endfacet
  facet normal 1 0 0
    outer loop
      vertex 37.95 138.15 1.29
      vertex 37.95 138.15 2.1100000000000003
      vertex 37.95 137.97857142857143 1.69163265306123
    endloop
  endfacet
  facet normal 0 0 1
    outer loop
      vertex 12.25 137.8098591549296 2.1100000000000003
      vertex 16.20714285714264 138.2 2.1100000000000003
      vertex 12.25 139.9 2.1100000000000003
    endloop
  endfacet
  facet normal 0 1 0
    outer loop
      vertex 12.25 139.9 2.0999999999999996
      vertex 12.25 139.9 2.1100000000000003
      vertex 33.45 139.9 2.0999999999999996
    endloop
  endfacet
  facet normal 0 0 1
    outer loop
      vertex 12.25 139.9 2.1100000000000003
      vertex 16.20714285714264 138.2 2.1100000000000003
      vertex 33.45 139.9 2.1100000000000003
    endloop
  endfacet
  facet normal 0 1 0
    outer loop
      vertex 12.25 139.9 2.1100000000000003
      vertex 33.45 139.9 2.1100000000000003
      vertex 33.45 139.9 2.0999999999999996
    endloop
  endfacet
  facet normal 0.3624462611549471 0.9320046715412965 0
    outer loop
      vertex 33.46 139.8961111111111 1.29
      vertex 33.46 139.8961111111111 2.0999999999999996
      vertex 37.82142857142862 138.2 2.1100000000000003
    endloop
  endfacet
  facet normal 0 0 1
    outer loop
      vertex 16.20714285714264 138.2 2.1100000000000003
      vertex 37.09285714285719 138.2 2.1100000000000003
      vertex 33.45 139.9 2.1100000000000003
    endloop
  endfacet
  facet normal 0.3624462611554917 0.9320046715410847 0
    outer loop
      vertex 33.45 139.9 2.0999999999999996
      vertex 33.45 139.9 2.1100000000000003
      vertex 33.46 139.8961111111111 2.0999999999999996
    endloop
  endfacet
  facet normal 0.3624462611549483 0.932004671541296 -6.255261967012857e-13
    outer loop
      vertex 33.46 139.8961111111111 2.0999999999999996
      vertex 33.45 139.9 2.1100000000000003
      vertex 37.82142857142862 138.2 2.1100000000000003
    endloop
  endfacet
  facet normal 0 0 1
    outer loop
      vertex 33.45 139.9 2.1100000000000003
      vertex 37.09285714285719 138.2 2.1100000000000003
      vertex 37.82142857142862 138.2 2.1100000000000003
    endloop
  endfacet
  facet normal 0 -1 0
    outer loop
      vertex 37.95 137.8 1.29
      vertex 37.95 137.8 2.1100000000000003
      vertex 37.82142857142862 137.8 2.1100000000000003
    endloop
  endfacet
  facet normal 1 0 0
    outer loop
      vertex 37.95 137.85 1.29
      vertex 37.95 137.85 2.0514285714285907
      vertex 37.95 137.8 2.1100000000000003
    endloop
  endfacet
  facet normal 0 0 1
    outer loop
      vertex 37.82142857142862 137.8 2.1100000000000003
      vertex 37.95 137.8 2.1100000000000003
      vertex 37.891558441558466 137.82727272727274 2.1100000000000003
    endloop
  endfacet
  facet normal 1 0 0
    outer loop
      vertex 37.95 137.97857142857143 1.69163265306123
      vertex 37.95 138.15 2.1100000000000003
      vertex 37.95 137.85 2.0514285714285907
    endloop
  endfacet
  facet normal 1 0 0
    outer loop
      vertex 37.95 137.8 2.1100000000000003
      vertex 37.95 137.85 2.0514285714285907
      vertex 37.95 138.15 2.1100000000000003
    endloop
  endfacet
  facet normal 0 0 1
    outer loop
      vertex 37.95 137.8 2.1100000000000003
      vertex 37.95 138.15 2.1100000000000003
      vertex 37.891558441558466 137.82727272727274 2.1100000000000003
    endloop
  endfacet
  facet normal 0 0 1
    outer loop
      vertex 37.839649272882845 137.85149700598802 2.1100000000000003
      vertex 37.891558441558466 137.82727272727274 2.1100000000000003
      vertex 37.95 138.15 2.1100000000000003
    endloop
  endfacet
  facet normal 0 -1 0
    outer loop
      vertex 12.25 148.4 0.6
      vertex 33.46 148.4 0.6
      vertex 33.46 148.4 1.29
    endloop
  endfacet
  facet normal 1 0 0
    outer loop
      vertex 33.46 148.4 0.6
      vertex 33.46 148.8 0.6
      vertex 33.46 148.4 1.29
    endloop
  endfacet
  facet normal 0 -1 0
    outer loop
      vertex 12.25 148.4 0.6
      vertex 33.46 148.4 1.29
      vertex 12.25 148.4 1.29
    endloop
  endfacet
  facet normal 1 0 0
    outer loop
      vertex 33.46 148.8 0.6
      vertex 33.46 148.8 1.117499999999997
      vertex 33.46 148.4 1.29
    endloop
  endfacet
  facet normal 1 0 0
    outer loop
      vertex 33.46 149.20000000000002 0.6
      vertex 33.46 149.2 1.29
      vertex 33.46 148.8 1.117499999999997
    endloop
  endfacet
  facet normal 1 0 0
    outer loop
      vertex 33.46 148.8 1.117499999999997
      vertex 33.46 148.8 1.29
      vertex 33.46 148.4 1.29
    endloop
  endfacet
  facet normal 1 0 0
    outer loop
      vertex 33.46 148.8 1.117499999999997
      vertex 33.46 149.2 1.29
      vertex 33.46 148.8 1.29
    endloop
  endfacet
  facet normal 0 1.708035422500226e-16 -1
    outer loop
      vertex 12.25 147.1 1.2899999999999998
      vertex 12.25 148.4 1.29
      vertex 33.46 147.1 1.2899999999999998
    endloop
  endfacet
  facet normal 3.4891228078770925e-15 5.709718412307502e-14 -1
    outer loop
      vertex 33.46 147.1 1.2899999999999998
      vertex 12.25 148.4 1.29
      vertex 33.46 147.10388888888892 1.29
    endloop
  endfacet
  facet normal 0 0 -1
    outer loop
      vertex 33.46 147.10388888888892 1.29
      vertex 12.25 148.4 1.29
      vertex 33.46 148.4 1.29
    endloop
  endfacet
  facet normal 0 -1 0
    outer loop
      vertex 12.25 147.1 1.2899999999999998
      vertex 33.46 147.1 1.2899999999999998
      vertex 33.46 147.1 2.0999999999999996
    endloop
  endfacet
  facet normal 1 0 0
    outer loop
      vertex 33.46 147.1 1.2899999999999998
      vertex 33.46 147.10388888888892 1.29
      vertex 33.46 147.10388888888892 2.0999999999999996
    endloop
  endfacet
  facet normal 0 -1 3.508853016099261e-14
    outer loop
      vertex 12.25 147.1 1.2899999999999998
      vertex 33.45 147.10000000000002 2.0999999999999996
      vertex 12.25 147.10000000000002 2.0999999999999996
    endloop
  endfacet
  facet normal -2.842170943041381e-12 -1 7.4422772471491e-11
    outer loop
      vertex 12.25 147.1 1.2899999999999998
      vertex 33.46 147.1 2.0999999999999996
      vertex 33.45 147.10000000000002 2.0999999999999996
    endloop
  endfacet
  facet normal 1 0 0
    outer loop
      vertex 33.46 147.1 1.2899999999999998
      vertex 33.46 147.10388888888892 2.0999999999999996
      vertex 33.46 147.1 2.0999999999999996
    endloop
  endfacet
  facet normal 0 0 1
    outer loop
      vertex 33.45 147.10000000000002 2.0999999999999996
      vertex 33.46 147.1 2.0999999999999996
      vertex 33.46 147.10388888888892 2.0999999999999996
    endloop
  endfacet
  facet normal 0 0 -1
    outer loop
      vertex 33.46 147.10388888888892 1.29
      vertex 33.46 148.4 1.29
      vertex 37.95 149.20000000000002 1.29
    endloop
  endfacet
  facet normal 0 0 -1
    outer loop
      vertex 33.46 148.4 1.29
      vertex 33.46 148.8 1.29
      vertex 37.451111111111054 149.20000000000002 1.29
    endloop
  endfacet
  facet normal 0 0 -1
    outer loop
      vertex 33.46 147.10388888888892 1.29
      vertex 37.95 149.20000000000002 1.29
      vertex 37.82142857142855 148.8 1.29
    endloop
  endfacet
  facet normal 0 0 -1
    outer loop
      vertex 33.46 148.4 1.29
      vertex 37.451111111111054 149.20000000000002 1.29
      vertex 37.82142857142855 149.20000000000002 1.29
    endloop
  endfacet
  facet normal 0 0 -1
    outer loop
      vertex 33.46 148.4 1.29
      vertex 37.82142857142855 149.20000000000002 1.29
      vertex 37.95 149.20000000000002 1.29
    endloop
  endfacet
  facet normal 0.36244626115494694 -0.9320046715412964 0
    outer loop
      vertex 33.46 147.10388888888892 1.29
      vertex 37.82142857142855 148.8 1.29
      vertex 33.46 147.10388888888892 2.0999999999999996
    endloop
  endfacet
  facet normal 0 0 -1
    outer loop
      vertex 37.82142857142855 148.8 1.29
      vertex 37.95 149.20000000000002 1.29
      vertex 37.95 148.85000000000002 1.29
    endloop
  endfacet
  facet normal 1 0 0
    outer loop
      vertex 37.95 148.85000000000002 1.29
      vertex 37.95 149.20000000000002 1.29
      vertex 37.95 149.15 1.4071428571428857
    endloop
  endfacet
  facet normal 0 1 0
    outer loop
      vertex 37.82142857142855 149.20000000000002 1.29
      vertex 37.95 149.20000000000002 2.1100000000000003
      vertex 37.95 149.20000000000002 1.29
    endloop
  endfacet
  facet normal 1 0 0
    outer loop
      vertex 37.95 148.85000000000002 1.29
      vertex 37.95 149.15 1.4071428571428857
      vertex 37.95 148.85000000000002 2.1100000000000003
    endloop
  endfacet
  facet normal 1 0 0
    outer loop
      vertex 37.95 149.20000000000002 1.29
      vertex 37.95 149.20000000000002 2.1100000000000003
      vertex 37.95 149.15 1.4071428571428857
    endloop
  endfacet
  facet normal 0 -1 0
    outer loop
      vertex 12.25 147.10000000000002 2.0999999999999996
      vertex 33.45 147.10000000000002 2.1100000000000003
      vertex 12.25 147.10000000000002 2.1100000000000003
    endloop
  endfacet
  facet normal 0 0 1
    outer loop
      vertex 12.25 147.10000000000002 2.1100000000000003
      vertex 37.212857142856976 148.8 2.1100000000000003
      vertex 12.25 148.8001698204755 2.1100000000000003
    endloop
  endfacet
  facet normal 0 -1 0
    outer loop
      vertex 12.25 147.10000000000002 2.0999999999999996
      vertex 33.45 147.10000000000002 2.0999999999999996
      vertex 33.45 147.10000000000002 2.1100000000000003
    endloop
  endfacet
  facet normal 0 0 1
    outer loop
      vertex 12.25 147.10000000000002 2.1100000000000003
      vertex 33.45 147.10000000000002 2.1100000000000003
      vertex 37.212857142856976 148.8 2.1100000000000003
    endloop
  endfacet
  facet normal 0.362446261154823 -0.9320046715413448 -7.661097982244942e-13
    outer loop
      vertex 37.82142857142855 148.8 1.29
      vertex 33.45 147.10000000000002 2.1100000000000003
      vertex 33.46 147.10388888888892 2.0999999999999996
    endloop
  endfacet
  facet normal 0.3624462611549482 -0.932004671541296 0
    outer loop
      vertex 37.82142857142855 148.8 1.29
      vertex 37.82142857142855 148.8 2.1100000000000003
      vertex 33.45 147.10000000000002 2.1100000000000003
    endloop
  endfacet
  facet normal 0 0 1
    outer loop
      vertex 12.25 148.8001698204755 2.1100000000000003
      vertex 37.212857142856976 148.8 2.1100000000000003
      vertex 37.85645395213921 148.84365482233505 2.1100000000000003
    endloop
  endfacet
  facet normal 0.3624462611554917 -0.9320046715410847 0
    outer loop
      vertex 33.45 147.10000000000002 2.0999999999999996
      vertex 33.46 147.10388888888892 2.0999999999999996
      vertex 33.45 147.10000000000002 2.1100000000000003
    endloop
  endfacet
  facet normal 0 0 1
    outer loop
      vertex 33.45 147.10000000000002 2.1100000000000003
      vertex 37.82142857142855 148.8 2.1100000000000003
      vertex 37.212857142856976 148.8 2.1100000000000003
    endloop
  endfacet
  facet normal 0 1 0
    outer loop
      vertex 37.82142857142855 149.20000000000002 1.29
      vertex 37.82142857142855 149.20000000000002 2.1100000000000003
      vertex 37.95 149.20000000000002 2.1100000000000003
    endloop
  endfacet
  facet normal 1 0 0
    outer loop
      vertex 37.95 149.15 1.4071428571428857
      vertex 37.95 149.20000000000002 2.1100000000000003
      vertex 37.95 149.15 2.1100000000000003
    endloop
  endfacet
  facet normal 0 0 1
    outer loop
      vertex 37.85645395213921 148.84365482233505 2.1100000000000003
      vertex 37.95 148.85000000000002 2.1100000000000003
      vertex 37.83964927288278 148.85149700598805 2.1100000000000003
    endloop
  endfacet
  facet normal 0 0 1
    outer loop
      vertex 37.82142857142855 149.20000000000002 2.1100000000000003
      vertex 37.95 149.15 2.1100000000000003
      vertex 37.95 149.20000000000002 2.1100000000000003
    endloop
  endfacet
  facet normal 0 1 0
    outer loop
      vertex 41.25 139.20000000000002 0.6
      vertex 47.25 139.20000000000002 1.4
      vertex 47.25 139.20000000000002 0.6
    endloop
  endfacet
  facet normal 0 1 0
    outer loop
      vertex 41.25 139.20000000000002 0.6
      vertex 41.25 139.20000000000002 1.4
      vertex 47.25 139.20000000000002 1.4
    endloop
  endfacet
  facet normal 0 0 1
    outer loop
      vertex 41.25 139.20000000000002 1.4
      vertex 41.25 138.42000000000002 1.4
      vertex 47.25 138.42000000000002 1.4
    endloop
  endfacet
  facet normal 0 0 1
    outer loop
      vertex 41.25 139.20000000000002 1.4
      vertex 47.25 138.42000000000002 1.4
      vertex 47.25 139.20000000000002 1.4
    endloop
  endfacet
  facet normal 0 -1 0
    outer loop
      vertex 41.25 147.79999999999998 0.6
      vertex 47.25 147.79999999999998 0.6
      vertex 41.25 147.79999999999998 1.4
    endloop
  endfacet
  facet normal 0 -1 0
    outer loop
      vertex 47.25 147.79999999999998 0.6
      vertex 47.25 147.79999999999998 1.4
      vertex 41.25 147.79999999999998 1.4
    endloop
  endfacet
  facet normal 0 0 1
    outer loop
      vertex 41.25 147.79999999999998 1.4
      vertex 47.25 147.79999999999998 1.4
      vertex 41.25 148.58 1.4
    endloop
  endfacet
  facet normal 0 0 1
    outer loop
      vertex 47.25 147.79999999999998 1.4
      vertex 47.25 148.58 1.4
      vertex 41.25 148.58 1.4
    endloop
  endfacet
  facet normal -1 0 0
    outer loop
      vertex 47.25 139.20000000000002 1.4
      vertex 47.25 138.42000000000002 1.4
      vertex 47.25 138.42000000000002 2.6499999999999995
    endloop
  endfacet
  facet normal -1 0 0
    outer loop
      vertex 47.25 139.20000000000002 1.4
      vertex 47.25 138.42000000000002 2.6499999999999995
      vertex 47.25 139.20000000000002 2.63
    endloop
  endfacet
  facet normal -1 0 0
    outer loop
      vertex 47.25 139.20000000000002 2.63
      vertex 47.25 138.42000000000002 2.6499999999999995
      vertex 47.25 139.20000000000002 2.6499999999999995
    endloop
  endfacet
  facet normal 0 1 0
    outer loop
      vertex 47.25 139.20000000000002 0.6
      vertex 47.25 139.20000000000002 1.4
      vertex 146 139.20000000000002 0.6
    endloop
  endfacet
  facet normal 0 1 0
    outer loop
      vertex 47.25 139.20000000000002 1.4
      vertex 47.25 139.20000000000002 2.63
      vertex 146 139.20000000000002 0.6
    endloop
  endfacet
  facet normal 0 1 0
    outer loop
      vertex 47.25 139.20000000000002 2.63
      vertex 146 139.20000000000002 2.63
      vertex 146 139.20000000000002 0.6
    endloop
  endfacet
  facet normal -1 0 0
    outer loop
      vertex 47.25 139.20000000000002 2.63
      vertex 47.25 139.20000000000002 2.6499999999999995
      vertex 47.25 140.5 2.63
    endloop
  endfacet
  facet normal -1 0 0
    outer loop
      vertex 47.25 140.5 2.63
      vertex 47.25 139.20000000000002 2.6499999999999995
      vertex 47.25 140.5 3.44
    endloop
  endfacet
  facet normal -1 0 0
    outer loop
      vertex 47.25 138.4 3.44
      vertex 47.25 138.42000000000002 2.6499999999999995
      vertex 47.25 138.4 2.6499999999999995
    endloop
  endfacet
  facet normal -1 0 0
    outer loop
      vertex 47.25 139.20000000000002 2.6499999999999995
      vertex 47.25 138.42000000000002 2.6499999999999995
      vertex 47.25 138.4 3.44
    endloop
  endfacet
  facet normal -1 0 0
    outer loop
      vertex 47.25 139.20000000000002 2.6499999999999995
      vertex 47.25 138.4 3.44
      vertex 47.25 140.5 3.44
    endloop
  endfacet
  facet normal 0 0 -1
    outer loop
      vertex 47.25 139.20000000000002 2.63
      vertex 47.25 140.5 2.63
      vertex 146 139.20000000000002 2.63
    endloop
  endfacet
  facet normal 0 1 0
    outer loop
      vertex 47.25 140.5 2.63
      vertex 47.25 140.5 3.44
      vertex 146 140.5 2.63
    endloop
  endfacet
  facet normal 0 -1 0
    outer loop
      vertex 47.25 138.4 3.44
      vertex 47.25 138.4 2.6499999999999995
      vertex 146 138.4 3.44
    endloop
  endfacet
  facet normal 0 0 1
    outer loop
      vertex 47.25 138.4 3.44
      vertex 146 140.5 3.44
      vertex 47.25 140.5 3.44
    endloop
  endfacet
  facet normal 0 0 -1
    outer loop
      vertex 47.25 140.5 2.63
      vertex 146 140.5 2.63
      vertex 146 139.20000000000002 2.63
    endloop
  endfacet
  facet normal 0 -1 0
    outer loop
      vertex 146 138.4 3.44
      vertex 47.25 138.4 2.6499999999999995
      vertex 146 138.4 2.6499999999999995
    endloop
  endfacet
  facet normal 0 1 0
    outer loop
      vertex 47.25 140.5 3.44
      vertex 146 140.5 3.44
      vertex 146 140.5 2.63
    endloop
  endfacet
  facet normal 0 0 1
    outer loop
      vertex 47.25 138.4 3.44
      vertex 146 138.4 3.44
      vertex 146 140.5 3.44
    endloop
  endfacet
  facet normal -1 0 0
    outer loop
      vertex 47.25 147.79999999999998 1.4
      vertex 47.25 147.79999999999998 2.63
      vertex 47.25 148.58 1.4
    endloop
  endfacet
  facet normal -1 0 0
    outer loop
      vertex 47.25 147.79999999999998 2.63
      vertex 47.25 147.79999999999998 2.6499999999999995
      vertex 47.25 148.58 1.4
    endloop
  endfacet
  facet normal -1 0 0
    outer loop
      vertex 47.25 147.79999999999998 2.6499999999999995
      vertex 47.25 148.58 2.6499999999999995
      vertex 47.25 148.58 1.4
    endloop
  endfacet
  facet normal 0 -1 0
    outer loop
      vertex 47.25 147.79999999999998 0.6
      vertex 146 147.79999999999998 0.6
      vertex 47.25 147.79999999999998 1.4
    endloop
  endfacet
  facet normal 0 -1 0
    outer loop
      vertex 47.25 147.79999999999998 1.4
      vertex 146 147.79999999999998 0.6
      vertex 47.25 147.79999999999998 2.63
    endloop
  endfacet
  facet normal 0 -1 0
    outer loop
      vertex 47.25 147.79999999999998 2.63
      vertex 146 147.79999999999998 0.6
      vertex 146 147.79999999999998 2.63
    endloop
  endfacet
  facet normal -1 0 0
    outer loop
      vertex 47.25 146.49999999999997 2.63
      vertex 47.25 147.79999999999998 2.6499999999999995
      vertex 47.25 147.79999999999998 2.63
    endloop
  endfacet
  facet normal -1 0 0
    outer loop
      vertex 47.25 146.49999999999997 2.63
      vertex 47.25 148.59999999999997 3.44
      vertex 47.25 147.79999999999998 2.6499999999999995
    endloop
  endfacet
  facet normal -1 0 0
    outer loop
      vertex 47.25 147.79999999999998 2.6499999999999995
      vertex 47.25 148.59999999999997 3.44
      vertex 47.25 148.58 2.6499999999999995
    endloop
  endfacet
  facet normal -1 0 0
    outer loop
      vertex 47.25 148.59999999999997 3.44
      vertex 47.25 148.6 2.6499999999999995
      vertex 47.25 148.58 2.6499999999999995
    endloop
  endfacet
  facet normal -1 0 0
    outer loop
      vertex 47.25 146.49999999999997 2.63
      vertex 47.25 146.49999999999997 3.44
      vertex 47.25 148.59999999999997 3.44
    endloop
  endfacet
  facet normal 0 0 -1
    outer loop
      vertex 47.25 146.49999999999997 2.63
      vertex 47.25 147.79999999999998 2.63
      vertex 146 146.49999999999997 2.63
    endloop
  endfacet
  facet normal 0 1 3.5976847380258214e-14
    outer loop
      vertex 47.25 148.59999999999997 3.44
      vertex 146 148.6 2.6499999999999995
      vertex 47.25 148.6 2.6499999999999995
    endloop
  endfacet
  facet normal 0 -1 0
    outer loop
      vertex 47.25 146.49999999999997 2.63
      vertex 146 146.49999999999997 3.44
      vertex 47.25 146.49999999999997 3.44
    endloop
  endfacet
  facet normal 0 0 1
    outer loop
      vertex 47.25 146.49999999999997 3.44
      vertex 146 148.59999999999997 3.44
      vertex 47.25 148.59999999999997 3.44
    endloop
  endfacet
  facet normal 0 0 -1
    outer loop
      vertex 47.25 147.79999999999998 2.63
      vertex 146 147.79999999999998 2.63
      vertex 146 146.49999999999997 2.63
    endloop
  endfacet
  facet normal 0 -1 0
    outer loop
      vertex 47.25 146.49999999999997 2.63
      vertex 146 146.49999999999997 2.63
      vertex 146 146.49999999999997 3.44
    endloop
  endfacet
  facet normal 0 1 3.5976847380258214e-14
    outer loop
      vertex 47.25 148.59999999999997 3.44
      vertex 146 148.59999999999997 3.44
      vertex 146 148.6 2.6499999999999995
    endloop
  endfacet
  facet normal 0 0 1
    outer loop
      vertex 47.25 146.49999999999997 3.44
      vertex 146 146.49999999999997 3.44
      vertex 146 148.59999999999997 3.44
    endloop
  endfacet
  facet normal 1 0 0
    outer loop
      vertex 41.25 139.20000000000002 0.6
      vertex 41.25 147.79999999999998 0.6
      vertex 41.25 139.20000000000002 1.4
    endloop
  endfacet
  facet normal -1 0 0
    outer loop
      vertex 40.05 138.42000000000002 0.6
      vertex 40.05 138.42000000000002 1.5559585492227979
      vertex 40.05 148.58 0.6
    endloop
  endfacet
  facet normal 1 0 0
    outer loop
      vertex 41.25 147.79999999999998 0.6
      vertex 41.25 147.79999999999998 1.4
      vertex 41.25 139.20000000000002 1.4
    endloop
  endfacet
  facet normal -1 0 0
    outer loop
      vertex 40.05 148.58133462882827 2.396706110969699
      vertex 40.05 148.6 0.6380118465103873
      vertex 40.05 148.58407766990294 0.6
    endloop
  endfacet
  facet normal -1 0 0
    outer loop
      vertex 40.05 138.4 2.4
      vertex 40.05 148.58 0.6
      vertex 40.05 138.42000000000002 1.5559585492227979
    endloop
  endfacet
  facet normal 1 0 0
    outer loop
      vertex 41.25 139.20000000000002 1.4
      vertex 41.25 138.42000000000002 2.4
      vertex 41.25 138.42000000000002 1.4
    endloop
  endfacet
  facet normal 1 0 0
    outer loop
      vertex 41.25 147.79999999999998 1.4
      vertex 41.25 138.42000000000002 2.4
      vertex 41.25 139.20000000000002 1.4
    endloop
  endfacet
  facet normal -1 0 0
    outer loop
      vertex 40.05 148.58 0.6
      vertex 40.05 138.4 2.4
      vertex 40.05 138.42000000000002 2.4
    endloop
  endfacet
  facet normal -1 0 0
    outer loop
      vertex 40.05 138.4 2.4
      vertex 40.05 138.42000000000002 1.5559585492227979
      vertex 40.05 138.4 1.5450955891540614
    endloop
  endfacet
  facet normal -1 0 0
    outer loop
      vertex 40.05 138.42000000000002 2.4
      vertex 40.05 148.58 2.4
      vertex 40.05 148.58 0.6
    endloop
  endfacet
  facet normal 1 0 0
    outer loop
      vertex 41.25 147.79999999999998 1.4
      vertex 41.25 148.58 1.4
      vertex 41.25 148.58 2.4
    endloop
  endfacet
  facet normal -1 0 0
    outer loop
      vertex 40.05 148.6 2.4
      vertex 40.05 148.6 0.6380118465103873
      vertex 40.05 148.58133462882827 2.396706110969699
    endloop
  endfacet
  facet normal 1 0 0
    outer loop
      vertex 41.25 147.79999999999998 1.4
      vertex 41.25 148.58 2.4
      vertex 41.25 138.42000000000002 2.4
    endloop
  endfacet
  facet normal 0 0 1
    outer loop
      vertex 41.25 138.42000000000002 2.4
      vertex 40.05 148.58 2.4
      vertex 40.05 138.42000000000002 2.4
    endloop
  endfacet
  facet normal 0 0 1
    outer loop
      vertex 41.25 138.42000000000002 2.4
      vertex 41.25 148.58 2.4
      vertex 40.05 148.58 2.4
    endloop
  endfacet
  facet normal -1 0 0
    outer loop
      vertex 40.05 148.6 2.4
      vertex 40.05 148.58133462882827 2.396706110969699
      vertex 40.05 148.58 2.4
    endloop
  endfacet
  facet normal 0 1 0
    outer loop
      vertex 33.46 149.60000000000002 0.6
      vertex 12.25 149.60000000000002 0.6
      vertex 33.46 149.60000000000002 1.29
    endloop
  endfacet
  facet normal 1 0 0
    outer loop
      vertex 33.46 148.8 0.6
      vertex 33.46 149.20000000000002 0.6
      vertex 33.46 148.8 1.117499999999997
    endloop
  endfacet
  facet normal 1 0 0
    outer loop
      vertex 33.46 149.20000000000002 0.6
      vertex 33.46 149.60000000000002 0.6
      vertex 33.46 149.60000000000002 1.29
    endloop
  endfacet
  facet normal 0 1 0
    outer loop
      vertex 12.25 149.60000000000002 1.2899999999999998
      vertex 33.46 149.60000000000002 1.29
      vertex 12.25 149.60000000000002 0.6
    endloop
  endfacet
  facet normal 1 0 0
    outer loop
      vertex 33.46 149.20000000000002 0.6
      vertex 33.46 149.60000000000002 1.29
      vertex 33.46 149.2 1.29
    endloop
  endfacet
  facet normal 1.0468863975720476e-17 0 -1
    outer loop
      vertex 12.25 149.60000000000002 1.2899999999999998
      vertex 12.25 150.9 1.2899999999999998
      vertex 33.46 149.60000000000002 1.29
    endloop
  endfacet
  facet normal 1.0468863975720475e-17 0 -1
    outer loop
      vertex 12.25 150.9 1.2899999999999998
      vertex 33.46 150.8961111111111 1.29
      vertex 33.46 149.60000000000002 1.29
    endloop
  endfacet
  facet normal 0 -5.70971841234923e-14 -1
    outer loop
      vertex 12.25 150.9 1.2899999999999998
      vertex 33.46 150.9 1.2899999999999998
      vertex 33.46 150.8961111111111 1.29
    endloop
  endfacet
  facet normal 0 1 0
    outer loop
      vertex 12.25 150.9 1.2899999999999998
      vertex 12.25 150.9 2.0999999999999996
      vertex 33.46 150.9 1.2899999999999998
    endloop
  endfacet
  facet normal 1 0 0
    outer loop
      vertex 33.46 150.8961111111111 1.29
      vertex 33.46 150.9 1.2899999999999998
      vertex 33.46 150.9 2.0999999999999996
    endloop
  endfacet
  facet normal 0 1 0
    outer loop
      vertex 33.46 150.9 1.2899999999999998
      vertex 12.25 150.9 2.0999999999999996
      vertex 33.45 150.9 2.0999999999999996
    endloop
  endfacet
  facet normal 0 1 0
    outer loop
      vertex 33.46 150.9 1.2899999999999998
      vertex 33.45 150.9 2.0999999999999996
      vertex 33.46 150.9 2.0999999999999996
    endloop
  endfacet
  facet normal 1 0 0
    outer loop
      vertex 33.46 150.8961111111111 1.29
      vertex 33.46 150.9 2.0999999999999996
      vertex 33.46 150.8961111111111 2.0999999999999996
    endloop
  endfacet
  facet normal 0 0 1
    outer loop
      vertex 33.45 150.9 2.0999999999999996
      vertex 33.46 150.8961111111111 2.0999999999999996
      vertex 33.46 150.9 2.0999999999999996
    endloop
  endfacet
  facet normal 0 0 -1
    outer loop
      vertex 33.46 148.8 1.29
      vertex 33.46 149.2 1.29
      vertex 37.451111111111054 149.20000000000002 1.29
    endloop
  endfacet
  facet normal 0 0 -1
    outer loop
      vertex 33.46 149.2 1.29
      vertex 33.46 149.60000000000002 1.29
      vertex 37.451111111111054 149.20000000000002 1.29
    endloop
  endfacet
  facet normal 0 0 -1
    outer loop
      vertex 33.46 149.60000000000002 1.29
      vertex 33.46 150.8961111111111 1.29
      vertex 37.451111111111054 149.20000000000002 1.29
    endloop
  endfacet
  facet normal 0 0 -1
    outer loop
      vertex 33.46 150.8961111111111 1.29
      vertex 37.82142857142855 149.20000000000002 1.29
      vertex 37.451111111111054 149.20000000000002 1.29
    endloop
  endfacet
  facet normal 0.36244626115494694 0.9320046715412964 0
    outer loop
      vertex 33.46 150.8961111111111 1.29
      vertex 33.46 150.8961111111111 2.0999999999999996
      vertex 37.82142857142855 149.20000000000002 1.29
    endloop
  endfacet
  facet normal 0 0 -1
    outer loop
      vertex 37.82142857142855 148.8 1.29
      vertex 37.95 148.85000000000002 1.29
      vertex 37.95 148.8 1.29
    endloop
  endfacet
  facet normal 0 -1 0
    outer loop
      vertex 37.82142857142855 148.8 1.29
      vertex 37.95 148.8 1.29
      vertex 37.95 148.8 2.1100000000000003
    endloop
  endfacet
  facet normal 1 0 0
    outer loop
      vertex 37.95 148.8 1.29
      vertex 37.95 148.85000000000002 1.29
      vertex 37.95 148.85000000000002 2.1100000000000003
    endloop
  endfacet
  facet normal 0 0 1
    outer loop
      vertex 12.25 148.8001698204755 2.1100000000000003
      vertex 33.45 150.9 2.1100000000000003
      vertex 12.25 150.9 2.1100000000000003
    endloop
  endfacet
  facet normal 0 1 0
    outer loop
      vertex 12.25 150.9 2.0999999999999996
      vertex 12.25 150.9 2.1100000000000003
      vertex 33.45 150.9 2.0999999999999996
    endloop
  endfacet
  facet normal 0 1 0
    outer loop
      vertex 12.25 150.9 2.1100000000000003
      vertex 33.45 150.9 2.1100000000000003
      vertex 33.45 150.9 2.0999999999999996
    endloop
  endfacet
  facet normal 0.3624462611548211 0.9320046715413455 -7.732311146303184e-13
    outer loop
      vertex 37.82142857142855 149.20000000000002 1.29
      vertex 33.46 150.8961111111111 2.0999999999999996
      vertex 33.45 150.9 2.1100000000000003
    endloop
  endfacet
  facet normal 0.3624462611549482 0.932004671541296 0
    outer loop
      vertex 37.82142857142855 149.20000000000002 1.29
      vertex 33.45 150.9 2.1100000000000003
      vertex 37.82142857142855 149.20000000000002 2.1100000000000003
    endloop
  endfacet
  facet normal 0 0 1
    outer loop
      vertex 12.25 148.8001698204755 2.1100000000000003
      vertex 37.83964927288278 148.85149700598805 2.1100000000000003
      vertex 33.45 150.9 2.1100000000000003
    endloop
  endfacet
  facet normal 0 0 1
    outer loop
      vertex 12.25 148.8001698204755 2.1100000000000003
      vertex 37.85645395213921 148.84365482233505 2.1100000000000003
      vertex 37.83964927288278 148.85149700598805 2.1100000000000003
    endloop
  endfacet
  facet normal 0.3624462611554917 0.9320046715410847 0
    outer loop
      vertex 33.45 150.9 2.0999999999999996
      vertex 33.45 150.9 2.1100000000000003
      vertex 33.46 150.8961111111111 2.0999999999999996
    endloop
  endfacet
  facet normal 0 0 1
    outer loop
      vertex 33.45 150.9 2.1100000000000003
      vertex 37.83964927288278 148.85149700598805 2.1100000000000003
      vertex 37.82142857142855 149.20000000000002 2.1100000000000003
    endloop
  endfacet
  facet normal 0 -1 0
    outer loop
      vertex 37.82142857142855 148.8 1.29
      vertex 37.95 148.8 2.1100000000000003
      vertex 37.82142857142855 148.8 2.1100000000000003
    endloop
  endfacet
  facet normal 1 0 0
    outer loop
      vertex 37.95 148.8 1.29
      vertex 37.95 148.85000000000002 2.1100000000000003
      vertex 37.95 148.8 2.1100000000000003
    endloop
  endfacet
  facet normal 1 0 0
    outer loop
      vertex 37.95 149.15 1.4071428571428857
      vertex 37.95 149.15 2.1100000000000003
      vertex 37.95 148.85000000000002 2.1100000000000003
    endloop
  endfacet
  facet normal 0 0 1
    outer loop
      vertex 37.212857142856976 148.8 2.1100000000000003
      vertex 37.82142857142855 148.8 2.1100000000000003
      vertex 37.85645395213921 148.84365482233505 2.1100000000000003
    endloop
  endfacet
  facet normal 0 0 1
    outer loop
      vertex 37.85645395213921 148.84365482233505 2.1100000000000003
      vertex 37.82142857142855 148.8 2.1100000000000003
      vertex 37.95 148.8 2.1100000000000003
    endloop
  endfacet
  facet normal 0 0 1
    outer loop
      vertex 37.85645395213921 148.84365482233505 2.1100000000000003
      vertex 37.95 148.8 2.1100000000000003
      vertex 37.95 148.85000000000002 2.1100000000000003
    endloop
  endfacet
  facet normal 0 0 1
    outer loop
      vertex 37.83964927288278 148.85149700598805 2.1100000000000003
      vertex 37.95 149.15 2.1100000000000003
      vertex 37.82142857142855 149.20000000000002 2.1100000000000003
    endloop
  endfacet
  facet normal 0 0 1
    outer loop
      vertex 37.83964927288278 148.85149700598805 2.1100000000000003
      vertex 37.95 148.85000000000002 2.1100000000000003
      vertex 37.95 149.15 2.1100000000000003
    endloop
  endfacet
  facet normal 0 -1 0
    outer loop
      vertex 12.25 159.4 0.6
      vertex 33.46 159.4 0.6
      vertex 33.46 159.4 1.29
    endloop
  endfacet
  facet normal 1 0 0
    outer loop
      vertex 33.46 159.4 0.6
      vertex 33.46 160.20000000000002 0.6
      vertex 33.46 159.4 1.29
    endloop
  endfacet
  facet normal 0 -1 0
    outer loop
      vertex 33.46 159.4 1.29
      vertex 12.25 159.4 1.29
      vertex 12.25 159.4 0.6
    endloop
  endfacet
  facet normal 1 0 0
    outer loop
      vertex 33.46 160.20000000000002 0.6
      vertex 33.46 159.8 1.29
      vertex 33.46 159.4 1.29
    endloop
  endfacet
  facet normal 1 0 0
    outer loop
      vertex 33.46 160.20000000000002 0.6
      vertex 33.46 160.2 1.29
      vertex 33.46 159.8 1.29
    endloop
  endfacet
  facet normal 0 1.708035422500226e-16 -1
    outer loop
      vertex 33.46 158.1 1.2899999999999998
      vertex 12.25 158.1 1.2899999999999998
      vertex 12.25 159.4 1.29
    endloop
  endfacet
  facet normal 3.4891228078770925e-15 5.709718412307502e-14 -1
    outer loop
      vertex 33.46 158.1 1.2899999999999998
      vertex 12.25 159.4 1.29
      vertex 33.46 158.10388888888892 1.29
    endloop
  endfacet
  facet normal 0 0 -1
    outer loop
      vertex 33.46 158.10388888888892 1.29
      vertex 12.25 159.4 1.29
      vertex 33.46 159.4 1.29
    endloop
  endfacet
  facet normal 0 -1 0
    outer loop
      vertex 12.25 158.1 1.2899999999999998
      vertex 33.46 158.1 1.2899999999999998
      vertex 33.46 158.1 2.0999999999999996
    endloop
  endfacet
  facet normal 1 0 0
    outer loop
      vertex 33.46 158.1 1.2899999999999998
      vertex 33.46 158.10388888888892 1.29
      vertex 33.46 158.10388888888892 2.0999999999999996
    endloop
  endfacet
  facet normal 0 -1 3.508853016099261e-14
    outer loop
      vertex 12.25 158.1 1.2899999999999998
      vertex 33.45 158.10000000000002 2.0999999999999996
      vertex 12.25 158.10000000000002 2.0999999999999996
    endloop
  endfacet
  facet normal -2.842170943041381e-12 -1 7.4422772471491e-11
    outer loop
      vertex 12.25 158.1 1.2899999999999998
      vertex 33.46 158.1 2.0999999999999996
      vertex 33.45 158.10000000000002 2.0999999999999996
    endloop
  endfacet
  facet normal 1 0 0
    outer loop
      vertex 33.46 158.1 1.2899999999999998
      vertex 33.46 158.10388888888892 2.0999999999999996
      vertex 33.46 158.1 2.0999999999999996
    endloop
  endfacet
  facet normal 0 0 1
    outer loop
      vertex 33.45 158.10000000000002 2.0999999999999996
      vertex 33.46 158.1 2.0999999999999996
      vertex 33.46 158.10388888888892 2.0999999999999996
    endloop
  endfacet
  facet normal 0 0 -1
    outer loop
      vertex 33.46 158.10388888888892 1.29
      vertex 33.46 159.4 1.29
      vertex 37.09317519215477 159.8 1.29
    endloop
  endfacet
  facet normal 0 0 -1
    outer loop
      vertex 33.46 159.4 1.29
      vertex 33.46 159.8 1.29
      vertex 37.82142857142855 160.1399777282851 1.29
    endloop
  endfacet
  facet normal 0 0 -1
    outer loop
      vertex 33.46 158.10388888888892 1.29
      vertex 37.09317519215477 159.8 1.29
      vertex 37.82142857142855 159.8 1.29
    endloop
  endfacet
  facet normal 0 0 -1
    outer loop
      vertex 33.46 159.4 1.29
      vertex 37.82142857142855 160.1399777282851 1.29
      vertex 37.09317519215477 159.8 1.29
    endloop
  endfacet
  facet normal 0.362446261154947 -0.9320046715412965 -6.223992421346986e-17
    outer loop
      vertex 33.46 158.10388888888892 1.29
      vertex 37.82142857142855 159.8 1.29
      vertex 37.82142857142855 159.8 2.1100000000000003
    endloop
  endfacet
  facet normal 0 0 -1
    outer loop
      vertex 37.82142857142855 160.20000000000002 1.29
      vertex 37.95 160.20000000000002 1.29
      vertex 37.95 160.15 1.29
    endloop
  endfacet
  facet normal 0 1 0
    outer loop
      vertex 37.82142857142855 160.20000000000002 1.29
      vertex 37.82142857142855 160.20000000000002 2.1100000000000003
      vertex 37.95 160.20000000000002 1.29
    endloop
  endfacet
  facet normal 1 0 0
    outer loop
      vertex 37.95 160.15 1.29
      vertex 37.95 160.20000000000002 1.29
      vertex 37.95 160.20000000000002 2.1100000000000003
    endloop
  endfacet
  facet normal 1 0 0
    outer loop
      vertex 37.95 159.85000000000002 1.29
      vertex 37.95 159.97857142857143 1.6916326530612207
      vertex 37.95 159.85000000000002 2.0514285714285574
    endloop
  endfacet
  facet normal 0 0 1
    outer loop
      vertex 12.25 158.10000000000002 2.1100000000000003
      vertex 16.207142857142927 160.20000000000002 2.1100000000000003
      vertex 12.25 159.8098591549296 2.1100000000000003
    endloop
  endfacet
  facet normal 0 -1 0
    outer loop
      vertex 12.25 158.10000000000002 2.0999999999999996
      vertex 33.45 158.10000000000002 2.1100000000000003
      vertex 12.25 158.10000000000002 2.1100000000000003
    endloop
  endfacet
  facet normal 0 0 1
    outer loop
      vertex 12.25 158.10000000000002 2.1100000000000003
      vertex 37.092857142857135 160.20000000000002 2.1100000000000003
      vertex 16.207142857142927 160.20000000000002 2.1100000000000003
    endloop
  endfacet
  facet normal 0 -1 0
    outer loop
      vertex 12.25 158.10000000000002 2.0999999999999996
      vertex 33.45 158.10000000000002 2.0999999999999996
      vertex 33.45 158.10000000000002 2.1100000000000003
    endloop
  endfacet
  facet normal 0.36244626115494694 -0.9320046715412964 0
    outer loop
      vertex 33.46 158.10388888888892 1.29
      vertex 37.82142857142855 159.8 2.1100000000000003
      vertex 33.46 158.10388888888892 2.0999999999999996
    endloop
  endfacet
  facet normal 0 0 1
    outer loop
      vertex 12.25 158.10000000000002 2.1100000000000003
      vertex 33.45 158.10000000000002 2.1100000000000003
      vertex 37.83964927288278 159.85149700598805 2.1100000000000003
    endloop
  endfacet
  facet normal 0 0 1
    outer loop
      vertex 12.25 158.10000000000002 2.1100000000000003
      vertex 37.83964927288278 159.85149700598805 2.1100000000000003
      vertex 37.092857142857135 160.20000000000002 2.1100000000000003
    endloop
  endfacet
  facet normal 0.3624462611554917 -0.9320046715410847 -2.7352417873777094e-10
    outer loop
      vertex 33.45 158.10000000000002 2.0999999999999996
      vertex 33.46 158.10388888888892 2.0999999999999996
      vertex 37.82142857142855 159.8 2.1100000000000003
    endloop
  endfacet
  facet normal 0.36244626115494816 -0.932004671541296 0
    outer loop
      vertex 33.45 158.10000000000002 2.0999999999999996
      vertex 37.82142857142855 159.8 2.1100000000000003
      vertex 33.45 158.10000000000002 2.1100000000000003
    endloop
  endfacet
  facet normal 0 0 1
    outer loop
      vertex 33.45 158.10000000000002 2.1100000000000003
      vertex 37.82142857142855 159.8 2.1100000000000003
      vertex 37.83964927288278 159.85149700598805 2.1100000000000003
    endloop
  endfacet
  facet normal 0 1 0
    outer loop
      vertex 37.95 160.20000000000002 1.29
      vertex 37.82142857142855 160.20000000000002 2.1100000000000003
      vertex 37.95 160.20000000000002 2.1100000000000003
    endloop
  endfacet
  facet normal 1 0 0
    outer loop
      vertex 37.95 160.15 1.29
      vertex 37.95 160.20000000000002 2.1100000000000003
      vertex 37.95 160.15 2.1100000000000003
    endloop
  endfacet
  facet normal 0 0 1
    outer loop
      vertex 37.82142857142855 159.8 2.1100000000000003
      vertex 37.89155844155843 159.82727272727274 2.1100000000000003
      vertex 37.83964927288278 159.85149700598805 2.1100000000000003
    endloop
  endfacet
  facet normal 0 0 1
    outer loop
      vertex 37.092857142857135 160.20000000000002 2.1100000000000003
      vertex 37.83964927288278 159.85149700598805 2.1100000000000003
      vertex 37.95 160.15 2.1100000000000003
    endloop
  endfacet
  facet normal 0 0 1
    outer loop
      vertex 37.092857142857135 160.20000000000002 2.1100000000000003
      vertex 37.95 160.15 2.1100000000000003
      vertex 37.82142857142855 160.20000000000002 2.1100000000000003
    endloop
  endfacet
  facet normal 0 0 1
    outer loop
      vertex 37.82142857142855 160.20000000000002 2.1100000000000003
      vertex 37.95 160.15 2.1100000000000003
      vertex 37.95 160.20000000000002 2.1100000000000003
    endloop
  endfacet
  facet normal 0 1 0
    outer loop
      vertex 41.25 150.20000000000002 0.6
      vertex 47.25 150.20000000000002 1.4
      vertex 47.25 150.20000000000002 0.6
    endloop
  endfacet
  facet normal 0 1 0
    outer loop
      vertex 41.25 150.20000000000002 0.6
      vertex 41.25 150.20000000000002 1.4
      vertex 47.25 150.20000000000002 1.4
    endloop
  endfacet
  facet normal 0 0 1
    outer loop
      vertex 41.25 150.20000000000002 1.4
      vertex 41.25 149.42000000000002 1.4
      vertex 47.25 149.42000000000002 1.4
    endloop
  endfacet
  facet normal 0 0 1
    outer loop
      vertex 41.25 150.20000000000002 1.4
      vertex 47.25 149.42000000000002 1.4
      vertex 47.25 150.20000000000002 1.4
    endloop
  endfacet
  facet normal 0 -1 0
    outer loop
      vertex 41.25 158.79999999999998 0.6
      vertex 47.25 158.79999999999998 0.6
      vertex 41.25 158.79999999999998 1.4
    endloop
  endfacet
  facet normal 0 -1 0
    outer loop
      vertex 47.25 158.79999999999998 0.6
      vertex 47.25 158.79999999999998 1.4
      vertex 41.25 158.79999999999998 1.4
    endloop
  endfacet
  facet normal 0 0 1
    outer loop
      vertex 41.25 158.79999999999998 1.4
      vertex 47.25 158.79999999999998 1.4
      vertex 41.25 159.58 1.4
    endloop
  endfacet
  facet normal 0 0 1
    outer loop
      vertex 47.25 158.79999999999998 1.4
      vertex 47.25 159.58 1.4
      vertex 41.25 159.58 1.4
    endloop
  endfacet
  facet normal -1 0 0
    outer loop
      vertex 47.25 150.20000000000002 1.4
      vertex 47.25 149.42000000000002 1.4
      vertex 47.25 149.42000000000002 2.6499999999999995
    endloop
  endfacet
  facet normal -1 0 0
    outer loop
      vertex 47.25 150.20000000000002 1.4
      vertex 47.25 149.42000000000002 2.6499999999999995
      vertex 47.25 150.20000000000002 2.63
    endloop
  endfacet
  facet normal -1 0 0
    outer loop
      vertex 47.25 150.20000000000002 2.63
      vertex 47.25 149.42000000000002 2.6499999999999995
      vertex 47.25 150.20000000000002 2.6499999999999995
    endloop
  endfacet
  facet normal 0 1 0
    outer loop
      vertex 47.25 150.20000000000002 0.6
      vertex 47.25 150.20000000000002 1.4
      vertex 146 150.20000000000002 0.6
    endloop
  endfacet
  facet normal 0 1 0
    outer loop
      vertex 47.25 150.20000000000002 1.4
      vertex 47.25 150.20000000000002 2.63
      vertex 146 150.20000000000002 0.6
    endloop
  endfacet
  facet normal 0 1 0
    outer loop
      vertex 47.25 150.20000000000002 2.63
      vertex 146 150.20000000000002 2.63
      vertex 146 150.20000000000002 0.6
    endloop
  endfacet
  facet normal -1 0 0
    outer loop
      vertex 47.25 150.20000000000002 2.63
      vertex 47.25 150.20000000000002 2.6499999999999995
      vertex 47.25 151.5 2.63
    endloop
  endfacet
  facet normal -1 0 0
    outer loop
      vertex 47.25 149.4 3.44
      vertex 47.25 149.42000000000002 2.6499999999999995
      vertex 47.25 149.4 2.6499999999999995
    endloop
  endfacet
  facet normal -1 0 0
    outer loop
      vertex 47.25 150.20000000000002 2.6499999999999995
      vertex 47.25 149.42000000000002 2.6499999999999995
      vertex 47.25 149.4 3.44
    endloop
  endfacet
  facet normal -1 0 0
    outer loop
      vertex 47.25 150.20000000000002 2.6499999999999995
      vertex 47.25 151.5 3.44
      vertex 47.25 151.5 2.63
    endloop
  endfacet
  facet normal -1 0 0
    outer loop
      vertex 47.25 150.20000000000002 2.6499999999999995
      vertex 47.25 149.4 3.44
      vertex 47.25 151.5 3.44
    endloop
  endfacet
  facet normal 0 0 -1
    outer loop
      vertex 47.25 150.20000000000002 2.63
      vertex 47.25 151.5 2.63
      vertex 146 150.20000000000002 2.63
    endloop
  endfacet
  facet normal 0 1 0
    outer loop
      vertex 47.25 151.5 2.63
      vertex 47.25 151.5 3.44
      vertex 146 151.5 2.63
    endloop
  endfacet
  facet normal 0 -1 0
    outer loop
      vertex 47.25 149.4 3.44
      vertex 47.25 149.4 2.6499999999999995
      vertex 146 149.4 3.44
    endloop
  endfacet
  facet normal 0 0 1
    outer loop
      vertex 47.25 149.4 3.44
      vertex 146 151.5 3.44
      vertex 47.25 151.5 3.44
    endloop
  endfacet
  facet normal 0 0 -1
    outer loop
      vertex 47.25 151.5 2.63
      vertex 146 151.5 2.63
      vertex 146 150.20000000000002 2.63
    endloop
  endfacet
  facet normal 0 -1 0
    outer loop
      vertex 146 149.4 3.44
      vertex 47.25 149.4 2.6499999999999995
      vertex 146 149.4 2.6499999999999995
    endloop
  endfacet
  facet normal 0 1 0
    outer loop
      vertex 47.25 151.5 3.44
      vertex 146 151.5 3.44
      vertex 146 151.5 2.63
    endloop
  endfacet
  facet normal 0 0 1
    outer loop
      vertex 47.25 149.4 3.44
      vertex 146 149.4 3.44
      vertex 146 151.5 3.44
    endloop
  endfacet
  facet normal -1 0 0
    outer loop
      vertex 47.25 158.79999999999998 1.4
      vertex 47.25 158.79999999999998 2.63
      vertex 47.25 159.58 1.4
    endloop
  endfacet
  facet normal -1 0 0
    outer loop
      vertex 47.25 158.79999999999998 2.63
      vertex 47.25 158.79999999999998 2.6499999999999995
      vertex 47.25 159.58 1.4
    endloop
  endfacet
  facet normal -1 0 0
    outer loop
      vertex 47.25 158.79999999999998 2.6499999999999995
      vertex 47.25 159.58 2.6499999999999995
      vertex 47.25 159.58 1.4
    endloop
  endfacet
  facet normal 0 -1 0
    outer loop
      vertex 47.25 158.79999999999998 0.6
      vertex 146 158.79999999999998 0.6
      vertex 47.25 158.79999999999998 1.4
    endloop
  endfacet
  facet normal 0 -1 0
    outer loop
      vertex 47.25 158.79999999999998 1.4
      vertex 146 158.79999999999998 0.6
      vertex 47.25 158.79999999999998 2.63
    endloop
  endfacet
  facet normal 0 -1 0
    outer loop
      vertex 47.25 158.79999999999998 2.63
      vertex 146 158.79999999999998 0.6
      vertex 146 158.79999999999998 2.63
    endloop
  endfacet
  facet normal -1 0 0
    outer loop
      vertex 47.25 157.49999999999997 2.63
      vertex 47.25 158.79999999999998 2.6499999999999995
      vertex 47.25 158.79999999999998 2.63
    endloop
  endfacet
  facet normal -1 0 0
    outer loop
      vertex 47.25 157.49999999999997 2.63
      vertex 47.25 159.59999999999997 3.44
      vertex 47.25 158.79999999999998 2.6499999999999995
    endloop
  endfacet
  facet normal -1 0 0
    outer loop
      vertex 47.25 158.79999999999998 2.6499999999999995
      vertex 47.25 159.59999999999997 3.44
      vertex 47.25 159.58 2.6499999999999995
    endloop
  endfacet
  facet normal -1 0 0
    outer loop
      vertex 47.25 159.59999999999997 3.44
      vertex 47.25 159.6 2.6499999999999995
      vertex 47.25 159.58 2.6499999999999995
    endloop
  endfacet
  facet normal -1 0 0
    outer loop
      vertex 47.25 157.49999999999997 2.63
      vertex 47.25 157.49999999999997 3.44
      vertex 47.25 159.59999999999997 3.44
    endloop
  endfacet
  facet normal 0 -1 0
    outer loop
      vertex 47.25 157.49999999999997 2.63
      vertex 146 157.49999999999997 3.44
      vertex 47.25 157.49999999999997 3.44
    endloop
  endfacet
  facet normal 0 0 -1
    outer loop
      vertex 47.25 157.49999999999997 2.63
      vertex 47.25 158.79999999999998 2.63
      vertex 146 157.49999999999997 2.63
    endloop
  endfacet
  facet normal 0 1 3.5976847380258214e-14
    outer loop
      vertex 47.25 159.59999999999997 3.44
      vertex 146 159.6 2.6499999999999995
      vertex 47.25 159.6 2.6499999999999995
    endloop
  endfacet
  facet normal 0 0 1
    outer loop
      vertex 47.25 157.49999999999997 3.44
      vertex 146 159.59999999999997 3.44
      vertex 47.25 159.59999999999997 3.44
    endloop
  endfacet
  facet normal 0 -1 0
    outer loop
      vertex 47.25 157.49999999999997 2.63
      vertex 146 157.49999999999997 2.63
      vertex 146 157.49999999999997 3.44
    endloop
  endfacet
  facet normal 0 0 -1
    outer loop
      vertex 47.25 158.79999999999998 2.63
      vertex 146 158.79999999999998 2.63
      vertex 146 157.49999999999997 2.63
    endloop
  endfacet
  facet normal 0 1 3.5976847380258214e-14
    outer loop
      vertex 47.25 159.59999999999997 3.44
      vertex 146 159.59999999999997 3.44
      vertex 146 159.6 2.6499999999999995
    endloop
  endfacet
  facet normal 0 0 1
    outer loop
      vertex 47.25 157.49999999999997 3.44
      vertex 146 157.49999999999997 3.44
      vertex 146 159.59999999999997 3.44
    endloop
  endfacet
  facet normal 1 0 0
    outer loop
      vertex 41.25 150.20000000000002 0.6
      vertex 41.25 158.79999999999998 0.6
      vertex 41.25 150.20000000000002 1.4
    endloop
  endfacet
  facet normal -1 0 0
    outer loop
      vertex 40.05 149.42000000000002 0.6
      vertex 40.05 149.42000000000002 1.5559585492227979
      vertex 40.05 159.58 0.6
    endloop
  endfacet
  facet normal 1 0 0
    outer loop
      vertex 41.25 150.20000000000002 1.4
      vertex 41.25 158.79999999999998 0.6
      vertex 41.25 158.79999999999998 1.4
    endloop
  endfacet
  facet normal -1 0 0
    outer loop
      vertex 40.05 149.4 2.4
      vertex 40.05 159.58 0.6
      vertex 40.05 149.42000000000002 1.5559585492227979
    endloop
  endfacet
  facet normal -1 0 0
    outer loop
      vertex 40.05 159.58133462882827 2.396706110969699
      vertex 40.05 159.6 0.6380118465103873
      vertex 40.05 159.58407766990294 0.6
    endloop
  endfacet
  facet normal 1 0 0
    outer loop
      vertex 41.25 150.20000000000002 1.4
      vertex 41.25 149.42000000000002 2.4
      vertex 41.25 149.42000000000002 1.4
    endloop
  endfacet
  facet normal -1 0 0
    outer loop
      vertex 40.05 149.4 2.4
      vertex 40.05 149.42000000000002 1.5559585492227979
      vertex 40.05 149.4 1.5450955891540614
    endloop
  endfacet
  facet normal 1 0 0
    outer loop
      vertex 41.25 158.79999999999998 1.4
      vertex 41.25 149.42000000000002 2.4
      vertex 41.25 150.20000000000002 1.4
    endloop
  endfacet
  facet normal -1 0 0
    outer loop
      vertex 40.05 159.58 0.6
      vertex 40.05 149.4 2.4
      vertex 40.05 149.42000000000002 2.4
    endloop
  endfacet
  facet normal -1 0 0
    outer loop
      vertex 40.05 149.42000000000002 2.4
      vertex 40.05 159.58 2.4
      vertex 40.05 159.58 0.6
    endloop
  endfacet
  facet normal 1 0 0
    outer loop
      vertex 41.25 158.79999999999998 1.4
      vertex 41.25 159.58 2.4
      vertex 41.25 149.42000000000002 2.4
    endloop
  endfacet
  facet normal 0 0 1
    outer loop
      vertex 41.25 149.42000000000002 2.4
      vertex 40.05 159.58 2.4
      vertex 40.05 149.42000000000002 2.4
    endloop
  endfacet
  facet normal 0 0 1
    outer loop
      vertex 41.25 149.42000000000002 2.4
      vertex 41.25 159.58 2.4
      vertex 40.05 159.58 2.4
    endloop
  endfacet
  facet normal 1 0 0
    outer loop
      vertex 41.25 158.79999999999998 1.4
      vertex 41.25 159.58 1.4
      vertex 41.25 159.58 2.4
    endloop
  endfacet
  facet normal -1 0 0
    outer loop
      vertex 40.05 159.6 2.4
      vertex 40.05 159.6 0.6380118465103873
      vertex 40.05 159.58133462882827 2.396706110969699
    endloop
  endfacet
  facet normal -1 0 0
    outer loop
      vertex 40.05 159.6 2.4
      vertex 40.05 159.58133462882827 2.396706110969699
      vertex 40.05 159.58 2.4
    endloop
  endfacet
  facet normal 0 1 0
    outer loop
      vertex 33.46 160.60000000000002 0.6
      vertex 12.25 160.60000000000002 0.6
      vertex 33.46 160.60000000000002 1.29
    endloop
  endfacet
  facet normal 1 0 0
    outer loop
      vertex 33.46 160.20000000000002 0.6
      vertex 33.46 160.60000000000002 0.6
      vertex 33.46 160.2 1.29
    endloop
  endfacet
  facet normal 0 1 0
    outer loop
      vertex 12.25 160.60000000000002 1.2899999999999998
      vertex 33.46 160.60000000000002 1.29
      vertex 12.25 160.60000000000002 0.6
    endloop
  endfacet
  facet normal 1 0 0
    outer loop
      vertex 33.46 160.60000000000002 0.6
      vertex 33.46 160.60000000000002 1.29
      vertex 33.46 160.2 1.29
    endloop
  endfacet
  facet normal 1.0468863975720476e-17 0 -1
    outer loop
      vertex 12.25 160.60000000000002 1.2899999999999998
      vertex 12.25 161.9 1.2899999999999998
      vertex 33.46 160.60000000000002 1.29
    endloop
  endfacet
  facet normal 1.0468863975720475e-17 0 -1
    outer loop
      vertex 12.25 161.9 1.2899999999999998
      vertex 33.46 161.8961111111111 1.29
      vertex 33.46 160.60000000000002 1.29
    endloop
  endfacet
  facet normal 0 -5.70971841234923e-14 -1
    outer loop
      vertex 12.25 161.9 1.2899999999999998
      vertex 33.46 161.9 1.2899999999999998
      vertex 33.46 161.8961111111111 1.29
    endloop
  endfacet
  facet normal 0 1 0
    outer loop
      vertex 12.25 161.9 1.2899999999999998
      vertex 12.25 161.9 2.0999999999999996
      vertex 33.46 161.9 1.2899999999999998
    endloop
  endfacet
  facet normal 1 0 0
    outer loop
      vertex 33.46 161.8961111111111 1.29
      vertex 33.46 161.9 1.2899999999999998
      vertex 33.46 161.9 2.0999999999999996
    endloop
  endfacet
  facet normal 0 1 0
    outer loop
      vertex 33.46 161.9 1.2899999999999998
      vertex 12.25 161.9 2.0999999999999996
      vertex 33.45 161.9 2.0999999999999996
    endloop
  endfacet
  facet normal 0 1 0
    outer loop
      vertex 33.46 161.9 1.2899999999999998
      vertex 33.45 161.9 2.0999999999999996
      vertex 33.46 161.9 2.0999999999999996
    endloop
  endfacet
  facet normal 1 0 0
    outer loop
      vertex 33.46 161.8961111111111 1.29
      vertex 33.46 161.9 2.0999999999999996
      vertex 33.46 161.8961111111111 2.0999999999999996
    endloop
  endfacet
  facet normal 0 0 1
    outer loop
      vertex 33.45 161.9 2.0999999999999996
      vertex 33.46 161.8961111111111 2.0999999999999996
      vertex 33.46 161.9 2.0999999999999996
    endloop
  endfacet
  facet normal 0 0 -1
    outer loop
      vertex 33.46 159.8 1.29
      vertex 33.46 160.2 1.29
      vertex 37.82142857142855 160.1399777282851 1.29
    endloop
  endfacet
  facet normal 0 0 -1
    outer loop
      vertex 33.46 160.2 1.29
      vertex 33.46 160.60000000000002 1.29
      vertex 37.95 160.15 1.29
    endloop
  endfacet
  facet normal 0 0 -1
    outer loop
      vertex 33.46 160.2 1.29
      vertex 37.95 160.15 1.29
      vertex 37.82142857142855 160.1399777282851 1.29
    endloop
  endfacet
  facet normal 0 0 -1
    outer loop
      vertex 33.46 160.60000000000002 1.29
      vertex 37.82142857142855 160.20000000000002 1.29
      vertex 37.95 160.15 1.29
    endloop
  endfacet
  facet normal 0 0 -1
    outer loop
      vertex 33.46 160.60000000000002 1.29
      vertex 33.46 161.8961111111111 1.29
      vertex 37.82142857142855 160.20000000000002 1.29
    endloop
  endfacet
  facet normal 0.362446261154947 0.9320046715412965 6.223992421346986e-17
    outer loop
      vertex 33.46 161.8961111111111 1.29
      vertex 37.82142857142855 160.20000000000002 2.1100000000000003
      vertex 37.82142857142855 160.20000000000002 1.29
    endloop
  endfacet
  facet normal 0 0 -1
    outer loop
      vertex 37.09317519215477 159.8 1.29
      vertex 37.82142857142855 160.1399777282851 1.29
      vertex 37.82142857142855 159.8 1.29
    endloop
  endfacet
  facet normal 0 0 -1
    outer loop
      vertex 37.82142857142855 159.8 1.29
      vertex 37.82142857142855 160.1399777282851 1.29
      vertex 37.95 159.8 1.29
    endloop
  endfacet
  facet normal 0 0 -1
    outer loop
      vertex 37.95 159.8 1.29
      vertex 37.82142857142855 160.1399777282851 1.29
      vertex 37.95 159.85000000000002 1.29
    endloop
  endfacet
  facet normal 0 0 -1
    outer loop
      vertex 37.95 159.85000000000002 1.29
      vertex 37.82142857142855 160.1399777282851 1.29
      vertex 37.95 160.15 1.29
    endloop
  endfacet
  facet normal 1 0 0
    outer loop
      vertex 37.95 159.85000000000002 1.29
      vertex 37.95 160.15 1.29
      vertex 37.95 159.97857142857143 1.6916326530612207
    endloop
  endfacet
  facet normal 0 -1 0
    outer loop
      vertex 37.82142857142855 159.8 1.29
      vertex 37.95 159.8 1.29
      vertex 37.82142857142855 159.8 2.1100000000000003
    endloop
  endfacet
  facet normal 1 0 0
    outer loop
      vertex 37.95 159.8 1.29
      vertex 37.95 159.85000000000002 1.29
      vertex 37.95 159.8 2.1100000000000003
    endloop
  endfacet
  facet normal 1 0 0
    outer loop
      vertex 37.95 160.15 1.29
      vertex 37.95 160.15 2.1100000000000003
      vertex 37.95 159.97857142857143 1.6916326530612207
    endloop
  endfacet
  facet normal 0 0 1
    outer loop
      vertex 12.25 159.8098591549296 2.1100000000000003
      vertex 16.207142857142927 160.20000000000002 2.1100000000000003
      vertex 12.25 161.9 2.1100000000000003
    endloop
  endfacet
  facet normal 0 1 0
    outer loop
      vertex 12.25 161.9 2.0999999999999996
      vertex 12.25 161.9 2.1100000000000003
      vertex 33.45 161.9 2.0999999999999996
    endloop
  endfacet
  facet normal 0 0 1
    outer loop
      vertex 12.25 161.9 2.1100000000000003
      vertex 16.207142857142927 160.20000000000002 2.1100000000000003
      vertex 33.45 161.9 2.1100000000000003
    endloop
  endfacet
  facet normal 0 1 0
    outer loop
      vertex 12.25 161.9 2.1100000000000003
      vertex 33.45 161.9 2.1100000000000003
      vertex 33.45 161.9 2.0999999999999996
    endloop
  endfacet
  facet normal 0.36244626115494694 0.9320046715412964 0
    outer loop
      vertex 33.46 161.8961111111111 1.29
      vertex 33.46 161.8961111111111 2.0999999999999996
      vertex 37.82142857142855 160.20000000000002 2.1100000000000003
    endloop
  endfacet
  facet normal 0 0 1
    outer loop
      vertex 16.207142857142927 160.20000000000002 2.1100000000000003
      vertex 37.092857142857135 160.20000000000002 2.1100000000000003
      vertex 33.45 161.9 2.1100000000000003
    endloop
  endfacet
  facet normal 0.3624462611554917 0.9320046715410847 0
    outer loop
      vertex 33.45 161.9 2.0999999999999996
      vertex 33.45 161.9 2.1100000000000003
      vertex 33.46 161.8961111111111 2.0999999999999996
    endloop
  endfacet
  facet normal 0 0 1
    outer loop
      vertex 33.45 161.9 2.1100000000000003
      vertex 37.092857142857135 160.20000000000002 2.1100000000000003
      vertex 37.82142857142855 160.20000000000002 2.1100000000000003
    endloop
  endfacet
  facet normal 0.36244626115494816 0.9320046715412961 -6.256682188839971e-13
    outer loop
      vertex 33.46 161.8961111111111 2.0999999999999996
      vertex 33.45 161.9 2.1100000000000003
      vertex 37.82142857142855 160.20000000000002 2.1100000000000003
    endloop
  endfacet
  facet normal 1 0 0
    outer loop
      vertex 37.95 159.85000000000002 1.29
      vertex 37.95 159.85000000000002 2.0514285714285574
      vertex 37.95 159.8 2.1100000000000003
    endloop
  endfacet
  facet normal 0 -1 0
    outer loop
      vertex 37.95 159.8 1.29
      vertex 37.95 159.8 2.1100000000000003
      vertex 37.82142857142855 159.8 2.1100000000000003
    endloop
  endfacet
  facet normal 1 0 0
    outer loop
      vertex 37.95 159.97857142857143 1.6916326530612207
      vertex 37.95 160.15 2.1100000000000003
      vertex 37.95 159.85000000000002 2.0514285714285574
    endloop
  endfacet
  facet normal 1 0 0
    outer loop
      vertex 37.95 159.85000000000002 2.0514285714285574
      vertex 37.95 160.15 2.1100000000000003
      vertex 37.95 159.8 2.1100000000000003
    endloop
  endfacet
  facet normal 0 0 1
    outer loop
      vertex 37.82142857142855 159.8 2.1100000000000003
      vertex 37.95 159.8 2.1100000000000003
      vertex 37.89155844155843 159.82727272727274 2.1100000000000003
    endloop
  endfacet
  facet normal 0 0 1
    outer loop
      vertex 37.83964927288278 159.85149700598805 2.1100000000000003
      vertex 37.89155844155843 159.82727272727274 2.1100000000000003
      vertex 37.95 160.15 2.1100000000000003
    endloop
  endfacet
  facet normal 0 0 1
    outer loop
      vertex 37.89155844155843 159.82727272727274 2.1100000000000003
      vertex 37.95 159.8 2.1100000000000003
      vertex 37.95 160.15 2.1100000000000003
    endloop
  endfacet
  facet normal 0 -1 0
    outer loop
      vertex 12.25 170.4 0.6
      vertex 33.46 170.4 0.6
      vertex 33.46 170.4 1.29
    endloop
  endfacet
  facet normal 1 0 0
    outer loop
      vertex 33.46 170.4 0.6
      vertex 33.46 170.8 0.6
      vertex 33.46 170.4 1.29
    endloop
  endfacet
  facet normal 0 -1 0
    outer loop
      vertex 33.46 170.4 1.29
      vertex 12.25 170.4 1.29
      vertex 12.25 170.4 0.6
    endloop
  endfacet
  facet normal 1 0 0
    outer loop
      vertex 33.46 170.8 0.6
      vertex 33.46 170.8 1.117499999999997
      vertex 33.46 170.4 1.29
    endloop
  endfacet
  facet normal 1 0 0
    outer loop
      vertex 33.46 171.20000000000002 0.6
      vertex 33.46 171.2 1.29
      vertex 33.46 170.8 1.117499999999997
    endloop
  endfacet
  facet normal 1 0 0
    outer loop
      vertex 33.46 170.4 1.29
      vertex 33.46 170.8 1.117499999999997
      vertex 33.46 170.8 1.29
    endloop
  endfacet
  facet normal 1 0 0
    outer loop
      vertex 33.46 170.8 1.117499999999997
      vertex 33.46 171.2 1.29
      vertex 33.46 170.8 1.29
    endloop
  endfacet
  facet normal 0 1.708035422500226e-16 -1
    outer loop
      vertex 12.25 169.1 1.2899999999999998
      vertex 12.25 170.4 1.29
      vertex 33.46 169.1 1.2899999999999998
    endloop
  endfacet
  facet normal 3.4891228078770925e-15 5.709718412307502e-14 -1
    outer loop
      vertex 33.46 169.1 1.2899999999999998
      vertex 12.25 170.4 1.29
      vertex 33.46 169.10388888888892 1.29
    endloop
  endfacet
  facet normal 0 0 -1
    outer loop
      vertex 33.46 169.10388888888892 1.29
      vertex 12.25 170.4 1.29
      vertex 33.46 170.4 1.29
    endloop
  endfacet
  facet normal 0 -1 0
    outer loop
      vertex 12.25 169.1 1.2899999999999998
      vertex 33.46 169.1 1.2899999999999998
      vertex 33.46 169.1 2.0999999999999996
    endloop
  endfacet
  facet normal 1 0 0
    outer loop
      vertex 33.46 169.1 1.2899999999999998
      vertex 33.46 169.10388888888892 1.29
      vertex 33.46 169.10388888888892 2.0999999999999996
    endloop
  endfacet
  facet normal 0 -1 3.508853016099261e-14
    outer loop
      vertex 12.25 169.1 1.2899999999999998
      vertex 33.45 169.10000000000002 2.0999999999999996
      vertex 12.25 169.10000000000002 2.0999999999999996
    endloop
  endfacet
  facet normal -2.842170943041381e-12 -1 7.4422772471491e-11
    outer loop
      vertex 12.25 169.1 1.2899999999999998
      vertex 33.46 169.1 2.0999999999999996
      vertex 33.45 169.10000000000002 2.0999999999999996
    endloop
  endfacet
  facet normal 1 0 0
    outer loop
      vertex 33.46 169.1 1.2899999999999998
      vertex 33.46 169.10388888888892 2.0999999999999996
      vertex 33.46 169.1 2.0999999999999996
    endloop
  endfacet
  facet normal 0 0 1
    outer loop
      vertex 33.45 169.10000000000002 2.0999999999999996
      vertex 33.46 169.1 2.0999999999999996
      vertex 33.46 169.10388888888892 2.0999999999999996
    endloop
  endfacet
  facet normal 0 0 -1
    outer loop
      vertex 33.46 169.10388888888892 1.29
      vertex 33.46 170.4 1.29
      vertex 37.95 171.20000000000002 1.29
    endloop
  endfacet
  facet normal 0 0 -1
    outer loop
      vertex 33.46 169.10388888888892 1.29
      vertex 37.95 171.20000000000002 1.29
      vertex 37.82142857142855 170.8 1.29
    endloop
  endfacet
  facet normal 0 0 -1
    outer loop
      vertex 33.46 170.4 1.29
      vertex 33.46 170.8 1.29
      vertex 37.451111111111054 171.20000000000002 1.29
    endloop
  endfacet
  facet normal 0 0 -1
    outer loop
      vertex 33.46 170.4 1.29
      vertex 37.451111111111054 171.20000000000002 1.29
      vertex 37.82142857142855 171.20000000000002 1.29
    endloop
  endfacet
  facet normal 0 0 -1
    outer loop
      vertex 33.46 170.4 1.29
      vertex 37.82142857142855 171.20000000000002 1.29
      vertex 37.95 171.20000000000002 1.29
    endloop
  endfacet
  facet normal 0.36244626115494694 -0.9320046715412964 0
    outer loop
      vertex 33.46 169.10388888888892 1.29
      vertex 37.82142857142855 170.8 1.29
      vertex 33.46 169.10388888888892 2.0999999999999996
    endloop
  endfacet
  facet normal 0 0 -1
    outer loop
      vertex 37.82142857142855 170.8 1.29
      vertex 37.95 171.20000000000002 1.29
      vertex 37.95 170.85000000000002 1.29
    endloop
  endfacet
  facet normal 1 0 0
    outer loop
      vertex 37.95 170.85000000000002 1.29
      vertex 37.95 171.20000000000002 1.29
      vertex 37.95 171.15 1.4071428571428857
    endloop
  endfacet
  facet normal 0 1 0
    outer loop
      vertex 37.82142857142855 171.20000000000002 1.29
      vertex 37.95 171.20000000000002 2.1100000000000003
      vertex 37.95 171.20000000000002 1.29
    endloop
  endfacet
  facet normal 1 0 0
    outer loop
      vertex 37.95 170.85000000000002 1.29
      vertex 37.95 171.15 1.4071428571428857
      vertex 37.95 170.85000000000002 2.1100000000000003
    endloop
  endfacet
  facet normal 1 0 0
    outer loop
      vertex 37.95 171.20000000000002 1.29
      vertex 37.95 171.20000000000002 2.1100000000000003
      vertex 37.95 171.15 1.4071428571428857
    endloop
  endfacet
  facet normal 0 -1 0
    outer loop
      vertex 12.25 169.10000000000002 2.0999999999999996
      vertex 33.45 169.10000000000002 2.1100000000000003
      vertex 12.25 169.10000000000002 2.1100000000000003
    endloop
  endfacet
  facet normal 0 0 1
    outer loop
      vertex 12.25 169.10000000000002 2.1100000000000003
      vertex 37.212857142856976 170.8 2.1100000000000003
      vertex 12.25 170.8001698204755 2.1100000000000003
    endloop
  endfacet
  facet normal 0 -1 0
    outer loop
      vertex 12.25 169.10000000000002 2.0999999999999996
      vertex 33.45 169.10000000000002 2.0999999999999996
      vertex 33.45 169.10000000000002 2.1100000000000003
    endloop
  endfacet
  facet normal 0 0 1
    outer loop
      vertex 12.25 169.10000000000002 2.1100000000000003
      vertex 33.45 169.10000000000002 2.1100000000000003
      vertex 37.212857142856976 170.8 2.1100000000000003
    endloop
  endfacet
  facet normal 0.362446261154823 -0.9320046715413448 -7.661097982244942e-13
    outer loop
      vertex 37.82142857142855 170.8 1.29
      vertex 33.45 169.10000000000002 2.1100000000000003
      vertex 33.46 169.10388888888892 2.0999999999999996
    endloop
  endfacet
  facet normal 0.3624462611549482 -0.932004671541296 0
    outer loop
      vertex 37.82142857142855 170.8 1.29
      vertex 37.82142857142855 170.8 2.1100000000000003
      vertex 33.45 169.10000000000002 2.1100000000000003
    endloop
  endfacet
  facet normal 0.3624462611554917 -0.9320046715410847 0
    outer loop
      vertex 33.45 169.10000000000002 2.0999999999999996
      vertex 33.46 169.10388888888892 2.0999999999999996
      vertex 33.45 169.10000000000002 2.1100000000000003
    endloop
  endfacet
  facet normal 0 0 1
    outer loop
      vertex 33.45 169.10000000000002 2.1100000000000003
      vertex 37.82142857142855 170.8 2.1100000000000003
      vertex 37.212857142856976 170.8 2.1100000000000003
    endloop
  endfacet
  facet normal 0 0 1
    outer loop
      vertex 12.25 170.8001698204755 2.1100000000000003
      vertex 37.212857142856976 170.8 2.1100000000000003
      vertex 37.85645395213921 170.84365482233505 2.1100000000000003
    endloop
  endfacet
  facet normal 0 1 0
    outer loop
      vertex 37.82142857142855 171.20000000000002 1.29
      vertex 37.82142857142855 171.20000000000002 2.1100000000000003
      vertex 37.95 171.20000000000002 2.1100000000000003
    endloop
  endfacet
  facet normal 1 0 0
    outer loop
      vertex 37.95 171.15 1.4071428571428857
      vertex 37.95 171.20000000000002 2.1100000000000003
      vertex 37.95 171.15 2.1100000000000003
    endloop
  endfacet
  facet normal 0 0 1
    outer loop
      vertex 37.85645395213921 170.84365482233505 2.1100000000000003
      vertex 37.95 170.85000000000002 2.1100000000000003
      vertex 37.83964927288278 170.85149700598805 2.1100000000000003
    endloop
  endfacet
  facet normal 0 0 1
    outer loop
      vertex 37.82142857142855 171.20000000000002 2.1100000000000003
      vertex 37.95 171.15 2.1100000000000003
      vertex 37.95 171.20000000000002 2.1100000000000003
    endloop
  endfacet
  facet normal 0 1 0
    outer loop
      vertex 41.25 161.20000000000002 0.6
      vertex 47.25 161.20000000000002 1.4
      vertex 47.25 161.20000000000002 0.6
    endloop
  endfacet
  facet normal 0 1 0
    outer loop
      vertex 41.25 161.20000000000002 0.6
      vertex 41.25 161.20000000000002 1.4
      vertex 47.25 161.20000000000002 1.4
    endloop
  endfacet
  facet normal 0 0 1
    outer loop
      vertex 41.25 161.20000000000002 1.4
      vertex 41.25 160.42000000000002 1.4
      vertex 47.25 160.42000000000002 1.4
    endloop
  endfacet
  facet normal 0 0 1
    outer loop
      vertex 41.25 161.20000000000002 1.4
      vertex 47.25 160.42000000000002 1.4
      vertex 47.25 161.20000000000002 1.4
    endloop
  endfacet
  facet normal 0 -1 0
    outer loop
      vertex 41.25 169.79999999999998 0.6
      vertex 47.25 169.79999999999998 0.6
      vertex 41.25 169.79999999999998 1.4
    endloop
  endfacet
  facet normal 0 -1 0
    outer loop
      vertex 47.25 169.79999999999998 0.6
      vertex 47.25 169.79999999999998 1.4
      vertex 41.25 169.79999999999998 1.4
    endloop
  endfacet
  facet normal 0 0 1
    outer loop
      vertex 41.25 169.79999999999998 1.4
      vertex 47.25 169.79999999999998 1.4
      vertex 41.25 170.58 1.4
    endloop
  endfacet
  facet normal 0 0 1
    outer loop
      vertex 47.25 169.79999999999998 1.4
      vertex 47.25 170.58 1.4
      vertex 41.25 170.58 1.4
    endloop
  endfacet
  facet normal -1 0 0
    outer loop
      vertex 47.25 161.20000000000002 1.4
      vertex 47.25 160.42000000000002 1.4
      vertex 47.25 160.42000000000002 2.6499999999999995
    endloop
  endfacet
  facet normal -1 0 0
    outer loop
      vertex 47.25 161.20000000000002 1.4
      vertex 47.25 160.42000000000002 2.6499999999999995
      vertex 47.25 161.20000000000002 2.63
    endloop
  endfacet
  facet normal -1 0 0
    outer loop
      vertex 47.25 161.20000000000002 2.63
      vertex 47.25 160.42000000000002 2.6499999999999995
      vertex 47.25 161.20000000000002 2.6499999999999995
    endloop
  endfacet
  facet normal 0 1 0
    outer loop
      vertex 47.25 161.20000000000002 0.6
      vertex 47.25 161.20000000000002 1.4
      vertex 146 161.20000000000002 0.6
    endloop
  endfacet
  facet normal 0 1 0
    outer loop
      vertex 47.25 161.20000000000002 1.4
      vertex 47.25 161.20000000000002 2.63
      vertex 146 161.20000000000002 0.6
    endloop
  endfacet
  facet normal 0 1 0
    outer loop
      vertex 47.25 161.20000000000002 2.63
      vertex 146 161.20000000000002 2.63
      vertex 146 161.20000000000002 0.6
    endloop
  endfacet
  facet normal -1 0 0
    outer loop
      vertex 47.25 161.20000000000002 2.63
      vertex 47.25 161.20000000000002 2.6499999999999995
      vertex 47.25 162.5 2.63
    endloop
  endfacet
  facet normal -1 0 0
    outer loop
      vertex 47.25 162.5 2.63
      vertex 47.25 161.20000000000002 2.6499999999999995
      vertex 47.25 162.5 3.44
    endloop
  endfacet
  facet normal -1 0 0
    outer loop
      vertex 47.25 160.4 3.44
      vertex 47.25 160.42000000000002 2.6499999999999995
      vertex 47.25 160.4 2.6499999999999995
    endloop
  endfacet
  facet normal -1 0 0
    outer loop
      vertex 47.25 161.20000000000002 2.6499999999999995
      vertex 47.25 160.42000000000002 2.6499999999999995
      vertex 47.25 160.4 3.44
    endloop
  endfacet
  facet normal -1 0 0
    outer loop
      vertex 47.25 161.20000000000002 2.6499999999999995
      vertex 47.25 160.4 3.44
      vertex 47.25 162.5 3.44
    endloop
  endfacet
  facet normal 0 0 -1
    outer loop
      vertex 47.25 161.20000000000002 2.63
      vertex 47.25 162.5 2.63
      vertex 146 161.20000000000002 2.63
    endloop
  endfacet
  facet normal 0 1 0
    outer loop
      vertex 47.25 162.5 2.63
      vertex 47.25 162.5 3.44
      vertex 146 162.5 2.63
    endloop
  endfacet
  facet normal 0 -1 0
    outer loop
      vertex 47.25 160.4 3.44
      vertex 47.25 160.4 2.6499999999999995
      vertex 146 160.4 3.44
    endloop
  endfacet
  facet normal 0 0 1
    outer loop
      vertex 47.25 160.4 3.44
      vertex 146 162.5 3.44
      vertex 47.25 162.5 3.44
    endloop
  endfacet
  facet normal 0 0 -1
    outer loop
      vertex 47.25 162.5 2.63
      vertex 146 162.5 2.63
      vertex 146 161.20000000000002 2.63
    endloop
  endfacet
  facet normal 0 -1 0
    outer loop
      vertex 146 160.4 3.44
      vertex 47.25 160.4 2.6499999999999995
      vertex 146 160.4 2.6499999999999995
    endloop
  endfacet
  facet normal 0 1 0
    outer loop
      vertex 47.25 162.5 3.44
      vertex 146 162.5 3.44
      vertex 146 162.5 2.63
    endloop
  endfacet
  facet normal 0 0 1
    outer loop
      vertex 47.25 160.4 3.44
      vertex 146 160.4 3.44
      vertex 146 162.5 3.44
    endloop
  endfacet
  facet normal -1 0 0
    outer loop
      vertex 47.25 169.79999999999998 1.4
      vertex 47.25 169.79999999999998 2.63
      vertex 47.25 170.58 1.4
    endloop
  endfacet
  facet normal -1 0 0
    outer loop
      vertex 47.25 169.79999999999998 2.63
      vertex 47.25 169.79999999999998 2.6499999999999995
      vertex 47.25 170.58 1.4
    endloop
  endfacet
  facet normal -1 0 0
    outer loop
      vertex 47.25 169.79999999999998 2.6499999999999995
      vertex 47.25 170.58 2.6499999999999995
      vertex 47.25 170.58 1.4
    endloop
  endfacet
  facet normal 0 -1 0
    outer loop
      vertex 47.25 169.79999999999998 0.6
      vertex 146 169.79999999999998 0.6
      vertex 47.25 169.79999999999998 1.4
    endloop
  endfacet
  facet normal 0 -1 0
    outer loop
      vertex 47.25 169.79999999999998 1.4
      vertex 146 169.79999999999998 0.6
      vertex 47.25 169.79999999999998 2.63
    endloop
  endfacet
  facet normal 0 -1 0
    outer loop
      vertex 47.25 169.79999999999998 2.63
      vertex 146 169.79999999999998 0.6
      vertex 146 169.79999999999998 2.63
    endloop
  endfacet
  facet normal -1 0 0
    outer loop
      vertex 47.25 168.49999999999997 2.63
      vertex 47.25 169.79999999999998 2.6499999999999995
      vertex 47.25 169.79999999999998 2.63
    endloop
  endfacet
  facet normal -1 0 0
    outer loop
      vertex 47.25 168.49999999999997 2.63
      vertex 47.25 170.59999999999997 3.44
      vertex 47.25 169.79999999999998 2.6499999999999995
    endloop
  endfacet
  facet normal -1 0 0
    outer loop
      vertex 47.25 169.79999999999998 2.6499999999999995
      vertex 47.25 170.59999999999997 3.44
      vertex 47.25 170.58 2.6499999999999995
    endloop
  endfacet
  facet normal -1 0 0
    outer loop
      vertex 47.25 170.59999999999997 3.44
      vertex 47.25 170.6 2.6499999999999995
      vertex 47.25 170.58 2.6499999999999995
    endloop
  endfacet
  facet normal -1 0 0
    outer loop
      vertex 47.25 168.49999999999997 2.63
      vertex 47.25 168.49999999999997 3.44
      vertex 47.25 170.59999999999997 3.44
    endloop
  endfacet
  facet normal 0 0 -1
    outer loop
      vertex 47.25 168.49999999999997 2.63
      vertex 47.25 169.79999999999998 2.63
      vertex 146 168.49999999999997 2.63
    endloop
  endfacet
  facet normal 0 1 3.5976847380258214e-14
    outer loop
      vertex 47.25 170.59999999999997 3.44
      vertex 146 170.6 2.6499999999999995
      vertex 47.25 170.6 2.6499999999999995
    endloop
  endfacet
  facet normal 0 -1 0
    outer loop
      vertex 47.25 168.49999999999997 2.63
      vertex 146 168.49999999999997 3.44
      vertex 47.25 168.49999999999997 3.44
    endloop
  endfacet
  facet normal 0 0 1
    outer loop
      vertex 47.25 168.49999999999997 3.44
      vertex 146 170.59999999999997 3.44
      vertex 47.25 170.59999999999997 3.44
    endloop
  endfacet
  facet normal 0 0 -1
    outer loop
      vertex 47.25 169.79999999999998 2.63
      vertex 146 169.79999999999998 2.63
      vertex 146 168.49999999999997 2.63
    endloop
  endfacet
  facet normal 0 -1 0
    outer loop
      vertex 47.25 168.49999999999997 2.63
      vertex 146 168.49999999999997 2.63
      vertex 146 168.49999999999997 3.44
    endloop
  endfacet
  facet normal 0 1 3.5976847380258214e-14
    outer loop
      vertex 47.25 170.59999999999997 3.44
      vertex 146 170.59999999999997 3.44
      vertex 146 170.6 2.6499999999999995
    endloop
  endfacet
  facet normal 0 0 1
    outer loop
      vertex 47.25 168.49999999999997 3.44
      vertex 146 168.49999999999997 3.44
      vertex 146 170.59999999999997 3.44
    endloop
  endfacet
  facet normal -1 0 0
    outer loop
      vertex 40.05 160.42000000000002 0.6
      vertex 40.05 160.42000000000002 1.5559585492227979
      vertex 40.05 170.58 0.6
    endloop
  endfacet
  facet normal 1 0 0
    outer loop
      vertex 41.25 161.20000000000002 0.6
      vertex 41.25 169.79999999999998 0.6
      vertex 41.25 161.20000000000002 1.4
    endloop
  endfacet
  facet normal 1 0 0
    outer loop
      vertex 41.25 169.79999999999998 0.6
      vertex 41.25 169.79999999999998 1.4
      vertex 41.25 161.20000000000002 1.4
    endloop
  endfacet
  facet normal -1 0 0
    outer loop
      vertex 40.05 170.58133462882827 2.396706110969699
      vertex 40.05 170.6 0.6380118465103873
      vertex 40.05 170.58407766990294 0.6
    endloop
  endfacet
  facet normal -1 0 0
    outer loop
      vertex 40.05 160.4 2.4
      vertex 40.05 170.58 0.6
      vertex 40.05 160.42000000000002 1.5559585492227979
    endloop
  endfacet
  facet normal 1 0 0
    outer loop
      vertex 41.25 161.20000000000002 1.4
      vertex 41.25 160.42000000000002 2.4
      vertex 41.25 160.42000000000002 1.4
    endloop
  endfacet
  facet normal 1 0 0
    outer loop
      vertex 41.25 169.79999999999998 1.4
      vertex 41.25 160.42000000000002 2.4
      vertex 41.25 161.20000000000002 1.4
    endloop
  endfacet
  facet normal -1 0 0
    outer loop
      vertex 40.05 170.58 0.6
      vertex 40.05 160.4 2.4
      vertex 40.05 160.42000000000002 2.4
    endloop
  endfacet
  facet normal -1 0 0
    outer loop
      vertex 40.05 160.4 2.4
      vertex 40.05 160.42000000000002 1.5559585492227979
      vertex 40.05 160.4 1.5450955891540614
    endloop
  endfacet
  facet normal -1 0 0
    outer loop
      vertex 40.05 160.42000000000002 2.4
      vertex 40.05 170.58 2.4
      vertex 40.05 170.58 0.6
    endloop
  endfacet
  facet normal 1 0 0
    outer loop
      vertex 41.25 169.79999999999998 1.4
      vertex 41.25 170.58 1.4
      vertex 41.25 170.58 2.4
    endloop
  endfacet
  facet normal -1 0 0
    outer loop
      vertex 40.05 170.6 2.4
      vertex 40.05 170.6 0.6380118465103873
      vertex 40.05 170.58133462882827 2.396706110969699
    endloop
  endfacet
  facet normal 1 0 0
    outer loop
      vertex 41.25 169.79999999999998 1.4
      vertex 41.25 170.58 2.4
      vertex 41.25 160.42000000000002 2.4
    endloop
  endfacet
  facet normal 0 0 1
    outer loop
      vertex 41.25 160.42000000000002 2.4
      vertex 40.05 170.58 2.4
      vertex 40.05 160.42000000000002 2.4
    endloop
  endfacet
  facet normal 0 0 1
    outer loop
      vertex 41.25 160.42000000000002 2.4
      vertex 41.25 170.58 2.4
      vertex 40.05 170.58 2.4
    endloop
  endfacet
  facet normal -1 0 0
    outer loop
      vertex 40.05 170.6 2.4
      vertex 40.05 170.58133462882827 2.396706110969699
      vertex 40.05 170.58 2.4
    endloop
  endfacet
  facet normal 0 1 0
    outer loop
      vertex 33.46 171.60000000000002 0.6
      vertex 12.25 171.60000000000002 0.6
      vertex 33.46 171.60000000000002 1.29
    endloop
  endfacet
  facet normal 1 0 0
    outer loop
      vertex 33.46 170.8 0.6
      vertex 33.46 171.20000000000002 0.6
      vertex 33.46 170.8 1.117499999999997
    endloop
  endfacet
  facet normal 1 0 0
    outer loop
      vertex 33.46 171.20000000000002 0.6
      vertex 33.46 171.60000000000002 0.6
      vertex 33.46 171.60000000000002 1.29
    endloop
  endfacet
  facet normal 0 1 0
    outer loop
      vertex 12.25 171.60000000000002 1.2899999999999998
      vertex 33.46 171.60000000000002 1.29
      vertex 12.25 171.60000000000002 0.6
    endloop
  endfacet
  facet normal 1 0 0
    outer loop
      vertex 33.46 171.20000000000002 0.6
      vertex 33.46 171.60000000000002 1.29
      vertex 33.46 171.2 1.29
    endloop
  endfacet
  facet normal 1.0468863975720476e-17 0 -1
    outer loop
      vertex 12.25 171.60000000000002 1.2899999999999998
      vertex 12.25 172.9 1.2899999999999998
      vertex 33.46 171.60000000000002 1.29
    endloop
  endfacet
  facet normal 1.0468863975720475e-17 0 -1
    outer loop
      vertex 12.25 172.9 1.2899999999999998
      vertex 33.46 172.8961111111111 1.29
      vertex 33.46 171.60000000000002 1.29
    endloop
  endfacet
  facet normal 0 -5.70971841234923e-14 -1
    outer loop
      vertex 12.25 172.9 1.2899999999999998
      vertex 33.46 172.9 1.2899999999999998
      vertex 33.46 172.8961111111111 1.29
    endloop
  endfacet
  facet normal 0 1 0
    outer loop
      vertex 12.25 172.9 1.2899999999999998
      vertex 12.25 172.9 2.0999999999999996
      vertex 33.46 172.9 1.2899999999999998
    endloop
  endfacet
  facet normal 1 0 0
    outer loop
      vertex 33.46 172.8961111111111 1.29
      vertex 33.46 172.9 1.2899999999999998
      vertex 33.46 172.9 2.0999999999999996
    endloop
  endfacet
  facet normal 0 1 0
    outer loop
      vertex 33.46 172.9 1.2899999999999998
      vertex 12.25 172.9 2.0999999999999996
      vertex 33.45 172.9 2.0999999999999996
    endloop
  endfacet
  facet normal 0 1 0
    outer loop
      vertex 33.46 172.9 1.2899999999999998
      vertex 33.45 172.9 2.0999999999999996
      vertex 33.46 172.9 2.0999999999999996
    endloop
  endfacet
  facet normal 1 0 0
    outer loop
      vertex 33.46 172.8961111111111 1.29
      vertex 33.46 172.9 2.0999999999999996
      vertex 33.46 172.8961111111111 2.0999999999999996
    endloop
  endfacet
  facet normal 0 0 1
    outer loop
      vertex 33.45 172.9 2.0999999999999996
      vertex 33.46 172.8961111111111 2.0999999999999996
      vertex 33.46 172.9 2.0999999999999996
    endloop
  endfacet
  facet normal 0 0 -1
    outer loop
      vertex 33.46 170.8 1.29
      vertex 33.46 171.2 1.29
      vertex 37.451111111111054 171.20000000000002 1.29
    endloop
  endfacet
  facet normal 0 0 -1
    outer loop
      vertex 33.46 171.2 1.29
      vertex 33.46 171.60000000000002 1.29
      vertex 37.451111111111054 171.20000000000002 1.29
    endloop
  endfacet
  facet normal 0 0 -1
    outer loop
      vertex 33.46 171.60000000000002 1.29
      vertex 33.46 172.8961111111111 1.29
      vertex 37.451111111111054 171.20000000000002 1.29
    endloop
  endfacet
  facet normal 0 0 -1
    outer loop
      vertex 33.46 172.8961111111111 1.29
      vertex 37.82142857142855 171.20000000000002 1.29
      vertex 37.451111111111054 171.20000000000002 1.29
    endloop
  endfacet
  facet normal 0.36244626115494694 0.9320046715412964 0
    outer loop
      vertex 33.46 172.8961111111111 1.29
      vertex 33.46 172.8961111111111 2.0999999999999996
      vertex 37.82142857142855 171.20000000000002 1.29
    endloop
  endfacet
  facet normal 0 0 -1
    outer loop
      vertex 37.82142857142855 170.8 1.29
      vertex 37.95 170.85000000000002 1.29
      vertex 37.95 170.8 1.29
    endloop
  endfacet
  facet normal 0 -1 0
    outer loop
      vertex 37.82142857142855 170.8 1.29
      vertex 37.95 170.8 1.29
      vertex 37.95 170.8 2.1100000000000003
    endloop
  endfacet
  facet normal 1 0 0
    outer loop
      vertex 37.95 170.8 1.29
      vertex 37.95 170.85000000000002 1.29
      vertex 37.95 170.85000000000002 2.1100000000000003
    endloop
  endfacet
  facet normal 0 0 1
    outer loop
      vertex 12.25 170.8001698204755 2.1100000000000003
      vertex 33.45 172.9 2.1100000000000003
      vertex 12.25 172.9 2.1100000000000003
    endloop
  endfacet
  facet normal 0 1 0
    outer loop
      vertex 12.25 172.9 2.0999999999999996
      vertex 12.25 172.9 2.1100000000000003
      vertex 33.45 172.9 2.0999999999999996
    endloop
  endfacet
  facet normal 0 1 0
    outer loop
      vertex 12.25 172.9 2.1100000000000003
      vertex 33.45 172.9 2.1100000000000003
      vertex 33.45 172.9 2.0999999999999996
    endloop
  endfacet
  facet normal 0.3624462611548211 0.9320046715413455 -7.732311146303184e-13
    outer loop
      vertex 37.82142857142855 171.20000000000002 1.29
      vertex 33.46 172.8961111111111 2.0999999999999996
      vertex 33.45 172.9 2.1100000000000003
    endloop
  endfacet
  facet normal 0.3624462611549482 0.932004671541296 0
    outer loop
      vertex 37.82142857142855 171.20000000000002 1.29
      vertex 33.45 172.9 2.1100000000000003
      vertex 37.82142857142855 171.20000000000002 2.1100000000000003
    endloop
  endfacet
  facet normal 0 0 1
    outer loop
      vertex 12.25 170.8001698204755 2.1100000000000003
      vertex 37.83964927288278 170.85149700598805 2.1100000000000003
      vertex 33.45 172.9 2.1100000000000003
    endloop
  endfacet
  facet normal 0 0 1
    outer loop
      vertex 12.25 170.8001698204755 2.1100000000000003
      vertex 37.85645395213921 170.84365482233505 2.1100000000000003
      vertex 37.83964927288278 170.85149700598805 2.1100000000000003
    endloop
  endfacet
  facet normal 0.3624462611554917 0.9320046715410847 0
    outer loop
      vertex 33.45 172.9 2.0999999999999996
      vertex 33.45 172.9 2.1100000000000003
      vertex 33.46 172.8961111111111 2.0999999999999996
    endloop
  endfacet
  facet normal 0 0 1
    outer loop
      vertex 33.45 172.9 2.1100000000000003
      vertex 37.83964927288278 170.85149700598805 2.1100000000000003
      vertex 37.82142857142855 171.20000000000002 2.1100000000000003
    endloop
  endfacet
  facet normal 0 -1 0
    outer loop
      vertex 37.82142857142855 170.8 1.29
      vertex 37.95 170.8 2.1100000000000003
      vertex 37.82142857142855 170.8 2.1100000000000003
    endloop
  endfacet
  facet normal 1 0 0
    outer loop
      vertex 37.95 170.8 1.29
      vertex 37.95 170.85000000000002 2.1100000000000003
      vertex 37.95 170.8 2.1100000000000003
    endloop
  endfacet
  facet normal 1 0 0
    outer loop
      vertex 37.95 171.15 1.4071428571428857
      vertex 37.95 171.15 2.1100000000000003
      vertex 37.95 170.85000000000002 2.1100000000000003
    endloop
  endfacet
  facet normal 0 0 1
    outer loop
      vertex 37.212857142856976 170.8 2.1100000000000003
      vertex 37.82142857142855 170.8 2.1100000000000003
      vertex 37.85645395213921 170.84365482233505 2.1100000000000003
    endloop
  endfacet
  facet normal 0 0 1
    outer loop
      vertex 37.82142857142855 170.8 2.1100000000000003
      vertex 37.95 170.8 2.1100000000000003
      vertex 37.85645395213921 170.84365482233505 2.1100000000000003
    endloop
  endfacet
  facet normal 0 0 1
    outer loop
      vertex 37.85645395213921 170.84365482233505 2.1100000000000003
      vertex 37.95 170.8 2.1100000000000003
      vertex 37.95 170.85000000000002 2.1100000000000003
    endloop
  endfacet
  facet normal 0 0 1
    outer loop
      vertex 37.83964927288278 170.85149700598805 2.1100000000000003
      vertex 37.95 170.85000000000002 2.1100000000000003
      vertex 37.95 171.15 2.1100000000000003
    endloop
  endfacet
  facet normal 0 0 1
    outer loop
      vertex 37.83964927288278 170.85149700598805 2.1100000000000003
      vertex 37.95 171.15 2.1100000000000003
      vertex 37.82142857142855 171.20000000000002 2.1100000000000003
    endloop
  endfacet
  facet normal 0 -1 0
    outer loop
      vertex 12.25 181.4 0.6
      vertex 33.46 181.4 0.6
      vertex 33.46 181.4 1.29
    endloop
  endfacet
  facet normal 1 0 0
    outer loop
      vertex 33.46 181.4 0.6
      vertex 33.46 182.20000000000002 0.6
      vertex 33.46 181.4 1.29
    endloop
  endfacet
  facet normal 0 -1 0
    outer loop
      vertex 33.46 181.4 1.29
      vertex 12.25 181.4 1.29
      vertex 12.25 181.4 0.6
    endloop
  endfacet
  facet normal 1 0 0
    outer loop
      vertex 33.46 182.20000000000002 0.6
      vertex 33.46 181.8 1.29
      vertex 33.46 181.4 1.29
    endloop
  endfacet
  facet normal 1 0 0
    outer loop
      vertex 33.46 182.20000000000002 0.6
      vertex 33.46 182.2 1.29
      vertex 33.46 181.8 1.29
    endloop
  endfacet
  facet normal 0 1.708035422500226e-16 -1
    outer loop
      vertex 12.25 180.1 1.2899999999999998
      vertex 12.25 181.4 1.29
      vertex 33.46 180.1 1.2899999999999998
    endloop
  endfacet
  facet normal 3.4891228078770925e-15 5.709718412307502e-14 -1
    outer loop
      vertex 33.46 180.1 1.2899999999999998
      vertex 12.25 181.4 1.29
      vertex 33.46 180.10388888888892 1.29
    endloop
  endfacet
  facet normal 0 0 -1
    outer loop
      vertex 33.46 180.10388888888892 1.29
      vertex 12.25 181.4 1.29
      vertex 33.46 181.4 1.29
    endloop
  endfacet
  facet normal 0 -1 0
    outer loop
      vertex 12.25 180.1 1.2899999999999998
      vertex 33.46 180.1 1.2899999999999998
      vertex 33.46 180.1 2.0999999999999996
    endloop
  endfacet
  facet normal 1 0 0
    outer loop
      vertex 33.46 180.1 1.2899999999999998
      vertex 33.46 180.10388888888892 1.29
      vertex 33.46 180.10388888888892 2.0999999999999996
    endloop
  endfacet
  facet normal 0 -1 3.508853016099261e-14
    outer loop
      vertex 12.25 180.1 1.2899999999999998
      vertex 33.45 180.10000000000002 2.0999999999999996
      vertex 12.25 180.10000000000002 2.0999999999999996
    endloop
  endfacet
  facet normal -2.842170943041381e-12 -1 7.4422772471491e-11
    outer loop
      vertex 12.25 180.1 1.2899999999999998
      vertex 33.46 180.1 2.0999999999999996
      vertex 33.45 180.10000000000002 2.0999999999999996
    endloop
  endfacet
  facet normal 1 0 0
    outer loop
      vertex 33.46 180.1 1.2899999999999998
      vertex 33.46 180.10388888888892 2.0999999999999996
      vertex 33.46 180.1 2.0999999999999996
    endloop
  endfacet
  facet normal 0 0 1
    outer loop
      vertex 33.45 180.10000000000002 2.0999999999999996
      vertex 33.46 180.1 2.0999999999999996
      vertex 33.46 180.10388888888892 2.0999999999999996
    endloop
  endfacet
  facet normal 0 0 -1
    outer loop
      vertex 33.46 180.10388888888892 1.29
      vertex 33.46 181.4 1.29
      vertex 37.09317519215477 181.8 1.29
    endloop
  endfacet
  facet normal 0 0 -1
    outer loop
      vertex 33.46 181.4 1.29
      vertex 33.46 181.8 1.29
      vertex 37.82142857142855 182.1399777282851 1.29
    endloop
  endfacet
  facet normal 0 0 -1
    outer loop
      vertex 33.46 180.10388888888892 1.29
      vertex 37.09317519215477 181.8 1.29
      vertex 37.82142857142855 181.8 1.29
    endloop
  endfacet
  facet normal 0 0 -1
    outer loop
      vertex 33.46 181.4 1.29
      vertex 37.82142857142855 182.1399777282851 1.29
      vertex 37.09317519215477 181.8 1.29
    endloop
  endfacet
  facet normal 0.362446261154947 -0.9320046715412965 -6.223992421346986e-17
    outer loop
      vertex 33.46 180.10388888888892 1.29
      vertex 37.82142857142855 181.8 1.29
      vertex 37.82142857142855 181.8 2.1100000000000003
    endloop
  endfacet
  facet normal 0 0 -1
    outer loop
      vertex 37.82142857142855 182.20000000000002 1.29
      vertex 37.95 182.20000000000002 1.29
      vertex 37.95 182.15 1.29
    endloop
  endfacet
  facet normal 1 0 0
    outer loop
      vertex 37.95 182.20000000000002 1.29
      vertex 37.95 182.15 1.4071428571428857
      vertex 37.95 182.15 1.29
    endloop
  endfacet
  facet normal 1 0 0
    outer loop
      vertex 37.95 181.85000000000002 1.29
      vertex 37.95 182.15 1.29
      vertex 37.95 181.85000000000002 2.1100000000000003
    endloop
  endfacet
  facet normal 1 0 0
    outer loop
      vertex 37.95 182.15 1.29
      vertex 37.95 182.15 1.4071428571428857
      vertex 37.95 181.85000000000002 2.1100000000000003
    endloop
  endfacet
  facet normal 0 1 0
    outer loop
      vertex 37.82142857142855 182.20000000000002 1.29
      vertex 37.82142857142855 182.20000000000002 2.1100000000000003
      vertex 37.95 182.20000000000002 1.29
    endloop
  endfacet
  facet normal 1 0 0
    outer loop
      vertex 37.95 182.20000000000002 1.29
      vertex 37.95 182.20000000000002 2.1100000000000003
      vertex 37.95 182.15 1.4071428571428857
    endloop
  endfacet
  facet normal 0 0 1
    outer loop
      vertex 12.25 180.10000000000002 2.1100000000000003
      vertex 16.207142857142927 182.20000000000002 2.1100000000000003
      vertex 12.25 181.8098591549296 2.1100000000000003
    endloop
  endfacet
  facet normal 0 -1 0
    outer loop
      vertex 12.25 180.10000000000002 2.0999999999999996
      vertex 33.45 180.10000000000002 2.1100000000000003
      vertex 12.25 180.10000000000002 2.1100000000000003
    endloop
  endfacet
  facet normal 0 0 1
    outer loop
      vertex 12.25 180.10000000000002 2.1100000000000003
      vertex 37.092857142857135 182.20000000000002 2.1100000000000003
      vertex 16.207142857142927 182.20000000000002 2.1100000000000003
    endloop
  endfacet
  facet normal 0 -1 0
    outer loop
      vertex 12.25 180.10000000000002 2.0999999999999996
      vertex 33.45 180.10000000000002 2.0999999999999996
      vertex 33.45 180.10000000000002 2.1100000000000003
    endloop
  endfacet
  facet normal 0.36244626115494694 -0.9320046715412964 0
    outer loop
      vertex 33.46 180.10388888888892 1.29
      vertex 37.82142857142855 181.8 2.1100000000000003
      vertex 33.46 180.10388888888892 2.0999999999999996
    endloop
  endfacet
  facet normal 0 0 1
    outer loop
      vertex 12.25 180.10000000000002 2.1100000000000003
      vertex 33.45 180.10000000000002 2.1100000000000003
      vertex 37.82142857142855 181.8 2.1100000000000003
    endloop
  endfacet
  facet normal 0 0 1
    outer loop
      vertex 12.25 180.10000000000002 2.1100000000000003
      vertex 37.82142857142855 181.8 2.1100000000000003
      vertex 37.89155844155843 181.82727272727274 2.1100000000000003
    endloop
  endfacet
  facet normal 0 0 1
    outer loop
      vertex 12.25 180.10000000000002 2.1100000000000003
      vertex 37.89155844155843 181.82727272727274 2.1100000000000003
      vertex 37.95 181.85000000000002 2.1100000000000003
    endloop
  endfacet
  facet normal 0 0 1
    outer loop
      vertex 12.25 180.10000000000002 2.1100000000000003
      vertex 37.95 181.85000000000002 2.1100000000000003
      vertex 37.092857142857135 182.20000000000002 2.1100000000000003
    endloop
  endfacet
  facet normal 0.3624462611554917 -0.9320046715410847 0
    outer loop
      vertex 33.45 180.10000000000002 2.0999999999999996
      vertex 33.46 180.10388888888892 2.0999999999999996
      vertex 33.45 180.10000000000002 2.1100000000000003
    endloop
  endfacet
  facet normal 0.36244626115494816 -0.932004671541296 -6.256602085323142e-13
    outer loop
      vertex 33.46 180.10388888888892 2.0999999999999996
      vertex 37.82142857142855 181.8 2.1100000000000003
      vertex 33.45 180.10000000000002 2.1100000000000003
    endloop
  endfacet
  facet normal 0 1 0
    outer loop
      vertex 37.95 182.20000000000002 1.29
      vertex 37.82142857142855 182.20000000000002 2.1100000000000003
      vertex 37.95 182.20000000000002 2.1100000000000003
    endloop
  endfacet
  facet normal 1 0 0
    outer loop
      vertex 37.95 182.15 1.4071428571428857
      vertex 37.95 182.20000000000002 2.1100000000000003
      vertex 37.95 182.15 2.1100000000000003
    endloop
  endfacet
  facet normal 0 0 1
    outer loop
      vertex 37.95 181.85000000000002 2.1100000000000003
      vertex 37.82142857142855 182.20000000000002 2.1100000000000003
      vertex 37.092857142857135 182.20000000000002 2.1100000000000003
    endloop
  endfacet
  facet normal 0 0 1
    outer loop
      vertex 37.95 181.85000000000002 2.1100000000000003
      vertex 37.95 182.15 2.1100000000000003
      vertex 37.82142857142855 182.20000000000002 2.1100000000000003
    endloop
  endfacet
  facet normal 0 0 1
    outer loop
      vertex 37.82142857142855 182.20000000000002 2.1100000000000003
      vertex 37.95 182.15 2.1100000000000003
      vertex 37.95 182.20000000000002 2.1100000000000003
    endloop
  endfacet
  facet normal 0 1 0
    outer loop
      vertex 41.25 172.20000000000002 0.6
      vertex 47.25 172.20000000000002 1.4
      vertex 47.25 172.20000000000002 0.6
    endloop
  endfacet
  facet normal 0 1 0
    outer loop
      vertex 41.25 172.20000000000002 0.6
      vertex 41.25 172.20000000000002 1.4
      vertex 47.25 172.20000000000002 1.4
    endloop
  endfacet
  facet normal 0 0 1
    outer loop
      vertex 41.25 172.20000000000002 1.4
      vertex 41.25 171.42000000000002 1.4
      vertex 47.25 171.42000000000002 1.4
    endloop
  endfacet
  facet normal 0 0 1
    outer loop
      vertex 41.25 172.20000000000002 1.4
      vertex 47.25 171.42000000000002 1.4
      vertex 47.25 172.20000000000002 1.4
    endloop
  endfacet
  facet normal 0 -1 0
    outer loop
      vertex 41.25 180.79999999999998 0.6
      vertex 47.25 180.79999999999998 0.6
      vertex 41.25 180.79999999999998 1.4
    endloop
  endfacet
  facet normal 0 -1 0
    outer loop
      vertex 47.25 180.79999999999998 0.6
      vertex 47.25 180.79999999999998 1.4
      vertex 41.25 180.79999999999998 1.4
    endloop
  endfacet
  facet normal 0 0 1
    outer loop
      vertex 41.25 180.79999999999998 1.4
      vertex 47.25 180.79999999999998 1.4
      vertex 41.25 181.58 1.4
    endloop
  endfacet
  facet normal 0 0 1
    outer loop
      vertex 47.25 180.79999999999998 1.4
      vertex 47.25 181.58 1.4
      vertex 41.25 181.58 1.4
    endloop
  endfacet
  facet normal -1 0 0
    outer loop
      vertex 47.25 172.20000000000002 1.4
      vertex 47.25 171.42000000000002 1.4
      vertex 47.25 171.42000000000002 2.6499999999999995
    endloop
  endfacet
  facet normal -1 0 0
    outer loop
      vertex 47.25 172.20000000000002 1.4
      vertex 47.25 171.42000000000002 2.6499999999999995
      vertex 47.25 172.20000000000002 2.63
    endloop
  endfacet
  facet normal -1 0 0
    outer loop
      vertex 47.25 172.20000000000002 2.63
      vertex 47.25 171.42000000000002 2.6499999999999995
      vertex 47.25 172.20000000000002 2.6499999999999995
    endloop
  endfacet
  facet normal 0 1 0
    outer loop
      vertex 47.25 172.20000000000002 0.6
      vertex 47.25 172.20000000000002 1.4
      vertex 146 172.20000000000002 0.6
    endloop
  endfacet
  facet normal 0 1 0
    outer loop
      vertex 47.25 172.20000000000002 1.4
      vertex 47.25 172.20000000000002 2.63
      vertex 146 172.20000000000002 0.6
    endloop
  endfacet
  facet normal 0 1 0
    outer loop
      vertex 47.25 172.20000000000002 2.63
      vertex 146 172.20000000000002 2.63
      vertex 146 172.20000000000002 0.6
    endloop
  endfacet
  facet normal -1 0 0
    outer loop
      vertex 47.25 172.20000000000002 2.63
      vertex 47.25 172.20000000000002 2.6499999999999995
      vertex 47.25 173.5 2.63
    endloop
  endfacet
  facet normal -1 0 0
    outer loop
      vertex 47.25 173.5 2.63
      vertex 47.25 172.20000000000002 2.6499999999999995
      vertex 47.25 173.5 3.44
    endloop
  endfacet
  facet normal -1 0 0
    outer loop
      vertex 47.25 171.4 3.44
      vertex 47.25 171.42000000000002 2.6499999999999995
      vertex 47.25 171.4 2.6499999999999995
    endloop
  endfacet
  facet normal -1 0 0
    outer loop
      vertex 47.25 172.20000000000002 2.6499999999999995
      vertex 47.25 171.42000000000002 2.6499999999999995
      vertex 47.25 171.4 3.44
    endloop
  endfacet
  facet normal -1 0 0
    outer loop
      vertex 47.25 172.20000000000002 2.6499999999999995
      vertex 47.25 171.4 3.44
      vertex 47.25 173.5 3.44
    endloop
  endfacet
  facet normal 0 0 -1
    outer loop
      vertex 47.25 172.20000000000002 2.63
      vertex 47.25 173.5 2.63
      vertex 146 172.20000000000002 2.63
    endloop
  endfacet
  facet normal 0 1 0
    outer loop
      vertex 47.25 173.5 2.63
      vertex 47.25 173.5 3.44
      vertex 146 173.5 2.63
    endloop
  endfacet
  facet normal 0 -1 0
    outer loop
      vertex 47.25 171.4 3.44
      vertex 47.25 171.4 2.6499999999999995
      vertex 146 171.4 3.44
    endloop
  endfacet
  facet normal 0 0 1
    outer loop
      vertex 47.25 171.4 3.44
      vertex 146 173.5 3.44
      vertex 47.25 173.5 3.44
    endloop
  endfacet
  facet normal 0 0 -1
    outer loop
      vertex 47.25 173.5 2.63
      vertex 146 173.5 2.63
      vertex 146 172.20000000000002 2.63
    endloop
  endfacet
  facet normal 0 -1 0
    outer loop
      vertex 146 171.4 3.44
      vertex 47.25 171.4 2.6499999999999995
      vertex 146 171.4 2.6499999999999995
    endloop
  endfacet
  facet normal 0 1 0
    outer loop
      vertex 47.25 173.5 3.44
      vertex 146 173.5 3.44
      vertex 146 173.5 2.63
    endloop
  endfacet
  facet normal 0 0 1
    outer loop
      vertex 47.25 171.4 3.44
      vertex 146 171.4 3.44
      vertex 146 173.5 3.44
    endloop
  endfacet
  facet normal -1 0 0
    outer loop
      vertex 47.25 180.79999999999998 1.4
      vertex 47.25 180.79999999999998 2.63
      vertex 47.25 181.58 1.4
    endloop
  endfacet
  facet normal -1 0 0
    outer loop
      vertex 47.25 180.79999999999998 2.63
      vertex 47.25 180.79999999999998 2.6499999999999995
      vertex 47.25 181.58 1.4
    endloop
  endfacet
  facet normal -1 0 0
    outer loop
      vertex 47.25 180.79999999999998 2.6499999999999995
      vertex 47.25 181.58 2.6499999999999995
      vertex 47.25 181.58 1.4
    endloop
  endfacet
  facet normal 0 -1 0
    outer loop
      vertex 47.25 180.79999999999998 0.6
      vertex 146 180.79999999999998 0.6
      vertex 47.25 180.79999999999998 1.4
    endloop
  endfacet
  facet normal 0 -1 0
    outer loop
      vertex 47.25 180.79999999999998 1.4
      vertex 146 180.79999999999998 0.6
      vertex 47.25 180.79999999999998 2.63
    endloop
  endfacet
  facet normal 0 -1 0
    outer loop
      vertex 47.25 180.79999999999998 2.63
      vertex 146 180.79999999999998 0.6
      vertex 146 180.79999999999998 2.63
    endloop
  endfacet
  facet normal -1 0 0
    outer loop
      vertex 47.25 179.49999999999997 2.63
      vertex 47.25 180.79999999999998 2.6499999999999995
      vertex 47.25 180.79999999999998 2.63
    endloop
  endfacet
  facet normal -1 0 0
    outer loop
      vertex 47.25 179.49999999999997 2.63
      vertex 47.25 181.59999999999997 3.44
      vertex 47.25 180.79999999999998 2.6499999999999995
    endloop
  endfacet
  facet normal -1 0 0
    outer loop
      vertex 47.25 180.79999999999998 2.6499999999999995
      vertex 47.25 181.59999999999997 3.44
      vertex 47.25 181.58 2.6499999999999995
    endloop
  endfacet
  facet normal -1 0 0
    outer loop
      vertex 47.25 181.59999999999997 3.44
      vertex 47.25 181.6 2.6499999999999995
      vertex 47.25 181.58 2.6499999999999995
    endloop
  endfacet
  facet normal -1 0 0
    outer loop
      vertex 47.25 179.49999999999997 2.63
      vertex 47.25 179.49999999999997 3.44
      vertex 47.25 181.59999999999997 3.44
    endloop
  endfacet
  facet normal 0 0 -1
    outer loop
      vertex 47.25 179.49999999999997 2.63
      vertex 47.25 180.79999999999998 2.63
      vertex 146 179.49999999999997 2.63
    endloop
  endfacet
  facet normal 0 1 3.5976847380258214e-14
    outer loop
      vertex 47.25 181.59999999999997 3.44
      vertex 146 181.6 2.6499999999999995
      vertex 47.25 181.6 2.6499999999999995
    endloop
  endfacet
  facet normal 0 -1 0
    outer loop
      vertex 47.25 179.49999999999997 2.63
      vertex 146 179.49999999999997 3.44
      vertex 47.25 179.49999999999997 3.44
    endloop
  endfacet
  facet normal 0 0 1
    outer loop
      vertex 47.25 179.49999999999997 3.44
      vertex 146 181.59999999999997 3.44
      vertex 47.25 181.59999999999997 3.44
    endloop
  endfacet
  facet normal 0 0 -1
    outer loop
      vertex 47.25 180.79999999999998 2.63
      vertex 146 180.79999999999998 2.63
      vertex 146 179.49999999999997 2.63
    endloop
  endfacet
  facet normal 0 -1 0
    outer loop
      vertex 47.25 179.49999999999997 2.63
      vertex 146 179.49999999999997 2.63
      vertex 146 179.49999999999997 3.44
    endloop
  endfacet
  facet normal 0 1 3.5976847380258214e-14
    outer loop
      vertex 47.25 181.59999999999997 3.44
      vertex 146 181.59999999999997 3.44
      vertex 146 181.6 2.6499999999999995
    endloop
  endfacet
  facet normal 0 0 1
    outer loop
      vertex 47.25 179.49999999999997 3.44
      vertex 146 179.49999999999997 3.44
      vertex 146 181.59999999999997 3.44
    endloop
  endfacet
  facet normal 1 0 0
    outer loop
      vertex 41.25 172.20000000000002 0.6
      vertex 41.25 180.79999999999998 0.6
      vertex 41.25 172.20000000000002 1.4
    endloop
  endfacet
  facet normal -1 0 0
    outer loop
      vertex 40.05 171.42000000000002 0.6
      vertex 40.05 171.42000000000002 1.5559585492227979
      vertex 40.05 181.58 0.6
    endloop
  endfacet
  facet normal 1 0 0
    outer loop
      vertex 41.25 180.79999999999998 0.6
      vertex 41.25 180.79999999999998 1.4
      vertex 41.25 172.20000000000002 1.4
    endloop
  endfacet
  facet normal -1 0 0
    outer loop
      vertex 40.05 181.58133462882827 2.396706110969699
      vertex 40.05 181.6 0.6380118465103873
      vertex 40.05 181.58407766990294 0.6
    endloop
  endfacet
  facet normal -1 0 0
    outer loop
      vertex 40.05 171.4 2.4
      vertex 40.05 181.58 0.6
      vertex 40.05 171.42000000000002 1.5559585492227979
    endloop
  endfacet
  facet normal 1 0 0
    outer loop
      vertex 41.25 172.20000000000002 1.4
      vertex 41.25 171.42000000000002 2.4
      vertex 41.25 171.42000000000002 1.4
    endloop
  endfacet
  facet normal 1 0 0
    outer loop
      vertex 41.25 180.79999999999998 1.4
      vertex 41.25 171.42000000000002 2.4
      vertex 41.25 172.20000000000002 1.4
    endloop
  endfacet
  facet normal -1 0 0
    outer loop
      vertex 40.05 181.58 0.6
      vertex 40.05 171.4 2.4
      vertex 40.05 171.42000000000002 2.4
    endloop
  endfacet
  facet normal -1 0 0
    outer loop
      vertex 40.05 171.4 2.4
      vertex 40.05 171.42000000000002 1.5559585492227979
      vertex 40.05 171.4 1.5450955891540614
    endloop
  endfacet
  facet normal -1 0 0
    outer loop
      vertex 40.05 171.42000000000002 2.4
      vertex 40.05 181.58 2.4
      vertex 40.05 181.58 0.6
    endloop
  endfacet
  facet normal 1 0 0
    outer loop
      vertex 41.25 180.79999999999998 1.4
      vertex 41.25 181.58 1.4
      vertex 41.25 181.58 2.4
    endloop
  endfacet
  facet normal -1 0 0
    outer loop
      vertex 40.05 181.6 2.4
      vertex 40.05 181.6 0.6380118465103873
      vertex 40.05 181.58133462882827 2.396706110969699
    endloop
  endfacet
  facet normal 1 0 0
    outer loop
      vertex 41.25 180.79999999999998 1.4
      vertex 41.25 181.58 2.4
      vertex 41.25 171.42000000000002 2.4
    endloop
  endfacet
  facet normal 0 0 1
    outer loop
      vertex 41.25 171.42000000000002 2.4
      vertex 40.05 181.58 2.4
      vertex 40.05 171.42000000000002 2.4
    endloop
  endfacet
  facet normal 0 0 1
    outer loop
      vertex 41.25 171.42000000000002 2.4
      vertex 41.25 181.58 2.4
      vertex 40.05 181.58 2.4
    endloop
  endfacet
  facet normal -1 0 0
    outer loop
      vertex 40.05 181.6 2.4
      vertex 40.05 181.58133462882827 2.396706110969699
      vertex 40.05 181.58 2.4
    endloop
  endfacet
  facet normal 0 1 0
    outer loop
      vertex 33.46 182.60000000000002 0.6
      vertex 12.25 182.60000000000002 0.6
      vertex 33.46 182.60000000000002 1.29
    endloop
  endfacet
  facet normal 1 0 0
    outer loop
      vertex 33.46 182.20000000000002 0.6
      vertex 33.46 182.60000000000002 0.6
      vertex 33.46 182.2 1.29
    endloop
  endfacet
  facet normal 0 1 0
    outer loop
      vertex 12.25 182.60000000000002 1.2899999999999998
      vertex 33.46 182.60000000000002 1.29
      vertex 12.25 182.60000000000002 0.6
    endloop
  endfacet
  facet normal 1 0 0
    outer loop
      vertex 33.46 182.60000000000002 0.6
      vertex 33.46 182.60000000000002 1.29
      vertex 33.46 182.2 1.29
    endloop
  endfacet
  facet normal 1.0468863975720476e-17 0 -1
    outer loop
      vertex 12.25 182.60000000000002 1.2899999999999998
      vertex 12.25 183.9 1.2899999999999998
      vertex 33.46 182.60000000000002 1.29
    endloop
  endfacet
  facet normal 1.0468863975720475e-17 0 -1
    outer loop
      vertex 12.25 183.9 1.2899999999999998
      vertex 33.46 183.8961111111111 1.29
      vertex 33.46 182.60000000000002 1.29
    endloop
  endfacet
  facet normal 0 -5.70971841234923e-14 -1
    outer loop
      vertex 12.25 183.9 1.2899999999999998
      vertex 33.46 183.9 1.2899999999999998
      vertex 33.46 183.8961111111111 1.29
    endloop
  endfacet
  facet normal 0 1 0
    outer loop
      vertex 12.25 183.9 1.2899999999999998
      vertex 12.25 183.9 2.0999999999999996
      vertex 33.46 183.9 1.2899999999999998
    endloop
  endfacet
  facet normal 1 0 0
    outer loop
      vertex 33.46 183.8961111111111 1.29
      vertex 33.46 183.9 1.2899999999999998
      vertex 33.46 183.9 2.0999999999999996
    endloop
  endfacet
  facet normal 0 1 0
    outer loop
      vertex 33.46 183.9 1.2899999999999998
      vertex 12.25 183.9 2.0999999999999996
      vertex 33.45 183.9 2.0999999999999996
    endloop
  endfacet
  facet normal 0 1 0
    outer loop
      vertex 33.46 183.9 1.2899999999999998
      vertex 33.45 183.9 2.0999999999999996
      vertex 33.46 183.9 2.0999999999999996
    endloop
  endfacet
  facet normal 1 0 0
    outer loop
      vertex 33.46 183.8961111111111 1.29
      vertex 33.46 183.9 2.0999999999999996
      vertex 33.46 183.8961111111111 2.0999999999999996
    endloop
  endfacet
  facet normal 0 0 1
    outer loop
      vertex 33.45 183.9 2.0999999999999996
      vertex 33.46 183.8961111111111 2.0999999999999996
      vertex 33.46 183.9 2.0999999999999996
    endloop
  endfacet
  facet normal 0 0 -1
    outer loop
      vertex 33.46 181.8 1.29
      vertex 33.46 182.2 1.29
      vertex 37.82142857142855 182.1399777282851 1.29
    endloop
  endfacet
  facet normal 0 0 -1
    outer loop
      vertex 33.46 182.2 1.29
      vertex 33.46 182.60000000000002 1.29
      vertex 37.95 182.15 1.29
    endloop
  endfacet
  facet normal 0 0 -1
    outer loop
      vertex 33.46 182.60000000000002 1.29
      vertex 33.46 183.8961111111111 1.29
      vertex 37.82142857142855 182.20000000000002 1.29
    endloop
  endfacet
  facet normal 0 0 -1
    outer loop
      vertex 33.46 182.2 1.29
      vertex 37.95 182.15 1.29
      vertex 37.82142857142855 182.1399777282851 1.29
    endloop
  endfacet
  facet normal 0 0 -1
    outer loop
      vertex 33.46 182.60000000000002 1.29
      vertex 37.82142857142855 182.20000000000002 1.29
      vertex 37.95 182.15 1.29
    endloop
  endfacet
  facet normal 0.362446261154947 0.9320046715412965 6.223992421346986e-17
    outer loop
      vertex 33.46 183.8961111111111 1.29
      vertex 37.82142857142855 182.20000000000002 2.1100000000000003
      vertex 37.82142857142855 182.20000000000002 1.29
    endloop
  endfacet
  facet normal 0 0 -1
    outer loop
      vertex 37.09317519215477 181.8 1.29
      vertex 37.82142857142855 182.1399777282851 1.29
      vertex 37.82142857142855 181.8 1.29
    endloop
  endfacet
  facet normal 0 0 -1
    outer loop
      vertex 37.82142857142855 181.8 1.29
      vertex 37.82142857142855 182.1399777282851 1.29
      vertex 37.95 181.8 1.29
    endloop
  endfacet
  facet normal 0 0 -1
    outer loop
      vertex 37.95 181.85000000000002 1.29
      vertex 37.95 181.8 1.29
      vertex 37.82142857142855 182.1399777282851 1.29
    endloop
  endfacet
  facet normal 0 0 -1
    outer loop
      vertex 37.95 181.85000000000002 1.29
      vertex 37.82142857142855 182.1399777282851 1.29
      vertex 37.95 182.15 1.29
    endloop
  endfacet
  facet normal 0 -1 0
    outer loop
      vertex 37.82142857142855 181.8 1.29
      vertex 37.95 181.8 1.29
      vertex 37.82142857142855 181.8 2.1100000000000003
    endloop
  endfacet
  facet normal 1 0 0
    outer loop
      vertex 37.95 181.85000000000002 1.29
      vertex 37.95 181.8 2.1100000000000003
      vertex 37.95 181.8 1.29
    endloop
  endfacet
  facet normal 0 0 1
    outer loop
      vertex 12.25 181.8098591549296 2.1100000000000003
      vertex 16.207142857142927 182.20000000000002 2.1100000000000003
      vertex 12.25 183.9 2.1100000000000003
    endloop
  endfacet
  facet normal 0 0 1
    outer loop
      vertex 16.207142857142927 182.20000000000002 2.1100000000000003
      vertex 33.45 183.9 2.1100000000000003
      vertex 12.25 183.9 2.1100000000000003
    endloop
  endfacet
  facet normal 0.36244626115494694 0.9320046715412964 0
    outer loop
      vertex 33.46 183.8961111111111 1.29
      vertex 33.46 183.8961111111111 2.0999999999999996
      vertex 37.82142857142855 182.20000000000002 2.1100000000000003
    endloop
  endfacet
  facet normal 0 0 1
    outer loop
      vertex 16.207142857142927 182.20000000000002 2.1100000000000003
      vertex 37.092857142857135 182.20000000000002 2.1100000000000003
      vertex 33.45 183.9 2.1100000000000003
    endloop
  endfacet
  facet normal 0.36244626115494816 0.9320046715412961 -6.256682188839971e-13
    outer loop
      vertex 33.46 183.8961111111111 2.0999999999999996
      vertex 33.45 183.9 2.1100000000000003
      vertex 37.82142857142855 182.20000000000002 2.1100000000000003
    endloop
  endfacet
  facet normal 0 0 1
    outer loop
      vertex 33.45 183.9 2.1100000000000003
      vertex 37.092857142857135 182.20000000000002 2.1100000000000003
      vertex 37.82142857142855 182.20000000000002 2.1100000000000003
    endloop
  endfacet
  facet normal 0 1 0
    outer loop
      vertex 12.25 183.9 2.0999999999999996
      vertex 12.25 183.9 2.1100000000000003
      vertex 33.45 183.9 2.0999999999999996
    endloop
  endfacet
  facet normal 0 1 0
    outer loop
      vertex 12.25 183.9 2.1100000000000003
      vertex 33.45 183.9 2.1100000000000003
      vertex 33.45 183.9 2.0999999999999996
    endloop
  endfacet
  facet normal 0.3624462611554917 0.9320046715410847 0
    outer loop
      vertex 33.45 183.9 2.0999999999999996
      vertex 33.45 183.9 2.1100000000000003
      vertex 33.46 183.8961111111111 2.0999999999999996
    endloop
  endfacet
  facet normal 0 -1 0
    outer loop
      vertex 37.95 181.8 1.29
      vertex 37.95 181.8 2.1100000000000003
      vertex 37.82142857142855 181.8 2.1100000000000003
    endloop
  endfacet
  facet normal 1 0 0
    outer loop
      vertex 37.95 181.85000000000002 1.29
      vertex 37.95 181.85000000000002 2.1100000000000003
      vertex 37.95 181.8 2.1100000000000003
    endloop
  endfacet
  facet normal 1 0 0
    outer loop
      vertex 37.95 182.15 1.4071428571428857
      vertex 37.95 182.15 2.1100000000000003
      vertex 37.95 181.85000000000002 2.1100000000000003
    endloop
  endfacet
  facet normal 0 0 1
    outer loop
      vertex 37.82142857142855 181.8 2.1100000000000003
      vertex 37.95 181.8 2.1100000000000003
      vertex 37.89155844155843 181.82727272727274 2.1100000000000003
    endloop
  endfacet
  facet normal 0 0 1
    outer loop
      vertex 37.89155844155843 181.82727272727274 2.1100000000000003
      vertex 37.95 181.8 2.1100000000000003
      vertex 37.95 181.85000000000002 2.1100000000000003
    endloop
  endfacet
  facet normal 0 -1 0
    outer loop
      vertex 12.25 192.4 0.6
      vertex 33.46 192.4 0.6
      vertex 33.46 192.4 1.29
    endloop
  endfacet
  facet normal 1 0 0
    outer loop
      vertex 33.46 192.4 0.6
      vertex 33.46 192.8 0.6
      vertex 33.46 192.4 1.29
    endloop
  endfacet
  facet normal 0 -1 0
    outer loop
      vertex 33.46 192.4 1.29
      vertex 12.25 192.4 1.29
      vertex 12.25 192.4 0.6
    endloop
  endfacet
  facet normal 1 0 0
    outer loop
      vertex 33.46 192.8 0.6
      vertex 33.46 192.8 1.117499999999997
      vertex 33.46 192.4 1.29
    endloop
  endfacet
  facet normal 1 0 0
    outer loop
      vertex 33.46 193.20000000000002 0.6
      vertex 33.46 193.2 1.29
      vertex 33.46 192.8 1.117499999999997
    endloop
  endfacet
  facet normal 1 0 0
    outer loop
      vertex 33.46 192.8 1.117499999999997
      vertex 33.46 192.8 1.29
      vertex 33.46 192.4 1.29
    endloop
  endfacet
  facet normal 1 0 0
    outer loop
      vertex 33.46 192.8 1.117499999999997
      vertex 33.46 193.2 1.29
      vertex 33.46 192.8 1.29
    endloop
  endfacet
  facet normal 0 1.708035422500226e-16 -1
    outer loop
      vertex 12.25 191.1 1.2899999999999998
      vertex 12.25 192.4 1.29
      vertex 33.46 191.1 1.2899999999999998
    endloop
  endfacet
  facet normal 3.4891228078770925e-15 5.709718412307502e-14 -1
    outer loop
      vertex 33.46 191.1 1.2899999999999998
      vertex 12.25 192.4 1.29
      vertex 33.46 191.10388888888892 1.29
    endloop
  endfacet
  facet normal 0 0 -1
    outer loop
      vertex 33.46 191.10388888888892 1.29
      vertex 12.25 192.4 1.29
      vertex 33.46 192.4 1.29
    endloop
  endfacet
  facet normal 0 -1 0
    outer loop
      vertex 12.25 191.1 1.2899999999999998
      vertex 33.46 191.1 1.2899999999999998
      vertex 33.46 191.1 2.0999999999999996
    endloop
  endfacet
  facet normal 1 0 0
    outer loop
      vertex 33.46 191.1 1.2899999999999998
      vertex 33.46 191.10388888888892 1.29
      vertex 33.46 191.10388888888892 2.0999999999999996
    endloop
  endfacet
  facet normal 0 -1 3.508853016099261e-14
    outer loop
      vertex 12.25 191.1 1.2899999999999998
      vertex 33.45 191.10000000000002 2.0999999999999996
      vertex 12.25 191.10000000000002 2.0999999999999996
    endloop
  endfacet
  facet normal -2.842170943041381e-12 -1 7.4422772471491e-11
    outer loop
      vertex 12.25 191.1 1.2899999999999998
      vertex 33.46 191.1 2.0999999999999996
      vertex 33.45 191.10000000000002 2.0999999999999996
    endloop
  endfacet
  facet normal 1 0 0
    outer loop
      vertex 33.46 191.1 1.2899999999999998
      vertex 33.46 191.10388888888892 2.0999999999999996
      vertex 33.46 191.1 2.0999999999999996
    endloop
  endfacet
  facet normal 0 0 1
    outer loop
      vertex 33.45 191.10000000000002 2.0999999999999996
      vertex 33.46 191.1 2.0999999999999996
      vertex 33.46 191.10388888888892 2.0999999999999996
    endloop
  endfacet
  facet normal 0 0 -1
    outer loop
      vertex 33.46 191.10388888888892 1.29
      vertex 33.46 192.4 1.29
      vertex 37.95 193.20000000000002 1.29
    endloop
  endfacet
  facet normal 0 0 -1
    outer loop
      vertex 33.46 192.4 1.29
      vertex 33.46 192.8 1.29
      vertex 37.451111111111054 193.20000000000002 1.29
    endloop
  endfacet
  facet normal 0 0 -1
    outer loop
      vertex 33.46 191.10388888888892 1.29
      vertex 37.95 193.15 1.29
      vertex 37.82142857142855 192.8 1.29
    endloop
  endfacet
  facet normal 0 0 -1
    outer loop
      vertex 33.46 192.4 1.29
      vertex 37.451111111111054 193.20000000000002 1.29
      vertex 37.82142857142855 193.20000000000002 1.29
    endloop
  endfacet
  facet normal 0 0 -1
    outer loop
      vertex 33.46 192.4 1.29
      vertex 37.82142857142855 193.20000000000002 1.29
      vertex 37.95 193.20000000000002 1.29
    endloop
  endfacet
  facet normal 0 0 -1
    outer loop
      vertex 33.46 191.10388888888892 1.29
      vertex 37.95 193.20000000000002 1.29
      vertex 37.95 193.15 1.29
    endloop
  endfacet
  facet normal 0.36244626115494694 -0.9320046715412964 0
    outer loop
      vertex 33.46 191.10388888888892 1.29
      vertex 37.82142857142855 192.8 1.29
      vertex 33.46 191.10388888888892 2.0999999999999996
    endloop
  endfacet
  facet normal 0 0 -1
    outer loop
      vertex 37.82142857142855 192.8 1.29
      vertex 37.95 193.15 1.29
      vertex 37.95 192.85000000000002 1.29
    endloop
  endfacet
  facet normal 1 0 0
    outer loop
      vertex 37.95 193.15 1.29
      vertex 37.95 193.20000000000002 1.29
      vertex 37.95 193.15 2.1100000000000003
    endloop
  endfacet
  facet normal 0 1 0
    outer loop
      vertex 37.82142857142855 193.20000000000002 1.29
      vertex 37.95 193.20000000000002 2.1100000000000003
      vertex 37.95 193.20000000000002 1.29
    endloop
  endfacet
  facet normal 1 0 0
    outer loop
      vertex 37.95 192.85000000000002 1.29
      vertex 37.95 192.97857142857143 1.6916326530612207
      vertex 37.95 192.85000000000002 2.0514285714285574
    endloop
  endfacet
  facet normal 0 -1 0
    outer loop
      vertex 12.25 191.10000000000002 2.0999999999999996
      vertex 33.45 191.10000000000002 2.1100000000000003
      vertex 12.25 191.10000000000002 2.1100000000000003
    endloop
  endfacet
  facet normal 0 0 1
    outer loop
      vertex 12.25 191.10000000000002 2.1100000000000003
      vertex 37.212857142856976 192.8 2.1100000000000003
      vertex 12.25 192.8001698204755 2.1100000000000003
    endloop
  endfacet
  facet normal 0 -1 0
    outer loop
      vertex 12.25 191.10000000000002 2.0999999999999996
      vertex 33.45 191.10000000000002 2.0999999999999996
      vertex 33.45 191.10000000000002 2.1100000000000003
    endloop
  endfacet
  facet normal 0 0 1
    outer loop
      vertex 12.25 191.10000000000002 2.1100000000000003
      vertex 33.45 191.10000000000002 2.1100000000000003
      vertex 37.212857142856976 192.8 2.1100000000000003
    endloop
  endfacet
  facet normal 0.362446261154947 -0.9320046715412965 0
    outer loop
      vertex 37.82142857142855 192.8 1.29
      vertex 37.82142857142855 192.8 2.1100000000000003
      vertex 33.46 191.10388888888892 2.0999999999999996
    endloop
  endfacet
  facet normal 0 0 1
    outer loop
      vertex 12.25 192.8001698204755 2.1100000000000003
      vertex 37.212857142856976 192.8 2.1100000000000003
      vertex 37.85645395213921 192.84365482233505 2.1100000000000003
    endloop
  endfacet
  facet normal 0.3624462611554917 -0.9320046715410847 -2.7352417873777094e-10
    outer loop
      vertex 33.45 191.10000000000002 2.0999999999999996
      vertex 33.46 191.10388888888892 2.0999999999999996
      vertex 37.82142857142855 192.8 2.1100000000000003
    endloop
  endfacet
  facet normal 0.36244626115494816 -0.932004671541296 0
    outer loop
      vertex 33.45 191.10000000000002 2.0999999999999996
      vertex 37.82142857142855 192.8 2.1100000000000003
      vertex 33.45 191.10000000000002 2.1100000000000003
    endloop
  endfacet
  facet normal 0 0 1
    outer loop
      vertex 33.45 191.10000000000002 2.1100000000000003
      vertex 37.82142857142855 192.8 2.1100000000000003
      vertex 37.212857142856976 192.8 2.1100000000000003
    endloop
  endfacet
  facet normal 0 1 0
    outer loop
      vertex 37.82142857142855 193.20000000000002 1.29
      vertex 37.82142857142855 193.20000000000002 2.1100000000000003
      vertex 37.95 193.20000000000002 2.1100000000000003
    endloop
  endfacet
  facet normal 1 0 0
    outer loop
      vertex 37.95 193.20000000000002 1.29
      vertex 37.95 193.20000000000002 2.1100000000000003
      vertex 37.95 193.15 2.1100000000000003
    endloop
  endfacet
  facet normal 0 0 1
    outer loop
      vertex 37.82142857142855 193.20000000000002 2.1100000000000003
      vertex 37.95 193.15 2.1100000000000003
      vertex 37.95 193.20000000000002 2.1100000000000003
    endloop
  endfacet
  facet normal 0 1 0
    outer loop
      vertex 41.25 183.20000000000002 0.6
      vertex 47.25 183.20000000000002 1.4
      vertex 47.25 183.20000000000002 0.6
    endloop
  endfacet
  facet normal 0 1 0
    outer loop
      vertex 41.25 183.20000000000002 0.6
      vertex 41.25 183.20000000000002 1.4
      vertex 47.25 183.20000000000002 1.4
    endloop
  endfacet
  facet normal 0 0 1
    outer loop
      vertex 41.25 183.20000000000002 1.4
      vertex 41.25 182.42000000000002 1.4
      vertex 47.25 182.42000000000002 1.4
    endloop
  endfacet
  facet normal 0 0 1
    outer loop
      vertex 41.25 183.20000000000002 1.4
      vertex 47.25 182.42000000000002 1.4
      vertex 47.25 183.20000000000002 1.4
    endloop
  endfacet
  facet normal 0 -1 0
    outer loop
      vertex 41.25 191.79999999999998 0.6
      vertex 47.25 191.79999999999998 0.6
      vertex 41.25 191.79999999999998 1.4
    endloop
  endfacet
  facet normal 0 -1 0
    outer loop
      vertex 47.25 191.79999999999998 0.6
      vertex 47.25 191.79999999999998 1.4
      vertex 41.25 191.79999999999998 1.4
    endloop
  endfacet
  facet normal 0 0 1
    outer loop
      vertex 41.25 191.79999999999998 1.4
      vertex 47.25 191.79999999999998 1.4
      vertex 41.25 192.58 1.4
    endloop
  endfacet
  facet normal 0 0 1
    outer loop
      vertex 47.25 191.79999999999998 1.4
      vertex 47.25 192.58 1.4
      vertex 41.25 192.58 1.4
    endloop
  endfacet
  facet normal -1 0 0
    outer loop
      vertex 47.25 183.20000000000002 1.4
      vertex 47.25 182.42000000000002 1.4
      vertex 47.25 182.42000000000002 2.6499999999999995
    endloop
  endfacet
  facet normal -1 0 0
    outer loop
      vertex 47.25 183.20000000000002 1.4
      vertex 47.25 182.42000000000002 2.6499999999999995
      vertex 47.25 183.20000000000002 2.63
    endloop
  endfacet
  facet normal -1 0 0
    outer loop
      vertex 47.25 183.20000000000002 2.63
      vertex 47.25 182.42000000000002 2.6499999999999995
      vertex 47.25 183.20000000000002 2.6499999999999995
    endloop
  endfacet
  facet normal 0 1 0
    outer loop
      vertex 47.25 183.20000000000002 0.6
      vertex 47.25 183.20000000000002 1.4
      vertex 146 183.20000000000002 0.6
    endloop
  endfacet
  facet normal 0 1 0
    outer loop
      vertex 47.25 183.20000000000002 1.4
      vertex 47.25 183.20000000000002 2.63
      vertex 146 183.20000000000002 0.6
    endloop
  endfacet
  facet normal 0 1 0
    outer loop
      vertex 47.25 183.20000000000002 2.63
      vertex 146 183.20000000000002 2.63
      vertex 146 183.20000000000002 0.6
    endloop
  endfacet
  facet normal -1 0 0
    outer loop
      vertex 47.25 183.20000000000002 2.63
      vertex 47.25 183.20000000000002 2.6499999999999995
      vertex 47.25 184.5 2.63
    endloop
  endfacet
  facet normal -1 0 0
    outer loop
      vertex 47.25 182.4 3.44
      vertex 47.25 182.42000000000002 2.6499999999999995
      vertex 47.25 182.4 2.6499999999999995
    endloop
  endfacet
  facet normal -1 0 0
    outer loop
      vertex 47.25 183.20000000000002 2.6499999999999995
      vertex 47.25 182.42000000000002 2.6499999999999995
      vertex 47.25 182.4 3.44
    endloop
  endfacet
  facet normal -1 0 0
    outer loop
      vertex 47.25 183.20000000000002 2.6499999999999995
      vertex 47.25 182.4 3.44
      vertex 47.25 184.5 3.44
    endloop
  endfacet
  facet normal -1 0 0
    outer loop
      vertex 47.25 183.20000000000002 2.6499999999999995
      vertex 47.25 184.5 3.44
      vertex 47.25 184.5 2.63
    endloop
  endfacet
  facet normal 0 0 -1
    outer loop
      vertex 47.25 183.20000000000002 2.63
      vertex 47.25 184.5 2.63
      vertex 146 183.20000000000002 2.63
    endloop
  endfacet
  facet normal 0 -1 0
    outer loop
      vertex 47.25 182.4 3.44
      vertex 47.25 182.4 2.6499999999999995
      vertex 146 182.4 3.44
    endloop
  endfacet
  facet normal 0 1 0
    outer loop
      vertex 47.25 184.5 2.63
      vertex 47.25 184.5 3.44
      vertex 146 184.5 2.63
    endloop
  endfacet
  facet normal 0 0 1
    outer loop
      vertex 47.25 182.4 3.44
      vertex 146 184.5 3.44
      vertex 47.25 184.5 3.44
    endloop
  endfacet
  facet normal 0 -1 0
    outer loop
      vertex 146 182.4 3.44
      vertex 47.25 182.4 2.6499999999999995
      vertex 146 182.4 2.6499999999999995
    endloop
  endfacet
  facet normal 0 0 1
    outer loop
      vertex 47.25 182.4 3.44
      vertex 146 182.4 3.44
      vertex 146 184.5 3.44
    endloop
  endfacet
  facet normal 0 0 -1
    outer loop
      vertex 47.25 184.5 2.63
      vertex 146 184.5 2.63
      vertex 146 183.20000000000002 2.63
    endloop
  endfacet
  facet normal 0 1 0
    outer loop
      vertex 47.25 184.5 3.44
      vertex 146 184.5 3.44
      vertex 146 184.5 2.63
    endloop
  endfacet
  facet normal -1 0 0
    outer loop
      vertex 47.25 191.79999999999998 1.4
      vertex 47.25 191.79999999999998 2.63
      vertex 47.25 192.58 1.4
    endloop
  endfacet
  facet normal -1 0 0
    outer loop
      vertex 47.25 191.79999999999998 2.63
      vertex 47.25 191.79999999999998 2.6499999999999995
      vertex 47.25 192.58 1.4
    endloop
  endfacet
  facet normal -1 0 0
    outer loop
      vertex 47.25 191.79999999999998 2.6499999999999995
      vertex 47.25 192.58 2.6499999999999995
      vertex 47.25 192.58 1.4
    endloop
  endfacet
  facet normal 0 -1 0
    outer loop
      vertex 47.25 191.79999999999998 0.6
      vertex 146 191.79999999999998 0.6
      vertex 47.25 191.79999999999998 1.4
    endloop
  endfacet
  facet normal 0 -1 0
    outer loop
      vertex 47.25 191.79999999999998 1.4
      vertex 146 191.79999999999998 0.6
      vertex 47.25 191.79999999999998 2.63
    endloop
  endfacet
  facet normal 0 -1 0
    outer loop
      vertex 47.25 191.79999999999998 2.63
      vertex 146 191.79999999999998 0.6
      vertex 146 191.79999999999998 2.63
    endloop
  endfacet
  facet normal -1 0 0
    outer loop
      vertex 47.25 190.49999999999997 2.63
      vertex 47.25 191.79999999999998 2.6499999999999995
      vertex 47.25 191.79999999999998 2.63
    endloop
  endfacet
  facet normal -1 0 0
    outer loop
      vertex 47.25 190.49999999999997 2.63
      vertex 47.25 192.59999999999997 3.44
      vertex 47.25 191.79999999999998 2.6499999999999995
    endloop
  endfacet
  facet normal -1 0 0
    outer loop
      vertex 47.25 191.79999999999998 2.6499999999999995
      vertex 47.25 192.59999999999997 3.44
      vertex 47.25 192.58 2.6499999999999995
    endloop
  endfacet
  facet normal -1 0 0
    outer loop
      vertex 47.25 192.59999999999997 3.44
      vertex 47.25 192.6 2.6499999999999995
      vertex 47.25 192.58 2.6499999999999995
    endloop
  endfacet
  facet normal -1 0 0
    outer loop
      vertex 47.25 190.49999999999997 2.63
      vertex 47.25 190.49999999999997 3.44
      vertex 47.25 192.59999999999997 3.44
    endloop
  endfacet
  facet normal 0 0 -1
    outer loop
      vertex 47.25 190.49999999999997 2.63
      vertex 47.25 191.79999999999998 2.63
      vertex 146 190.49999999999997 2.63
    endloop
  endfacet
  facet normal 0 1 3.5976847380258214e-14
    outer loop
      vertex 47.25 192.59999999999997 3.44
      vertex 146 192.6 2.6499999999999995
      vertex 47.25 192.6 2.6499999999999995
    endloop
  endfacet
  facet normal 0 -1 0
    outer loop
      vertex 47.25 190.49999999999997 2.63
      vertex 146 190.49999999999997 3.44
      vertex 47.25 190.49999999999997 3.44
    endloop
  endfacet
  facet normal 0 0 1
    outer loop
      vertex 47.25 190.49999999999997 3.44
      vertex 146 192.59999999999997 3.44
      vertex 47.25 192.59999999999997 3.44
    endloop
  endfacet
  facet normal 0 0 -1
    outer loop
      vertex 47.25 191.79999999999998 2.63
      vertex 146 191.79999999999998 2.63
      vertex 146 190.49999999999997 2.63
    endloop
  endfacet
  facet normal 0 -1 0
    outer loop
      vertex 47.25 190.49999999999997 2.63
      vertex 146 190.49999999999997 2.63
      vertex 146 190.49999999999997 3.44
    endloop
  endfacet
  facet normal 0 1 3.5976847380258214e-14
    outer loop
      vertex 47.25 192.59999999999997 3.44
      vertex 146 192.59999999999997 3.44
      vertex 146 192.6 2.6499999999999995
    endloop
  endfacet
  facet normal 0 0 1
    outer loop
      vertex 47.25 190.49999999999997 3.44
      vertex 146 190.49999999999997 3.44
      vertex 146 192.59999999999997 3.44
    endloop
  endfacet
  facet normal 1 0 0
    outer loop
      vertex 41.25 183.20000000000002 0.6
      vertex 41.25 191.79999999999998 0.6
      vertex 41.25 183.20000000000002 1.4
    endloop
  endfacet
  facet normal -1 0 0
    outer loop
      vertex 40.05 182.42000000000002 0.6
      vertex 40.05 182.42000000000002 1.5559585492227979
      vertex 40.05 192.58 0.6
    endloop
  endfacet
  facet normal 1 0 0
    outer loop
      vertex 41.25 191.79999999999998 0.6
      vertex 41.25 191.79999999999998 1.4
      vertex 41.25 183.20000000000002 1.4
    endloop
  endfacet
  facet normal -1 0 0
    outer loop
      vertex 40.05 192.58133462882827 2.396706110969699
      vertex 40.05 192.6 0.6380118465103873
      vertex 40.05 192.58407766990294 0.6
    endloop
  endfacet
  facet normal -1 0 0
    outer loop
      vertex 40.05 182.4 2.4
      vertex 40.05 192.58 0.6
      vertex 40.05 182.42000000000002 1.5559585492227979
    endloop
  endfacet
  facet normal 1 0 0
    outer loop
      vertex 41.25 183.20000000000002 1.4
      vertex 41.25 182.42000000000002 2.4
      vertex 41.25 182.42000000000002 1.4
    endloop
  endfacet
  facet normal -1 0 0
    outer loop
      vertex 40.05 182.4 2.4
      vertex 40.05 182.42000000000002 1.5559585492227979
      vertex 40.05 182.4 1.5450955891540614
    endloop
  endfacet
  facet normal 1 0 0
    outer loop
      vertex 41.25 191.79999999999998 1.4
      vertex 41.25 182.42000000000002 2.4
      vertex 41.25 183.20000000000002 1.4
    endloop
  endfacet
  facet normal -1 0 0
    outer loop
      vertex 40.05 192.58 0.6
      vertex 40.05 182.4 2.4
      vertex 40.05 182.42000000000002 2.4
    endloop
  endfacet
  facet normal -1 0 0
    outer loop
      vertex 40.05 182.42000000000002 2.4
      vertex 40.05 192.58 2.4
      vertex 40.05 192.58 0.6
    endloop
  endfacet
  facet normal 1 0 0
    outer loop
      vertex 41.25 191.79999999999998 1.4
      vertex 41.25 192.58 1.4
      vertex 41.25 192.58 2.4
    endloop
  endfacet
  facet normal -1 0 0
    outer loop
      vertex 40.05 192.6 2.4
      vertex 40.05 192.6 0.6380118465103873
      vertex 40.05 192.58133462882827 2.396706110969699
    endloop
  endfacet
  facet normal 1 0 0
    outer loop
      vertex 41.25 191.79999999999998 1.4
      vertex 41.25 192.58 2.4
      vertex 41.25 182.42000000000002 2.4
    endloop
  endfacet
  facet normal 0 0 1
    outer loop
      vertex 41.25 182.42000000000002 2.4
      vertex 40.05 192.58 2.4
      vertex 40.05 182.42000000000002 2.4
    endloop
  endfacet
  facet normal 0 0 1
    outer loop
      vertex 41.25 182.42000000000002 2.4
      vertex 41.25 192.58 2.4
      vertex 40.05 192.58 2.4
    endloop
  endfacet
  facet normal -1 0 0
    outer loop
      vertex 40.05 192.6 2.4
      vertex 40.05 192.58133462882827 2.396706110969699
      vertex 40.05 192.58 2.4
    endloop
  endfacet
  facet normal 0 1 0
    outer loop
      vertex 33.46 193.60000000000002 0.6
      vertex 12.25 193.60000000000002 0.6
      vertex 33.46 193.60000000000002 1.29
    endloop
  endfacet
  facet normal 1 0 0
    outer loop
      vertex 33.46 192.8 0.6
      vertex 33.46 193.20000000000002 0.6
      vertex 33.46 192.8 1.117499999999997
    endloop
  endfacet
  facet normal 1 0 0
    outer loop
      vertex 33.46 193.20000000000002 0.6
      vertex 33.46 193.60000000000002 0.6
      vertex 33.46 193.60000000000002 1.29
    endloop
  endfacet
  facet normal 0 1 0
    outer loop
      vertex 12.25 193.60000000000002 1.2899999999999998
      vertex 33.46 193.60000000000002 1.29
      vertex 12.25 193.60000000000002 0.6
    endloop
  endfacet
  facet normal 1 0 0
    outer loop
      vertex 33.46 193.20000000000002 0.6
      vertex 33.46 193.60000000000002 1.29
      vertex 33.46 193.2 1.29
    endloop
  endfacet
  facet normal 1.0468863975720476e-17 0 -1
    outer loop
      vertex 12.25 193.60000000000002 1.2899999999999998
      vertex 12.25 194.9 1.2899999999999998
      vertex 33.46 193.60000000000002 1.29
    endloop
  endfacet
  facet normal 1.0468863975720475e-17 0 -1
    outer loop
      vertex 12.25 194.9 1.2899999999999998
      vertex 33.46 194.8961111111111 1.29
      vertex 33.46 193.60000000000002 1.29
    endloop
  endfacet
  facet normal 0 -5.70971841234923e-14 -1
    outer loop
      vertex 12.25 194.9 1.2899999999999998
      vertex 33.46 194.9 1.2899999999999998
      vertex 33.46 194.8961111111111 1.29
    endloop
  endfacet
  facet normal 0 1 0
    outer loop
      vertex 12.25 194.9 1.2899999999999998
      vertex 12.25 194.9 2.0999999999999996
      vertex 33.46 194.9 1.2899999999999998
    endloop
  endfacet
  facet normal 1 0 0
    outer loop
      vertex 33.46 194.8961111111111 1.29
      vertex 33.46 194.9 1.2899999999999998
      vertex 33.46 194.9 2.0999999999999996
    endloop
  endfacet
  facet normal 0 1 0
    outer loop
      vertex 33.46 194.9 1.2899999999999998
      vertex 12.25 194.9 2.0999999999999996
      vertex 33.45 194.9 2.0999999999999996
    endloop
  endfacet
  facet normal 0 1 0
    outer loop
      vertex 33.46 194.9 1.2899999999999998
      vertex 33.45 194.9 2.0999999999999996
      vertex 33.46 194.9 2.0999999999999996
    endloop
  endfacet
  facet normal 1 0 0
    outer loop
      vertex 33.46 194.8961111111111 1.29
      vertex 33.46 194.9 2.0999999999999996
      vertex 33.46 194.8961111111111 2.0999999999999996
    endloop
  endfacet
  facet normal 0 0 1
    outer loop
      vertex 33.45 194.9 2.0999999999999996
      vertex 33.46 194.8961111111111 2.0999999999999996
      vertex 33.46 194.9 2.0999999999999996
    endloop
  endfacet
  facet normal 0 0 -1
    outer loop
      vertex 33.46 192.8 1.29
      vertex 33.46 193.2 1.29
      vertex 37.451111111111054 193.20000000000002 1.29
    endloop
  endfacet
  facet normal 0 0 -1
    outer loop
      vertex 33.46 193.2 1.29
      vertex 33.46 193.60000000000002 1.29
      vertex 37.451111111111054 193.20000000000002 1.29
    endloop
  endfacet
  facet normal 0 0 -1
    outer loop
      vertex 33.46 193.60000000000002 1.29
      vertex 33.46 194.8961111111111 1.29
      vertex 37.451111111111054 193.20000000000002 1.29
    endloop
  endfacet
  facet normal 0 0 -1
    outer loop
      vertex 33.46 194.8961111111111 1.29
      vertex 37.82142857142855 193.20000000000002 1.29
      vertex 37.451111111111054 193.20000000000002 1.29
    endloop
  endfacet
  facet normal 0.36244626115494694 0.9320046715412964 0
    outer loop
      vertex 33.46 194.8961111111111 1.29
      vertex 33.46 194.8961111111111 2.0999999999999996
      vertex 37.82142857142855 193.20000000000002 1.29
    endloop
  endfacet
  facet normal 0 0 -1
    outer loop
      vertex 37.82142857142855 192.8 1.29
      vertex 37.95 192.85000000000002 1.29
      vertex 37.95 192.8 1.29
    endloop
  endfacet
  facet normal 1 0 0
    outer loop
      vertex 37.95 192.85000000000002 1.29
      vertex 37.95 193.15 1.29
      vertex 37.95 192.97857142857143 1.6916326530612207
    endloop
  endfacet
  facet normal 1 0 0
    outer loop
      vertex 37.95 192.8 1.29
      vertex 37.95 192.85000000000002 1.29
      vertex 37.95 192.85000000000002 2.0514285714285574
    endloop
  endfacet
  facet normal 0 -1 0
    outer loop
      vertex 37.82142857142855 192.8 1.29
      vertex 37.95 192.8 1.29
      vertex 37.95 192.8 2.1100000000000003
    endloop
  endfacet
  facet normal 1 0 0
    outer loop
      vertex 37.95 193.15 1.29
      vertex 37.95 193.15 2.1100000000000003
      vertex 37.95 192.97857142857143 1.6916326530612207
    endloop
  endfacet
  facet normal 0 0 1
    outer loop
      vertex 12.25 192.8001698204755 2.1100000000000003
      vertex 33.45 194.9 2.1100000000000003
      vertex 12.25 194.9 2.1100000000000003
    endloop
  endfacet
  facet normal 0 1 0
    outer loop
      vertex 12.25 194.9 2.0999999999999996
      vertex 12.25 194.9 2.1100000000000003
      vertex 33.45 194.9 2.0999999999999996
    endloop
  endfacet
  facet normal 0 1 0
    outer loop
      vertex 12.25 194.9 2.1100000000000003
      vertex 33.45 194.9 2.1100000000000003
      vertex 33.45 194.9 2.0999999999999996
    endloop
  endfacet
  facet normal 0.3624462611548211 0.9320046715413455 -7.732311146303184e-13
    outer loop
      vertex 37.82142857142855 193.20000000000002 1.29
      vertex 33.46 194.8961111111111 2.0999999999999996
      vertex 33.45 194.9 2.1100000000000003
    endloop
  endfacet
  facet normal 0.3624462611549482 0.932004671541296 0
    outer loop
      vertex 37.82142857142855 193.20000000000002 1.29
      vertex 33.45 194.9 2.1100000000000003
      vertex 37.82142857142855 193.20000000000002 2.1100000000000003
    endloop
  endfacet
  facet normal 0 0 1
    outer loop
      vertex 12.25 192.8001698204755 2.1100000000000003
      vertex 37.85645395213921 192.84365482233505 2.1100000000000003
      vertex 33.45 194.9 2.1100000000000003
    endloop
  endfacet
  facet normal 0.3624462611554917 0.9320046715410847 0
    outer loop
      vertex 33.45 194.9 2.0999999999999996
      vertex 33.45 194.9 2.1100000000000003
      vertex 33.46 194.8961111111111 2.0999999999999996
    endloop
  endfacet
  facet normal 0 0 1
    outer loop
      vertex 33.45 194.9 2.1100000000000003
      vertex 37.85645395213921 192.84365482233505 2.1100000000000003
      vertex 37.82142857142855 193.20000000000002 2.1100000000000003
    endloop
  endfacet
  facet normal 1 0 0
    outer loop
      vertex 37.95 192.8 1.29
      vertex 37.95 192.85000000000002 2.0514285714285574
      vertex 37.95 192.8 2.1100000000000003
    endloop
  endfacet
  facet normal 0 -1 0
    outer loop
      vertex 37.82142857142855 192.8 1.29
      vertex 37.95 192.8 2.1100000000000003
      vertex 37.82142857142855 192.8 2.1100000000000003
    endloop
  endfacet
  facet normal 1 0 0
    outer loop
      vertex 37.95 192.97857142857143 1.6916326530612207
      vertex 37.95 193.15 2.1100000000000003
      vertex 37.95 192.85000000000002 2.0514285714285574
    endloop
  endfacet
  facet normal 1 0 0
    outer loop
      vertex 37.95 192.85000000000002 2.0514285714285574
      vertex 37.95 193.15 2.1100000000000003
      vertex 37.95 192.8 2.1100000000000003
    endloop
  endfacet
  facet normal 0 0 1
    outer loop
      vertex 37.212857142856976 192.8 2.1100000000000003
      vertex 37.82142857142855 192.8 2.1100000000000003
      vertex 37.85645395213921 192.84365482233505 2.1100000000000003
    endloop
  endfacet
  facet normal 0 0 1
    outer loop
      vertex 37.85645395213921 192.84365482233505 2.1100000000000003
      vertex 37.82142857142855 192.8 2.1100000000000003
      vertex 37.95 192.8 2.1100000000000003
    endloop
  endfacet
  facet normal 0 0 1
    outer loop
      vertex 37.85645395213921 192.84365482233505 2.1100000000000003
      vertex 37.95 192.8 2.1100000000000003
      vertex 37.82142857142855 193.20000000000002 2.1100000000000003
    endloop
  endfacet
  facet normal 0 0 1
    outer loop
      vertex 37.82142857142855 193.20000000000002 2.1100000000000003
      vertex 37.95 192.8 2.1100000000000003
      vertex 37.95 193.15 2.1100000000000003
    endloop
  endfacet
  facet normal 0 1 4.119088323246957e-14
    outer loop
      vertex 12.25 204.20000000000002 0.6
      vertex 12.25 204.2 1.29
      vertex 33.46 204.20000000000002 0.6
    endloop
  endfacet
  facet normal 0 -1 0
    outer loop
      vertex 12.25 203.4 0.6
      vertex 33.46 203.4 0.6
      vertex 33.46 203.4 1.29
    endloop
  endfacet
  facet normal 1 0 0
    outer loop
      vertex 33.46 203.4 0.6
      vertex 33.46 204.20000000000002 0.6
      vertex 33.46 203.4 1.29
    endloop
  endfacet
  facet normal 0 -1 0
    outer loop
      vertex 33.46 203.4 1.29
      vertex 12.25 203.4 1.29
      vertex 12.25 203.4 0.6
    endloop
  endfacet
  facet normal 0 1 4.119088323246957e-14
    outer loop
      vertex 33.46 204.20000000000002 0.6
      vertex 12.25 204.2 1.29
      vertex 33.46 204.2 1.29
    endloop
  endfacet
  facet normal 1 0 0
    outer loop
      vertex 33.46 204.20000000000002 0.6
      vertex 33.46 204.2 1.29
      vertex 33.46 203.4 1.29
    endloop
  endfacet
  facet normal 0 1.708035422500226e-16 -1
    outer loop
      vertex 12.25 202.1 1.2899999999999998
      vertex 12.25 203.4 1.29
      vertex 33.46 202.1 1.2899999999999998
    endloop
  endfacet
  facet normal 3.4891228078770925e-15 5.709718412307502e-14 -1
    outer loop
      vertex 33.46 202.1 1.2899999999999998
      vertex 12.25 203.4 1.29
      vertex 33.46 202.10388888888892 1.29
    endloop
  endfacet
  facet normal 0 0 -1
    outer loop
      vertex 33.46 202.10388888888892 1.29
      vertex 12.25 203.4 1.29
      vertex 33.46 203.4 1.29
    endloop
  endfacet
  facet normal 0 -1 0
    outer loop
      vertex 12.25 202.1 1.2899999999999998
      vertex 33.46 202.1 1.2899999999999998
      vertex 33.46 202.1 2.0999999999999996
    endloop
  endfacet
  facet normal 1 0 0
    outer loop
      vertex 33.46 202.1 1.2899999999999998
      vertex 33.46 202.10388888888892 1.29
      vertex 33.46 202.10388888888892 2.0999999999999996
    endloop
  endfacet
  facet normal 0 -1 3.508853016099261e-14
    outer loop
      vertex 12.25 202.1 1.2899999999999998
      vertex 33.45 202.10000000000002 2.0999999999999996
      vertex 12.25 202.10000000000002 2.0999999999999996
    endloop
  endfacet
  facet normal -2.842170943041381e-12 -1 7.4422772471491e-11
    outer loop
      vertex 12.25 202.1 1.2899999999999998
      vertex 33.46 202.1 2.0999999999999996
      vertex 33.45 202.10000000000002 2.0999999999999996
    endloop
  endfacet
  facet normal 1 0 0
    outer loop
      vertex 33.46 202.1 1.2899999999999998
      vertex 33.46 202.10388888888892 2.0999999999999996
      vertex 33.46 202.1 2.0999999999999996
    endloop
  endfacet
  facet normal 0 0 1
    outer loop
      vertex 33.45 202.10000000000002 2.0999999999999996
      vertex 33.46 202.1 2.0999999999999996
      vertex 33.46 202.10388888888892 2.0999999999999996
    endloop
  endfacet
  facet normal 0 0 -1
    outer loop
      vertex 33.46 202.10388888888892 1.29
      vertex 33.46 203.4 1.29
      vertex 37.95 204.20000000000002 1.29
    endloop
  endfacet
  facet normal 0 0 -1
    outer loop
      vertex 33.46 202.10388888888892 1.29
      vertex 37.95 204.20000000000002 1.29
      vertex 37.95 203.85000000000002 1.29
    endloop
  endfacet
  facet normal 0 0 -1
    outer loop
      vertex 33.46 203.4 1.29
      vertex 33.46 204.2 1.29
      vertex 37.95 204.20000000000002 1.29
    endloop
  endfacet
  facet normal 0 1 -3.466062125659024e-14
    outer loop
      vertex 12.25 204.2 1.29
      vertex 12.25 204.20000000000002 2.1100000000000003
      vertex 33.46 204.2 1.29
    endloop
  endfacet
  facet normal -6.330002100312694e-15 1 -1.9839152924150753e-13
    outer loop
      vertex 33.46 204.2 1.29
      vertex 12.25 204.20000000000002 2.1100000000000003
      vertex 37.95 204.20000000000002 1.29
    endloop
  endfacet
  facet normal 0.36244626115494716 -0.9320046715412963 0
    outer loop
      vertex 33.46 202.10388888888892 1.29
      vertex 37.95 203.85000000000002 1.29
      vertex 33.46 202.10388888888892 2.0999999999999996
    endloop
  endfacet
  facet normal 1 0 0
    outer loop
      vertex 37.95 203.85000000000002 1.29
      vertex 37.95 204.20000000000002 1.29
      vertex 37.95 203.85000000000002 2.1100000000000003
    endloop
  endfacet
  facet normal 0 -1 0
    outer loop
      vertex 12.25 202.10000000000002 2.0999999999999996
      vertex 33.45 202.10000000000002 2.1100000000000003
      vertex 12.25 202.10000000000002 2.1100000000000003
    endloop
  endfacet
  facet normal 0 0 1
    outer loop
      vertex 12.25 202.10000000000002 2.1100000000000003
      vertex 37.95 204.20000000000002 2.1100000000000003
      vertex 12.25 204.20000000000002 2.1100000000000003
    endloop
  endfacet
  facet normal 0 -1 0
    outer loop
      vertex 12.25 202.10000000000002 2.0999999999999996
      vertex 33.45 202.10000000000002 2.0999999999999996
      vertex 33.45 202.10000000000002 2.1100000000000003
    endloop
  endfacet
  facet normal 0 1 0
    outer loop
      vertex 37.95 204.20000000000002 1.29
      vertex 12.25 204.20000000000002 2.1100000000000003
      vertex 37.95 204.20000000000002 2.1100000000000003
    endloop
  endfacet
  facet normal 0.36244626115482653 -0.9320046715413433 -7.64802685732855e-13
    outer loop
      vertex 37.95 203.85000000000002 1.29
      vertex 33.45 202.10000000000002 2.1100000000000003
      vertex 33.46 202.10388888888892 2.0999999999999996
    endloop
  endfacet
  facet normal 0.3624462611549484 -0.9320046715412958 0
    outer loop
      vertex 37.95 203.85000000000002 1.29
      vertex 37.95 203.85000000000002 2.1100000000000003
      vertex 33.45 202.10000000000002 2.1100000000000003
    endloop
  endfacet
  facet normal 0 0 1
    outer loop
      vertex 12.25 202.10000000000002 2.1100000000000003
      vertex 33.45 202.10000000000002 2.1100000000000003
      vertex 37.95 203.85000000000002 2.1100000000000003
    endloop
  endfacet
  facet normal 0 0 1
    outer loop
      vertex 12.25 202.10000000000002 2.1100000000000003
      vertex 37.95 203.85000000000002 2.1100000000000003
      vertex 37.95 204.20000000000002 2.1100000000000003
    endloop
  endfacet
  facet normal 0.3624462611554917 -0.9320046715410847 0
    outer loop
      vertex 33.45 202.10000000000002 2.0999999999999996
      vertex 33.46 202.10388888888892 2.0999999999999996
      vertex 33.45 202.10000000000002 2.1100000000000003
    endloop
  endfacet
  facet normal 1 0 0
    outer loop
      vertex 37.95 204.20000000000002 1.29
      vertex 37.95 204.20000000000002 2.1100000000000003
      vertex 37.95 203.85000000000002 2.1100000000000003
    endloop
  endfacet
  facet normal 0 1 0
    outer loop
      vertex 41.25 194.20000000000002 0.6
      vertex 47.25 194.20000000000002 1.4
      vertex 47.25 194.20000000000002 0.6
    endloop
  endfacet
  facet normal 0 1 0
    outer loop
      vertex 41.25 194.20000000000002 0.6
      vertex 41.25 194.20000000000002 1.4
      vertex 47.25 194.20000000000002 1.4
    endloop
  endfacet
  facet normal 0 0 1
    outer loop
      vertex 41.25 194.20000000000002 1.4
      vertex 41.25 193.42000000000002 1.4
      vertex 47.25 193.42000000000002 1.4
    endloop
  endfacet
  facet normal 0 0 1
    outer loop
      vertex 41.25 194.20000000000002 1.4
      vertex 47.25 193.42000000000002 1.4
      vertex 47.25 194.20000000000002 1.4
    endloop
  endfacet
  facet normal 0 -1 0
    outer loop
      vertex 41.25 202.79999999999998 0.6
      vertex 47.25 202.79999999999998 0.6
      vertex 41.25 202.79999999999998 1.4
    endloop
  endfacet
  facet normal 0 1 0
    outer loop
      vertex 41.25 203.6 0.6
      vertex 47.25 203.6 1.4
      vertex 47.25 203.6 0.6
    endloop
  endfacet
  facet normal 0 -1 0
    outer loop
      vertex 47.25 202.79999999999998 0.6
      vertex 47.25 202.79999999999998 1.4
      vertex 41.25 202.79999999999998 1.4
    endloop
  endfacet
  facet normal 0 1 0
    outer loop
      vertex 41.25 203.6 0.6
      vertex 41.25 203.6 1.4
      vertex 47.25 203.6 1.4
    endloop
  endfacet
  facet normal 0 0 1
    outer loop
      vertex 41.25 202.79999999999998 1.4
      vertex 47.25 202.79999999999998 1.4
      vertex 41.25 203.6 1.4
    endloop
  endfacet
  facet normal 0 0 1
    outer loop
      vertex 41.25 203.6 1.4
      vertex 47.25 202.79999999999998 1.4
      vertex 47.25 203.6 1.4
    endloop
  endfacet
  facet normal -1 0 0
    outer loop
      vertex 47.25 194.20000000000002 1.4
      vertex 47.25 193.42000000000002 1.4
      vertex 47.25 193.42000000000002 2.6499999999999995
    endloop
  endfacet
  facet normal -1 0 0
    outer loop
      vertex 47.25 194.20000000000002 1.4
      vertex 47.25 193.42000000000002 2.6499999999999995
      vertex 47.25 194.20000000000002 2.63
    endloop
  endfacet
  facet normal -1 0 0
    outer loop
      vertex 47.25 194.20000000000002 2.63
      vertex 47.25 193.42000000000002 2.6499999999999995
      vertex 47.25 194.20000000000002 2.6499999999999995
    endloop
  endfacet
  facet normal 0 1 0
    outer loop
      vertex 47.25 194.20000000000002 0.6
      vertex 47.25 194.20000000000002 1.4
      vertex 146 194.20000000000002 0.6
    endloop
  endfacet
  facet normal 0 1 0
    outer loop
      vertex 47.25 194.20000000000002 1.4
      vertex 47.25 194.20000000000002 2.63
      vertex 146 194.20000000000002 0.6
    endloop
  endfacet
  facet normal 0 1 0
    outer loop
      vertex 47.25 194.20000000000002 2.63
      vertex 146 194.20000000000002 2.63
      vertex 146 194.20000000000002 0.6
    endloop
  endfacet
  facet normal -1 0 0
    outer loop
      vertex 47.25 194.20000000000002 2.63
      vertex 47.25 194.20000000000002 2.6499999999999995
      vertex 47.25 195.5 2.63
    endloop
  endfacet
  facet normal -1 0 0
    outer loop
      vertex 47.25 195.5 2.63
      vertex 47.25 194.20000000000002 2.6499999999999995
      vertex 47.25 195.5 3.44
    endloop
  endfacet
  facet normal -1 0 0
    outer loop
      vertex 47.25 193.4 3.44
      vertex 47.25 193.42000000000002 2.6499999999999995
      vertex 47.25 193.4 2.6499999999999995
    endloop
  endfacet
  facet normal -1 0 0
    outer loop
      vertex 47.25 194.20000000000002 2.6499999999999995
      vertex 47.25 193.42000000000002 2.6499999999999995
      vertex 47.25 193.4 3.44
    endloop
  endfacet
  facet normal -1 0 0
    outer loop
      vertex 47.25 194.20000000000002 2.6499999999999995
      vertex 47.25 193.4 3.44
      vertex 47.25 195.5 3.44
    endloop
  endfacet
  facet normal 0 0 -1
    outer loop
      vertex 47.25 194.20000000000002 2.63
      vertex 47.25 195.5 2.63
      vertex 146 194.20000000000002 2.63
    endloop
  endfacet
  facet normal 0 1 0
    outer loop
      vertex 47.25 195.5 2.63
      vertex 47.25 195.5 3.44
      vertex 146 195.5 2.63
    endloop
  endfacet
  facet normal 0 -1 0
    outer loop
      vertex 47.25 193.4 3.44
      vertex 47.25 193.4 2.6499999999999995
      vertex 146 193.4 3.44
    endloop
  endfacet
  facet normal 0 0 1
    outer loop
      vertex 47.25 193.4 3.44
      vertex 146 195.5 3.44
      vertex 47.25 195.5 3.44
    endloop
  endfacet
  facet normal 0 0 -1
    outer loop
      vertex 47.25 195.5 2.63
      vertex 146 195.5 2.63
      vertex 146 194.20000000000002 2.63
    endloop
  endfacet
  facet normal 0 -1 0
    outer loop
      vertex 146 193.4 3.44
      vertex 47.25 193.4 2.6499999999999995
      vertex 146 193.4 2.6499999999999995
    endloop
  endfacet
  facet normal 0 1 0
    outer loop
      vertex 47.25 195.5 3.44
      vertex 146 195.5 3.44
      vertex 146 195.5 2.63
    endloop
  endfacet
  facet normal 0 0 1
    outer loop
      vertex 47.25 193.4 3.44
      vertex 146 193.4 3.44
      vertex 146 195.5 3.44
    endloop
  endfacet
  facet normal -1 0 0
    outer loop
      vertex 47.25 202.79999999999998 1.4
      vertex 47.25 203.6 2.6499999999999995
      vertex 47.25 203.6 1.4
    endloop
  endfacet
  facet normal -1 0 0
    outer loop
      vertex 47.25 202.79999999999998 1.4
      vertex 47.25 202.79999999999998 2.63
      vertex 47.25 203.6 2.6499999999999995
    endloop
  endfacet
  facet normal -1 0 0
    outer loop
      vertex 47.25 202.79999999999998 2.63
      vertex 47.25 202.79999999999998 2.6499999999999995
      vertex 47.25 203.6 2.6499999999999995
    endloop
  endfacet
  facet normal 0 -1 0
    outer loop
      vertex 47.25 202.79999999999998 0.6
      vertex 146 202.79999999999998 0.6
      vertex 47.25 202.79999999999998 1.4
    endloop
  endfacet
  facet normal 0 1 0
    outer loop
      vertex 47.25 203.6 0.6
      vertex 47.25 203.6 1.4
      vertex 146 203.6 0.6
    endloop
  endfacet
  facet normal 0 -1 0
    outer loop
      vertex 47.25 202.79999999999998 1.4
      vertex 146 202.79999999999998 0.6
      vertex 47.25 202.79999999999998 2.63
    endloop
  endfacet
  facet normal 0 1 0
    outer loop
      vertex 47.25 203.6 1.4
      vertex 47.25 203.6 2.6499999999999995
      vertex 146 203.6 0.6
    endloop
  endfacet
  facet normal 0 -1 0
    outer loop
      vertex 47.25 202.79999999999998 2.63
      vertex 146 202.79999999999998 0.6
      vertex 146 202.79999999999998 2.63
    endloop
  endfacet
  facet normal 0 1 0
    outer loop
      vertex 47.25 203.6 2.6499999999999995
      vertex 146 203.6 2.6499999999999995
      vertex 146 203.6 0.6
    endloop
  endfacet
  facet normal -1 0 0
    outer loop
      vertex 47.25 201.49999999999997 2.63
      vertex 47.25 202.79999999999998 2.6499999999999995
      vertex 47.25 202.79999999999998 2.63
    endloop
  endfacet
  facet normal -1 0 0
    outer loop
      vertex 47.25 201.49999999999997 2.63
      vertex 47.25 203.59999999999997 3.44
      vertex 47.25 202.79999999999998 2.6499999999999995
    endloop
  endfacet
  facet normal -1 0 0
    outer loop
      vertex 47.25 202.79999999999998 2.6499999999999995
      vertex 47.25 203.59999999999997 3.44
      vertex 47.25 203.6 2.6499999999999995
    endloop
  endfacet
  facet normal -1 0 0
    outer loop
      vertex 47.25 201.49999999999997 2.63
      vertex 47.25 201.49999999999997 3.44
      vertex 47.25 203.59999999999997 3.44
    endloop
  endfacet
  facet normal 0 0 -1
    outer loop
      vertex 47.25 201.49999999999997 2.63
      vertex 47.25 202.79999999999998 2.63
      vertex 146 201.49999999999997 2.63
    endloop
  endfacet
  facet normal 0 1 3.5976847380258214e-14
    outer loop
      vertex 47.25 203.6 2.6499999999999995
      vertex 47.25 203.59999999999997 3.44
      vertex 146 203.6 2.6499999999999995
    endloop
  endfacet
  facet normal 0 -1 0
    outer loop
      vertex 47.25 201.49999999999997 2.63
      vertex 146 201.49999999999997 3.44
      vertex 47.25 201.49999999999997 3.44
    endloop
  endfacet
  facet normal 0 0 1
    outer loop
      vertex 47.25 201.49999999999997 3.44
      vertex 146 203.59999999999997 3.44
      vertex 47.25 203.59999999999997 3.44
    endloop
  endfacet
  facet normal 0 0 -1
    outer loop
      vertex 47.25 202.79999999999998 2.63
      vertex 146 202.79999999999998 2.63
      vertex 146 201.49999999999997 2.63
    endloop
  endfacet
  facet normal 0 -1 0
    outer loop
      vertex 47.25 201.49999999999997 2.63
      vertex 146 201.49999999999997 2.63
      vertex 146 201.49999999999997 3.44
    endloop
  endfacet
  facet normal 0 1 3.5976847380258214e-14
    outer loop
      vertex 47.25 203.59999999999997 3.44
      vertex 146 203.59999999999997 3.44
      vertex 146 203.6 2.6499999999999995
    endloop
  endfacet
  facet normal 0 0 1
    outer loop
      vertex 47.25 201.49999999999997 3.44
      vertex 146 201.49999999999997 3.44
      vertex 146 203.59999999999997 3.44
    endloop
  endfacet
  facet normal -1 0 0
    outer loop
      vertex 40.05 203.6 0.6
      vertex 40.05 193.42000000000002 0.6
      vertex 40.05 193.42000000000002 1.5559585492227979
    endloop
  endfacet
  facet normal 1 0 0
    outer loop
      vertex 41.25 194.20000000000002 0.6
      vertex 41.25 202.79999999999998 0.6
      vertex 41.25 194.20000000000002 1.4
    endloop
  endfacet
  facet normal 0 1 0
    outer loop
      vertex 40.05 203.6 0.6
      vertex 41.25 203.6 1.4
      vertex 41.25 203.6 0.6
    endloop
  endfacet
  facet normal 1 0 0
    outer loop
      vertex 41.25 202.79999999999998 0.6
      vertex 41.25 202.79999999999998 1.4
      vertex 41.25 194.20000000000002 1.4
    endloop
  endfacet
  facet normal 0 1 0
    outer loop
      vertex 40.05 203.6 0.6
      vertex 40.05 203.6 2.4
      vertex 41.25 203.6 1.4
    endloop
  endfacet
  facet normal -1 0 0
    outer loop
      vertex 40.05 203.6 0.6
      vertex 40.05 193.42000000000002 1.5559585492227979
      vertex 40.05 203.6 2.4
    endloop
  endfacet
  facet normal 1 0 0
    outer loop
      vertex 41.25 194.20000000000002 1.4
      vertex 41.25 193.42000000000002 2.4
      vertex 41.25 193.42000000000002 1.4
    endloop
  endfacet
  facet normal 1 0 0
    outer loop
      vertex 41.25 202.79999999999998 1.4
      vertex 41.25 193.42000000000002 2.4
      vertex 41.25 194.20000000000002 1.4
    endloop
  endfacet
  facet normal -1 0 0
    outer loop
      vertex 40.05 193.4 2.4
      vertex 40.05 193.42000000000002 1.5559585492227979
      vertex 40.05 193.4 1.5450955891540614
    endloop
  endfacet
  facet normal -1 0 0
    outer loop
      vertex 40.05 193.42000000000002 1.5559585492227979
      vertex 40.05 193.4 2.4
      vertex 40.05 193.42000000000002 2.4
    endloop
  endfacet
  facet normal -1 0 0
    outer loop
      vertex 40.05 193.42000000000002 2.4
      vertex 40.05 203.6 2.4
      vertex 40.05 193.42000000000002 1.5559585492227979
    endloop
  endfacet
  facet normal 1 0 0
    outer loop
      vertex 41.25 202.79999999999998 1.4
      vertex 41.25 203.6 1.4
      vertex 41.25 203.6 2.4
    endloop
  endfacet
  facet normal 1 0 0
    outer loop
      vertex 41.25 202.79999999999998 1.4
      vertex 41.25 203.6 2.4
      vertex 41.25 193.42000000000002 2.4
    endloop
  endfacet
  facet normal 0 1 0
    outer loop
      vertex 41.25 203.6 1.4
      vertex 40.05 203.6 2.4
      vertex 41.25 203.6 2.4
    endloop
  endfacet
  facet normal 0 0 1
    outer loop
      vertex 40.05 203.6 2.4
      vertex 40.05 193.42000000000002 2.4
      vertex 41.25 193.42000000000002 2.4
    endloop
  endfacet
  facet normal 0 0 1
    outer loop
      vertex 40.05 203.6 2.4
      vertex 41.25 193.42000000000002 2.4
      vertex 41.25 203.6 2.4
    endloop
  endfacet
  facet normal 1 0 0
    outer loop
      vertex 12.25 16.4 0.6
      vertex 12.25 15.099999999999998 1.2899999999999998
      vertex 12.25 6.6 0.6
    endloop
  endfacet
  facet normal 1 0 0
    outer loop
      vertex 12.25 27.400000000000002 0.6
      vertex 12.25 26.1 1.29
      vertex 12.25 17.6 0.6
    endloop
  endfacet
  facet normal 1 0 0
    outer loop
      vertex 12.25 38.400000000000006 0.6
      vertex 12.25 37.1 1.29
      vertex 12.25 28.6 0.6
    endloop
  endfacet
  facet normal 1 0 0
    outer loop
      vertex 12.25 49.4 0.6
      vertex 12.25 48.099999999999994 1.29
      vertex 12.25 39.599999999999994 0.6
    endloop
  endfacet
  facet normal 1 0 0
    outer loop
      vertex 12.25 16.4 0.6
      vertex 12.25 16.4 1.2899999999999998
      vertex 12.25 15.099999999999998 1.2899999999999998
    endloop
  endfacet
  facet normal 1 0 0
    outer loop
      vertex 12.25 2 0.6
      vertex 12.25 5.8 1.2938028169014084
      vertex 12.25 5.8 2.1100000000000003
    endloop
  endfacet
  facet normal 1 0 0
    outer loop
      vertex 12.25 27.400000000000002 0.6
      vertex 12.25 27.400000000000002 1.2899999999999998
      vertex 12.25 26.1 1.29
    endloop
  endfacet
  facet normal 1 0 0
    outer loop
      vertex 12.25 38.400000000000006 0.6
      vertex 12.25 38.400000000000006 1.2899999999999998
      vertex 12.25 37.1 1.29
    endloop
  endfacet
  facet normal 1 0 0
    outer loop
      vertex 12.25 49.4 0.6
      vertex 12.25 49.4 1.2899999999999998
      vertex 12.25 48.099999999999994 1.29
    endloop
  endfacet
  facet normal 1 0 0
    outer loop
      vertex 12.25 60.4 0.6
      vertex 12.25 60.4 1.2899999999999998
      vertex 12.25 59.099999999999994 1.29
    endloop
  endfacet
  facet normal 1 0 0
    outer loop
      vertex 12.25 71.4 0.6
      vertex 12.25 71.4 1.2899999999999998
      vertex 12.25 70.10000000000001 1.29
    endloop
  endfacet
  facet normal 1 0 0
    outer loop
      vertex 12.25 82.4 0.6
      vertex 12.25 82.4 1.2899999999999998
      vertex 12.25 81.10000000000001 1.29
    endloop
  endfacet
  facet normal 1 0 0
    outer loop
      vertex 12.25 93.4 0.6
      vertex 12.25 93.4 1.2899999999999998
      vertex 12.25 92.10000000000001 1.29
    endloop
  endfacet
  facet normal 1 0 0
    outer loop
      vertex 12.25 104.4 0.6
      vertex 12.25 104.4 1.2899999999999998
      vertex 12.25 103.10000000000001 1.29
    endloop
  endfacet
  facet normal 1 0 0
    outer loop
      vertex 12.25 2 0.6
      vertex 12.25 5.8 2.1100000000000003
      vertex 12.25 2 3.45
    endloop
  endfacet
  facet normal 1 0 0
    outer loop
      vertex 12.25 5.8 2.1100000000000003
      vertex 12.25 7.9 2.1100000000000003
      vertex 12.25 2 3.45
    endloop
  endfacet
  facet normal 1 0 0
    outer loop
      vertex 12.25 7.9 2.1100000000000003
      vertex 12.25 15.1 2.1100000000000003
      vertex 12.25 2 3.45
    endloop
  endfacet
  facet normal 1 0 0
    outer loop
      vertex 12.25 15.1 2.1100000000000003
      vertex 12.25 16.8001698204755 2.1100000000000003
      vertex 12.25 2 3.45
    endloop
  endfacet
  facet normal 1 0 0
    outer loop
      vertex 12.25 16.8001698204755 2.1100000000000003
      vertex 12.25 18.900000000000002 2.1100000000000003
      vertex 12.25 2 3.45
    endloop
  endfacet
  facet normal 1 0 0
    outer loop
      vertex 12.25 26.1 2.1100000000000003
      vertex 12.25 2 3.45
      vertex 12.25 18.900000000000002 2.1100000000000003
    endloop
  endfacet
  facet normal 1 0 0
    outer loop
      vertex 12.25 26.1 2.1100000000000003
      vertex 12.25 27.80985915492958 2.1100000000000003
      vertex 12.25 2 3.45
    endloop
  endfacet
  facet normal 1 0 0
    outer loop
      vertex 12.25 27.80985915492958 2.1100000000000003
      vertex 12.25 29.900000000000002 2.1100000000000003
      vertex 12.25 2 3.45
    endloop
  endfacet
  facet normal 1 0 0
    outer loop
      vertex 12.25 29.900000000000002 2.1100000000000003
      vertex 12.25 37.1 2.1100000000000003
      vertex 12.25 2 3.45
    endloop
  endfacet
  facet normal 1 0 0
    outer loop
      vertex 12.25 37.1 2.1100000000000003
      vertex 12.25 39.19864341085272 2.1100000000000003
      vertex 12.25 2 3.45
    endloop
  endfacet
  facet normal 1 0 0
    outer loop
      vertex 12.25 39.19864341085272 2.1100000000000003
      vertex 12.25 40.9 2.1100000000000003
      vertex 12.25 2 3.45
    endloop
  endfacet
  facet normal 1 0 0
    outer loop
      vertex 12.25 40.9 2.1100000000000003
      vertex 12.25 48.099999999999994 2.1100000000000003
      vertex 12.25 2 3.45
    endloop
  endfacet
  facet normal 1 0 0
    outer loop
      vertex 12.25 48.099999999999994 2.1100000000000003
      vertex 12.25 50.199999999999996 2.1100000000000003
      vertex 12.25 2 3.45
    endloop
  endfacet
  facet normal 1 0 0
    outer loop
      vertex 12.25 50.199999999999996 2.1100000000000003
      vertex 12.25 51.9 2.1100000000000003
      vertex 12.25 2 3.45
    endloop
  endfacet
  facet normal 1 0 0
    outer loop
      vertex 12.25 51.9 2.1100000000000003
      vertex 12.25 59.099999999999994 2.1100000000000003
      vertex 12.25 2 3.45
    endloop
  endfacet
  facet normal 1 0 0
    outer loop
      vertex 12.25 59.099999999999994 2.1100000000000003
      vertex 12.25 61.19864341085271 2.1100000000000003
      vertex 12.25 2 3.45
    endloop
  endfacet
  facet normal 1 0 0
    outer loop
      vertex 12.25 61.19864341085271 2.1100000000000003
      vertex 12.25 62.9 2.1100000000000003
      vertex 12.25 2 3.45
    endloop
  endfacet
  facet normal 1 0 0
    outer loop
      vertex 12.25 62.9 2.1100000000000003
      vertex 12.25 70.10000000000001 2.1100000000000003
      vertex 12.25 2 3.45
    endloop
  endfacet
  facet normal 1 0 0
    outer loop
      vertex 12.25 70.10000000000001 2.1100000000000003
      vertex 12.25 71.80985915492957 2.1100000000000003
      vertex 12.25 2 3.45
    endloop
  endfacet
  facet normal 1 0 0
    outer loop
      vertex 12.25 71.80985915492957 2.1100000000000003
      vertex 12.25 73.89999999999999 2.1100000000000003
      vertex 12.25 2 3.45
    endloop
  endfacet
  facet normal 1 0 0
    outer loop
      vertex 12.25 73.89999999999999 2.1100000000000003
      vertex 12.25 81.10000000000001 2.1100000000000003
      vertex 12.25 2 3.45
    endloop
  endfacet
  facet normal 1 0 0
    outer loop
      vertex 12.25 81.10000000000001 2.1100000000000003
      vertex 12.25 83.19864341085271 2.1100000000000003
      vertex 12.25 2 3.45
    endloop
  endfacet
  facet normal 1 0 0
    outer loop
      vertex 12.25 83.19864341085271 2.1100000000000003
      vertex 12.25 84.89999999999999 2.1100000000000003
      vertex 12.25 2 3.45
    endloop
  endfacet
  facet normal 1 0 0
    outer loop
      vertex 12.25 84.89999999999999 2.1100000000000003
      vertex 12.25 92.10000000000001 2.1100000000000003
      vertex 12.25 2 3.45
    endloop
  endfacet
  facet normal 1 0 0
    outer loop
      vertex 12.25 92.10000000000001 2.1100000000000003
      vertex 12.25 93.80985915492957 2.1100000000000003
      vertex 12.25 2 3.45
    endloop
  endfacet
  facet normal 1 0 0
    outer loop
      vertex 12.25 93.80985915492957 2.1100000000000003
      vertex 12.25 95.89999999999999 2.1100000000000003
      vertex 12.25 2 3.45
    endloop
  endfacet
  facet normal 1 0 0
    outer loop
      vertex 12.25 2 3.45
      vertex 12.25 95.89999999999999 2.1100000000000003
      vertex 12.25 103.10000000000001 2.1100000000000003
    endloop
  endfacet
  facet normal 1 0 0
    outer loop
      vertex 12.25 2 3.45
      vertex 12.25 103.10000000000001 2.1100000000000003
      vertex 12.25 104.80016982047549 2.1100000000000003
    endloop
  endfacet
  facet normal 1 0 0
    outer loop
      vertex 12.25 2 3.45
      vertex 12.25 104.80016982047549 2.1100000000000003
      vertex 12.25 106.89999999999999 2.1100000000000003
    endloop
  endfacet
  facet normal 1 0 0
    outer loop
      vertex 12.25 2 3.45
      vertex 12.25 106.89999999999999 2.1100000000000003
      vertex 12.25 114.10000000000001 2.1100000000000003
    endloop
  endfacet
  facet normal 1 0 0
    outer loop
      vertex 12.25 2 3.45
      vertex 12.25 114.10000000000001 2.1100000000000003
      vertex 12.25 115.80985915492957 2.1100000000000003
    endloop
  endfacet
  facet normal 1 0 0
    outer loop
      vertex 12.25 2 3.45
      vertex 12.25 115.80985915492957 2.1100000000000003
      vertex 12.25 117.89999999999999 2.1100000000000003
    endloop
  endfacet
  facet normal 1 0 0
    outer loop
      vertex 12.25 2 3.45
      vertex 12.25 117.89999999999999 2.1100000000000003
      vertex 12.25 125.10000000000001 2.1100000000000003
    endloop
  endfacet
  facet normal 1 0 0
    outer loop
      vertex 12.25 2 3.45
      vertex 12.25 125.10000000000001 2.1100000000000003
      vertex 12.25 127.19864341085271 2.1100000000000003
    endloop
  endfacet
  facet normal 1 0 0
    outer loop
      vertex 12.25 2 3.45
      vertex 12.25 127.19864341085271 2.1100000000000003
      vertex 12.25 128.9 2.1100000000000003
    endloop
  endfacet
  facet normal 1 0 0
    outer loop
      vertex 12.25 2 3.45
      vertex 12.25 128.9 2.1100000000000003
      vertex 12.25 136.1 2.1100000000000003
    endloop
  endfacet
  facet normal 1 0 0
    outer loop
      vertex 12.25 2 3.45
      vertex 12.25 136.1 2.1100000000000003
      vertex 12.25 137.8098591549296 2.1100000000000003
    endloop
  endfacet
  facet normal 1 0 0
    outer loop
      vertex 12.25 2 3.45
      vertex 12.25 137.8098591549296 2.1100000000000003
      vertex 12.25 139.9 2.1100000000000003
    endloop
  endfacet
  facet normal 1 0 0
    outer loop
      vertex 12.25 2 3.45
      vertex 12.25 139.9 2.1100000000000003
      vertex 12.25 147.10000000000002 2.1100000000000003
    endloop
  endfacet
  facet normal 1 0 0
    outer loop
      vertex 12.25 2 3.45
      vertex 12.25 147.10000000000002 2.1100000000000003
      vertex 12.25 148.8001698204755 2.1100000000000003
    endloop
  endfacet
  facet normal 1 0 0
    outer loop
      vertex 12.25 2 3.45
      vertex 12.25 148.8001698204755 2.1100000000000003
      vertex 12.25 150.9 2.1100000000000003
    endloop
  endfacet
  facet normal 1 0 0
    outer loop
      vertex 12.25 2 3.45
      vertex 12.25 150.9 2.1100000000000003
      vertex 12.25 158.10000000000002 2.1100000000000003
    endloop
  endfacet
  facet normal 0 0 1
    outer loop
      vertex 12.230991523246853 1.9958900590804007 3.45
      vertex 12.25 2 3.45
      vertex 10.264960020634511 208.42919783337632 3.45
    endloop
  endfacet
  facet normal 1 0 0
    outer loop
      vertex 12.25 115.4 0.6
      vertex 12.25 114.10000000000001 1.29
      vertex 12.25 105.6 0.6
    endloop
  endfacet
  facet normal 1 0 0
    outer loop
      vertex 12.25 126.4 0.6
      vertex 12.25 125.10000000000001 1.29
      vertex 12.25 116.6 0.6
    endloop
  endfacet
  facet normal 1 0 0
    outer loop
      vertex 12.25 127.6 0.6
      vertex 12.25 137.39999999999998 0.6
      vertex 12.25 136.09999999999997 1.2899999999999998
    endloop
  endfacet
  facet normal 1 0 0
    outer loop
      vertex 12.25 138.60000000000002 0.6
      vertex 12.25 148.4 0.6
      vertex 12.25 147.1 1.2899999999999998
    endloop
  endfacet
  facet normal 1 0 0
    outer loop
      vertex 12.25 149.60000000000002 0.6
      vertex 12.25 159.4 0.6
      vertex 12.25 158.1 1.2899999999999998
    endloop
  endfacet
  facet normal 1 0 0
    outer loop
      vertex 12.25 115.4 0.6
      vertex 12.25 115.4 1.2899999999999998
      vertex 12.25 114.10000000000001 1.29
    endloop
  endfacet
  facet normal 1 0 0
    outer loop
      vertex 12.25 126.4 0.6
      vertex 12.25 126.4 1.2899999999999998
      vertex 12.25 125.10000000000001 1.29
    endloop
  endfacet
  facet normal 1 0 0
    outer loop
      vertex 12.25 137.39999999999998 0.6
      vertex 12.25 137.39999999999998 1.29
      vertex 12.25 136.09999999999997 1.2899999999999998
    endloop
  endfacet
  facet normal 1 0 0
    outer loop
      vertex 12.25 148.4 0.6
      vertex 12.25 148.4 1.29
      vertex 12.25 147.1 1.2899999999999998
    endloop
  endfacet
  facet normal 1 0 0
    outer loop
      vertex 12.25 160.60000000000002 0.6
      vertex 12.25 170.4 0.6
      vertex 12.25 169.1 1.2899999999999998
    endloop
  endfacet
  facet normal 1 0 0
    outer loop
      vertex 12.25 171.60000000000002 0.6
      vertex 12.25 181.4 0.6
      vertex 12.25 180.1 1.2899999999999998
    endloop
  endfacet
  facet normal 1 0 0
    outer loop
      vertex 12.25 182.60000000000002 0.6
      vertex 12.25 192.4 0.6
      vertex 12.25 191.1 1.2899999999999998
    endloop
  endfacet
  facet normal 1 0 0
    outer loop
      vertex 12.25 193.60000000000002 0.6
      vertex 12.25 203.4 0.6
      vertex 12.25 202.1 1.2899999999999998
    endloop
  endfacet
  facet normal 1 0 0
    outer loop
      vertex 12.25 159.4 0.6
      vertex 12.25 159.4 1.29
      vertex 12.25 158.1 1.2899999999999998
    endloop
  endfacet
  facet normal 1 0 0
    outer loop
      vertex 12.25 169.1 1.2899999999999998
      vertex 12.25 170.4 0.6
      vertex 12.25 170.4 1.29
    endloop
  endfacet
  facet normal 1 0 0
    outer loop
      vertex 12.25 180.1 1.2899999999999998
      vertex 12.25 181.4 0.6
      vertex 12.25 181.4 1.29
    endloop
  endfacet
  facet normal 1 0 0
    outer loop
      vertex 12.25 191.1 1.2899999999999998
      vertex 12.25 192.4 0.6
      vertex 12.25 192.4 1.29
    endloop
  endfacet
  facet normal 1 0 0
    outer loop
      vertex 12.25 202.1 1.2899999999999998
      vertex 12.25 203.4 0.6
      vertex 12.25 203.4 1.29
    endloop
  endfacet
  facet normal 1 0 0
    outer loop
      vertex 12.25 106.89999999999999 2.1100000000000003
      vertex 12.25 106.89999999999999 2.0999999999999996
      vertex 12.25 114.10000000000001 2.1100000000000003
    endloop
  endfacet
  facet normal 1 0 0
    outer loop
      vertex 12.25 2 3.45
      vertex 12.25 158.10000000000002 2.1100000000000003
      vertex 12.25 159.8098591549296 2.1100000000000003
    endloop
  endfacet
  facet normal 1 0 0
    outer loop
      vertex 12.25 2 3.45
      vertex 12.25 159.8098591549296 2.1100000000000003
      vertex 12.25 161.9 2.1100000000000003
    endloop
  endfacet
  facet normal 1 0 0
    outer loop
      vertex 12.25 2 3.45
      vertex 12.25 161.9 2.1100000000000003
      vertex 12.25 169.10000000000002 2.1100000000000003
    endloop
  endfacet
  facet normal 1 0 0
    outer loop
      vertex 12.25 2 3.45
      vertex 12.25 169.10000000000002 2.1100000000000003
      vertex 12.25 170.8001698204755 2.1100000000000003
    endloop
  endfacet
  facet normal 1 0 0
    outer loop
      vertex 12.25 2 3.45
      vertex 12.25 170.8001698204755 2.1100000000000003
      vertex 12.25 172.9 2.1100000000000003
    endloop
  endfacet
  facet normal 1 0 0
    outer loop
      vertex 12.25 2 3.45
      vertex 12.25 172.9 2.1100000000000003
      vertex 12.25 180.10000000000002 2.1100000000000003
    endloop
  endfacet
  facet normal 1 0 0
    outer loop
      vertex 12.25 2 3.45
      vertex 12.25 180.10000000000002 2.1100000000000003
      vertex 12.25 181.8098591549296 2.1100000000000003
    endloop
  endfacet
  facet normal 1 0 0
    outer loop
      vertex 12.25 2 3.45
      vertex 12.25 181.8098591549296 2.1100000000000003
      vertex 12.25 183.9 2.1100000000000003
    endloop
  endfacet
  facet normal 1 0 0
    outer loop
      vertex 12.25 2 3.45
      vertex 12.25 183.9 2.1100000000000003
      vertex 12.25 208 3.45
    endloop
  endfacet
  facet normal 0 0 1
    outer loop
      vertex 10.264960020634511 208.42919783337632 3.45
      vertex 12.25 2 3.45
      vertex 12.25 208 3.45
    endloop
  endfacet
  facet normal 1 0 0
    outer loop
      vertex 12.25 204.20000000000002 2.1100000000000003
      vertex 12.25 208 0.6
      vertex 12.25 208 3.45
    endloop
  endfacet
  facet normal 1 0 0
    outer loop
      vertex 12.25 183.9 2.1100000000000003
      vertex 12.25 191.10000000000002 2.1100000000000003
      vertex 12.25 208 3.45
    endloop
  endfacet
  facet normal 1 0 0
    outer loop
      vertex 12.25 191.10000000000002 2.1100000000000003
      vertex 12.25 192.8001698204755 2.1100000000000003
      vertex 12.25 208 3.45
    endloop
  endfacet
  facet normal 1 0 0
    outer loop
      vertex 12.25 192.8001698204755 2.1100000000000003
      vertex 12.25 194.9 2.1100000000000003
      vertex 12.25 208 3.45
    endloop
  endfacet
  facet normal 1 0 0
    outer loop
      vertex 12.25 194.9 2.1100000000000003
      vertex 12.25 202.10000000000002 2.1100000000000003
      vertex 12.25 208 3.45
    endloop
  endfacet
  facet normal 1 0 0
    outer loop
      vertex 12.25 202.10000000000002 2.1100000000000003
      vertex 12.25 204.20000000000002 2.1100000000000003
      vertex 12.25 208 3.45
    endloop
  endfacet
endsolid OpenSCAD_Model
