solid OpenSCAD_Model
  facet normal 0 0 1
    outer loop
      vertex 12.25 2 0.6
      vertex 33.46 20.8 0.6
      vertex 12.25 20.8 0.6
    endloop
  endfacet
  facet normal 0 0 1
    outer loop
      vertex 12.25 2 0.6
      vertex 40.05 21.4 0.6
      vertex 33.46 20.8 0.6
    endloop
  endfacet
  facet normal 0 0 1
    outer loop
      vertex 12.25 2 0.6
      vertex 41.25 21.4 0.6
      vertex 40.05 21.4 0.6
    endloop
  endfacet
  facet normal 0 0 1
    outer loop
      vertex 12.25 2 0.6
      vertex 47.25 21.4 0.6
      vertex 41.25 21.4 0.6
    endloop
  endfacet
  facet normal 0 0 1
    outer loop
      vertex 12.25 21.6 0.6
      vertex 33.46 21.6 0.6
      vertex 12.25 31.400000000000002 0.6
    endloop
  endfacet
  facet normal 0 0 1
    outer loop
      vertex 12.25 32.6 0.6
      vertex 33.46 32.6 0.6
      vertex 12.25 42.400000000000006 0.6
    endloop
  endfacet
  facet normal 0 0 1
    outer loop
      vertex 12.25 31.400000000000002 0.6
      vertex 33.46 21.6 0.6
      vertex 33.46 31.400000000000002 0.6
    endloop
  endfacet
  facet normal 0 0 1
    outer loop
      vertex 12.25 2 0.6
      vertex 138 21.4 0.6
      vertex 47.25 21.4 0.6
    endloop
  endfacet
  facet normal 0 1 0
    outer loop
      vertex 12.25 2 0.6
      vertex 12.25 2 3.45
      vertex 137 2 0.6
    endloop
  endfacet
  facet normal 0 0 1
    outer loop
      vertex 33.46 20.8 0.6
      vertex 40.05 21.4 0.6
      vertex 33.46 21.6 0.6
    endloop
  endfacet
  facet normal 0 0 1
    outer loop
      vertex 33.46 21.6 0.6
      vertex 40.05 21.4 0.6
      vertex 40.05 31.58 0.6
    endloop
  endfacet
  facet normal 0 0 1
    outer loop
      vertex 41.25 22.2 0.6
      vertex 47.25 30.799999999999997 0.6
      vertex 41.25 30.799999999999997 0.6
    endloop
  endfacet
  facet normal 0 0 1
    outer loop
      vertex 41.25 22.2 0.6
      vertex 47.25 22.2 0.6
      vertex 47.25 30.799999999999997 0.6
    endloop
  endfacet
  facet normal 0 0 1
    outer loop
      vertex 33.46 21.6 0.6
      vertex 40.05 32.42 0.6
      vertex 33.46 31.400000000000002 0.6
    endloop
  endfacet
  facet normal 0 0 1
    outer loop
      vertex 33.46 21.6 0.6
      vertex 40.05 31.58 0.6
      vertex 40.05 31.58407766990291 0.6
    endloop
  endfacet
  facet normal 0 0 1
    outer loop
      vertex 33.46 21.6 0.6
      vertex 40.05 31.58407766990291 0.6
      vertex 40.05 32.42 0.6
    endloop
  endfacet
  facet normal 0 0 1
    outer loop
      vertex 33.46 31.400000000000002 0.6
      vertex 40.05 32.42 0.6
      vertex 33.46 31.8 0.6
    endloop
  endfacet
  facet normal 0 0 1
    outer loop
      vertex 33.46 31.8 0.6
      vertex 40.05 32.42 0.6
      vertex 33.46 32.2 0.6
    endloop
  endfacet
  facet normal 0 0 1
    outer loop
      vertex 33.46 32.2 0.6
      vertex 40.05 32.42 0.6
      vertex 33.46 32.6 0.6
    endloop
  endfacet
  facet normal 0 0 1
    outer loop
      vertex 33.46 32.6 0.6
      vertex 40.05 32.42 0.6
      vertex 40.05 42.58 0.6
    endloop
  endfacet
  facet normal 0 0 1
    outer loop
      vertex 41.25 33.199999999999996 0.6
      vertex 47.25 33.199999999999996 0.6
      vertex 47.25 41.8 0.6
    endloop
  endfacet
  facet normal 0 0 1
    outer loop
      vertex 33.46 32.6 0.6
      vertex 33.46 42.400000000000006 0.6
      vertex 12.25 42.400000000000006 0.6
    endloop
  endfacet
  facet normal 0 0 1
    outer loop
      vertex 12.25 43.599999999999994 0.6
      vertex 33.46 43.599999999999994 0.6
      vertex 33.46 53.4 0.6
    endloop
  endfacet
  facet normal 0 0 1
    outer loop
      vertex 12.25 43.599999999999994 0.6
      vertex 33.46 53.4 0.6
      vertex 12.25 53.4 0.6
    endloop
  endfacet
  facet normal 0 0 1
    outer loop
      vertex 12.25 54.199999999999996 0.6
      vertex 33.46 54.199999999999996 0.6
      vertex 12.25 73 0.6
    endloop
  endfacet
  facet normal 0 0 1
    outer loop
      vertex 33.46 54.199999999999996 0.6
      vertex 41.25 53.599999999999994 0.6
      vertex 12.25 73 0.6
    endloop
  endfacet
  facet normal 0 0 1
    outer loop
      vertex 33.46 32.6 0.6
      vertex 40.05 43.42 0.6
      vertex 33.46 42.400000000000006 0.6
    endloop
  endfacet
  facet normal 0 0 1
    outer loop
      vertex 33.46 32.6 0.6
      vertex 40.05 42.58 0.6
      vertex 40.05 42.58407766990291 0.6
    endloop
  endfacet
  facet normal 0 0 1
    outer loop
      vertex 33.46 32.6 0.6
      vertex 40.05 42.58407766990291 0.6
      vertex 40.05 43.42 0.6
    endloop
  endfacet
  facet normal 0 0 1
    outer loop
      vertex 41.25 33.199999999999996 0.6
      vertex 47.25 41.8 0.6
      vertex 41.25 41.8 0.6
    endloop
  endfacet
  facet normal 0 0 1
    outer loop
      vertex 33.46 42.400000000000006 0.6
      vertex 40.05 43.42 0.6
      vertex 33.46 42.8 0.6
    endloop
  endfacet
  facet normal 0 0 1
    outer loop
      vertex 33.46 42.8 0.6
      vertex 40.05 43.42 0.6
      vertex 33.46 43.2 0.6
    endloop
  endfacet
  facet normal 0 0 1
    outer loop
      vertex 33.46 43.2 0.6
      vertex 40.05 43.42 0.6
      vertex 33.46 43.599999999999994 0.6
    endloop
  endfacet
  facet normal 0 0 1
    outer loop
      vertex 33.46 43.599999999999994 0.6
      vertex 40.05 43.42 0.6
      vertex 40.05 53.599999999999994 0.6
    endloop
  endfacet
  facet normal 0 0 1
    outer loop
      vertex 33.46 43.599999999999994 0.6
      vertex 40.05 53.599999999999994 0.6
      vertex 33.46 53.4 0.6
    endloop
  endfacet
  facet normal 0 0 1
    outer loop
      vertex 41.25 44.199999999999996 0.6
      vertex 47.25 52.8 0.6
      vertex 41.25 52.8 0.6
    endloop
  endfacet
  facet normal 0 0 1
    outer loop
      vertex 33.46 53.4 0.6
      vertex 40.05 53.599999999999994 0.6
      vertex 33.46 54.199999999999996 0.6
    endloop
  endfacet
  facet normal 0 0 1
    outer loop
      vertex 33.46 54.199999999999996 0.6
      vertex 40.05 53.599999999999994 0.6
      vertex 41.25 53.599999999999994 0.6
    endloop
  endfacet
  facet normal 0 0 1
    outer loop
      vertex 41.25 44.199999999999996 0.6
      vertex 47.25 44.199999999999996 0.6
      vertex 47.25 52.8 0.6
    endloop
  endfacet
  facet normal 0 0 1
    outer loop
      vertex 12.25 73 0.6
      vertex 41.25 53.599999999999994 0.6
      vertex 137 73 0.6
    endloop
  endfacet
  facet normal 0 -1 0
    outer loop
      vertex 12.25 73 0.6
      vertex 137 73 3.45
      vertex 12.25 73 3.45
    endloop
  endfacet
  facet normal 0 0 1
    outer loop
      vertex 12.25 2 0.6
      vertex 137 2 0.6
      vertex 138 21.4 0.6
    endloop
  endfacet
  facet normal 0 0 1
    outer loop
      vertex 47.25 22.2 0.6
      vertex 138 30.799999999999997 0.6
      vertex 47.25 30.799999999999997 0.6
    endloop
  endfacet
  facet normal 0 0 1
    outer loop
      vertex 137 2 0.6
      vertex 137.19509032201614 2.0192147195967696 0.6
      vertex 138 21.4 0.6
    endloop
  endfacet
  facet normal 0 0 1
    outer loop
      vertex 137.19509032201614 2.0192147195967696 0.6
      vertex 137.3826834323651 2.076120467488713 0.6
      vertex 138 21.4 0.6
    endloop
  endfacet
  facet normal 0 0 1
    outer loop
      vertex 137.3826834323651 2.076120467488713 0.6
      vertex 137.5555702330196 2.1685303876974547 0.6
      vertex 138 21.4 0.6
    endloop
  endfacet
  facet normal 0 0 1
    outer loop
      vertex 137.5555702330196 2.1685303876974547 0.6
      vertex 137.70710678118655 2.2928932188134525 0.6
      vertex 138 21.4 0.6
    endloop
  endfacet
  facet normal 0 0 1
    outer loop
      vertex 137.70710678118655 2.2928932188134525 0.6
      vertex 137.83146961230256 2.444429766980398 0.6
      vertex 138 21.4 0.6
    endloop
  endfacet
  facet normal 0 0 1
    outer loop
      vertex 137.83146961230256 2.444429766980398 0.6
      vertex 137.92387953251128 2.6173165676349104 0.6
      vertex 138 21.4 0.6
    endloop
  endfacet
  facet normal 0 0 1
    outer loop
      vertex 137.92387953251128 2.6173165676349104 0.6
      vertex 137.98078528040324 2.804909677983872 0.6
      vertex 138 21.4 0.6
    endloop
  endfacet
  facet normal 0 0 1
    outer loop
      vertex 137.98078528040324 2.804909677983872 0.6
      vertex 138 3 0.6
      vertex 138 21.4 0.6
    endloop
  endfacet
  facet normal -0.09801714032955378 0.9951847266721976 0
    outer loop
      vertex 137 2 0.6
      vertex 137 2 3.45
      vertex 137.19509032201614 2.0192147195967696 0.6
    endloop
  endfacet
  facet normal -0.29028467725446866 0.9569403357322069 0
    outer loop
      vertex 137.19509032201614 2.0192147195967696 0.6
      vertex 137.19509032201614 2.0192147195967696 3.45
      vertex 137.3826834323651 2.076120467488713 0.6
    endloop
  endfacet
  facet normal -0.47139673682600347 0.8819212643483518 0
    outer loop
      vertex 137.3826834323651 2.076120467488713 0.6
      vertex 137.3826834323651 2.076120467488713 3.45
      vertex 137.5555702330196 2.1685303876974547 0.6
    endloop
  endfacet
  facet normal -0.6343932841636472 0.7730104533627357 0
    outer loop
      vertex 137.5555702330196 2.1685303876974547 0.6
      vertex 137.5555702330196 2.1685303876974547 3.45
      vertex 137.70710678118655 2.2928932188134525 0.6
    endloop
  endfacet
  facet normal -0.7730104533627253 0.6343932841636595 0
    outer loop
      vertex 137.70710678118655 2.2928932188134525 0.6
      vertex 137.70710678118655 2.2928932188134525 3.45
      vertex 137.83146961230256 2.444429766980398 0.6
    endloop
  endfacet
  facet normal -0.8819212643483936 0.4713967368259256 0
    outer loop
      vertex 137.83146961230256 2.444429766980398 0.6
      vertex 137.83146961230256 2.444429766980398 3.45
      vertex 137.92387953251128 2.6173165676349104 0.6
    endloop
  endfacet
  facet normal -0.9569403357321853 0.29028467725454 0
    outer loop
      vertex 137.92387953251128 2.6173165676349104 0.6
      vertex 137.92387953251128 2.6173165676349104 3.45
      vertex 137.98078528040324 2.804909677983872 0.6
    endloop
  endfacet
  facet normal -0.9951847266722013 0.09801714032951596 0
    outer loop
      vertex 137.98078528040324 2.804909677983872 0.6
      vertex 137.98078528040324 2.804909677983872 3.45
      vertex 138 3 0.6
    endloop
  endfacet
  facet normal -1 0 0
    outer loop
      vertex 138 3 0.6
      vertex 138 21.4 2.6497730277655354
      vertex 138 21.4 0.6
    endloop
  endfacet
  facet normal 0 0 1
    outer loop
      vertex 47.25 22.2 0.6
      vertex 138 22.2 0.6
      vertex 138 30.799999999999997 0.6
    endloop
  endfacet
  facet normal 0 0 1
    outer loop
      vertex 47.25 33.199999999999996 0.6
      vertex 138 33.199999999999996 0.6
      vertex 138 41.8 0.6
    endloop
  endfacet
  facet normal -1 0 0
    outer loop
      vertex 138 22.2 0.6
      vertex 138 22.2 2.63
      vertex 138 30.799999999999997 0.6
    endloop
  endfacet
  facet normal -1 0 0
    outer loop
      vertex 138 33.199999999999996 0.6
      vertex 138 33.199999999999996 2.63
      vertex 138 41.8 0.6
    endloop
  endfacet
  facet normal 0 1 0
    outer loop
      vertex 12.25 2 3.45
      vertex 137 2 3.45
      vertex 137 2 0.6
    endloop
  endfacet
  facet normal -0.09801714032955378 0.9951847266721976 0
    outer loop
      vertex 137.19509032201614 2.0192147195967696 0.6
      vertex 137 2 3.45
      vertex 137.19509032201614 2.0192147195967696 3.45
    endloop
  endfacet
  facet normal -0.29028467725446866 0.9569403357322069 0
    outer loop
      vertex 137.3826834323651 2.076120467488713 0.6
      vertex 137.19509032201614 2.0192147195967696 3.45
      vertex 137.3826834323651 2.076120467488713 3.45
    endloop
  endfacet
  facet normal -0.47139673682600347 0.8819212643483518 0
    outer loop
      vertex 137.5555702330196 2.1685303876974547 0.6
      vertex 137.3826834323651 2.076120467488713 3.45
      vertex 137.5555702330196 2.1685303876974547 3.45
    endloop
  endfacet
  facet normal -0.6343932841636472 0.7730104533627357 0
    outer loop
      vertex 137.70710678118655 2.2928932188134525 0.6
      vertex 137.5555702330196 2.1685303876974547 3.45
      vertex 137.70710678118655 2.2928932188134525 3.45
    endloop
  endfacet
  facet normal -0.7730104533627253 0.6343932841636595 0
    outer loop
      vertex 137.83146961230256 2.444429766980398 0.6
      vertex 137.70710678118655 2.2928932188134525 3.45
      vertex 137.83146961230256 2.444429766980398 3.45
    endloop
  endfacet
  facet normal -0.8819212643483936 0.4713967368259256 0
    outer loop
      vertex 137.92387953251128 2.6173165676349104 0.6
      vertex 137.83146961230256 2.444429766980398 3.45
      vertex 137.92387953251128 2.6173165676349104 3.45
    endloop
  endfacet
  facet normal -0.9569403357321853 0.29028467725454 0
    outer loop
      vertex 137.98078528040324 2.804909677983872 0.6
      vertex 137.92387953251128 2.6173165676349104 3.45
      vertex 137.98078528040324 2.804909677983872 3.45
    endloop
  endfacet
  facet normal -0.9951847266722013 0.09801714032951596 0
    outer loop
      vertex 138 3 0.6
      vertex 137.98078528040324 2.804909677983872 3.45
      vertex 138 3 3.45
    endloop
  endfacet
  facet normal -1 0 0
    outer loop
      vertex 138 3 0.6
      vertex 138 3 3.45
      vertex 138 21.4 2.6497730277655354
    endloop
  endfacet
  facet normal -1 0 0
    outer loop
      vertex 138 3 3.45
      vertex 138 21.4 3.44
      vertex 138 21.4 2.6497730277655354
    endloop
  endfacet
  facet normal -1 0 0
    outer loop
      vertex 138 30.799999999999997 0.6
      vertex 138 22.2 2.63
      vertex 138 23.5 2.63
    endloop
  endfacet
  facet normal -1 0 0
    outer loop
      vertex 138 30.799999999999997 0.6
      vertex 138 23.5 2.63
      vertex 138 23.5 3.44
    endloop
  endfacet
  facet normal -1 0 0
    outer loop
      vertex 138 30.799999999999997 0.6
      vertex 138 23.5 3.44
      vertex 138 29.499999999999996 2.63
    endloop
  endfacet
  facet normal -1 0 0
    outer loop
      vertex 138 30.799999999999997 0.6
      vertex 138 29.499999999999996 2.63
      vertex 138 30.799999999999997 2.63
    endloop
  endfacet
  facet normal -1 0 0
    outer loop
      vertex 138 33.199999999999996 2.63
      vertex 138 34.5 2.63
      vertex 138 41.8 0.6
    endloop
  endfacet
  facet normal -1 0 0
    outer loop
      vertex 138 34.5 2.63
      vertex 138 34.5 3.44
      vertex 138 41.8 0.6
    endloop
  endfacet
  facet normal -1 0 0
    outer loop
      vertex 138 23.5 3.44
      vertex 138 29.499999999999996 3.44
      vertex 138 29.499999999999996 2.63
    endloop
  endfacet
  facet normal -1 0 0
    outer loop
      vertex 138 32.4 3.44
      vertex 138 32.4 2.6499999999999995
      vertex 138 31.599999999999998 2.6499999999999995
    endloop
  endfacet
  facet normal -1 0 0
    outer loop
      vertex 138 31.599999999999998 3.44
      vertex 138 32.4 3.44
      vertex 138 31.599999999999998 2.6499999999999995
    endloop
  endfacet
  facet normal -1 0 0
    outer loop
      vertex 138 3 3.45
      vertex 138 72 3.45
      vertex 138 21.4 3.44
    endloop
  endfacet
  facet normal 0 0 1
    outer loop
      vertex 47.25 33.199999999999996 0.6
      vertex 138 41.8 0.6
      vertex 47.25 41.8 0.6
    endloop
  endfacet
  facet normal 0 0 1
    outer loop
      vertex 47.25 44.199999999999996 0.6
      vertex 138 52.8 0.6
      vertex 47.25 52.8 0.6
    endloop
  endfacet
  facet normal 0 0 1
    outer loop
      vertex 41.25 53.599999999999994 0.6
      vertex 47.25 53.599999999999994 0.6
      vertex 137 73 0.6
    endloop
  endfacet
  facet normal 0 -1 0
    outer loop
      vertex 12.25 73 0.6
      vertex 137 73 0.6
      vertex 137 73 3.45
    endloop
  endfacet
  facet normal 0 0 1
    outer loop
      vertex 47.25 44.199999999999996 0.6
      vertex 138 44.199999999999996 0.6
      vertex 138 52.8 0.6
    endloop
  endfacet
  facet normal -1 0 0
    outer loop
      vertex 138 44.199999999999996 0.6
      vertex 138 44.199999999999996 2.63
      vertex 138 52.8 0.6
    endloop
  endfacet
  facet normal 0 0 1
    outer loop
      vertex 47.25 53.599999999999994 0.6
      vertex 138 53.599999999999994 0.6
      vertex 138 72 0.6
    endloop
  endfacet
  facet normal 0 0 1
    outer loop
      vertex 47.25 53.599999999999994 0.6
      vertex 137.19509032201614 72.98078528040323 0.6
      vertex 137 73 0.6
    endloop
  endfacet
  facet normal 0 0 1
    outer loop
      vertex 47.25 53.599999999999994 0.6
      vertex 137.98078528040324 72.19509032201613 0.6
      vertex 137.92387953251128 72.38268343236508 0.6
    endloop
  endfacet
  facet normal 0 0 1
    outer loop
      vertex 47.25 53.599999999999994 0.6
      vertex 137.92387953251128 72.38268343236508 0.6
      vertex 137.83146961230256 72.55557023301961 0.6
    endloop
  endfacet
  facet normal 0 0 1
    outer loop
      vertex 47.25 53.599999999999994 0.6
      vertex 138 72 0.6
      vertex 137.98078528040324 72.19509032201613 0.6
    endloop
  endfacet
  facet normal 0 0 1
    outer loop
      vertex 47.25 53.599999999999994 0.6
      vertex 137.3826834323651 72.9238795325113 0.6
      vertex 137.19509032201614 72.98078528040323 0.6
    endloop
  endfacet
  facet normal 0 0 1
    outer loop
      vertex 47.25 53.599999999999994 0.6
      vertex 137.5555702330196 72.83146961230254 0.6
      vertex 137.3826834323651 72.9238795325113 0.6
    endloop
  endfacet
  facet normal 0 0 1
    outer loop
      vertex 47.25 53.599999999999994 0.6
      vertex 137.83146961230256 72.55557023301961 0.6
      vertex 137.70710678118655 72.70710678118655 0.6
    endloop
  endfacet
  facet normal 0 0 1
    outer loop
      vertex 47.25 53.599999999999994 0.6
      vertex 137.70710678118655 72.70710678118655 0.6
      vertex 137.5555702330196 72.83146961230254 0.6
    endloop
  endfacet
  facet normal -1 0 0
    outer loop
      vertex 138 53.599999999999994 0.6
      vertex 138 72 3.45
      vertex 138 72 0.6
    endloop
  endfacet
  facet normal -0.7730104533627244 -0.6343932841636606 0
    outer loop
      vertex 137.83146961230256 72.55557023301961 0.6
      vertex 137.83146961230256 72.55557023301961 3.45
      vertex 137.70710678118655 72.70710678118655 0.6
    endloop
  endfacet
  facet normal -0.9951847266722013 -0.09801714032951596 0
    outer loop
      vertex 138 72 0.6
      vertex 138 72 3.45
      vertex 137.98078528040324 72.19509032201613 0.6
    endloop
  endfacet
  facet normal -0.956940335732183 -0.2902846772545475 0
    outer loop
      vertex 137.98078528040324 72.19509032201613 0.6
      vertex 137.98078528040324 72.19509032201613 3.45
      vertex 137.92387953251128 72.38268343236508 0.6
    endloop
  endfacet
  facet normal -0.8819212643484067 -0.4713967368259011 0
    outer loop
      vertex 137.92387953251128 72.38268343236508 0.6
      vertex 137.92387953251128 72.38268343236508 3.45
      vertex 137.83146961230256 72.55557023301961 0.6
    endloop
  endfacet
  facet normal -0.09801714032958068 -0.9951847266721948 -1.7820459664630836e-19
    outer loop
      vertex 137 73 0.6
      vertex 137.19509032201614 72.98078528040323 0.6
      vertex 137.19509032201614 72.98078528040323 3.45
    endloop
  endfacet
  facet normal -0.2902846772544147 -0.9569403357322233 -1.6536500409081846e-19
    outer loop
      vertex 137.19509032201614 72.98078528040323 0.6
      vertex 137.3826834323651 72.9238795325113 0.6
      vertex 137.3826834323651 72.9238795325113 3.45
    endloop
  endfacet
  facet normal -0.47139673682604405 -0.8819212643483303 -2.940446874258042e-18
    outer loop
      vertex 137.3826834323651 72.9238795325113 0.6
      vertex 137.5555702330196 72.83146961230254 0.6
      vertex 137.5555702330196 72.83146961230254 3.45
    endloop
  endfacet
  facet normal -0.6343932841636174 -0.7730104533627601 0
    outer loop
      vertex 137.70710678118655 72.70710678118655 0.6
      vertex 137.70710678118655 72.70710678118655 3.45
      vertex 137.5555702330196 72.83146961230254 0.6
    endloop
  endfacet
  facet normal -1 0 0
    outer loop
      vertex 138 41.8 0.6
      vertex 138 40.5 2.63
      vertex 138 41.8 2.63
    endloop
  endfacet
  facet normal -1 0 0
    outer loop
      vertex 138 34.5 3.44
      vertex 138 40.5 2.63
      vertex 138 41.8 0.6
    endloop
  endfacet
  facet normal -1 0 0
    outer loop
      vertex 138 52.8 0.6
      vertex 138 44.199999999999996 2.63
      vertex 138 45.5 2.63
    endloop
  endfacet
  facet normal -1 0 0
    outer loop
      vertex 138 52.8 0.6
      vertex 138 51.5 2.63
      vertex 138 52.8 2.63
    endloop
  endfacet
  facet normal -1 0 0
    outer loop
      vertex 138 52.8 0.6
      vertex 138 45.5 2.63
      vertex 138 45.5 3.44
    endloop
  endfacet
  facet normal -1 0 0
    outer loop
      vertex 138 52.8 0.6
      vertex 138 45.5 3.44
      vertex 138 51.5 2.63
    endloop
  endfacet
  facet normal -1 0 0
    outer loop
      vertex 138 43.4 3.44
      vertex 138 43.4 2.6499999999999995
      vertex 138 42.599999999999994 2.6499999999999995
    endloop
  endfacet
  facet normal -1 0 0
    outer loop
      vertex 138 34.5 3.44
      vertex 138 40.5 3.44
      vertex 138 40.5 2.63
    endloop
  endfacet
  facet normal -1 0 0
    outer loop
      vertex 138 21.4 3.44
      vertex 138 72 3.45
      vertex 138 23.5 3.44
    endloop
  endfacet
  facet normal -1 0 0
    outer loop
      vertex 138 23.5 3.44
      vertex 138 72 3.45
      vertex 138 29.499999999999996 3.44
    endloop
  endfacet
  facet normal -1 0 0
    outer loop
      vertex 138 42.6 3.44
      vertex 138 43.4 3.44
      vertex 138 42.599999999999994 2.6499999999999995
    endloop
  endfacet
  facet normal -1 0 0
    outer loop
      vertex 138 29.499999999999996 3.44
      vertex 138 72 3.45
      vertex 138 31.599999999999998 3.44
    endloop
  endfacet
  facet normal -1 0 0
    outer loop
      vertex 138 31.599999999999998 3.44
      vertex 138 72 3.45
      vertex 138 32.4 3.44
    endloop
  endfacet
  facet normal -1 0 0
    outer loop
      vertex 138 32.4 3.44
      vertex 138 72 3.45
      vertex 138 34.5 3.44
    endloop
  endfacet
  facet normal -1 0 0
    outer loop
      vertex 138 45.5 3.44
      vertex 138 51.5 3.44
      vertex 138 51.5 2.63
    endloop
  endfacet
  facet normal -1 0 0
    outer loop
      vertex 138 34.5 3.44
      vertex 138 72 3.45
      vertex 138 40.5 3.44
    endloop
  endfacet
  facet normal -1 0 0
    outer loop
      vertex 138 40.5 3.44
      vertex 138 72 3.45
      vertex 138 42.6 3.44
    endloop
  endfacet
  facet normal -1 0 0
    outer loop
      vertex 138 42.6 3.44
      vertex 138 72 3.45
      vertex 138 43.4 3.44
    endloop
  endfacet
  facet normal -1 0 0
    outer loop
      vertex 138 43.4 3.44
      vertex 138 72 3.45
      vertex 138 45.5 3.44
    endloop
  endfacet
  facet normal -1 0 0
    outer loop
      vertex 138 53.599999999999994 0.6
      vertex 138 53.599999999999994 2.6300000000000026
      vertex 138 72 3.45
    endloop
  endfacet
  facet normal -0.9951847266722013 -0.09801714032951596 0
    outer loop
      vertex 137.98078528040324 72.19509032201613 0.6
      vertex 138 72 3.45
      vertex 137.98078528040324 72.19509032201613 3.45
    endloop
  endfacet
  facet normal -0.956940335732183 -0.2902846772545475 0
    outer loop
      vertex 137.92387953251128 72.38268343236508 0.6
      vertex 137.98078528040324 72.19509032201613 3.45
      vertex 137.92387953251128 72.38268343236508 3.45
    endloop
  endfacet
  facet normal -0.8819212643484067 -0.4713967368259011 0
    outer loop
      vertex 137.83146961230256 72.55557023301961 0.6
      vertex 137.92387953251128 72.38268343236508 3.45
      vertex 137.83146961230256 72.55557023301961 3.45
    endloop
  endfacet
  facet normal -0.09801714032958068 -0.9951847266721948 0
    outer loop
      vertex 137 73 0.6
      vertex 137.19509032201614 72.98078528040323 3.45
      vertex 137 73 3.45
    endloop
  endfacet
  facet normal -0.2902846772544147 -0.9569403357322233 0
    outer loop
      vertex 137.19509032201614 72.98078528040323 0.6
      vertex 137.3826834323651 72.9238795325113 3.45
      vertex 137.19509032201614 72.98078528040323 3.45
    endloop
  endfacet
  facet normal -0.47139673682604405 -0.8819212643483303 0
    outer loop
      vertex 137.3826834323651 72.9238795325113 0.6
      vertex 137.5555702330196 72.83146961230254 3.45
      vertex 137.3826834323651 72.9238795325113 3.45
    endloop
  endfacet
  facet normal -0.6343932841636174 -0.7730104533627601 0
    outer loop
      vertex 137.5555702330196 72.83146961230254 0.6
      vertex 137.70710678118655 72.70710678118655 3.45
      vertex 137.5555702330196 72.83146961230254 3.45
    endloop
  endfacet
  facet normal -0.7730104533627244 -0.6343932841636606 0
    outer loop
      vertex 137.70710678118655 72.70710678118655 0.6
      vertex 137.83146961230256 72.55557023301961 3.45
      vertex 137.70710678118655 72.70710678118655 3.45
    endloop
  endfacet
  facet normal -1 0 0
    outer loop
      vertex 138 53.599999999999994 2.6300000000000026
      vertex 138 53.6 3.44
      vertex 138 72 3.45
    endloop
  endfacet
  facet normal -1 0 0
    outer loop
      vertex 138 45.5 3.44
      vertex 138 72 3.45
      vertex 138 51.5 3.44
    endloop
  endfacet
  facet normal -1 0 0
    outer loop
      vertex 138 51.5 3.44
      vertex 138 72 3.45
      vertex 138 53.6 3.44
    endloop
  endfacet
  facet normal 1 0 0
    outer loop
      vertex 12.25 2 0.6
      vertex 12.25 20.8 0.6
      vertex 12.25 20.8 1.29
    endloop
  endfacet
  facet normal 1 0 0
    outer loop
      vertex 12.25 2 0.6
      vertex 12.25 20.8 1.29
      vertex 12.25 20.8 1.2938028169014084
    endloop
  endfacet
  facet normal 1 0 0
    outer loop
      vertex 12.25 21.6 0.6
      vertex 12.25 31.400000000000002 0.6
      vertex 12.25 21.6 1.2899999999999998
    endloop
  endfacet
  facet normal 1 0 0
    outer loop
      vertex 12.25 31.400000000000002 0.6
      vertex 12.25 22.900000000000002 1.2899999999999998
      vertex 12.25 21.6 1.2899999999999998
    endloop
  endfacet
  facet normal 1 0 0
    outer loop
      vertex 12.25 22.900000000000002 1.2899999999999998
      vertex 12.25 30.1 1.29
      vertex 12.25 30.1 1.2938028169014084
    endloop
  endfacet
  facet normal 1 0 0
    outer loop
      vertex 12.25 22.900000000000002 1.2899999999999998
      vertex 12.25 30.1 1.2938028169014084
      vertex 12.25 22.900000000000002 2.0999999999999996
    endloop
  endfacet
  facet normal 1 0 0
    outer loop
      vertex 12.25 31.400000000000002 0.6
      vertex 12.25 30.1 1.29
      vertex 12.25 22.900000000000002 1.2899999999999998
    endloop
  endfacet
  facet normal 1 0 0
    outer loop
      vertex 12.25 31.400000000000002 0.6
      vertex 12.25 31.400000000000002 1.2899999999999998
      vertex 12.25 30.1 1.29
    endloop
  endfacet
  facet normal 1 0 0
    outer loop
      vertex 12.25 32.6 0.6
      vertex 12.25 33.9 1.2899999999999998
      vertex 12.25 32.6 1.2899999999999998
    endloop
  endfacet
  facet normal 1 0 0
    outer loop
      vertex 12.25 32.6 0.6
      vertex 12.25 41.1 2.1100000000000003
      vertex 12.25 33.9 1.2899999999999998
    endloop
  endfacet
  facet normal 1 0 0
    outer loop
      vertex 12.25 2 0.6
      vertex 12.25 20.8 1.2938028169014084
      vertex 12.25 2 3.45
    endloop
  endfacet
  facet normal 1 0 0
    outer loop
      vertex 12.25 20.8 1.2938028169014084
      vertex 12.25 20.8 2.1100000000000003
      vertex 12.25 2 3.45
    endloop
  endfacet
  facet normal 1 0 0
    outer loop
      vertex 12.25 30.1 1.2938028169014084
      vertex 12.25 22.900000000000002 2.1100000000000003
      vertex 12.25 22.900000000000002 2.0999999999999996
    endloop
  endfacet
  facet normal 1 0 0
    outer loop
      vertex 12.25 30.1 1.2938028169014084
      vertex 12.25 30.1 2.1100000000000003
      vertex 12.25 22.900000000000002 2.1100000000000003
    endloop
  endfacet
  facet normal 1 0 0
    outer loop
      vertex 12.25 33.9 1.2899999999999998
      vertex 12.25 41.1 2.1100000000000003
      vertex 12.25 33.9 2.1100000000000003
    endloop
  endfacet
  facet normal 1 0 0
    outer loop
      vertex 12.25 2 3.45
      vertex 12.25 20.8 2.1100000000000003
      vertex 12.25 73 3.45
    endloop
  endfacet
  facet normal 1 0 0
    outer loop
      vertex 12.25 32.6 0.6
      vertex 12.25 42.400000000000006 0.6
      vertex 12.25 42.400000000000006 1.2899999999999998
    endloop
  endfacet
  facet normal 1 0 0
    outer loop
      vertex 12.25 43.599999999999994 0.6
      vertex 12.25 53.4 0.6
      vertex 12.25 53.4 1.2899999999999998
    endloop
  endfacet
  facet normal 1 0 0
    outer loop
      vertex 12.25 32.6 0.6
      vertex 12.25 42.400000000000006 1.2899999999999998
      vertex 12.25 41.1 1.29
    endloop
  endfacet
  facet normal 1 0 0
    outer loop
      vertex 12.25 43.599999999999994 0.6
      vertex 12.25 44.9 1.2899999999999998
      vertex 12.25 43.599999999999994 1.2899999999999998
    endloop
  endfacet
  facet normal 1 0 0
    outer loop
      vertex 12.25 32.6 0.6
      vertex 12.25 41.1 1.29
      vertex 12.25 41.1 2.1100000000000003
    endloop
  endfacet
  facet normal 1 0 0
    outer loop
      vertex 12.25 43.599999999999994 0.6
      vertex 12.25 52.099999999999994 2.1100000000000003
      vertex 12.25 44.9 1.2899999999999998
    endloop
  endfacet
  facet normal 1 0 0
    outer loop
      vertex 12.25 43.599999999999994 0.6
      vertex 12.25 53.4 1.2899999999999998
      vertex 12.25 52.099999999999994 1.29
    endloop
  endfacet
  facet normal 1 0 0
    outer loop
      vertex 12.25 43.599999999999994 0.6
      vertex 12.25 52.099999999999994 1.29
      vertex 12.25 52.099999999999994 2.1100000000000003
    endloop
  endfacet
  facet normal 1 0 0
    outer loop
      vertex 12.25 54.199999999999996 0.6
      vertex 12.25 73 0.6
      vertex 12.25 54.2 1.2899999999999998
    endloop
  endfacet
  facet normal 1 0 0
    outer loop
      vertex 12.25 20.8 2.1100000000000003
      vertex 12.25 22.900000000000002 2.1100000000000003
      vertex 12.25 73 3.45
    endloop
  endfacet
  facet normal 1 0 0
    outer loop
      vertex 12.25 22.900000000000002 2.1100000000000003
      vertex 12.25 30.1 2.1100000000000003
      vertex 12.25 73 3.45
    endloop
  endfacet
  facet normal 1 0 0
    outer loop
      vertex 12.25 30.1 2.1100000000000003
      vertex 12.25 32.00425128289115 2.1100000000000003
      vertex 12.25 73 3.45
    endloop
  endfacet
  facet normal 1 0 0
    outer loop
      vertex 12.25 32.00425128289115 2.1100000000000003
      vertex 12.25 33.9 2.1100000000000003
      vertex 12.25 73 3.45
    endloop
  endfacet
  facet normal 1 0 0
    outer loop
      vertex 12.25 44.9 1.2899999999999998
      vertex 12.25 52.099999999999994 2.1100000000000003
      vertex 12.25 44.9 2.1100000000000003
    endloop
  endfacet
  facet normal 1 0 0
    outer loop
      vertex 12.25 33.9 2.1100000000000003
      vertex 12.25 41.1 2.1100000000000003
      vertex 12.25 73 3.45
    endloop
  endfacet
  facet normal 1 0 0
    outer loop
      vertex 12.25 41.1 2.1100000000000003
      vertex 12.25 43.19864341085272 2.1100000000000003
      vertex 12.25 73 3.45
    endloop
  endfacet
  facet normal 1 0 0
    outer loop
      vertex 12.25 43.19864341085272 2.1100000000000003
      vertex 12.25 44.9 2.1100000000000003
      vertex 12.25 73 3.45
    endloop
  endfacet
  facet normal 1 0 0
    outer loop
      vertex 12.25 54.2 1.2899999999999998
      vertex 12.25 73 3.45
      vertex 12.25 54.2 2.0999999999999996
    endloop
  endfacet
  facet normal 1 0 0
    outer loop
      vertex 12.25 44.9 2.1100000000000003
      vertex 12.25 52.099999999999994 2.1100000000000003
      vertex 12.25 73 3.45
    endloop
  endfacet
  facet normal 1 0 0
    outer loop
      vertex 12.25 52.099999999999994 2.1100000000000003
      vertex 12.25 54.199999999999996 2.1100000000000003
      vertex 12.25 73 3.45
    endloop
  endfacet
  facet normal 1 0 0
    outer loop
      vertex 12.25 54.2 2.0999999999999996
      vertex 12.25 73 3.45
      vertex 12.25 54.199999999999996 2.1100000000000003
    endloop
  endfacet
  facet normal 1 0 0
    outer loop
      vertex 12.25 54.2 1.2899999999999998
      vertex 12.25 73 0.6
      vertex 12.25 73 3.45
    endloop
  endfacet
  facet normal -0.6343932841636447 -0.7730104533627375 0
    outer loop
      vertex 0.8786796564403572 0.8786796564403572 0
      vertex 1.3332893009411935 0.5055911630923644 0
      vertex 0.8786796564403572 0.8786796564403572 3.45
    endloop
  endfacet
  facet normal -0.47139673682599753 -0.8819212643483552 0
    outer loop
      vertex 1.3332893009411935 0.5055911630923644 0
      vertex 1.8519497029047307 0.22836140246614 0
      vertex 1.3332893009411935 0.5055911630923644 3.45
    endloop
  endfacet
  facet normal -0.2902846772544627 -0.9569403357322087 0
    outer loop
      vertex 1.8519497029047307 0.22836140246614 0
      vertex 2.414729033951615 0.05764415879030871 0
      vertex 1.8519497029047307 0.22836140246614 3.45
    endloop
  endfacet
  facet normal -0.8819212643483552 -0.47139673682599753 -3.960892853781577e-18
    outer loop
      vertex 0.5055911630923644 1.3332893009411935 0
      vertex 0.22836140246614 1.8519497029047307 3.45
      vertex 0.22836140246614 1.8519497029047307 0
    endloop
  endfacet
  facet normal -0.7730104533627375 -0.6343932841636447 -5.6463386622351595e-18
    outer loop
      vertex 0.8786796564403572 0.8786796564403572 0
      vertex 0.5055911630923644 1.3332893009411935 3.45
      vertex 0.5055911630923644 1.3332893009411935 0
    endloop
  endfacet
  facet normal -0.9569403357322087 -0.2902846772544627 -7.0667070680675255e-19
    outer loop
      vertex 0.22836140246614 1.8519497029047307 0
      vertex 0.05764415879030871 2.414729033951615 3.45
      vertex 0.05764415879030871 2.414729033951615 0
    endloop
  endfacet
  facet normal -0.0980171403295607 -0.9951847266721969 0
    outer loop
      vertex 2.414729033951615 0.05764415879030871 0
      vertex 3 0 0
      vertex 2.414729033951615 0.05764415879030871 3.45
    endloop
  endfacet
  facet normal -0.9951847266721969 -0.0980171403295607 6.32444660447556e-19
    outer loop
      vertex 0.05764415879030871 2.414729033951615 0
      vertex 0 3 3.45
      vertex 0 3 0
    endloop
  endfacet
  facet normal 0 0 -1
    outer loop
      vertex 0.8786796564403572 0.8786796564403572 0
      vertex 0.8786796564403572 74.12132034355965 0
      vertex 1.3332893009411935 0.5055911630923644 0
    endloop
  endfacet
  facet normal 0 0 -1
    outer loop
      vertex 0.5055911630923644 1.3332893009411935 0
      vertex 0.22836140246614 1.8519497029047307 0
      vertex 0.22836140246614 73.14805029709527 0
    endloop
  endfacet
  facet normal 0 0 -1
    outer loop
      vertex 0.22836140246614 1.8519497029047307 0
      vertex 0.05764415879030871 2.414729033951615 0
      vertex 0.05764415879030871 72.58527096604838 0
    endloop
  endfacet
  facet normal 0 0 -1
    outer loop
      vertex 0.8786796564403572 0.8786796564403572 0
      vertex 0.5055911630923644 1.3332893009411935 0
      vertex 0.5055911630923644 73.66671069905881 0
    endloop
  endfacet
  facet normal 0 0 -1
    outer loop
      vertex 1.3332893009411935 0.5055911630923644 0
      vertex 1.3332893009411935 74.49440883690764 0
      vertex 1.8519497029047307 0.22836140246614 0
    endloop
  endfacet
  facet normal 0 0 -1
    outer loop
      vertex 1.8519497029047307 0.22836140246614 0
      vertex 1.8519497029047307 74.77163859753387 0
      vertex 2.414729033951615 0.05764415879030871 0
    endloop
  endfacet
  facet normal 0 0 -1
    outer loop
      vertex 2.414729033951615 0.05764415879030871 0
      vertex 2.414729033951615 74.94235584120969 0
      vertex 3 0 0
    endloop
  endfacet
  facet normal 0 0 -1
    outer loop
      vertex 0.05764415879030871 2.414729033951615 0
      vertex 0 3 0
      vertex 0 72 0
    endloop
  endfacet
  facet normal 0 -1 0
    outer loop
      vertex 3 0 0
      vertex 137 0 0
      vertex 3 0 3.45
    endloop
  endfacet
  facet normal 0 0 -1
    outer loop
      vertex 3 0 0
      vertex 3 75 0
      vertex 137 0 0
    endloop
  endfacet
  facet normal -0.7730104533627375 -0.6343932841636447 0
    outer loop
      vertex 0.8786796564403572 0.8786796564403572 0
      vertex 0.8786796564403572 0.8786796564403572 3.45
      vertex 0.5055911630923644 1.3332893009411935 3.45
    endloop
  endfacet
  facet normal -0.47139673682599753 -0.8819212643483552 0
    outer loop
      vertex 1.8519497029047307 0.22836140246614 0
      vertex 1.8519497029047307 0.22836140246614 3.45
      vertex 1.3332893009411935 0.5055911630923644 3.45
    endloop
  endfacet
  facet normal -0.6343932841636447 -0.7730104533627375 0
    outer loop
      vertex 1.3332893009411935 0.5055911630923644 0
      vertex 1.3332893009411935 0.5055911630923644 3.45
      vertex 0.8786796564403572 0.8786796564403572 3.45
    endloop
  endfacet
  facet normal -0.8819212643483552 -0.47139673682599753 0
    outer loop
      vertex 0.5055911630923644 1.3332893009411935 0
      vertex 0.5055911630923644 1.3332893009411935 3.45
      vertex 0.22836140246614 1.8519497029047307 3.45
    endloop
  endfacet
  facet normal -0.9569403357322087 -0.2902846772544627 0
    outer loop
      vertex 0.22836140246614 1.8519497029047307 0
      vertex 0.22836140246614 1.8519497029047307 3.45
      vertex 0.05764415879030871 2.414729033951615 3.45
    endloop
  endfacet
  facet normal -0.2902846772544627 -0.9569403357322087 0
    outer loop
      vertex 2.414729033951615 0.05764415879030871 0
      vertex 2.414729033951615 0.05764415879030871 3.45
      vertex 1.8519497029047307 0.22836140246614 3.45
    endloop
  endfacet
  facet normal -0.0980171403295607 -0.9951847266721969 0
    outer loop
      vertex 3 0 0
      vertex 3 0 3.45
      vertex 2.414729033951615 0.05764415879030871 3.45
    endloop
  endfacet
  facet normal -0.9951847266721969 -0.0980171403295607 0
    outer loop
      vertex 0.05764415879030871 2.414729033951615 0
      vertex 0.05764415879030871 2.414729033951615 3.45
      vertex 0 3 3.45
    endloop
  endfacet
  facet normal -1 0 0
    outer loop
      vertex 0 3 0
      vertex 0 3 3.45
      vertex 0 72 3.45
    endloop
  endfacet
  facet normal 0 0 1
    outer loop
      vertex 0.8786796564403572 0.8786796564403572 3.45
      vertex 1.3332893009411935 0.5055911630923644 3.45
      vertex 0.8786796564403572 74.12132034355965 3.45
    endloop
  endfacet
  facet normal 0 0 1
    outer loop
      vertex 0.5055911630923644 1.3332893009411935 3.45
      vertex 0.22836140246614 73.14805029709527 3.45
      vertex 0.22836140246614 1.8519497029047307 3.45
    endloop
  endfacet
  facet normal 0 0 1
    outer loop
      vertex 0.22836140246614 1.8519497029047307 3.45
      vertex 0.05764415879030871 72.58527096604838 3.45
      vertex 0.05764415879030871 2.414729033951615 3.45
    endloop
  endfacet
  facet normal 0 0 1
    outer loop
      vertex 0.8786796564403572 0.8786796564403572 3.45
      vertex 0.5055911630923644 73.66671069905881 3.45
      vertex 0.5055911630923644 1.3332893009411935 3.45
    endloop
  endfacet
  facet normal 0 0 1
    outer loop
      vertex 1.3332893009411935 0.5055911630923644 3.45
      vertex 1.8519497029047307 0.22836140246614 3.45
      vertex 1.3332893009411935 74.49440883690764 3.45
    endloop
  endfacet
  facet normal 0 0 1
    outer loop
      vertex 1.8519497029047307 0.22836140246614 3.45
      vertex 2.414729033951615 0.05764415879030871 3.45
      vertex 1.8519497029047307 74.77163859753387 3.45
    endloop
  endfacet
  facet normal 0 0 1
    outer loop
      vertex 2.414729033951615 0.05764415879030871 3.45
      vertex 3 0 3.45
      vertex 2.414729033951615 74.94235584120969 3.45
    endloop
  endfacet
  facet normal 0 0 1
    outer loop
      vertex 0.05764415879030871 2.414729033951615 3.45
      vertex 0 72 3.45
      vertex 0 3 3.45
    endloop
  endfacet
  facet normal 0 0 1
    outer loop
      vertex 3 0 3.45
      vertex 12.25 2 3.45
      vertex 12.25 73 3.45
    endloop
  endfacet
  facet normal 0 0 1
    outer loop
      vertex 3 0 3.45
      vertex 137 0 3.45
      vertex 12.25 2 3.45
    endloop
  endfacet
  facet normal 0 0 -1
    outer loop
      vertex 0.05764415879030871 2.414729033951615 0
      vertex 0 72 0
      vertex 0.05764415879030871 72.58527096604838 0
    endloop
  endfacet
  facet normal 0 0 -1
    outer loop
      vertex 0.22836140246614 1.8519497029047307 0
      vertex 0.05764415879030871 72.58527096604838 0
      vertex 0.22836140246614 73.14805029709527 0
    endloop
  endfacet
  facet normal 0 0 -1
    outer loop
      vertex 0.5055911630923644 1.3332893009411935 0
      vertex 0.22836140246614 73.14805029709527 0
      vertex 0.5055911630923644 73.66671069905881 0
    endloop
  endfacet
  facet normal 0 0 -1
    outer loop
      vertex 0.8786796564403572 0.8786796564403572 0
      vertex 0.5055911630923644 73.66671069905881 0
      vertex 0.8786796564403572 74.12132034355965 0
    endloop
  endfacet
  facet normal 0 0 -1
    outer loop
      vertex 1.3332893009411935 0.5055911630923644 0
      vertex 0.8786796564403572 74.12132034355965 0
      vertex 1.3332893009411935 74.49440883690764 0
    endloop
  endfacet
  facet normal 0 0 -1
    outer loop
      vertex 1.8519497029047307 0.22836140246614 0
      vertex 1.3332893009411935 74.49440883690764 0
      vertex 1.8519497029047307 74.77163859753387 0
    endloop
  endfacet
  facet normal 0 0 -1
    outer loop
      vertex 2.414729033951615 0.05764415879030871 0
      vertex 1.8519497029047307 74.77163859753387 0
      vertex 2.414729033951615 74.94235584120969 0
    endloop
  endfacet
  facet normal 0 0 -1
    outer loop
      vertex 3 0 0
      vertex 2.414729033951615 74.94235584120969 0
      vertex 3 75 0
    endloop
  endfacet
  facet normal -1 0 0
    outer loop
      vertex 0 3 0
      vertex 0 72 3.45
      vertex 0 72 0
    endloop
  endfacet
  facet normal -0.9951847266721969 0.09801714032956085 1.493208095192277e-18
    outer loop
      vertex 0 72 0
      vertex 0.05764415879030871 72.58527096604838 3.45
      vertex 0.05764415879030871 72.58527096604838 0
    endloop
  endfacet
  facet normal -0.9569403357322085 0.29028467725446333 -1.953049764780561e-18
    outer loop
      vertex 0.05764415879030871 72.58527096604838 0
      vertex 0.22836140246614 73.14805029709527 3.45
      vertex 0.22836140246614 73.14805029709527 0
    endloop
  endfacet
  facet normal -0.8819212643483576 0.4713967368259928 -2.3982365192060078e-18
    outer loop
      vertex 0.22836140246614 73.14805029709527 0
      vertex 0.5055911630923644 73.66671069905881 3.45
      vertex 0.5055911630923644 73.66671069905881 0
    endloop
  endfacet
  facet normal -0.7730104533627364 0.6343932841636463 -6.359871452886192e-18
    outer loop
      vertex 0.5055911630923644 73.66671069905881 0
      vertex 0.8786796564403572 74.12132034355965 3.45
      vertex 0.8786796564403572 74.12132034355965 0
    endloop
  endfacet
  facet normal -0.6343932841636447 0.7730104533627375 5.6463386622351595e-18
    outer loop
      vertex 0.8786796564403572 74.12132034355965 0
      vertex 1.3332893009411935 74.49440883690764 3.45
      vertex 1.3332893009411935 74.49440883690764 0
    endloop
  endfacet
  facet normal -0.47139673682600103 0.8819212643483533 1.1072796354550207e-18
    outer loop
      vertex 1.3332893009411935 74.49440883690764 0
      vertex 1.8519497029047307 74.77163859753387 3.45
      vertex 1.8519497029047307 74.77163859753387 0
    endloop
  endfacet
  facet normal -0.2902846772544517 0.9569403357322123 -2.7155042342419034e-19
    outer loop
      vertex 1.8519497029047307 74.77163859753387 0
      vertex 2.414729033951615 74.94235584120969 3.45
      vertex 2.414729033951615 74.94235584120969 0
    endloop
  endfacet
  facet normal -0.0980171403295637 0.9951847266721967 -1.2159974043678743e-18
    outer loop
      vertex 2.414729033951615 74.94235584120969 0
      vertex 3 75 3.45
      vertex 3 75 0
    endloop
  endfacet
  facet normal 0 0 1
    outer loop
      vertex 0.05764415879030871 2.414729033951615 3.45
      vertex 0.05764415879030871 72.58527096604838 3.45
      vertex 0 72 3.45
    endloop
  endfacet
  facet normal 0 0 1
    outer loop
      vertex 0.22836140246614 1.8519497029047307 3.45
      vertex 0.22836140246614 73.14805029709527 3.45
      vertex 0.05764415879030871 72.58527096604838 3.45
    endloop
  endfacet
  facet normal 0 0 1
    outer loop
      vertex 0.5055911630923644 1.3332893009411935 3.45
      vertex 0.5055911630923644 73.66671069905881 3.45
      vertex 0.22836140246614 73.14805029709527 3.45
    endloop
  endfacet
  facet normal 0 0 1
    outer loop
      vertex 0.8786796564403572 0.8786796564403572 3.45
      vertex 0.8786796564403572 74.12132034355965 3.45
      vertex 0.5055911630923644 73.66671069905881 3.45
    endloop
  endfacet
  facet normal 0 0 1
    outer loop
      vertex 1.3332893009411935 0.5055911630923644 3.45
      vertex 1.3332893009411935 74.49440883690764 3.45
      vertex 0.8786796564403572 74.12132034355965 3.45
    endloop
  endfacet
  facet normal 0 0 1
    outer loop
      vertex 1.8519497029047307 0.22836140246614 3.45
      vertex 1.8519497029047307 74.77163859753387 3.45
      vertex 1.3332893009411935 74.49440883690764 3.45
    endloop
  endfacet
  facet normal 0 0 1
    outer loop
      vertex 2.414729033951615 0.05764415879030871 3.45
      vertex 2.414729033951615 74.94235584120969 3.45
      vertex 1.8519497029047307 74.77163859753387 3.45
    endloop
  endfacet
  facet normal 0 0 1
    outer loop
      vertex 3 0 3.45
      vertex 3 75 3.45
      vertex 2.414729033951615 74.94235584120969 3.45
    endloop
  endfacet
  facet normal 0 0 1
    outer loop
      vertex 3 0 3.45
      vertex 12.25 73 3.45
      vertex 3 75 3.45
    endloop
  endfacet
  facet normal -0.9951847266721969 0.09801714032956085 0
    outer loop
      vertex 0 72 0
      vertex 0 72 3.45
      vertex 0.05764415879030871 72.58527096604838 3.45
    endloop
  endfacet
  facet normal -0.9569403357322085 0.29028467725446333 0
    outer loop
      vertex 0.05764415879030871 72.58527096604838 0
      vertex 0.05764415879030871 72.58527096604838 3.45
      vertex 0.22836140246614 73.14805029709527 3.45
    endloop
  endfacet
  facet normal -0.8819212643483576 0.4713967368259928 0
    outer loop
      vertex 0.22836140246614 73.14805029709527 0
      vertex 0.22836140246614 73.14805029709527 3.45
      vertex 0.5055911630923644 73.66671069905881 3.45
    endloop
  endfacet
  facet normal -0.7730104533627364 0.6343932841636463 0
    outer loop
      vertex 0.5055911630923644 73.66671069905881 0
      vertex 0.5055911630923644 73.66671069905881 3.45
      vertex 0.8786796564403572 74.12132034355965 3.45
    endloop
  endfacet
  facet normal -0.6343932841636447 0.7730104533627375 0
    outer loop
      vertex 0.8786796564403572 74.12132034355965 0
      vertex 0.8786796564403572 74.12132034355965 3.45
      vertex 1.3332893009411935 74.49440883690764 3.45
    endloop
  endfacet
  facet normal -0.47139673682600103 0.8819212643483533 0
    outer loop
      vertex 1.3332893009411935 74.49440883690764 0
      vertex 1.3332893009411935 74.49440883690764 3.45
      vertex 1.8519497029047307 74.77163859753387 3.45
    endloop
  endfacet
  facet normal -0.2902846772544517 0.9569403357322123 0
    outer loop
      vertex 1.8519497029047307 74.77163859753387 0
      vertex 1.8519497029047307 74.77163859753387 3.45
      vertex 2.414729033951615 74.94235584120969 3.45
    endloop
  endfacet
  facet normal -0.0980171403295637 0.9951847266721967 0
    outer loop
      vertex 2.414729033951615 74.94235584120969 0
      vertex 2.414729033951615 74.94235584120969 3.45
      vertex 3 75 3.45
    endloop
  endfacet
  facet normal 0 1 0
    outer loop
      vertex 3 75 0
      vertex 3 75 3.45
      vertex 137 75 3.45
    endloop
  endfacet
  facet normal 0 0 1
    outer loop
      vertex 3 75 3.45
      vertex 12.25 73 3.45
      vertex 137 75 3.45
    endloop
  endfacet
  facet normal 0.09801714032955847 -0.995184726672197 0
    outer loop
      vertex 137 0 0
      vertex 137.5852709660484 0.05764415879030871 0
      vertex 137 0 3.45
    endloop
  endfacet
  facet normal 0.29028467725447005 -0.9569403357322066 0
    outer loop
      vertex 137.5852709660484 0.05764415879030871 0
      vertex 138.14805029709527 0.22836140246614 0
      vertex 137.5852709660484 0.05764415879030871 3.45
    endloop
  endfacet
  facet normal 0.4713967368260029 -0.8819212643483523 0
    outer loop
      vertex 138.14805029709527 0.22836140246614 0
      vertex 138.6667106990588 0.5055911630923644 0
      vertex 138.14805029709527 0.22836140246614 3.45
    endloop
  endfacet
  facet normal 0.6343932841636463 -0.7730104533627364 0
    outer loop
      vertex 138.6667106990588 0.5055911630923644 0
      vertex 139.12132034355963 0.8786796564403572 0
      vertex 138.6667106990588 0.5055911630923644 3.45
    endloop
  endfacet
  facet normal 0.7730104533627257 -0.6343932841636593 0
    outer loop
      vertex 139.12132034355963 0.8786796564403572 0
      vertex 139.49440883690764 1.3332893009411935 0
      vertex 139.12132034355963 0.8786796564403572 3.45
    endloop
  endfacet
  facet normal 0.8819212643483533 -0.47139673682600103 0
    outer loop
      vertex 139.49440883690764 1.3332893009411935 0
      vertex 139.77163859753387 1.8519497029047307 0
      vertex 139.49440883690764 1.3332893009411935 3.45
    endloop
  endfacet
  facet normal 0.9569403357322123 -0.2902846772544517 0
    outer loop
      vertex 139.77163859753387 1.8519497029047307 0
      vertex 139.9423558412097 2.414729033951615 0
      vertex 139.77163859753387 1.8519497029047307 3.45
    endloop
  endfacet
  facet normal 0.9951847266721967 -0.0980171403295637 0
    outer loop
      vertex 139.9423558412097 2.414729033951615 0
      vertex 140 3 0
      vertex 139.9423558412097 2.414729033951615 3.45
    endloop
  endfacet
  facet normal 0 0 -1
    outer loop
      vertex 137 0 0
      vertex 137 75 0
      vertex 137.5852709660484 0.05764415879030871 0
    endloop
  endfacet
  facet normal 0 0 -1
    outer loop
      vertex 137.5852709660484 0.05764415879030871 0
      vertex 137.5852709660484 74.94235584120969 0
      vertex 138.14805029709527 0.22836140246614 0
    endloop
  endfacet
  facet normal 0 0 -1
    outer loop
      vertex 138.14805029709527 0.22836140246614 0
      vertex 138.14805029709527 74.77163859753387 0
      vertex 138.6667106990588 0.5055911630923644 0
    endloop
  endfacet
  facet normal 0 0 -1
    outer loop
      vertex 138.6667106990588 0.5055911630923644 0
      vertex 138.6667106990588 74.49440883690764 0
      vertex 139.12132034355963 0.8786796564403572 0
    endloop
  endfacet
  facet normal 0 0 -1
    outer loop
      vertex 139.12132034355963 0.8786796564403572 0
      vertex 139.12132034355963 74.12132034355965 0
      vertex 139.49440883690764 1.3332893009411935 0
    endloop
  endfacet
  facet normal 0 0 -1
    outer loop
      vertex 139.49440883690764 1.3332893009411935 0
      vertex 139.49440883690764 73.66671069905881 0
      vertex 139.77163859753387 1.8519497029047307 0
    endloop
  endfacet
  facet normal 0 0 -1
    outer loop
      vertex 139.77163859753387 1.8519497029047307 0
      vertex 139.77163859753387 73.14805029709527 0
      vertex 139.9423558412097 2.414729033951615 0
    endloop
  endfacet
  facet normal 0 0 -1
    outer loop
      vertex 139.9423558412097 2.414729033951615 0
      vertex 139.9423558412097 72.58527096604838 0
      vertex 140 3 0
    endloop
  endfacet
  facet normal 1 0 0
    outer loop
      vertex 140 3 0
      vertex 140 72 0
      vertex 140 3 3.45
    endloop
  endfacet
  facet normal 0 -1 0
    outer loop
      vertex 3 0 3.45
      vertex 137 0 0
      vertex 137 0 3.45
    endloop
  endfacet
  facet normal 0 0 1
    outer loop
      vertex 12.25 2 3.45
      vertex 137 0 3.45
      vertex 137 2 3.45
    endloop
  endfacet
  facet normal 0.09801714032955847 -0.995184726672197 0
    outer loop
      vertex 137.5852709660484 0.05764415879030871 0
      vertex 137.5852709660484 0.05764415879030871 3.45
      vertex 137 0 3.45
    endloop
  endfacet
  facet normal 0.29028467725447005 -0.9569403357322066 0
    outer loop
      vertex 138.14805029709527 0.22836140246614 0
      vertex 138.14805029709527 0.22836140246614 3.45
      vertex 137.5852709660484 0.05764415879030871 3.45
    endloop
  endfacet
  facet normal 0.4713967368260029 -0.8819212643483523 0
    outer loop
      vertex 138.6667106990588 0.5055911630923644 0
      vertex 138.6667106990588 0.5055911630923644 3.45
      vertex 138.14805029709527 0.22836140246614 3.45
    endloop
  endfacet
  facet normal 0.6343932841636463 -0.7730104533627364 0
    outer loop
      vertex 139.12132034355963 0.8786796564403572 0
      vertex 139.12132034355963 0.8786796564403572 3.45
      vertex 138.6667106990588 0.5055911630923644 3.45
    endloop
  endfacet
  facet normal 0.7730104533627257 -0.6343932841636593 0
    outer loop
      vertex 139.49440883690764 1.3332893009411935 0
      vertex 139.49440883690764 1.3332893009411935 3.45
      vertex 139.12132034355963 0.8786796564403572 3.45
    endloop
  endfacet
  facet normal 0.8819212643483533 -0.47139673682600103 0
    outer loop
      vertex 139.77163859753387 1.8519497029047307 0
      vertex 139.77163859753387 1.8519497029047307 3.45
      vertex 139.49440883690764 1.3332893009411935 3.45
    endloop
  endfacet
  facet normal 0.9569403357322123 -0.2902846772544517 0
    outer loop
      vertex 139.9423558412097 2.414729033951615 0
      vertex 139.9423558412097 2.414729033951615 3.45
      vertex 139.77163859753387 1.8519497029047307 3.45
    endloop
  endfacet
  facet normal 0.9951847266721967 -0.0980171403295637 0
    outer loop
      vertex 140 3 0
      vertex 140 3 3.45
      vertex 139.9423558412097 2.414729033951615 3.45
    endloop
  endfacet
  facet normal 0 0 1
    outer loop
      vertex 137 0 3.45
      vertex 137.5852709660484 0.05764415879030871 3.45
      vertex 137 2 3.45
    endloop
  endfacet
  facet normal 0 0 1
    outer loop
      vertex 137.5852709660484 0.05764415879030871 3.45
      vertex 138.14805029709527 0.22836140246614 3.45
      vertex 137.5555702330196 2.1685303876974547 3.45
    endloop
  endfacet
  facet normal 0 0 1
    outer loop
      vertex 137.5852709660484 0.05764415879030871 3.45
      vertex 137.19509032201614 2.0192147195967696 3.45
      vertex 137 2 3.45
    endloop
  endfacet
  facet normal 0 0 1
    outer loop
      vertex 137.5852709660484 0.05764415879030871 3.45
      vertex 137.3826834323651 2.076120467488713 3.45
      vertex 137.19509032201614 2.0192147195967696 3.45
    endloop
  endfacet
  facet normal 0 0 1
    outer loop
      vertex 137.5852709660484 0.05764415879030871 3.45
      vertex 137.5555702330196 2.1685303876974547 3.45
      vertex 137.3826834323651 2.076120467488713 3.45
    endloop
  endfacet
  facet normal 0 0 1
    outer loop
      vertex 137.5555702330196 2.1685303876974547 3.45
      vertex 138.14805029709527 0.22836140246614 3.45
      vertex 137.70710678118655 2.2928932188134525 3.45
    endloop
  endfacet
  facet normal 0 0 1
    outer loop
      vertex 137.70710678118655 2.2928932188134525 3.45
      vertex 138.14805029709527 0.22836140246614 3.45
      vertex 137.83146961230256 2.444429766980398 3.45
    endloop
  endfacet
  facet normal 0 0 1
    outer loop
      vertex 138.14805029709527 0.22836140246614 3.45
      vertex 137.92387953251128 2.6173165676349104 3.45
      vertex 137.83146961230256 2.444429766980398 3.45
    endloop
  endfacet
  facet normal 0 0 1
    outer loop
      vertex 138.14805029709527 0.22836140246614 3.45
      vertex 137.98078528040324 2.804909677983872 3.45
      vertex 137.92387953251128 2.6173165676349104 3.45
    endloop
  endfacet
  facet normal 0 0 1
    outer loop
      vertex 138.14805029709527 0.22836140246614 3.45
      vertex 138 3 3.45
      vertex 137.98078528040324 2.804909677983872 3.45
    endloop
  endfacet
  facet normal 0 0 1
    outer loop
      vertex 138.14805029709527 0.22836140246614 3.45
      vertex 138.6667106990588 0.5055911630923644 3.45
      vertex 138.14805029709527 74.77163859753387 3.45
    endloop
  endfacet
  facet normal 0 0 1
    outer loop
      vertex 138.6667106990588 0.5055911630923644 3.45
      vertex 139.12132034355963 0.8786796564403572 3.45
      vertex 138.6667106990588 74.49440883690764 3.45
    endloop
  endfacet
  facet normal 0 0 1
    outer loop
      vertex 139.12132034355963 0.8786796564403572 3.45
      vertex 139.49440883690764 1.3332893009411935 3.45
      vertex 139.12132034355963 74.12132034355965 3.45
    endloop
  endfacet
  facet normal 0 0 1
    outer loop
      vertex 139.49440883690764 1.3332893009411935 3.45
      vertex 139.77163859753387 1.8519497029047307 3.45
      vertex 139.49440883690764 73.66671069905881 3.45
    endloop
  endfacet
  facet normal 0 0 1
    outer loop
      vertex 138.14805029709527 0.22836140246614 3.45
      vertex 138.14805029709527 74.77163859753387 3.45
      vertex 138 3 3.45
    endloop
  endfacet
  facet normal 0 0 1
    outer loop
      vertex 139.77163859753387 1.8519497029047307 3.45
      vertex 139.9423558412097 2.414729033951615 3.45
      vertex 139.77163859753387 73.14805029709527 3.45
    endloop
  endfacet
  facet normal 0 0 1
    outer loop
      vertex 139.9423558412097 2.414729033951615 3.45
      vertex 140 3 3.45
      vertex 139.9423558412097 72.58527096604838 3.45
    endloop
  endfacet
  facet normal 0 0 -1
    outer loop
      vertex 3 75 0
      vertex 137 75 0
      vertex 137 0 0
    endloop
  endfacet
  facet normal 0 1 0
    outer loop
      vertex 3 75 0
      vertex 137 75 3.45
      vertex 137 75 0
    endloop
  endfacet
  facet normal 0 0 -1
    outer loop
      vertex 140 3 0
      vertex 139.9423558412097 72.58527096604838 0
      vertex 140 72 0
    endloop
  endfacet
  facet normal 0 0 -1
    outer loop
      vertex 137.5852709660484 0.05764415879030871 0
      vertex 137 75 0
      vertex 137.5852709660484 74.94235584120969 0
    endloop
  endfacet
  facet normal 0 0 -1
    outer loop
      vertex 138.14805029709527 0.22836140246614 0
      vertex 137.5852709660484 74.94235584120969 0
      vertex 138.14805029709527 74.77163859753387 0
    endloop
  endfacet
  facet normal 0 0 -1
    outer loop
      vertex 138.6667106990588 0.5055911630923644 0
      vertex 138.14805029709527 74.77163859753387 0
      vertex 138.6667106990588 74.49440883690764 0
    endloop
  endfacet
  facet normal 0 0 -1
    outer loop
      vertex 139.49440883690764 1.3332893009411935 0
      vertex 139.12132034355963 74.12132034355965 0
      vertex 139.49440883690764 73.66671069905881 0
    endloop
  endfacet
  facet normal 0 0 -1
    outer loop
      vertex 139.9423558412097 2.414729033951615 0
      vertex 139.77163859753387 73.14805029709527 0
      vertex 139.9423558412097 72.58527096604838 0
    endloop
  endfacet
  facet normal 0 0 -1
    outer loop
      vertex 139.77163859753387 1.8519497029047307 0
      vertex 139.49440883690764 73.66671069905881 0
      vertex 139.77163859753387 73.14805029709527 0
    endloop
  endfacet
  facet normal 0 0 -1
    outer loop
      vertex 139.12132034355963 0.8786796564403572 0
      vertex 138.6667106990588 74.49440883690764 0
      vertex 139.12132034355963 74.12132034355965 0
    endloop
  endfacet
  facet normal 0.9951847266721967 0.09801714032956385 0
    outer loop
      vertex 140 72 0
      vertex 139.9423558412097 72.58527096604838 0
      vertex 140 72 3.45
    endloop
  endfacet
  facet normal 0.09801714032956148 0.9951847266721968 -1.0985630032173365e-18
    outer loop
      vertex 137 75 0
      vertex 137.5852709660484 74.94235584120969 3.45
      vertex 137.5852709660484 74.94235584120969 0
    endloop
  endfacet
  facet normal 0.9569403357322118 0.2902846772544523 0
    outer loop
      vertex 139.9423558412097 72.58527096604838 0
      vertex 139.77163859753387 73.14805029709527 0
      vertex 139.9423558412097 72.58527096604838 3.45
    endloop
  endfacet
  facet normal 0.7730104533627246 0.6343932841636607 0
    outer loop
      vertex 139.49440883690764 73.66671069905881 0
      vertex 139.12132034355963 74.12132034355965 0
      vertex 139.49440883690764 73.66671069905881 3.45
    endloop
  endfacet
  facet normal 0.8819212643483558 0.4713967368259964 0
    outer loop
      vertex 139.77163859753387 73.14805029709527 0
      vertex 139.49440883690764 73.66671069905881 0
      vertex 139.77163859753387 73.14805029709527 3.45
    endloop
  endfacet
  facet normal 0.290284677254459 0.9569403357322099 1.662184415340189e-18
    outer loop
      vertex 137.5852709660484 74.94235584120969 0
      vertex 138.14805029709527 74.77163859753387 3.45
      vertex 138.14805029709527 74.77163859753387 0
    endloop
  endfacet
  facet normal 0.4713967368260064 0.8819212643483504 4.45346505891283e-18
    outer loop
      vertex 138.14805029709527 74.77163859753387 0
      vertex 138.6667106990588 74.49440883690764 3.45
      vertex 138.6667106990588 74.49440883690764 0
    endloop
  endfacet
  facet normal 0.6343932841636463 0.7730104533627364 6.359871452886192e-18
    outer loop
      vertex 138.6667106990588 74.49440883690764 0
      vertex 139.12132034355963 74.12132034355965 3.45
      vertex 139.12132034355963 74.12132034355965 0
    endloop
  endfacet
  facet normal 0 0 1
    outer loop
      vertex 12.25 73 3.45
      vertex 137 73 3.45
      vertex 137 75 3.45
    endloop
  endfacet
  facet normal 1 0 0
    outer loop
      vertex 140 3 3.45
      vertex 140 72 0
      vertex 140 72 3.45
    endloop
  endfacet
  facet normal 0 0 1
    outer loop
      vertex 140 3 3.45
      vertex 140 72 3.45
      vertex 139.9423558412097 72.58527096604838 3.45
    endloop
  endfacet
  facet normal 0 0 1
    outer loop
      vertex 138 3 3.45
      vertex 138.14805029709527 74.77163859753387 3.45
      vertex 138 72 3.45
    endloop
  endfacet
  facet normal 0 0 1
    outer loop
      vertex 138.6667106990588 0.5055911630923644 3.45
      vertex 138.6667106990588 74.49440883690764 3.45
      vertex 138.14805029709527 74.77163859753387 3.45
    endloop
  endfacet
  facet normal 0 0 1
    outer loop
      vertex 139.49440883690764 1.3332893009411935 3.45
      vertex 139.49440883690764 73.66671069905881 3.45
      vertex 139.12132034355963 74.12132034355965 3.45
    endloop
  endfacet
  facet normal 0 0 1
    outer loop
      vertex 139.9423558412097 2.414729033951615 3.45
      vertex 139.9423558412097 72.58527096604838 3.45
      vertex 139.77163859753387 73.14805029709527 3.45
    endloop
  endfacet
  facet normal 0 0 1
    outer loop
      vertex 139.77163859753387 1.8519497029047307 3.45
      vertex 139.77163859753387 73.14805029709527 3.45
      vertex 139.49440883690764 73.66671069905881 3.45
    endloop
  endfacet
  facet normal 0 0 1
    outer loop
      vertex 139.12132034355963 0.8786796564403572 3.45
      vertex 139.12132034355963 74.12132034355965 3.45
      vertex 138.6667106990588 74.49440883690764 3.45
    endloop
  endfacet
  facet normal 0.9951847266721967 0.09801714032956385 0
    outer loop
      vertex 139.9423558412097 72.58527096604838 0
      vertex 139.9423558412097 72.58527096604838 3.45
      vertex 140 72 3.45
    endloop
  endfacet
  facet normal 0.09801714032956148 0.9951847266721968 0
    outer loop
      vertex 137 75 0
      vertex 137 75 3.45
      vertex 137.5852709660484 74.94235584120969 3.45
    endloop
  endfacet
  facet normal 0.290284677254459 0.9569403357322099 0
    outer loop
      vertex 137.5852709660484 74.94235584120969 0
      vertex 137.5852709660484 74.94235584120969 3.45
      vertex 138.14805029709527 74.77163859753387 3.45
    endloop
  endfacet
  facet normal 0.9569403357322118 0.2902846772544523 0
    outer loop
      vertex 139.77163859753387 73.14805029709527 0
      vertex 139.77163859753387 73.14805029709527 3.45
      vertex 139.9423558412097 72.58527096604838 3.45
    endloop
  endfacet
  facet normal 0.8819212643483558 0.4713967368259964 0
    outer loop
      vertex 139.49440883690764 73.66671069905881 0
      vertex 139.49440883690764 73.66671069905881 3.45
      vertex 139.77163859753387 73.14805029709527 3.45
    endloop
  endfacet
  facet normal 0.6343932841636463 0.7730104533627364 0
    outer loop
      vertex 138.6667106990588 74.49440883690764 0
      vertex 138.6667106990588 74.49440883690764 3.45
      vertex 139.12132034355963 74.12132034355965 3.45
    endloop
  endfacet
  facet normal 0.4713967368260064 0.8819212643483504 0
    outer loop
      vertex 138.14805029709527 74.77163859753387 0
      vertex 138.14805029709527 74.77163859753387 3.45
      vertex 138.6667106990588 74.49440883690764 3.45
    endloop
  endfacet
  facet normal 0.7730104533627246 0.6343932841636607 0
    outer loop
      vertex 139.12132034355963 74.12132034355965 0
      vertex 139.12132034355963 74.12132034355965 3.45
      vertex 139.49440883690764 73.66671069905881 3.45
    endloop
  endfacet
  facet normal 0 0 1
    outer loop
      vertex 137 73 3.45
      vertex 137.19509032201614 72.98078528040323 3.45
      vertex 137 75 3.45
    endloop
  endfacet
  facet normal 0 0 1
    outer loop
      vertex 137.70710678118655 72.70710678118655 3.45
      vertex 137.5852709660484 74.94235584120969 3.45
      vertex 137.5555702330196 72.83146961230254 3.45
    endloop
  endfacet
  facet normal 0 0 1
    outer loop
      vertex 137.19509032201614 72.98078528040323 3.45
      vertex 137.3826834323651 72.9238795325113 3.45
      vertex 137.5852709660484 74.94235584120969 3.45
    endloop
  endfacet
  facet normal 0 0 1
    outer loop
      vertex 137.3826834323651 72.9238795325113 3.45
      vertex 137.5555702330196 72.83146961230254 3.45
      vertex 137.5852709660484 74.94235584120969 3.45
    endloop
  endfacet
  facet normal 0 0 1
    outer loop
      vertex 137.19509032201614 72.98078528040323 3.45
      vertex 137.5852709660484 74.94235584120969 3.45
      vertex 137 75 3.45
    endloop
  endfacet
  facet normal 0 0 1
    outer loop
      vertex 138 72 3.45
      vertex 138.14805029709527 74.77163859753387 3.45
      vertex 137.98078528040324 72.19509032201613 3.45
    endloop
  endfacet
  facet normal 0 0 1
    outer loop
      vertex 137.98078528040324 72.19509032201613 3.45
      vertex 138.14805029709527 74.77163859753387 3.45
      vertex 137.92387953251128 72.38268343236508 3.45
    endloop
  endfacet
  facet normal 0 0 1
    outer loop
      vertex 137.92387953251128 72.38268343236508 3.45
      vertex 138.14805029709527 74.77163859753387 3.45
      vertex 137.83146961230256 72.55557023301961 3.45
    endloop
  endfacet
  facet normal 0 0 1
    outer loop
      vertex 137.83146961230256 72.55557023301961 3.45
      vertex 138.14805029709527 74.77163859753387 3.45
      vertex 137.70710678118655 72.70710678118655 3.45
    endloop
  endfacet
  facet normal 0 0 1
    outer loop
      vertex 137.70710678118655 72.70710678118655 3.45
      vertex 138.14805029709527 74.77163859753387 3.45
      vertex 137.5852709660484 74.94235584120969 3.45
    endloop
  endfacet
  facet normal 0 1 0
    outer loop
      vertex 12.25 21.6 0.6
      vertex 12.25 21.6 1.2899999999999998
      vertex 33.46 21.6 0.6
    endloop
  endfacet
  facet normal 0 -1 0
    outer loop
      vertex 12.25 20.8 0.6
      vertex 33.46 20.8 0.6
      vertex 33.45 20.8 1.29
    endloop
  endfacet
  facet normal 1 0 0
    outer loop
      vertex 33.46 20.8 0.6
      vertex 33.46 21.6 0.6
      vertex 33.46 20.8 1.29
    endloop
  endfacet
  facet normal 0 -1 0
    outer loop
      vertex 12.25 20.8 0.6
      vertex 33.45 20.8 1.29
      vertex 12.25 20.8 1.29
    endloop
  endfacet
  facet normal 0 1 0
    outer loop
      vertex 33.46 21.6 0.6
      vertex 12.25 21.6 1.2899999999999998
      vertex 33.46 21.6 1.29
    endloop
  endfacet
  facet normal 0 -1 0
    outer loop
      vertex 33.46 20.8 0.6
      vertex 33.46 20.8 1.29
      vertex 33.45 20.8 1.29
    endloop
  endfacet
  facet normal 1 0 0
    outer loop
      vertex 33.46 21.6 0.6
      vertex 33.46 21.6 1.29
      vertex 33.46 20.8 1.29
    endloop
  endfacet
  facet normal 0 -1 0
    outer loop
      vertex 12.25 20.8 1.29
      vertex 22.865337423312887 20.8 1.697484662576687
      vertex 12.25 20.8 1.2938028169014084
    endloop
  endfacet
  facet normal 1.0468863975720476e-17 0 -1
    outer loop
      vertex 12.25 21.6 1.2899999999999998
      vertex 12.25 22.900000000000002 1.2899999999999998
      vertex 33.46 21.6 1.29
    endloop
  endfacet
  facet normal 1.0468863975720476e-17 0 -1
    outer loop
      vertex 12.25 22.900000000000002 1.2899999999999998
      vertex 33.46 22.896111111111114 1.29
      vertex 33.46 21.6 1.29
    endloop
  endfacet
  facet normal 0 -5.709718412359664e-14 -1
    outer loop
      vertex 12.25 22.900000000000002 1.2899999999999998
      vertex 33.46 22.900000000000002 1.2899999999999998
      vertex 33.46 22.896111111111114 1.29
    endloop
  endfacet
  facet normal 0 -1 0
    outer loop
      vertex 12.25 20.8 1.29
      vertex 33.45 20.8 1.29
      vertex 22.865337423312887 20.8 1.697484662576687
    endloop
  endfacet
  facet normal 0 1 0
    outer loop
      vertex 12.25 22.900000000000002 1.2899999999999998
      vertex 12.25 22.900000000000002 2.0999999999999996
      vertex 33.46 22.900000000000002 1.2899999999999998
    endloop
  endfacet
  facet normal 1 0 0
    outer loop
      vertex 33.46 22.896111111111114 1.29
      vertex 33.46 22.900000000000002 1.2899999999999998
      vertex 33.46 22.900000000000002 2.0999999999999996
    endloop
  endfacet
  facet normal 0 1 0
    outer loop
      vertex 33.46 22.900000000000002 1.2899999999999998
      vertex 12.25 22.900000000000002 2.0999999999999996
      vertex 33.45 22.900000000000002 2.0999999999999996
    endloop
  endfacet
  facet normal 1 0 0
    outer loop
      vertex 33.46 22.896111111111114 1.29
      vertex 33.46 22.900000000000002 2.0999999999999996
      vertex 33.46 22.896111111111114 2.0999999999999996
    endloop
  endfacet
  facet normal 0 1 0
    outer loop
      vertex 33.46 22.900000000000002 1.2899999999999998
      vertex 33.45 22.900000000000002 2.0999999999999996
      vertex 33.46 22.900000000000002 2.0999999999999996
    endloop
  endfacet
  facet normal 0 0 1
    outer loop
      vertex 33.46 22.896111111111114 2.0999999999999996
      vertex 33.46 22.900000000000002 2.0999999999999996
      vertex 33.45 22.900000000000002 2.0999999999999996
    endloop
  endfacet
  facet normal 0 -1 0
    outer loop
      vertex 12.25 20.8 1.2938028169014084
      vertex 22.865337423312887 20.8 1.697484662576687
      vertex 12.25 20.8 2.1100000000000003
    endloop
  endfacet
  facet normal 0 0 -1
    outer loop
      vertex 33.46 20.8 1.29
      vertex 33.46 21.6 1.29
      vertex 37.95 21.150000000000002 1.29
    endloop
  endfacet
  facet normal 0 0 -1
    outer loop
      vertex 33.46 21.6 1.29
      vertex 33.46 22.896111111111114 1.29
      vertex 37.95 21.150000000000002 1.29
    endloop
  endfacet
  facet normal 0 -1 0
    outer loop
      vertex 33.46 20.8 1.29
      vertex 37.95 20.8 2.1100000000000003
      vertex 33.45 20.8 1.29
    endloop
  endfacet
  facet normal 0 -1 0
    outer loop
      vertex 33.45 20.8 1.29
      vertex 37.95 20.8 2.1100000000000003
      vertex 22.865337423312887 20.8 1.697484662576687
    endloop
  endfacet
  facet normal 0.3624462611549485 0.9320046715412958 0
    outer loop
      vertex 33.46 22.896111111111114 1.29
      vertex 33.46 22.896111111111114 2.0999999999999996
      vertex 37.95 21.150000000000002 1.29
    endloop
  endfacet
  facet normal 0 0 -1
    outer loop
      vertex 33.46 20.8 1.29
      vertex 37.95 21.150000000000002 1.29
      vertex 37.95 20.8 1.29
    endloop
  endfacet
  facet normal 0 -1 0
    outer loop
      vertex 33.46 20.8 1.29
      vertex 37.95 20.8 1.29
      vertex 37.95 20.8 2.1100000000000003
    endloop
  endfacet
  facet normal 1 0 0
    outer loop
      vertex 37.95 20.8 1.29
      vertex 37.95 21.150000000000002 1.29
      vertex 37.95 20.8 2.1100000000000003
    endloop
  endfacet
  facet normal 0 0 1
    outer loop
      vertex 12.25 20.8 2.1100000000000003
      vertex 33.45 22.900000000000002 2.1100000000000003
      vertex 12.25 22.900000000000002 2.1100000000000003
    endloop
  endfacet
  facet normal 0 1 0
    outer loop
      vertex 12.25 22.900000000000002 2.0999999999999996
      vertex 12.25 22.900000000000002 2.1100000000000003
      vertex 33.45 22.900000000000002 2.0999999999999996
    endloop
  endfacet
  facet normal 0 -1 0
    outer loop
      vertex 22.865337423312887 20.8 1.697484662576687
      vertex 37.95 20.8 2.1100000000000003
      vertex 12.25 20.8 2.1100000000000003
    endloop
  endfacet
  facet normal 0.36244626115495415 0.9320046715412937 4.498839327840065e-14
    outer loop
      vertex 37.95 21.150000000000002 1.29
      vertex 33.46 22.896111111111114 2.0999999999999996
      vertex 33.45 22.900000000000002 2.1100000000000003
    endloop
  endfacet
  facet normal 0 0 1
    outer loop
      vertex 12.25 20.8 2.1100000000000003
      vertex 37.95 20.8 2.1100000000000003
      vertex 33.45 22.900000000000002 2.1100000000000003
    endloop
  endfacet
  facet normal 0 1 0
    outer loop
      vertex 12.25 22.900000000000002 2.1100000000000003
      vertex 33.45 22.900000000000002 2.1100000000000003
      vertex 33.45 22.900000000000002 2.0999999999999996
    endloop
  endfacet
  facet normal 0.36244626115491646 0.9320046715413083 2.4172962725228047e-17
    outer loop
      vertex 33.46 22.896111111111114 2.0999999999999996
      vertex 33.45 22.900000000000002 2.0999999999999996
      vertex 33.45 22.900000000000002 2.1100000000000003
    endloop
  endfacet
  facet normal 1 0 0
    outer loop
      vertex 37.95 21.150000000000002 1.29
      vertex 37.95 21.150000000000002 2.1100000000000003
      vertex 37.95 20.8 2.1100000000000003
    endloop
  endfacet
  facet normal 0.3624462611549484 0.9320046715412958 0
    outer loop
      vertex 37.95 21.150000000000002 1.29
      vertex 33.45 22.900000000000002 2.1100000000000003
      vertex 37.95 21.150000000000002 2.1100000000000003
    endloop
  endfacet
  facet normal 0 0 1
    outer loop
      vertex 33.45 22.900000000000002 2.1100000000000003
      vertex 37.95 20.8 2.1100000000000003
      vertex 37.95 21.150000000000002 2.1100000000000003
    endloop
  endfacet
  facet normal 0 -1 0
    outer loop
      vertex 12.25 31.400000000000002 0.6
      vertex 33.46 31.400000000000002 0.6
      vertex 33.46 31.400000000000002 1.29
    endloop
  endfacet
  facet normal 1 0 0
    outer loop
      vertex 33.46 31.400000000000002 0.6
      vertex 33.46 31.8 0.6
      vertex 33.46 31.8 1.1175000000000008
    endloop
  endfacet
  facet normal 0 -1 0
    outer loop
      vertex 12.25 31.400000000000002 0.6
      vertex 33.46 31.400000000000002 1.29
      vertex 12.25 31.400000000000002 1.2899999999999998
    endloop
  endfacet
  facet normal 1 0 0
    outer loop
      vertex 33.46 31.400000000000002 0.6
      vertex 33.46 31.8 1.1175000000000008
      vertex 33.46 31.400000000000002 1.29
    endloop
  endfacet
  facet normal 1 0 0
    outer loop
      vertex 33.46 32.2 0.6
      vertex 33.46 32.2 1.29
      vertex 33.46 31.8 1.1175000000000008
    endloop
  endfacet
  facet normal 1 0 0
    outer loop
      vertex 33.46 31.8 1.1175000000000008
      vertex 33.46 31.8 1.29
      vertex 33.46 31.400000000000002 1.29
    endloop
  endfacet
  facet normal 1 0 0
    outer loop
      vertex 33.46 31.8 1.1175000000000008
      vertex 33.46 32.2 1.29
      vertex 33.46 31.8 1.29
    endloop
  endfacet
  facet normal -1.0468863975720476e-17 -1.70803542250024e-16 -1
    outer loop
      vertex 12.25 30.1 1.29
      vertex 12.25 31.400000000000002 1.2899999999999998
      vertex 33.46 30.1 1.2899999999999998
    endloop
  endfacet
  facet normal 3.499591671884734e-15 5.709718412359628e-14 -1
    outer loop
      vertex 12.25 31.400000000000002 1.2899999999999998
      vertex 33.46 30.10388888888889 1.29
      vertex 33.46 30.1 1.2899999999999998
    endloop
  endfacet
  facet normal 1.0468863975720476e-17 0 -1
    outer loop
      vertex 12.25 31.400000000000002 1.2899999999999998
      vertex 33.46 31.400000000000002 1.29
      vertex 33.46 30.10388888888889 1.29
    endloop
  endfacet
  facet normal 0 -1 0
    outer loop
      vertex 12.25 30.1 1.29
      vertex 33.45 30.1 2.0999999999999996
      vertex 12.25 30.1 1.2938028169014084
    endloop
  endfacet
  facet normal 0 -1 0
    outer loop
      vertex 12.25 30.1 1.29
      vertex 33.46 30.1 1.2899999999999998
      vertex 33.46 30.1 2.0999999999999996
    endloop
  endfacet
  facet normal 1 0 0
    outer loop
      vertex 33.46 30.1 1.2899999999999998
      vertex 33.46 30.10388888888889 1.29
      vertex 33.46 30.10388888888889 2.0999999999999996
    endloop
  endfacet
  facet normal 0 -1 0
    outer loop
      vertex 12.25 30.1 1.29
      vertex 33.46 30.1 2.0999999999999996
      vertex 33.45 30.1 2.0999999999999996
    endloop
  endfacet
  facet normal 1 0 0
    outer loop
      vertex 33.46 30.1 1.2899999999999998
      vertex 33.46 30.10388888888889 2.0999999999999996
      vertex 33.46 30.1 2.0999999999999996
    endloop
  endfacet
  facet normal 0 0 1
    outer loop
      vertex 33.46 30.1 2.0999999999999996
      vertex 33.46 30.10388888888889 2.0999999999999996
      vertex 33.45 30.1 2.0999999999999996
    endloop
  endfacet
  facet normal 0 0 -1
    outer loop
      vertex 33.46 30.10388888888889 1.29
      vertex 33.46 31.400000000000002 1.29
      vertex 37.09317519215478 31.8 1.29
    endloop
  endfacet
  facet normal 0 0 -1
    outer loop
      vertex 33.46 31.400000000000002 1.29
      vertex 33.46 31.8 1.29
      vertex 37.82142857142856 32.139977728285075 1.29
    endloop
  endfacet
  facet normal 0 0 -1
    outer loop
      vertex 33.46 31.8 1.29
      vertex 33.46 32.2 1.29
      vertex 37.451111111111075 32.2 1.29
    endloop
  endfacet
  facet normal 0 0 -1
    outer loop
      vertex 33.46 30.10388888888889 1.29
      vertex 37.09317519215478 31.8 1.29
      vertex 37.82142857142857 31.8 1.29
    endloop
  endfacet
  facet normal 0 0 -1
    outer loop
      vertex 33.46 31.400000000000002 1.29
      vertex 37.82142857142856 32.139977728285075 1.29
      vertex 37.09317519215478 31.8 1.29
    endloop
  endfacet
  facet normal 0 0 -1
    outer loop
      vertex 37.82142857142856 32.2 1.29
      vertex 37.95 32.2 1.29
      vertex 37.95 32.15 1.29
    endloop
  endfacet
  facet normal 0.36244626115494866 -0.9320046715412958 -7.722970573460519e-17
    outer loop
      vertex 33.46 30.10388888888889 1.29
      vertex 37.82142857142857 31.8 1.29
      vertex 37.82142857142857 31.8 2.1100000000000003
    endloop
  endfacet
  facet normal 0 1 0
    outer loop
      vertex 37.82142857142856 32.2 1.29
      vertex 37.82142857142856 32.2 2.1100000000000003
      vertex 37.95 32.2 1.29
    endloop
  endfacet
  facet normal 1 0 0
    outer loop
      vertex 37.95 32.15 1.29
      vertex 37.95 32.2 1.29
      vertex 37.95 32.2 2.1100000000000003
    endloop
  endfacet
  facet normal 1 0 0
    outer loop
      vertex 37.95 31.85 1.29
      vertex 37.95 31.978571428571428 1.691632653061224
      vertex 37.95 31.85 2.0514285714285707
    endloop
  endfacet
  facet normal 0 0 1
    outer loop
      vertex 12.25 30.1 2.1100000000000003
      vertex 15.716415186176707 32.15161839863714 2.1100000000000003
      vertex 12.25 32.00425128289115 2.1100000000000003
    endloop
  endfacet
  facet normal 0 -1 0
    outer loop
      vertex 12.25 30.1 1.2938028169014084
      vertex 33.45 30.1 2.1100000000000003
      vertex 12.25 30.1 2.1100000000000003
    endloop
  endfacet
  facet normal 0 0 1
    outer loop
      vertex 12.25 30.1 2.1100000000000003
      vertex 37.83964927288281 31.851497005988026 2.1100000000000003
      vertex 15.716415186176707 32.15161839863714 2.1100000000000003
    endloop
  endfacet
  facet normal 0 0 1
    outer loop
      vertex 15.716415186176707 32.15161839863714 2.1100000000000003
      vertex 37.09285714285714 32.2 2.1100000000000003
      vertex 16.207142857142884 32.2 2.1100000000000003
    endloop
  endfacet
  facet normal 0 -1 0
    outer loop
      vertex 12.25 30.1 1.2938028169014084
      vertex 33.45 30.1 2.0999999999999996
      vertex 33.45 30.1 2.1100000000000003
    endloop
  endfacet
  facet normal 0.3624462611549487 -0.9320046715412957 0
    outer loop
      vertex 33.46 30.10388888888889 1.29
      vertex 37.82142857142857 31.8 2.1100000000000003
      vertex 33.46 30.10388888888889 2.0999999999999996
    endloop
  endfacet
  facet normal 0 0 1
    outer loop
      vertex 12.25 30.1 2.1100000000000003
      vertex 33.45 30.1 2.1100000000000003
      vertex 37.83964927288281 31.851497005988026 2.1100000000000003
    endloop
  endfacet
  facet normal 0 0 1
    outer loop
      vertex 15.716415186176707 32.15161839863714 2.1100000000000003
      vertex 37.83964927288281 31.851497005988026 2.1100000000000003
      vertex 37.09285714285714 32.2 2.1100000000000003
    endloop
  endfacet
  facet normal 0.36244626115491646 -0.9320046715413083 1.619202006099673e-11
    outer loop
      vertex 33.45 30.1 2.0999999999999996
      vertex 33.46 30.10388888888889 2.0999999999999996
      vertex 37.82142857142857 31.8 2.1100000000000003
    endloop
  endfacet
  facet normal 0.36244626115494866 -0.9320046715412958 0
    outer loop
      vertex 33.45 30.1 2.0999999999999996
      vertex 37.82142857142857 31.8 2.1100000000000003
      vertex 33.45 30.1 2.1100000000000003
    endloop
  endfacet
  facet normal 1 0 0
    outer loop
      vertex 37.95 32.15 1.29
      vertex 37.95 32.2 2.1100000000000003
      vertex 37.95 32.15 2.1100000000000003
    endloop
  endfacet
  facet normal 0 1 0
    outer loop
      vertex 37.95 32.2 1.29
      vertex 37.82142857142856 32.2 2.1100000000000003
      vertex 37.95 32.2 2.1100000000000003
    endloop
  endfacet
  facet normal 0 0 1
    outer loop
      vertex 33.45 30.1 2.1100000000000003
      vertex 37.82142857142857 31.8 2.1100000000000003
      vertex 37.83964927288281 31.851497005988026 2.1100000000000003
    endloop
  endfacet
  facet normal 0 0 1
    outer loop
      vertex 37.09285714285714 32.2 2.1100000000000003
      vertex 37.83964927288281 31.851497005988026 2.1100000000000003
      vertex 37.95 32.15 2.1100000000000003
    endloop
  endfacet
  facet normal 0 0 1
    outer loop
      vertex 37.09285714285714 32.2 2.1100000000000003
      vertex 37.95 32.15 2.1100000000000003
      vertex 37.82142857142856 32.2 2.1100000000000003
    endloop
  endfacet
  facet normal 0 0 1
    outer loop
      vertex 37.82142857142857 31.8 2.1100000000000003
      vertex 37.891558441558445 31.827272727272728 2.1100000000000003
      vertex 37.83964927288281 31.851497005988026 2.1100000000000003
    endloop
  endfacet
  facet normal 0 0 1
    outer loop
      vertex 37.82142857142856 32.2 2.1100000000000003
      vertex 37.95 32.15 2.1100000000000003
      vertex 37.95 32.2 2.1100000000000003
    endloop
  endfacet
  facet normal 0 -1 0
    outer loop
      vertex 41.25 21.4 0.6
      vertex 47.25 21.4 0.6
      vertex 41.25 21.4 1.4
    endloop
  endfacet
  facet normal 0 1 0
    outer loop
      vertex 41.25 22.2 0.6
      vertex 41.25 22.2 1.4
      vertex 47.25 22.2 1.4
    endloop
  endfacet
  facet normal 0 1 0
    outer loop
      vertex 41.25 22.2 0.6
      vertex 47.25 22.2 1.4
      vertex 47.25 22.2 0.6
    endloop
  endfacet
  facet normal 0 -1 0
    outer loop
      vertex 47.25 21.4 0.6
      vertex 47.25 21.4 1.4
      vertex 41.25 21.4 1.4
    endloop
  endfacet
  facet normal 0 0 1
    outer loop
      vertex 41.25 21.4 1.4
      vertex 47.25 21.4 1.4
      vertex 41.25 22.2 1.4
    endloop
  endfacet
  facet normal 0 0 1
    outer loop
      vertex 41.25 22.2 1.4
      vertex 47.25 21.4 1.4
      vertex 47.25 22.2 1.4
    endloop
  endfacet
  facet normal 0 -1 0
    outer loop
      vertex 41.25 30.799999999999997 0.6
      vertex 47.25 30.799999999999997 0.6
      vertex 41.25 30.799999999999997 1.4
    endloop
  endfacet
  facet normal 0 -1 0
    outer loop
      vertex 47.25 30.799999999999997 0.6
      vertex 47.25 30.799999999999997 1.4
      vertex 41.25 30.799999999999997 1.4
    endloop
  endfacet
  facet normal 0 0 1
    outer loop
      vertex 41.25 30.799999999999997 1.4
      vertex 47.25 30.799999999999997 1.4
      vertex 41.25 31.58 1.4
    endloop
  endfacet
  facet normal 0 0 1
    outer loop
      vertex 47.25 30.799999999999997 1.4
      vertex 47.25 31.58 1.4
      vertex 41.25 31.58 1.4
    endloop
  endfacet
  facet normal -1 0 0
    outer loop
      vertex 47.25 21.4 1.4
      vertex 47.25 22.2 2.63
      vertex 47.25 22.2 1.4
    endloop
  endfacet
  facet normal -1 0 0
    outer loop
      vertex 47.25 21.4 1.4
      vertex 47.25 21.4 2.63
      vertex 47.25 22.2 2.6499999999999995
    endloop
  endfacet
  facet normal -1 0 0
    outer loop
      vertex 47.25 21.4 1.4
      vertex 47.25 22.2 2.6499999999999995
      vertex 47.25 22.2 2.63
    endloop
  endfacet
  facet normal -1 0 0
    outer loop
      vertex 47.25 21.4 2.63
      vertex 47.25 21.4 2.6499999999999995
      vertex 47.25 22.2 2.6499999999999995
    endloop
  endfacet
  facet normal 0 -1 0
    outer loop
      vertex 47.25 21.4 0.6
      vertex 138 21.4 0.6
      vertex 47.25 21.4 1.4
    endloop
  endfacet
  facet normal 0 1 0
    outer loop
      vertex 47.25 22.2 0.6
      vertex 47.25 22.2 1.4
      vertex 138 22.2 0.6
    endloop
  endfacet
  facet normal 0 1 0
    outer loop
      vertex 47.25 22.2 1.4
      vertex 47.25 22.2 2.63
      vertex 138 22.2 0.6
    endloop
  endfacet
  facet normal 0 -1 0
    outer loop
      vertex 47.25 21.4 1.4
      vertex 138 21.4 0.6
      vertex 137.12883495145633 21.4 2.63
    endloop
  endfacet
  facet normal 0 -1 0
    outer loop
      vertex 47.25 21.4 1.4
      vertex 137.12883495145633 21.4 2.63
      vertex 47.25 21.4 2.63
    endloop
  endfacet
  facet normal 0 1 0
    outer loop
      vertex 47.25 22.2 2.63
      vertex 138 22.2 2.63
      vertex 138 22.2 0.6
    endloop
  endfacet
  facet normal 0 -1 0
    outer loop
      vertex 138 21.4 0.6
      vertex 138 21.4 2.6497730277655354
      vertex 137.12883495145633 21.4 2.63
    endloop
  endfacet
  facet normal -1 0 0
    outer loop
      vertex 47.25 22.2 2.63
      vertex 47.25 22.2 2.6499999999999995
      vertex 47.25 23.5 2.63
    endloop
  endfacet
  facet normal -1 0 0
    outer loop
      vertex 47.25 22.2 2.6499999999999995
      vertex 47.25 23.5 3.44
      vertex 47.25 23.5 2.63
    endloop
  endfacet
  facet normal -1 0 0
    outer loop
      vertex 47.25 21.4 2.6499999999999995
      vertex 47.25 21.4 3.44
      vertex 47.25 22.2 2.6499999999999995
    endloop
  endfacet
  facet normal -1 0 0
    outer loop
      vertex 47.25 22.2 2.6499999999999995
      vertex 47.25 21.4 3.44
      vertex 47.25 23.5 3.44
    endloop
  endfacet
  facet normal 0 0 -1
    outer loop
      vertex 47.25 22.2 2.63
      vertex 47.25 23.5 2.63
      vertex 138 22.2 2.63
    endloop
  endfacet
  facet normal 0 -1 0
    outer loop
      vertex 47.25 21.4 2.63
      vertex 138 21.4 3.44
      vertex 47.25 21.4 2.6499999999999995
    endloop
  endfacet
  facet normal 0 1 0
    outer loop
      vertex 47.25 23.5 2.63
      vertex 47.25 23.5 3.44
      vertex 138 23.5 2.63
    endloop
  endfacet
  facet normal 0 -1 0
    outer loop
      vertex 47.25 21.4 2.6499999999999995
      vertex 138 21.4 3.44
      vertex 47.25 21.4 3.44
    endloop
  endfacet
  facet normal 0 0 1
    outer loop
      vertex 47.25 21.4 3.44
      vertex 138 23.5 3.44
      vertex 47.25 23.5 3.44
    endloop
  endfacet
  facet normal 0 0 -1
    outer loop
      vertex 47.25 23.5 2.63
      vertex 138 23.5 2.63
      vertex 138 22.2 2.63
    endloop
  endfacet
  facet normal 0 -1 0
    outer loop
      vertex 47.25 21.4 2.63
      vertex 137.12883495145633 21.4 2.63
      vertex 138 21.4 3.44
    endloop
  endfacet
  facet normal 0 0 1
    outer loop
      vertex 47.25 21.4 3.44
      vertex 138 21.4 3.44
      vertex 138 23.5 3.44
    endloop
  endfacet
  facet normal 0 1 0
    outer loop
      vertex 47.25 23.5 3.44
      vertex 138 23.5 3.44
      vertex 138 23.5 2.63
    endloop
  endfacet
  facet normal 0 -1 0
    outer loop
      vertex 137.12883495145633 21.4 2.63
      vertex 138 21.4 2.6497730277655354
      vertex 138 21.4 3.44
    endloop
  endfacet
  facet normal -1 0 0
    outer loop
      vertex 47.25 30.799999999999997 1.4
      vertex 47.25 30.799999999999997 2.63
      vertex 47.25 31.58 1.4
    endloop
  endfacet
  facet normal -1 0 0
    outer loop
      vertex 47.25 30.799999999999997 2.63
      vertex 47.25 30.799999999999997 2.6499999999999995
      vertex 47.25 31.58 1.4
    endloop
  endfacet
  facet normal -1 0 0
    outer loop
      vertex 47.25 30.799999999999997 2.6499999999999995
      vertex 47.25 31.58 2.6499999999999995
      vertex 47.25 31.58 1.4
    endloop
  endfacet
  facet normal 0 -1 0
    outer loop
      vertex 47.25 30.799999999999997 0.6
      vertex 138 30.799999999999997 0.6
      vertex 47.25 30.799999999999997 1.4
    endloop
  endfacet
  facet normal 0 -1 0
    outer loop
      vertex 47.25 30.799999999999997 1.4
      vertex 138 30.799999999999997 0.6
      vertex 47.25 30.799999999999997 2.63
    endloop
  endfacet
  facet normal 0 -1 0
    outer loop
      vertex 47.25 30.799999999999997 2.63
      vertex 138 30.799999999999997 0.6
      vertex 138 30.799999999999997 2.63
    endloop
  endfacet
  facet normal -1 0 0
    outer loop
      vertex 47.25 29.499999999999996 2.63
      vertex 47.25 30.799999999999997 2.6499999999999995
      vertex 47.25 30.799999999999997 2.63
    endloop
  endfacet
  facet normal -1 0 0
    outer loop
      vertex 47.25 29.499999999999996 2.63
      vertex 47.25 31.599999999999998 3.44
      vertex 47.25 30.799999999999997 2.6499999999999995
    endloop
  endfacet
  facet normal -1 0 0
    outer loop
      vertex 47.25 30.799999999999997 2.6499999999999995
      vertex 47.25 31.599999999999998 3.44
      vertex 47.25 31.58 2.6499999999999995
    endloop
  endfacet
  facet normal -1 0 0
    outer loop
      vertex 47.25 31.599999999999998 3.44
      vertex 47.25 31.599999999999998 2.6499999999999995
      vertex 47.25 31.58 2.6499999999999995
    endloop
  endfacet
  facet normal -1 0 0
    outer loop
      vertex 47.25 29.499999999999996 2.63
      vertex 47.25 29.499999999999996 3.44
      vertex 47.25 31.599999999999998 3.44
    endloop
  endfacet
  facet normal 0 0 -1
    outer loop
      vertex 47.25 29.499999999999996 2.63
      vertex 47.25 30.799999999999997 2.63
      vertex 138 29.499999999999996 2.63
    endloop
  endfacet
  facet normal 0 1 0
    outer loop
      vertex 47.25 31.599999999999998 3.44
      vertex 138 31.599999999999998 2.6499999999999995
      vertex 47.25 31.599999999999998 2.6499999999999995
    endloop
  endfacet
  facet normal 0 -1 0
    outer loop
      vertex 47.25 29.499999999999996 2.63
      vertex 138 29.499999999999996 3.44
      vertex 47.25 29.499999999999996 3.44
    endloop
  endfacet
  facet normal 0 0 1
    outer loop
      vertex 47.25 29.499999999999996 3.44
      vertex 138 31.599999999999998 3.44
      vertex 47.25 31.599999999999998 3.44
    endloop
  endfacet
  facet normal 0 0 -1
    outer loop
      vertex 47.25 30.799999999999997 2.63
      vertex 138 30.799999999999997 2.63
      vertex 138 29.499999999999996 2.63
    endloop
  endfacet
  facet normal 0 -1 0
    outer loop
      vertex 47.25 29.499999999999996 2.63
      vertex 138 29.499999999999996 2.63
      vertex 138 29.499999999999996 3.44
    endloop
  endfacet
  facet normal 0 1 0
    outer loop
      vertex 47.25 31.599999999999998 3.44
      vertex 138 31.599999999999998 3.44
      vertex 138 31.599999999999998 2.6499999999999995
    endloop
  endfacet
  facet normal 0 0 1
    outer loop
      vertex 47.25 29.499999999999996 3.44
      vertex 138 29.499999999999996 3.44
      vertex 138 31.599999999999998 3.44
    endloop
  endfacet
  facet normal 0 -1 0
    outer loop
      vertex 40.05 21.4 0.6
      vertex 41.25 21.4 0.6
      vertex 40.05 21.4 2.4
    endloop
  endfacet
  facet normal 1 0 0
    outer loop
      vertex 41.25 22.2 0.6
      vertex 41.25 30.799999999999997 0.6
      vertex 41.25 22.2 1.4
    endloop
  endfacet
  facet normal -1 0 0
    outer loop
      vertex 40.05 21.4 0.6
      vertex 40.05 21.4 2.4
      vertex 40.05 31.58 0.6
    endloop
  endfacet
  facet normal 1 0 0
    outer loop
      vertex 41.25 30.799999999999997 0.6
      vertex 41.25 30.799999999999997 1.4
      vertex 41.25 22.2 1.4
    endloop
  endfacet
  facet normal 0 -1 0
    outer loop
      vertex 41.25 21.4 0.6
      vertex 41.25 21.4 1.4
      vertex 40.05 21.4 2.4
    endloop
  endfacet
  facet normal -1 0 0
    outer loop
      vertex 40.05 31.58133462882828 2.3967061109696965
      vertex 40.05 31.599999999999998 0.6380118465104289
      vertex 40.05 31.58407766990291 0.6
    endloop
  endfacet
  facet normal 1 0 0
    outer loop
      vertex 41.25 21.4 1.4
      vertex 41.25 22.2 1.4
      vertex 41.25 21.4 2.4
    endloop
  endfacet
  facet normal 0 -1 0
    outer loop
      vertex 41.25 21.4 1.4
      vertex 41.25 21.4 2.4
      vertex 40.05 21.4 2.4
    endloop
  endfacet
  facet normal 1 0 0
    outer loop
      vertex 41.25 22.2 1.4
      vertex 41.25 30.799999999999997 1.4
      vertex 41.25 21.4 2.4
    endloop
  endfacet
  facet normal 1 0 0
    outer loop
      vertex 41.25 30.799999999999997 1.4
      vertex 41.25 31.58 2.4
      vertex 41.25 21.4 2.4
    endloop
  endfacet
  facet normal 0 0 1
    outer loop
      vertex 40.05 21.4 2.4
      vertex 41.25 21.4 2.4
      vertex 40.05 31.58 2.4
    endloop
  endfacet
  facet normal -1 0 0
    outer loop
      vertex 40.05 21.4 2.4
      vertex 40.05 31.58 2.4
      vertex 40.05 31.58 0.6
    endloop
  endfacet
  facet normal 1 0 0
    outer loop
      vertex 41.25 30.799999999999997 1.4
      vertex 41.25 31.58 1.4
      vertex 41.25 31.58 2.4
    endloop
  endfacet
  facet normal -1 0 0
    outer loop
      vertex 40.05 31.599999999999998 2.4
      vertex 40.05 31.599999999999998 0.6380118465104289
      vertex 40.05 31.58133462882828 2.3967061109696965
    endloop
  endfacet
  facet normal 0 0 1
    outer loop
      vertex 41.25 21.4 2.4
      vertex 41.25 31.58 2.4
      vertex 40.05 31.58 2.4
    endloop
  endfacet
  facet normal -1 0 0
    outer loop
      vertex 40.05 31.599999999999998 2.4
      vertex 40.05 31.58133462882828 2.3967061109696965
      vertex 40.05 31.58 2.4
    endloop
  endfacet
  facet normal 0 1 0
    outer loop
      vertex 12.25 32.6 0.6
      vertex 33.46 32.6 1.29
      vertex 33.46 32.6 0.6
    endloop
  endfacet
  facet normal 1 0 0
    outer loop
      vertex 33.46 31.8 0.6
      vertex 33.46 32.2 0.6
      vertex 33.46 31.8 1.1175000000000008
    endloop
  endfacet
  facet normal 1 0 0
    outer loop
      vertex 33.46 32.2 0.6
      vertex 33.46 32.6 0.6
      vertex 33.46 32.2 1.29
    endloop
  endfacet
  facet normal 0 1 0
    outer loop
      vertex 12.25 32.6 0.6
      vertex 12.25 32.6 1.2899999999999998
      vertex 33.46 32.6 1.29
    endloop
  endfacet
  facet normal 1 0 0
    outer loop
      vertex 33.46 32.6 0.6
      vertex 33.46 32.6 1.29
      vertex 33.46 32.2 1.29
    endloop
  endfacet
  facet normal 1.0468863975720476e-17 0 -1
    outer loop
      vertex 12.25 32.6 1.2899999999999998
      vertex 12.25 33.9 1.2899999999999998
      vertex 33.46 32.6 1.29
    endloop
  endfacet
  facet normal 1.047380211910525e-17 8.056770860848606e-20 -1
    outer loop
      vertex 12.25 33.9 1.2899999999999998
      vertex 33.45 33.9 1.29
      vertex 33.46 32.6 1.29
    endloop
  endfacet
  facet normal 0 0 -1
    outer loop
      vertex 33.46 32.6 1.29
      vertex 33.45 33.9 1.29
      vertex 33.46 33.89611111111111 1.29
    endloop
  endfacet
  facet normal -2.220446049250755e-14 -5.709718412359663e-14 -1
    outer loop
      vertex 33.46 33.89611111111111 1.29
      vertex 33.45 33.9 1.29
      vertex 33.46 33.9 1.2899999999999998
    endloop
  endfacet
  facet normal 0 1 0
    outer loop
      vertex 33.46 33.9 1.2899999999999998
      vertex 33.45 33.9 1.29
      vertex 33.45 33.9 2.0999999999999996
    endloop
  endfacet
  facet normal 1 0 0
    outer loop
      vertex 33.46 33.89611111111111 1.29
      vertex 33.46 33.9 1.2899999999999998
      vertex 33.46 33.9 2.0999999999999996
    endloop
  endfacet
  facet normal 1 0 0
    outer loop
      vertex 33.46 33.89611111111111 1.29
      vertex 33.46 33.9 2.0999999999999996
      vertex 33.46 33.89611111111111 2.0999999999999996
    endloop
  endfacet
  facet normal 0 1 0
    outer loop
      vertex 33.46 33.9 1.2899999999999998
      vertex 33.45 33.9 2.0999999999999996
      vertex 33.46 33.9 2.0999999999999996
    endloop
  endfacet
  facet normal 0 0 1
    outer loop
      vertex 33.46 33.89611111111111 2.0999999999999996
      vertex 33.46 33.9 2.0999999999999996
      vertex 33.45 33.9 2.0999999999999996
    endloop
  endfacet
  facet normal 0 0 -1
    outer loop
      vertex 33.46 32.2 1.29
      vertex 33.46 32.6 1.29
      vertex 37.451111111111075 32.2 1.29
    endloop
  endfacet
  facet normal 0 0 -1
    outer loop
      vertex 33.46 32.6 1.29
      vertex 33.46 33.89611111111111 1.29
      vertex 37.82142857142856 32.2 1.29
    endloop
  endfacet
  facet normal 0 1 0
    outer loop
      vertex 12.25 33.9 1.2899999999999998
      vertex 12.25 33.9 2.1100000000000003
      vertex 33.45 33.9 1.29
    endloop
  endfacet
  facet normal 0 0 -1
    outer loop
      vertex 33.46 31.8 1.29
      vertex 37.451111111111075 32.2 1.29
      vertex 37.82142857142856 32.139977728285075 1.29
    endloop
  endfacet
  facet normal 0 0 -1
    outer loop
      vertex 33.46 32.6 1.29
      vertex 37.82142857142856 32.2 1.29
      vertex 37.451111111111075 32.2 1.29
    endloop
  endfacet
  facet normal 0 0 -1
    outer loop
      vertex 37.09317519215478 31.8 1.29
      vertex 37.82142857142856 32.139977728285075 1.29
      vertex 37.82142857142857 31.8 1.29
    endloop
  endfacet
  facet normal 0 0 -1
    outer loop
      vertex 37.82142857142857 31.8 1.29
      vertex 37.82142857142856 32.139977728285075 1.29
      vertex 37.95 31.8 1.29
    endloop
  endfacet
  facet normal 0 0 -1
    outer loop
      vertex 37.95 31.8 1.29
      vertex 37.82142857142856 32.139977728285075 1.29
      vertex 37.95 31.85 1.29
    endloop
  endfacet
  facet normal 0 0 -1
    outer loop
      vertex 37.95 31.85 1.29
      vertex 37.82142857142856 32.139977728285075 1.29
      vertex 37.95 32.15 1.29
    endloop
  endfacet
  facet normal 0 0 -1
    outer loop
      vertex 37.451111111111075 32.2 1.29
      vertex 37.82142857142856 32.2 1.29
      vertex 37.95 32.15 1.29
    endloop
  endfacet
  facet normal 0 0 -1
    outer loop
      vertex 37.451111111111075 32.2 1.29
      vertex 37.95 32.15 1.29
      vertex 37.82142857142856 32.139977728285075 1.29
    endloop
  endfacet
  facet normal 1 0 0
    outer loop
      vertex 37.95 31.85 1.29
      vertex 37.95 32.15 1.29
      vertex 37.95 31.978571428571428 1.691632653061224
    endloop
  endfacet
  facet normal 0.3624462611549486 0.932004671541296 8.060975450894599e-17
    outer loop
      vertex 33.46 33.89611111111111 1.29
      vertex 37.82142857142856 32.2 2.1100000000000003
      vertex 37.82142857142856 32.2 1.29
    endloop
  endfacet
  facet normal 0 -1 0
    outer loop
      vertex 37.82142857142857 31.8 1.29
      vertex 37.95 31.8 1.29
      vertex 37.82142857142857 31.8 2.1100000000000003
    endloop
  endfacet
  facet normal 1 0 0
    outer loop
      vertex 37.95 31.8 1.29
      vertex 37.95 31.85 1.29
      vertex 37.95 31.8 2.1100000000000003
    endloop
  endfacet
  facet normal 1 0 0
    outer loop
      vertex 37.95 32.15 1.29
      vertex 37.95 32.15 2.1100000000000003
      vertex 37.95 31.978571428571428 1.691632653061224
    endloop
  endfacet
  facet normal 0 0 1
    outer loop
      vertex 12.25 32.00425128289115 2.1100000000000003
      vertex 16.207142857142884 32.2 2.1100000000000003
      vertex 12.25 33.9 2.1100000000000003
    endloop
  endfacet
  facet normal 0 0 1
    outer loop
      vertex 12.25 32.00425128289115 2.1100000000000003
      vertex 15.716415186176707 32.15161839863714 2.1100000000000003
      vertex 16.207142857142884 32.2 2.1100000000000003
    endloop
  endfacet
  facet normal 0 0 1
    outer loop
      vertex 16.207142857142884 32.2 2.1100000000000003
      vertex 33.45 33.9 2.1100000000000003
      vertex 12.25 33.9 2.1100000000000003
    endloop
  endfacet
  facet normal 0 0 1
    outer loop
      vertex 16.207142857142884 32.2 2.1100000000000003
      vertex 37.09285714285714 32.2 2.1100000000000003
      vertex 33.45 33.9 2.1100000000000003
    endloop
  endfacet
  facet normal 0 1 0
    outer loop
      vertex 33.45 33.9 1.29
      vertex 12.25 33.9 2.1100000000000003
      vertex 33.45 33.9 2.0999999999999996
    endloop
  endfacet
  facet normal 0.3624462611549486 0.9320046715412958 0
    outer loop
      vertex 33.46 33.89611111111111 1.29
      vertex 33.46 33.89611111111111 2.0999999999999996
      vertex 37.82142857142856 32.2 2.1100000000000003
    endloop
  endfacet
  facet normal 0 1 0
    outer loop
      vertex 12.25 33.9 2.1100000000000003
      vertex 33.45 33.9 2.1100000000000003
      vertex 33.45 33.9 2.0999999999999996
    endloop
  endfacet
  facet normal 0.36244626115491646 0.9320046715413083 2.4172962725228047e-17
    outer loop
      vertex 33.46 33.89611111111111 2.0999999999999996
      vertex 33.45 33.9 2.0999999999999996
      vertex 33.45 33.9 2.1100000000000003
    endloop
  endfacet
  facet normal 0.3624462611549485 0.9320046715412958 3.687709860464742e-14
    outer loop
      vertex 33.46 33.89611111111111 2.0999999999999996
      vertex 33.45 33.9 2.1100000000000003
      vertex 37.82142857142856 32.2 2.1100000000000003
    endloop
  endfacet
  facet normal 1 0 0
    outer loop
      vertex 37.95 31.85 1.29
      vertex 37.95 31.85 2.0514285714285707
      vertex 37.95 31.8 2.1100000000000003
    endloop
  endfacet
  facet normal 0 -1 0
    outer loop
      vertex 37.95 31.8 1.29
      vertex 37.95 31.8 2.1100000000000003
      vertex 37.82142857142857 31.8 2.1100000000000003
    endloop
  endfacet
  facet normal 1 0 0
    outer loop
      vertex 37.95 31.978571428571428 1.691632653061224
      vertex 37.95 32.15 2.1100000000000003
      vertex 37.95 31.85 2.0514285714285707
    endloop
  endfacet
  facet normal 0 0 1
    outer loop
      vertex 33.45 33.9 2.1100000000000003
      vertex 37.09285714285714 32.2 2.1100000000000003
      vertex 37.82142857142856 32.2 2.1100000000000003
    endloop
  endfacet
  facet normal 1 0 0
    outer loop
      vertex 37.95 31.85 2.0514285714285707
      vertex 37.95 32.15 2.1100000000000003
      vertex 37.95 31.8 2.1100000000000003
    endloop
  endfacet
  facet normal 0 0 1
    outer loop
      vertex 37.82142857142857 31.8 2.1100000000000003
      vertex 37.95 31.8 2.1100000000000003
      vertex 37.891558441558445 31.827272727272728 2.1100000000000003
    endloop
  endfacet
  facet normal 0 0 1
    outer loop
      vertex 37.95 31.8 2.1100000000000003
      vertex 37.95 32.15 2.1100000000000003
      vertex 37.891558441558445 31.827272727272728 2.1100000000000003
    endloop
  endfacet
  facet normal 0 0 1
    outer loop
      vertex 37.83964927288281 31.851497005988026 2.1100000000000003
      vertex 37.891558441558445 31.827272727272728 2.1100000000000003
      vertex 37.95 32.15 2.1100000000000003
    endloop
  endfacet
  facet normal 0 -1 0
    outer loop
      vertex 12.25 42.400000000000006 0.6
      vertex 33.46 42.400000000000006 0.6
      vertex 33.46 42.400000000000006 1.29
    endloop
  endfacet
  facet normal 1 0 0
    outer loop
      vertex 33.46 42.400000000000006 0.6
      vertex 33.46 42.8 0.6
      vertex 33.46 42.400000000000006 1.29
    endloop
  endfacet
  facet normal 0 -1 0
    outer loop
      vertex 12.25 42.400000000000006 0.6
      vertex 33.46 42.400000000000006 1.29
      vertex 12.25 42.400000000000006 1.2899999999999998
    endloop
  endfacet
  facet normal 1 0 0
    outer loop
      vertex 33.46 42.8 0.6
      vertex 33.46 42.8 1.117500000000003
      vertex 33.46 42.400000000000006 1.29
    endloop
  endfacet
  facet normal 1 0 0
    outer loop
      vertex 33.46 43.2 0.6
      vertex 33.46 43.2 1.2899999999999998
      vertex 33.46 42.8 1.117500000000003
    endloop
  endfacet
  facet normal 1 0 0
    outer loop
      vertex 33.46 42.8 1.117500000000003
      vertex 33.46 43.2 1.2899999999999998
      vertex 33.46 42.400000000000006 1.29
    endloop
  endfacet
  facet normal 0 -1.7080354225002353e-16 -1
    outer loop
      vertex 12.25 41.1 1.29
      vertex 12.25 42.400000000000006 1.2899999999999998
      vertex 33.45 41.1 1.29
    endloop
  endfacet
  facet normal -2.2204460492247467e-14 -3.6227431310813067e-13 -1
    outer loop
      vertex 12.25 42.400000000000006 1.2899999999999998
      vertex 33.46 41.10000000000001 1.2899999999999998
      vertex 33.45 41.1 1.29
    endloop
  endfacet
  facet normal 3.499591671891087e-15 5.70971841237001e-14 -1
    outer loop
      vertex 12.25 42.400000000000006 1.2899999999999998
      vertex 33.46 41.10388888888889 1.29
      vertex 33.46 41.10000000000001 1.2899999999999998
    endloop
  endfacet
  facet normal 1.0468863975720476e-17 0 -1
    outer loop
      vertex 12.25 42.400000000000006 1.2899999999999998
      vertex 33.46 42.400000000000006 1.29
      vertex 33.46 41.10388888888889 1.29
    endloop
  endfacet
  facet normal 7.105427357602415e-13 -1 0
    outer loop
      vertex 33.46 41.10000000000001 1.2899999999999998
      vertex 33.46 41.10000000000001 2.0999999999999996
      vertex 33.45 41.1 1.29
    endloop
  endfacet
  facet normal 1 0 0
    outer loop
      vertex 33.46 41.10000000000001 1.2899999999999998
      vertex 33.46 41.10388888888889 1.29
      vertex 33.46 41.10388888888889 2.0999999999999996
    endloop
  endfacet
  facet normal 0 -1 8.772132540248155e-15
    outer loop
      vertex 33.45 41.1 1.29
      vertex 33.46 41.10000000000001 2.0999999999999996
      vertex 33.450000000000024 41.10000000000001 2.0999999999999996
    endloop
  endfacet
  facet normal 1 0 0
    outer loop
      vertex 33.46 41.10000000000001 1.2899999999999998
      vertex 33.46 41.10388888888889 2.0999999999999996
      vertex 33.46 41.10000000000001 2.0999999999999996
    endloop
  endfacet
  facet normal 0 0 1
    outer loop
      vertex 33.46 41.10000000000001 2.0999999999999996
      vertex 33.46 41.10388888888889 2.0999999999999996
      vertex 33.450000000000024 41.10000000000001 2.0999999999999996
    endloop
  endfacet
  facet normal 0 0 -1
    outer loop
      vertex 33.46 41.10388888888889 1.29
      vertex 33.46 42.400000000000006 1.29
      vertex 37.95 43.2 1.29
    endloop
  endfacet
  facet normal 5.0910980493783903e-17 -2.775557561562901e-16 -1
    outer loop
      vertex 33.46 42.400000000000006 1.29
      vertex 33.46 43.2 1.2899999999999998
      vertex 37.82142857142856 43.2 1.29
    endloop
  endfacet
  facet normal 0 -1 8.772132540248155e-15
    outer loop
      vertex 12.25 41.1 1.29
      vertex 33.45 41.1 1.29
      vertex 33.450000000000024 41.10000000000001 2.0999999999999996
    endloop
  endfacet
  facet normal 0.3624462611549486 -0.9320046715412958 0
    outer loop
      vertex 33.46 41.10388888888889 1.29
      vertex 37.82142857142856 42.8 1.29
      vertex 33.46 41.10388888888889 2.0999999999999996
    endloop
  endfacet
  facet normal 0 0 -1
    outer loop
      vertex 33.46 41.10388888888889 1.29
      vertex 37.95 43.2 1.29
      vertex 37.82142857142856 42.8 1.29
    endloop
  endfacet
  facet normal 0 0 -1
    outer loop
      vertex 33.46 42.400000000000006 1.29
      vertex 37.82142857142856 43.2 1.29
      vertex 37.95 43.2 1.29
    endloop
  endfacet
  facet normal 0 0 -1
    outer loop
      vertex 37.82142857142856 42.8 1.29
      vertex 37.95 43.2 1.29
      vertex 37.95 42.85 1.29
    endloop
  endfacet
  facet normal 1 0 0
    outer loop
      vertex 37.95 42.85 1.29
      vertex 37.95 43.2 1.29
      vertex 37.95 43.15 1.4071428571428668
    endloop
  endfacet
  facet normal 0 1 0
    outer loop
      vertex 37.82142857142856 43.2 1.29
      vertex 37.95 43.2 2.1100000000000003
      vertex 37.95 43.2 1.29
    endloop
  endfacet
  facet normal 1 0 0
    outer loop
      vertex 37.95 42.85 1.29
      vertex 37.95 43.15 1.4071428571428668
      vertex 37.95 42.85 2.1100000000000003
    endloop
  endfacet
  facet normal 1 0 0
    outer loop
      vertex 37.95 43.2 1.29
      vertex 37.95 43.2 2.1100000000000003
      vertex 37.95 43.15 1.4071428571428668
    endloop
  endfacet
  facet normal 0 0 1
    outer loop
      vertex 12.25 41.1 2.1100000000000003
      vertex 15.716415186176732 43.15161839863714 2.1100000000000003
      vertex 12.25 43.19864341085272 2.1100000000000003
    endloop
  endfacet
  facet normal 0 -1 0
    outer loop
      vertex 12.25 41.1 1.29
      vertex 33.45 41.1 2.1100000000000003
      vertex 12.25 41.1 2.1100000000000003
    endloop
  endfacet
  facet normal 0 0 1
    outer loop
      vertex 12.25 41.1 2.1100000000000003
      vertex 37.21285714285708 42.8 2.1100000000000003
      vertex 15.716415186176732 43.15161839863714 2.1100000000000003
    endloop
  endfacet
  facet normal 2.7483256760528143e-14 -1 -7.105427357599958e-13
    outer loop
      vertex 12.25 41.1 1.29
      vertex 33.450000000000024 41.10000000000001 2.0999999999999996
      vertex 33.45 41.1 2.1100000000000003
    endloop
  endfacet
  facet normal 0 0 1
    outer loop
      vertex 12.25 41.1 2.1100000000000003
      vertex 33.45 41.1 2.1100000000000003
      vertex 37.21285714285708 42.8 2.1100000000000003
    endloop
  endfacet
  facet normal 0.36244626115501233 -0.9320046715412711 -3.200455177765617e-11
    outer loop
      vertex 33.450000000000024 41.10000000000001 2.0999999999999996
      vertex 33.46 41.10388888888889 2.0999999999999996
      vertex 37.82142857142856 42.8 2.1100000000000003
    endloop
  endfacet
  facet normal 0.36244626115494843 -0.9320046715412958 1.1037152484301704e-13
    outer loop
      vertex 33.450000000000024 41.10000000000001 2.0999999999999996
      vertex 37.82142857142856 42.8 2.1100000000000003
      vertex 33.45 41.1 2.1100000000000003
    endloop
  endfacet
  facet normal 0 0 1
    outer loop
      vertex 15.716415186176732 43.15161839863714 2.1100000000000003
      vertex 37.21285714285708 42.8 2.1100000000000003
      vertex 37.856453952139226 42.843654822335026 2.1100000000000003
    endloop
  endfacet
  facet normal 0.3624462611549486 -0.932004671541296 0
    outer loop
      vertex 37.82142857142856 42.8 1.29
      vertex 37.82142857142856 42.8 2.1100000000000003
      vertex 33.46 41.10388888888889 2.0999999999999996
    endloop
  endfacet
  facet normal 0 1 0
    outer loop
      vertex 37.82142857142856 43.2 1.29
      vertex 37.82142857142856 43.2 2.1100000000000003
      vertex 37.95 43.2 2.1100000000000003
    endloop
  endfacet
  facet normal 1 0 0
    outer loop
      vertex 37.95 43.15 1.4071428571428668
      vertex 37.95 43.2 2.1100000000000003
      vertex 37.95 43.15 2.1100000000000003
    endloop
  endfacet
  facet normal 0 0 1
    outer loop
      vertex 33.45 41.1 2.1100000000000003
      vertex 37.82142857142856 42.8 2.1100000000000003
      vertex 37.21285714285708 42.8 2.1100000000000003
    endloop
  endfacet
  facet normal 0 0 1
    outer loop
      vertex 37.856453952139226 42.843654822335026 2.1100000000000003
      vertex 37.95 42.85 2.1100000000000003
      vertex 37.8396492728828 42.85149700598802 2.1100000000000003
    endloop
  endfacet
  facet normal 0 0 1
    outer loop
      vertex 37.82142857142856 43.2 2.1100000000000003
      vertex 37.95 43.15 2.1100000000000003
      vertex 37.95 43.2 2.1100000000000003
    endloop
  endfacet
  facet normal 0 1 0
    outer loop
      vertex 41.25 33.199999999999996 0.6
      vertex 41.25 33.199999999999996 1.4
      vertex 47.25 33.199999999999996 1.4
    endloop
  endfacet
  facet normal 0 1 0
    outer loop
      vertex 41.25 33.199999999999996 0.6
      vertex 47.25 33.199999999999996 1.4
      vertex 47.25 33.199999999999996 0.6
    endloop
  endfacet
  facet normal 0 0 1
    outer loop
      vertex 41.25 33.199999999999996 1.4
      vertex 41.25 32.42 1.4
      vertex 47.25 32.42 1.4
    endloop
  endfacet
  facet normal 0 0 1
    outer loop
      vertex 41.25 33.199999999999996 1.4
      vertex 47.25 32.42 1.4
      vertex 47.25 33.199999999999996 1.4
    endloop
  endfacet
  facet normal 0 -1 0
    outer loop
      vertex 41.25 41.8 0.6
      vertex 47.25 41.8 0.6
      vertex 41.25 41.8 1.4
    endloop
  endfacet
  facet normal 0 -1 0
    outer loop
      vertex 47.25 41.8 0.6
      vertex 47.25 41.8 1.4
      vertex 41.25 41.8 1.4
    endloop
  endfacet
  facet normal 0 0 1
    outer loop
      vertex 41.25 41.8 1.4
      vertex 47.25 41.8 1.4
      vertex 41.25 42.58 1.4
    endloop
  endfacet
  facet normal 0 0 1
    outer loop
      vertex 47.25 41.8 1.4
      vertex 47.25 42.58 1.4
      vertex 41.25 42.58 1.4
    endloop
  endfacet
  facet normal -1 0 0
    outer loop
      vertex 47.25 33.199999999999996 1.4
      vertex 47.25 32.42 1.4
      vertex 47.25 32.42 2.6499999999999995
    endloop
  endfacet
  facet normal -1 0 0
    outer loop
      vertex 47.25 33.199999999999996 1.4
      vertex 47.25 32.42 2.6499999999999995
      vertex 47.25 33.199999999999996 2.63
    endloop
  endfacet
  facet normal -1 0 0
    outer loop
      vertex 47.25 33.199999999999996 2.63
      vertex 47.25 32.42 2.6499999999999995
      vertex 47.25 33.199999999999996 2.6499999999999995
    endloop
  endfacet
  facet normal 0 1 0
    outer loop
      vertex 47.25 33.199999999999996 0.6
      vertex 47.25 33.199999999999996 1.4
      vertex 138 33.199999999999996 0.6
    endloop
  endfacet
  facet normal 0 1 0
    outer loop
      vertex 47.25 33.199999999999996 1.4
      vertex 47.25 33.199999999999996 2.63
      vertex 138 33.199999999999996 0.6
    endloop
  endfacet
  facet normal 0 1 0
    outer loop
      vertex 47.25 33.199999999999996 2.63
      vertex 138 33.199999999999996 2.63
      vertex 138 33.199999999999996 0.6
    endloop
  endfacet
  facet normal -1 0 0
    outer loop
      vertex 47.25 32.4 3.44
      vertex 47.25 32.42 2.6499999999999995
      vertex 47.25 32.4 2.6499999999999995
    endloop
  endfacet
  facet normal -1 0 0
    outer loop
      vertex 47.25 33.199999999999996 2.6499999999999995
      vertex 47.25 32.42 2.6499999999999995
      vertex 47.25 32.4 3.44
    endloop
  endfacet
  facet normal -1 0 0
    outer loop
      vertex 47.25 33.199999999999996 2.63
      vertex 47.25 33.199999999999996 2.6499999999999995
      vertex 47.25 34.5 2.63
    endloop
  endfacet
  facet normal -1 0 0
    outer loop
      vertex 47.25 33.199999999999996 2.6499999999999995
      vertex 47.25 34.5 3.44
      vertex 47.25 34.5 2.63
    endloop
  endfacet
  facet normal -1 0 0
    outer loop
      vertex 47.25 33.199999999999996 2.6499999999999995
      vertex 47.25 32.4 3.44
      vertex 47.25 34.5 3.44
    endloop
  endfacet
  facet normal 0 0 -1
    outer loop
      vertex 47.25 33.199999999999996 2.63
      vertex 47.25 34.5 2.63
      vertex 138 33.199999999999996 2.63
    endloop
  endfacet
  facet normal 0 1 0
    outer loop
      vertex 47.25 34.5 2.63
      vertex 47.25 34.5 3.44
      vertex 138 34.5 2.63
    endloop
  endfacet
  facet normal 0 -1 0
    outer loop
      vertex 47.25 32.4 3.44
      vertex 47.25 32.4 2.6499999999999995
      vertex 138 32.4 3.44
    endloop
  endfacet
  facet normal 0 0 1
    outer loop
      vertex 47.25 32.4 3.44
      vertex 138 34.5 3.44
      vertex 47.25 34.5 3.44
    endloop
  endfacet
  facet normal 0 -1 0
    outer loop
      vertex 138 32.4 3.44
      vertex 47.25 32.4 2.6499999999999995
      vertex 138 32.4 2.6499999999999995
    endloop
  endfacet
  facet normal 0 0 -1
    outer loop
      vertex 47.25 34.5 2.63
      vertex 138 34.5 2.63
      vertex 138 33.199999999999996 2.63
    endloop
  endfacet
  facet normal 0 1 0
    outer loop
      vertex 47.25 34.5 3.44
      vertex 138 34.5 3.44
      vertex 138 34.5 2.63
    endloop
  endfacet
  facet normal 0 0 1
    outer loop
      vertex 47.25 32.4 3.44
      vertex 138 32.4 3.44
      vertex 138 34.5 3.44
    endloop
  endfacet
  facet normal -1 0 0
    outer loop
      vertex 47.25 41.8 1.4
      vertex 47.25 41.8 2.63
      vertex 47.25 42.58 1.4
    endloop
  endfacet
  facet normal -1 0 0
    outer loop
      vertex 47.25 41.8 2.63
      vertex 47.25 41.8 2.6499999999999995
      vertex 47.25 42.58 1.4
    endloop
  endfacet
  facet normal -1 0 0
    outer loop
      vertex 47.25 41.8 2.6499999999999995
      vertex 47.25 42.58 2.6499999999999995
      vertex 47.25 42.58 1.4
    endloop
  endfacet
  facet normal 0 -1 0
    outer loop
      vertex 47.25 41.8 0.6
      vertex 138 41.8 0.6
      vertex 47.25 41.8 1.4
    endloop
  endfacet
  facet normal 0 -1 0
    outer loop
      vertex 47.25 41.8 1.4
      vertex 138 41.8 0.6
      vertex 47.25 41.8 2.63
    endloop
  endfacet
  facet normal 0 -1 0
    outer loop
      vertex 47.25 41.8 2.63
      vertex 138 41.8 0.6
      vertex 138 41.8 2.63
    endloop
  endfacet
  facet normal -1 0 0
    outer loop
      vertex 47.25 40.5 2.63
      vertex 47.25 41.8 2.6499999999999995
      vertex 47.25 41.8 2.63
    endloop
  endfacet
  facet normal -1 0 0
    outer loop
      vertex 47.25 40.5 2.63
      vertex 47.25 42.6 3.44
      vertex 47.25 41.8 2.6499999999999995
    endloop
  endfacet
  facet normal -1 0 0
    outer loop
      vertex 47.25 41.8 2.6499999999999995
      vertex 47.25 42.6 3.44
      vertex 47.25 42.58 2.6499999999999995
    endloop
  endfacet
  facet normal -1 0 0
    outer loop
      vertex 47.25 42.6 3.44
      vertex 47.25 42.599999999999994 2.6499999999999995
      vertex 47.25 42.58 2.6499999999999995
    endloop
  endfacet
  facet normal -1 0 0
    outer loop
      vertex 47.25 40.5 2.63
      vertex 47.25 40.5 3.44
      vertex 47.25 42.6 3.44
    endloop
  endfacet
  facet normal 0 0 -1
    outer loop
      vertex 47.25 40.5 2.63
      vertex 47.25 41.8 2.63
      vertex 138 40.5 2.63
    endloop
  endfacet
  facet normal 0 -1 0
    outer loop
      vertex 47.25 40.5 2.63
      vertex 138 40.5 3.44
      vertex 47.25 40.5 3.44
    endloop
  endfacet
  facet normal 0 0 1
    outer loop
      vertex 47.25 40.5 3.44
      vertex 138 42.6 3.44
      vertex 47.25 42.6 3.44
    endloop
  endfacet
  facet normal 0 1 -8.994211845064555e-15
    outer loop
      vertex 47.25 42.6 3.44
      vertex 138 42.6 3.44
      vertex 47.25 42.599999999999994 2.6499999999999995
    endloop
  endfacet
  facet normal 0 0 -1
    outer loop
      vertex 47.25 41.8 2.63
      vertex 138 41.8 2.63
      vertex 138 40.5 2.63
    endloop
  endfacet
  facet normal 0 -1 0
    outer loop
      vertex 47.25 40.5 2.63
      vertex 138 40.5 2.63
      vertex 138 40.5 3.44
    endloop
  endfacet
  facet normal 0 1 -8.994211845064555e-15
    outer loop
      vertex 138 42.6 3.44
      vertex 138 42.599999999999994 2.6499999999999995
      vertex 47.25 42.599999999999994 2.6499999999999995
    endloop
  endfacet
  facet normal 0 0 1
    outer loop
      vertex 47.25 40.5 3.44
      vertex 138 40.5 3.44
      vertex 138 42.6 3.44
    endloop
  endfacet
  facet normal 1 0 0
    outer loop
      vertex 41.25 33.199999999999996 0.6
      vertex 41.25 41.8 0.6
      vertex 41.25 33.199999999999996 1.4
    endloop
  endfacet
  facet normal -1 0 0
    outer loop
      vertex 40.05 32.42 0.6
      vertex 40.05 32.42 1.5559585492227979
      vertex 40.05 42.58 0.6
    endloop
  endfacet
  facet normal -1 0 0
    outer loop
      vertex 40.05 32.4 2.4
      vertex 40.05 42.58 0.6
      vertex 40.05 32.42 1.5559585492227979
    endloop
  endfacet
  facet normal 1 0 0
    outer loop
      vertex 41.25 33.199999999999996 1.4
      vertex 41.25 32.42 2.4
      vertex 41.25 32.42 1.4
    endloop
  endfacet
  facet normal -1 0 0
    outer loop
      vertex 40.05 32.4 2.4
      vertex 40.05 32.42 1.5559585492227979
      vertex 40.05 32.4 1.5450955891540654
    endloop
  endfacet
  facet normal 1 0 0
    outer loop
      vertex 41.25 41.8 1.4
      vertex 41.25 32.42 2.4
      vertex 41.25 33.199999999999996 1.4
    endloop
  endfacet
  facet normal -1 0 0
    outer loop
      vertex 40.05 42.58 0.6
      vertex 40.05 32.4 2.4
      vertex 40.05 32.42 2.4
    endloop
  endfacet
  facet normal 0 0 1
    outer loop
      vertex 41.25 32.42 2.4
      vertex 40.05 42.58 2.4
      vertex 40.05 32.42 2.4
    endloop
  endfacet
  facet normal 1 0 0
    outer loop
      vertex 41.25 33.199999999999996 1.4
      vertex 41.25 41.8 0.6
      vertex 41.25 41.8 1.4
    endloop
  endfacet
  facet normal -1 0 0
    outer loop
      vertex 40.05 42.58133462882827 2.396706110969697
      vertex 40.05 42.599999999999994 0.6380118465104206
      vertex 40.05 42.58407766990291 0.6
    endloop
  endfacet
  facet normal -1 0 0
    outer loop
      vertex 40.05 32.42 2.4
      vertex 40.05 42.58 2.4
      vertex 40.05 42.58 0.6
    endloop
  endfacet
  facet normal 1 0 0
    outer loop
      vertex 41.25 41.8 1.4
      vertex 41.25 42.58 2.4
      vertex 41.25 32.42 2.4
    endloop
  endfacet
  facet normal 1 0 0
    outer loop
      vertex 41.25 41.8 1.4
      vertex 41.25 42.58 1.4
      vertex 41.25 42.58 2.4
    endloop
  endfacet
  facet normal -1 0 0
    outer loop
      vertex 40.05 42.599999999999994 2.4
      vertex 40.05 42.599999999999994 0.6380118465104206
      vertex 40.05 42.58133462882827 2.396706110969697
    endloop
  endfacet
  facet normal 0 0 1
    outer loop
      vertex 41.25 32.42 2.4
      vertex 41.25 42.58 2.4
      vertex 40.05 42.58 2.4
    endloop
  endfacet
  facet normal -1 0 0
    outer loop
      vertex 40.05 42.599999999999994 2.4
      vertex 40.05 42.58133462882827 2.396706110969697
      vertex 40.05 42.58 2.4
    endloop
  endfacet
  facet normal 0 1 0
    outer loop
      vertex 12.25 43.599999999999994 0.6
      vertex 33.46 43.599999999999994 1.29
      vertex 33.46 43.599999999999994 0.6
    endloop
  endfacet
  facet normal 1 0 0
    outer loop
      vertex 33.46 42.8 0.6
      vertex 33.46 43.2 0.6
      vertex 33.46 42.8 1.117500000000003
    endloop
  endfacet
  facet normal 1 0 0
    outer loop
      vertex 33.46 43.2 0.6
      vertex 33.46 43.599999999999994 0.6
      vertex 33.46 43.599999999999994 1.29
    endloop
  endfacet
  facet normal 0 1 0
    outer loop
      vertex 12.25 43.599999999999994 0.6
      vertex 12.25 43.599999999999994 1.2899999999999998
      vertex 33.46 43.599999999999994 1.29
    endloop
  endfacet
  facet normal 1 0 0
    outer loop
      vertex 33.46 43.2 0.6
      vertex 33.46 43.599999999999994 1.29
      vertex 33.46 43.2 1.2899999999999998
    endloop
  endfacet
  facet normal 1.0468863975720475e-17 0 -1
    outer loop
      vertex 12.25 43.599999999999994 1.2899999999999998
      vertex 12.25 44.9 1.2899999999999998
      vertex 33.46 43.599999999999994 1.29
    endloop
  endfacet
  facet normal 1.0473802119105248e-17 8.056770860848562e-20 -1
    outer loop
      vertex 12.25 44.9 1.2899999999999998
      vertex 33.45 44.9 1.29
      vertex 33.46 43.599999999999994 1.29
    endloop
  endfacet
  facet normal 0 0 -1
    outer loop
      vertex 33.46 43.599999999999994 1.29
      vertex 33.45 44.9 1.29
      vertex 33.46 44.89611111111111 1.29
    endloop
  endfacet
  facet normal -2.220446049250755e-14 -5.709718412359663e-14 -1
    outer loop
      vertex 33.46 44.89611111111111 1.29
      vertex 33.45 44.9 1.29
      vertex 33.46 44.9 1.2899999999999998
    endloop
  endfacet
  facet normal 0 1 0
    outer loop
      vertex 33.46 44.9 1.2899999999999998
      vertex 33.45 44.9 1.29
      vertex 33.45 44.9 2.0999999999999996
    endloop
  endfacet
  facet normal 1 0 0
    outer loop
      vertex 33.46 44.89611111111111 1.29
      vertex 33.46 44.9 1.2899999999999998
      vertex 33.46 44.9 2.0999999999999996
    endloop
  endfacet
  facet normal 1 0 0
    outer loop
      vertex 33.46 44.89611111111111 1.29
      vertex 33.46 44.9 2.0999999999999996
      vertex 33.46 44.89611111111111 2.0999999999999996
    endloop
  endfacet
  facet normal 0 1 0
    outer loop
      vertex 33.46 44.9 1.2899999999999998
      vertex 33.45 44.9 2.0999999999999996
      vertex 33.46 44.9 2.0999999999999996
    endloop
  endfacet
  facet normal 0 0 1
    outer loop
      vertex 33.46 44.89611111111111 2.0999999999999996
      vertex 33.46 44.9 2.0999999999999996
      vertex 33.45 44.9 2.0999999999999996
    endloop
  endfacet
  facet normal 5.091098049378391e-17 5.551115123125901e-16 -1
    outer loop
      vertex 33.46 43.2 1.2899999999999998
      vertex 33.46 43.599999999999994 1.29
      vertex 37.82142857142856 43.2 1.29
    endloop
  endfacet
  facet normal 0 0 -1
    outer loop
      vertex 33.46 43.599999999999994 1.29
      vertex 33.46 44.89611111111111 1.29
      vertex 37.82142857142856 43.2 1.29
    endloop
  endfacet
  facet normal 0 1 0
    outer loop
      vertex 12.25 44.9 1.2899999999999998
      vertex 12.25 44.9 2.1100000000000003
      vertex 33.45 44.9 1.29
    endloop
  endfacet
  facet normal 0.3624462611549486 0.9320046715412958 0
    outer loop
      vertex 33.46 44.89611111111111 1.29
      vertex 33.46 44.89611111111111 2.0999999999999996
      vertex 37.82142857142856 43.2 1.29
    endloop
  endfacet
  facet normal 0 0 -1
    outer loop
      vertex 37.82142857142856 42.8 1.29
      vertex 37.95 42.85 1.29
      vertex 37.95 42.8 1.29
    endloop
  endfacet
  facet normal 0 -1 0
    outer loop
      vertex 37.82142857142856 42.8 1.29
      vertex 37.95 42.8 1.29
      vertex 37.95 42.8 2.1100000000000003
    endloop
  endfacet
  facet normal 1 0 0
    outer loop
      vertex 37.95 42.8 1.29
      vertex 37.95 42.85 1.29
      vertex 37.95 42.85 2.1100000000000003
    endloop
  endfacet
  facet normal 0 0 1
    outer loop
      vertex 12.25 43.19864341085272 2.1100000000000003
      vertex 15.716415186176732 43.15161839863714 2.1100000000000003
      vertex 12.25 44.9 2.1100000000000003
    endloop
  endfacet
  facet normal 0 0 1
    outer loop
      vertex 12.25 44.9 2.1100000000000003
      vertex 15.716415186176732 43.15161839863714 2.1100000000000003
      vertex 33.45 44.9 2.1100000000000003
    endloop
  endfacet
  facet normal 0 1 0
    outer loop
      vertex 33.45 44.9 1.29
      vertex 12.25 44.9 2.1100000000000003
      vertex 33.45 44.9 2.0999999999999996
    endloop
  endfacet
  facet normal 0.3624462611549599 0.9320046715412916 4.043700113717266e-14
    outer loop
      vertex 37.82142857142856 43.2 1.29
      vertex 33.46 44.89611111111111 2.0999999999999996
      vertex 33.45 44.9 2.1100000000000003
    endloop
  endfacet
  facet normal 0 0 1
    outer loop
      vertex 15.716415186176732 43.15161839863714 2.1100000000000003
      vertex 37.856453952139226 42.843654822335026 2.1100000000000003
      vertex 33.45 44.9 2.1100000000000003
    endloop
  endfacet
  facet normal 0 1 0
    outer loop
      vertex 12.25 44.9 2.1100000000000003
      vertex 33.45 44.9 2.1100000000000003
      vertex 33.45 44.9 2.0999999999999996
    endloop
  endfacet
  facet normal 0.36244626115491646 0.9320046715413083 2.4172962725228047e-17
    outer loop
      vertex 33.46 44.89611111111111 2.0999999999999996
      vertex 33.45 44.9 2.0999999999999996
      vertex 33.45 44.9 2.1100000000000003
    endloop
  endfacet
  facet normal 0.3624462611549485 0.9320046715412958 0
    outer loop
      vertex 37.82142857142856 43.2 1.29
      vertex 33.45 44.9 2.1100000000000003
      vertex 37.82142857142856 43.2 2.1100000000000003
    endloop
  endfacet
  facet normal 0 -1 0
    outer loop
      vertex 37.82142857142856 42.8 1.29
      vertex 37.95 42.8 2.1100000000000003
      vertex 37.82142857142856 42.8 2.1100000000000003
    endloop
  endfacet
  facet normal 1 0 0
    outer loop
      vertex 37.95 42.8 1.29
      vertex 37.95 42.85 2.1100000000000003
      vertex 37.95 42.8 2.1100000000000003
    endloop
  endfacet
  facet normal 1 0 0
    outer loop
      vertex 37.95 43.15 1.4071428571428668
      vertex 37.95 43.15 2.1100000000000003
      vertex 37.95 42.85 2.1100000000000003
    endloop
  endfacet
  facet normal 0 0 -1
    outer loop
      vertex 33.45 44.9 2.1100000000000003
      vertex 37.856453952139226 42.843654822335026 2.1100000000000003
      vertex 37.8396492728828 42.85149700598802 2.1100000000000003
    endloop
  endfacet
  facet normal 0 0 1
    outer loop
      vertex 33.45 44.9 2.1100000000000003
      vertex 37.8396492728828 42.85149700598802 2.1100000000000003
      vertex 37.82142857142856 43.2 2.1100000000000003
    endloop
  endfacet
  facet normal 0 0 1
    outer loop
      vertex 37.21285714285708 42.8 2.1100000000000003
      vertex 37.82142857142856 42.8 2.1100000000000003
      vertex 37.856453952139226 42.843654822335026 2.1100000000000003
    endloop
  endfacet
  facet normal 0 0 1
    outer loop
      vertex 37.82142857142856 42.8 2.1100000000000003
      vertex 37.95 42.8 2.1100000000000003
      vertex 37.856453952139226 42.843654822335026 2.1100000000000003
    endloop
  endfacet
  facet normal 0 0 1
    outer loop
      vertex 37.856453952139226 42.843654822335026 2.1100000000000003
      vertex 37.95 42.8 2.1100000000000003
      vertex 37.95 42.85 2.1100000000000003
    endloop
  endfacet
  facet normal 0 0 1
    outer loop
      vertex 37.8396492728828 42.85149700598802 2.1100000000000003
      vertex 37.95 42.85 2.1100000000000003
      vertex 37.95 43.15 2.1100000000000003
    endloop
  endfacet
  facet normal 0 0 1
    outer loop
      vertex 37.8396492728828 42.85149700598802 2.1100000000000003
      vertex 37.95 43.15 2.1100000000000003
      vertex 37.82142857142856 43.2 2.1100000000000003
    endloop
  endfacet
  facet normal 0 1 -1.0297720808117397e-14
    outer loop
      vertex 12.25 54.199999999999996 0.6
      vertex 12.25 54.2 1.2899999999999998
      vertex 33.46 54.199999999999996 0.6
    endloop
  endfacet
  facet normal 0 -1 0
    outer loop
      vertex 12.25 53.4 0.6
      vertex 33.46 53.4 0.6
      vertex 33.46 53.4 1.29
    endloop
  endfacet
  facet normal 1 0 0
    outer loop
      vertex 33.46 53.4 0.6
      vertex 33.46 54.199999999999996 0.6
      vertex 33.46 53.4 1.29
    endloop
  endfacet
  facet normal 0 -1 0
    outer loop
      vertex 12.25 53.4 0.6
      vertex 33.46 53.4 1.29
      vertex 12.25 53.4 1.2899999999999998
    endloop
  endfacet
  facet normal 3.3500364722305525e-16 1 0
    outer loop
      vertex 33.46 54.199999999999996 0.6
      vertex 12.25 54.2 1.2899999999999998
      vertex 33.46 54.199999999999996 1.2899999999999998
    endloop
  endfacet
  facet normal 1 0 0
    outer loop
      vertex 33.46 54.199999999999996 0.6
      vertex 33.46 54.199999999999996 1.2899999999999998
      vertex 33.46 53.4 1.29
    endloop
  endfacet
  facet normal 0 -1.7080354225002353e-16 -1
    outer loop
      vertex 12.25 52.099999999999994 1.29
      vertex 12.25 53.4 1.2899999999999998
      vertex 33.45 52.099999999999994 1.29
    endloop
  endfacet
  facet normal -2.2204460492247467e-14 -3.6227431310813067e-13 -1
    outer loop
      vertex 12.25 53.4 1.2899999999999998
      vertex 33.46 52.1 1.2899999999999998
      vertex 33.45 52.099999999999994 1.29
    endloop
  endfacet
  facet normal 3.499591671891087e-15 5.70971841237001e-14 -1
    outer loop
      vertex 12.25 53.4 1.2899999999999998
      vertex 33.46 52.10388888888888 1.29
      vertex 33.46 52.1 1.2899999999999998
    endloop
  endfacet
  facet normal 1.0468863975720476e-17 0 -1
    outer loop
      vertex 12.25 53.4 1.2899999999999998
      vertex 33.46 53.4 1.29
      vertex 33.46 52.10388888888888 1.29
    endloop
  endfacet
  facet normal 3.3500364722305525e-16 1 0
    outer loop
      vertex 12.25 54.2 1.2899999999999998
      vertex 12.25 54.2 2.0999999999999996
      vertex 33.46 54.199999999999996 1.2899999999999998
    endloop
  endfacet
  facet normal 7.105427357602415e-13 -1 0
    outer loop
      vertex 33.46 52.1 1.2899999999999998
      vertex 33.46 52.1 2.0999999999999996
      vertex 33.45 52.099999999999994 1.29
    endloop
  endfacet
  facet normal 1 0 0
    outer loop
      vertex 33.46 52.1 1.2899999999999998
      vertex 33.46 52.10388888888888 1.29
      vertex 33.46 52.10388888888888 2.0999999999999996
    endloop
  endfacet
  facet normal 0 1 -8.772132540248153e-15
    outer loop
      vertex 33.46 54.199999999999996 1.2899999999999998
      vertex 12.25 54.2 2.0999999999999996
      vertex 33.46 54.2 2.0999999999999996
    endloop
  endfacet
  facet normal 0 -1 8.772132540248155e-15
    outer loop
      vertex 33.45 52.099999999999994 1.29
      vertex 33.46 52.1 2.0999999999999996
      vertex 33.450000000000024 52.1 2.0999999999999996
    endloop
  endfacet
  facet normal 1 0 0
    outer loop
      vertex 33.46 52.1 1.2899999999999998
      vertex 33.46 52.10388888888888 2.0999999999999996
      vertex 33.46 52.1 2.0999999999999996
    endloop
  endfacet
  facet normal 0 0 1
    outer loop
      vertex 33.46 52.1 2.0999999999999996
      vertex 33.46 52.10388888888888 2.0999999999999996
      vertex 33.450000000000024 52.1 2.0999999999999996
    endloop
  endfacet
  facet normal 0 0 -1
    outer loop
      vertex 33.46 52.10388888888888 1.29
      vertex 33.46 53.4 1.29
      vertex 37.95 54.199999999999996 1.29
    endloop
  endfacet
  facet normal 4.945314140869292e-17 -2.775557561562901e-16 -1
    outer loop
      vertex 33.46 53.4 1.29
      vertex 33.46 54.199999999999996 1.2899999999999998
      vertex 37.95 54.199999999999996 1.29
    endloop
  endfacet
  facet normal 0 -1 8.772132540248155e-15
    outer loop
      vertex 12.25 52.099999999999994 1.29
      vertex 33.45 52.099999999999994 1.29
      vertex 33.450000000000024 52.1 2.0999999999999996
    endloop
  endfacet
  facet normal 0.3624462611549485 -0.9320046715412958 0
    outer loop
      vertex 33.46 52.10388888888888 1.29
      vertex 37.95 53.849999999999994 1.29
      vertex 33.46 52.10388888888888 2.0999999999999996
    endloop
  endfacet
  facet normal 4.338095109686885e-31 1 -8.772132540248153e-15
    outer loop
      vertex 33.46 54.199999999999996 1.2899999999999998
      vertex 33.46 54.2 2.0999999999999996
      vertex 37.95 54.199999999999996 1.29
    endloop
  endfacet
  facet normal 0 0 -1
    outer loop
      vertex 33.46 52.10388888888888 1.29
      vertex 37.95 54.199999999999996 1.29
      vertex 37.95 53.849999999999994 1.29
    endloop
  endfacet
  facet normal 1 0 0
    outer loop
      vertex 37.95 53.849999999999994 1.29
      vertex 37.95 54.199999999999996 1.29
      vertex 37.95 53.849999999999994 2.1100000000000003
    endloop
  endfacet
  facet normal 0 -1 0
    outer loop
      vertex 12.25 52.099999999999994 1.29
      vertex 33.45 52.099999999999994 2.1100000000000003
      vertex 12.25 52.099999999999994 2.1100000000000003
    endloop
  endfacet
  facet normal 0 0 1
    outer loop
      vertex 12.25 52.099999999999994 2.1100000000000003
      vertex 37.95 54.199999999999996 2.1100000000000003
      vertex 12.25 54.199999999999996 2.1100000000000003
    endloop
  endfacet
  facet normal 0 1 7.105427357600522e-13
    outer loop
      vertex 12.25 54.2 2.0999999999999996
      vertex 12.25 54.199999999999996 2.1100000000000003
      vertex 33.46 54.2 2.0999999999999996
    endloop
  endfacet
  facet normal 2.7483256760528143e-14 -1 -7.105427357599958e-13
    outer loop
      vertex 12.25 52.099999999999994 1.29
      vertex 33.450000000000024 52.1 2.0999999999999996
      vertex 33.45 52.099999999999994 2.1100000000000003
    endloop
  endfacet
  facet normal 0 0 1
    outer loop
      vertex 12.25 52.099999999999994 2.1100000000000003
      vertex 33.45 52.099999999999994 2.1100000000000003
      vertex 37.95 53.849999999999994 2.1100000000000003
    endloop
  endfacet
  facet normal 0 0 1
    outer loop
      vertex 12.25 52.099999999999994 2.1100000000000003
      vertex 37.95 53.849999999999994 2.1100000000000003
      vertex 37.95 54.199999999999996 2.1100000000000003
    endloop
  endfacet
  facet normal 0 1 7.105427357600522e-13
    outer loop
      vertex 12.25 54.199999999999996 2.1100000000000003
      vertex 37.95 54.199999999999996 2.1100000000000003
      vertex 33.46 54.2 2.0999999999999996
    endloop
  endfacet
  facet normal 0.36244626115501233 -0.9320046715412711 -3.299763681798518e-11
    outer loop
      vertex 33.450000000000024 52.1 2.0999999999999996
      vertex 33.46 52.10388888888888 2.0999999999999996
      vertex 37.95 53.849999999999994 2.1100000000000003
    endloop
  endfacet
  facet normal 0.36244626115494843 -0.932004671541296 1.1037152484301688e-13
    outer loop
      vertex 33.450000000000024 52.1 2.0999999999999996
      vertex 37.95 53.849999999999994 2.1100000000000003
      vertex 33.45 52.099999999999994 2.1100000000000003
    endloop
  endfacet
  facet normal 0.36244626115494843 -0.932004671541296 0
    outer loop
      vertex 37.95 53.849999999999994 1.29
      vertex 37.95 53.849999999999994 2.1100000000000003
      vertex 33.46 52.10388888888888 2.0999999999999996
    endloop
  endfacet
  facet normal 1.5825005250781734e-15 1 0
    outer loop
      vertex 37.95 54.199999999999996 1.29
      vertex 33.46 54.2 2.0999999999999996
      vertex 37.95 54.199999999999996 2.1100000000000003
    endloop
  endfacet
  facet normal 1 0 0
    outer loop
      vertex 37.95 54.199999999999996 1.29
      vertex 37.95 54.199999999999996 2.1100000000000003
      vertex 37.95 53.849999999999994 2.1100000000000003
    endloop
  endfacet
  facet normal 0 1 0
    outer loop
      vertex 41.25 44.199999999999996 0.6
      vertex 41.25 44.199999999999996 1.4
      vertex 47.25 44.199999999999996 1.4
    endloop
  endfacet
  facet normal 0 1 0
    outer loop
      vertex 41.25 44.199999999999996 0.6
      vertex 47.25 44.199999999999996 1.4
      vertex 47.25 44.199999999999996 0.6
    endloop
  endfacet
  facet normal 0 0 1
    outer loop
      vertex 41.25 44.199999999999996 1.4
      vertex 41.25 43.42 1.4
      vertex 47.25 43.42 1.4
    endloop
  endfacet
  facet normal 0 0 1
    outer loop
      vertex 41.25 44.199999999999996 1.4
      vertex 47.25 43.42 1.4
      vertex 47.25 44.199999999999996 1.4
    endloop
  endfacet
  facet normal 0 -1 0
    outer loop
      vertex 41.25 52.8 0.6
      vertex 47.25 52.8 0.6
      vertex 41.25 52.8 1.4
    endloop
  endfacet
  facet normal 0 1 0
    outer loop
      vertex 41.25 53.599999999999994 0.6
      vertex 41.25 53.599999999999994 1.4
      vertex 47.25 53.599999999999994 1.4
    endloop
  endfacet
  facet normal 0 1 0
    outer loop
      vertex 41.25 53.599999999999994 0.6
      vertex 47.25 53.599999999999994 1.4
      vertex 47.25 53.599999999999994 0.6
    endloop
  endfacet
  facet normal 0 -1 0
    outer loop
      vertex 47.25 52.8 0.6
      vertex 47.25 52.8 1.4
      vertex 41.25 52.8 1.4
    endloop
  endfacet
  facet normal 0 0 1
    outer loop
      vertex 41.25 52.8 1.4
      vertex 47.25 52.8 1.4
      vertex 41.25 53.599999999999994 1.4
    endloop
  endfacet
  facet normal 0 0 1
    outer loop
      vertex 41.25 53.599999999999994 1.4
      vertex 47.25 52.8 1.4
      vertex 47.25 53.599999999999994 1.4
    endloop
  endfacet
  facet normal -1 0 0
    outer loop
      vertex 47.25 44.199999999999996 1.4
      vertex 47.25 43.42 1.4
      vertex 47.25 43.42 2.6499999999999995
    endloop
  endfacet
  facet normal -1 0 0
    outer loop
      vertex 47.25 44.199999999999996 1.4
      vertex 47.25 43.42 2.6499999999999995
      vertex 47.25 44.199999999999996 2.63
    endloop
  endfacet
  facet normal -1 0 0
    outer loop
      vertex 47.25 44.199999999999996 2.63
      vertex 47.25 43.42 2.6499999999999995
      vertex 47.25 44.199999999999996 2.6499999999999995
    endloop
  endfacet
  facet normal 0 1 0
    outer loop
      vertex 47.25 44.199999999999996 0.6
      vertex 47.25 44.199999999999996 1.4
      vertex 138 44.199999999999996 0.6
    endloop
  endfacet
  facet normal 0 1 0
    outer loop
      vertex 47.25 44.199999999999996 1.4
      vertex 47.25 44.199999999999996 2.63
      vertex 138 44.199999999999996 0.6
    endloop
  endfacet
  facet normal 0 1 0
    outer loop
      vertex 47.25 44.199999999999996 2.63
      vertex 138 44.199999999999996 2.63
      vertex 138 44.199999999999996 0.6
    endloop
  endfacet
  facet normal -1 0 0
    outer loop
      vertex 47.25 44.199999999999996 2.63
      vertex 47.25 44.199999999999996 2.6499999999999995
      vertex 47.25 45.5 2.63
    endloop
  endfacet
  facet normal -1 0 0
    outer loop
      vertex 47.25 43.4 3.44
      vertex 47.25 43.42 2.6499999999999995
      vertex 47.25 43.4 2.6499999999999995
    endloop
  endfacet
  facet normal -1 0 0
    outer loop
      vertex 47.25 44.199999999999996 2.6499999999999995
      vertex 47.25 43.42 2.6499999999999995
      vertex 47.25 43.4 3.44
    endloop
  endfacet
  facet normal -1 0 0
    outer loop
      vertex 47.25 44.199999999999996 2.6499999999999995
      vertex 47.25 45.5 3.44
      vertex 47.25 45.5 2.63
    endloop
  endfacet
  facet normal -1 0 0
    outer loop
      vertex 47.25 44.199999999999996 2.6499999999999995
      vertex 47.25 43.4 3.44
      vertex 47.25 45.5 3.44
    endloop
  endfacet
  facet normal 0 0 -1
    outer loop
      vertex 47.25 44.199999999999996 2.63
      vertex 47.25 45.5 2.63
      vertex 138 44.199999999999996 2.63
    endloop
  endfacet
  facet normal 0 1 0
    outer loop
      vertex 47.25 45.5 2.63
      vertex 47.25 45.5 3.44
      vertex 138 45.5 2.63
    endloop
  endfacet
  facet normal 0 -1 0
    outer loop
      vertex 47.25 43.4 3.44
      vertex 47.25 43.4 2.6499999999999995
      vertex 138 43.4 3.44
    endloop
  endfacet
  facet normal 0 0 1
    outer loop
      vertex 47.25 43.4 3.44
      vertex 138 45.5 3.44
      vertex 47.25 45.5 3.44
    endloop
  endfacet
  facet normal 0 0 -1
    outer loop
      vertex 47.25 45.5 2.63
      vertex 138 45.5 2.63
      vertex 138 44.199999999999996 2.63
    endloop
  endfacet
  facet normal 0 -1 0
    outer loop
      vertex 138 43.4 3.44
      vertex 47.25 43.4 2.6499999999999995
      vertex 138 43.4 2.6499999999999995
    endloop
  endfacet
  facet normal 0 1 0
    outer loop
      vertex 47.25 45.5 3.44
      vertex 138 45.5 3.44
      vertex 138 45.5 2.63
    endloop
  endfacet
  facet normal 0 0 1
    outer loop
      vertex 47.25 43.4 3.44
      vertex 138 43.4 3.44
      vertex 138 45.5 3.44
    endloop
  endfacet
  facet normal -1 0 0
    outer loop
      vertex 47.25 52.8 1.4
      vertex 47.25 53.599999999999994 2.63
      vertex 47.25 53.599999999999994 1.4
    endloop
  endfacet
  facet normal -1 0 0
    outer loop
      vertex 47.25 52.8 1.4
      vertex 47.25 52.8 2.63
      vertex 47.25 53.599999999999994 2.6499999999999995
    endloop
  endfacet
  facet normal -1 0 0
    outer loop
      vertex 47.25 52.8 1.4
      vertex 47.25 53.599999999999994 2.6499999999999995
      vertex 47.25 53.599999999999994 2.63
    endloop
  endfacet
  facet normal -1 0 0
    outer loop
      vertex 47.25 52.8 2.63
      vertex 47.25 52.8 2.6499999999999995
      vertex 47.25 53.599999999999994 2.6499999999999995
    endloop
  endfacet
  facet normal 0 -1 0
    outer loop
      vertex 47.25 52.8 0.6
      vertex 138 52.8 0.6
      vertex 47.25 52.8 1.4
    endloop
  endfacet
  facet normal 0 1 0
    outer loop
      vertex 47.25 53.599999999999994 0.6
      vertex 47.25 53.599999999999994 1.4
      vertex 138 53.599999999999994 0.6
    endloop
  endfacet
  facet normal 0 -1 0
    outer loop
      vertex 47.25 52.8 1.4
      vertex 138 52.8 0.6
      vertex 47.25 52.8 2.63
    endloop
  endfacet
  facet normal 0 1 0
    outer loop
      vertex 47.25 53.599999999999994 1.4
      vertex 47.25 53.599999999999994 2.63
      vertex 138 53.599999999999994 0.6
    endloop
  endfacet
  facet normal 0 -1 0
    outer loop
      vertex 47.25 52.8 2.63
      vertex 138 52.8 0.6
      vertex 138 52.8 2.63
    endloop
  endfacet
  facet normal 0 1 0
    outer loop
      vertex 47.25 53.599999999999994 2.63
      vertex 138 53.599999999999994 2.6300000000000026
      vertex 138 53.599999999999994 0.6
    endloop
  endfacet
  facet normal -1 0 0
    outer loop
      vertex 47.25 51.5 2.63
      vertex 47.25 52.8 2.6499999999999995
      vertex 47.25 52.8 2.63
    endloop
  endfacet
  facet normal -1 0 0
    outer loop
      vertex 47.25 51.5 2.63
      vertex 47.25 53.6 3.44
      vertex 47.25 52.8 2.6499999999999995
    endloop
  endfacet
  facet normal -1 0 0
    outer loop
      vertex 47.25 52.8 2.6499999999999995
      vertex 47.25 53.6 3.44
      vertex 47.25 53.599999999999994 2.6499999999999995
    endloop
  endfacet
  facet normal -1 0 0
    outer loop
      vertex 47.25 51.5 2.63
      vertex 47.25 51.5 3.44
      vertex 47.25 53.6 3.44
    endloop
  endfacet
  facet normal 0 0 -1
    outer loop
      vertex 47.25 51.5 2.63
      vertex 47.25 52.8 2.63
      vertex 138 51.5 2.63
    endloop
  endfacet
  facet normal 0 1 0
    outer loop
      vertex 47.25 53.599999999999994 2.63
      vertex 47.25 53.599999999999994 2.6499999999999995
      vertex 138 53.599999999999994 2.6300000000000026
    endloop
  endfacet
  facet normal -1.9821954479478047e-18 1 -8.994211845064555e-15
    outer loop
      vertex 47.25 53.599999999999994 2.6499999999999995
      vertex 47.25 53.6 3.44
      vertex 138 53.599999999999994 2.6300000000000026
    endloop
  endfacet
  facet normal 0 -1 0
    outer loop
      vertex 47.25 51.5 2.63
      vertex 138 51.5 3.44
      vertex 47.25 51.5 3.44
    endloop
  endfacet
  facet normal 0 0 1
    outer loop
      vertex 47.25 51.5 3.44
      vertex 138 53.6 3.44
      vertex 47.25 53.6 3.44
    endloop
  endfacet
  facet normal 0 -1 0
    outer loop
      vertex 47.25 51.5 2.63
      vertex 138 51.5 2.63
      vertex 138 51.5 3.44
    endloop
  endfacet
  facet normal 0 0 -1
    outer loop
      vertex 47.25 52.8 2.63
      vertex 138 52.8 2.63
      vertex 138 51.5 2.63
    endloop
  endfacet
  facet normal 0 1 -8.772132540248178e-15
    outer loop
      vertex 47.25 53.6 3.44
      vertex 138 53.6 3.44
      vertex 138 53.599999999999994 2.6300000000000026
    endloop
  endfacet
  facet normal 0 0 1
    outer loop
      vertex 47.25 51.5 3.44
      vertex 138 51.5 3.44
      vertex 138 53.6 3.44
    endloop
  endfacet
  facet normal -1 0 0
    outer loop
      vertex 40.05 53.599999999999994 0.6
      vertex 40.05 43.42 0.6
      vertex 40.05 43.42 1.5559585492227979
    endloop
  endfacet
  facet normal 1 0 0
    outer loop
      vertex 41.25 44.199999999999996 0.6
      vertex 41.25 52.8 0.6
      vertex 41.25 44.199999999999996 1.4
    endloop
  endfacet
  facet normal 1 0 0
    outer loop
      vertex 41.25 52.8 0.6
      vertex 41.25 52.8 1.4
      vertex 41.25 44.199999999999996 1.4
    endloop
  endfacet
  facet normal 0 1 0
    outer loop
      vertex 40.05 53.599999999999994 0.6
      vertex 41.25 53.599999999999994 1.4
      vertex 41.25 53.599999999999994 0.6
    endloop
  endfacet
  facet normal -1 0 0
    outer loop
      vertex 40.05 53.599999999999994 0.6
      vertex 40.05 43.42 1.5559585492227979
      vertex 40.05 53.599999999999994 2.4
    endloop
  endfacet
  facet normal 0 1 0
    outer loop
      vertex 40.05 53.599999999999994 0.6
      vertex 40.05 53.599999999999994 2.4
      vertex 41.25 53.599999999999994 1.4
    endloop
  endfacet
  facet normal 1 0 0
    outer loop
      vertex 41.25 44.199999999999996 1.4
      vertex 41.25 43.42 2.4
      vertex 41.25 43.42 1.4
    endloop
  endfacet
  facet normal -1 0 0
    outer loop
      vertex 40.05 43.4 2.4
      vertex 40.05 43.42 1.5559585492227979
      vertex 40.05 43.4 1.5450955891540654
    endloop
  endfacet
  facet normal 1 0 0
    outer loop
      vertex 41.25 52.8 1.4
      vertex 41.25 43.42 2.4
      vertex 41.25 44.199999999999996 1.4
    endloop
  endfacet
  facet normal -1 0 0
    outer loop
      vertex 40.05 43.42 1.5559585492227979
      vertex 40.05 43.4 2.4
      vertex 40.05 43.42 2.4
    endloop
  endfacet
  facet normal -1 0 0
    outer loop
      vertex 40.05 43.42 2.4
      vertex 40.05 53.599999999999994 2.4
      vertex 40.05 43.42 1.5559585492227979
    endloop
  endfacet
  facet normal 0 0 1
    outer loop
      vertex 40.05 53.599999999999994 2.4
      vertex 40.05 43.42 2.4
      vertex 41.25 43.42 2.4
    endloop
  endfacet
  facet normal 1 0 0
    outer loop
      vertex 41.25 52.8 1.4
      vertex 41.25 53.599999999999994 2.4
      vertex 41.25 43.42 2.4
    endloop
  endfacet
  facet normal 1 0 0
    outer loop
      vertex 41.25 52.8 1.4
      vertex 41.25 53.599999999999994 1.4
      vertex 41.25 53.599999999999994 2.4
    endloop
  endfacet
  facet normal 0 1 0
    outer loop
      vertex 41.25 53.599999999999994 1.4
      vertex 40.05 53.599999999999994 2.4
      vertex 41.25 53.599999999999994 2.4
    endloop
  endfacet
  facet normal 0 0 1
    outer loop
      vertex 40.05 53.599999999999994 2.4
      vertex 41.25 43.42 2.4
      vertex 41.25 53.599999999999994 2.4
    endloop
  endfacet
  facet normal -1 0 0
    outer loop
      vertex 40.05 32.42 0.6
      vertex 40.05 31.58407766990291 0.6
      vertex 40.05 31.599999999999998 0.6380118465104289
    endloop
  endfacet
  facet normal -1 0 0
    outer loop
      vertex 40.05 32.42 0.6
      vertex 40.05 31.599999999999998 0.6380118465104289
      vertex 40.05 32.4 1.5450955891540654
    endloop
  endfacet
  facet normal -1 0 0
    outer loop
      vertex 40.05 31.58133462882828 2.3967061109696965
      vertex 40.05 31.58407766990291 0.6
      vertex 40.05 31.58 0.6
    endloop
  endfacet
  facet normal -1 0 0
    outer loop
      vertex 40.05 32.4 1.5450955891540654
      vertex 40.05 32.42 1.5559585492227979
      vertex 40.05 32.42 0.6
    endloop
  endfacet
  facet normal -1 0 0
    outer loop
      vertex 40.05 32.4 1.5450955891540654
      vertex 40.05 31.599999999999998 0.6380118465104289
      vertex 40.05 32.4 2.4
    endloop
  endfacet
  facet normal -1 0 0
    outer loop
      vertex 40.05 31.58133462882828 2.3967061109696965
      vertex 40.05 31.58 0.6
      vertex 40.05 31.58 2.4
    endloop
  endfacet
  facet normal 0 -1 0
    outer loop
      vertex 41.25 31.58 1.4
      vertex 47.25 31.58 1.4
      vertex 41.25 31.58 2.4
    endloop
  endfacet
  facet normal -1 0 0
    outer loop
      vertex 40.05 32.42 2.6499999999999995
      vertex 40.05 31.599999999999998 0.6380118465104289
      vertex 40.05 31.599999999999998 2.4
    endloop
  endfacet
  facet normal -1 0 0
    outer loop
      vertex 40.05 32.42 2.6499999999999995
      vertex 40.05 32.4 2.4
      vertex 40.05 31.599999999999998 0.6380118465104289
    endloop
  endfacet
  facet normal 0 1 0
    outer loop
      vertex 41.25 32.42 1.4
      vertex 41.25 32.42 2.4
      vertex 47.25 32.42 2.6499999999999995
    endloop
  endfacet
  facet normal 0 1 0
    outer loop
      vertex 47.25 32.42 1.4
      vertex 41.25 32.42 1.4
      vertex 47.25 32.42 2.6499999999999995
    endloop
  endfacet
  facet normal 0 -1 0
    outer loop
      vertex 41.25 31.58 2.4
      vertex 47.25 31.58 1.4
      vertex 47.25 31.58 2.6499999999999995
    endloop
  endfacet
  facet normal -1 0 0
    outer loop
      vertex 40.05 31.58 2.6499999999999995
      vertex 40.05 31.599999999999998 2.4
      vertex 40.05 31.58 2.4
    endloop
  endfacet
  facet normal 0 -1 0
    outer loop
      vertex 40.05 31.58 2.6499999999999995
      vertex 40.05 31.58 2.4
      vertex 41.25 31.58 2.4
    endloop
  endfacet
  facet normal -1 0 0
    outer loop
      vertex 40.05 32.42 2.6499999999999995
      vertex 40.05 32.42 2.4
      vertex 40.05 32.4 2.4
    endloop
  endfacet
  facet normal 0 1 0
    outer loop
      vertex 40.05 32.42 2.6499999999999995
      vertex 41.25 32.42 2.4
      vertex 40.05 32.42 2.4
    endloop
  endfacet
  facet normal -1 0 0
    outer loop
      vertex 40.05 31.58 2.6499999999999995
      vertex 40.05 32.42 2.6499999999999995
      vertex 40.05 31.599999999999998 2.4
    endloop
  endfacet
  facet normal 0 -1 0
    outer loop
      vertex 40.05 31.58 2.6499999999999995
      vertex 41.25 31.58 2.4
      vertex 47.25 31.58 2.6499999999999995
    endloop
  endfacet
  facet normal 0 1 0
    outer loop
      vertex 40.05 32.42 2.6499999999999995
      vertex 47.25 32.42 2.6499999999999995
      vertex 41.25 32.42 2.4
    endloop
  endfacet
  facet normal 0 0 1
    outer loop
      vertex 40.05 31.58 2.6499999999999995
      vertex 47.25 31.599999999999998 2.6499999999999995
      vertex 40.05 32.42 2.6499999999999995
    endloop
  endfacet
  facet normal 0 0 1
    outer loop
      vertex 40.05 31.58 2.6499999999999995
      vertex 47.25 31.58 2.6499999999999995
      vertex 47.25 31.599999999999998 2.6499999999999995
    endloop
  endfacet
  facet normal 0 0 1
    outer loop
      vertex 40.05 32.42 2.6499999999999995
      vertex 47.25 31.599999999999998 2.6499999999999995
      vertex 47.25 32.4 2.6499999999999995
    endloop
  endfacet
  facet normal 0 0 1
    outer loop
      vertex 40.05 32.42 2.6499999999999995
      vertex 47.25 32.4 2.6499999999999995
      vertex 47.25 32.42 2.6499999999999995
    endloop
  endfacet
  facet normal 0 0 1
    outer loop
      vertex 47.25 32.4 2.6499999999999995
      vertex 47.25 31.599999999999998 2.6499999999999995
      vertex 138 32.4 2.6499999999999995
    endloop
  endfacet
  facet normal 0 0 1
    outer loop
      vertex 138 32.4 2.6499999999999995
      vertex 47.25 31.599999999999998 2.6499999999999995
      vertex 138 31.599999999999998 2.6499999999999995
    endloop
  endfacet
  facet normal -1 0 0
    outer loop
      vertex 40.05 43.42 0.6
      vertex 40.05 42.58407766990291 0.6
      vertex 40.05 42.599999999999994 0.6380118465104206
    endloop
  endfacet
  facet normal -1 0 0
    outer loop
      vertex 40.05 43.42 0.6
      vertex 40.05 42.599999999999994 0.6380118465104206
      vertex 40.05 43.4 1.5450955891540654
    endloop
  endfacet
  facet normal -1 0 0
    outer loop
      vertex 40.05 42.58133462882827 2.396706110969697
      vertex 40.05 42.58407766990291 0.6
      vertex 40.05 42.58 0.6
    endloop
  endfacet
  facet normal -1 0 0
    outer loop
      vertex 40.05 43.4 1.5450955891540654
      vertex 40.05 43.42 1.5559585492227979
      vertex 40.05 43.42 0.6
    endloop
  endfacet
  facet normal -1 0 0
    outer loop
      vertex 40.05 43.4 2.4
      vertex 40.05 43.4 1.5450955891540654
      vertex 40.05 42.599999999999994 0.6380118465104206
    endloop
  endfacet
  facet normal -1 0 0
    outer loop
      vertex 40.05 42.58 2.4
      vertex 40.05 42.58133462882827 2.396706110969697
      vertex 40.05 42.58 0.6
    endloop
  endfacet
  facet normal 0 -1 0
    outer loop
      vertex 41.25 42.58 1.4
      vertex 47.25 42.58 1.4
      vertex 41.25 42.58 2.4
    endloop
  endfacet
  facet normal -1 0 0
    outer loop
      vertex 40.05 43.42 2.6499999999999995
      vertex 40.05 42.599999999999994 0.6380118465104206
      vertex 40.05 42.599999999999994 2.4
    endloop
  endfacet
  facet normal -1 0 0
    outer loop
      vertex 40.05 43.42 2.6499999999999995
      vertex 40.05 43.4 2.4
      vertex 40.05 42.599999999999994 0.6380118465104206
    endloop
  endfacet
  facet normal 0 1 0
    outer loop
      vertex 41.25 43.42 1.4
      vertex 41.25 43.42 2.4
      vertex 47.25 43.42 2.6499999999999995
    endloop
  endfacet
  facet normal 0 1 0
    outer loop
      vertex 47.25 43.42 1.4
      vertex 41.25 43.42 1.4
      vertex 47.25 43.42 2.6499999999999995
    endloop
  endfacet
  facet normal 0 -1 0
    outer loop
      vertex 41.25 42.58 2.4
      vertex 47.25 42.58 1.4
      vertex 47.25 42.58 2.6499999999999995
    endloop
  endfacet
  facet normal -1 0 0
    outer loop
      vertex 40.05 42.58 2.6499999999999995
      vertex 40.05 42.599999999999994 2.4
      vertex 40.05 42.58 2.4
    endloop
  endfacet
  facet normal 0 -1 0
    outer loop
      vertex 40.05 42.58 2.6499999999999995
      vertex 40.05 42.58 2.4
      vertex 41.25 42.58 2.4
    endloop
  endfacet
  facet normal -1 0 0
    outer loop
      vertex 40.05 42.58 2.6499999999999995
      vertex 40.05 43.42 2.6499999999999995
      vertex 40.05 42.599999999999994 2.4
    endloop
  endfacet
  facet normal -1 0 0
    outer loop
      vertex 40.05 43.42 2.6499999999999995
      vertex 40.05 43.42 2.4
      vertex 40.05 43.4 2.4
    endloop
  endfacet
  facet normal 0 1 0
    outer loop
      vertex 40.05 43.42 2.6499999999999995
      vertex 41.25 43.42 2.4
      vertex 40.05 43.42 2.4
    endloop
  endfacet
  facet normal 0 -1 0
    outer loop
      vertex 40.05 42.58 2.6499999999999995
      vertex 41.25 42.58 2.4
      vertex 47.25 42.58 2.6499999999999995
    endloop
  endfacet
  facet normal 0 1 0
    outer loop
      vertex 40.05 43.42 2.6499999999999995
      vertex 47.25 43.42 2.6499999999999995
      vertex 41.25 43.42 2.4
    endloop
  endfacet
  facet normal 0 0 1
    outer loop
      vertex 40.05 42.58 2.6499999999999995
      vertex 47.25 42.599999999999994 2.6499999999999995
      vertex 40.05 43.42 2.6499999999999995
    endloop
  endfacet
  facet normal 0 0 1
    outer loop
      vertex 40.05 42.58 2.6499999999999995
      vertex 47.25 42.58 2.6499999999999995
      vertex 47.25 42.599999999999994 2.6499999999999995
    endloop
  endfacet
  facet normal 0 0 1
    outer loop
      vertex 40.05 43.42 2.6499999999999995
      vertex 47.25 42.599999999999994 2.6499999999999995
      vertex 47.25 43.4 2.6499999999999995
    endloop
  endfacet
  facet normal 0 0 1
    outer loop
      vertex 40.05 43.42 2.6499999999999995
      vertex 47.25 43.4 2.6499999999999995
      vertex 47.25 43.42 2.6499999999999995
    endloop
  endfacet
  facet normal 0 0 1
    outer loop
      vertex 47.25 43.4 2.6499999999999995
      vertex 47.25 42.599999999999994 2.6499999999999995
      vertex 138 43.4 2.6499999999999995
    endloop
  endfacet
  facet normal 0 0 1
    outer loop
      vertex 47.25 42.599999999999994 2.6499999999999995
      vertex 138 42.599999999999994 2.6499999999999995
      vertex 138 43.4 2.6499999999999995
    endloop
  endfacet
endsolid OpenSCAD_Model
