solid OpenSCAD_Model
  facet normal 1 0 0
    outer loop
      vertex 43.91584529283875 8.309444605854411 0
      vertex 43.91584529283875 10.190555394145589 0
      vertex 43.91584529283875 10.190555394145589 0.6
    endloop
  endfacet
  facet normal 0.7660444431189783 0.642787609686539 -4.176455063968277e-17
    outer loop
      vertex 45.125 6.868430139592794 0
      vertex 43.91584529283875 8.309444605854411 0
      vertex 43.91584529283875 8.309444605854411 0.6
    endloop
  endfacet
  facet normal 0.7660444431189783 -0.642787609686539 4.176455063968277e-17
    outer loop
      vertex 43.91584529283875 10.190555394145589 0
      vertex 45.125 11.631569860407206 0
      vertex 45.125 11.631569860407206 0.6
    endloop
  endfacet
  facet normal 0.17364817766693041 0.984807753012208 0
    outer loop
      vertex 45.125 6.868430139592794 0
      vertex 45.125 6.868430139592794 0.6
      vertex 46.97753248858406 6.541778679216428 0
    endloop
  endfacet
  facet normal -0.5000000000000012 0.8660254037844379 0
    outer loop
      vertex 46.97753248858406 6.541778679216428 0
      vertex 46.97753248858406 6.541778679216428 0.6
      vertex 48.606622218577186 7.482334073362017 0
    endloop
  endfacet
  facet normal -0.9396926207859078 0.3420201433256702 0
    outer loop
      vertex 48.606622218577186 7.482334073362017 0
      vertex 48.606622218577186 7.482334073362017 0.6
      vertex 49.25 9.25 0
    endloop
  endfacet
  facet normal -0.9396926207859078 -0.3420201433256702 0
    outer loop
      vertex 49.25 9.25 0
      vertex 49.25 9.25 0.6
      vertex 48.606622218577186 11.017665926637983 0
    endloop
  endfacet
  facet normal 0.17364817766693041 -0.984807753012208 2.0131149216971898e-17
    outer loop
      vertex 45.125 11.631569860407206 0
      vertex 46.97753248858406 11.958221320783572 0
      vertex 46.97753248858406 11.958221320783572 0.6
    endloop
  endfacet
  facet normal -0.5000000000000012 -0.8660254037844379 -7.154324502220213e-17
    outer loop
      vertex 46.97753248858406 11.958221320783572 0
      vertex 48.606622218577186 11.017665926637983 0
      vertex 48.606622218577186 11.017665926637983 0.6
    endloop
  endfacet
  facet normal 1 0 0
    outer loop
      vertex 43.91584529283875 8.309444605854411 0
      vertex 43.91584529283875 10.190555394145589 0.6
      vertex 43.91584529283875 8.309444605854411 0.6
    endloop
  endfacet
  facet normal 0.7660444431189783 0.642787609686539 0
    outer loop
      vertex 45.125 6.868430139592794 0
      vertex 43.91584529283875 8.309444605854411 0.6
      vertex 45.125 6.868430139592794 0.6
    endloop
  endfacet
  facet normal 0.7660444431189783 -0.642787609686539 0
    outer loop
      vertex 43.91584529283875 10.190555394145589 0
      vertex 45.125 11.631569860407206 0.6
      vertex 43.91584529283875 10.190555394145589 0.6
    endloop
  endfacet
  facet normal 0.17364817766693041 0.984807753012208 0
    outer loop
      vertex 46.97753248858406 6.541778679216428 0
      vertex 45.125 6.868430139592794 0.6
      vertex 46.97753248858406 6.541778679216428 0.6
    endloop
  endfacet
  facet normal -0.5000000000000012 0.8660254037844379 0
    outer loop
      vertex 48.606622218577186 7.482334073362017 0
      vertex 46.97753248858406 6.541778679216428 0.6
      vertex 48.606622218577186 7.482334073362017 0.6
    endloop
  endfacet
  facet normal -0.9396926207859078 0.3420201433256702 0
    outer loop
      vertex 49.25 9.25 0
      vertex 48.606622218577186 7.482334073362017 0.6
      vertex 49.25 9.25 0.6
    endloop
  endfacet
  facet normal -0.9396926207859078 -0.3420201433256702 0
    outer loop
      vertex 48.606622218577186 11.017665926637983 0
      vertex 49.25 9.25 0.6
      vertex 48.606622218577186 11.017665926637983 0.6
    endloop
  endfacet
  facet normal 0.17364817766693041 -0.984807753012208 0
    outer loop
      vertex 45.125 11.631569860407206 0
      vertex 46.97753248858406 11.958221320783572 0.6
      vertex 45.125 11.631569860407206 0.6
    endloop
  endfacet
  facet normal -0.5000000000000012 -0.8660254037844379 0
    outer loop
      vertex 46.97753248858406 11.958221320783572 0
      vertex 48.606622218577186 11.017665926637983 0.6
      vertex 46.97753248858406 11.958221320783572 0.6
    endloop
  endfacet
  facet normal 0.7660444431189776 0.6427876096865399 0
    outer loop
      vertex 43.91584529283875 17.80944460585441 0
      vertex 43.91584529283875 17.80944460585441 0.6
      vertex 45.125 16.368430139592796 0
    endloop
  endfacet
  facet normal 0.17364817766693133 0.9848077530122078 0
    outer loop
      vertex 45.125 16.368430139592796 0
      vertex 45.125 16.368430139592796 0.6
      vertex 46.97753248858406 16.041778679216428 0
    endloop
  endfacet
  facet normal -0.5000000000000019 0.8660254037844376 0
    outer loop
      vertex 46.97753248858406 16.041778679216428 0
      vertex 46.97753248858406 16.041778679216428 0.6
      vertex 48.606622218577186 16.98233407336202 0
    endloop
  endfacet
  facet normal -0.9396926207859077 0.34202014332567054 0
    outer loop
      vertex 48.606622218577186 16.98233407336202 0
      vertex 48.606622218577186 16.98233407336202 0.6
      vertex 49.25 18.75 0
    endloop
  endfacet
  facet normal 1 0 0
    outer loop
      vertex 43.91584529283875 17.80944460585441 0
      vertex 43.91584529283875 19.69055539414559 0.6
      vertex 43.91584529283875 17.80944460585441 0.6
    endloop
  endfacet
  facet normal 0.7660444431189776 0.6427876096865399 0
    outer loop
      vertex 45.125 16.368430139592796 0
      vertex 43.91584529283875 17.80944460585441 0.6
      vertex 45.125 16.368430139592796 0.6
    endloop
  endfacet
  facet normal 0.17364817766693133 0.9848077530122078 0
    outer loop
      vertex 46.97753248858406 16.041778679216428 0
      vertex 45.125 16.368430139592796 0.6
      vertex 46.97753248858406 16.041778679216428 0.6
    endloop
  endfacet
  facet normal -0.5000000000000019 0.8660254037844376 0
    outer loop
      vertex 48.606622218577186 16.98233407336202 0
      vertex 46.97753248858406 16.041778679216428 0.6
      vertex 48.606622218577186 16.98233407336202 0.6
    endloop
  endfacet
  facet normal -0.9396926207859077 0.34202014332567054 0
    outer loop
      vertex 49.25 18.75 0
      vertex 48.606622218577186 16.98233407336202 0.6
      vertex 49.25 18.75 0.6
    endloop
  endfacet
  facet normal 1 0 0
    outer loop
      vertex 43.91584529283875 17.80944460585441 0
      vertex 43.91584529283875 19.69055539414559 0
      vertex 43.91584529283875 19.69055539414559 0.6
    endloop
  endfacet
  facet normal 0.7660444431189783 -0.642787609686539 4.176455063968277e-17
    outer loop
      vertex 43.91584529283875 19.69055539414559 0
      vertex 45.125 21.131569860407208 0
      vertex 45.125 21.131569860407208 0.6
    endloop
  endfacet
  facet normal 0.17364817766692953 -0.9848077530122082 -4.2874164219056475e-17
    outer loop
      vertex 45.125 21.131569860407208 0
      vertex 46.97753248858406 21.458221320783572 0
      vertex 46.97753248858406 21.458221320783572 0.6
    endloop
  endfacet
  facet normal -0.5000000000000019 -0.8660254037844376 -7.797988509129402e-17
    outer loop
      vertex 46.97753248858406 21.458221320783572 0
      vertex 48.606622218577186 20.51766592663798 0
      vertex 48.606622218577186 20.51766592663798 0.6
    endloop
  endfacet
  facet normal -0.9396926207859077 -0.34202014332567054 -7.315160773777219e-17
    outer loop
      vertex 48.606622218577186 20.51766592663798 0
      vertex 49.25 18.75 0
      vertex 49.25 18.75 0.6
    endloop
  endfacet
  facet normal 0.7660444431189783 -0.642787609686539 0
    outer loop
      vertex 43.91584529283875 19.69055539414559 0
      vertex 45.125 21.131569860407208 0.6
      vertex 43.91584529283875 19.69055539414559 0.6
    endloop
  endfacet
  facet normal 0.17364817766692953 -0.9848077530122082 0
    outer loop
      vertex 45.125 21.131569860407208 0
      vertex 46.97753248858406 21.458221320783572 0.6
      vertex 45.125 21.131569860407208 0.6
    endloop
  endfacet
  facet normal -0.5000000000000019 -0.8660254037844376 0
    outer loop
      vertex 46.97753248858406 21.458221320783572 0
      vertex 48.606622218577186 20.51766592663798 0.6
      vertex 46.97753248858406 21.458221320783572 0.6
    endloop
  endfacet
  facet normal -0.9396926207859077 -0.34202014332567054 0
    outer loop
      vertex 48.606622218577186 20.51766592663798 0
      vertex 49.25 18.75 0.6
      vertex 48.606622218577186 20.51766592663798 0.6
    endloop
  endfacet
  facet normal 1 0 0
    outer loop
      vertex 43.91584529283875 27.30944460585441 0
      vertex 43.91584529283875 29.19055539414559 0
      vertex 43.91584529283875 29.19055539414559 0.6
    endloop
  endfacet
  facet normal 0.7660444431189783 0.642787609686539 -4.176455063968277e-17
    outer loop
      vertex 45.125 25.868430139592792 0
      vertex 43.91584529283875 27.30944460585441 0
      vertex 43.91584529283875 27.30944460585441 0.6
    endloop
  endfacet
  facet normal 0.7660444431189783 -0.642787609686539 4.176455063968277e-17
    outer loop
      vertex 43.91584529283875 29.19055539414559 0
      vertex 45.125 30.631569860407208 0
      vertex 45.125 30.631569860407208 0.6
    endloop
  endfacet
  facet normal 0.17364817766692953 0.9848077530122082 0
    outer loop
      vertex 45.125 25.868430139592792 0
      vertex 45.125 25.868430139592792 0.6
      vertex 46.97753248858406 25.541778679216428 0
    endloop
  endfacet
  facet normal -0.5000000000000019 0.8660254037844376 0
    outer loop
      vertex 46.97753248858406 25.541778679216428 0
      vertex 46.97753248858406 25.541778679216428 0.6
      vertex 48.606622218577186 26.48233407336202 0
    endloop
  endfacet
  facet normal -0.5000000000000019 -0.8660254037844376 -7.797988509129402e-17
    outer loop
      vertex 46.97753248858406 30.958221320783572 0
      vertex 48.606622218577186 30.01766592663798 0
      vertex 48.606622218577186 30.01766592663798 0.6
    endloop
  endfacet
  facet normal 0.17364817766692953 -0.9848077530122082 -4.2874164219056475e-17
    outer loop
      vertex 45.125 30.631569860407208 0
      vertex 46.97753248858406 30.958221320783572 0
      vertex 46.97753248858406 30.958221320783572 0.6
    endloop
  endfacet
  facet normal -0.9396926207859077 0.34202014332567054 0
    outer loop
      vertex 48.606622218577186 26.48233407336202 0
      vertex 48.606622218577186 26.48233407336202 0.6
      vertex 49.25 28.25 0
    endloop
  endfacet
  facet normal -0.9396926207859077 -0.34202014332567054 0
    outer loop
      vertex 49.25 28.25 0
      vertex 49.25 28.25 0.6
      vertex 48.606622218577186 30.01766592663798 0
    endloop
  endfacet
  facet normal 0.7660444431189783 0.642787609686539 0
    outer loop
      vertex 45.125 25.868430139592792 0
      vertex 43.91584529283875 27.30944460585441 0.6
      vertex 45.125 25.868430139592792 0.6
    endloop
  endfacet
  facet normal 1 0 0
    outer loop
      vertex 43.91584529283875 27.30944460585441 0
      vertex 43.91584529283875 29.19055539414559 0.6
      vertex 43.91584529283875 27.30944460585441 0.6
    endloop
  endfacet
  facet normal 0.7660444431189783 -0.642787609686539 0
    outer loop
      vertex 43.91584529283875 29.19055539414559 0
      vertex 45.125 30.631569860407208 0.6
      vertex 43.91584529283875 29.19055539414559 0.6
    endloop
  endfacet
  facet normal 0.17364817766692953 0.9848077530122082 0
    outer loop
      vertex 46.97753248858406 25.541778679216428 0
      vertex 45.125 25.868430139592792 0.6
      vertex 46.97753248858406 25.541778679216428 0.6
    endloop
  endfacet
  facet normal -0.5000000000000019 0.8660254037844376 0
    outer loop
      vertex 48.606622218577186 26.48233407336202 0
      vertex 46.97753248858406 25.541778679216428 0.6
      vertex 48.606622218577186 26.48233407336202 0.6
    endloop
  endfacet
  facet normal 0.17364817766692953 -0.9848077530122082 0
    outer loop
      vertex 45.125 30.631569860407208 0
      vertex 46.97753248858406 30.958221320783572 0.6
      vertex 45.125 30.631569860407208 0.6
    endloop
  endfacet
  facet normal -0.5000000000000019 -0.8660254037844376 0
    outer loop
      vertex 46.97753248858406 30.958221320783572 0
      vertex 48.606622218577186 30.01766592663798 0.6
      vertex 46.97753248858406 30.958221320783572 0.6
    endloop
  endfacet
  facet normal -0.9396926207859077 0.34202014332567054 0
    outer loop
      vertex 49.25 28.25 0
      vertex 48.606622218577186 26.48233407336202 0.6
      vertex 49.25 28.25 0.6
    endloop
  endfacet
  facet normal -0.9396926207859077 -0.34202014332567054 0
    outer loop
      vertex 48.606622218577186 30.01766592663798 0
      vertex 49.25 28.25 0.6
      vertex 48.606622218577186 30.01766592663798 0.6
    endloop
  endfacet
  facet normal 1 0 0
    outer loop
      vertex 43.91584529283875 36.80944460585441 0
      vertex 43.91584529283875 38.69055539414559 0
      vertex 43.91584529283875 38.69055539414559 0.6
    endloop
  endfacet
  facet normal 0.7660444431189776 0.6427876096865399 0
    outer loop
      vertex 43.91584529283875 36.80944460585441 0
      vertex 43.91584529283875 36.80944460585441 0.6
      vertex 45.125 35.368430139592796 0
    endloop
  endfacet
  facet normal 0.7660444431189776 -0.6427876096865399 -2.6398167208590355e-17
    outer loop
      vertex 43.91584529283875 38.69055539414559 0
      vertex 45.125 40.131569860407204 0
      vertex 45.125 40.131569860407204 0.6
    endloop
  endfacet
  facet normal 0.17364817766693133 0.9848077530122078 0
    outer loop
      vertex 45.125 35.368430139592796 0
      vertex 45.125 35.368430139592796 0.6
      vertex 46.97753248858406 35.04177867921643 0
    endloop
  endfacet
  facet normal -0.5000000000000019 0.8660254037844376 0
    outer loop
      vertex 46.97753248858406 35.04177867921643 0
      vertex 46.97753248858406 35.04177867921643 0.6
      vertex 48.606622218577186 35.98233407336202 0
    endloop
  endfacet
  facet normal 0.17364817766693133 -0.9848077530122078 -1.5229445364011876e-17
    outer loop
      vertex 45.125 40.131569860407204 0
      vertex 46.97753248858406 40.45822132078357 0
      vertex 46.97753248858406 40.45822132078357 0.6
    endloop
  endfacet
  facet normal -0.5000000000000019 -0.8660254037844376 -7.797988509129402e-17
    outer loop
      vertex 46.97753248858406 40.45822132078357 0
      vertex 48.606622218577186 39.51766592663798 0
      vertex 48.606622218577186 39.51766592663798 0.6
    endloop
  endfacet
  facet normal -0.9396926207859077 0.34202014332567054 0
    outer loop
      vertex 48.606622218577186 35.98233407336202 0
      vertex 48.606622218577186 35.98233407336202 0.6
      vertex 49.25 37.75 0
    endloop
  endfacet
  facet normal -0.9396926207859077 -0.34202014332567054 0
    outer loop
      vertex 49.25 37.75 0
      vertex 49.25 37.75 0.6
      vertex 48.606622218577186 39.51766592663798 0
    endloop
  endfacet
  facet normal 1 0 0
    outer loop
      vertex 43.91584529283875 36.80944460585441 0
      vertex 43.91584529283875 38.69055539414559 0.6
      vertex 43.91584529283875 36.80944460585441 0.6
    endloop
  endfacet
  facet normal 0.7660444431189776 0.6427876096865399 0
    outer loop
      vertex 45.125 35.368430139592796 0
      vertex 43.91584529283875 36.80944460585441 0.6
      vertex 45.125 35.368430139592796 0.6
    endloop
  endfacet
  facet normal 0.7660444431189776 -0.6427876096865399 0
    outer loop
      vertex 43.91584529283875 38.69055539414559 0
      vertex 45.125 40.131569860407204 0.6
      vertex 43.91584529283875 38.69055539414559 0.6
    endloop
  endfacet
  facet normal 0.17364817766693133 0.9848077530122078 0
    outer loop
      vertex 46.97753248858406 35.04177867921643 0
      vertex 45.125 35.368430139592796 0.6
      vertex 46.97753248858406 35.04177867921643 0.6
    endloop
  endfacet
  facet normal -0.5000000000000019 0.8660254037844376 0
    outer loop
      vertex 48.606622218577186 35.98233407336202 0
      vertex 46.97753248858406 35.04177867921643 0.6
      vertex 48.606622218577186 35.98233407336202 0.6
    endloop
  endfacet
  facet normal 0.17364817766693133 -0.9848077530122078 0
    outer loop
      vertex 45.125 40.131569860407204 0
      vertex 46.97753248858406 40.45822132078357 0.6
      vertex 45.125 40.131569860407204 0.6
    endloop
  endfacet
  facet normal -0.5000000000000019 -0.8660254037844376 0
    outer loop
      vertex 46.97753248858406 40.45822132078357 0
      vertex 48.606622218577186 39.51766592663798 0.6
      vertex 46.97753248858406 40.45822132078357 0.6
    endloop
  endfacet
  facet normal -0.9396926207859077 0.34202014332567054 0
    outer loop
      vertex 49.25 37.75 0
      vertex 48.606622218577186 35.98233407336202 0.6
      vertex 49.25 37.75 0.6
    endloop
  endfacet
  facet normal -0.9396926207859077 -0.34202014332567054 0
    outer loop
      vertex 48.606622218577186 39.51766592663798 0
      vertex 49.25 37.75 0.6
      vertex 48.606622218577186 39.51766592663798 0.6
    endloop
  endfacet
  facet normal 0.7660444431189776 0.6427876096865399 2.6398167208590355e-17
    outer loop
      vertex 45.125 44.868430139592796 0
      vertex 43.91584529283875 46.30944460585441 0
      vertex 43.91584529283875 46.30944460585441 0.6
    endloop
  endfacet
  facet normal 1 0 0
    outer loop
      vertex 43.91584529283875 46.30944460585441 0
      vertex 43.91584529283875 48.19055539414559 0
      vertex 43.91584529283875 48.19055539414559 0.6
    endloop
  endfacet
  facet normal 0.7660444431189776 -0.6427876096865399 -2.6398167208590355e-17
    outer loop
      vertex 43.91584529283875 48.19055539414559 0
      vertex 45.125 49.631569860407204 0
      vertex 45.125 49.631569860407204 0.6
    endloop
  endfacet
  facet normal 0.17364817766693133 0.9848077530122078 0
    outer loop
      vertex 45.125 44.868430139592796 0
      vertex 45.125 44.868430139592796 0.6
      vertex 46.97753248858406 44.54177867921643 0
    endloop
  endfacet
  facet normal -0.5000000000000019 0.8660254037844376 0
    outer loop
      vertex 46.97753248858406 44.54177867921643 0
      vertex 46.97753248858406 44.54177867921643 0.6
      vertex 48.606622218577186 45.48233407336202 0
    endloop
  endfacet
  facet normal 0.17364817766693133 -0.9848077530122078 -1.5229445364011876e-17
    outer loop
      vertex 45.125 49.631569860407204 0
      vertex 46.97753248858406 49.95822132078357 0
      vertex 46.97753248858406 49.95822132078357 0.6
    endloop
  endfacet
  facet normal -0.5000000000000019 -0.8660254037844376 0
    outer loop
      vertex 48.606622218577186 49.01766592663798 0
      vertex 48.606622218577186 49.01766592663798 0.6
      vertex 46.97753248858406 49.95822132078357 0
    endloop
  endfacet
  facet normal -0.9396926207859077 0.34202014332567054 0
    outer loop
      vertex 48.606622218577186 45.48233407336202 0
      vertex 48.606622218577186 45.48233407336202 0.6
      vertex 49.25 47.25 0
    endloop
  endfacet
  facet normal -0.9396926207859077 -0.34202014332567054 0
    outer loop
      vertex 49.25 47.25 0
      vertex 49.25 47.25 0.6
      vertex 48.606622218577186 49.01766592663798 0
    endloop
  endfacet
  facet normal 0.7660444431189776 0.6427876096865399 0
    outer loop
      vertex 45.125 44.868430139592796 0
      vertex 43.91584529283875 46.30944460585441 0.6
      vertex 45.125 44.868430139592796 0.6
    endloop
  endfacet
  facet normal 1 0 0
    outer loop
      vertex 43.91584529283875 46.30944460585441 0
      vertex 43.91584529283875 48.19055539414559 0.6
      vertex 43.91584529283875 46.30944460585441 0.6
    endloop
  endfacet
  facet normal 0.7660444431189776 -0.6427876096865399 0
    outer loop
      vertex 43.91584529283875 48.19055539414559 0
      vertex 45.125 49.631569860407204 0.6
      vertex 43.91584529283875 48.19055539414559 0.6
    endloop
  endfacet
  facet normal 0.17364817766693133 0.9848077530122078 0
    outer loop
      vertex 46.97753248858406 44.54177867921643 0
      vertex 45.125 44.868430139592796 0.6
      vertex 46.97753248858406 44.54177867921643 0.6
    endloop
  endfacet
  facet normal -0.5000000000000019 0.8660254037844376 0
    outer loop
      vertex 48.606622218577186 45.48233407336202 0
      vertex 46.97753248858406 44.54177867921643 0.6
      vertex 48.606622218577186 45.48233407336202 0.6
    endloop
  endfacet
  facet normal 0.17364817766693133 -0.9848077530122078 0
    outer loop
      vertex 45.125 49.631569860407204 0
      vertex 46.97753248858406 49.95822132078357 0.6
      vertex 45.125 49.631569860407204 0.6
    endloop
  endfacet
  facet normal -0.5000000000000019 -0.8660254037844376 0
    outer loop
      vertex 46.97753248858406 49.95822132078357 0
      vertex 48.606622218577186 49.01766592663798 0.6
      vertex 46.97753248858406 49.95822132078357 0.6
    endloop
  endfacet
  facet normal -0.9396926207859077 0.34202014332567054 0
    outer loop
      vertex 49.25 47.25 0
      vertex 48.606622218577186 45.48233407336202 0.6
      vertex 49.25 47.25 0.6
    endloop
  endfacet
  facet normal -0.9396926207859077 -0.34202014332567054 0
    outer loop
      vertex 48.606622218577186 49.01766592663798 0
      vertex 49.25 47.25 0.6
      vertex 48.606622218577186 49.01766592663798 0.6
    endloop
  endfacet
  facet normal 1 0 0
    outer loop
      vertex 43.91584529283875 55.80944460585441 0
      vertex 43.91584529283875 57.69055539414559 0
      vertex 43.91584529283875 57.69055539414559 0.6
    endloop
  endfacet
  facet normal 0.7660444431189776 0.6427876096865399 0
    outer loop
      vertex 43.91584529283875 55.80944460585441 0
      vertex 43.91584529283875 55.80944460585441 0.6
      vertex 45.125 54.368430139592796 0
    endloop
  endfacet
  facet normal 0.7660444431189776 -0.6427876096865399 -2.6398167208590355e-17
    outer loop
      vertex 43.91584529283875 57.69055539414559 0
      vertex 45.125 59.131569860407204 0
      vertex 45.125 59.131569860407204 0.6
    endloop
  endfacet
  facet normal 0.17364817766693133 0.9848077530122078 0
    outer loop
      vertex 45.125 54.368430139592796 0
      vertex 45.125 54.368430139592796 0.6
      vertex 46.97753248858406 54.04177867921643 0
    endloop
  endfacet
  facet normal -0.5000000000000019 0.8660254037844376 0
    outer loop
      vertex 46.97753248858406 54.04177867921643 0
      vertex 46.97753248858406 54.04177867921643 0.6
      vertex 48.606622218577186 54.98233407336202 0
    endloop
  endfacet
  facet normal -0.9396926207859077 0.34202014332567054 0
    outer loop
      vertex 48.606622218577186 54.98233407336202 0
      vertex 48.606622218577186 54.98233407336202 0.6
      vertex 49.25 56.75 0
    endloop
  endfacet
  facet normal -0.9396926207859077 -0.34202014332567054 0
    outer loop
      vertex 49.25 56.75 0
      vertex 49.25 56.75 0.6
      vertex 48.606622218577186 58.51766592663798 0
    endloop
  endfacet
  facet normal 0.17364817766693133 -0.9848077530122078 -1.5229445364011876e-17
    outer loop
      vertex 45.125 59.131569860407204 0
      vertex 46.97753248858406 59.45822132078357 0
      vertex 46.97753248858406 59.45822132078357 0.6
    endloop
  endfacet
  facet normal -0.5000000000000019 -0.8660254037844376 -7.797988509129402e-17
    outer loop
      vertex 46.97753248858406 59.45822132078357 0
      vertex 48.606622218577186 58.51766592663798 0
      vertex 48.606622218577186 58.51766592663798 0.6
    endloop
  endfacet
  facet normal 1 0 0
    outer loop
      vertex 43.91584529283875 55.80944460585441 0
      vertex 43.91584529283875 57.69055539414559 0.6
      vertex 43.91584529283875 55.80944460585441 0.6
    endloop
  endfacet
  facet normal 0.7660444431189776 0.6427876096865399 0
    outer loop
      vertex 45.125 54.368430139592796 0
      vertex 43.91584529283875 55.80944460585441 0.6
      vertex 45.125 54.368430139592796 0.6
    endloop
  endfacet
  facet normal 0.7660444431189776 -0.6427876096865399 0
    outer loop
      vertex 43.91584529283875 57.69055539414559 0
      vertex 45.125 59.131569860407204 0.6
      vertex 43.91584529283875 57.69055539414559 0.6
    endloop
  endfacet
  facet normal 0.17364817766693133 0.9848077530122078 0
    outer loop
      vertex 46.97753248858406 54.04177867921643 0
      vertex 45.125 54.368430139592796 0.6
      vertex 46.97753248858406 54.04177867921643 0.6
    endloop
  endfacet
  facet normal -0.5000000000000019 0.8660254037844376 0
    outer loop
      vertex 48.606622218577186 54.98233407336202 0
      vertex 46.97753248858406 54.04177867921643 0.6
      vertex 48.606622218577186 54.98233407336202 0.6
    endloop
  endfacet
  facet normal -0.9396926207859077 0.34202014332567054 0
    outer loop
      vertex 49.25 56.75 0
      vertex 48.606622218577186 54.98233407336202 0.6
      vertex 49.25 56.75 0.6
    endloop
  endfacet
  facet normal 0.17364817766693133 -0.9848077530122078 0
    outer loop
      vertex 45.125 59.131569860407204 0
      vertex 46.97753248858406 59.45822132078357 0.6
      vertex 45.125 59.131569860407204 0.6
    endloop
  endfacet
  facet normal -0.5000000000000019 -0.8660254037844376 0
    outer loop
      vertex 46.97753248858406 59.45822132078357 0
      vertex 48.606622218577186 58.51766592663798 0.6
      vertex 46.97753248858406 59.45822132078357 0.6
    endloop
  endfacet
  facet normal -0.9396926207859077 -0.34202014332567054 0
    outer loop
      vertex 48.606622218577186 58.51766592663798 0
      vertex 49.25 56.75 0.6
      vertex 48.606622218577186 58.51766592663798 0.6
    endloop
  endfacet
  facet normal 0.7660444431189776 0.6427876096865399 0
    outer loop
      vertex 43.91584529283875 65.30944460585441 0
      vertex 43.91584529283875 65.30944460585441 0.6
      vertex 45.125 63.868430139592796 0
    endloop
  endfacet
  facet normal 0.17364817766693133 0.9848077530122078 0
    outer loop
      vertex 45.125 63.868430139592796 0
      vertex 45.125 63.868430139592796 0.6
      vertex 46.97753248858406 63.54177867921643 0
    endloop
  endfacet
  facet normal -0.499999999999999 0.8660254037844392 0
    outer loop
      vertex 46.97753248858406 63.54177867921643 0
      vertex 46.97753248858406 63.54177867921643 0.6
      vertex 48.606622218577186 64.48233407336201 0
    endloop
  endfacet
  facet normal -0.9396926207859081 0.34202014332566927 0
    outer loop
      vertex 48.606622218577186 64.48233407336201 0
      vertex 48.606622218577186 64.48233407336201 0.6
      vertex 49.25 66.25 0
    endloop
  endfacet
  facet normal 0.7660444431189776 0.6427876096865399 0
    outer loop
      vertex 45.125 63.868430139592796 0
      vertex 43.91584529283875 65.30944460585441 0.6
      vertex 45.125 63.868430139592796 0.6
    endloop
  endfacet
  facet normal 0.17364817766693133 0.9848077530122078 0
    outer loop
      vertex 46.97753248858406 63.54177867921643 0
      vertex 45.125 63.868430139592796 0.6
      vertex 46.97753248858406 63.54177867921643 0.6
    endloop
  endfacet
  facet normal -0.499999999999999 0.8660254037844392 0
    outer loop
      vertex 48.606622218577186 64.48233407336201 0
      vertex 46.97753248858406 63.54177867921643 0.6
      vertex 48.606622218577186 64.48233407336201 0.6
    endloop
  endfacet
  facet normal 1 0 0
    outer loop
      vertex 43.91584529283875 65.30944460585441 0
      vertex 43.91584529283875 67.19055539414559 0
      vertex 43.91584529283875 67.19055539414559 0.6
    endloop
  endfacet
  facet normal 0.766044443118979 -0.642787609686538 -8.680454754606863e-17
    outer loop
      vertex 43.91584529283875 67.19055539414559 0
      vertex 45.125 68.63156986040721 0
      vertex 45.125 68.63156986040721 0.6
    endloop
  endfacet
  facet normal 0.17364817766692403 -0.9848077530122091 -2.7442412767178122e-17
    outer loop
      vertex 45.125 68.63156986040721 0
      vertex 46.97753248858406 68.95822132078357 0
      vertex 46.97753248858406 68.95822132078357 0.6
    endloop
  endfacet
  facet normal -0.49999999999999617 -0.8660254037844408 -2.648676453855878e-17
    outer loop
      vertex 46.97753248858406 68.95822132078357 0
      vertex 48.606622218577186 68.01766592663799 0
      vertex 48.606622218577186 68.01766592663799 0.6
    endloop
  endfacet
  facet normal -0.9396926207859081 -0.34202014332566927 0
    outer loop
      vertex 49.25 66.25 0
      vertex 49.25 66.25 0.6
      vertex 48.606622218577186 68.01766592663799 0
    endloop
  endfacet
  facet normal 1 0 0
    outer loop
      vertex 43.91584529283875 65.30944460585441 0
      vertex 43.91584529283875 67.19055539414559 0.6
      vertex 43.91584529283875 65.30944460585441 0.6
    endloop
  endfacet
  facet normal 0.766044443118979 -0.642787609686538 0
    outer loop
      vertex 43.91584529283875 67.19055539414559 0
      vertex 45.125 68.63156986040721 0.6
      vertex 43.91584529283875 67.19055539414559 0.6
    endloop
  endfacet
  facet normal 0.17364817766692403 -0.9848077530122091 0
    outer loop
      vertex 45.125 68.63156986040721 0
      vertex 46.97753248858406 68.95822132078357 0.6
      vertex 45.125 68.63156986040721 0.6
    endloop
  endfacet
  facet normal -0.49999999999999617 -0.8660254037844408 0
    outer loop
      vertex 46.97753248858406 68.95822132078357 0
      vertex 48.606622218577186 68.01766592663799 0.6
      vertex 46.97753248858406 68.95822132078357 0.6
    endloop
  endfacet
  facet normal -0.9396926207859081 0.34202014332566927 0
    outer loop
      vertex 49.25 66.25 0
      vertex 48.606622218577186 64.48233407336201 0.6
      vertex 49.25 66.25 0.6
    endloop
  endfacet
  facet normal -0.9396926207859081 -0.34202014332566927 0
    outer loop
      vertex 48.606622218577186 68.01766592663799 0
      vertex 49.25 66.25 0.6
      vertex 48.606622218577186 68.01766592663799 0.6
    endloop
  endfacet
  facet normal 1 0 0
    outer loop
      vertex 43.91584529283875 74.80944460585441 0
      vertex 43.91584529283875 76.69055539414559 0
      vertex 43.91584529283875 76.69055539414559 0.6
    endloop
  endfacet
  facet normal 0.766044443118979 0.642787609686538 0
    outer loop
      vertex 43.91584529283875 74.80944460585441 0
      vertex 43.91584529283875 74.80944460585441 0.6
      vertex 45.125 73.36843013959279 0
    endloop
  endfacet
  facet normal 0.766044443118979 -0.642787609686538 -8.680454754606863e-17
    outer loop
      vertex 43.91584529283875 76.69055539414559 0
      vertex 45.125 78.13156986040721 0
      vertex 45.125 78.13156986040721 0.6
    endloop
  endfacet
  facet normal 0.17364817766692403 0.9848077530122091 0
    outer loop
      vertex 45.125 73.36843013959279 0
      vertex 45.125 73.36843013959279 0.6
      vertex 46.97753248858406 73.04177867921643 0
    endloop
  endfacet
  facet normal -0.49999999999999617 0.8660254037844408 0
    outer loop
      vertex 46.97753248858406 73.04177867921643 0
      vertex 46.97753248858406 73.04177867921643 0.6
      vertex 48.606622218577186 73.98233407336201 0
    endloop
  endfacet
  facet normal 0.17364817766692403 -0.9848077530122091 -2.7442412767178122e-17
    outer loop
      vertex 45.125 78.13156986040721 0
      vertex 46.97753248858406 78.45822132078357 0
      vertex 46.97753248858406 78.45822132078357 0.6
    endloop
  endfacet
  facet normal -0.49999999999999617 -0.8660254037844408 -2.648676453855878e-17
    outer loop
      vertex 46.97753248858406 78.45822132078357 0
      vertex 48.606622218577186 77.51766592663799 0
      vertex 48.606622218577186 77.51766592663799 0.6
    endloop
  endfacet
  facet normal -0.9396926207859081 0.34202014332566927 0
    outer loop
      vertex 48.606622218577186 73.98233407336201 0
      vertex 48.606622218577186 73.98233407336201 0.6
      vertex 49.25 75.75 0
    endloop
  endfacet
  facet normal -0.9396926207859081 -0.34202014332566927 0
    outer loop
      vertex 49.25 75.75 0
      vertex 49.25 75.75 0.6
      vertex 48.606622218577186 77.51766592663799 0
    endloop
  endfacet
  facet normal 1 0 0
    outer loop
      vertex 43.91584529283875 74.80944460585441 0
      vertex 43.91584529283875 76.69055539414559 0.6
      vertex 43.91584529283875 74.80944460585441 0.6
    endloop
  endfacet
  facet normal 0.766044443118979 0.642787609686538 0
    outer loop
      vertex 45.125 73.36843013959279 0
      vertex 43.91584529283875 74.80944460585441 0.6
      vertex 45.125 73.36843013959279 0.6
    endloop
  endfacet
  facet normal 0.766044443118979 -0.642787609686538 0
    outer loop
      vertex 43.91584529283875 76.69055539414559 0
      vertex 45.125 78.13156986040721 0.6
      vertex 43.91584529283875 76.69055539414559 0.6
    endloop
  endfacet
  facet normal 0.17364817766692403 0.9848077530122091 0
    outer loop
      vertex 46.97753248858406 73.04177867921643 0
      vertex 45.125 73.36843013959279 0.6
      vertex 46.97753248858406 73.04177867921643 0.6
    endloop
  endfacet
  facet normal -0.49999999999999617 0.8660254037844408 0
    outer loop
      vertex 48.606622218577186 73.98233407336201 0
      vertex 46.97753248858406 73.04177867921643 0.6
      vertex 48.606622218577186 73.98233407336201 0.6
    endloop
  endfacet
  facet normal 0.17364817766692403 -0.9848077530122091 0
    outer loop
      vertex 45.125 78.13156986040721 0
      vertex 46.97753248858406 78.45822132078357 0.6
      vertex 45.125 78.13156986040721 0.6
    endloop
  endfacet
  facet normal -0.49999999999999617 -0.8660254037844408 0
    outer loop
      vertex 46.97753248858406 78.45822132078357 0
      vertex 48.606622218577186 77.51766592663799 0.6
      vertex 46.97753248858406 78.45822132078357 0.6
    endloop
  endfacet
  facet normal -0.9396926207859081 0.34202014332566927 0
    outer loop
      vertex 49.25 75.75 0
      vertex 48.606622218577186 73.98233407336201 0.6
      vertex 49.25 75.75 0.6
    endloop
  endfacet
  facet normal -0.9396926207859081 -0.34202014332566927 0
    outer loop
      vertex 48.606622218577186 77.51766592663799 0
      vertex 49.25 75.75 0.6
      vertex 48.606622218577186 77.51766592663799 0.6
    endloop
  endfacet
  facet normal 0.766044443118979 0.642787609686538 0
    outer loop
      vertex 43.91584529283875 84.30944460585441 0
      vertex 43.91584529283875 84.30944460585441 0.6
      vertex 45.125 82.86843013959279 0
    endloop
  endfacet
  facet normal 1 0 0
    outer loop
      vertex 43.91584529283875 84.30944460585441 0
      vertex 43.91584529283875 86.19055539414559 0
      vertex 43.91584529283875 86.19055539414559 0.6
    endloop
  endfacet
  facet normal 0.766044443118979 -0.642787609686538 -8.680454754606863e-17
    outer loop
      vertex 43.91584529283875 86.19055539414559 0
      vertex 45.125 87.63156986040721 0
      vertex 45.125 87.63156986040721 0.6
    endloop
  endfacet
  facet normal 0.17364817766692403 0.9848077530122091 0
    outer loop
      vertex 45.125 82.86843013959279 0
      vertex 45.125 82.86843013959279 0.6
      vertex 46.97753248858406 82.54177867921643 0
    endloop
  endfacet
  facet normal -0.49999999999999617 0.8660254037844408 0
    outer loop
      vertex 46.97753248858406 82.54177867921643 0
      vertex 46.97753248858406 82.54177867921643 0.6
      vertex 48.606622218577186 83.48233407336201 0
    endloop
  endfacet
  facet normal 0.17364817766692403 -0.9848077530122091 -2.7442412767178122e-17
    outer loop
      vertex 45.125 87.63156986040721 0
      vertex 46.97753248858406 87.95822132078357 0
      vertex 46.97753248858406 87.95822132078357 0.6
    endloop
  endfacet
  facet normal -0.49999999999999617 -0.8660254037844408 -2.648676453855878e-17
    outer loop
      vertex 46.97753248858406 87.95822132078357 0
      vertex 48.606622218577186 87.01766592663799 0
      vertex 48.606622218577186 87.01766592663799 0.6
    endloop
  endfacet
  facet normal -0.9396926207859081 0.34202014332566927 0
    outer loop
      vertex 48.606622218577186 83.48233407336201 0
      vertex 48.606622218577186 83.48233407336201 0.6
      vertex 49.25 85.25 0
    endloop
  endfacet
  facet normal -0.9396926207859081 -0.34202014332566927 0
    outer loop
      vertex 49.25 85.25 0
      vertex 49.25 85.25 0.6
      vertex 48.606622218577186 87.01766592663799 0
    endloop
  endfacet
  facet normal 1 0 0
    outer loop
      vertex 43.91584529283875 84.30944460585441 0
      vertex 43.91584529283875 86.19055539414559 0.6
      vertex 43.91584529283875 84.30944460585441 0.6
    endloop
  endfacet
  facet normal 0.766044443118979 0.642787609686538 0
    outer loop
      vertex 45.125 82.86843013959279 0
      vertex 43.91584529283875 84.30944460585441 0.6
      vertex 45.125 82.86843013959279 0.6
    endloop
  endfacet
  facet normal 0.766044443118979 -0.642787609686538 0
    outer loop
      vertex 43.91584529283875 86.19055539414559 0
      vertex 45.125 87.63156986040721 0.6
      vertex 43.91584529283875 86.19055539414559 0.6
    endloop
  endfacet
  facet normal 0.17364817766692403 0.9848077530122091 0
    outer loop
      vertex 46.97753248858406 82.54177867921643 0
      vertex 45.125 82.86843013959279 0.6
      vertex 46.97753248858406 82.54177867921643 0.6
    endloop
  endfacet
  facet normal -0.49999999999999617 0.8660254037844408 0
    outer loop
      vertex 48.606622218577186 83.48233407336201 0
      vertex 46.97753248858406 82.54177867921643 0.6
      vertex 48.606622218577186 83.48233407336201 0.6
    endloop
  endfacet
  facet normal 0.17364817766692403 -0.9848077530122091 0
    outer loop
      vertex 45.125 87.63156986040721 0
      vertex 46.97753248858406 87.95822132078357 0.6
      vertex 45.125 87.63156986040721 0.6
    endloop
  endfacet
  facet normal -0.49999999999999617 -0.8660254037844408 0
    outer loop
      vertex 46.97753248858406 87.95822132078357 0
      vertex 48.606622218577186 87.01766592663799 0.6
      vertex 46.97753248858406 87.95822132078357 0.6
    endloop
  endfacet
  facet normal -0.9396926207859081 0.34202014332566927 0
    outer loop
      vertex 49.25 85.25 0
      vertex 48.606622218577186 83.48233407336201 0.6
      vertex 49.25 85.25 0.6
    endloop
  endfacet
  facet normal -0.9396926207859081 -0.34202014332566927 0
    outer loop
      vertex 48.606622218577186 87.01766592663799 0
      vertex 49.25 85.25 0.6
      vertex 48.606622218577186 87.01766592663799 0.6
    endloop
  endfacet
  facet normal 1 0 0
    outer loop
      vertex 43.91584529283875 93.80944460585441 0
      vertex 43.91584529283875 95.69055539414559 0
      vertex 43.91584529283875 95.69055539414559 0.6
    endloop
  endfacet
  facet normal 0.766044443118979 0.642787609686538 8.680454754606863e-17
    outer loop
      vertex 45.125 92.36843013959279 0
      vertex 43.91584529283875 93.80944460585441 0
      vertex 43.91584529283875 93.80944460585441 0.6
    endloop
  endfacet
  facet normal 0.766044443118979 -0.642787609686538 -8.680454754606863e-17
    outer loop
      vertex 43.91584529283875 95.69055539414559 0
      vertex 45.125 97.13156986040721 0
      vertex 45.125 97.13156986040721 0.6
    endloop
  endfacet
  facet normal 0.17364817766692403 0.9848077530122091 0
    outer loop
      vertex 45.125 92.36843013959279 0
      vertex 45.125 92.36843013959279 0.6
      vertex 46.97753248858406 92.04177867921643 0
    endloop
  endfacet
  facet normal -0.49999999999999617 0.8660254037844408 0
    outer loop
      vertex 46.97753248858406 92.04177867921643 0
      vertex 46.97753248858406 92.04177867921643 0.6
      vertex 48.606622218577186 92.98233407336201 0
    endloop
  endfacet
  facet normal -0.9396926207859081 0.34202014332566927 0
    outer loop
      vertex 48.606622218577186 92.98233407336201 0
      vertex 48.606622218577186 92.98233407336201 0.6
      vertex 49.25 94.75 0
    endloop
  endfacet
  facet normal -0.9396926207859081 -0.34202014332566927 0
    outer loop
      vertex 49.25 94.75 0
      vertex 49.25 94.75 0.6
      vertex 48.606622218577186 96.51766592663799 0
    endloop
  endfacet
  facet normal 0.766044443118979 0.642787609686538 0
    outer loop
      vertex 45.125 92.36843013959279 0
      vertex 43.91584529283875 93.80944460585441 0.6
      vertex 45.125 92.36843013959279 0.6
    endloop
  endfacet
  facet normal 1 0 0
    outer loop
      vertex 43.91584529283875 93.80944460585441 0
      vertex 43.91584529283875 95.69055539414559 0.6
      vertex 43.91584529283875 93.80944460585441 0.6
    endloop
  endfacet
  facet normal 0.766044443118979 -0.642787609686538 0
    outer loop
      vertex 43.91584529283875 95.69055539414559 0
      vertex 45.125 97.13156986040721 0.6
      vertex 43.91584529283875 95.69055539414559 0.6
    endloop
  endfacet
  facet normal 0.17364817766692403 0.9848077530122091 0
    outer loop
      vertex 46.97753248858406 92.04177867921643 0
      vertex 45.125 92.36843013959279 0.6
      vertex 46.97753248858406 92.04177867921643 0.6
    endloop
  endfacet
  facet normal -0.49999999999999617 0.8660254037844408 0
    outer loop
      vertex 48.606622218577186 92.98233407336201 0
      vertex 46.97753248858406 92.04177867921643 0.6
      vertex 48.606622218577186 92.98233407336201 0.6
    endloop
  endfacet
  facet normal -0.9396926207859081 0.34202014332566927 0
    outer loop
      vertex 49.25 94.75 0
      vertex 48.606622218577186 92.98233407336201 0.6
      vertex 49.25 94.75 0.6
    endloop
  endfacet
  facet normal -0.9396926207859081 -0.34202014332566927 0
    outer loop
      vertex 48.606622218577186 96.51766592663799 0
      vertex 49.25 94.75 0.6
      vertex 48.606622218577186 96.51766592663799 0.6
    endloop
  endfacet
  facet normal 0.17364817766692403 -0.9848077530122091 -2.7442412767178122e-17
    outer loop
      vertex 45.125 97.13156986040721 0
      vertex 46.97753248858406 97.45822132078357 0
      vertex 46.97753248858406 97.45822132078357 0.6
    endloop
  endfacet
  facet normal -0.49999999999999617 -0.8660254037844408 0
    outer loop
      vertex 48.606622218577186 96.51766592663799 0
      vertex 48.606622218577186 96.51766592663799 0.6
      vertex 46.97753248858406 97.45822132078357 0
    endloop
  endfacet
  facet normal 0.17364817766692403 -0.9848077530122091 0
    outer loop
      vertex 45.125 97.13156986040721 0
      vertex 46.97753248858406 97.45822132078357 0.6
      vertex 45.125 97.13156986040721 0.6
    endloop
  endfacet
  facet normal -0.49999999999999617 -0.8660254037844408 0
    outer loop
      vertex 46.97753248858406 97.45822132078357 0
      vertex 48.606622218577186 96.51766592663799 0.6
      vertex 46.97753248858406 97.45822132078357 0.6
    endloop
  endfacet
  facet normal 1 0 0
    outer loop
      vertex 43.91584529283875 103.30944460585441 0
      vertex 43.91584529283875 105.19055539414559 0
      vertex 43.91584529283875 105.19055539414559 0.6
    endloop
  endfacet
  facet normal 0.766044443118979 0.642787609686538 0
    outer loop
      vertex 43.91584529283875 103.30944460585441 0
      vertex 43.91584529283875 103.30944460585441 0.6
      vertex 45.125 101.86843013959279 0
    endloop
  endfacet
  facet normal 0.766044443118979 -0.642787609686538 -8.680454754606863e-17
    outer loop
      vertex 43.91584529283875 105.19055539414559 0
      vertex 45.125 106.63156986040721 0
      vertex 45.125 106.63156986040721 0.6
    endloop
  endfacet
  facet normal 0.17364817766692403 0.9848077530122091 0
    outer loop
      vertex 45.125 101.86843013959279 0
      vertex 45.125 101.86843013959279 0.6
      vertex 46.97753248858406 101.54177867921643 0
    endloop
  endfacet
  facet normal -0.49999999999999617 0.8660254037844408 0
    outer loop
      vertex 46.97753248858406 101.54177867921643 0
      vertex 46.97753248858406 101.54177867921643 0.6
      vertex 48.606622218577186 102.48233407336201 0
    endloop
  endfacet
  facet normal -0.9396926207859081 0.34202014332566927 0
    outer loop
      vertex 48.606622218577186 102.48233407336201 0
      vertex 48.606622218577186 102.48233407336201 0.6
      vertex 49.25 104.25 0
    endloop
  endfacet
  facet normal 0.17364817766692403 -0.9848077530122091 -2.7442412767178122e-17
    outer loop
      vertex 45.125 106.63156986040721 0
      vertex 46.97753248858406 106.95822132078357 0
      vertex 46.97753248858406 106.95822132078357 0.6
    endloop
  endfacet
  facet normal -0.49999999999999617 -0.8660254037844408 -2.648676453855878e-17
    outer loop
      vertex 46.97753248858406 106.95822132078357 0
      vertex 48.606622218577186 106.01766592663799 0
      vertex 48.606622218577186 106.01766592663799 0.6
    endloop
  endfacet
  facet normal -0.9396926207859081 -0.34202014332566927 0
    outer loop
      vertex 49.25 104.25 0
      vertex 49.25 104.25 0.6
      vertex 48.606622218577186 106.01766592663799 0
    endloop
  endfacet
  facet normal 1 0 0
    outer loop
      vertex 43.91584529283875 103.30944460585441 0
      vertex 43.91584529283875 105.19055539414559 0.6
      vertex 43.91584529283875 103.30944460585441 0.6
    endloop
  endfacet
  facet normal 0.766044443118979 0.642787609686538 0
    outer loop
      vertex 45.125 101.86843013959279 0
      vertex 43.91584529283875 103.30944460585441 0.6
      vertex 45.125 101.86843013959279 0.6
    endloop
  endfacet
  facet normal 0.766044443118979 -0.642787609686538 0
    outer loop
      vertex 43.91584529283875 105.19055539414559 0
      vertex 45.125 106.63156986040721 0.6
      vertex 43.91584529283875 105.19055539414559 0.6
    endloop
  endfacet
  facet normal 0.17364817766692403 0.9848077530122091 0
    outer loop
      vertex 46.97753248858406 101.54177867921643 0
      vertex 45.125 101.86843013959279 0.6
      vertex 46.97753248858406 101.54177867921643 0.6
    endloop
  endfacet
  facet normal -0.49999999999999617 0.8660254037844408 0
    outer loop
      vertex 48.606622218577186 102.48233407336201 0
      vertex 46.97753248858406 101.54177867921643 0.6
      vertex 48.606622218577186 102.48233407336201 0.6
    endloop
  endfacet
  facet normal -0.9396926207859081 0.34202014332566927 0
    outer loop
      vertex 49.25 104.25 0
      vertex 48.606622218577186 102.48233407336201 0.6
      vertex 49.25 104.25 0.6
    endloop
  endfacet
  facet normal 0.17364817766692403 -0.9848077530122091 0
    outer loop
      vertex 45.125 106.63156986040721 0
      vertex 46.97753248858406 106.95822132078357 0.6
      vertex 45.125 106.63156986040721 0.6
    endloop
  endfacet
  facet normal -0.49999999999999617 -0.8660254037844408 0
    outer loop
      vertex 46.97753248858406 106.95822132078357 0
      vertex 48.606622218577186 106.01766592663799 0.6
      vertex 46.97753248858406 106.95822132078357 0.6
    endloop
  endfacet
  facet normal -0.9396926207859081 -0.34202014332566927 0
    outer loop
      vertex 48.606622218577186 106.01766592663799 0
      vertex 49.25 104.25 0.6
      vertex 48.606622218577186 106.01766592663799 0.6
    endloop
  endfacet
  facet normal 0.766044443118979 0.642787609686538 8.680454754606863e-17
    outer loop
      vertex 45.125 111.36843013959279 0
      vertex 43.91584529283875 112.80944460585441 0
      vertex 43.91584529283875 112.80944460585441 0.6
    endloop
  endfacet
  facet normal 0.17364817766692403 0.9848077530122091 0
    outer loop
      vertex 45.125 111.36843013959279 0
      vertex 45.125 111.36843013959279 0.6
      vertex 46.97753248858406 111.04177867921643 0
    endloop
  endfacet
  facet normal -0.49999999999999617 0.8660254037844408 0
    outer loop
      vertex 46.97753248858406 111.04177867921643 0
      vertex 46.97753248858406 111.04177867921643 0.6
      vertex 48.606622218577186 111.98233407336201 0
    endloop
  endfacet
  facet normal 0.766044443118979 0.642787609686538 0
    outer loop
      vertex 45.125 111.36843013959279 0
      vertex 43.91584529283875 112.80944460585441 0.6
      vertex 45.125 111.36843013959279 0.6
    endloop
  endfacet
  facet normal 0.17364817766692403 0.9848077530122091 0
    outer loop
      vertex 46.97753248858406 111.04177867921643 0
      vertex 45.125 111.36843013959279 0.6
      vertex 46.97753248858406 111.04177867921643 0.6
    endloop
  endfacet
  facet normal -0.49999999999999617 0.8660254037844408 0
    outer loop
      vertex 48.606622218577186 111.98233407336201 0
      vertex 46.97753248858406 111.04177867921643 0.6
      vertex 48.606622218577186 111.98233407336201 0.6
    endloop
  endfacet
  facet normal 1 0 0
    outer loop
      vertex 43.91584529283875 112.80944460585441 0
      vertex 43.91584529283875 114.69055539414559 0
      vertex 43.91584529283875 114.69055539414559 0.6
    endloop
  endfacet
  facet normal 0.766044443118979 -0.642787609686538 -8.680454754606863e-17
    outer loop
      vertex 43.91584529283875 114.69055539414559 0
      vertex 45.125 116.13156986040721 0
      vertex 45.125 116.13156986040721 0.6
    endloop
  endfacet
  facet normal -0.49999999999999617 -0.8660254037844408 -2.648676453855878e-17
    outer loop
      vertex 46.97753248858406 116.45822132078357 0
      vertex 48.606622218577186 115.51766592663799 0
      vertex 48.606622218577186 115.51766592663799 0.6
    endloop
  endfacet
  facet normal 0.17364817766692403 -0.9848077530122091 -2.7442412767178122e-17
    outer loop
      vertex 45.125 116.13156986040721 0
      vertex 46.97753248858406 116.45822132078357 0
      vertex 46.97753248858406 116.45822132078357 0.6
    endloop
  endfacet
  facet normal -0.9396926207859081 0.34202014332566927 0
    outer loop
      vertex 48.606622218577186 111.98233407336201 0
      vertex 48.606622218577186 111.98233407336201 0.6
      vertex 49.25 113.75 0
    endloop
  endfacet
  facet normal -0.9396926207859081 -0.34202014332566927 0
    outer loop
      vertex 49.25 113.75 0
      vertex 49.25 113.75 0.6
      vertex 48.606622218577186 115.51766592663799 0
    endloop
  endfacet
  facet normal 1 0 0
    outer loop
      vertex 43.91584529283875 112.80944460585441 0
      vertex 43.91584529283875 114.69055539414559 0.6
      vertex 43.91584529283875 112.80944460585441 0.6
    endloop
  endfacet
  facet normal 0.766044443118979 -0.642787609686538 0
    outer loop
      vertex 43.91584529283875 114.69055539414559 0
      vertex 45.125 116.13156986040721 0.6
      vertex 43.91584529283875 114.69055539414559 0.6
    endloop
  endfacet
  facet normal 0.17364817766692403 -0.9848077530122091 0
    outer loop
      vertex 45.125 116.13156986040721 0
      vertex 46.97753248858406 116.45822132078357 0.6
      vertex 45.125 116.13156986040721 0.6
    endloop
  endfacet
  facet normal -0.49999999999999617 -0.8660254037844408 0
    outer loop
      vertex 46.97753248858406 116.45822132078357 0
      vertex 48.606622218577186 115.51766592663799 0.6
      vertex 46.97753248858406 116.45822132078357 0.6
    endloop
  endfacet
  facet normal -0.9396926207859081 0.34202014332566927 0
    outer loop
      vertex 49.25 113.75 0
      vertex 48.606622218577186 111.98233407336201 0.6
      vertex 49.25 113.75 0.6
    endloop
  endfacet
  facet normal -0.9396926207859081 -0.34202014332566927 0
    outer loop
      vertex 48.606622218577186 115.51766592663799 0
      vertex 49.25 113.75 0.6
      vertex 48.606622218577186 115.51766592663799 0.6
    endloop
  endfacet
  facet normal 1 0 0
    outer loop
      vertex 43.91584529283875 122.30944460585441 0
      vertex 43.91584529283875 124.19055539414559 0
      vertex 43.91584529283875 124.19055539414559 0.6
    endloop
  endfacet
  facet normal 0.766044443118979 0.642787609686538 0
    outer loop
      vertex 43.91584529283875 122.30944460585441 0
      vertex 43.91584529283875 122.30944460585441 0.6
      vertex 45.125 120.86843013959279 0
    endloop
  endfacet
  facet normal 0.766044443118979 -0.642787609686538 -8.680454754606863e-17
    outer loop
      vertex 43.91584529283875 124.19055539414559 0
      vertex 45.125 125.63156986040721 0
      vertex 45.125 125.63156986040721 0.6
    endloop
  endfacet
  facet normal 0.17364817766692403 0.9848077530122091 0
    outer loop
      vertex 45.125 120.86843013959279 0
      vertex 45.125 120.86843013959279 0.6
      vertex 46.97753248858406 120.54177867921643 0
    endloop
  endfacet
  facet normal -0.49999999999999617 0.8660254037844408 0
    outer loop
      vertex 46.97753248858406 120.54177867921643 0
      vertex 46.97753248858406 120.54177867921643 0.6
      vertex 48.606622218577186 121.48233407336201 0
    endloop
  endfacet
  facet normal 0.17364817766692403 -0.9848077530122091 -2.7442412767178122e-17
    outer loop
      vertex 45.125 125.63156986040721 0
      vertex 46.97753248858406 125.95822132078357 0
      vertex 46.97753248858406 125.95822132078357 0.6
    endloop
  endfacet
  facet normal -0.49999999999999617 -0.8660254037844408 -2.648676453855878e-17
    outer loop
      vertex 46.97753248858406 125.95822132078357 0
      vertex 48.606622218577186 125.01766592663799 0
      vertex 48.606622218577186 125.01766592663799 0.6
    endloop
  endfacet
  facet normal -0.9396926207859081 0.34202014332566927 0
    outer loop
      vertex 48.606622218577186 121.48233407336201 0
      vertex 48.606622218577186 121.48233407336201 0.6
      vertex 49.25 123.25 0
    endloop
  endfacet
  facet normal -0.9396926207859081 -0.34202014332566927 0
    outer loop
      vertex 49.25 123.25 0
      vertex 49.25 123.25 0.6
      vertex 48.606622218577186 125.01766592663799 0
    endloop
  endfacet
  facet normal 1 0 0
    outer loop
      vertex 43.91584529283875 122.30944460585441 0
      vertex 43.91584529283875 124.19055539414559 0.6
      vertex 43.91584529283875 122.30944460585441 0.6
    endloop
  endfacet
  facet normal 0.766044443118979 0.642787609686538 0
    outer loop
      vertex 45.125 120.86843013959279 0
      vertex 43.91584529283875 122.30944460585441 0.6
      vertex 45.125 120.86843013959279 0.6
    endloop
  endfacet
  facet normal 0.766044443118979 -0.642787609686538 0
    outer loop
      vertex 43.91584529283875 124.19055539414559 0
      vertex 45.125 125.63156986040721 0.6
      vertex 43.91584529283875 124.19055539414559 0.6
    endloop
  endfacet
  facet normal 0.17364817766692403 0.9848077530122091 0
    outer loop
      vertex 46.97753248858406 120.54177867921643 0
      vertex 45.125 120.86843013959279 0.6
      vertex 46.97753248858406 120.54177867921643 0.6
    endloop
  endfacet
  facet normal -0.49999999999999617 0.8660254037844408 0
    outer loop
      vertex 48.606622218577186 121.48233407336201 0
      vertex 46.97753248858406 120.54177867921643 0.6
      vertex 48.606622218577186 121.48233407336201 0.6
    endloop
  endfacet
  facet normal 0.17364817766692403 -0.9848077530122091 0
    outer loop
      vertex 45.125 125.63156986040721 0
      vertex 46.97753248858406 125.95822132078357 0.6
      vertex 45.125 125.63156986040721 0.6
    endloop
  endfacet
  facet normal -0.49999999999999617 -0.8660254037844408 0
    outer loop
      vertex 46.97753248858406 125.95822132078357 0
      vertex 48.606622218577186 125.01766592663799 0.6
      vertex 46.97753248858406 125.95822132078357 0.6
    endloop
  endfacet
  facet normal -0.9396926207859081 0.34202014332566927 0
    outer loop
      vertex 49.25 123.25 0
      vertex 48.606622218577186 121.48233407336201 0.6
      vertex 49.25 123.25 0.6
    endloop
  endfacet
  facet normal -0.9396926207859081 -0.34202014332566927 0
    outer loop
      vertex 48.606622218577186 125.01766592663799 0
      vertex 49.25 123.25 0.6
      vertex 48.606622218577186 125.01766592663799 0.6
    endloop
  endfacet
  facet normal 0.7660444431189822 0.6427876096865344 0
    outer loop
      vertex 43.91584529283875 131.80944460585442 0
      vertex 43.91584529283875 131.80944460585442 0.6
      vertex 45.125 130.3684301395928 0
    endloop
  endfacet
  facet normal 1 0 0
    outer loop
      vertex 43.91584529283875 131.80944460585442 0
      vertex 43.91584529283875 133.69055539414558 0
      vertex 43.91584529283875 133.69055539414558 0.6
    endloop
  endfacet
  facet normal 0.7660444431189822 -0.6427876096865344 -1.0885492187000963e-17
    outer loop
      vertex 43.91584529283875 133.69055539414558 0
      vertex 45.125 135.1315698604072 0
      vertex 45.125 135.1315698604072 0.6
    endloop
  endfacet
  facet normal 0.17364817766692403 0.9848077530122091 0
    outer loop
      vertex 45.125 130.3684301395928 0
      vertex 45.125 130.3684301395928 0.6
      vertex 46.97753248858406 130.04177867921643 0
    endloop
  endfacet
  facet normal -0.49999999999999617 0.8660254037844408 0
    outer loop
      vertex 46.97753248858406 130.04177867921643 0
      vertex 46.97753248858406 130.04177867921643 0.6
      vertex 48.606622218577186 130.982334073362 0
    endloop
  endfacet
  facet normal 0.17364817766692403 -0.9848077530122091 -2.7442412767178122e-17
    outer loop
      vertex 45.125 135.1315698604072 0
      vertex 46.97753248858406 135.45822132078357 0
      vertex 46.97753248858406 135.45822132078357 0.6
    endloop
  endfacet
  facet normal -0.49999999999999617 -0.8660254037844408 -2.648676453855878e-17
    outer loop
      vertex 46.97753248858406 135.45822132078357 0
      vertex 48.606622218577186 134.517665926638 0
      vertex 48.606622218577186 134.517665926638 0.6
    endloop
  endfacet
  facet normal -0.9396926207859081 0.34202014332566927 0
    outer loop
      vertex 48.606622218577186 130.982334073362 0
      vertex 48.606622218577186 130.982334073362 0.6
      vertex 49.25 132.75 0
    endloop
  endfacet
  facet normal -0.9396926207859081 -0.34202014332566927 0
    outer loop
      vertex 49.25 132.75 0
      vertex 49.25 132.75 0.6
      vertex 48.606622218577186 134.517665926638 0
    endloop
  endfacet
  facet normal 0.7660444431189822 0.6427876096865344 0
    outer loop
      vertex 45.125 130.3684301395928 0
      vertex 43.91584529283875 131.80944460585442 0.6
      vertex 45.125 130.3684301395928 0.6
    endloop
  endfacet
  facet normal 1 0 0
    outer loop
      vertex 43.91584529283875 131.80944460585442 0
      vertex 43.91584529283875 133.69055539414558 0.6
      vertex 43.91584529283875 131.80944460585442 0.6
    endloop
  endfacet
  facet normal 0.7660444431189822 -0.6427876096865344 0
    outer loop
      vertex 43.91584529283875 133.69055539414558 0
      vertex 45.125 135.1315698604072 0.6
      vertex 43.91584529283875 133.69055539414558 0.6
    endloop
  endfacet
  facet normal 0.17364817766692403 0.9848077530122091 0
    outer loop
      vertex 46.97753248858406 130.04177867921643 0
      vertex 45.125 130.3684301395928 0.6
      vertex 46.97753248858406 130.04177867921643 0.6
    endloop
  endfacet
  facet normal -0.49999999999999617 0.8660254037844408 0
    outer loop
      vertex 48.606622218577186 130.982334073362 0
      vertex 46.97753248858406 130.04177867921643 0.6
      vertex 48.606622218577186 130.982334073362 0.6
    endloop
  endfacet
  facet normal 0.17364817766692403 -0.9848077530122091 0
    outer loop
      vertex 45.125 135.1315698604072 0
      vertex 46.97753248858406 135.45822132078357 0.6
      vertex 45.125 135.1315698604072 0.6
    endloop
  endfacet
  facet normal -0.49999999999999617 -0.8660254037844408 0
    outer loop
      vertex 46.97753248858406 135.45822132078357 0
      vertex 48.606622218577186 134.517665926638 0.6
      vertex 46.97753248858406 135.45822132078357 0.6
    endloop
  endfacet
  facet normal -0.9396926207859081 0.34202014332566927 0
    outer loop
      vertex 49.25 132.75 0
      vertex 48.606622218577186 130.982334073362 0.6
      vertex 49.25 132.75 0.6
    endloop
  endfacet
  facet normal -0.9396926207859081 -0.34202014332566927 0
    outer loop
      vertex 48.606622218577186 134.517665926638 0
      vertex 49.25 132.75 0.6
      vertex 48.606622218577186 134.517665926638 0.6
    endloop
  endfacet
  facet normal 1 0 0
    outer loop
      vertex 43.91584529283875 141.30944460585442 0
      vertex 43.91584529283875 143.19055539414558 0
      vertex 43.91584529283875 143.19055539414558 0.6
    endloop
  endfacet
  facet normal 0.7660444431189822 0.6427876096865344 0
    outer loop
      vertex 43.91584529283875 141.30944460585442 0
      vertex 43.91584529283875 141.30944460585442 0.6
      vertex 45.125 139.8684301395928 0
    endloop
  endfacet
  facet normal 0.17364817766692403 0.9848077530122091 0
    outer loop
      vertex 45.125 139.8684301395928 0
      vertex 45.125 139.8684301395928 0.6
      vertex 46.97753248858406 139.54177867921643 0
    endloop
  endfacet
  facet normal -0.49999999999999617 0.8660254037844408 0
    outer loop
      vertex 46.97753248858406 139.54177867921643 0
      vertex 46.97753248858406 139.54177867921643 0.6
      vertex 48.606622218577186 140.482334073362 0
    endloop
  endfacet
  facet normal -0.9396926207859081 0.34202014332566927 0
    outer loop
      vertex 48.606622218577186 140.482334073362 0
      vertex 48.606622218577186 140.482334073362 0.6
      vertex 49.25 142.25 0
    endloop
  endfacet
  facet normal -0.9396926207859081 -0.34202014332566927 0
    outer loop
      vertex 49.25 142.25 0
      vertex 49.25 142.25 0.6
      vertex 48.606622218577186 144.017665926638 0
    endloop
  endfacet
  facet normal 1 0 0
    outer loop
      vertex 43.91584529283875 141.30944460585442 0
      vertex 43.91584529283875 143.19055539414558 0.6
      vertex 43.91584529283875 141.30944460585442 0.6
    endloop
  endfacet
  facet normal 0.7660444431189822 0.6427876096865344 0
    outer loop
      vertex 45.125 139.8684301395928 0
      vertex 43.91584529283875 141.30944460585442 0.6
      vertex 45.125 139.8684301395928 0.6
    endloop
  endfacet
  facet normal 0.17364817766692403 0.9848077530122091 0
    outer loop
      vertex 46.97753248858406 139.54177867921643 0
      vertex 45.125 139.8684301395928 0.6
      vertex 46.97753248858406 139.54177867921643 0.6
    endloop
  endfacet
  facet normal -0.49999999999999617 0.8660254037844408 0
    outer loop
      vertex 48.606622218577186 140.482334073362 0
      vertex 46.97753248858406 139.54177867921643 0.6
      vertex 48.606622218577186 140.482334073362 0.6
    endloop
  endfacet
  facet normal -0.9396926207859081 0.34202014332566927 0
    outer loop
      vertex 49.25 142.25 0
      vertex 48.606622218577186 140.482334073362 0.6
      vertex 49.25 142.25 0.6
    endloop
  endfacet
  facet normal -0.9396926207859081 -0.34202014332566927 0
    outer loop
      vertex 48.606622218577186 144.017665926638 0
      vertex 49.25 142.25 0.6
      vertex 48.606622218577186 144.017665926638 0.6
    endloop
  endfacet
  facet normal 0.7660444431189822 -0.6427876096865344 -1.0885492187000963e-17
    outer loop
      vertex 43.91584529283875 143.19055539414558 0
      vertex 45.125 144.6315698604072 0
      vertex 45.125 144.6315698604072 0.6
    endloop
  endfacet
  facet normal 0.17364817766692403 -0.9848077530122091 -2.7442412767178122e-17
    outer loop
      vertex 45.125 144.6315698604072 0
      vertex 46.97753248858406 144.95822132078357 0
      vertex 46.97753248858406 144.95822132078357 0.6
    endloop
  endfacet
  facet normal -0.49999999999999617 -0.8660254037844408 -2.648676453855878e-17
    outer loop
      vertex 46.97753248858406 144.95822132078357 0
      vertex 48.606622218577186 144.017665926638 0
      vertex 48.606622218577186 144.017665926638 0.6
    endloop
  endfacet
  facet normal 0.7660444431189822 -0.6427876096865344 0
    outer loop
      vertex 43.91584529283875 143.19055539414558 0
      vertex 45.125 144.6315698604072 0.6
      vertex 43.91584529283875 143.19055539414558 0.6
    endloop
  endfacet
  facet normal 0.17364817766692403 -0.9848077530122091 0
    outer loop
      vertex 45.125 144.6315698604072 0
      vertex 46.97753248858406 144.95822132078357 0.6
      vertex 45.125 144.6315698604072 0.6
    endloop
  endfacet
  facet normal -0.49999999999999617 -0.8660254037844408 0
    outer loop
      vertex 46.97753248858406 144.95822132078357 0
      vertex 48.606622218577186 144.017665926638 0.6
      vertex 46.97753248858406 144.95822132078357 0.6
    endloop
  endfacet
  facet normal 0.7660444431189822 0.6427876096865344 0
    outer loop
      vertex 43.91584529283875 150.80944460585442 0
      vertex 43.91584529283875 150.80944460585442 0.6
      vertex 45.125 149.3684301395928 0
    endloop
  endfacet
  facet normal 1 0 0
    outer loop
      vertex 43.91584529283875 150.80944460585442 0
      vertex 43.91584529283875 152.69055539414558 0
      vertex 43.91584529283875 152.69055539414558 0.6
    endloop
  endfacet
  facet normal 0.7660444431189822 -0.6427876096865344 -1.0885492187000963e-17
    outer loop
      vertex 43.91584529283875 152.69055539414558 0
      vertex 45.125 154.1315698604072 0
      vertex 45.125 154.1315698604072 0.6
    endloop
  endfacet
  facet normal 0.17364817766692403 0.9848077530122091 0
    outer loop
      vertex 45.125 149.3684301395928 0
      vertex 45.125 149.3684301395928 0.6
      vertex 46.97753248858406 149.04177867921643 0
    endloop
  endfacet
  facet normal -0.49999999999999617 0.8660254037844408 0
    outer loop
      vertex 46.97753248858406 149.04177867921643 0
      vertex 46.97753248858406 149.04177867921643 0.6
      vertex 48.606622218577186 149.982334073362 0
    endloop
  endfacet
  facet normal -0.9396926207859081 0.34202014332566927 0
    outer loop
      vertex 48.606622218577186 149.982334073362 0
      vertex 48.606622218577186 149.982334073362 0.6
      vertex 49.25 151.75 0
    endloop
  endfacet
  facet normal 0.17364817766692403 -0.9848077530122091 -2.7442412767178122e-17
    outer loop
      vertex 45.125 154.1315698604072 0
      vertex 46.97753248858406 154.45822132078357 0
      vertex 46.97753248858406 154.45822132078357 0.6
    endloop
  endfacet
  facet normal -0.49999999999999617 -0.8660254037844408 -2.648676453855878e-17
    outer loop
      vertex 46.97753248858406 154.45822132078357 0
      vertex 48.606622218577186 153.517665926638 0
      vertex 48.606622218577186 153.517665926638 0.6
    endloop
  endfacet
  facet normal -0.9396926207859081 -0.34202014332566927 0
    outer loop
      vertex 49.25 151.75 0
      vertex 49.25 151.75 0.6
      vertex 48.606622218577186 153.517665926638 0
    endloop
  endfacet
  facet normal 0.7660444431189822 0.6427876096865344 0
    outer loop
      vertex 45.125 149.3684301395928 0
      vertex 43.91584529283875 150.80944460585442 0.6
      vertex 45.125 149.3684301395928 0.6
    endloop
  endfacet
  facet normal 1 0 0
    outer loop
      vertex 43.91584529283875 150.80944460585442 0
      vertex 43.91584529283875 152.69055539414558 0.6
      vertex 43.91584529283875 150.80944460585442 0.6
    endloop
  endfacet
  facet normal 0.7660444431189822 -0.6427876096865344 0
    outer loop
      vertex 43.91584529283875 152.69055539414558 0
      vertex 45.125 154.1315698604072 0.6
      vertex 43.91584529283875 152.69055539414558 0.6
    endloop
  endfacet
  facet normal 0.17364817766692403 0.9848077530122091 0
    outer loop
      vertex 46.97753248858406 149.04177867921643 0
      vertex 45.125 149.3684301395928 0.6
      vertex 46.97753248858406 149.04177867921643 0.6
    endloop
  endfacet
  facet normal -0.49999999999999617 0.8660254037844408 0
    outer loop
      vertex 48.606622218577186 149.982334073362 0
      vertex 46.97753248858406 149.04177867921643 0.6
      vertex 48.606622218577186 149.982334073362 0.6
    endloop
  endfacet
  facet normal -0.9396926207859081 0.34202014332566927 0
    outer loop
      vertex 49.25 151.75 0
      vertex 48.606622218577186 149.982334073362 0.6
      vertex 49.25 151.75 0.6
    endloop
  endfacet
  facet normal 0.17364817766692403 -0.9848077530122091 0
    outer loop
      vertex 45.125 154.1315698604072 0
      vertex 46.97753248858406 154.45822132078357 0.6
      vertex 45.125 154.1315698604072 0.6
    endloop
  endfacet
  facet normal -0.49999999999999617 -0.8660254037844408 0
    outer loop
      vertex 46.97753248858406 154.45822132078357 0
      vertex 48.606622218577186 153.517665926638 0.6
      vertex 46.97753248858406 154.45822132078357 0.6
    endloop
  endfacet
  facet normal -0.9396926207859081 -0.34202014332566927 0
    outer loop
      vertex 48.606622218577186 153.517665926638 0
      vertex 49.25 151.75 0.6
      vertex 48.606622218577186 153.517665926638 0.6
    endloop
  endfacet
  facet normal 0.17364817766692403 0.9848077530122091 0
    outer loop
      vertex 45.125 158.8684301395928 0
      vertex 45.125 158.8684301395928 0.6
      vertex 46.97753248858406 158.54177867921643 0
    endloop
  endfacet
  facet normal -0.49999999999999617 0.8660254037844408 0
    outer loop
      vertex 46.97753248858406 158.54177867921643 0
      vertex 46.97753248858406 158.54177867921643 0.6
      vertex 48.606622218577186 159.482334073362 0
    endloop
  endfacet
  facet normal 0.17364817766692403 0.9848077530122091 0
    outer loop
      vertex 46.97753248858406 158.54177867921643 0
      vertex 45.125 158.8684301395928 0.6
      vertex 46.97753248858406 158.54177867921643 0.6
    endloop
  endfacet
  facet normal -0.49999999999999617 0.8660254037844408 0
    outer loop
      vertex 48.606622218577186 159.482334073362 0
      vertex 46.97753248858406 158.54177867921643 0.6
      vertex 48.606622218577186 159.482334073362 0.6
    endloop
  endfacet
  facet normal 1 0 0
    outer loop
      vertex 43.91584529283875 160.30944460585442 0
      vertex 43.91584529283875 162.19055539414558 0
      vertex 43.91584529283875 162.19055539414558 0.6
    endloop
  endfacet
  facet normal 0.7660444431189822 0.6427876096865344 1.0885492187000963e-17
    outer loop
      vertex 45.125 158.8684301395928 0
      vertex 43.91584529283875 160.30944460585442 0
      vertex 43.91584529283875 160.30944460585442 0.6
    endloop
  endfacet
  facet normal 0.7660444431189822 -0.6427876096865344 -1.0885492187000963e-17
    outer loop
      vertex 43.91584529283875 162.19055539414558 0
      vertex 45.125 163.6315698604072 0
      vertex 45.125 163.6315698604072 0.6
    endloop
  endfacet
  facet normal 0.17364817766692403 -0.9848077530122091 -2.7442412767178122e-17
    outer loop
      vertex 45.125 163.6315698604072 0
      vertex 46.97753248858406 163.95822132078357 0
      vertex 46.97753248858406 163.95822132078357 0.6
    endloop
  endfacet
  facet normal -0.49999999999999617 -0.8660254037844408 -2.648676453855878e-17
    outer loop
      vertex 46.97753248858406 163.95822132078357 0
      vertex 48.606622218577186 163.017665926638 0
      vertex 48.606622218577186 163.017665926638 0.6
    endloop
  endfacet
  facet normal -0.9396926207859081 0.34202014332566927 0
    outer loop
      vertex 48.606622218577186 159.482334073362 0
      vertex 48.606622218577186 159.482334073362 0.6
      vertex 49.25 161.25 0
    endloop
  endfacet
  facet normal -0.9396926207859081 -0.34202014332566927 7.884390248684659e-18
    outer loop
      vertex 48.606622218577186 163.017665926638 0
      vertex 49.25 161.25 0
      vertex 49.25 161.25 0.6
    endloop
  endfacet
  facet normal 1 0 0
    outer loop
      vertex 43.91584529283875 160.30944460585442 0
      vertex 43.91584529283875 162.19055539414558 0.6
      vertex 43.91584529283875 160.30944460585442 0.6
    endloop
  endfacet
  facet normal 0.7660444431189822 0.6427876096865344 0
    outer loop
      vertex 45.125 158.8684301395928 0
      vertex 43.91584529283875 160.30944460585442 0.6
      vertex 45.125 158.8684301395928 0.6
    endloop
  endfacet
  facet normal 0.7660444431189822 -0.6427876096865344 0
    outer loop
      vertex 43.91584529283875 162.19055539414558 0
      vertex 45.125 163.6315698604072 0.6
      vertex 43.91584529283875 162.19055539414558 0.6
    endloop
  endfacet
  facet normal 0.17364817766692403 -0.9848077530122091 0
    outer loop
      vertex 45.125 163.6315698604072 0
      vertex 46.97753248858406 163.95822132078357 0.6
      vertex 45.125 163.6315698604072 0.6
    endloop
  endfacet
  facet normal -0.49999999999999617 -0.8660254037844408 0
    outer loop
      vertex 46.97753248858406 163.95822132078357 0
      vertex 48.606622218577186 163.017665926638 0.6
      vertex 46.97753248858406 163.95822132078357 0.6
    endloop
  endfacet
  facet normal -0.9396926207859081 0.34202014332566927 0
    outer loop
      vertex 49.25 161.25 0
      vertex 48.606622218577186 159.482334073362 0.6
      vertex 49.25 161.25 0.6
    endloop
  endfacet
  facet normal -0.9396926207859081 -0.34202014332566927 0
    outer loop
      vertex 48.606622218577186 163.017665926638 0
      vertex 49.25 161.25 0.6
      vertex 48.606622218577186 163.017665926638 0.6
    endloop
  endfacet
  facet normal 0.7660444431189822 0.6427876096865344 0
    outer loop
      vertex 43.91584529283875 169.80944460585442 0
      vertex 43.91584529283875 169.80944460585442 0.6
      vertex 45.125 168.3684301395928 0
    endloop
  endfacet
  facet normal 1 0 0
    outer loop
      vertex 43.91584529283875 169.80944460585442 0
      vertex 43.91584529283875 171.69055539414558 0
      vertex 43.91584529283875 171.69055539414558 0.6
    endloop
  endfacet
  facet normal 0.7660444431189822 -0.6427876096865344 -1.0885492187000963e-17
    outer loop
      vertex 43.91584529283875 171.69055539414558 0
      vertex 45.125 173.1315698604072 0
      vertex 45.125 173.1315698604072 0.6
    endloop
  endfacet
  facet normal 0.17364817766692403 0.9848077530122091 0
    outer loop
      vertex 45.125 168.3684301395928 0
      vertex 45.125 168.3684301395928 0.6
      vertex 46.97753248858406 168.04177867921643 0
    endloop
  endfacet
  facet normal -0.49999999999999617 0.8660254037844408 0
    outer loop
      vertex 46.97753248858406 168.04177867921643 0
      vertex 46.97753248858406 168.04177867921643 0.6
      vertex 48.606622218577186 168.982334073362 0
    endloop
  endfacet
  facet normal 0.17364817766692403 -0.9848077530122091 -2.7442412767178122e-17
    outer loop
      vertex 45.125 173.1315698604072 0
      vertex 46.97753248858406 173.45822132078357 0
      vertex 46.97753248858406 173.45822132078357 0.6
    endloop
  endfacet
  facet normal -0.49999999999999617 -0.8660254037844408 -2.648676453855878e-17
    outer loop
      vertex 46.97753248858406 173.45822132078357 0
      vertex 48.606622218577186 172.517665926638 0
      vertex 48.606622218577186 172.517665926638 0.6
    endloop
  endfacet
  facet normal -0.9396926207859081 0.34202014332566927 0
    outer loop
      vertex 48.606622218577186 168.982334073362 0
      vertex 48.606622218577186 168.982334073362 0.6
      vertex 49.25 170.75 0
    endloop
  endfacet
  facet normal -0.9396926207859081 -0.34202014332566927 0
    outer loop
      vertex 49.25 170.75 0
      vertex 49.25 170.75 0.6
      vertex 48.606622218577186 172.517665926638 0
    endloop
  endfacet
  facet normal 1 0 0
    outer loop
      vertex 43.91584529283875 169.80944460585442 0
      vertex 43.91584529283875 171.69055539414558 0.6
      vertex 43.91584529283875 169.80944460585442 0.6
    endloop
  endfacet
  facet normal 0.7660444431189822 0.6427876096865344 0
    outer loop
      vertex 45.125 168.3684301395928 0
      vertex 43.91584529283875 169.80944460585442 0.6
      vertex 45.125 168.3684301395928 0.6
    endloop
  endfacet
  facet normal 0.7660444431189822 -0.6427876096865344 0
    outer loop
      vertex 43.91584529283875 171.69055539414558 0
      vertex 45.125 173.1315698604072 0.6
      vertex 43.91584529283875 171.69055539414558 0.6
    endloop
  endfacet
  facet normal 0.17364817766692403 0.9848077530122091 0
    outer loop
      vertex 46.97753248858406 168.04177867921643 0
      vertex 45.125 168.3684301395928 0.6
      vertex 46.97753248858406 168.04177867921643 0.6
    endloop
  endfacet
  facet normal -0.49999999999999617 0.8660254037844408 0
    outer loop
      vertex 48.606622218577186 168.982334073362 0
      vertex 46.97753248858406 168.04177867921643 0.6
      vertex 48.606622218577186 168.982334073362 0.6
    endloop
  endfacet
  facet normal 0.17364817766692403 -0.9848077530122091 0
    outer loop
      vertex 45.125 173.1315698604072 0
      vertex 46.97753248858406 173.45822132078357 0.6
      vertex 45.125 173.1315698604072 0.6
    endloop
  endfacet
  facet normal -0.49999999999999617 -0.8660254037844408 0
    outer loop
      vertex 46.97753248858406 173.45822132078357 0
      vertex 48.606622218577186 172.517665926638 0.6
      vertex 46.97753248858406 173.45822132078357 0.6
    endloop
  endfacet
  facet normal -0.9396926207859081 0.34202014332566927 0
    outer loop
      vertex 49.25 170.75 0
      vertex 48.606622218577186 168.982334073362 0.6
      vertex 49.25 170.75 0.6
    endloop
  endfacet
  facet normal -0.9396926207859081 -0.34202014332566927 0
    outer loop
      vertex 48.606622218577186 172.517665926638 0
      vertex 49.25 170.75 0.6
      vertex 48.606622218577186 172.517665926638 0.6
    endloop
  endfacet
  facet normal 1 0 0
    outer loop
      vertex 43.91584529283875 179.30944460585442 0
      vertex 43.91584529283875 181.19055539414558 0
      vertex 43.91584529283875 181.19055539414558 0.6
    endloop
  endfacet
  facet normal 0.7660444431189822 0.6427876096865344 1.0885492187000963e-17
    outer loop
      vertex 45.125 177.8684301395928 0
      vertex 43.91584529283875 179.30944460585442 0
      vertex 43.91584529283875 179.30944460585442 0.6
    endloop
  endfacet
  facet normal 0.7660444431189822 -0.6427876096865344 -1.0885492187000963e-17
    outer loop
      vertex 43.91584529283875 181.19055539414558 0
      vertex 45.125 182.6315698604072 0
      vertex 45.125 182.6315698604072 0.6
    endloop
  endfacet
  facet normal 0.17364817766692403 0.9848077530122091 0
    outer loop
      vertex 45.125 177.8684301395928 0
      vertex 45.125 177.8684301395928 0.6
      vertex 46.97753248858406 177.54177867921643 0
    endloop
  endfacet
  facet normal -0.49999999999999617 0.8660254037844408 0
    outer loop
      vertex 46.97753248858406 177.54177867921643 0
      vertex 46.97753248858406 177.54177867921643 0.6
      vertex 48.606622218577186 178.482334073362 0
    endloop
  endfacet
  facet normal -0.49999999999999617 -0.8660254037844408 0
    outer loop
      vertex 48.606622218577186 182.017665926638 0
      vertex 48.606622218577186 182.017665926638 0.6
      vertex 46.97753248858406 182.95822132078357 0
    endloop
  endfacet
  facet normal -0.9396926207859081 0.34202014332566927 0
    outer loop
      vertex 48.606622218577186 178.482334073362 0
      vertex 48.606622218577186 178.482334073362 0.6
      vertex 49.25 180.25 0
    endloop
  endfacet
  facet normal -0.9396926207859081 -0.34202014332566927 0
    outer loop
      vertex 49.25 180.25 0
      vertex 49.25 180.25 0.6
      vertex 48.606622218577186 182.017665926638 0
    endloop
  endfacet
  facet normal 0.17364817766692403 -0.9848077530122091 -2.7442412767178122e-17
    outer loop
      vertex 45.125 182.6315698604072 0
      vertex 46.97753248858406 182.95822132078357 0
      vertex 46.97753248858406 182.95822132078357 0.6
    endloop
  endfacet
  facet normal 0.7660444431189822 0.6427876096865344 0
    outer loop
      vertex 45.125 177.8684301395928 0
      vertex 43.91584529283875 179.30944460585442 0.6
      vertex 45.125 177.8684301395928 0.6
    endloop
  endfacet
  facet normal 1 0 0
    outer loop
      vertex 43.91584529283875 179.30944460585442 0
      vertex 43.91584529283875 181.19055539414558 0.6
      vertex 43.91584529283875 179.30944460585442 0.6
    endloop
  endfacet
  facet normal 0.7660444431189822 -0.6427876096865344 0
    outer loop
      vertex 43.91584529283875 181.19055539414558 0
      vertex 45.125 182.6315698604072 0.6
      vertex 43.91584529283875 181.19055539414558 0.6
    endloop
  endfacet
  facet normal 0.17364817766692403 0.9848077530122091 0
    outer loop
      vertex 46.97753248858406 177.54177867921643 0
      vertex 45.125 177.8684301395928 0.6
      vertex 46.97753248858406 177.54177867921643 0.6
    endloop
  endfacet
  facet normal -0.49999999999999617 0.8660254037844408 0
    outer loop
      vertex 48.606622218577186 178.482334073362 0
      vertex 46.97753248858406 177.54177867921643 0.6
      vertex 48.606622218577186 178.482334073362 0.6
    endloop
  endfacet
  facet normal -0.49999999999999617 -0.8660254037844408 0
    outer loop
      vertex 46.97753248858406 182.95822132078357 0
      vertex 48.606622218577186 182.017665926638 0.6
      vertex 46.97753248858406 182.95822132078357 0.6
    endloop
  endfacet
  facet normal -0.9396926207859081 0.34202014332566927 0
    outer loop
      vertex 49.25 180.25 0
      vertex 48.606622218577186 178.482334073362 0.6
      vertex 49.25 180.25 0.6
    endloop
  endfacet
  facet normal -0.9396926207859081 -0.34202014332566927 0
    outer loop
      vertex 48.606622218577186 182.017665926638 0
      vertex 49.25 180.25 0.6
      vertex 48.606622218577186 182.017665926638 0.6
    endloop
  endfacet
  facet normal 0.17364817766692403 -0.9848077530122091 0
    outer loop
      vertex 45.125 182.6315698604072 0
      vertex 46.97753248858406 182.95822132078357 0.6
      vertex 45.125 182.6315698604072 0.6
    endloop
  endfacet
  facet normal 1 0 0
    outer loop
      vertex 43.91584529283875 188.80944460585442 0
      vertex 43.91584529283875 190.69055539414558 0
      vertex 43.91584529283875 190.69055539414558 0.6
    endloop
  endfacet
  facet normal 0.7660444431189822 0.6427876096865344 0
    outer loop
      vertex 43.91584529283875 188.80944460585442 0
      vertex 43.91584529283875 188.80944460585442 0.6
      vertex 45.125 187.3684301395928 0
    endloop
  endfacet
  facet normal 0.17364817766692403 0.9848077530122091 0
    outer loop
      vertex 45.125 187.3684301395928 0
      vertex 45.125 187.3684301395928 0.6
      vertex 46.97753248858406 187.04177867921643 0
    endloop
  endfacet
  facet normal -0.49999999999999617 0.8660254037844408 0
    outer loop
      vertex 46.97753248858406 187.04177867921643 0
      vertex 46.97753248858406 187.04177867921643 0.6
      vertex 48.606622218577186 187.982334073362 0
    endloop
  endfacet
  facet normal -0.9396926207859081 0.34202014332566927 0
    outer loop
      vertex 48.606622218577186 187.982334073362 0
      vertex 48.606622218577186 187.982334073362 0.6
      vertex 49.25 189.75 0
    endloop
  endfacet
  facet normal -0.9396926207859081 -0.34202014332566927 0
    outer loop
      vertex 49.25 189.75 0
      vertex 49.25 189.75 0.6
      vertex 48.606622218577186 191.517665926638 0
    endloop
  endfacet
  facet normal 1 0 0
    outer loop
      vertex 43.91584529283875 188.80944460585442 0
      vertex 43.91584529283875 190.69055539414558 0.6
      vertex 43.91584529283875 188.80944460585442 0.6
    endloop
  endfacet
  facet normal 0.7660444431189822 0.6427876096865344 0
    outer loop
      vertex 45.125 187.3684301395928 0
      vertex 43.91584529283875 188.80944460585442 0.6
      vertex 45.125 187.3684301395928 0.6
    endloop
  endfacet
  facet normal 0.17364817766692403 0.9848077530122091 0
    outer loop
      vertex 46.97753248858406 187.04177867921643 0
      vertex 45.125 187.3684301395928 0.6
      vertex 46.97753248858406 187.04177867921643 0.6
    endloop
  endfacet
  facet normal -0.49999999999999617 0.8660254037844408 0
    outer loop
      vertex 48.606622218577186 187.982334073362 0
      vertex 46.97753248858406 187.04177867921643 0.6
      vertex 48.606622218577186 187.982334073362 0.6
    endloop
  endfacet
  facet normal -0.9396926207859081 0.34202014332566927 0
    outer loop
      vertex 49.25 189.75 0
      vertex 48.606622218577186 187.982334073362 0.6
      vertex 49.25 189.75 0.6
    endloop
  endfacet
  facet normal 0.7660444431189822 -0.6427876096865344 -1.0885492187000963e-17
    outer loop
      vertex 43.91584529283875 190.69055539414558 0
      vertex 45.125 192.1315698604072 0
      vertex 45.125 192.1315698604072 0.6
    endloop
  endfacet
  facet normal 0.17364817766692403 -0.9848077530122091 -2.7442412767178122e-17
    outer loop
      vertex 45.125 192.1315698604072 0
      vertex 46.97753248858406 192.45822132078357 0
      vertex 46.97753248858406 192.45822132078357 0.6
    endloop
  endfacet
  facet normal -0.49999999999999617 -0.8660254037844408 -2.648676453855878e-17
    outer loop
      vertex 46.97753248858406 192.45822132078357 0
      vertex 48.606622218577186 191.517665926638 0
      vertex 48.606622218577186 191.517665926638 0.6
    endloop
  endfacet
  facet normal 0.7660444431189822 -0.6427876096865344 0
    outer loop
      vertex 43.91584529283875 190.69055539414558 0
      vertex 45.125 192.1315698604072 0.6
      vertex 43.91584529283875 190.69055539414558 0.6
    endloop
  endfacet
  facet normal 0.17364817766692403 -0.9848077530122091 0
    outer loop
      vertex 45.125 192.1315698604072 0
      vertex 46.97753248858406 192.45822132078357 0.6
      vertex 45.125 192.1315698604072 0.6
    endloop
  endfacet
  facet normal -0.49999999999999617 -0.8660254037844408 0
    outer loop
      vertex 46.97753248858406 192.45822132078357 0
      vertex 48.606622218577186 191.517665926638 0.6
      vertex 46.97753248858406 192.45822132078357 0.6
    endloop
  endfacet
  facet normal -0.9396926207859081 -0.34202014332566927 0
    outer loop
      vertex 48.606622218577186 191.517665926638 0
      vertex 49.25 189.75 0.6
      vertex 48.606622218577186 191.517665926638 0.6
    endloop
  endfacet
  facet normal 0.7660444431189822 0.6427876096865344 1.0885492187000963e-17
    outer loop
      vertex 45.125 196.8684301395928 0
      vertex 43.91584529283875 198.30944460585442 0
      vertex 43.91584529283875 198.30944460585442 0.6
    endloop
  endfacet
  facet normal 1 0 0
    outer loop
      vertex 43.91584529283875 198.30944460585442 0
      vertex 43.91584529283875 200.19055539414558 0
      vertex 43.91584529283875 200.19055539414558 0.6
    endloop
  endfacet
  facet normal 0.7660444431189822 -0.6427876096865344 -1.0885492187000963e-17
    outer loop
      vertex 43.91584529283875 200.19055539414558 0
      vertex 45.125 201.6315698604072 0
      vertex 45.125 201.6315698604072 0.6
    endloop
  endfacet
  facet normal 0.17364817766692403 0.9848077530122091 0
    outer loop
      vertex 45.125 196.8684301395928 0
      vertex 45.125 196.8684301395928 0.6
      vertex 46.97753248858406 196.54177867921643 0
    endloop
  endfacet
  facet normal -0.49999999999999617 0.8660254037844408 0
    outer loop
      vertex 46.97753248858406 196.54177867921643 0
      vertex 46.97753248858406 196.54177867921643 0.6
      vertex 48.606622218577186 197.482334073362 0
    endloop
  endfacet
  facet normal -0.9396926207859081 0.34202014332566927 0
    outer loop
      vertex 48.606622218577186 197.482334073362 0
      vertex 48.606622218577186 197.482334073362 0.6
      vertex 49.25 199.25 0
    endloop
  endfacet
  facet normal 0.17364817766692403 -0.9848077530122091 -2.7442412767178122e-17
    outer loop
      vertex 45.125 201.6315698604072 0
      vertex 46.97753248858406 201.95822132078357 0
      vertex 46.97753248858406 201.95822132078357 0.6
    endloop
  endfacet
  facet normal -0.49999999999999617 -0.8660254037844408 -2.648676453855878e-17
    outer loop
      vertex 46.97753248858406 201.95822132078357 0
      vertex 48.606622218577186 201.017665926638 0
      vertex 48.606622218577186 201.017665926638 0.6
    endloop
  endfacet
  facet normal -0.9396926207859081 -0.34202014332566927 0
    outer loop
      vertex 49.25 199.25 0
      vertex 49.25 199.25 0.6
      vertex 48.606622218577186 201.017665926638 0
    endloop
  endfacet
  facet normal 0.7660444431189822 0.6427876096865344 0
    outer loop
      vertex 45.125 196.8684301395928 0
      vertex 43.91584529283875 198.30944460585442 0.6
      vertex 45.125 196.8684301395928 0.6
    endloop
  endfacet
  facet normal 1 0 0
    outer loop
      vertex 43.91584529283875 198.30944460585442 0
      vertex 43.91584529283875 200.19055539414558 0.6
      vertex 43.91584529283875 198.30944460585442 0.6
    endloop
  endfacet
  facet normal 0.7660444431189822 -0.6427876096865344 0
    outer loop
      vertex 43.91584529283875 200.19055539414558 0
      vertex 45.125 201.6315698604072 0.6
      vertex 43.91584529283875 200.19055539414558 0.6
    endloop
  endfacet
  facet normal 0.17364817766692403 0.9848077530122091 0
    outer loop
      vertex 46.97753248858406 196.54177867921643 0
      vertex 45.125 196.8684301395928 0.6
      vertex 46.97753248858406 196.54177867921643 0.6
    endloop
  endfacet
  facet normal -0.49999999999999617 0.8660254037844408 0
    outer loop
      vertex 48.606622218577186 197.482334073362 0
      vertex 46.97753248858406 196.54177867921643 0.6
      vertex 48.606622218577186 197.482334073362 0.6
    endloop
  endfacet
  facet normal 0.17364817766692403 -0.9848077530122091 0
    outer loop
      vertex 45.125 201.6315698604072 0
      vertex 46.97753248858406 201.95822132078357 0.6
      vertex 45.125 201.6315698604072 0.6
    endloop
  endfacet
  facet normal -0.49999999999999617 -0.8660254037844408 0
    outer loop
      vertex 46.97753248858406 201.95822132078357 0
      vertex 48.606622218577186 201.017665926638 0.6
      vertex 46.97753248858406 201.95822132078357 0.6
    endloop
  endfacet
  facet normal -0.9396926207859081 0.34202014332566927 0
    outer loop
      vertex 49.25 199.25 0
      vertex 48.606622218577186 197.482334073362 0.6
      vertex 49.25 199.25 0.6
    endloop
  endfacet
  facet normal -0.9396926207859081 -0.34202014332566927 0
    outer loop
      vertex 48.606622218577186 201.017665926638 0
      vertex 49.25 199.25 0.6
      vertex 48.606622218577186 201.017665926638 0.6
    endloop
  endfacet
  facet normal 1 0 0
    outer loop
      vertex 43.91584529283875 207.80944460585442 0
      vertex 43.91584529283875 209.69055539414558 0
      vertex 43.91584529283875 209.69055539414558 0.6
    endloop
  endfacet
  facet normal 0.7660444431189822 0.6427876096865344 0
    outer loop
      vertex 43.91584529283875 207.80944460585442 0
      vertex 43.91584529283875 207.80944460585442 0.6
      vertex 45.125 206.3684301395928 0
    endloop
  endfacet
  facet normal 0.7660444431189822 -0.6427876096865344 -1.0885492187000963e-17
    outer loop
      vertex 43.91584529283875 209.69055539414558 0
      vertex 45.125 211.1315698604072 0
      vertex 45.125 211.1315698604072 0.6
    endloop
  endfacet
  facet normal 0.17364817766692403 0.9848077530122091 2.7442412767178122e-17
    outer loop
      vertex 46.97753248858406 206.04177867921643 0
      vertex 45.125 206.3684301395928 0
      vertex 45.125 206.3684301395928 0.6
    endloop
  endfacet
  facet normal -0.49999999999999617 0.8660254037844408 0
    outer loop
      vertex 46.97753248858406 206.04177867921643 0
      vertex 46.97753248858406 206.04177867921643 0.6
      vertex 48.606622218577186 206.982334073362 0
    endloop
  endfacet
  facet normal 0.17364817766692403 -0.9848077530122091 -2.7442412767178122e-17
    outer loop
      vertex 45.125 211.1315698604072 0
      vertex 46.97753248858406 211.45822132078357 0
      vertex 46.97753248858406 211.45822132078357 0.6
    endloop
  endfacet
  facet normal -0.49999999999999617 -0.8660254037844408 -2.648676453855878e-17
    outer loop
      vertex 46.97753248858406 211.45822132078357 0
      vertex 48.606622218577186 210.517665926638 0
      vertex 48.606622218577186 210.517665926638 0.6
    endloop
  endfacet
  facet normal -0.9396926207859081 0.34202014332566927 0
    outer loop
      vertex 48.606622218577186 206.982334073362 0
      vertex 48.606622218577186 206.982334073362 0.6
      vertex 49.25 208.75 0
    endloop
  endfacet
  facet normal -0.9396926207859081 -0.34202014332566927 0
    outer loop
      vertex 49.25 208.75 0
      vertex 49.25 208.75 0.6
      vertex 48.606622218577186 210.517665926638 0
    endloop
  endfacet
  facet normal 1 0 0
    outer loop
      vertex 43.91584529283875 207.80944460585442 0
      vertex 43.91584529283875 209.69055539414558 0.6
      vertex 43.91584529283875 207.80944460585442 0.6
    endloop
  endfacet
  facet normal 0.7660444431189822 0.6427876096865344 0
    outer loop
      vertex 45.125 206.3684301395928 0
      vertex 43.91584529283875 207.80944460585442 0.6
      vertex 45.125 206.3684301395928 0.6
    endloop
  endfacet
  facet normal 0.7660444431189822 -0.6427876096865344 0
    outer loop
      vertex 43.91584529283875 209.69055539414558 0
      vertex 45.125 211.1315698604072 0.6
      vertex 43.91584529283875 209.69055539414558 0.6
    endloop
  endfacet
  facet normal 0.17364817766692403 0.9848077530122091 0
    outer loop
      vertex 46.97753248858406 206.04177867921643 0
      vertex 45.125 206.3684301395928 0.6
      vertex 46.97753248858406 206.04177867921643 0.6
    endloop
  endfacet
  facet normal -0.49999999999999617 0.8660254037844408 0
    outer loop
      vertex 48.606622218577186 206.982334073362 0
      vertex 46.97753248858406 206.04177867921643 0.6
      vertex 48.606622218577186 206.982334073362 0.6
    endloop
  endfacet
  facet normal 0.17364817766692403 -0.9848077530122091 0
    outer loop
      vertex 45.125 211.1315698604072 0
      vertex 46.97753248858406 211.45822132078357 0.6
      vertex 45.125 211.1315698604072 0.6
    endloop
  endfacet
  facet normal -0.49999999999999617 -0.8660254037844408 0
    outer loop
      vertex 46.97753248858406 211.45822132078357 0
      vertex 48.606622218577186 210.517665926638 0.6
      vertex 46.97753248858406 211.45822132078357 0.6
    endloop
  endfacet
  facet normal -0.9396926207859081 0.34202014332566927 0
    outer loop
      vertex 49.25 208.75 0
      vertex 48.606622218577186 206.982334073362 0.6
      vertex 49.25 208.75 0.6
    endloop
  endfacet
  facet normal -0.9396926207859081 -0.34202014332566927 0
    outer loop
      vertex 48.606622218577186 210.517665926638 0
      vertex 49.25 208.75 0.6
      vertex 48.606622218577186 210.517665926638 0.6
    endloop
  endfacet
  facet normal 0.7660444431189822 0.6427876096865344 0
    outer loop
      vertex 43.91584529283875 217.30944460585442 0
      vertex 43.91584529283875 217.30944460585442 0.6
      vertex 45.125 215.8684301395928 0
    endloop
  endfacet
  facet normal 1 0 0
    outer loop
      vertex 43.91584529283875 217.30944460585442 0
      vertex 43.91584529283875 219.19055539414558 0
      vertex 43.91584529283875 219.19055539414558 0.6
    endloop
  endfacet
  facet normal 0.7660444431189822 -0.6427876096865344 -1.0885492187000963e-17
    outer loop
      vertex 43.91584529283875 219.19055539414558 0
      vertex 45.125 220.6315698604072 0
      vertex 45.125 220.6315698604072 0.6
    endloop
  endfacet
  facet normal 0.17364817766692403 0.9848077530122091 0
    outer loop
      vertex 45.125 215.8684301395928 0
      vertex 45.125 215.8684301395928 0.6
      vertex 46.97753248858406 215.54177867921643 0
    endloop
  endfacet
  facet normal -0.49999999999999617 0.8660254037844408 0
    outer loop
      vertex 46.97753248858406 215.54177867921643 0
      vertex 46.97753248858406 215.54177867921643 0.6
      vertex 48.606622218577186 216.482334073362 0
    endloop
  endfacet
  facet normal 0.17364817766692403 -0.9848077530122091 -2.7442412767178122e-17
    outer loop
      vertex 45.125 220.6315698604072 0
      vertex 46.97753248858406 220.95822132078357 0
      vertex 46.97753248858406 220.95822132078357 0.6
    endloop
  endfacet
  facet normal -0.49999999999999617 -0.8660254037844408 -2.648676453855878e-17
    outer loop
      vertex 46.97753248858406 220.95822132078357 0
      vertex 48.606622218577186 220.017665926638 0
      vertex 48.606622218577186 220.017665926638 0.6
    endloop
  endfacet
  facet normal -0.9396926207859081 0.34202014332566927 0
    outer loop
      vertex 48.606622218577186 216.482334073362 0
      vertex 48.606622218577186 216.482334073362 0.6
      vertex 49.25 218.25 0
    endloop
  endfacet
  facet normal -0.9396926207859081 -0.34202014332566927 0
    outer loop
      vertex 49.25 218.25 0
      vertex 49.25 218.25 0.6
      vertex 48.606622218577186 220.017665926638 0
    endloop
  endfacet
  facet normal 0.7660444431189822 0.6427876096865344 0
    outer loop
      vertex 45.125 215.8684301395928 0
      vertex 43.91584529283875 217.30944460585442 0.6
      vertex 45.125 215.8684301395928 0.6
    endloop
  endfacet
  facet normal 1 0 0
    outer loop
      vertex 43.91584529283875 217.30944460585442 0
      vertex 43.91584529283875 219.19055539414558 0.6
      vertex 43.91584529283875 217.30944460585442 0.6
    endloop
  endfacet
  facet normal 0.7660444431189822 -0.6427876096865344 0
    outer loop
      vertex 43.91584529283875 219.19055539414558 0
      vertex 45.125 220.6315698604072 0.6
      vertex 43.91584529283875 219.19055539414558 0.6
    endloop
  endfacet
  facet normal 0.17364817766692403 0.9848077530122091 0
    outer loop
      vertex 46.97753248858406 215.54177867921643 0
      vertex 45.125 215.8684301395928 0.6
      vertex 46.97753248858406 215.54177867921643 0.6
    endloop
  endfacet
  facet normal -0.49999999999999617 0.8660254037844408 0
    outer loop
      vertex 48.606622218577186 216.482334073362 0
      vertex 46.97753248858406 215.54177867921643 0.6
      vertex 48.606622218577186 216.482334073362 0.6
    endloop
  endfacet
  facet normal 0.17364817766692403 -0.9848077530122091 0
    outer loop
      vertex 45.125 220.6315698604072 0
      vertex 46.97753248858406 220.95822132078357 0.6
      vertex 45.125 220.6315698604072 0.6
    endloop
  endfacet
  facet normal -0.49999999999999617 -0.8660254037844408 0
    outer loop
      vertex 46.97753248858406 220.95822132078357 0
      vertex 48.606622218577186 220.017665926638 0.6
      vertex 46.97753248858406 220.95822132078357 0.6
    endloop
  endfacet
  facet normal -0.9396926207859081 0.34202014332566927 0
    outer loop
      vertex 49.25 218.25 0
      vertex 48.606622218577186 216.482334073362 0.6
      vertex 49.25 218.25 0.6
    endloop
  endfacet
  facet normal -0.9396926207859081 -0.34202014332566927 0
    outer loop
      vertex 48.606622218577186 220.017665926638 0
      vertex 49.25 218.25 0.6
      vertex 48.606622218577186 220.017665926638 0.6
    endloop
  endfacet
  facet normal 1 0 0
    outer loop
      vertex 43.91584529283875 226.80944460585442 0
      vertex 43.91584529283875 228.69055539414558 0
      vertex 43.91584529283875 228.69055539414558 0.6
    endloop
  endfacet
  facet normal 0.7660444431189822 0.6427876096865344 1.0885492187000963e-17
    outer loop
      vertex 45.125 225.3684301395928 0
      vertex 43.91584529283875 226.80944460585442 0
      vertex 43.91584529283875 226.80944460585442 0.6
    endloop
  endfacet
  facet normal 0.7660444431189822 -0.6427876096865344 -1.0885492187000963e-17
    outer loop
      vertex 43.91584529283875 228.69055539414558 0
      vertex 45.125 230.1315698604072 0
      vertex 45.125 230.1315698604072 0.6
    endloop
  endfacet
  facet normal 0.17364817766692403 0.9848077530122091 0
    outer loop
      vertex 45.125 225.3684301395928 0
      vertex 45.125 225.3684301395928 0.6
      vertex 46.97753248858406 225.04177867921643 0
    endloop
  endfacet
  facet normal -0.49999999999999617 0.8660254037844408 0
    outer loop
      vertex 46.97753248858406 225.04177867921643 0
      vertex 46.97753248858406 225.04177867921643 0.6
      vertex 48.606622218577186 225.982334073362 0
    endloop
  endfacet
  facet normal -0.9396926207859081 0.34202014332566927 0
    outer loop
      vertex 48.606622218577186 225.982334073362 0
      vertex 48.606622218577186 225.982334073362 0.6
      vertex 49.25 227.75 0
    endloop
  endfacet
  facet normal -0.9396926207859081 -0.34202014332566927 7.884390248684659e-18
    outer loop
      vertex 48.606622218577186 229.517665926638 0
      vertex 49.25 227.75 0
      vertex 49.25 227.75 0.6
    endloop
  endfacet
  facet normal 0.17364817766692403 -0.9848077530122091 -2.7442412767178122e-17
    outer loop
      vertex 45.125 230.1315698604072 0
      vertex 46.97753248858406 230.45822132078357 0
      vertex 46.97753248858406 230.45822132078357 0.6
    endloop
  endfacet
  facet normal -0.49999999999999617 -0.8660254037844408 0
    outer loop
      vertex 48.606622218577186 229.517665926638 0
      vertex 48.606622218577186 229.517665926638 0.6
      vertex 46.97753248858406 230.45822132078357 0
    endloop
  endfacet
  facet normal 1 0 0
    outer loop
      vertex 43.91584529283875 226.80944460585442 0
      vertex 43.91584529283875 228.69055539414558 0.6
      vertex 43.91584529283875 226.80944460585442 0.6
    endloop
  endfacet
  facet normal 0.7660444431189822 0.6427876096865344 0
    outer loop
      vertex 45.125 225.3684301395928 0
      vertex 43.91584529283875 226.80944460585442 0.6
      vertex 45.125 225.3684301395928 0.6
    endloop
  endfacet
  facet normal 0.7660444431189822 -0.6427876096865344 0
    outer loop
      vertex 43.91584529283875 228.69055539414558 0
      vertex 45.125 230.1315698604072 0.6
      vertex 43.91584529283875 228.69055539414558 0.6
    endloop
  endfacet
  facet normal 0.17364817766692403 0.9848077530122091 0
    outer loop
      vertex 46.97753248858406 225.04177867921643 0
      vertex 45.125 225.3684301395928 0.6
      vertex 46.97753248858406 225.04177867921643 0.6
    endloop
  endfacet
  facet normal -0.49999999999999617 0.8660254037844408 0
    outer loop
      vertex 48.606622218577186 225.982334073362 0
      vertex 46.97753248858406 225.04177867921643 0.6
      vertex 48.606622218577186 225.982334073362 0.6
    endloop
  endfacet
  facet normal -0.9396926207859081 0.34202014332566927 0
    outer loop
      vertex 49.25 227.75 0
      vertex 48.606622218577186 225.982334073362 0.6
      vertex 49.25 227.75 0.6
    endloop
  endfacet
  facet normal -0.9396926207859081 -0.34202014332566927 0
    outer loop
      vertex 48.606622218577186 229.517665926638 0
      vertex 49.25 227.75 0.6
      vertex 48.606622218577186 229.517665926638 0.6
    endloop
  endfacet
  facet normal 0.17364817766692403 -0.9848077530122091 0
    outer loop
      vertex 45.125 230.1315698604072 0
      vertex 46.97753248858406 230.45822132078357 0.6
      vertex 45.125 230.1315698604072 0.6
    endloop
  endfacet
  facet normal -0.49999999999999617 -0.8660254037844408 0
    outer loop
      vertex 46.97753248858406 230.45822132078357 0
      vertex 48.606622218577186 229.517665926638 0.6
      vertex 46.97753248858406 230.45822132078357 0.6
    endloop
  endfacet
  facet normal 0.7660444431189822 0.6427876096865344 0
    outer loop
      vertex 43.91584529283875 236.30944460585442 0
      vertex 43.91584529283875 236.30944460585442 0.6
      vertex 45.125 234.8684301395928 0
    endloop
  endfacet
  facet normal 0.17364817766692403 0.9848077530122091 0
    outer loop
      vertex 45.125 234.8684301395928 0
      vertex 45.125 234.8684301395928 0.6
      vertex 46.97753248858406 234.54177867921643 0
    endloop
  endfacet
  facet normal -0.49999999999999617 0.8660254037844408 0
    outer loop
      vertex 46.97753248858406 234.54177867921643 0
      vertex 46.97753248858406 234.54177867921643 0.6
      vertex 48.606622218577186 235.482334073362 0
    endloop
  endfacet
  facet normal -0.9396926207859081 0.34202014332566927 0
    outer loop
      vertex 48.606622218577186 235.482334073362 0
      vertex 48.606622218577186 235.482334073362 0.6
      vertex 49.25 237.25 0
    endloop
  endfacet
  facet normal 1 0 0
    outer loop
      vertex 43.91584529283875 236.30944460585442 0
      vertex 43.91584529283875 238.19055539414558 0.6
      vertex 43.91584529283875 236.30944460585442 0.6
    endloop
  endfacet
  facet normal 0.7660444431189822 0.6427876096865344 0
    outer loop
      vertex 45.125 234.8684301395928 0
      vertex 43.91584529283875 236.30944460585442 0.6
      vertex 45.125 234.8684301395928 0.6
    endloop
  endfacet
  facet normal 0.17364817766692403 0.9848077530122091 0
    outer loop
      vertex 46.97753248858406 234.54177867921643 0
      vertex 45.125 234.8684301395928 0.6
      vertex 46.97753248858406 234.54177867921643 0.6
    endloop
  endfacet
  facet normal -0.49999999999999617 0.8660254037844408 0
    outer loop
      vertex 48.606622218577186 235.482334073362 0
      vertex 46.97753248858406 234.54177867921643 0.6
      vertex 48.606622218577186 235.482334073362 0.6
    endloop
  endfacet
  facet normal -0.9396926207859081 0.34202014332566927 0
    outer loop
      vertex 49.25 237.25 0
      vertex 48.606622218577186 235.482334073362 0.6
      vertex 49.25 237.25 0.6
    endloop
  endfacet
  facet normal 1 0 0
    outer loop
      vertex 43.91584529283875 236.30944460585442 0
      vertex 43.91584529283875 238.19055539414558 0
      vertex 43.91584529283875 238.19055539414558 0.6
    endloop
  endfacet
  facet normal 0.7660444431189822 -0.6427876096865344 -1.0885492187000963e-17
    outer loop
      vertex 43.91584529283875 238.19055539414558 0
      vertex 45.125 239.6315698604072 0
      vertex 45.125 239.6315698604072 0.6
    endloop
  endfacet
  facet normal 0.17364817766692403 -0.9848077530122091 -2.7442412767178122e-17
    outer loop
      vertex 45.125 239.6315698604072 0
      vertex 46.97753248858406 239.95822132078357 0
      vertex 46.97753248858406 239.95822132078357 0.6
    endloop
  endfacet
  facet normal -0.49999999999999617 -0.8660254037844408 -2.648676453855878e-17
    outer loop
      vertex 46.97753248858406 239.95822132078357 0
      vertex 48.606622218577186 239.017665926638 0
      vertex 48.606622218577186 239.017665926638 0.6
    endloop
  endfacet
  facet normal -0.9396926207859081 -0.34202014332566927 0
    outer loop
      vertex 49.25 237.25 0
      vertex 49.25 237.25 0.6
      vertex 48.606622218577186 239.017665926638 0
    endloop
  endfacet
  facet normal 0.7660444431189822 -0.6427876096865344 0
    outer loop
      vertex 43.91584529283875 238.19055539414558 0
      vertex 45.125 239.6315698604072 0.6
      vertex 43.91584529283875 238.19055539414558 0.6
    endloop
  endfacet
  facet normal 0.17364817766692403 -0.9848077530122091 0
    outer loop
      vertex 45.125 239.6315698604072 0
      vertex 46.97753248858406 239.95822132078357 0.6
      vertex 45.125 239.6315698604072 0.6
    endloop
  endfacet
  facet normal -0.49999999999999617 -0.8660254037844408 0
    outer loop
      vertex 46.97753248858406 239.95822132078357 0
      vertex 48.606622218577186 239.017665926638 0.6
      vertex 46.97753248858406 239.95822132078357 0.6
    endloop
  endfacet
  facet normal -0.9396926207859081 -0.34202014332566927 0
    outer loop
      vertex 48.606622218577186 239.017665926638 0
      vertex 49.25 237.25 0.6
      vertex 48.606622218577186 239.017665926638 0.6
    endloop
  endfacet
  facet normal 1 0 0
    outer loop
      vertex 43.91584529283875 245.80944460585442 0
      vertex 43.91584529283875 247.69055539414558 0
      vertex 43.91584529283875 247.69055539414558 0.6
    endloop
  endfacet
  facet normal 0.7660444431189822 0.6427876096865344 1.0885492187000963e-17
    outer loop
      vertex 45.125 244.3684301395928 0
      vertex 43.91584529283875 245.80944460585442 0
      vertex 43.91584529283875 245.80944460585442 0.6
    endloop
  endfacet
  facet normal 0.7660444431189822 -0.6427876096865344 -1.0885492187000963e-17
    outer loop
      vertex 43.91584529283875 247.69055539414558 0
      vertex 45.125 249.1315698604072 0
      vertex 45.125 249.1315698604072 0.6
    endloop
  endfacet
  facet normal 0.17364817766692403 0.9848077530122091 0
    outer loop
      vertex 45.125 244.3684301395928 0
      vertex 45.125 244.3684301395928 0.6
      vertex 46.97753248858406 244.04177867921643 0
    endloop
  endfacet
  facet normal -0.49999999999999617 0.8660254037844408 0
    outer loop
      vertex 46.97753248858406 244.04177867921643 0
      vertex 46.97753248858406 244.04177867921643 0.6
      vertex 48.606622218577186 244.982334073362 0
    endloop
  endfacet
  facet normal -0.49999999999999617 -0.8660254037844408 -2.648676453855878e-17
    outer loop
      vertex 46.97753248858406 249.45822132078357 0
      vertex 48.606622218577186 248.517665926638 0
      vertex 48.606622218577186 248.517665926638 0.6
    endloop
  endfacet
  facet normal 0.17364817766692403 -0.9848077530122091 -2.7442412767178122e-17
    outer loop
      vertex 45.125 249.1315698604072 0
      vertex 46.97753248858406 249.45822132078357 0
      vertex 46.97753248858406 249.45822132078357 0.6
    endloop
  endfacet
  facet normal -0.9396926207859081 0.34202014332566927 0
    outer loop
      vertex 48.606622218577186 244.982334073362 0
      vertex 48.606622218577186 244.982334073362 0.6
      vertex 49.25 246.75 0
    endloop
  endfacet
  facet normal -0.9396926207859081 -0.34202014332566927 0
    outer loop
      vertex 49.25 246.75 0
      vertex 49.25 246.75 0.6
      vertex 48.606622218577186 248.517665926638 0
    endloop
  endfacet
  facet normal 0.7660444431189822 0.6427876096865344 0
    outer loop
      vertex 45.125 244.3684301395928 0
      vertex 43.91584529283875 245.80944460585442 0.6
      vertex 45.125 244.3684301395928 0.6
    endloop
  endfacet
  facet normal 1 0 0
    outer loop
      vertex 43.91584529283875 245.80944460585442 0
      vertex 43.91584529283875 247.69055539414558 0.6
      vertex 43.91584529283875 245.80944460585442 0.6
    endloop
  endfacet
  facet normal 0.7660444431189822 -0.6427876096865344 0
    outer loop
      vertex 43.91584529283875 247.69055539414558 0
      vertex 45.125 249.1315698604072 0.6
      vertex 43.91584529283875 247.69055539414558 0.6
    endloop
  endfacet
  facet normal 0.17364817766692403 0.9848077530122091 0
    outer loop
      vertex 46.97753248858406 244.04177867921643 0
      vertex 45.125 244.3684301395928 0.6
      vertex 46.97753248858406 244.04177867921643 0.6
    endloop
  endfacet
  facet normal -0.49999999999999617 0.8660254037844408 0
    outer loop
      vertex 48.606622218577186 244.982334073362 0
      vertex 46.97753248858406 244.04177867921643 0.6
      vertex 48.606622218577186 244.982334073362 0.6
    endloop
  endfacet
  facet normal 0.17364817766692403 -0.9848077530122091 0
    outer loop
      vertex 45.125 249.1315698604072 0
      vertex 46.97753248858406 249.45822132078357 0.6
      vertex 45.125 249.1315698604072 0.6
    endloop
  endfacet
  facet normal -0.49999999999999617 -0.8660254037844408 0
    outer loop
      vertex 46.97753248858406 249.45822132078357 0
      vertex 48.606622218577186 248.517665926638 0.6
      vertex 46.97753248858406 249.45822132078357 0.6
    endloop
  endfacet
  facet normal -0.9396926207859081 0.34202014332566927 0
    outer loop
      vertex 49.25 246.75 0
      vertex 48.606622218577186 244.982334073362 0.6
      vertex 49.25 246.75 0.6
    endloop
  endfacet
  facet normal -0.9396926207859081 -0.34202014332566927 0
    outer loop
      vertex 48.606622218577186 248.517665926638 0
      vertex 49.25 246.75 0.6
      vertex 48.606622218577186 248.517665926638 0.6
    endloop
  endfacet
  facet normal 0 1 0
    outer loop
      vertex 57.989999999999995 18 0.44999999999999996
      vertex 57.989999999999995 18 0.6
      vertex 58 18 0.59
    endloop
  endfacet
  facet normal 0 1 0
    outer loop
      vertex 57.989999999999995 18 0.6
      vertex 58 18 0.6
      vertex 58 18 0.59
    endloop
  endfacet
  facet normal 1 0 0
    outer loop
      vertex 57.989999999999995 18 0.44999999999999996
      vertex 57.989999999999995 28 0.6
      vertex 57.989999999999995 18 0.6
    endloop
  endfacet
  facet normal 1 0 0
    outer loop
      vertex 57.989999999999995 18 0.44999999999999996
      vertex 57.989999999999995 28 0.44999999999999996
      vertex 57.989999999999995 28 0.6
    endloop
  endfacet
  facet normal 0 -1 0
    outer loop
      vertex 57.989999999999995 28 0.44999999999999996
      vertex 58 28 0.59
      vertex 57.989999999999995 28 0.6
    endloop
  endfacet
  facet normal 0 -1 0
    outer loop
      vertex 57.989999999999995 28 0.6
      vertex 58 28 0.59
      vertex 58 28 0.6
    endloop
  endfacet
  facet normal 0 1 0
    outer loop
      vertex 57.989999999999995 18 0.44999999999999996
      vertex 58 18 0.59
      vertex 84 18 0.59
    endloop
  endfacet
  facet normal 0 0 1
    outer loop
      vertex 57.989999999999995 18 0.44999999999999996
      vertex 84 28 0.44999999999999996
      vertex 57.989999999999995 28 0.44999999999999996
    endloop
  endfacet
  facet normal 0 -1 0
    outer loop
      vertex 57.989999999999995 28 0.44999999999999996
      vertex 84 28 0.44999999999999996
      vertex 58 28 0.59
    endloop
  endfacet
  facet normal 0 1 0
    outer loop
      vertex 57.989999999999995 18 0.44999999999999996
      vertex 84 18 0.59
      vertex 84 18 0.44999999999999996
    endloop
  endfacet
  facet normal 0 0 1
    outer loop
      vertex 57.989999999999995 18 0.44999999999999996
      vertex 84 18 0.44999999999999996
      vertex 84 28 0.44999999999999996
    endloop
  endfacet
  facet normal 0 -1 0
    outer loop
      vertex 84 28 0.44999999999999996
      vertex 84 28 0.59
      vertex 58 28 0.59
    endloop
  endfacet
  facet normal -1 0 0
    outer loop
      vertex 84 18 0.44999999999999996
      vertex 84 18 0.59
      vertex 84 26.45 0.59
    endloop
  endfacet
  facet normal -1 0 0
    outer loop
      vertex 84 18 0.44999999999999996
      vertex 84 26.45 0.59
      vertex 84 28 0.44999999999999996
    endloop
  endfacet
  facet normal -1 0 0
    outer loop
      vertex 84 28 0.44999999999999996
      vertex 84 26.45 0.59
      vertex 84 28 0.59
    endloop
  endfacet
  facet normal 0 1 0
    outer loop
      vertex 57.989999999999995 33 0.44999999999999996
      vertex 57.989999999999995 33 0.6
      vertex 58 33 0.59
    endloop
  endfacet
  facet normal 0 1 0
    outer loop
      vertex 57.989999999999995 33 0.6
      vertex 58 33 0.6
      vertex 58 33 0.59
    endloop
  endfacet
  facet normal 1 0 0
    outer loop
      vertex 57.989999999999995 33 0.44999999999999996
      vertex 57.989999999999995 43 0.6
      vertex 57.989999999999995 33 0.6
    endloop
  endfacet
  facet normal 1 0 0
    outer loop
      vertex 57.989999999999995 33 0.44999999999999996
      vertex 57.989999999999995 43 0.44999999999999996
      vertex 57.989999999999995 43 0.6
    endloop
  endfacet
  facet normal 0 -1 0
    outer loop
      vertex 57.989999999999995 43 0.44999999999999996
      vertex 58 43 0.59
      vertex 57.989999999999995 43 0.6
    endloop
  endfacet
  facet normal 0 -1 0
    outer loop
      vertex 57.989999999999995 43 0.6
      vertex 58 43 0.59
      vertex 58 43 0.6
    endloop
  endfacet
  facet normal 0 1 0
    outer loop
      vertex 57.989999999999995 33 0.44999999999999996
      vertex 58 33 0.59
      vertex 84 33 0.59
    endloop
  endfacet
  facet normal 0 1 0
    outer loop
      vertex 57.989999999999995 33 0.44999999999999996
      vertex 84 33 0.59
      vertex 84 33 0.44999999999999996
    endloop
  endfacet
  facet normal 0 0 1
    outer loop
      vertex 57.989999999999995 33 0.44999999999999996
      vertex 84 43 0.44999999999999996
      vertex 57.989999999999995 43 0.44999999999999996
    endloop
  endfacet
  facet normal 0 -1 0
    outer loop
      vertex 57.989999999999995 43 0.44999999999999996
      vertex 84 43 0.44999999999999996
      vertex 58 43 0.59
    endloop
  endfacet
  facet normal 0 0 1
    outer loop
      vertex 57.989999999999995 33 0.44999999999999996
      vertex 84 33 0.44999999999999996
      vertex 84 43 0.44999999999999996
    endloop
  endfacet
  facet normal 0 -1 0
    outer loop
      vertex 84 43 0.44999999999999996
      vertex 84 43 0.59
      vertex 58 43 0.59
    endloop
  endfacet
  facet normal -1 0 0
    outer loop
      vertex 84 33 0.44999999999999996
      vertex 84 33 0.59
      vertex 84 41.45 0.59
    endloop
  endfacet
  facet normal -1 0 0
    outer loop
      vertex 84 33 0.44999999999999996
      vertex 84 41.45 0.59
      vertex 84 43 0.44999999999999996
    endloop
  endfacet
  facet normal -1 0 0
    outer loop
      vertex 84 43 0.44999999999999996
      vertex 84 41.45 0.59
      vertex 84 43 0.59
    endloop
  endfacet
  facet normal 0 1 0
    outer loop
      vertex 57.989999999999995 48 0.44999999999999996
      vertex 57.989999999999995 48 0.6
      vertex 58 48 0.59
    endloop
  endfacet
  facet normal 0 1 0
    outer loop
      vertex 57.989999999999995 48 0.6
      vertex 58 48 0.6
      vertex 58 48 0.59
    endloop
  endfacet
  facet normal 1 0 0
    outer loop
      vertex 57.989999999999995 48 0.44999999999999996
      vertex 57.989999999999995 58 0.6
      vertex 57.989999999999995 48 0.6
    endloop
  endfacet
  facet normal 1 0 0
    outer loop
      vertex 57.989999999999995 48 0.44999999999999996
      vertex 57.989999999999995 58 0.44999999999999996
      vertex 57.989999999999995 58 0.6
    endloop
  endfacet
  facet normal 0 -1 0
    outer loop
      vertex 57.989999999999995 58 0.44999999999999996
      vertex 58 58 0.59
      vertex 57.989999999999995 58 0.6
    endloop
  endfacet
  facet normal 0 -1 0
    outer loop
      vertex 57.989999999999995 58 0.6
      vertex 58 58 0.59
      vertex 58 58 0.6
    endloop
  endfacet
  facet normal 0 1 0
    outer loop
      vertex 57.989999999999995 48 0.44999999999999996
      vertex 58 48 0.59
      vertex 84 48 0.59
    endloop
  endfacet
  facet normal 0 0 1
    outer loop
      vertex 57.989999999999995 48 0.44999999999999996
      vertex 84 58 0.44999999999999996
      vertex 57.989999999999995 58 0.44999999999999996
    endloop
  endfacet
  facet normal 0 -1 0
    outer loop
      vertex 57.989999999999995 58 0.44999999999999996
      vertex 84 58 0.44999999999999996
      vertex 58 58 0.59
    endloop
  endfacet
  facet normal 0 1 0
    outer loop
      vertex 57.989999999999995 48 0.44999999999999996
      vertex 84 48 0.59
      vertex 84 48 0.44999999999999996
    endloop
  endfacet
  facet normal 0 0 1
    outer loop
      vertex 57.989999999999995 48 0.44999999999999996
      vertex 84 48 0.44999999999999996
      vertex 84 58 0.44999999999999996
    endloop
  endfacet
  facet normal 0 -1 0
    outer loop
      vertex 84 58 0.44999999999999996
      vertex 84 58 0.59
      vertex 58 58 0.59
    endloop
  endfacet
  facet normal -1 0 0
    outer loop
      vertex 84 48 0.44999999999999996
      vertex 84 48 0.59
      vertex 84 56.45 0.59
    endloop
  endfacet
  facet normal -1 0 0
    outer loop
      vertex 84 48 0.44999999999999996
      vertex 84 56.45 0.59
      vertex 84 58 0.44999999999999996
    endloop
  endfacet
  facet normal -1 0 0
    outer loop
      vertex 84 58 0.44999999999999996
      vertex 84 56.45 0.59
      vertex 84 58 0.59
    endloop
  endfacet
  facet normal 0 1 0
    outer loop
      vertex 57.989999999999995 63 0.44999999999999996
      vertex 57.989999999999995 63 0.6
      vertex 58 63 0.59
    endloop
  endfacet
  facet normal 0 1 0
    outer loop
      vertex 57.989999999999995 63 0.6
      vertex 58 63 0.6
      vertex 58 63 0.59
    endloop
  endfacet
  facet normal 0 1 0
    outer loop
      vertex 57.989999999999995 63 0.44999999999999996
      vertex 58 63 0.59
      vertex 84 63 0.59
    endloop
  endfacet
  facet normal 0 1 0
    outer loop
      vertex 57.989999999999995 63 0.44999999999999996
      vertex 84 63 0.59
      vertex 84 63 0.44999999999999996
    endloop
  endfacet
  facet normal 1 0 0
    outer loop
      vertex 57.989999999999995 63 0.44999999999999996
      vertex 57.989999999999995 73 0.6
      vertex 57.989999999999995 63 0.6
    endloop
  endfacet
  facet normal 1 0 0
    outer loop
      vertex 57.989999999999995 63 0.44999999999999996
      vertex 57.989999999999995 73 0.44999999999999996
      vertex 57.989999999999995 73 0.6
    endloop
  endfacet
  facet normal 0 -1 0
    outer loop
      vertex 57.989999999999995 73 0.44999999999999996
      vertex 58 73 0.59
      vertex 57.989999999999995 73 0.6
    endloop
  endfacet
  facet normal 0 -1 0
    outer loop
      vertex 57.989999999999995 73 0.6
      vertex 58 73 0.59
      vertex 58 73 0.6
    endloop
  endfacet
  facet normal 0 0 1
    outer loop
      vertex 57.989999999999995 63 0.44999999999999996
      vertex 84 73 0.44999999999999996
      vertex 57.989999999999995 73 0.44999999999999996
    endloop
  endfacet
  facet normal 0 -1 0
    outer loop
      vertex 57.989999999999995 73 0.44999999999999996
      vertex 84 73 0.44999999999999996
      vertex 58 73 0.59
    endloop
  endfacet
  facet normal 0 0 1
    outer loop
      vertex 57.989999999999995 63 0.44999999999999996
      vertex 84 63 0.44999999999999996
      vertex 84 73 0.44999999999999996
    endloop
  endfacet
  facet normal 0 -1 0
    outer loop
      vertex 84 73 0.44999999999999996
      vertex 84 73 0.59
      vertex 58 73 0.59
    endloop
  endfacet
  facet normal -1 0 0
    outer loop
      vertex 84 63 0.44999999999999996
      vertex 84 71.45 0.59
      vertex 84 73 0.44999999999999996
    endloop
  endfacet
  facet normal -1 0 0
    outer loop
      vertex 84 63 0.44999999999999996
      vertex 84 63 0.59
      vertex 84 71.45 0.59
    endloop
  endfacet
  facet normal -1 0 0
    outer loop
      vertex 84 73 0.44999999999999996
      vertex 84 71.45 0.59
      vertex 84 73 0.59
    endloop
  endfacet
  facet normal 0 1 0
    outer loop
      vertex 57.989999999999995 78 0.44999999999999996
      vertex 57.989999999999995 78 0.6
      vertex 58 78 0.59
    endloop
  endfacet
  facet normal 0 1 0
    outer loop
      vertex 57.989999999999995 78 0.6
      vertex 58 78 0.6
      vertex 58 78 0.59
    endloop
  endfacet
  facet normal 1 0 0
    outer loop
      vertex 57.989999999999995 78 0.44999999999999996
      vertex 57.989999999999995 88 0.6
      vertex 57.989999999999995 78 0.6
    endloop
  endfacet
  facet normal 1 0 0
    outer loop
      vertex 57.989999999999995 78 0.44999999999999996
      vertex 57.989999999999995 88 0.44999999999999996
      vertex 57.989999999999995 88 0.6
    endloop
  endfacet
  facet normal 0 -1 0
    outer loop
      vertex 57.989999999999995 88 0.44999999999999996
      vertex 58 88 0.59
      vertex 57.989999999999995 88 0.6
    endloop
  endfacet
  facet normal 0 -1 0
    outer loop
      vertex 57.989999999999995 88 0.6
      vertex 58 88 0.59
      vertex 58 88 0.6
    endloop
  endfacet
  facet normal 0 1 0
    outer loop
      vertex 57.989999999999995 78 0.44999999999999996
      vertex 58 78 0.59
      vertex 84 78 0.59
    endloop
  endfacet
  facet normal 0 0 1
    outer loop
      vertex 57.989999999999995 78 0.44999999999999996
      vertex 84 88 0.44999999999999996
      vertex 57.989999999999995 88 0.44999999999999996
    endloop
  endfacet
  facet normal 0 -1 0
    outer loop
      vertex 57.989999999999995 88 0.44999999999999996
      vertex 84 88 0.44999999999999996
      vertex 58 88 0.59
    endloop
  endfacet
  facet normal 0 1 0
    outer loop
      vertex 57.989999999999995 78 0.44999999999999996
      vertex 84 78 0.59
      vertex 84 78 0.44999999999999996
    endloop
  endfacet
  facet normal -1 0 0
    outer loop
      vertex 84 78 0.44999999999999996
      vertex 84 78 0.59
      vertex 84 86.45 0.59
    endloop
  endfacet
  facet normal 0 0 1
    outer loop
      vertex 57.989999999999995 78 0.44999999999999996
      vertex 84 78 0.44999999999999996
      vertex 84 88 0.44999999999999996
    endloop
  endfacet
  facet normal 0 -1 0
    outer loop
      vertex 84 88 0.44999999999999996
      vertex 84 88 0.59
      vertex 58 88 0.59
    endloop
  endfacet
  facet normal -1 0 0
    outer loop
      vertex 84 78 0.44999999999999996
      vertex 84 86.45 0.59
      vertex 84 88 0.44999999999999996
    endloop
  endfacet
  facet normal -1 0 0
    outer loop
      vertex 84 88 0.44999999999999996
      vertex 84 86.45 0.59
      vertex 84 88 0.59
    endloop
  endfacet
  facet normal 0 1 0
    outer loop
      vertex 57.989999999999995 93 0.44999999999999996
      vertex 57.989999999999995 93 0.6
      vertex 58 93 0.59
    endloop
  endfacet
  facet normal 1 0 0
    outer loop
      vertex 57.989999999999995 93 0.44999999999999996
      vertex 57.989999999999995 103 0.6
      vertex 57.989999999999995 93 0.6
    endloop
  endfacet
  facet normal 0 1 0
    outer loop
      vertex 57.989999999999995 93 0.6
      vertex 58 93 0.6
      vertex 58 93 0.59
    endloop
  endfacet
  facet normal 1 0 0
    outer loop
      vertex 57.989999999999995 93 0.44999999999999996
      vertex 57.989999999999995 103 0.44999999999999996
      vertex 57.989999999999995 103 0.6
    endloop
  endfacet
  facet normal 0 -1 0
    outer loop
      vertex 57.989999999999995 103 0.44999999999999996
      vertex 58 103 0.59
      vertex 57.989999999999995 103 0.6
    endloop
  endfacet
  facet normal 0 -1 0
    outer loop
      vertex 57.989999999999995 103 0.6
      vertex 58 103 0.59
      vertex 58 103 0.6
    endloop
  endfacet
  facet normal 0 1 0
    outer loop
      vertex 57.989999999999995 93 0.44999999999999996
      vertex 58 93 0.59
      vertex 84 93 0.59
    endloop
  endfacet
  facet normal 0 1 0
    outer loop
      vertex 57.989999999999995 93 0.44999999999999996
      vertex 84 93 0.59
      vertex 84 93 0.44999999999999996
    endloop
  endfacet
  facet normal 0 0 1
    outer loop
      vertex 57.989999999999995 93 0.44999999999999996
      vertex 84 93 0.44999999999999996
      vertex 84 103 0.44999999999999996
    endloop
  endfacet
  facet normal -1 0 0
    outer loop
      vertex 84 93 0.44999999999999996
      vertex 84 93 0.59
      vertex 84 101.45 0.59
    endloop
  endfacet
  facet normal 0 0 1
    outer loop
      vertex 57.989999999999995 93 0.44999999999999996
      vertex 84 103 0.44999999999999996
      vertex 57.989999999999995 103 0.44999999999999996
    endloop
  endfacet
  facet normal 0 -1 0
    outer loop
      vertex 57.989999999999995 103 0.44999999999999996
      vertex 84 103 0.44999999999999996
      vertex 58 103 0.59
    endloop
  endfacet
  facet normal 0 -1 0
    outer loop
      vertex 84 103 0.44999999999999996
      vertex 84 103 0.59
      vertex 58 103 0.59
    endloop
  endfacet
  facet normal -1 0 0
    outer loop
      vertex 84 93 0.44999999999999996
      vertex 84 101.45 0.59
      vertex 84 103 0.44999999999999996
    endloop
  endfacet
  facet normal -1 0 0
    outer loop
      vertex 84 103 0.44999999999999996
      vertex 84 101.45 0.59
      vertex 84 103 0.59
    endloop
  endfacet
  facet normal 0 1 0
    outer loop
      vertex 57.989999999999995 108 0.44999999999999996
      vertex 57.989999999999995 108 0.6
      vertex 58 108 0.59
    endloop
  endfacet
  facet normal 1 0 0
    outer loop
      vertex 57.989999999999995 108 0.44999999999999996
      vertex 57.989999999999995 118 0.6
      vertex 57.989999999999995 108 0.6
    endloop
  endfacet
  facet normal 0 1 0
    outer loop
      vertex 57.989999999999995 108 0.6
      vertex 58 108 0.6
      vertex 58 108 0.59
    endloop
  endfacet
  facet normal 1 0 0
    outer loop
      vertex 57.989999999999995 108 0.44999999999999996
      vertex 57.989999999999995 118 0.44999999999999996
      vertex 57.989999999999995 118 0.6
    endloop
  endfacet
  facet normal 0 -1 0
    outer loop
      vertex 57.989999999999995 118 0.44999999999999996
      vertex 58 118 0.59
      vertex 57.989999999999995 118 0.6
    endloop
  endfacet
  facet normal 0 -1 0
    outer loop
      vertex 57.989999999999995 118 0.6
      vertex 58 118 0.59
      vertex 58 118 0.6
    endloop
  endfacet
  facet normal 0 1 0
    outer loop
      vertex 57.989999999999995 108 0.44999999999999996
      vertex 58 108 0.59
      vertex 84 108 0.59
    endloop
  endfacet
  facet normal 0 0 1
    outer loop
      vertex 57.989999999999995 108 0.44999999999999996
      vertex 84 118 0.44999999999999996
      vertex 57.989999999999995 118 0.44999999999999996
    endloop
  endfacet
  facet normal 0 -1 0
    outer loop
      vertex 57.989999999999995 118 0.44999999999999996
      vertex 84 118 0.44999999999999996
      vertex 58 118 0.59
    endloop
  endfacet
  facet normal 0 1 0
    outer loop
      vertex 57.989999999999995 108 0.44999999999999996
      vertex 84 108 0.59
      vertex 84 108 0.44999999999999996
    endloop
  endfacet
  facet normal 0 0 1
    outer loop
      vertex 57.989999999999995 108 0.44999999999999996
      vertex 84 108 0.44999999999999996
      vertex 84 118 0.44999999999999996
    endloop
  endfacet
  facet normal -1 0 0
    outer loop
      vertex 84 108 0.44999999999999996
      vertex 84 108 0.59
      vertex 84 116.45 0.59
    endloop
  endfacet
  facet normal 0 -1 0
    outer loop
      vertex 84 118 0.44999999999999996
      vertex 84 118 0.59
      vertex 58 118 0.59
    endloop
  endfacet
  facet normal -1 0 0
    outer loop
      vertex 84 108 0.44999999999999996
      vertex 84 116.45 0.59
      vertex 84 118 0.44999999999999996
    endloop
  endfacet
  facet normal -1 0 0
    outer loop
      vertex 84 118 0.44999999999999996
      vertex 84 116.45 0.59
      vertex 84 118 0.59
    endloop
  endfacet
  facet normal 0 1 0
    outer loop
      vertex 57.989999999999995 123 0.44999999999999996
      vertex 57.989999999999995 123 0.6
      vertex 58 123 0.59
    endloop
  endfacet
  facet normal 1 0 0
    outer loop
      vertex 57.989999999999995 123 0.44999999999999996
      vertex 57.989999999999995 133 0.6
      vertex 57.989999999999995 123 0.6
    endloop
  endfacet
  facet normal 0 1 0
    outer loop
      vertex 57.989999999999995 123 0.6
      vertex 58 123 0.6
      vertex 58 123 0.59
    endloop
  endfacet
  facet normal 0 1 0
    outer loop
      vertex 57.989999999999995 123 0.44999999999999996
      vertex 58 123 0.59
      vertex 84 123 0.59
    endloop
  endfacet
  facet normal 0 1 0
    outer loop
      vertex 57.989999999999995 123 0.44999999999999996
      vertex 84 123 0.59
      vertex 84 123 0.44999999999999996
    endloop
  endfacet
  facet normal 0 0 1
    outer loop
      vertex 57.989999999999995 123 0.44999999999999996
      vertex 84 123 0.44999999999999996
      vertex 84 133 0.44999999999999996
    endloop
  endfacet
  facet normal -1 0 0
    outer loop
      vertex 84 123 0.44999999999999996
      vertex 84 123 0.59
      vertex 84 131.45 0.59
    endloop
  endfacet
  facet normal 1 0 0
    outer loop
      vertex 57.989999999999995 123 0.44999999999999996
      vertex 57.989999999999995 133 0.44999999999999996
      vertex 57.989999999999995 133 0.6
    endloop
  endfacet
  facet normal 0 -1 0
    outer loop
      vertex 57.989999999999995 133 0.44999999999999996
      vertex 58 133 0.59
      vertex 57.989999999999995 133 0.6
    endloop
  endfacet
  facet normal 0 -1 0
    outer loop
      vertex 57.989999999999995 133 0.6
      vertex 58 133 0.59
      vertex 58 133 0.6
    endloop
  endfacet
  facet normal 0 0 1
    outer loop
      vertex 57.989999999999995 123 0.44999999999999996
      vertex 84 133 0.44999999999999996
      vertex 57.989999999999995 133 0.44999999999999996
    endloop
  endfacet
  facet normal 0 -1 0
    outer loop
      vertex 57.989999999999995 133 0.44999999999999996
      vertex 84 133 0.44999999999999996
      vertex 58 133 0.59
    endloop
  endfacet
  facet normal 0 -1 0
    outer loop
      vertex 84 133 0.44999999999999996
      vertex 84 133 0.59
      vertex 58 133 0.59
    endloop
  endfacet
  facet normal -1 0 0
    outer loop
      vertex 84 123 0.44999999999999996
      vertex 84 131.45 0.59
      vertex 84 133 0.44999999999999996
    endloop
  endfacet
  facet normal -1 0 0
    outer loop
      vertex 84 133 0.44999999999999996
      vertex 84 131.45 0.59
      vertex 84 133 0.59
    endloop
  endfacet
  facet normal 0 1 0
    outer loop
      vertex 57.989999999999995 138 0.44999999999999996
      vertex 57.989999999999995 138 0.6
      vertex 58 138 0.59
    endloop
  endfacet
  facet normal 1 0 0
    outer loop
      vertex 57.989999999999995 138 0.44999999999999996
      vertex 57.989999999999995 148 0.6
      vertex 57.989999999999995 138 0.6
    endloop
  endfacet
  facet normal 0 1 0
    outer loop
      vertex 57.989999999999995 138 0.6
      vertex 58 138 0.6
      vertex 58 138 0.59
    endloop
  endfacet
  facet normal 1 0 0
    outer loop
      vertex 57.989999999999995 138 0.44999999999999996
      vertex 57.989999999999995 148 0.44999999999999996
      vertex 57.989999999999995 148 0.6
    endloop
  endfacet
  facet normal 0 -1 0
    outer loop
      vertex 57.989999999999995 148 0.44999999999999996
      vertex 58 148 0.59
      vertex 57.989999999999995 148 0.6
    endloop
  endfacet
  facet normal 0 -1 0
    outer loop
      vertex 57.989999999999995 148 0.6
      vertex 58 148 0.59
      vertex 58 148 0.6
    endloop
  endfacet
  facet normal 0 1 0
    outer loop
      vertex 57.989999999999995 138 0.44999999999999996
      vertex 58 138 0.59
      vertex 84 138 0.59
    endloop
  endfacet
  facet normal 0 0 1
    outer loop
      vertex 57.989999999999995 138 0.44999999999999996
      vertex 84 148 0.44999999999999996
      vertex 57.989999999999995 148 0.44999999999999996
    endloop
  endfacet
  facet normal 0 -1 0
    outer loop
      vertex 57.989999999999995 148 0.44999999999999996
      vertex 84 148 0.44999999999999996
      vertex 58 148 0.59
    endloop
  endfacet
  facet normal 0 1 0
    outer loop
      vertex 57.989999999999995 138 0.44999999999999996
      vertex 84 138 0.59
      vertex 84 138 0.44999999999999996
    endloop
  endfacet
  facet normal 0 0 1
    outer loop
      vertex 57.989999999999995 138 0.44999999999999996
      vertex 84 138 0.44999999999999996
      vertex 84 148 0.44999999999999996
    endloop
  endfacet
  facet normal -1 0 0
    outer loop
      vertex 84 138 0.44999999999999996
      vertex 84 138 0.59
      vertex 84 139.55 0.59
    endloop
  endfacet
  facet normal -1 0 0
    outer loop
      vertex 84 138 0.44999999999999996
      vertex 84 139.55 0.59
      vertex 84 148 0.44999999999999996
    endloop
  endfacet
  facet normal 0 -1 0
    outer loop
      vertex 84 148 0.44999999999999996
      vertex 84 148 0.59
      vertex 58 148 0.59
    endloop
  endfacet
  facet normal -1 0 0
    outer loop
      vertex 84 148 0.44999999999999996
      vertex 84 139.55 0.59
      vertex 84 146.45 0.59
    endloop
  endfacet
  facet normal -1 0 0
    outer loop
      vertex 84 148 0.44999999999999996
      vertex 84 146.45 0.59
      vertex 84 148 0.59
    endloop
  endfacet
  facet normal 0 1 0
    outer loop
      vertex 57.989999999999995 153 0.44999999999999996
      vertex 57.989999999999995 153 0.6
      vertex 58 153 0.59
    endloop
  endfacet
  facet normal 1 0 0
    outer loop
      vertex 57.989999999999995 153 0.44999999999999996
      vertex 57.989999999999995 163 0.6
      vertex 57.989999999999995 153 0.6
    endloop
  endfacet
  facet normal 0 1 0
    outer loop
      vertex 57.989999999999995 153 0.6
      vertex 58 153 0.6
      vertex 58 153 0.59
    endloop
  endfacet
  facet normal 1 0 0
    outer loop
      vertex 57.989999999999995 153 0.44999999999999996
      vertex 57.989999999999995 163 0.44999999999999996
      vertex 57.989999999999995 163 0.6
    endloop
  endfacet
  facet normal 0 -1 0
    outer loop
      vertex 57.989999999999995 163 0.44999999999999996
      vertex 58 163 0.59
      vertex 57.989999999999995 163 0.6
    endloop
  endfacet
  facet normal 0 -1 0
    outer loop
      vertex 57.989999999999995 163 0.6
      vertex 58 163 0.59
      vertex 58 163 0.6
    endloop
  endfacet
  facet normal 0 1 0
    outer loop
      vertex 57.989999999999995 153 0.44999999999999996
      vertex 58 153 0.59
      vertex 84 153 0.59
    endloop
  endfacet
  facet normal 0 1 0
    outer loop
      vertex 57.989999999999995 153 0.44999999999999996
      vertex 84 153 0.59
      vertex 84 153 0.44999999999999996
    endloop
  endfacet
  facet normal 0 0 1
    outer loop
      vertex 57.989999999999995 153 0.44999999999999996
      vertex 84 153 0.44999999999999996
      vertex 84 163 0.44999999999999996
    endloop
  endfacet
  facet normal -1 0 0
    outer loop
      vertex 84 153 0.44999999999999996
      vertex 84 153 0.59
      vertex 84 154.55 0.59
    endloop
  endfacet
  facet normal -1 0 0
    outer loop
      vertex 84 153 0.44999999999999996
      vertex 84 154.55 0.59
      vertex 84 163 0.44999999999999996
    endloop
  endfacet
  facet normal 0 0 1
    outer loop
      vertex 57.989999999999995 153 0.44999999999999996
      vertex 84 163 0.44999999999999996
      vertex 57.989999999999995 163 0.44999999999999996
    endloop
  endfacet
  facet normal 0 -1 0
    outer loop
      vertex 57.989999999999995 163 0.44999999999999996
      vertex 84 163 0.44999999999999996
      vertex 58 163 0.59
    endloop
  endfacet
  facet normal 0 -1 0
    outer loop
      vertex 84 163 0.44999999999999996
      vertex 84 163 0.59
      vertex 58 163 0.59
    endloop
  endfacet
  facet normal -1 0 0
    outer loop
      vertex 84 163 0.44999999999999996
      vertex 84 154.55 0.59
      vertex 84 161.45 0.59
    endloop
  endfacet
  facet normal -1 0 0
    outer loop
      vertex 84 163 0.44999999999999996
      vertex 84 161.45 0.59
      vertex 84 163 0.59
    endloop
  endfacet
  facet normal 0 1 0
    outer loop
      vertex 57.989999999999995 168 0.44999999999999996
      vertex 57.989999999999995 168 0.6
      vertex 58 168 0.59
    endloop
  endfacet
  facet normal 1 0 0
    outer loop
      vertex 57.989999999999995 168 0.44999999999999996
      vertex 57.989999999999995 178 0.6
      vertex 57.989999999999995 168 0.6
    endloop
  endfacet
  facet normal 1 0 0
    outer loop
      vertex 57.989999999999995 168 0.44999999999999996
      vertex 57.989999999999995 178 0.44999999999999996
      vertex 57.989999999999995 178 0.6
    endloop
  endfacet
  facet normal 0 1 0
    outer loop
      vertex 57.989999999999995 168 0.6
      vertex 58 168 0.6
      vertex 58 168 0.59
    endloop
  endfacet
  facet normal 0 -1 0
    outer loop
      vertex 57.989999999999995 178 0.44999999999999996
      vertex 58 178 0.59
      vertex 57.989999999999995 178 0.6
    endloop
  endfacet
  facet normal 0 -1 0
    outer loop
      vertex 57.989999999999995 178 0.6
      vertex 58 178 0.59
      vertex 58 178 0.6
    endloop
  endfacet
  facet normal 0 1 0
    outer loop
      vertex 57.989999999999995 168 0.44999999999999996
      vertex 58 168 0.59
      vertex 84 168 0.59
    endloop
  endfacet
  facet normal 0 0 1
    outer loop
      vertex 57.989999999999995 168 0.44999999999999996
      vertex 84 178 0.44999999999999996
      vertex 57.989999999999995 178 0.44999999999999996
    endloop
  endfacet
  facet normal 0 -1 0
    outer loop
      vertex 57.989999999999995 178 0.44999999999999996
      vertex 84 178 0.44999999999999996
      vertex 58 178 0.59
    endloop
  endfacet
  facet normal 0 1 0
    outer loop
      vertex 57.989999999999995 168 0.44999999999999996
      vertex 84 168 0.59
      vertex 84 168 0.44999999999999996
    endloop
  endfacet
  facet normal 0 0 1
    outer loop
      vertex 57.989999999999995 168 0.44999999999999996
      vertex 84 168 0.44999999999999996
      vertex 84 178 0.44999999999999996
    endloop
  endfacet
  facet normal -1 0 0
    outer loop
      vertex 84 168 0.44999999999999996
      vertex 84 168 0.59
      vertex 84 169.55 0.59
    endloop
  endfacet
  facet normal -1 0 0
    outer loop
      vertex 84 168 0.44999999999999996
      vertex 84 169.55 0.59
      vertex 84 178 0.44999999999999996
    endloop
  endfacet
  facet normal -1 0 0
    outer loop
      vertex 84 178 0.44999999999999996
      vertex 84 169.55 0.59
      vertex 84 176.45 0.59
    endloop
  endfacet
  facet normal 0 -1 0
    outer loop
      vertex 84 178 0.44999999999999996
      vertex 84 178 0.59
      vertex 58 178 0.59
    endloop
  endfacet
  facet normal -1 0 0
    outer loop
      vertex 84 178 0.44999999999999996
      vertex 84 176.45 0.59
      vertex 84 178 0.59
    endloop
  endfacet
  facet normal 0 1 0
    outer loop
      vertex 57.989999999999995 183 0.44999999999999996
      vertex 57.989999999999995 183 0.6
      vertex 58 183 0.59
    endloop
  endfacet
  facet normal 1 0 0
    outer loop
      vertex 57.989999999999995 183 0.44999999999999996
      vertex 57.989999999999995 193 0.6
      vertex 57.989999999999995 183 0.6
    endloop
  endfacet
  facet normal 1 0 0
    outer loop
      vertex 57.989999999999995 183 0.44999999999999996
      vertex 57.989999999999995 193 0.44999999999999996
      vertex 57.989999999999995 193 0.6
    endloop
  endfacet
  facet normal 0 1 0
    outer loop
      vertex 57.989999999999995 183 0.6
      vertex 58 183 0.6
      vertex 58 183 0.59
    endloop
  endfacet
  facet normal 0 1 0
    outer loop
      vertex 57.989999999999995 183 0.44999999999999996
      vertex 58 183 0.59
      vertex 84 183 0.59
    endloop
  endfacet
  facet normal 0 0 1
    outer loop
      vertex 57.989999999999995 183 0.44999999999999996
      vertex 84 193 0.44999999999999996
      vertex 57.989999999999995 193 0.44999999999999996
    endloop
  endfacet
  facet normal 0 1 0
    outer loop
      vertex 57.989999999999995 183 0.44999999999999996
      vertex 84 183 0.59
      vertex 84 183 0.44999999999999996
    endloop
  endfacet
  facet normal 0 0 1
    outer loop
      vertex 57.989999999999995 183 0.44999999999999996
      vertex 84 183 0.44999999999999996
      vertex 84 193 0.44999999999999996
    endloop
  endfacet
  facet normal -1 0 0
    outer loop
      vertex 84 183 0.44999999999999996
      vertex 84 183 0.59
      vertex 84 184.55 0.59
    endloop
  endfacet
  facet normal -1 0 0
    outer loop
      vertex 84 183 0.44999999999999996
      vertex 84 184.55 0.59
      vertex 84 193 0.44999999999999996
    endloop
  endfacet
  facet normal -1 0 0
    outer loop
      vertex 84 193 0.44999999999999996
      vertex 84 184.55 0.59
      vertex 84 191.45 0.59
    endloop
  endfacet
  facet normal 0 -1 0
    outer loop
      vertex 57.989999999999995 193 0.44999999999999996
      vertex 58 193 0.59
      vertex 57.989999999999995 193 0.6
    endloop
  endfacet
  facet normal 0 -1 0
    outer loop
      vertex 57.989999999999995 193 0.6
      vertex 58 193 0.59
      vertex 58 193 0.6
    endloop
  endfacet
  facet normal 0 -1 0
    outer loop
      vertex 57.989999999999995 193 0.44999999999999996
      vertex 84 193 0.44999999999999996
      vertex 58 193 0.59
    endloop
  endfacet
  facet normal 0 -1 0
    outer loop
      vertex 84 193 0.44999999999999996
      vertex 84 193 0.59
      vertex 58 193 0.59
    endloop
  endfacet
  facet normal -1 0 0
    outer loop
      vertex 84 193 0.44999999999999996
      vertex 84 191.45 0.59
      vertex 84 193 0.59
    endloop
  endfacet
  facet normal 0 1 0
    outer loop
      vertex 57.989999999999995 198 0.44999999999999996
      vertex 57.989999999999995 198 0.6
      vertex 58 198 0.59
    endloop
  endfacet
  facet normal 0 1 0
    outer loop
      vertex 57.989999999999995 198 0.6
      vertex 58 198 0.6
      vertex 58 198 0.59
    endloop
  endfacet
  facet normal 1 0 0
    outer loop
      vertex 57.989999999999995 198 0.44999999999999996
      vertex 57.989999999999995 208 0.6
      vertex 57.989999999999995 198 0.6
    endloop
  endfacet
  facet normal 1 0 0
    outer loop
      vertex 57.989999999999995 198 0.44999999999999996
      vertex 57.989999999999995 208 0.44999999999999996
      vertex 57.989999999999995 208 0.6
    endloop
  endfacet
  facet normal 0 -1 0
    outer loop
      vertex 57.989999999999995 208 0.44999999999999996
      vertex 58 208 0.59
      vertex 57.989999999999995 208 0.6
    endloop
  endfacet
  facet normal 0 -1 0
    outer loop
      vertex 57.989999999999995 208 0.6
      vertex 58 208 0.59
      vertex 58 208 0.6
    endloop
  endfacet
  facet normal 0 1 0
    outer loop
      vertex 57.989999999999995 198 0.44999999999999996
      vertex 58 198 0.59
      vertex 84 198 0.59
    endloop
  endfacet
  facet normal 0 0 1
    outer loop
      vertex 57.989999999999995 198 0.44999999999999996
      vertex 84 208 0.44999999999999996
      vertex 57.989999999999995 208 0.44999999999999996
    endloop
  endfacet
  facet normal 0 -1 0
    outer loop
      vertex 57.989999999999995 208 0.44999999999999996
      vertex 84 208 0.44999999999999996
      vertex 58 208 0.59
    endloop
  endfacet
  facet normal 0 1 0
    outer loop
      vertex 57.989999999999995 198 0.44999999999999996
      vertex 84 198 0.59
      vertex 84 198 0.44999999999999996
    endloop
  endfacet
  facet normal 0 0 1
    outer loop
      vertex 57.989999999999995 198 0.44999999999999996
      vertex 84 198 0.44999999999999996
      vertex 84 208 0.44999999999999996
    endloop
  endfacet
  facet normal -1 0 0
    outer loop
      vertex 84 198 0.44999999999999996
      vertex 84 199.55 0.59
      vertex 84 208 0.44999999999999996
    endloop
  endfacet
  facet normal -1 0 0
    outer loop
      vertex 84 198 0.44999999999999996
      vertex 84 198 0.59
      vertex 84 199.55 0.59
    endloop
  endfacet
  facet normal -1 0 0
    outer loop
      vertex 84 208 0.44999999999999996
      vertex 84 199.55 0.59
      vertex 84 206.45 0.59
    endloop
  endfacet
  facet normal 0 -1 0
    outer loop
      vertex 84 208 0.44999999999999996
      vertex 84 208 0.59
      vertex 58 208 0.59
    endloop
  endfacet
  facet normal -1 0 0
    outer loop
      vertex 84 208 0.44999999999999996
      vertex 84 206.45 0.59
      vertex 84 208 0.59
    endloop
  endfacet
  facet normal 0 1 0
    outer loop
      vertex 57.989999999999995 213 0.44999999999999996
      vertex 57.989999999999995 213 0.6
      vertex 58 213 0.59
    endloop
  endfacet
  facet normal 0 1 0
    outer loop
      vertex 57.989999999999995 213 0.6
      vertex 58 213 0.6
      vertex 58 213 0.59
    endloop
  endfacet
  facet normal 1 0 0
    outer loop
      vertex 57.989999999999995 213 0.44999999999999996
      vertex 57.989999999999995 223 0.6
      vertex 57.989999999999995 213 0.6
    endloop
  endfacet
  facet normal 1 0 0
    outer loop
      vertex 57.989999999999995 213 0.44999999999999996
      vertex 57.989999999999995 223 0.44999999999999996
      vertex 57.989999999999995 223 0.6
    endloop
  endfacet
  facet normal 0 -1 0
    outer loop
      vertex 57.989999999999995 223 0.44999999999999996
      vertex 58 223 0.59
      vertex 57.989999999999995 223 0.6
    endloop
  endfacet
  facet normal 0 -1 0
    outer loop
      vertex 57.989999999999995 223 0.6
      vertex 58 223 0.59
      vertex 58 223 0.6
    endloop
  endfacet
  facet normal 0 1 0
    outer loop
      vertex 57.989999999999995 213 0.44999999999999996
      vertex 58 213 0.59
      vertex 84 213 0.59
    endloop
  endfacet
  facet normal 0 0 1
    outer loop
      vertex 57.989999999999995 213 0.44999999999999996
      vertex 84 223 0.44999999999999996
      vertex 57.989999999999995 223 0.44999999999999996
    endloop
  endfacet
  facet normal 0 1 0
    outer loop
      vertex 57.989999999999995 213 0.44999999999999996
      vertex 84 213 0.59
      vertex 84 213 0.44999999999999996
    endloop
  endfacet
  facet normal 0 0 1
    outer loop
      vertex 57.989999999999995 213 0.44999999999999996
      vertex 84 213 0.44999999999999996
      vertex 84 223 0.44999999999999996
    endloop
  endfacet
  facet normal -1 0 0
    outer loop
      vertex 84 213 0.44999999999999996
      vertex 84 213 0.59
      vertex 84 214.55 0.59
    endloop
  endfacet
  facet normal -1 0 0
    outer loop
      vertex 84 213 0.44999999999999996
      vertex 84 214.55 0.59
      vertex 84 223 0.44999999999999996
    endloop
  endfacet
  facet normal -1 0 0
    outer loop
      vertex 84 223 0.44999999999999996
      vertex 84 214.55 0.59
      vertex 84 221.45 0.59
    endloop
  endfacet
  facet normal 0 -1 0
    outer loop
      vertex 57.989999999999995 223 0.44999999999999996
      vertex 84 223 0.44999999999999996
      vertex 58 223 0.59
    endloop
  endfacet
  facet normal 0 -1 0
    outer loop
      vertex 84 223 0.44999999999999996
      vertex 84 223 0.59
      vertex 58 223 0.59
    endloop
  endfacet
  facet normal -1 0 0
    outer loop
      vertex 84 223 0.44999999999999996
      vertex 84 221.45 0.59
      vertex 84 223 0.59
    endloop
  endfacet
  facet normal 0 1 0
    outer loop
      vertex 57.989999999999995 228 0.44999999999999996
      vertex 57.989999999999995 228 0.6
      vertex 58 228 0.59
    endloop
  endfacet
  facet normal 0 1 0
    outer loop
      vertex 57.989999999999995 228 0.6
      vertex 58 228 0.6
      vertex 58 228 0.59
    endloop
  endfacet
  facet normal 1 0 0
    outer loop
      vertex 57.989999999999995 228 0.44999999999999996
      vertex 57.989999999999995 238 0.6
      vertex 57.989999999999995 228 0.6
    endloop
  endfacet
  facet normal 1 0 0
    outer loop
      vertex 57.989999999999995 228 0.44999999999999996
      vertex 57.989999999999995 238 0.44999999999999996
      vertex 57.989999999999995 238 0.6
    endloop
  endfacet
  facet normal 0 -1 0
    outer loop
      vertex 57.989999999999995 238 0.44999999999999996
      vertex 58 238 0.59
      vertex 57.989999999999995 238 0.6
    endloop
  endfacet
  facet normal 0 -1 0
    outer loop
      vertex 57.989999999999995 238 0.6
      vertex 58 238 0.59
      vertex 58 238 0.6
    endloop
  endfacet
  facet normal 0 1 0
    outer loop
      vertex 57.989999999999995 228 0.44999999999999996
      vertex 58 228 0.59
      vertex 84 228 0.59
    endloop
  endfacet
  facet normal 0 0 1
    outer loop
      vertex 57.989999999999995 228 0.44999999999999996
      vertex 84 238 0.44999999999999996
      vertex 57.989999999999995 238 0.44999999999999996
    endloop
  endfacet
  facet normal 0 -1 0
    outer loop
      vertex 57.989999999999995 238 0.44999999999999996
      vertex 84 238 0.44999999999999996
      vertex 58 238 0.59
    endloop
  endfacet
  facet normal 0 1 0
    outer loop
      vertex 57.989999999999995 228 0.44999999999999996
      vertex 84 228 0.59
      vertex 84 228 0.44999999999999996
    endloop
  endfacet
  facet normal 0 0 1
    outer loop
      vertex 57.989999999999995 228 0.44999999999999996
      vertex 84 228 0.44999999999999996
      vertex 84 238 0.44999999999999996
    endloop
  endfacet
  facet normal -1 0 0
    outer loop
      vertex 84 228 0.44999999999999996
      vertex 84 228 0.59
      vertex 84 229.55 0.59
    endloop
  endfacet
  facet normal -1 0 0
    outer loop
      vertex 84 228 0.44999999999999996
      vertex 84 229.55 0.59
      vertex 84 238 0.44999999999999996
    endloop
  endfacet
  facet normal -1 0 0
    outer loop
      vertex 84 238 0.44999999999999996
      vertex 84 229.55 0.59
      vertex 84 236.45 0.59
    endloop
  endfacet
  facet normal 0 -1 0
    outer loop
      vertex 84 238 0.44999999999999996
      vertex 84 238 0.59
      vertex 58 238 0.59
    endloop
  endfacet
  facet normal -1 0 0
    outer loop
      vertex 84 238 0.44999999999999996
      vertex 84 236.45 0.59
      vertex 84 238 0.59
    endloop
  endfacet
  facet normal 0 0 -1
    outer loop
      vertex 42.58158045182986 3.2599350292583407 0
      vertex 45.125 6.868430139592794 0
      vertex 44.482146721021294 3.0291645036077837 0
    endloop
  endfacet
  facet normal 0 0 -1
    outer loop
      vertex 42.58158045182986 3.2599350292583407 0
      vertex 43.91584529283875 8.309444605854411 0
      vertex 45.125 6.868430139592794 0
    endloop
  endfacet
  facet normal 0 0 -1
    outer loop
      vertex 44.482146721021294 3.0291645036077837 0
      vertex 45.125 6.868430139592794 0
      vertex 46.97753248858406 6.541778679216428 0
    endloop
  endfacet
  facet normal -0.8854560256532104 -0.46472317204376773 -7.518874039226298e-17
    outer loop
      vertex 41.005957007315594 4.347509367036819 0
      vertex 40.11623273029579 6.04273734284977 0.6
      vertex 40.11623273029579 6.04273734284977 0
    endloop
  endfacet
  facet normal -0.5680647467311554 -0.8229838658936567 0
    outer loop
      vertex 41.005957007315594 4.347509367036819 0
      vertex 42.58158045182986 3.2599350292583407 0
      vertex 41.005957007315594 4.347509367036819 0.6
    endloop
  endfacet
  facet normal -0.12053668025532309 -0.9927088740980541 0
    outer loop
      vertex 42.58158045182986 3.2599350292583407 0
      vertex 44.482146721021294 3.0291645036077837 0
      vertex 42.58158045182986 3.2599350292583407 0.6
    endloop
  endfacet
  facet normal 0 0 -1
    outer loop
      vertex 43.91584529283875 10.190555394145589 0
      vertex 45.125 16.368430139592796 0
      vertex 45.125 11.631569860407206 0
    endloop
  endfacet
  facet normal 0 0 -1
    outer loop
      vertex 43.91584529283875 10.190555394145589 0
      vertex 43.91584529283875 17.80944460585441 0
      vertex 45.125 16.368430139592796 0
    endloop
  endfacet
  facet normal 0 0 -1
    outer loop
      vertex 45.125 11.631569860407206 0
      vertex 45.125 16.368430139592796 0
      vertex 46.97753248858406 16.041778679216428 0
    endloop
  endfacet
  facet normal 0 0 -1
    outer loop
      vertex 45.125 11.631569860407206 0
      vertex 46.97753248858406 16.041778679216428 0
      vertex 46.97753248858406 11.958221320783572 0
    endloop
  endfacet
  facet normal 0 0 -1
    outer loop
      vertex 46.97753248858406 11.958221320783572 0
      vertex 48.606622218577186 16.98233407336202 0
      vertex 48.606622218577186 11.017665926637983 0
    endloop
  endfacet
  facet normal 0 0 -1
    outer loop
      vertex 46.97753248858406 11.958221320783572 0
      vertex 46.97753248858406 16.041778679216428 0
      vertex 48.606622218577186 16.98233407336202 0
    endloop
  endfacet
  facet normal -0.8854560256532104 -0.46472317204376773 0
    outer loop
      vertex 41.005957007315594 4.347509367036819 0
      vertex 41.005957007315594 4.347509367036819 0.6
      vertex 40.11623273029579 6.04273734284977 0.6
    endloop
  endfacet
  facet normal -0.5680647467311554 -0.8229838658936567 0
    outer loop
      vertex 42.58158045182986 3.2599350292583407 0
      vertex 42.58158045182986 3.2599350292583407 0.6
      vertex 41.005957007315594 4.347509367036819 0.6
    endloop
  endfacet
  facet normal -0.12053668025532309 -0.9927088740980541 0
    outer loop
      vertex 44.482146721021294 3.0291645036077837 0
      vertex 44.482146721021294 3.0291645036077837 0.6
      vertex 42.58158045182986 3.2599350292583407 0.6
    endloop
  endfacet
  facet normal 0 0 -1
    outer loop
      vertex 43.91584529283875 19.69055539414559 0
      vertex 45.125 25.868430139592792 0
      vertex 45.125 21.131569860407208 0
    endloop
  endfacet
  facet normal 0 0 -1
    outer loop
      vertex 43.91584529283875 19.69055539414559 0
      vertex 43.91584529283875 27.30944460585441 0
      vertex 45.125 25.868430139592792 0
    endloop
  endfacet
  facet normal 0 0 -1
    outer loop
      vertex 43.91584529283875 29.19055539414559 0
      vertex 45.125 35.368430139592796 0
      vertex 45.125 30.631569860407208 0
    endloop
  endfacet
  facet normal 0 0 -1
    outer loop
      vertex 43.91584529283875 29.19055539414559 0
      vertex 43.91584529283875 36.80944460585441 0
      vertex 45.125 35.368430139592796 0
    endloop
  endfacet
  facet normal 0 0 -1
    outer loop
      vertex 45.125 21.131569860407208 0
      vertex 45.125 25.868430139592792 0
      vertex 46.97753248858406 25.541778679216428 0
    endloop
  endfacet
  facet normal 0 0 -1
    outer loop
      vertex 45.125 21.131569860407208 0
      vertex 46.97753248858406 25.541778679216428 0
      vertex 46.97753248858406 21.458221320783572 0
    endloop
  endfacet
  facet normal 0 0 -1
    outer loop
      vertex 46.97753248858406 21.458221320783572 0
      vertex 46.97753248858406 25.541778679216428 0
      vertex 48.606622218577186 26.48233407336202 0
    endloop
  endfacet
  facet normal 0 0 -1
    outer loop
      vertex 46.97753248858406 21.458221320783572 0
      vertex 48.606622218577186 26.48233407336202 0
      vertex 48.606622218577186 20.51766592663798 0
    endloop
  endfacet
  facet normal 0 0 -1
    outer loop
      vertex 45.125 30.631569860407208 0
      vertex 46.97753248858406 35.04177867921643 0
      vertex 46.97753248858406 30.958221320783572 0
    endloop
  endfacet
  facet normal 0 0 -1
    outer loop
      vertex 45.125 30.631569860407208 0
      vertex 45.125 35.368430139592796 0
      vertex 46.97753248858406 35.04177867921643 0
    endloop
  endfacet
  facet normal 0 0 -1
    outer loop
      vertex 46.97753248858406 30.958221320783572 0
      vertex 46.97753248858406 35.04177867921643 0
      vertex 48.606622218577186 35.98233407336202 0
    endloop
  endfacet
  facet normal 0 0 -1
    outer loop
      vertex 46.97753248858406 30.958221320783572 0
      vertex 48.606622218577186 35.98233407336202 0
      vertex 48.606622218577186 30.01766592663798 0
    endloop
  endfacet
  facet normal 0 0 1
    outer loop
      vertex 42.58158045182986 3.2599350292583407 0.6
      vertex 44.482146721021294 3.0291645036077837 0.6
      vertex 43.91584529283875 8.309444605854411 0.6
    endloop
  endfacet
  facet normal 0 0 1
    outer loop
      vertex 44.482146721021294 3.0291645036077837 0.6
      vertex 45.125 6.868430139592794 0.6
      vertex 43.91584529283875 8.309444605854411 0.6
    endloop
  endfacet
  facet normal 0 0 1
    outer loop
      vertex 44.482146721021294 3.0291645036077837 0.6
      vertex 46.97753248858406 6.541778679216428 0.6
      vertex 45.125 6.868430139592794 0.6
    endloop
  endfacet
  facet normal 0 0 1
    outer loop
      vertex 43.91584529283875 10.190555394145589 0.6
      vertex 45.125 11.631569860407206 0.6
      vertex 43.91584529283875 17.80944460585441 0.6
    endloop
  endfacet
  facet normal 0 0 1
    outer loop
      vertex 45.125 11.631569860407206 0.6
      vertex 45.125 16.368430139592796 0.6
      vertex 43.91584529283875 17.80944460585441 0.6
    endloop
  endfacet
  facet normal 0 0 1
    outer loop
      vertex 45.125 11.631569860407206 0.6
      vertex 46.97753248858406 11.958221320783572 0.6
      vertex 45.125 16.368430139592796 0.6
    endloop
  endfacet
  facet normal 0 0 1
    outer loop
      vertex 46.97753248858406 11.958221320783572 0.6
      vertex 48.606622218577186 11.017665926637983 0.6
      vertex 46.97753248858406 16.041778679216428 0.6
    endloop
  endfacet
  facet normal 0 0 1
    outer loop
      vertex 46.97753248858406 16.041778679216428 0.6
      vertex 48.606622218577186 11.017665926637983 0.6
      vertex 48.606622218577186 16.98233407336202 0.6
    endloop
  endfacet
  facet normal 0 0 1
    outer loop
      vertex 45.125 16.368430139592796 0.6
      vertex 46.97753248858406 11.958221320783572 0.6
      vertex 46.97753248858406 16.041778679216428 0.6
    endloop
  endfacet
  facet normal 0 0 1
    outer loop
      vertex 43.91584529283875 19.69055539414559 0.6
      vertex 45.125 21.131569860407208 0.6
      vertex 43.91584529283875 27.30944460585441 0.6
    endloop
  endfacet
  facet normal 0 0 1
    outer loop
      vertex 45.125 21.131569860407208 0.6
      vertex 45.125 25.868430139592792 0.6
      vertex 43.91584529283875 27.30944460585441 0.6
    endloop
  endfacet
  facet normal 0 0 1
    outer loop
      vertex 43.91584529283875 29.19055539414559 0.6
      vertex 45.125 30.631569860407208 0.6
      vertex 43.91584529283875 36.80944460585441 0.6
    endloop
  endfacet
  facet normal 0 0 1
    outer loop
      vertex 45.125 30.631569860407208 0.6
      vertex 45.125 35.368430139592796 0.6
      vertex 43.91584529283875 36.80944460585441 0.6
    endloop
  endfacet
  facet normal 0 0 1
    outer loop
      vertex 46.97753248858406 21.458221320783572 0.6
      vertex 48.606622218577186 20.51766592663798 0.6
      vertex 46.97753248858406 25.541778679216428 0.6
    endloop
  endfacet
  facet normal 0 0 1
    outer loop
      vertex 45.125 21.131569860407208 0.6
      vertex 46.97753248858406 21.458221320783572 0.6
      vertex 45.125 25.868430139592792 0.6
    endloop
  endfacet
  facet normal 0 0 1
    outer loop
      vertex 45.125 25.868430139592792 0.6
      vertex 46.97753248858406 21.458221320783572 0.6
      vertex 46.97753248858406 25.541778679216428 0.6
    endloop
  endfacet
  facet normal 0 0 1
    outer loop
      vertex 46.97753248858406 25.541778679216428 0.6
      vertex 48.606622218577186 20.51766592663798 0.6
      vertex 48.606622218577186 26.48233407336202 0.6
    endloop
  endfacet
  facet normal 0 0 1
    outer loop
      vertex 45.125 30.631569860407208 0.6
      vertex 46.97753248858406 30.958221320783572 0.6
      vertex 45.125 35.368430139592796 0.6
    endloop
  endfacet
  facet normal 0 0 1
    outer loop
      vertex 46.97753248858406 30.958221320783572 0.6
      vertex 46.97753248858406 35.04177867921643 0.6
      vertex 45.125 35.368430139592796 0.6
    endloop
  endfacet
  facet normal 0 0 1
    outer loop
      vertex 46.97753248858406 30.958221320783572 0.6
      vertex 48.606622218577186 30.01766592663798 0.6
      vertex 46.97753248858406 35.04177867921643 0.6
    endloop
  endfacet
  facet normal 0 0 1
    outer loop
      vertex 48.606622218577186 30.01766592663798 0.6
      vertex 48.606622218577186 35.98233407336202 0.6
      vertex 46.97753248858406 35.04177867921643 0.6
    endloop
  endfacet
  facet normal 0 0 1
    outer loop
      vertex 48.606622218577186 20.51766592663798 0.6
      vertex 49.25 18.75 0.6
      vertex 57.989999999999995 28 0.6
    endloop
  endfacet
  facet normal 0 0 1
    outer loop
      vertex 48.606622218577186 20.51766592663798 0.6
      vertex 57.989999999999995 28 0.6
      vertex 48.606622218577186 26.48233407336202 0.6
    endloop
  endfacet
  facet normal 0 0 1
    outer loop
      vertex 49.25 18.75 0.6
      vertex 57.989999999999995 18 0.6
      vertex 57.989999999999995 28 0.6
    endloop
  endfacet
  facet normal 0 0 1
    outer loop
      vertex 48.606622218577186 26.48233407336202 0.6
      vertex 57.989999999999995 28 0.6
      vertex 49.25 28.25 0.6
    endloop
  endfacet
  facet normal 0 0 1
    outer loop
      vertex 49.25 28.25 0.6
      vertex 57.989999999999995 33 0.6
      vertex 48.606622218577186 30.01766592663798 0.6
    endloop
  endfacet
  facet normal 0 0 1
    outer loop
      vertex 48.606622218577186 30.01766592663798 0.6
      vertex 57.989999999999995 33 0.6
      vertex 48.606622218577186 35.98233407336202 0.6
    endloop
  endfacet
  facet normal 0 0 1
    outer loop
      vertex 49.25 28.25 0.6
      vertex 57.989999999999995 28 0.6
      vertex 57.989999999999995 33 0.6
    endloop
  endfacet
  facet normal 0 0 1
    outer loop
      vertex 57.989999999999995 28 0.6
      vertex 58 28 0.6
      vertex 57.989999999999995 33 0.6
    endloop
  endfacet
  facet normal 0 0 -1
    outer loop
      vertex 43.91584529283875 38.69055539414559 0
      vertex 45.125 44.868430139592796 0
      vertex 45.125 40.131569860407204 0
    endloop
  endfacet
  facet normal 0 0 -1
    outer loop
      vertex 43.91584529283875 38.69055539414559 0
      vertex 43.91584529283875 46.30944460585441 0
      vertex 45.125 44.868430139592796 0
    endloop
  endfacet
  facet normal 0 0 -1
    outer loop
      vertex 45.125 40.131569860407204 0
      vertex 46.97753248858406 44.54177867921643 0
      vertex 46.97753248858406 40.45822132078357 0
    endloop
  endfacet
  facet normal 0 0 -1
    outer loop
      vertex 46.97753248858406 40.45822132078357 0
      vertex 48.606622218577186 45.48233407336202 0
      vertex 48.606622218577186 39.51766592663798 0
    endloop
  endfacet
  facet normal 0 0 -1
    outer loop
      vertex 45.125 40.131569860407204 0
      vertex 45.125 44.868430139592796 0
      vertex 46.97753248858406 44.54177867921643 0
    endloop
  endfacet
  facet normal 0 0 -1
    outer loop
      vertex 46.97753248858406 40.45822132078357 0
      vertex 46.97753248858406 44.54177867921643 0
      vertex 48.606622218577186 45.48233407336202 0
    endloop
  endfacet
  facet normal 0 0 -1
    outer loop
      vertex 43.91584529283875 48.19055539414559 0
      vertex 45.125 54.368430139592796 0
      vertex 45.125 49.631569860407204 0
    endloop
  endfacet
  facet normal 0 0 -1
    outer loop
      vertex 43.91584529283875 48.19055539414559 0
      vertex 43.91584529283875 55.80944460585441 0
      vertex 45.125 54.368430139592796 0
    endloop
  endfacet
  facet normal 0 0 -1
    outer loop
      vertex 43.91584529283875 57.69055539414559 0
      vertex 45.125 63.868430139592796 0
      vertex 45.125 59.131569860407204 0
    endloop
  endfacet
  facet normal 0 0 -1
    outer loop
      vertex 43.91584529283875 57.69055539414559 0
      vertex 43.91584529283875 65.30944460585441 0
      vertex 45.125 63.868430139592796 0
    endloop
  endfacet
  facet normal 0 0 -1
    outer loop
      vertex 45.125 49.631569860407204 0
      vertex 46.97753248858406 54.04177867921643 0
      vertex 46.97753248858406 49.95822132078357 0
    endloop
  endfacet
  facet normal 0 0 -1
    outer loop
      vertex 45.125 49.631569860407204 0
      vertex 45.125 54.368430139592796 0
      vertex 46.97753248858406 54.04177867921643 0
    endloop
  endfacet
  facet normal 0 0 -1
    outer loop
      vertex 48.606622218577186 49.01766592663798 0
      vertex 46.97753248858406 49.95822132078357 0
      vertex 48.606622218577186 54.98233407336202 0
    endloop
  endfacet
  facet normal 0 0 -1
    outer loop
      vertex 46.97753248858406 49.95822132078357 0
      vertex 46.97753248858406 54.04177867921643 0
      vertex 48.606622218577186 54.98233407336202 0
    endloop
  endfacet
  facet normal 0 0 -1
    outer loop
      vertex 45.125 59.131569860407204 0
      vertex 46.97753248858406 63.54177867921643 0
      vertex 46.97753248858406 59.45822132078357 0
    endloop
  endfacet
  facet normal 0 0 -1
    outer loop
      vertex 46.97753248858406 59.45822132078357 0
      vertex 48.606622218577186 64.48233407336201 0
      vertex 48.606622218577186 58.51766592663798 0
    endloop
  endfacet
  facet normal 0 0 -1
    outer loop
      vertex 45.125 59.131569860407204 0
      vertex 45.125 63.868430139592796 0
      vertex 46.97753248858406 63.54177867921643 0
    endloop
  endfacet
  facet normal 0 0 -1
    outer loop
      vertex 46.97753248858406 59.45822132078357 0
      vertex 46.97753248858406 63.54177867921643 0
      vertex 48.606622218577186 64.48233407336201 0
    endloop
  endfacet
  facet normal 0 0 1
    outer loop
      vertex 43.91584529283875 38.69055539414559 0.6
      vertex 45.125 40.131569860407204 0.6
      vertex 43.91584529283875 46.30944460585441 0.6
    endloop
  endfacet
  facet normal 0 0 1
    outer loop
      vertex 45.125 40.131569860407204 0.6
      vertex 45.125 44.868430139592796 0.6
      vertex 43.91584529283875 46.30944460585441 0.6
    endloop
  endfacet
  facet normal 0 0 1
    outer loop
      vertex 45.125 40.131569860407204 0.6
      vertex 46.97753248858406 40.45822132078357 0.6
      vertex 45.125 44.868430139592796 0.6
    endloop
  endfacet
  facet normal 0 0 1
    outer loop
      vertex 46.97753248858406 40.45822132078357 0.6
      vertex 48.606622218577186 39.51766592663798 0.6
      vertex 46.97753248858406 44.54177867921643 0.6
    endloop
  endfacet
  facet normal 0 0 1
    outer loop
      vertex 45.125 44.868430139592796 0.6
      vertex 46.97753248858406 40.45822132078357 0.6
      vertex 46.97753248858406 44.54177867921643 0.6
    endloop
  endfacet
  facet normal 0 0 1
    outer loop
      vertex 48.606622218577186 39.51766592663798 0.6
      vertex 48.606622218577186 45.48233407336202 0.6
      vertex 46.97753248858406 44.54177867921643 0.6
    endloop
  endfacet
  facet normal 0 0 1
    outer loop
      vertex 43.91584529283875 48.19055539414559 0.6
      vertex 45.125 49.631569860407204 0.6
      vertex 43.91584529283875 55.80944460585441 0.6
    endloop
  endfacet
  facet normal 0 0 1
    outer loop
      vertex 45.125 49.631569860407204 0.6
      vertex 45.125 54.368430139592796 0.6
      vertex 43.91584529283875 55.80944460585441 0.6
    endloop
  endfacet
  facet normal 0 0 1
    outer loop
      vertex 43.91584529283875 57.69055539414559 0.6
      vertex 45.125 59.131569860407204 0.6
      vertex 43.91584529283875 65.30944460585441 0.6
    endloop
  endfacet
  facet normal 0 0 1
    outer loop
      vertex 45.125 59.131569860407204 0.6
      vertex 45.125 63.868430139592796 0.6
      vertex 43.91584529283875 65.30944460585441 0.6
    endloop
  endfacet
  facet normal 0 0 1
    outer loop
      vertex 45.125 49.631569860407204 0.6
      vertex 46.97753248858406 49.95822132078357 0.6
      vertex 45.125 54.368430139592796 0.6
    endloop
  endfacet
  facet normal 0 0 1
    outer loop
      vertex 45.125 54.368430139592796 0.6
      vertex 46.97753248858406 49.95822132078357 0.6
      vertex 46.97753248858406 54.04177867921643 0.6
    endloop
  endfacet
  facet normal 0 0 1
    outer loop
      vertex 48.606622218577186 49.01766592663798 0.6
      vertex 46.97753248858406 54.04177867921643 0.6
      vertex 46.97753248858406 49.95822132078357 0.6
    endloop
  endfacet
  facet normal 0 0 1
    outer loop
      vertex 48.606622218577186 49.01766592663798 0.6
      vertex 48.606622218577186 54.98233407336202 0.6
      vertex 46.97753248858406 54.04177867921643 0.6
    endloop
  endfacet
  facet normal 0 0 1
    outer loop
      vertex 45.125 59.131569860407204 0.6
      vertex 46.97753248858406 59.45822132078357 0.6
      vertex 45.125 63.868430139592796 0.6
    endloop
  endfacet
  facet normal 0 0 1
    outer loop
      vertex 46.97753248858406 59.45822132078357 0.6
      vertex 48.606622218577186 58.51766592663798 0.6
      vertex 46.97753248858406 63.54177867921643 0.6
    endloop
  endfacet
  facet normal 0 0 1
    outer loop
      vertex 45.125 63.868430139592796 0.6
      vertex 46.97753248858406 59.45822132078357 0.6
      vertex 46.97753248858406 63.54177867921643 0.6
    endloop
  endfacet
  facet normal 0 0 1
    outer loop
      vertex 46.97753248858406 63.54177867921643 0.6
      vertex 48.606622218577186 58.51766592663798 0.6
      vertex 48.606622218577186 64.48233407336201 0.6
    endloop
  endfacet
  facet normal 0 0 1
    outer loop
      vertex 57.989999999999995 33 0.6
      vertex 49.25 37.75 0.6
      vertex 48.606622218577186 35.98233407336202 0.6
    endloop
  endfacet
  facet normal 0 0 1
    outer loop
      vertex 49.25 37.75 0.6
      vertex 57.989999999999995 43 0.6
      vertex 48.606622218577186 39.51766592663798 0.6
    endloop
  endfacet
  facet normal 0 0 1
    outer loop
      vertex 57.989999999999995 33 0.6
      vertex 57.989999999999995 43 0.6
      vertex 49.25 37.75 0.6
    endloop
  endfacet
  facet normal 0 0 1
    outer loop
      vertex 48.606622218577186 39.51766592663798 0.6
      vertex 57.989999999999995 43 0.6
      vertex 48.606622218577186 45.48233407336202 0.6
    endloop
  endfacet
  facet normal 0 0 1
    outer loop
      vertex 48.606622218577186 45.48233407336202 0.6
      vertex 57.989999999999995 43 0.6
      vertex 49.25 47.25 0.6
    endloop
  endfacet
  facet normal 0 0 1
    outer loop
      vertex 49.25 47.25 0.6
      vertex 57.989999999999995 48 0.6
      vertex 48.606622218577186 49.01766592663798 0.6
    endloop
  endfacet
  facet normal 0 0 1
    outer loop
      vertex 49.25 47.25 0.6
      vertex 57.989999999999995 43 0.6
      vertex 57.989999999999995 48 0.6
    endloop
  endfacet
  facet normal 0 0 1
    outer loop
      vertex 57.989999999999995 43 0.6
      vertex 58 43 0.6
      vertex 57.989999999999995 48 0.6
    endloop
  endfacet
  facet normal 0 0 1
    outer loop
      vertex 48.606622218577186 49.01766592663798 0.6
      vertex 57.989999999999995 48 0.6
      vertex 48.606622218577186 54.98233407336202 0.6
    endloop
  endfacet
  facet normal 0 0 1
    outer loop
      vertex 48.606622218577186 54.98233407336202 0.6
      vertex 57.989999999999995 48 0.6
      vertex 49.25 56.75 0.6
    endloop
  endfacet
  facet normal 0 0 1
    outer loop
      vertex 49.25 56.75 0.6
      vertex 57.989999999999995 48 0.6
      vertex 57.989999999999995 58 0.6
    endloop
  endfacet
  facet normal 0 0 1
    outer loop
      vertex 49.25 56.75 0.6
      vertex 57.989999999999995 58 0.6
      vertex 48.606622218577186 58.51766592663798 0.6
    endloop
  endfacet
  facet normal 0 0 1
    outer loop
      vertex 48.606622218577186 58.51766592663798 0.6
      vertex 57.989999999999995 58 0.6
      vertex 48.606622218577186 64.48233407336201 0.6
    endloop
  endfacet
  facet normal 0 0 1
    outer loop
      vertex 48.606622218577186 64.48233407336201 0.6
      vertex 57.989999999999995 63 0.6
      vertex 49.25 66.25 0.6
    endloop
  endfacet
  facet normal 0 0 1
    outer loop
      vertex 48.606622218577186 64.48233407336201 0.6
      vertex 57.989999999999995 58 0.6
      vertex 57.989999999999995 63 0.6
    endloop
  endfacet
  facet normal 0 0 1
    outer loop
      vertex 57.989999999999995 58 0.6
      vertex 58 58 0.6
      vertex 57.989999999999995 63 0.6
    endloop
  endfacet
  facet normal 0 0 1
    outer loop
      vertex 57.989999999999995 33 0.6
      vertex 58 28 0.6
      vertex 84 28 0.6
    endloop
  endfacet
  facet normal 0 0 1
    outer loop
      vertex 57.989999999999995 33 0.6
      vertex 84 28 0.6
      vertex 58 33 0.6
    endloop
  endfacet
  facet normal 0 0 1
    outer loop
      vertex 84 18 0.6
      vertex 58 18 0.6
      vertex 85 17.4 0.6
    endloop
  endfacet
  facet normal 0 0 1
    outer loop
      vertex 84 33 0.6
      vertex 58 33 0.6
      vertex 84 28 0.6
    endloop
  endfacet
  facet normal 0 0 1
    outer loop
      vertex 57.989999999999995 48 0.6
      vertex 58 43 0.6
      vertex 84 43 0.6
    endloop
  endfacet
  facet normal 0 0 1
    outer loop
      vertex 57.989999999999995 48 0.6
      vertex 84 43 0.6
      vertex 58 48 0.6
    endloop
  endfacet
  facet normal 0 0 1
    outer loop
      vertex 57.989999999999995 63 0.6
      vertex 58 58 0.6
      vertex 84 58 0.6
    endloop
  endfacet
  facet normal 0 0 1
    outer loop
      vertex 57.989999999999995 63 0.6
      vertex 84 58 0.6
      vertex 58 63 0.6
    endloop
  endfacet
  facet normal 0 0 1
    outer loop
      vertex 84 43 0.6
      vertex 84 48 0.6
      vertex 58 48 0.6
    endloop
  endfacet
  facet normal 0 0 1
    outer loop
      vertex 84 63 0.6
      vertex 58 63 0.6
      vertex 84 58 0.6
    endloop
  endfacet
  facet normal 0 0 -1
    outer loop
      vertex 43.91584529283875 67.19055539414559 0
      vertex 45.125 73.36843013959279 0
      vertex 45.125 68.63156986040721 0
    endloop
  endfacet
  facet normal 0 0 -1
    outer loop
      vertex 43.91584529283875 67.19055539414559 0
      vertex 43.91584529283875 74.80944460585441 0
      vertex 45.125 73.36843013959279 0
    endloop
  endfacet
  facet normal 0 0 -1
    outer loop
      vertex 43.91584529283875 76.69055539414559 0
      vertex 45.125 82.86843013959279 0
      vertex 45.125 78.13156986040721 0
    endloop
  endfacet
  facet normal 0 0 -1
    outer loop
      vertex 45.125 68.63156986040721 0
      vertex 46.97753248858406 73.04177867921643 0
      vertex 46.97753248858406 68.95822132078357 0
    endloop
  endfacet
  facet normal 0 0 -1
    outer loop
      vertex 45.125 68.63156986040721 0
      vertex 45.125 73.36843013959279 0
      vertex 46.97753248858406 73.04177867921643 0
    endloop
  endfacet
  facet normal 0 0 -1
    outer loop
      vertex 46.97753248858406 68.95822132078357 0
      vertex 48.606622218577186 73.98233407336201 0
      vertex 48.606622218577186 68.01766592663799 0
    endloop
  endfacet
  facet normal 0 0 -1
    outer loop
      vertex 46.97753248858406 68.95822132078357 0
      vertex 46.97753248858406 73.04177867921643 0
      vertex 48.606622218577186 73.98233407336201 0
    endloop
  endfacet
  facet normal 0 0 -1
    outer loop
      vertex 45.125 78.13156986040721 0
      vertex 46.97753248858406 82.54177867921643 0
      vertex 46.97753248858406 78.45822132078357 0
    endloop
  endfacet
  facet normal 0 0 -1
    outer loop
      vertex 46.97753248858406 78.45822132078357 0
      vertex 48.606622218577186 83.48233407336201 0
      vertex 48.606622218577186 77.51766592663799 0
    endloop
  endfacet
  facet normal 0 0 -1
    outer loop
      vertex 41.005957007315594 4.347509367036819 0
      vertex 40.11623273029579 6.04273734284977 0
      vertex 40.11623273029579 249.95726265715024 0
    endloop
  endfacet
  facet normal 0 0 -1
    outer loop
      vertex 41.005957007315594 4.347509367036819 0
      vertex 41.005957007315594 251.65249063296318 0
      vertex 42.58158045182986 3.2599350292583407 0
    endloop
  endfacet
  facet normal 0 0 -1
    outer loop
      vertex 43.91584529283875 76.69055539414559 0
      vertex 43.91584529283875 84.30944460585441 0
      vertex 45.125 82.86843013959279 0
    endloop
  endfacet
  facet normal 0 0 -1
    outer loop
      vertex 42.58158045182986 3.2599350292583407 0
      vertex 42.58158045182986 252.74006497074166 0
      vertex 43.91584529283875 8.309444605854411 0
    endloop
  endfacet
  facet normal 0 0 -1
    outer loop
      vertex 43.91584529283875 86.19055539414559 0
      vertex 45.125 92.36843013959279 0
      vertex 45.125 87.63156986040721 0
    endloop
  endfacet
  facet normal 0 0 -1
    outer loop
      vertex 43.91584529283875 8.309444605854411 0
      vertex 42.58158045182986 252.74006497074166 0
      vertex 43.91584529283875 10.190555394145589 0
    endloop
  endfacet
  facet normal 0 0 -1
    outer loop
      vertex 43.91584529283875 86.19055539414559 0
      vertex 43.91584529283875 93.80944460585441 0
      vertex 45.125 92.36843013959279 0
    endloop
  endfacet
  facet normal 0 0 -1
    outer loop
      vertex 43.91584529283875 10.190555394145589 0
      vertex 42.58158045182986 252.74006497074166 0
      vertex 43.91584529283875 17.80944460585441 0
    endloop
  endfacet
  facet normal 0 0 -1
    outer loop
      vertex 43.91584529283875 17.80944460585441 0
      vertex 42.58158045182986 252.74006497074166 0
      vertex 43.91584529283875 19.69055539414559 0
    endloop
  endfacet
  facet normal 0 0 -1
    outer loop
      vertex 45.125 78.13156986040721 0
      vertex 45.125 82.86843013959279 0
      vertex 46.97753248858406 82.54177867921643 0
    endloop
  endfacet
  facet normal 0 0 -1
    outer loop
      vertex 46.97753248858406 78.45822132078357 0
      vertex 46.97753248858406 82.54177867921643 0
      vertex 48.606622218577186 83.48233407336201 0
    endloop
  endfacet
  facet normal 0 0 -1
    outer loop
      vertex 45.125 87.63156986040721 0
      vertex 45.125 92.36843013959279 0
      vertex 46.97753248858406 92.04177867921643 0
    endloop
  endfacet
  facet normal 0 0 -1
    outer loop
      vertex 45.125 87.63156986040721 0
      vertex 46.97753248858406 92.04177867921643 0
      vertex 46.97753248858406 87.95822132078357 0
    endloop
  endfacet
  facet normal 0 0 -1
    outer loop
      vertex 46.97753248858406 87.95822132078357 0
      vertex 48.606622218577186 92.98233407336201 0
      vertex 48.606622218577186 87.01766592663799 0
    endloop
  endfacet
  facet normal 0 0 -1
    outer loop
      vertex 46.97753248858406 87.95822132078357 0
      vertex 46.97753248858406 92.04177867921643 0
      vertex 48.606622218577186 92.98233407336201 0
    endloop
  endfacet
  facet normal -1 0 0
    outer loop
      vertex 40.11623273029579 6.04273734284977 0
      vertex 40.11623273029579 6.04273734284977 0.6
      vertex 40.11623273029579 249.95726265715024 0.6
    endloop
  endfacet
  facet normal 0 0 1
    outer loop
      vertex 43.91584529283875 67.19055539414559 0.6
      vertex 45.125 68.63156986040721 0.6
      vertex 43.91584529283875 74.80944460585441 0.6
    endloop
  endfacet
  facet normal 0 0 1
    outer loop
      vertex 45.125 68.63156986040721 0.6
      vertex 45.125 73.36843013959279 0.6
      vertex 43.91584529283875 74.80944460585441 0.6
    endloop
  endfacet
  facet normal 0 0 1
    outer loop
      vertex 43.91584529283875 76.69055539414559 0.6
      vertex 45.125 78.13156986040721 0.6
      vertex 43.91584529283875 84.30944460585441 0.6
    endloop
  endfacet
  facet normal 0 0 1
    outer loop
      vertex 45.125 68.63156986040721 0.6
      vertex 46.97753248858406 68.95822132078357 0.6
      vertex 45.125 73.36843013959279 0.6
    endloop
  endfacet
  facet normal 0 0 1
    outer loop
      vertex 45.125 73.36843013959279 0.6
      vertex 46.97753248858406 68.95822132078357 0.6
      vertex 46.97753248858406 73.04177867921643 0.6
    endloop
  endfacet
  facet normal 0 0 1
    outer loop
      vertex 46.97753248858406 68.95822132078357 0.6
      vertex 48.606622218577186 68.01766592663799 0.6
      vertex 46.97753248858406 73.04177867921643 0.6
    endloop
  endfacet
  facet normal 0 0 1
    outer loop
      vertex 46.97753248858406 73.04177867921643 0.6
      vertex 48.606622218577186 68.01766592663799 0.6
      vertex 48.606622218577186 73.98233407336201 0.6
    endloop
  endfacet
  facet normal 0 0 1
    outer loop
      vertex 45.125 78.13156986040721 0.6
      vertex 46.97753248858406 78.45822132078357 0.6
      vertex 45.125 82.86843013959279 0.6
    endloop
  endfacet
  facet normal 0 0 1
    outer loop
      vertex 46.97753248858406 78.45822132078357 0.6
      vertex 48.606622218577186 77.51766592663799 0.6
      vertex 46.97753248858406 82.54177867921643 0.6
    endloop
  endfacet
  facet normal 0 0 1
    outer loop
      vertex 41.005957007315594 4.347509367036819 0.6
      vertex 40.11623273029579 249.95726265715024 0.6
      vertex 40.11623273029579 6.04273734284977 0.6
    endloop
  endfacet
  facet normal 0 0 1
    outer loop
      vertex 41.005957007315594 4.347509367036819 0.6
      vertex 42.58158045182986 3.2599350292583407 0.6
      vertex 41.005957007315594 251.65249063296318 0.6
    endloop
  endfacet
  facet normal 0 0 1
    outer loop
      vertex 45.125 78.13156986040721 0.6
      vertex 45.125 82.86843013959279 0.6
      vertex 43.91584529283875 84.30944460585441 0.6
    endloop
  endfacet
  facet normal 0 0 1
    outer loop
      vertex 42.58158045182986 3.2599350292583407 0.6
      vertex 43.91584529283875 8.309444605854411 0.6
      vertex 42.58158045182986 252.74006497074166 0.6
    endloop
  endfacet
  facet normal 0 0 1
    outer loop
      vertex 43.91584529283875 8.309444605854411 0.6
      vertex 43.91584529283875 10.190555394145589 0.6
      vertex 42.58158045182986 252.74006497074166 0.6
    endloop
  endfacet
  facet normal 0 0 1
    outer loop
      vertex 43.91584529283875 86.19055539414559 0.6
      vertex 45.125 87.63156986040721 0.6
      vertex 43.91584529283875 93.80944460585441 0.6
    endloop
  endfacet
  facet normal 0 0 1
    outer loop
      vertex 45.125 87.63156986040721 0.6
      vertex 45.125 92.36843013959279 0.6
      vertex 43.91584529283875 93.80944460585441 0.6
    endloop
  endfacet
  facet normal 0 0 1
    outer loop
      vertex 43.91584529283875 10.190555394145589 0.6
      vertex 43.91584529283875 17.80944460585441 0.6
      vertex 42.58158045182986 252.74006497074166 0.6
    endloop
  endfacet
  facet normal 0 0 1
    outer loop
      vertex 43.91584529283875 17.80944460585441 0.6
      vertex 43.91584529283875 19.69055539414559 0.6
      vertex 42.58158045182986 252.74006497074166 0.6
    endloop
  endfacet
  facet normal 0 0 1
    outer loop
      vertex 46.97753248858406 78.45822132078357 0.6
      vertex 46.97753248858406 82.54177867921643 0.6
      vertex 45.125 82.86843013959279 0.6
    endloop
  endfacet
  facet normal 0 0 1
    outer loop
      vertex 48.606622218577186 77.51766592663799 0.6
      vertex 48.606622218577186 83.48233407336201 0.6
      vertex 46.97753248858406 82.54177867921643 0.6
    endloop
  endfacet
  facet normal 0 0 1
    outer loop
      vertex 45.125 87.63156986040721 0.6
      vertex 46.97753248858406 87.95822132078357 0.6
      vertex 45.125 92.36843013959279 0.6
    endloop
  endfacet
  facet normal 0 0 1
    outer loop
      vertex 45.125 92.36843013959279 0.6
      vertex 46.97753248858406 87.95822132078357 0.6
      vertex 46.97753248858406 92.04177867921643 0.6
    endloop
  endfacet
  facet normal 0 0 1
    outer loop
      vertex 46.97753248858406 87.95822132078357 0.6
      vertex 48.606622218577186 87.01766592663799 0.6
      vertex 46.97753248858406 92.04177867921643 0.6
    endloop
  endfacet
  facet normal 0 0 1
    outer loop
      vertex 48.606622218577186 87.01766592663799 0.6
      vertex 48.606622218577186 92.98233407336201 0.6
      vertex 46.97753248858406 92.04177867921643 0.6
    endloop
  endfacet
  facet normal 0 0 1
    outer loop
      vertex 49.25 66.25 0.6
      vertex 57.989999999999995 73 0.6
      vertex 48.606622218577186 68.01766592663799 0.6
    endloop
  endfacet
  facet normal 0 0 1
    outer loop
      vertex 48.606622218577186 68.01766592663799 0.6
      vertex 57.989999999999995 73 0.6
      vertex 48.606622218577186 73.98233407336201 0.6
    endloop
  endfacet
  facet normal 0 0 1
    outer loop
      vertex 57.989999999999995 63 0.6
      vertex 57.989999999999995 73 0.6
      vertex 49.25 66.25 0.6
    endloop
  endfacet
  facet normal 0 0 1
    outer loop
      vertex 48.606622218577186 73.98233407336201 0.6
      vertex 57.989999999999995 73 0.6
      vertex 49.25 75.75 0.6
    endloop
  endfacet
  facet normal 0 0 1
    outer loop
      vertex 49.25 75.75 0.6
      vertex 57.989999999999995 78 0.6
      vertex 48.606622218577186 77.51766592663799 0.6
    endloop
  endfacet
  facet normal 0 0 1
    outer loop
      vertex 48.606622218577186 77.51766592663799 0.6
      vertex 57.989999999999995 78 0.6
      vertex 48.606622218577186 83.48233407336201 0.6
    endloop
  endfacet
  facet normal 0 0 1
    outer loop
      vertex 49.25 75.75 0.6
      vertex 57.989999999999995 73 0.6
      vertex 57.989999999999995 78 0.6
    endloop
  endfacet
  facet normal 0 0 1
    outer loop
      vertex 57.989999999999995 73 0.6
      vertex 58 73 0.6
      vertex 57.989999999999995 78 0.6
    endloop
  endfacet
  facet normal 0 0 1
    outer loop
      vertex 48.606622218577186 83.48233407336201 0.6
      vertex 57.989999999999995 78 0.6
      vertex 49.25 85.25 0.6
    endloop
  endfacet
  facet normal 0 0 1
    outer loop
      vertex 49.25 85.25 0.6
      vertex 57.989999999999995 88 0.6
      vertex 48.606622218577186 87.01766592663799 0.6
    endloop
  endfacet
  facet normal 0 0 1
    outer loop
      vertex 49.25 85.25 0.6
      vertex 57.989999999999995 78 0.6
      vertex 57.989999999999995 88 0.6
    endloop
  endfacet
  facet normal 0 0 1
    outer loop
      vertex 48.606622218577186 87.01766592663799 0.6
      vertex 57.989999999999995 88 0.6
      vertex 48.606622218577186 92.98233407336201 0.6
    endloop
  endfacet
  facet normal 0 0 1
    outer loop
      vertex 48.606622218577186 92.98233407336201 0.6
      vertex 57.989999999999995 93 0.6
      vertex 49.25 94.75 0.6
    endloop
  endfacet
  facet normal 0 0 1
    outer loop
      vertex 48.606622218577186 92.98233407336201 0.6
      vertex 57.989999999999995 88 0.6
      vertex 57.989999999999995 93 0.6
    endloop
  endfacet
  facet normal 0 0 1
    outer loop
      vertex 57.989999999999995 88 0.6
      vertex 58 88 0.6
      vertex 57.989999999999995 93 0.6
    endloop
  endfacet
  facet normal 0 0 -1
    outer loop
      vertex 43.91584529283875 19.69055539414559 0
      vertex 42.58158045182986 252.74006497074166 0
      vertex 43.91584529283875 27.30944460585441 0
    endloop
  endfacet
  facet normal 0 0 -1
    outer loop
      vertex 43.91584529283875 95.69055539414559 0
      vertex 45.125 101.86843013959279 0
      vertex 45.125 97.13156986040721 0
    endloop
  endfacet
  facet normal 0 0 -1
    outer loop
      vertex 43.91584529283875 95.69055539414559 0
      vertex 43.91584529283875 103.30944460585441 0
      vertex 45.125 101.86843013959279 0
    endloop
  endfacet
  facet normal 0 0 -1
    outer loop
      vertex 43.91584529283875 27.30944460585441 0
      vertex 42.58158045182986 252.74006497074166 0
      vertex 43.91584529283875 29.19055539414559 0
    endloop
  endfacet
  facet normal 0 0 -1
    outer loop
      vertex 43.91584529283875 29.19055539414559 0
      vertex 42.58158045182986 252.74006497074166 0
      vertex 43.91584529283875 36.80944460585441 0
    endloop
  endfacet
  facet normal 0 0 -1
    outer loop
      vertex 43.91584529283875 105.19055539414559 0
      vertex 45.125 111.36843013959279 0
      vertex 45.125 106.63156986040721 0
    endloop
  endfacet
  facet normal 0 0 -1
    outer loop
      vertex 43.91584529283875 36.80944460585441 0
      vertex 42.58158045182986 252.74006497074166 0
      vertex 43.91584529283875 38.69055539414559 0
    endloop
  endfacet
  facet normal 0 0 -1
    outer loop
      vertex 43.91584529283875 105.19055539414559 0
      vertex 43.91584529283875 112.80944460585441 0
      vertex 45.125 111.36843013959279 0
    endloop
  endfacet
  facet normal 0 0 -1
    outer loop
      vertex 45.125 97.13156986040721 0
      vertex 45.125 101.86843013959279 0
      vertex 46.97753248858406 101.54177867921643 0
    endloop
  endfacet
  facet normal 0 0 -1
    outer loop
      vertex 45.125 97.13156986040721 0
      vertex 46.97753248858406 101.54177867921643 0
      vertex 46.97753248858406 97.45822132078357 0
    endloop
  endfacet
  facet normal 0 0 -1
    outer loop
      vertex 46.97753248858406 97.45822132078357 0
      vertex 46.97753248858406 101.54177867921643 0
      vertex 48.606622218577186 102.48233407336201 0
    endloop
  endfacet
  facet normal 0 0 -1
    outer loop
      vertex 48.606622218577186 96.51766592663799 0
      vertex 46.97753248858406 97.45822132078357 0
      vertex 48.606622218577186 102.48233407336201 0
    endloop
  endfacet
  facet normal 0 0 -1
    outer loop
      vertex 45.125 106.63156986040721 0
      vertex 46.97753248858406 111.04177867921643 0
      vertex 46.97753248858406 106.95822132078357 0
    endloop
  endfacet
  facet normal 0 0 -1
    outer loop
      vertex 46.97753248858406 106.95822132078357 0
      vertex 48.606622218577186 111.98233407336201 0
      vertex 48.606622218577186 106.01766592663799 0
    endloop
  endfacet
  facet normal 0 0 -1
    outer loop
      vertex 45.125 106.63156986040721 0
      vertex 45.125 111.36843013959279 0
      vertex 46.97753248858406 111.04177867921643 0
    endloop
  endfacet
  facet normal 0 0 -1
    outer loop
      vertex 46.97753248858406 106.95822132078357 0
      vertex 46.97753248858406 111.04177867921643 0
      vertex 48.606622218577186 111.98233407336201 0
    endloop
  endfacet
  facet normal 0 0 -1
    outer loop
      vertex 43.91584529283875 38.69055539414559 0
      vertex 42.58158045182986 252.74006497074166 0
      vertex 43.91584529283875 46.30944460585441 0
    endloop
  endfacet
  facet normal 0 0 -1
    outer loop
      vertex 43.91584529283875 46.30944460585441 0
      vertex 42.58158045182986 252.74006497074166 0
      vertex 43.91584529283875 48.19055539414559 0
    endloop
  endfacet
  facet normal 0 0 -1
    outer loop
      vertex 43.91584529283875 48.19055539414559 0
      vertex 42.58158045182986 252.74006497074166 0
      vertex 43.91584529283875 55.80944460585441 0
    endloop
  endfacet
  facet normal 0 0 -1
    outer loop
      vertex 43.91584529283875 114.69055539414559 0
      vertex 45.125 120.86843013959279 0
      vertex 45.125 116.13156986040721 0
    endloop
  endfacet
  facet normal 0 0 -1
    outer loop
      vertex 43.91584529283875 114.69055539414559 0
      vertex 43.91584529283875 122.30944460585441 0
      vertex 45.125 120.86843013959279 0
    endloop
  endfacet
  facet normal 0 0 -1
    outer loop
      vertex 43.91584529283875 55.80944460585441 0
      vertex 42.58158045182986 252.74006497074166 0
      vertex 43.91584529283875 57.69055539414559 0
    endloop
  endfacet
  facet normal 0 0 -1
    outer loop
      vertex 43.91584529283875 57.69055539414559 0
      vertex 42.58158045182986 252.74006497074166 0
      vertex 43.91584529283875 65.30944460585441 0
    endloop
  endfacet
  facet normal 0 0 -1
    outer loop
      vertex 43.91584529283875 124.19055539414559 0
      vertex 45.125 130.3684301395928 0
      vertex 45.125 125.63156986040721 0
    endloop
  endfacet
  facet normal 0 0 -1
    outer loop
      vertex 45.125 116.13156986040721 0
      vertex 46.97753248858406 120.54177867921643 0
      vertex 46.97753248858406 116.45822132078357 0
    endloop
  endfacet
  facet normal 0 0 -1
    outer loop
      vertex 45.125 116.13156986040721 0
      vertex 45.125 120.86843013959279 0
      vertex 46.97753248858406 120.54177867921643 0
    endloop
  endfacet
  facet normal 0 0 -1
    outer loop
      vertex 46.97753248858406 116.45822132078357 0
      vertex 48.606622218577186 121.48233407336201 0
      vertex 48.606622218577186 115.51766592663799 0
    endloop
  endfacet
  facet normal 0 0 -1
    outer loop
      vertex 46.97753248858406 116.45822132078357 0
      vertex 46.97753248858406 120.54177867921643 0
      vertex 48.606622218577186 121.48233407336201 0
    endloop
  endfacet
  facet normal 0 0 -1
    outer loop
      vertex 45.125 125.63156986040721 0
      vertex 46.97753248858406 130.04177867921643 0
      vertex 46.97753248858406 125.95822132078357 0
    endloop
  endfacet
  facet normal 0 0 -1
    outer loop
      vertex 46.97753248858406 125.95822132078357 0
      vertex 48.606622218577186 130.982334073362 0
      vertex 48.606622218577186 125.01766592663799 0
    endloop
  endfacet
  facet normal 0 0 1
    outer loop
      vertex 43.91584529283875 19.69055539414559 0.6
      vertex 43.91584529283875 27.30944460585441 0.6
      vertex 42.58158045182986 252.74006497074166 0.6
    endloop
  endfacet
  facet normal 0 0 1
    outer loop
      vertex 43.91584529283875 95.69055539414559 0.6
      vertex 45.125 97.13156986040721 0.6
      vertex 43.91584529283875 103.30944460585441 0.6
    endloop
  endfacet
  facet normal 0 0 1
    outer loop
      vertex 43.91584529283875 27.30944460585441 0.6
      vertex 43.91584529283875 29.19055539414559 0.6
      vertex 42.58158045182986 252.74006497074166 0.6
    endloop
  endfacet
  facet normal 0 0 1
    outer loop
      vertex 45.125 97.13156986040721 0.6
      vertex 45.125 101.86843013959279 0.6
      vertex 43.91584529283875 103.30944460585441 0.6
    endloop
  endfacet
  facet normal 0 0 1
    outer loop
      vertex 43.91584529283875 29.19055539414559 0.6
      vertex 43.91584529283875 36.80944460585441 0.6
      vertex 42.58158045182986 252.74006497074166 0.6
    endloop
  endfacet
  facet normal 0 0 1
    outer loop
      vertex 43.91584529283875 105.19055539414559 0.6
      vertex 45.125 106.63156986040721 0.6
      vertex 43.91584529283875 112.80944460585441 0.6
    endloop
  endfacet
  facet normal 0 0 1
    outer loop
      vertex 43.91584529283875 36.80944460585441 0.6
      vertex 43.91584529283875 38.69055539414559 0.6
      vertex 42.58158045182986 252.74006497074166 0.6
    endloop
  endfacet
  facet normal 0 0 1
    outer loop
      vertex 45.125 106.63156986040721 0.6
      vertex 45.125 111.36843013959279 0.6
      vertex 43.91584529283875 112.80944460585441 0.6
    endloop
  endfacet
  facet normal 0 0 1
    outer loop
      vertex 45.125 97.13156986040721 0.6
      vertex 46.97753248858406 97.45822132078357 0.6
      vertex 45.125 101.86843013959279 0.6
    endloop
  endfacet
  facet normal 0 0 1
    outer loop
      vertex 45.125 101.86843013959279 0.6
      vertex 46.97753248858406 97.45822132078357 0.6
      vertex 46.97753248858406 101.54177867921643 0.6
    endloop
  endfacet
  facet normal 0 0 1
    outer loop
      vertex 48.606622218577186 96.51766592663799 0.6
      vertex 46.97753248858406 101.54177867921643 0.6
      vertex 46.97753248858406 97.45822132078357 0.6
    endloop
  endfacet
  facet normal 0 0 1
    outer loop
      vertex 48.606622218577186 96.51766592663799 0.6
      vertex 48.606622218577186 102.48233407336201 0.6
      vertex 46.97753248858406 101.54177867921643 0.6
    endloop
  endfacet
  facet normal 0 0 1
    outer loop
      vertex 45.125 106.63156986040721 0.6
      vertex 46.97753248858406 106.95822132078357 0.6
      vertex 45.125 111.36843013959279 0.6
    endloop
  endfacet
  facet normal 0 0 1
    outer loop
      vertex 46.97753248858406 106.95822132078357 0.6
      vertex 48.606622218577186 106.01766592663799 0.6
      vertex 46.97753248858406 111.04177867921643 0.6
    endloop
  endfacet
  facet normal 0 0 1
    outer loop
      vertex 45.125 111.36843013959279 0.6
      vertex 46.97753248858406 106.95822132078357 0.6
      vertex 46.97753248858406 111.04177867921643 0.6
    endloop
  endfacet
  facet normal 0 0 1
    outer loop
      vertex 46.97753248858406 111.04177867921643 0.6
      vertex 48.606622218577186 106.01766592663799 0.6
      vertex 48.606622218577186 111.98233407336201 0.6
    endloop
  endfacet
  facet normal 0 0 1
    outer loop
      vertex 43.91584529283875 38.69055539414559 0.6
      vertex 43.91584529283875 46.30944460585441 0.6
      vertex 42.58158045182986 252.74006497074166 0.6
    endloop
  endfacet
  facet normal 0 0 1
    outer loop
      vertex 43.91584529283875 46.30944460585441 0.6
      vertex 43.91584529283875 48.19055539414559 0.6
      vertex 42.58158045182986 252.74006497074166 0.6
    endloop
  endfacet
  facet normal 0 0 1
    outer loop
      vertex 43.91584529283875 48.19055539414559 0.6
      vertex 43.91584529283875 55.80944460585441 0.6
      vertex 42.58158045182986 252.74006497074166 0.6
    endloop
  endfacet
  facet normal 0 0 1
    outer loop
      vertex 43.91584529283875 114.69055539414559 0.6
      vertex 45.125 116.13156986040721 0.6
      vertex 43.91584529283875 122.30944460585441 0.6
    endloop
  endfacet
  facet normal 0 0 1
    outer loop
      vertex 45.125 116.13156986040721 0.6
      vertex 45.125 120.86843013959279 0.6
      vertex 43.91584529283875 122.30944460585441 0.6
    endloop
  endfacet
  facet normal 0 0 1
    outer loop
      vertex 43.91584529283875 55.80944460585441 0.6
      vertex 43.91584529283875 57.69055539414559 0.6
      vertex 42.58158045182986 252.74006497074166 0.6
    endloop
  endfacet
  facet normal 0 0 1
    outer loop
      vertex 43.91584529283875 57.69055539414559 0.6
      vertex 43.91584529283875 65.30944460585441 0.6
      vertex 42.58158045182986 252.74006497074166 0.6
    endloop
  endfacet
  facet normal 0 0 1
    outer loop
      vertex 43.91584529283875 124.19055539414559 0.6
      vertex 45.125 125.63156986040721 0.6
      vertex 43.91584529283875 131.80944460585442 0.6
    endloop
  endfacet
  facet normal 0 0 1
    outer loop
      vertex 45.125 116.13156986040721 0.6
      vertex 46.97753248858406 116.45822132078357 0.6
      vertex 45.125 120.86843013959279 0.6
    endloop
  endfacet
  facet normal 0 0 1
    outer loop
      vertex 45.125 120.86843013959279 0.6
      vertex 46.97753248858406 116.45822132078357 0.6
      vertex 46.97753248858406 120.54177867921643 0.6
    endloop
  endfacet
  facet normal 0 0 1
    outer loop
      vertex 46.97753248858406 116.45822132078357 0.6
      vertex 48.606622218577186 115.51766592663799 0.6
      vertex 46.97753248858406 120.54177867921643 0.6
    endloop
  endfacet
  facet normal 0 0 1
    outer loop
      vertex 48.606622218577186 115.51766592663799 0.6
      vertex 48.606622218577186 121.48233407336201 0.6
      vertex 46.97753248858406 120.54177867921643 0.6
    endloop
  endfacet
  facet normal 0 0 1
    outer loop
      vertex 45.125 125.63156986040721 0.6
      vertex 46.97753248858406 125.95822132078357 0.6
      vertex 45.125 130.3684301395928 0.6
    endloop
  endfacet
  facet normal 0 0 1
    outer loop
      vertex 46.97753248858406 125.95822132078357 0.6
      vertex 48.606622218577186 125.01766592663799 0.6
      vertex 46.97753248858406 130.04177867921643 0.6
    endloop
  endfacet
  facet normal 0 0 1
    outer loop
      vertex 49.25 94.75 0.6
      vertex 57.989999999999995 103 0.6
      vertex 48.606622218577186 96.51766592663799 0.6
    endloop
  endfacet
  facet normal 0 0 1
    outer loop
      vertex 48.606622218577186 96.51766592663799 0.6
      vertex 57.989999999999995 103 0.6
      vertex 48.606622218577186 102.48233407336201 0.6
    endloop
  endfacet
  facet normal 0 0 1
    outer loop
      vertex 48.606622218577186 102.48233407336201 0.6
      vertex 57.989999999999995 103 0.6
      vertex 49.25 104.25 0.6
    endloop
  endfacet
  facet normal 0 0 1
    outer loop
      vertex 49.25 94.75 0.6
      vertex 57.989999999999995 93 0.6
      vertex 57.989999999999995 103 0.6
    endloop
  endfacet
  facet normal 0 0 1
    outer loop
      vertex 49.25 104.25 0.6
      vertex 57.989999999999995 108 0.6
      vertex 48.606622218577186 106.01766592663799 0.6
    endloop
  endfacet
  facet normal 0 0 1
    outer loop
      vertex 48.606622218577186 106.01766592663799 0.6
      vertex 57.989999999999995 108 0.6
      vertex 48.606622218577186 111.98233407336201 0.6
    endloop
  endfacet
  facet normal 0 0 1
    outer loop
      vertex 48.606622218577186 111.98233407336201 0.6
      vertex 57.989999999999995 108 0.6
      vertex 49.25 113.75 0.6
    endloop
  endfacet
  facet normal 0 0 1
    outer loop
      vertex 49.25 104.25 0.6
      vertex 57.989999999999995 103 0.6
      vertex 57.989999999999995 108 0.6
    endloop
  endfacet
  facet normal 0 0 1
    outer loop
      vertex 57.989999999999995 103 0.6
      vertex 58 103 0.6
      vertex 57.989999999999995 108 0.6
    endloop
  endfacet
  facet normal 0 0 1
    outer loop
      vertex 49.25 113.75 0.6
      vertex 57.989999999999995 118 0.6
      vertex 48.606622218577186 115.51766592663799 0.6
    endloop
  endfacet
  facet normal 0 0 1
    outer loop
      vertex 48.606622218577186 115.51766592663799 0.6
      vertex 57.989999999999995 118 0.6
      vertex 48.606622218577186 121.48233407336201 0.6
    endloop
  endfacet
  facet normal 0 0 1
    outer loop
      vertex 49.25 113.75 0.6
      vertex 57.989999999999995 108 0.6
      vertex 57.989999999999995 118 0.6
    endloop
  endfacet
  facet normal 0 0 1
    outer loop
      vertex 48.606622218577186 121.48233407336201 0.6
      vertex 57.989999999999995 118 0.6
      vertex 49.25 123.25 0.6
    endloop
  endfacet
  facet normal 0 0 1
    outer loop
      vertex 49.25 123.25 0.6
      vertex 57.989999999999995 123 0.6
      vertex 48.606622218577186 125.01766592663799 0.6
    endloop
  endfacet
  facet normal 0 0 1
    outer loop
      vertex 48.606622218577186 125.01766592663799 0.6
      vertex 57.989999999999995 123 0.6
      vertex 48.606622218577186 130.982334073362 0.6
    endloop
  endfacet
  facet normal 0 0 1
    outer loop
      vertex 49.25 123.25 0.6
      vertex 57.989999999999995 118 0.6
      vertex 57.989999999999995 123 0.6
    endloop
  endfacet
  facet normal 0 0 1
    outer loop
      vertex 57.989999999999995 118 0.6
      vertex 58 118 0.6
      vertex 57.989999999999995 123 0.6
    endloop
  endfacet
  facet normal 0 0 1
    outer loop
      vertex 57.989999999999995 78 0.6
      vertex 58 73 0.6
      vertex 84 73 0.6
    endloop
  endfacet
  facet normal 0 0 1
    outer loop
      vertex 57.989999999999995 78 0.6
      vertex 84 73 0.6
      vertex 58 78 0.6
    endloop
  endfacet
  facet normal 0 0 1
    outer loop
      vertex 57.989999999999995 93 0.6
      vertex 58 88 0.6
      vertex 84 88 0.6
    endloop
  endfacet
  facet normal 0 0 1
    outer loop
      vertex 57.989999999999995 93 0.6
      vertex 84 88 0.6
      vertex 58 93 0.6
    endloop
  endfacet
  facet normal 0 0 1
    outer loop
      vertex 84 78 0.6
      vertex 58 78 0.6
      vertex 84 73 0.6
    endloop
  endfacet
  facet normal 0 0 1
    outer loop
      vertex 84 93 0.6
      vertex 58 93 0.6
      vertex 84 88 0.6
    endloop
  endfacet
  facet normal 0 0 1
    outer loop
      vertex 57.989999999999995 108 0.6
      vertex 58 103 0.6
      vertex 84 103 0.6
    endloop
  endfacet
  facet normal 0 0 1
    outer loop
      vertex 57.989999999999995 108 0.6
      vertex 84 103 0.6
      vertex 58 108 0.6
    endloop
  endfacet
  facet normal 0 0 1
    outer loop
      vertex 57.989999999999995 123 0.6
      vertex 58 118 0.6
      vertex 84 118 0.6
    endloop
  endfacet
  facet normal 0 0 1
    outer loop
      vertex 57.989999999999995 123 0.6
      vertex 84 118 0.6
      vertex 58 123 0.6
    endloop
  endfacet
  facet normal 0 0 1
    outer loop
      vertex 84 108 0.6
      vertex 58 108 0.6
      vertex 84 103 0.6
    endloop
  endfacet
  facet normal 0 0 1
    outer loop
      vertex 84 123 0.6
      vertex 58 123 0.6
      vertex 84 118 0.6
    endloop
  endfacet
  facet normal 0 -1 0
    outer loop
      vertex 44.482146721021294 3.0291645036077837 0
      vertex 212.48214672102128 3.0291645036077837 0
      vertex 44.482146721021294 3.0291645036077837 0.6
    endloop
  endfacet
  facet normal 0 0 -1
    outer loop
      vertex 44.482146721021294 3.0291645036077837 0
      vertex 46.97753248858406 6.541778679216428 0
      vertex 212.48214672102128 3.0291645036077837 0
    endloop
  endfacet
  facet normal 0 0 -1
    outer loop
      vertex 46.97753248858406 6.541778679216428 0
      vertex 48.606622218577186 7.482334073362017 0
      vertex 212.48214672102128 3.0291645036077837 0
    endloop
  endfacet
  facet normal 0 0 -1
    outer loop
      vertex 48.606622218577186 11.017665926637983 0
      vertex 48.606622218577186 16.98233407336202 0
      vertex 212.48214672102128 3.0291645036077837 0
    endloop
  endfacet
  facet normal 0 0 -1
    outer loop
      vertex 48.606622218577186 7.482334073362017 0
      vertex 49.25 9.25 0
      vertex 212.48214672102128 3.0291645036077837 0
    endloop
  endfacet
  facet normal 0 0 -1
    outer loop
      vertex 49.25 9.25 0
      vertex 48.606622218577186 11.017665926637983 0
      vertex 212.48214672102128 3.0291645036077837 0
    endloop
  endfacet
  facet normal 0 0 -1
    outer loop
      vertex 48.606622218577186 20.51766592663798 0
      vertex 48.606622218577186 26.48233407336202 0
      vertex 212.48214672102128 3.0291645036077837 0
    endloop
  endfacet
  facet normal 0 0 -1
    outer loop
      vertex 48.606622218577186 16.98233407336202 0
      vertex 49.25 18.75 0
      vertex 212.48214672102128 3.0291645036077837 0
    endloop
  endfacet
  facet normal 0 0 -1
    outer loop
      vertex 48.606622218577186 20.51766592663798 0
      vertex 212.48214672102128 3.0291645036077837 0
      vertex 49.25 18.75 0
    endloop
  endfacet
  facet normal 0 0 -1
    outer loop
      vertex 48.606622218577186 30.01766592663798 0
      vertex 48.606622218577186 35.98233407336202 0
      vertex 212.48214672102128 3.0291645036077837 0
    endloop
  endfacet
  facet normal 0 0 -1
    outer loop
      vertex 48.606622218577186 26.48233407336202 0
      vertex 49.25 28.25 0
      vertex 212.48214672102128 3.0291645036077837 0
    endloop
  endfacet
  facet normal 0 0 -1
    outer loop
      vertex 49.25 28.25 0
      vertex 48.606622218577186 30.01766592663798 0
      vertex 212.48214672102128 3.0291645036077837 0
    endloop
  endfacet
  facet normal 0 0 -1
    outer loop
      vertex 48.606622218577186 35.98233407336202 0
      vertex 49.25 37.75 0
      vertex 212.48214672102128 3.0291645036077837 0
    endloop
  endfacet
  facet normal 0 0 -1
    outer loop
      vertex 48.606622218577186 39.51766592663798 0
      vertex 48.606622218577186 45.48233407336202 0
      vertex 212.48214672102128 3.0291645036077837 0
    endloop
  endfacet
  facet normal 0 0 -1
    outer loop
      vertex 49.25 37.75 0
      vertex 48.606622218577186 39.51766592663798 0
      vertex 212.48214672102128 3.0291645036077837 0
    endloop
  endfacet
  facet normal 0 0 -1
    outer loop
      vertex 48.606622218577186 45.48233407336202 0
      vertex 49.25 47.25 0
      vertex 212.48214672102128 3.0291645036077837 0
    endloop
  endfacet
  facet normal 0 0 -1
    outer loop
      vertex 49.25 47.25 0
      vertex 48.606622218577186 49.01766592663798 0
      vertex 212.48214672102128 3.0291645036077837 0
    endloop
  endfacet
  facet normal 0 0 1
    outer loop
      vertex 84 18 0.6
      vertex 85 17.4 0.6
      vertex 85 28.6 0.6
    endloop
  endfacet
  facet normal 0 0 1
    outer loop
      vertex 85 28.6 0.6
      vertex 84 28 0.6
      vertex 84 18 0.6
    endloop
  endfacet
  facet normal 0 0 1
    outer loop
      vertex 86.2 18.4 0.6
      vertex 92.2 27.6 0.6
      vertex 86.2 27.6 0.6
    endloop
  endfacet
  facet normal 0 0 1
    outer loop
      vertex 84 28 0.6
      vertex 85 28.6 0.6
      vertex 85 32.4 0.6
    endloop
  endfacet
  facet normal 0 0 1
    outer loop
      vertex 85 28.6 0.6
      vertex 86.2 28.6 0.6
      vertex 85 32.4 0.6
    endloop
  endfacet
  facet normal 0 0 1
    outer loop
      vertex 86.2 32.4 0.6
      vertex 85 32.4 0.6
      vertex 86.2 28.6 0.6
    endloop
  endfacet
  facet normal 0 0 1
    outer loop
      vertex 86.2 32.4 0.6
      vertex 86.2 28.6 0.6
      vertex 92.2 28.6 0.6
    endloop
  endfacet
  facet normal 0 0 1
    outer loop
      vertex 86.2 18.4 0.6
      vertex 92.2 18.4 0.6
      vertex 92.2 27.6 0.6
    endloop
  endfacet
  facet normal 0 0 1
    outer loop
      vertex 44.482146721021294 3.0291645036077837 0.6
      vertex 212.48214672102128 3.0291645036077837 0.6
      vertex 46.97753248858406 6.541778679216428 0.6
    endloop
  endfacet
  facet normal 0 0 1
    outer loop
      vertex 46.97753248858406 6.541778679216428 0.6
      vertex 212.48214672102128 3.0291645036077837 0.6
      vertex 48.606622218577186 7.482334073362017 0.6
    endloop
  endfacet
  facet normal 0 0 1
    outer loop
      vertex 48.606622218577186 11.017665926637983 0.6
      vertex 212.48214672102128 3.0291645036077837 0.6
      vertex 48.606622218577186 16.98233407336202 0.6
    endloop
  endfacet
  facet normal 0 0 1
    outer loop
      vertex 48.606622218577186 7.482334073362017 0.6
      vertex 212.48214672102128 3.0291645036077837 0.6
      vertex 49.25 9.25 0.6
    endloop
  endfacet
  facet normal 0 0 1
    outer loop
      vertex 49.25 9.25 0.6
      vertex 212.48214672102128 3.0291645036077837 0.6
      vertex 48.606622218577186 11.017665926637983 0.6
    endloop
  endfacet
  facet normal 0 0 1
    outer loop
      vertex 48.606622218577186 16.98233407336202 0.6
      vertex 212.48214672102128 3.0291645036077837 0.6
      vertex 49.25 18.75 0.6
    endloop
  endfacet
  facet normal 0 0 -1
    outer loop
      vertex 48.606622218577186 49.01766592663798 0
      vertex 48.606622218577186 54.98233407336202 0
      vertex 212.48214672102128 3.0291645036077837 0
    endloop
  endfacet
  facet normal 0 0 -1
    outer loop
      vertex 48.606622218577186 58.51766592663798 0
      vertex 48.606622218577186 64.48233407336201 0
      vertex 212.48214672102128 3.0291645036077837 0
    endloop
  endfacet
  facet normal 0 0 -1
    outer loop
      vertex 48.606622218577186 54.98233407336202 0
      vertex 49.25 56.75 0
      vertex 212.48214672102128 3.0291645036077837 0
    endloop
  endfacet
  facet normal 0 0 -1
    outer loop
      vertex 49.25 56.75 0
      vertex 48.606622218577186 58.51766592663798 0
      vertex 212.48214672102128 3.0291645036077837 0
    endloop
  endfacet
  facet normal 0 0 -1
    outer loop
      vertex 48.606622218577186 68.01766592663799 0
      vertex 48.606622218577186 73.98233407336201 0
      vertex 212.48214672102128 3.0291645036077837 0
    endloop
  endfacet
  facet normal 0 0 -1
    outer loop
      vertex 48.606622218577186 64.48233407336201 0
      vertex 49.25 66.25 0
      vertex 212.48214672102128 3.0291645036077837 0
    endloop
  endfacet
  facet normal 0 0 -1
    outer loop
      vertex 49.25 66.25 0
      vertex 48.606622218577186 68.01766592663799 0
      vertex 212.48214672102128 3.0291645036077837 0
    endloop
  endfacet
  facet normal 0 0 -1
    outer loop
      vertex 48.606622218577186 77.51766592663799 0
      vertex 48.606622218577186 83.48233407336201 0
      vertex 212.48214672102128 3.0291645036077837 0
    endloop
  endfacet
  facet normal 0 0 -1
    outer loop
      vertex 48.606622218577186 73.98233407336201 0
      vertex 49.25 75.75 0
      vertex 212.48214672102128 3.0291645036077837 0
    endloop
  endfacet
  facet normal 0 0 -1
    outer loop
      vertex 49.25 75.75 0
      vertex 48.606622218577186 77.51766592663799 0
      vertex 212.48214672102128 3.0291645036077837 0
    endloop
  endfacet
  facet normal 0 0 -1
    outer loop
      vertex 48.606622218577186 83.48233407336201 0
      vertex 49.25 85.25 0
      vertex 212.48214672102128 3.0291645036077837 0
    endloop
  endfacet
  facet normal 0 0 -1
    outer loop
      vertex 48.606622218577186 87.01766592663799 0
      vertex 48.606622218577186 92.98233407336201 0
      vertex 212.48214672102128 3.0291645036077837 0
    endloop
  endfacet
  facet normal 0 0 -1
    outer loop
      vertex 49.25 85.25 0
      vertex 48.606622218577186 87.01766592663799 0
      vertex 212.48214672102128 3.0291645036077837 0
    endloop
  endfacet
  facet normal 0 0 -1
    outer loop
      vertex 48.606622218577186 92.98233407336201 0
      vertex 49.25 94.75 0
      vertex 212.48214672102128 3.0291645036077837 0
    endloop
  endfacet
  facet normal 0 0 -1
    outer loop
      vertex 49.25 94.75 0
      vertex 48.606622218577186 96.51766592663799 0
      vertex 212.48214672102128 3.0291645036077837 0
    endloop
  endfacet
  facet normal 0 0 1
    outer loop
      vertex 84 33 0.6
      vertex 84 28 0.6
      vertex 85 43.599999999999994 0.6
    endloop
  endfacet
  facet normal 0 0 1
    outer loop
      vertex 84 28 0.6
      vertex 85 32.4 0.6
      vertex 85 43.599999999999994 0.6
    endloop
  endfacet
  facet normal 0 0 1
    outer loop
      vertex 85 43.599999999999994 0.6
      vertex 84 43 0.6
      vertex 84 33 0.6
    endloop
  endfacet
  facet normal 0 0 1
    outer loop
      vertex 86.2 33.4 0.6
      vertex 92.2 42.599999999999994 0.6
      vertex 86.2 42.599999999999994 0.6
    endloop
  endfacet
  facet normal 0 0 1
    outer loop
      vertex 84 43 0.6
      vertex 85 43.599999999999994 0.6
      vertex 85 47.4 0.6
    endloop
  endfacet
  facet normal 0 0 1
    outer loop
      vertex 85 47.4 0.6
      vertex 85 43.599999999999994 0.6
      vertex 86.2 43.599999999999994 0.6
    endloop
  endfacet
  facet normal 0 0 1
    outer loop
      vertex 84 48 0.6
      vertex 84 43 0.6
      vertex 85 58.599999999999994 0.6
    endloop
  endfacet
  facet normal 0 0 1
    outer loop
      vertex 84 43 0.6
      vertex 85 47.4 0.6
      vertex 85 58.599999999999994 0.6
    endloop
  endfacet
  facet normal 0 0 1
    outer loop
      vertex 85 47.4 0.6
      vertex 86.2 43.599999999999994 0.6
      vertex 92.2 43.599999999999994 0.6
    endloop
  endfacet
  facet normal 0 0 1
    outer loop
      vertex 86.2 33.4 0.6
      vertex 92.2 33.4 0.6
      vertex 92.2 42.599999999999994 0.6
    endloop
  endfacet
  facet normal 0 0 1
    outer loop
      vertex 85 58.599999999999994 0.6
      vertex 84 58 0.6
      vertex 84 48 0.6
    endloop
  endfacet
  facet normal 0 0 1
    outer loop
      vertex 86.2 48.4 0.6
      vertex 92.2 57.599999999999994 0.6
      vertex 86.2 57.599999999999994 0.6
    endloop
  endfacet
  facet normal 0 0 1
    outer loop
      vertex 84 58 0.6
      vertex 85 58.599999999999994 0.6
      vertex 85 62.4 0.6
    endloop
  endfacet
  facet normal 0 0 1
    outer loop
      vertex 85 62.4 0.6
      vertex 85 58.599999999999994 0.6
      vertex 86.2 58.599999999999994 0.6
    endloop
  endfacet
  facet normal 0 0 1
    outer loop
      vertex 84 63 0.6
      vertex 84 58 0.6
      vertex 85 73.6 0.6
    endloop
  endfacet
  facet normal 0 0 1
    outer loop
      vertex 84 58 0.6
      vertex 85 62.4 0.6
      vertex 85 73.6 0.6
    endloop
  endfacet
  facet normal 0 0 1
    outer loop
      vertex 85 62.4 0.6
      vertex 86.2 58.599999999999994 0.6
      vertex 92.2 58.599999999999994 0.6
    endloop
  endfacet
  facet normal 0 0 1
    outer loop
      vertex 86.2 48.4 0.6
      vertex 92.2 48.4 0.6
      vertex 92.2 57.599999999999994 0.6
    endloop
  endfacet
  facet normal 0 0 1
    outer loop
      vertex 49.25 18.75 0.6
      vertex 212.48214672102128 3.0291645036077837 0.6
      vertex 57.989999999999995 18 0.6
    endloop
  endfacet
  facet normal 0 0 1
    outer loop
      vertex 57.989999999999995 18 0.6
      vertex 212.48214672102128 3.0291645036077837 0.6
      vertex 58 18 0.6
    endloop
  endfacet
  facet normal 0 0 1
    outer loop
      vertex 212.48214672102128 3.0291645036077837 0.6
      vertex 85 17.4 0.6
      vertex 58 18 0.6
    endloop
  endfacet
  facet normal 0 0 1
    outer loop
      vertex 212.48214672102128 3.0291645036077837 0.6
      vertex 86.2 17.4 0.6
      vertex 85 17.4 0.6
    endloop
  endfacet
  facet normal 0 0 1
    outer loop
      vertex 85 47.4 0.6
      vertex 209 43.599999999999994 0.6
      vertex 86.2 47.4 0.6
    endloop
  endfacet
  facet normal 0 0 1
    outer loop
      vertex 85 62.4 0.6
      vertex 209 58.599999999999994 0.6
      vertex 86.2 62.4 0.6
    endloop
  endfacet
  facet normal 0 0 -1
    outer loop
      vertex 48.606622218577186 96.51766592663799 0
      vertex 48.606622218577186 102.48233407336201 0
      vertex 212.48214672102128 3.0291645036077837 0
    endloop
  endfacet
  facet normal 0 0 -1
    outer loop
      vertex 48.606622218577186 102.48233407336201 0
      vertex 49.25 104.25 0
      vertex 212.48214672102128 3.0291645036077837 0
    endloop
  endfacet
  facet normal 0 0 -1
    outer loop
      vertex 49.25 104.25 0
      vertex 48.606622218577186 106.01766592663799 0
      vertex 212.48214672102128 3.0291645036077837 0
    endloop
  endfacet
  facet normal 0 0 -1
    outer loop
      vertex 48.606622218577186 106.01766592663799 0
      vertex 48.606622218577186 111.98233407336201 0
      vertex 212.48214672102128 3.0291645036077837 0
    endloop
  endfacet
  facet normal 0 0 -1
    outer loop
      vertex 48.606622218577186 115.51766592663799 0
      vertex 48.606622218577186 121.48233407336201 0
      vertex 212.48214672102128 3.0291645036077837 0
    endloop
  endfacet
  facet normal 0 0 -1
    outer loop
      vertex 48.606622218577186 111.98233407336201 0
      vertex 49.25 113.75 0
      vertex 212.48214672102128 3.0291645036077837 0
    endloop
  endfacet
  facet normal 0 0 -1
    outer loop
      vertex 49.25 113.75 0
      vertex 48.606622218577186 115.51766592663799 0
      vertex 212.48214672102128 3.0291645036077837 0
    endloop
  endfacet
  facet normal 0 0 -1
    outer loop
      vertex 48.606622218577186 125.01766592663799 0
      vertex 48.606622218577186 130.982334073362 0
      vertex 212.48214672102128 3.0291645036077837 0
    endloop
  endfacet
  facet normal 0 0 -1
    outer loop
      vertex 48.606622218577186 121.48233407336201 0
      vertex 49.25 123.25 0
      vertex 212.48214672102128 3.0291645036077837 0
    endloop
  endfacet
  facet normal 0 0 -1
    outer loop
      vertex 49.25 123.25 0
      vertex 48.606622218577186 125.01766592663799 0
      vertex 212.48214672102128 3.0291645036077837 0
    endloop
  endfacet
  facet normal 0 0 -1
    outer loop
      vertex 48.606622218577186 130.982334073362 0
      vertex 49.25 132.75 0
      vertex 212.48214672102128 3.0291645036077837 0
    endloop
  endfacet
  facet normal 0 0 -1
    outer loop
      vertex 48.606622218577186 134.517665926638 0
      vertex 48.606622218577186 140.482334073362 0
      vertex 212.48214672102128 3.0291645036077837 0
    endloop
  endfacet
  facet normal 0 0 -1
    outer loop
      vertex 49.25 132.75 0
      vertex 48.606622218577186 134.517665926638 0
      vertex 212.48214672102128 3.0291645036077837 0
    endloop
  endfacet
  facet normal 0 0 -1
    outer loop
      vertex 48.606622218577186 140.482334073362 0
      vertex 49.25 142.25 0
      vertex 212.48214672102128 3.0291645036077837 0
    endloop
  endfacet
  facet normal 0 0 -1
    outer loop
      vertex 49.25 142.25 0
      vertex 48.606622218577186 144.017665926638 0
      vertex 212.48214672102128 3.0291645036077837 0
    endloop
  endfacet
  facet normal 0 0 1
    outer loop
      vertex 85 73.6 0.6
      vertex 84 73 0.6
      vertex 84 63 0.6
    endloop
  endfacet
  facet normal 0 0 1
    outer loop
      vertex 86.2 63.4 0.6
      vertex 92.2 72.6 0.6
      vertex 86.2 72.6 0.6
    endloop
  endfacet
  facet normal 0 0 1
    outer loop
      vertex 84 73 0.6
      vertex 85 73.6 0.6
      vertex 85 77.4 0.6
    endloop
  endfacet
  facet normal 0 0 1
    outer loop
      vertex 85 77.4 0.6
      vertex 85 73.6 0.6
      vertex 86.2 73.6 0.6
    endloop
  endfacet
  facet normal 0 0 1
    outer loop
      vertex 84 78 0.6
      vertex 84 73 0.6
      vertex 85 88.60000000000001 0.6
    endloop
  endfacet
  facet normal 0 0 1
    outer loop
      vertex 84 73 0.6
      vertex 85 77.4 0.6
      vertex 85 88.60000000000001 0.6
    endloop
  endfacet
  facet normal 0 0 1
    outer loop
      vertex 85 77.4 0.6
      vertex 86.2 73.6 0.6
      vertex 92.2 73.6 0.6
    endloop
  endfacet
  facet normal 0 0 1
    outer loop
      vertex 85 77.4 0.6
      vertex 92.2 73.6 0.6
      vertex 86.2 77.4 0.6
    endloop
  endfacet
  facet normal 0 0 1
    outer loop
      vertex 86.2 63.4 0.6
      vertex 92.2 63.4 0.6
      vertex 92.2 72.6 0.6
    endloop
  endfacet
  facet normal 0 0 1
    outer loop
      vertex 92.2 73.6 0.6
      vertex 92.2 77.4 0.6
      vertex 86.2 77.4 0.6
    endloop
  endfacet
  facet normal 0 0 1
    outer loop
      vertex 84 88 0.6
      vertex 84 78 0.6
      vertex 85 88.60000000000001 0.6
    endloop
  endfacet
  facet normal 0 0 1
    outer loop
      vertex 86.2 78.4 0.6
      vertex 92.2 78.4 0.6
      vertex 86.2 87.60000000000001 0.6
    endloop
  endfacet
  facet normal 0 0 1
    outer loop
      vertex 84 93 0.6
      vertex 84 88 0.6
      vertex 85 88.60000000000001 0.6
    endloop
  endfacet
  facet normal 0 0 1
    outer loop
      vertex 84 93 0.6
      vertex 85 88.60000000000001 0.6
      vertex 86.2 88.60000000000001 0.6
    endloop
  endfacet
  facet normal 0 0 1
    outer loop
      vertex 84 93 0.6
      vertex 86.2 88.60000000000001 0.6
      vertex 85 92.4 0.6
    endloop
  endfacet
  facet normal 0 0 1
    outer loop
      vertex 86.2 88.60000000000001 0.6
      vertex 86.2 92.4 0.6
      vertex 85 92.4 0.6
    endloop
  endfacet
  facet normal 0 0 1
    outer loop
      vertex 84 93 0.6
      vertex 85 92.4 0.6
      vertex 85 103.60000000000001 0.6
    endloop
  endfacet
  facet normal 0 0 1
    outer loop
      vertex 86.2 88.60000000000001 0.6
      vertex 92.2 92.4 0.6
      vertex 86.2 92.4 0.6
    endloop
  endfacet
  facet normal 0 0 1
    outer loop
      vertex 86.2 93.4 0.6
      vertex 92.2 93.4 0.6
      vertex 86.2 102.60000000000001 0.6
    endloop
  endfacet
  facet normal 0 0 1
    outer loop
      vertex 86.2 88.60000000000001 0.6
      vertex 92.2 88.60000000000001 0.6
      vertex 92.2 92.4 0.6
    endloop
  endfacet
  facet normal 0 0 -1
    outer loop
      vertex 48.606622218577186 144.017665926638 0
      vertex 48.606622218577186 149.982334073362 0
      vertex 212.48214672102128 3.0291645036077837 0
    endloop
  endfacet
  facet normal 0 0 -1
    outer loop
      vertex 48.606622218577186 149.982334073362 0
      vertex 49.25 151.75 0
      vertex 212.48214672102128 3.0291645036077837 0
    endloop
  endfacet
  facet normal 0 0 -1
    outer loop
      vertex 49.25 151.75 0
      vertex 48.606622218577186 153.517665926638 0
      vertex 212.48214672102128 3.0291645036077837 0
    endloop
  endfacet
  facet normal 0 0 -1
    outer loop
      vertex 48.606622218577186 153.517665926638 0
      vertex 48.606622218577186 159.482334073362 0
      vertex 212.48214672102128 3.0291645036077837 0
    endloop
  endfacet
  facet normal 0 0 -1
    outer loop
      vertex 48.606622218577186 163.017665926638 0
      vertex 48.606622218577186 168.982334073362 0
      vertex 212.48214672102128 3.0291645036077837 0
    endloop
  endfacet
  facet normal 0 0 -1
    outer loop
      vertex 48.606622218577186 159.482334073362 0
      vertex 49.25 161.25 0
      vertex 212.48214672102128 3.0291645036077837 0
    endloop
  endfacet
  facet normal 0 0 -1
    outer loop
      vertex 48.606622218577186 163.017665926638 0
      vertex 212.48214672102128 3.0291645036077837 0
      vertex 49.25 161.25 0
    endloop
  endfacet
  facet normal 0 0 -1
    outer loop
      vertex 48.606622218577186 172.517665926638 0
      vertex 48.606622218577186 178.482334073362 0
      vertex 212.48214672102128 3.0291645036077837 0
    endloop
  endfacet
  facet normal 0 0 -1
    outer loop
      vertex 48.606622218577186 168.982334073362 0
      vertex 49.25 170.75 0
      vertex 212.48214672102128 3.0291645036077837 0
    endloop
  endfacet
  facet normal 0 0 -1
    outer loop
      vertex 49.25 170.75 0
      vertex 48.606622218577186 172.517665926638 0
      vertex 212.48214672102128 3.0291645036077837 0
    endloop
  endfacet
  facet normal 0 0 -1
    outer loop
      vertex 48.606622218577186 182.017665926638 0
      vertex 48.606622218577186 187.982334073362 0
      vertex 212.48214672102128 3.0291645036077837 0
    endloop
  endfacet
  facet normal 0 0 -1
    outer loop
      vertex 48.606622218577186 178.482334073362 0
      vertex 49.25 180.25 0
      vertex 212.48214672102128 3.0291645036077837 0
    endloop
  endfacet
  facet normal 0 0 -1
    outer loop
      vertex 49.25 180.25 0
      vertex 48.606622218577186 182.017665926638 0
      vertex 212.48214672102128 3.0291645036077837 0
    endloop
  endfacet
  facet normal 0 0 -1
    outer loop
      vertex 48.606622218577186 187.982334073362 0
      vertex 49.25 189.75 0
      vertex 212.48214672102128 3.0291645036077837 0
    endloop
  endfacet
  facet normal 0 0 1
    outer loop
      vertex 84 103 0.6
      vertex 84 93 0.6
      vertex 85 103.60000000000001 0.6
    endloop
  endfacet
  facet normal 0 0 1
    outer loop
      vertex 84 108 0.6
      vertex 84 103 0.6
      vertex 85 103.60000000000001 0.6
    endloop
  endfacet
  facet normal 0 0 1
    outer loop
      vertex 84 108 0.6
      vertex 85 103.60000000000001 0.6
      vertex 86.2 103.60000000000001 0.6
    endloop
  endfacet
  facet normal 0 0 1
    outer loop
      vertex 84 108 0.6
      vertex 86.2 103.60000000000001 0.6
      vertex 85 107.4 0.6
    endloop
  endfacet
  facet normal 0 0 1
    outer loop
      vertex 86.2 103.60000000000001 0.6
      vertex 86.2 107.4 0.6
      vertex 85 107.4 0.6
    endloop
  endfacet
  facet normal 0 0 1
    outer loop
      vertex 84 108 0.6
      vertex 85 107.4 0.6
      vertex 85 118.60000000000001 0.6
    endloop
  endfacet
  facet normal 0 0 1
    outer loop
      vertex 86.2 103.60000000000001 0.6
      vertex 92.2 107.4 0.6
      vertex 86.2 107.4 0.6
    endloop
  endfacet
  facet normal 0 0 1
    outer loop
      vertex 86.2 108.4 0.6
      vertex 92.2 108.4 0.6
      vertex 86.2 117.60000000000001 0.6
    endloop
  endfacet
  facet normal 0 0 1
    outer loop
      vertex 86.2 103.60000000000001 0.6
      vertex 92.2 103.60000000000001 0.6
      vertex 92.2 107.4 0.6
    endloop
  endfacet
  facet normal 0 0 1
    outer loop
      vertex 84 108 0.6
      vertex 85 118.60000000000001 0.6
      vertex 84 118 0.6
    endloop
  endfacet
  facet normal 0 0 1
    outer loop
      vertex 84 123 0.6
      vertex 84 118 0.6
      vertex 85 118.60000000000001 0.6
    endloop
  endfacet
  facet normal 0 0 1
    outer loop
      vertex 84 123 0.6
      vertex 85 118.60000000000001 0.6
      vertex 86.2 118.60000000000001 0.6
    endloop
  endfacet
  facet normal 0 0 1
    outer loop
      vertex 84 123 0.6
      vertex 86.2 118.60000000000001 0.6
      vertex 85 122.4 0.6
    endloop
  endfacet
  facet normal 0 0 1
    outer loop
      vertex 86.2 118.60000000000001 0.6
      vertex 86.2 122.4 0.6
      vertex 85 122.4 0.6
    endloop
  endfacet
  facet normal 0 0 1
    outer loop
      vertex 84 123 0.6
      vertex 85 122.4 0.6
      vertex 85 133.6 0.6
    endloop
  endfacet
  facet normal 0 0 1
    outer loop
      vertex 86.2 118.60000000000001 0.6
      vertex 92.2 122.4 0.6
      vertex 86.2 122.4 0.6
    endloop
  endfacet
  facet normal 0 0 1
    outer loop
      vertex 86.2 123.4 0.6
      vertex 92.2 123.4 0.6
      vertex 86.2 132.6 0.6
    endloop
  endfacet
  facet normal 0 0 1
    outer loop
      vertex 86.2 118.60000000000001 0.6
      vertex 92.2 118.60000000000001 0.6
      vertex 92.2 122.4 0.6
    endloop
  endfacet
  facet normal 0 0 -1
    outer loop
      vertex 43.91584529283875 65.30944460585441 0
      vertex 42.58158045182986 252.74006497074166 0
      vertex 43.91584529283875 67.19055539414559 0
    endloop
  endfacet
  facet normal 0 0 -1
    outer loop
      vertex 43.91584529283875 67.19055539414559 0
      vertex 42.58158045182986 252.74006497074166 0
      vertex 43.91584529283875 74.80944460585441 0
    endloop
  endfacet
  facet normal 0 0 -1
    outer loop
      vertex 43.91584529283875 124.19055539414559 0
      vertex 43.91584529283875 131.80944460585442 0
      vertex 45.125 130.3684301395928 0
    endloop
  endfacet
  facet normal 0 0 -1
    outer loop
      vertex 43.91584529283875 74.80944460585441 0
      vertex 42.58158045182986 252.74006497074166 0
      vertex 43.91584529283875 76.69055539414559 0
    endloop
  endfacet
  facet normal 0 0 -1
    outer loop
      vertex 43.91584529283875 76.69055539414559 0
      vertex 42.58158045182986 252.74006497074166 0
      vertex 43.91584529283875 84.30944460585441 0
    endloop
  endfacet
  facet normal 0 0 -1
    outer loop
      vertex 43.91584529283875 133.69055539414558 0
      vertex 45.125 139.8684301395928 0
      vertex 45.125 135.1315698604072 0
    endloop
  endfacet
  facet normal 0 0 -1
    outer loop
      vertex 43.91584529283875 133.69055539414558 0
      vertex 43.91584529283875 141.30944460585442 0
      vertex 45.125 139.8684301395928 0
    endloop
  endfacet
  facet normal 0 0 -1
    outer loop
      vertex 43.91584529283875 84.30944460585441 0
      vertex 42.58158045182986 252.74006497074166 0
      vertex 43.91584529283875 86.19055539414559 0
    endloop
  endfacet
  facet normal 0 0 -1
    outer loop
      vertex 45.125 125.63156986040721 0
      vertex 45.125 130.3684301395928 0
      vertex 46.97753248858406 130.04177867921643 0
    endloop
  endfacet
  facet normal 0 0 -1
    outer loop
      vertex 46.97753248858406 125.95822132078357 0
      vertex 46.97753248858406 130.04177867921643 0
      vertex 48.606622218577186 130.982334073362 0
    endloop
  endfacet
  facet normal 0 0 -1
    outer loop
      vertex 45.125 135.1315698604072 0
      vertex 46.97753248858406 139.54177867921643 0
      vertex 46.97753248858406 135.45822132078357 0
    endloop
  endfacet
  facet normal 0 0 -1
    outer loop
      vertex 45.125 135.1315698604072 0
      vertex 45.125 139.8684301395928 0
      vertex 46.97753248858406 139.54177867921643 0
    endloop
  endfacet
  facet normal 0 0 -1
    outer loop
      vertex 46.97753248858406 135.45822132078357 0
      vertex 48.606622218577186 140.482334073362 0
      vertex 48.606622218577186 134.517665926638 0
    endloop
  endfacet
  facet normal 0 0 -1
    outer loop
      vertex 46.97753248858406 135.45822132078357 0
      vertex 46.97753248858406 139.54177867921643 0
      vertex 48.606622218577186 140.482334073362 0
    endloop
  endfacet
  facet normal 0 0 -1
    outer loop
      vertex 43.91584529283875 86.19055539414559 0
      vertex 42.58158045182986 252.74006497074166 0
      vertex 43.91584529283875 93.80944460585441 0
    endloop
  endfacet
  facet normal 0 0 -1
    outer loop
      vertex 43.91584529283875 93.80944460585441 0
      vertex 42.58158045182986 252.74006497074166 0
      vertex 43.91584529283875 95.69055539414559 0
    endloop
  endfacet
  facet normal 0 0 -1
    outer loop
      vertex 43.91584529283875 143.19055539414558 0
      vertex 45.125 149.3684301395928 0
      vertex 45.125 144.6315698604072 0
    endloop
  endfacet
  facet normal 0 0 -1
    outer loop
      vertex 43.91584529283875 95.69055539414559 0
      vertex 42.58158045182986 252.74006497074166 0
      vertex 43.91584529283875 103.30944460585441 0
    endloop
  endfacet
  facet normal 0 0 -1
    outer loop
      vertex 43.91584529283875 143.19055539414558 0
      vertex 43.91584529283875 150.80944460585442 0
      vertex 45.125 149.3684301395928 0
    endloop
  endfacet
  facet normal 0 0 -1
    outer loop
      vertex 43.91584529283875 103.30944460585441 0
      vertex 42.58158045182986 252.74006497074166 0
      vertex 43.91584529283875 105.19055539414559 0
    endloop
  endfacet
  facet normal 0 0 -1
    outer loop
      vertex 43.91584529283875 152.69055539414558 0
      vertex 45.125 158.8684301395928 0
      vertex 45.125 154.1315698604072 0
    endloop
  endfacet
  facet normal 0 0 -1
    outer loop
      vertex 43.91584529283875 105.19055539414559 0
      vertex 42.58158045182986 252.74006497074166 0
      vertex 43.91584529283875 112.80944460585441 0
    endloop
  endfacet
  facet normal 0 0 -1
    outer loop
      vertex 43.91584529283875 152.69055539414558 0
      vertex 43.91584529283875 160.30944460585442 0
      vertex 45.125 158.8684301395928 0
    endloop
  endfacet
  facet normal 0 0 -1
    outer loop
      vertex 45.125 144.6315698604072 0
      vertex 46.97753248858406 149.04177867921643 0
      vertex 46.97753248858406 144.95822132078357 0
    endloop
  endfacet
  facet normal 0 0 -1
    outer loop
      vertex 46.97753248858406 144.95822132078357 0
      vertex 48.606622218577186 149.982334073362 0
      vertex 48.606622218577186 144.017665926638 0
    endloop
  endfacet
  facet normal 0 0 -1
    outer loop
      vertex 45.125 144.6315698604072 0
      vertex 45.125 149.3684301395928 0
      vertex 46.97753248858406 149.04177867921643 0
    endloop
  endfacet
  facet normal 0 0 -1
    outer loop
      vertex 46.97753248858406 144.95822132078357 0
      vertex 46.97753248858406 149.04177867921643 0
      vertex 48.606622218577186 149.982334073362 0
    endloop
  endfacet
  facet normal 0 0 -1
    outer loop
      vertex 45.125 154.1315698604072 0
      vertex 45.125 158.8684301395928 0
      vertex 46.97753248858406 158.54177867921643 0
    endloop
  endfacet
  facet normal 0 0 -1
    outer loop
      vertex 45.125 154.1315698604072 0
      vertex 46.97753248858406 158.54177867921643 0
      vertex 46.97753248858406 154.45822132078357 0
    endloop
  endfacet
  facet normal 0 0 -1
    outer loop
      vertex 46.97753248858406 154.45822132078357 0
      vertex 48.606622218577186 159.482334073362 0
      vertex 48.606622218577186 153.517665926638 0
    endloop
  endfacet
  facet normal 0 0 -1
    outer loop
      vertex 46.97753248858406 154.45822132078357 0
      vertex 46.97753248858406 158.54177867921643 0
      vertex 48.606622218577186 159.482334073362 0
    endloop
  endfacet
  facet normal 0 0 1
    outer loop
      vertex 43.91584529283875 65.30944460585441 0.6
      vertex 43.91584529283875 67.19055539414559 0.6
      vertex 42.58158045182986 252.74006497074166 0.6
    endloop
  endfacet
  facet normal 0 0 1
    outer loop
      vertex 43.91584529283875 67.19055539414559 0.6
      vertex 43.91584529283875 74.80944460585441 0.6
      vertex 42.58158045182986 252.74006497074166 0.6
    endloop
  endfacet
  facet normal 0 0 1
    outer loop
      vertex 45.125 125.63156986040721 0.6
      vertex 45.125 130.3684301395928 0.6
      vertex 43.91584529283875 131.80944460585442 0.6
    endloop
  endfacet
  facet normal 0 0 1
    outer loop
      vertex 43.91584529283875 74.80944460585441 0.6
      vertex 43.91584529283875 76.69055539414559 0.6
      vertex 42.58158045182986 252.74006497074166 0.6
    endloop
  endfacet
  facet normal 0 0 1
    outer loop
      vertex 43.91584529283875 76.69055539414559 0.6
      vertex 43.91584529283875 84.30944460585441 0.6
      vertex 42.58158045182986 252.74006497074166 0.6
    endloop
  endfacet
  facet normal 0 0 1
    outer loop
      vertex 43.91584529283875 133.69055539414558 0.6
      vertex 45.125 135.1315698604072 0.6
      vertex 43.91584529283875 141.30944460585442 0.6
    endloop
  endfacet
  facet normal 0 0 1
    outer loop
      vertex 45.125 135.1315698604072 0.6
      vertex 45.125 139.8684301395928 0.6
      vertex 43.91584529283875 141.30944460585442 0.6
    endloop
  endfacet
  facet normal 0 0 1
    outer loop
      vertex 43.91584529283875 84.30944460585441 0.6
      vertex 43.91584529283875 86.19055539414559 0.6
      vertex 42.58158045182986 252.74006497074166 0.6
    endloop
  endfacet
  facet normal 0 0 1
    outer loop
      vertex 46.97753248858406 125.95822132078357 0.6
      vertex 46.97753248858406 130.04177867921643 0.6
      vertex 45.125 130.3684301395928 0.6
    endloop
  endfacet
  facet normal 0 0 1
    outer loop
      vertex 48.606622218577186 125.01766592663799 0.6
      vertex 48.606622218577186 130.982334073362 0.6
      vertex 46.97753248858406 130.04177867921643 0.6
    endloop
  endfacet
  facet normal 0 0 1
    outer loop
      vertex 45.125 135.1315698604072 0.6
      vertex 46.97753248858406 135.45822132078357 0.6
      vertex 45.125 139.8684301395928 0.6
    endloop
  endfacet
  facet normal 0 0 1
    outer loop
      vertex 45.125 139.8684301395928 0.6
      vertex 46.97753248858406 135.45822132078357 0.6
      vertex 46.97753248858406 139.54177867921643 0.6
    endloop
  endfacet
  facet normal 0 0 1
    outer loop
      vertex 46.97753248858406 135.45822132078357 0.6
      vertex 48.606622218577186 134.517665926638 0.6
      vertex 46.97753248858406 139.54177867921643 0.6
    endloop
  endfacet
  facet normal 0 0 1
    outer loop
      vertex 48.606622218577186 134.517665926638 0.6
      vertex 48.606622218577186 140.482334073362 0.6
      vertex 46.97753248858406 139.54177867921643 0.6
    endloop
  endfacet
  facet normal 0 0 1
    outer loop
      vertex 43.91584529283875 86.19055539414559 0.6
      vertex 43.91584529283875 93.80944460585441 0.6
      vertex 42.58158045182986 252.74006497074166 0.6
    endloop
  endfacet
  facet normal 0 0 1
    outer loop
      vertex 43.91584529283875 93.80944460585441 0.6
      vertex 43.91584529283875 95.69055539414559 0.6
      vertex 42.58158045182986 252.74006497074166 0.6
    endloop
  endfacet
  facet normal 0 0 1
    outer loop
      vertex 43.91584529283875 143.19055539414558 0.6
      vertex 45.125 144.6315698604072 0.6
      vertex 43.91584529283875 150.80944460585442 0.6
    endloop
  endfacet
  facet normal 0 0 1
    outer loop
      vertex 43.91584529283875 95.69055539414559 0.6
      vertex 43.91584529283875 103.30944460585441 0.6
      vertex 42.58158045182986 252.74006497074166 0.6
    endloop
  endfacet
  facet normal 0 0 1
    outer loop
      vertex 45.125 144.6315698604072 0.6
      vertex 45.125 149.3684301395928 0.6
      vertex 43.91584529283875 150.80944460585442 0.6
    endloop
  endfacet
  facet normal 0 0 1
    outer loop
      vertex 43.91584529283875 103.30944460585441 0.6
      vertex 43.91584529283875 105.19055539414559 0.6
      vertex 42.58158045182986 252.74006497074166 0.6
    endloop
  endfacet
  facet normal 0 0 1
    outer loop
      vertex 43.91584529283875 105.19055539414559 0.6
      vertex 43.91584529283875 112.80944460585441 0.6
      vertex 42.58158045182986 252.74006497074166 0.6
    endloop
  endfacet
  facet normal 0 0 1
    outer loop
      vertex 43.91584529283875 152.69055539414558 0.6
      vertex 45.125 154.1315698604072 0.6
      vertex 43.91584529283875 160.30944460585442 0.6
    endloop
  endfacet
  facet normal 0 0 1
    outer loop
      vertex 45.125 154.1315698604072 0.6
      vertex 45.125 158.8684301395928 0.6
      vertex 43.91584529283875 160.30944460585442 0.6
    endloop
  endfacet
  facet normal 0 0 1
    outer loop
      vertex 45.125 144.6315698604072 0.6
      vertex 46.97753248858406 144.95822132078357 0.6
      vertex 45.125 149.3684301395928 0.6
    endloop
  endfacet
  facet normal 0 0 1
    outer loop
      vertex 46.97753248858406 144.95822132078357 0.6
      vertex 48.606622218577186 144.017665926638 0.6
      vertex 46.97753248858406 149.04177867921643 0.6
    endloop
  endfacet
  facet normal 0 0 1
    outer loop
      vertex 45.125 149.3684301395928 0.6
      vertex 46.97753248858406 144.95822132078357 0.6
      vertex 46.97753248858406 149.04177867921643 0.6
    endloop
  endfacet
  facet normal 0 0 1
    outer loop
      vertex 46.97753248858406 149.04177867921643 0.6
      vertex 48.606622218577186 144.017665926638 0.6
      vertex 48.606622218577186 149.982334073362 0.6
    endloop
  endfacet
  facet normal 0 0 1
    outer loop
      vertex 45.125 154.1315698604072 0.6
      vertex 46.97753248858406 154.45822132078357 0.6
      vertex 45.125 158.8684301395928 0.6
    endloop
  endfacet
  facet normal 0 0 1
    outer loop
      vertex 45.125 158.8684301395928 0.6
      vertex 46.97753248858406 154.45822132078357 0.6
      vertex 46.97753248858406 158.54177867921643 0.6
    endloop
  endfacet
  facet normal 0 0 1
    outer loop
      vertex 46.97753248858406 154.45822132078357 0.6
      vertex 48.606622218577186 153.517665926638 0.6
      vertex 46.97753248858406 158.54177867921643 0.6
    endloop
  endfacet
  facet normal 0 0 1
    outer loop
      vertex 46.97753248858406 158.54177867921643 0.6
      vertex 48.606622218577186 153.517665926638 0.6
      vertex 48.606622218577186 159.482334073362 0.6
    endloop
  endfacet
  facet normal 0 0 1
    outer loop
      vertex 57.989999999999995 123 0.6
      vertex 49.25 132.75 0.6
      vertex 48.606622218577186 130.982334073362 0.6
    endloop
  endfacet
  facet normal 0 0 1
    outer loop
      vertex 49.25 132.75 0.6
      vertex 57.989999999999995 138 0.6
      vertex 48.606622218577186 134.517665926638 0.6
    endloop
  endfacet
  facet normal 0 0 1
    outer loop
      vertex 57.989999999999995 123 0.6
      vertex 57.989999999999995 133 0.6
      vertex 49.25 132.75 0.6
    endloop
  endfacet
  facet normal 0 0 1
    outer loop
      vertex 49.25 132.75 0.6
      vertex 57.989999999999995 133 0.6
      vertex 57.989999999999995 138 0.6
    endloop
  endfacet
  facet normal 0 0 1
    outer loop
      vertex 48.606622218577186 134.517665926638 0.6
      vertex 57.989999999999995 138 0.6
      vertex 48.606622218577186 140.482334073362 0.6
    endloop
  endfacet
  facet normal 0 0 1
    outer loop
      vertex 48.606622218577186 140.482334073362 0.6
      vertex 57.989999999999995 138 0.6
      vertex 49.25 142.25 0.6
    endloop
  endfacet
  facet normal 0 0 1
    outer loop
      vertex 49.25 142.25 0.6
      vertex 57.989999999999995 138 0.6
      vertex 57.989999999999995 148 0.6
    endloop
  endfacet
  facet normal 0 0 1
    outer loop
      vertex 57.989999999999995 133 0.6
      vertex 58 133 0.6
      vertex 57.989999999999995 138 0.6
    endloop
  endfacet
  facet normal 0 0 1
    outer loop
      vertex 49.25 142.25 0.6
      vertex 57.989999999999995 148 0.6
      vertex 48.606622218577186 144.017665926638 0.6
    endloop
  endfacet
  facet normal 0 0 1
    outer loop
      vertex 48.606622218577186 144.017665926638 0.6
      vertex 57.989999999999995 148 0.6
      vertex 48.606622218577186 149.982334073362 0.6
    endloop
  endfacet
  facet normal 0 0 1
    outer loop
      vertex 48.606622218577186 149.982334073362 0.6
      vertex 57.989999999999995 148 0.6
      vertex 49.25 151.75 0.6
    endloop
  endfacet
  facet normal 0 0 1
    outer loop
      vertex 49.25 151.75 0.6
      vertex 57.989999999999995 148 0.6
      vertex 57.989999999999995 153 0.6
    endloop
  endfacet
  facet normal 0 0 1
    outer loop
      vertex 49.25 151.75 0.6
      vertex 57.989999999999995 153 0.6
      vertex 48.606622218577186 153.517665926638 0.6
    endloop
  endfacet
  facet normal 0 0 1
    outer loop
      vertex 48.606622218577186 153.517665926638 0.6
      vertex 57.989999999999995 153 0.6
      vertex 48.606622218577186 159.482334073362 0.6
    endloop
  endfacet
  facet normal 0 0 1
    outer loop
      vertex 57.989999999999995 153 0.6
      vertex 49.25 161.25 0.6
      vertex 48.606622218577186 159.482334073362 0.6
    endloop
  endfacet
  facet normal 0 0 1
    outer loop
      vertex 57.989999999999995 153 0.6
      vertex 57.989999999999995 163 0.6
      vertex 49.25 161.25 0.6
    endloop
  endfacet
  facet normal 0 0 1
    outer loop
      vertex 57.989999999999995 148 0.6
      vertex 58 148 0.6
      vertex 57.989999999999995 153 0.6
    endloop
  endfacet
  facet normal 0 0 -1
    outer loop
      vertex 43.91584529283875 112.80944460585441 0
      vertex 42.58158045182986 252.74006497074166 0
      vertex 43.91584529283875 114.69055539414559 0
    endloop
  endfacet
  facet normal 0 0 -1
    outer loop
      vertex 43.91584529283875 114.69055539414559 0
      vertex 42.58158045182986 252.74006497074166 0
      vertex 43.91584529283875 122.30944460585441 0
    endloop
  endfacet
  facet normal 0 0 -1
    outer loop
      vertex 43.91584529283875 122.30944460585441 0
      vertex 42.58158045182986 252.74006497074166 0
      vertex 43.91584529283875 124.19055539414559 0
    endloop
  endfacet
  facet normal 0 0 -1
    outer loop
      vertex 43.91584529283875 162.19055539414558 0
      vertex 45.125 168.3684301395928 0
      vertex 45.125 163.6315698604072 0
    endloop
  endfacet
  facet normal 0 0 -1
    outer loop
      vertex 43.91584529283875 162.19055539414558 0
      vertex 43.91584529283875 169.80944460585442 0
      vertex 45.125 168.3684301395928 0
    endloop
  endfacet
  facet normal 0 0 -1
    outer loop
      vertex 41.005957007315594 4.347509367036819 0
      vertex 40.11623273029579 249.95726265715024 0
      vertex 41.005957007315594 251.65249063296318 0
    endloop
  endfacet
  facet normal 0 0 -1
    outer loop
      vertex 42.58158045182986 3.2599350292583407 0
      vertex 41.005957007315594 251.65249063296318 0
      vertex 42.58158045182986 252.74006497074166 0
    endloop
  endfacet
  facet normal 0 0 -1
    outer loop
      vertex 43.91584529283875 124.19055539414559 0
      vertex 42.58158045182986 252.74006497074166 0
      vertex 43.91584529283875 131.80944460585442 0
    endloop
  endfacet
  facet normal 0 0 -1
    outer loop
      vertex 43.91584529283875 131.80944460585442 0
      vertex 42.58158045182986 252.74006497074166 0
      vertex 43.91584529283875 133.69055539414558 0
    endloop
  endfacet
  facet normal 0 0 -1
    outer loop
      vertex 43.91584529283875 171.69055539414558 0
      vertex 45.125 177.8684301395928 0
      vertex 45.125 173.1315698604072 0
    endloop
  endfacet
  facet normal -1 0 0
    outer loop
      vertex 40.11623273029579 6.04273734284977 0
      vertex 40.11623273029579 249.95726265715024 0.6
      vertex 40.11623273029579 249.95726265715024 0
    endloop
  endfacet
  facet normal 0 0 -1
    outer loop
      vertex 45.125 163.6315698604072 0
      vertex 45.125 168.3684301395928 0
      vertex 46.97753248858406 168.04177867921643 0
    endloop
  endfacet
  facet normal 0 0 -1
    outer loop
      vertex 45.125 163.6315698604072 0
      vertex 46.97753248858406 168.04177867921643 0
      vertex 46.97753248858406 163.95822132078357 0
    endloop
  endfacet
  facet normal 0 0 -1
    outer loop
      vertex 46.97753248858406 163.95822132078357 0
      vertex 46.97753248858406 168.04177867921643 0
      vertex 48.606622218577186 168.982334073362 0
    endloop
  endfacet
  facet normal 0 0 -1
    outer loop
      vertex 46.97753248858406 163.95822132078357 0
      vertex 48.606622218577186 168.982334073362 0
      vertex 48.606622218577186 163.017665926638 0
    endloop
  endfacet
  facet normal 0 0 -1
    outer loop
      vertex 45.125 173.1315698604072 0
      vertex 46.97753248858406 177.54177867921643 0
      vertex 46.97753248858406 173.45822132078357 0
    endloop
  endfacet
  facet normal 0 0 -1
    outer loop
      vertex 46.97753248858406 173.45822132078357 0
      vertex 48.606622218577186 178.482334073362 0
      vertex 48.606622218577186 172.517665926638 0
    endloop
  endfacet
  facet normal 0 0 -1
    outer loop
      vertex 43.91584529283875 133.69055539414558 0
      vertex 42.58158045182986 252.74006497074166 0
      vertex 43.91584529283875 141.30944460585442 0
    endloop
  endfacet
  facet normal 0 0 -1
    outer loop
      vertex 43.91584529283875 171.69055539414558 0
      vertex 43.91584529283875 179.30944460585442 0
      vertex 45.125 177.8684301395928 0
    endloop
  endfacet
  facet normal 0 0 -1
    outer loop
      vertex 43.91584529283875 141.30944460585442 0
      vertex 42.58158045182986 252.74006497074166 0
      vertex 43.91584529283875 143.19055539414558 0
    endloop
  endfacet
  facet normal 0 0 -1
    outer loop
      vertex 43.91584529283875 143.19055539414558 0
      vertex 42.58158045182986 252.74006497074166 0
      vertex 43.91584529283875 150.80944460585442 0
    endloop
  endfacet
  facet normal 0 0 -1
    outer loop
      vertex 43.91584529283875 150.80944460585442 0
      vertex 42.58158045182986 252.74006497074166 0
      vertex 43.91584529283875 152.69055539414558 0
    endloop
  endfacet
  facet normal 0 0 -1
    outer loop
      vertex 43.91584529283875 181.19055539414558 0
      vertex 45.125 187.3684301395928 0
      vertex 45.125 182.6315698604072 0
    endloop
  endfacet
  facet normal 0 0 -1
    outer loop
      vertex 43.91584529283875 181.19055539414558 0
      vertex 43.91584529283875 188.80944460585442 0
      vertex 45.125 187.3684301395928 0
    endloop
  endfacet
  facet normal 0 0 -1
    outer loop
      vertex 43.91584529283875 152.69055539414558 0
      vertex 42.58158045182986 252.74006497074166 0
      vertex 43.91584529283875 160.30944460585442 0
    endloop
  endfacet
  facet normal 0 0 -1
    outer loop
      vertex 45.125 173.1315698604072 0
      vertex 45.125 177.8684301395928 0
      vertex 46.97753248858406 177.54177867921643 0
    endloop
  endfacet
  facet normal 0 0 -1
    outer loop
      vertex 46.97753248858406 173.45822132078357 0
      vertex 46.97753248858406 177.54177867921643 0
      vertex 48.606622218577186 178.482334073362 0
    endloop
  endfacet
  facet normal 0 0 -1
    outer loop
      vertex 45.125 182.6315698604072 0
      vertex 46.97753248858406 187.04177867921643 0
      vertex 46.97753248858406 182.95822132078357 0
    endloop
  endfacet
  facet normal 0 0 -1
    outer loop
      vertex 45.125 182.6315698604072 0
      vertex 45.125 187.3684301395928 0
      vertex 46.97753248858406 187.04177867921643 0
    endloop
  endfacet
  facet normal 0 0 -1
    outer loop
      vertex 48.606622218577186 182.017665926638 0
      vertex 46.97753248858406 182.95822132078357 0
      vertex 48.606622218577186 187.982334073362 0
    endloop
  endfacet
  facet normal 0 0 -1
    outer loop
      vertex 46.97753248858406 182.95822132078357 0
      vertex 46.97753248858406 187.04177867921643 0
      vertex 48.606622218577186 187.982334073362 0
    endloop
  endfacet
  facet normal 0 0 1
    outer loop
      vertex 43.91584529283875 112.80944460585441 0.6
      vertex 43.91584529283875 114.69055539414559 0.6
      vertex 42.58158045182986 252.74006497074166 0.6
    endloop
  endfacet
  facet normal 0 0 1
    outer loop
      vertex 43.91584529283875 114.69055539414559 0.6
      vertex 43.91584529283875 122.30944460585441 0.6
      vertex 42.58158045182986 252.74006497074166 0.6
    endloop
  endfacet
  facet normal 0 0 1
    outer loop
      vertex 43.91584529283875 122.30944460585441 0.6
      vertex 43.91584529283875 124.19055539414559 0.6
      vertex 42.58158045182986 252.74006497074166 0.6
    endloop
  endfacet
  facet normal 0 0 1
    outer loop
      vertex 43.91584529283875 162.19055539414558 0.6
      vertex 45.125 163.6315698604072 0.6
      vertex 43.91584529283875 169.80944460585442 0.6
    endloop
  endfacet
  facet normal 0 0 1
    outer loop
      vertex 41.005957007315594 4.347509367036819 0.6
      vertex 41.005957007315594 251.65249063296318 0.6
      vertex 40.11623273029579 249.95726265715024 0.6
    endloop
  endfacet
  facet normal 0 0 1
    outer loop
      vertex 42.58158045182986 3.2599350292583407 0.6
      vertex 42.58158045182986 252.74006497074166 0.6
      vertex 41.005957007315594 251.65249063296318 0.6
    endloop
  endfacet
  facet normal 0 0 1
    outer loop
      vertex 43.91584529283875 124.19055539414559 0.6
      vertex 43.91584529283875 131.80944460585442 0.6
      vertex 42.58158045182986 252.74006497074166 0.6
    endloop
  endfacet
  facet normal 0 0 1
    outer loop
      vertex 45.125 163.6315698604072 0.6
      vertex 45.125 168.3684301395928 0.6
      vertex 43.91584529283875 169.80944460585442 0.6
    endloop
  endfacet
  facet normal 0 0 1
    outer loop
      vertex 43.91584529283875 131.80944460585442 0.6
      vertex 43.91584529283875 133.69055539414558 0.6
      vertex 42.58158045182986 252.74006497074166 0.6
    endloop
  endfacet
  facet normal 0 0 1
    outer loop
      vertex 43.91584529283875 171.69055539414558 0.6
      vertex 45.125 173.1315698604072 0.6
      vertex 43.91584529283875 179.30944460585442 0.6
    endloop
  endfacet
  facet normal 0 0 1
    outer loop
      vertex 45.125 163.6315698604072 0.6
      vertex 46.97753248858406 163.95822132078357 0.6
      vertex 45.125 168.3684301395928 0.6
    endloop
  endfacet
  facet normal 0 0 1
    outer loop
      vertex 45.125 168.3684301395928 0.6
      vertex 46.97753248858406 163.95822132078357 0.6
      vertex 46.97753248858406 168.04177867921643 0.6
    endloop
  endfacet
  facet normal 0 0 1
    outer loop
      vertex 46.97753248858406 163.95822132078357 0.6
      vertex 48.606622218577186 163.017665926638 0.6
      vertex 46.97753248858406 168.04177867921643 0.6
    endloop
  endfacet
  facet normal 0 0 1
    outer loop
      vertex 48.606622218577186 163.017665926638 0.6
      vertex 48.606622218577186 168.982334073362 0.6
      vertex 46.97753248858406 168.04177867921643 0.6
    endloop
  endfacet
  facet normal 0 0 1
    outer loop
      vertex 45.125 173.1315698604072 0.6
      vertex 46.97753248858406 173.45822132078357 0.6
      vertex 45.125 177.8684301395928 0.6
    endloop
  endfacet
  facet normal 0 0 1
    outer loop
      vertex 46.97753248858406 173.45822132078357 0.6
      vertex 48.606622218577186 172.517665926638 0.6
      vertex 46.97753248858406 177.54177867921643 0.6
    endloop
  endfacet
  facet normal 0 0 1
    outer loop
      vertex 43.91584529283875 133.69055539414558 0.6
      vertex 43.91584529283875 141.30944460585442 0.6
      vertex 42.58158045182986 252.74006497074166 0.6
    endloop
  endfacet
  facet normal 0 0 1
    outer loop
      vertex 45.125 173.1315698604072 0.6
      vertex 45.125 177.8684301395928 0.6
      vertex 43.91584529283875 179.30944460585442 0.6
    endloop
  endfacet
  facet normal 0 0 1
    outer loop
      vertex 43.91584529283875 141.30944460585442 0.6
      vertex 43.91584529283875 143.19055539414558 0.6
      vertex 42.58158045182986 252.74006497074166 0.6
    endloop
  endfacet
  facet normal 0 0 1
    outer loop
      vertex 43.91584529283875 143.19055539414558 0.6
      vertex 43.91584529283875 150.80944460585442 0.6
      vertex 42.58158045182986 252.74006497074166 0.6
    endloop
  endfacet
  facet normal 0 0 1
    outer loop
      vertex 43.91584529283875 150.80944460585442 0.6
      vertex 43.91584529283875 152.69055539414558 0.6
      vertex 42.58158045182986 252.74006497074166 0.6
    endloop
  endfacet
  facet normal 0 0 1
    outer loop
      vertex 43.91584529283875 181.19055539414558 0.6
      vertex 45.125 182.6315698604072 0.6
      vertex 43.91584529283875 188.80944460585442 0.6
    endloop
  endfacet
  facet normal 0 0 1
    outer loop
      vertex 45.125 182.6315698604072 0.6
      vertex 45.125 187.3684301395928 0.6
      vertex 43.91584529283875 188.80944460585442 0.6
    endloop
  endfacet
  facet normal 0 0 1
    outer loop
      vertex 43.91584529283875 152.69055539414558 0.6
      vertex 43.91584529283875 160.30944460585442 0.6
      vertex 42.58158045182986 252.74006497074166 0.6
    endloop
  endfacet
  facet normal 0 0 1
    outer loop
      vertex 46.97753248858406 173.45822132078357 0.6
      vertex 46.97753248858406 177.54177867921643 0.6
      vertex 45.125 177.8684301395928 0.6
    endloop
  endfacet
  facet normal 0 0 1
    outer loop
      vertex 48.606622218577186 172.517665926638 0.6
      vertex 48.606622218577186 178.482334073362 0.6
      vertex 46.97753248858406 177.54177867921643 0.6
    endloop
  endfacet
  facet normal 0 0 1
    outer loop
      vertex 45.125 182.6315698604072 0.6
      vertex 46.97753248858406 182.95822132078357 0.6
      vertex 45.125 187.3684301395928 0.6
    endloop
  endfacet
  facet normal 0 0 1
    outer loop
      vertex 45.125 187.3684301395928 0.6
      vertex 46.97753248858406 182.95822132078357 0.6
      vertex 46.97753248858406 187.04177867921643 0.6
    endloop
  endfacet
  facet normal 0 0 1
    outer loop
      vertex 48.606622218577186 182.017665926638 0.6
      vertex 46.97753248858406 187.04177867921643 0.6
      vertex 46.97753248858406 182.95822132078357 0.6
    endloop
  endfacet
  facet normal 0 0 1
    outer loop
      vertex 48.606622218577186 182.017665926638 0.6
      vertex 48.606622218577186 187.982334073362 0.6
      vertex 46.97753248858406 187.04177867921643 0.6
    endloop
  endfacet
  facet normal 0 0 1
    outer loop
      vertex 48.606622218577186 163.017665926638 0.6
      vertex 49.25 161.25 0.6
      vertex 57.989999999999995 163 0.6
    endloop
  endfacet
  facet normal 0 0 1
    outer loop
      vertex 48.606622218577186 163.017665926638 0.6
      vertex 57.989999999999995 163 0.6
      vertex 48.606622218577186 168.982334073362 0.6
    endloop
  endfacet
  facet normal 0 0 1
    outer loop
      vertex 48.606622218577186 168.982334073362 0.6
      vertex 57.989999999999995 163 0.6
      vertex 57.989999999999995 168 0.6
    endloop
  endfacet
  facet normal 0 0 1
    outer loop
      vertex 48.606622218577186 168.982334073362 0.6
      vertex 57.989999999999995 168 0.6
      vertex 49.25 170.75 0.6
    endloop
  endfacet
  facet normal 0 0 1
    outer loop
      vertex 49.25 170.75 0.6
      vertex 57.989999999999995 178 0.6
      vertex 48.606622218577186 172.517665926638 0.6
    endloop
  endfacet
  facet normal 0 0 1
    outer loop
      vertex 49.25 170.75 0.6
      vertex 57.989999999999995 168 0.6
      vertex 57.989999999999995 178 0.6
    endloop
  endfacet
  facet normal 0 0 1
    outer loop
      vertex 57.989999999999995 163 0.6
      vertex 58 163 0.6
      vertex 57.989999999999995 168 0.6
    endloop
  endfacet
  facet normal 0 0 1
    outer loop
      vertex 48.606622218577186 172.517665926638 0.6
      vertex 57.989999999999995 178 0.6
      vertex 48.606622218577186 178.482334073362 0.6
    endloop
  endfacet
  facet normal 0 0 1
    outer loop
      vertex 48.606622218577186 178.482334073362 0.6
      vertex 57.989999999999995 178 0.6
      vertex 49.25 180.25 0.6
    endloop
  endfacet
  facet normal 0 0 1
    outer loop
      vertex 49.25 180.25 0.6
      vertex 57.989999999999995 183 0.6
      vertex 48.606622218577186 182.017665926638 0.6
    endloop
  endfacet
  facet normal 0 0 1
    outer loop
      vertex 49.25 180.25 0.6
      vertex 57.989999999999995 178 0.6
      vertex 57.989999999999995 183 0.6
    endloop
  endfacet
  facet normal 0 0 1
    outer loop
      vertex 48.606622218577186 182.017665926638 0.6
      vertex 57.989999999999995 183 0.6
      vertex 48.606622218577186 187.982334073362 0.6
    endloop
  endfacet
  facet normal 0 0 1
    outer loop
      vertex 48.606622218577186 187.982334073362 0.6
      vertex 57.989999999999995 183 0.6
      vertex 49.25 189.75 0.6
    endloop
  endfacet
  facet normal 0 0 1
    outer loop
      vertex 49.25 189.75 0.6
      vertex 57.989999999999995 183 0.6
      vertex 57.989999999999995 193 0.6
    endloop
  endfacet
  facet normal 0 0 1
    outer loop
      vertex 57.989999999999995 178 0.6
      vertex 58 178 0.6
      vertex 57.989999999999995 183 0.6
    endloop
  endfacet
  facet normal 0 0 1
    outer loop
      vertex 57.989999999999995 138 0.6
      vertex 58 133 0.6
      vertex 84 133 0.6
    endloop
  endfacet
  facet normal 0 0 1
    outer loop
      vertex 57.989999999999995 138 0.6
      vertex 84 133 0.6
      vertex 58 138 0.6
    endloop
  endfacet
  facet normal 0 0 1
    outer loop
      vertex 57.989999999999995 153 0.6
      vertex 58 148 0.6
      vertex 84 148 0.6
    endloop
  endfacet
  facet normal 0 0 1
    outer loop
      vertex 57.989999999999995 153 0.6
      vertex 84 148 0.6
      vertex 58 153 0.6
    endloop
  endfacet
  facet normal 0 0 1
    outer loop
      vertex 84 138 0.6
      vertex 58 138 0.6
      vertex 84 133 0.6
    endloop
  endfacet
  facet normal 0 0 1
    outer loop
      vertex 84 153 0.6
      vertex 58 153 0.6
      vertex 84 148 0.6
    endloop
  endfacet
  facet normal 0 0 1
    outer loop
      vertex 57.989999999999995 168 0.6
      vertex 58 163 0.6
      vertex 84 163 0.6
    endloop
  endfacet
  facet normal 0 0 1
    outer loop
      vertex 57.989999999999995 168 0.6
      vertex 84 163 0.6
      vertex 58 168 0.6
    endloop
  endfacet
  facet normal 0 0 1
    outer loop
      vertex 57.989999999999995 183 0.6
      vertex 58 178 0.6
      vertex 84 178 0.6
    endloop
  endfacet
  facet normal 0 0 1
    outer loop
      vertex 57.989999999999995 183 0.6
      vertex 84 178 0.6
      vertex 58 183 0.6
    endloop
  endfacet
  facet normal 0 0 1
    outer loop
      vertex 84 168 0.6
      vertex 58 168 0.6
      vertex 84 163 0.6
    endloop
  endfacet
  facet normal 0 0 1
    outer loop
      vertex 84 183 0.6
      vertex 58 183 0.6
      vertex 84 178 0.6
    endloop
  endfacet
  facet normal 0 0 -1
    outer loop
      vertex 43.91584529283875 160.30944460585442 0
      vertex 42.58158045182986 252.74006497074166 0
      vertex 43.91584529283875 162.19055539414558 0
    endloop
  endfacet
  facet normal 0 0 -1
    outer loop
      vertex 43.91584529283875 190.69055539414558 0
      vertex 45.125 196.8684301395928 0
      vertex 45.125 192.1315698604072 0
    endloop
  endfacet
  facet normal 0 0 -1
    outer loop
      vertex 43.91584529283875 162.19055539414558 0
      vertex 42.58158045182986 252.74006497074166 0
      vertex 43.91584529283875 169.80944460585442 0
    endloop
  endfacet
  facet normal 0 0 -1
    outer loop
      vertex 43.91584529283875 169.80944460585442 0
      vertex 42.58158045182986 252.74006497074166 0
      vertex 43.91584529283875 171.69055539414558 0
    endloop
  endfacet
  facet normal 0 0 -1
    outer loop
      vertex 43.91584529283875 190.69055539414558 0
      vertex 43.91584529283875 198.30944460585442 0
      vertex 45.125 196.8684301395928 0
    endloop
  endfacet
  facet normal 0 0 -1
    outer loop
      vertex 43.91584529283875 171.69055539414558 0
      vertex 42.58158045182986 252.74006497074166 0
      vertex 43.91584529283875 179.30944460585442 0
    endloop
  endfacet
  facet normal 0 0 -1
    outer loop
      vertex 43.91584529283875 179.30944460585442 0
      vertex 42.58158045182986 252.74006497074166 0
      vertex 43.91584529283875 181.19055539414558 0
    endloop
  endfacet
  facet normal 0 0 -1
    outer loop
      vertex 43.91584529283875 200.19055539414558 0
      vertex 45.125 206.3684301395928 0
      vertex 45.125 201.6315698604072 0
    endloop
  endfacet
  facet normal 0 0 -1
    outer loop
      vertex 43.91584529283875 200.19055539414558 0
      vertex 43.91584529283875 207.80944460585442 0
      vertex 45.125 206.3684301395928 0
    endloop
  endfacet
  facet normal 0 0 -1
    outer loop
      vertex 45.125 192.1315698604072 0
      vertex 46.97753248858406 196.54177867921643 0
      vertex 46.97753248858406 192.45822132078357 0
    endloop
  endfacet
  facet normal 0 0 -1
    outer loop
      vertex 46.97753248858406 192.45822132078357 0
      vertex 48.606622218577186 197.482334073362 0
      vertex 48.606622218577186 191.517665926638 0
    endloop
  endfacet
  facet normal 0 0 -1
    outer loop
      vertex 45.125 192.1315698604072 0
      vertex 45.125 196.8684301395928 0
      vertex 46.97753248858406 196.54177867921643 0
    endloop
  endfacet
  facet normal 0 0 -1
    outer loop
      vertex 46.97753248858406 192.45822132078357 0
      vertex 46.97753248858406 196.54177867921643 0
      vertex 48.606622218577186 197.482334073362 0
    endloop
  endfacet
  facet normal 0 0 -1
    outer loop
      vertex 45.125 201.6315698604072 0
      vertex 46.97753248858406 206.04177867921643 0
      vertex 46.97753248858406 201.95822132078357 0
    endloop
  endfacet
  facet normal 0 0 -1
    outer loop
      vertex 45.125 201.6315698604072 0
      vertex 45.125 206.3684301395928 0
      vertex 46.97753248858406 206.04177867921643 0
    endloop
  endfacet
  facet normal 0 0 -1
    outer loop
      vertex 46.97753248858406 201.95822132078357 0
      vertex 48.606622218577186 206.982334073362 0
      vertex 48.606622218577186 201.017665926638 0
    endloop
  endfacet
  facet normal 0 0 -1
    outer loop
      vertex 46.97753248858406 201.95822132078357 0
      vertex 46.97753248858406 206.04177867921643 0
      vertex 48.606622218577186 206.982334073362 0
    endloop
  endfacet
  facet normal 0 0 -1
    outer loop
      vertex 43.91584529283875 181.19055539414558 0
      vertex 42.58158045182986 252.74006497074166 0
      vertex 43.91584529283875 188.80944460585442 0
    endloop
  endfacet
  facet normal 0 0 -1
    outer loop
      vertex 43.91584529283875 188.80944460585442 0
      vertex 42.58158045182986 252.74006497074166 0
      vertex 43.91584529283875 190.69055539414558 0
    endloop
  endfacet
  facet normal 0 0 -1
    outer loop
      vertex 43.91584529283875 190.69055539414558 0
      vertex 42.58158045182986 252.74006497074166 0
      vertex 43.91584529283875 198.30944460585442 0
    endloop
  endfacet
  facet normal 0 0 -1
    outer loop
      vertex 43.91584529283875 209.69055539414558 0
      vertex 45.125 215.8684301395928 0
      vertex 45.125 211.1315698604072 0
    endloop
  endfacet
  facet normal 0 0 -1
    outer loop
      vertex 43.91584529283875 198.30944460585442 0
      vertex 42.58158045182986 252.74006497074166 0
      vertex 43.91584529283875 200.19055539414558 0
    endloop
  endfacet
  facet normal 0 0 -1
    outer loop
      vertex 43.91584529283875 209.69055539414558 0
      vertex 43.91584529283875 217.30944460585442 0
      vertex 45.125 215.8684301395928 0
    endloop
  endfacet
  facet normal 0 0 -1
    outer loop
      vertex 43.91584529283875 200.19055539414558 0
      vertex 42.58158045182986 252.74006497074166 0
      vertex 43.91584529283875 207.80944460585442 0
    endloop
  endfacet
  facet normal 0 0 -1
    outer loop
      vertex 45.125 211.1315698604072 0
      vertex 46.97753248858406 215.54177867921643 0
      vertex 46.97753248858406 211.45822132078357 0
    endloop
  endfacet
  facet normal 0 0 -1
    outer loop
      vertex 46.97753248858406 211.45822132078357 0
      vertex 48.606622218577186 216.482334073362 0
      vertex 48.606622218577186 210.517665926638 0
    endloop
  endfacet
  facet normal 0 0 -1
    outer loop
      vertex 45.125 211.1315698604072 0
      vertex 45.125 215.8684301395928 0
      vertex 46.97753248858406 215.54177867921643 0
    endloop
  endfacet
  facet normal 0 0 -1
    outer loop
      vertex 46.97753248858406 211.45822132078357 0
      vertex 46.97753248858406 215.54177867921643 0
      vertex 48.606622218577186 216.482334073362 0
    endloop
  endfacet
  facet normal 0 0 1
    outer loop
      vertex 43.91584529283875 160.30944460585442 0.6
      vertex 43.91584529283875 162.19055539414558 0.6
      vertex 42.58158045182986 252.74006497074166 0.6
    endloop
  endfacet
  facet normal 0 0 1
    outer loop
      vertex 43.91584529283875 190.69055539414558 0.6
      vertex 45.125 192.1315698604072 0.6
      vertex 43.91584529283875 198.30944460585442 0.6
    endloop
  endfacet
  facet normal 0 0 1
    outer loop
      vertex 43.91584529283875 162.19055539414558 0.6
      vertex 43.91584529283875 169.80944460585442 0.6
      vertex 42.58158045182986 252.74006497074166 0.6
    endloop
  endfacet
  facet normal 0 0 1
    outer loop
      vertex 43.91584529283875 169.80944460585442 0.6
      vertex 43.91584529283875 171.69055539414558 0.6
      vertex 42.58158045182986 252.74006497074166 0.6
    endloop
  endfacet
  facet normal 0 0 1
    outer loop
      vertex 45.125 192.1315698604072 0.6
      vertex 45.125 196.8684301395928 0.6
      vertex 43.91584529283875 198.30944460585442 0.6
    endloop
  endfacet
  facet normal 0 0 1
    outer loop
      vertex 43.91584529283875 171.69055539414558 0.6
      vertex 43.91584529283875 179.30944460585442 0.6
      vertex 42.58158045182986 252.74006497074166 0.6
    endloop
  endfacet
  facet normal 0 0 1
    outer loop
      vertex 43.91584529283875 179.30944460585442 0.6
      vertex 43.91584529283875 181.19055539414558 0.6
      vertex 42.58158045182986 252.74006497074166 0.6
    endloop
  endfacet
  facet normal 0 0 1
    outer loop
      vertex 43.91584529283875 200.19055539414558 0.6
      vertex 45.125 201.6315698604072 0.6
      vertex 43.91584529283875 207.80944460585442 0.6
    endloop
  endfacet
  facet normal 0 0 1
    outer loop
      vertex 45.125 201.6315698604072 0.6
      vertex 45.125 206.3684301395928 0.6
      vertex 43.91584529283875 207.80944460585442 0.6
    endloop
  endfacet
  facet normal 0 0 1
    outer loop
      vertex 45.125 192.1315698604072 0.6
      vertex 46.97753248858406 192.45822132078357 0.6
      vertex 45.125 196.8684301395928 0.6
    endloop
  endfacet
  facet normal 0 0 1
    outer loop
      vertex 46.97753248858406 192.45822132078357 0.6
      vertex 48.606622218577186 191.517665926638 0.6
      vertex 46.97753248858406 196.54177867921643 0.6
    endloop
  endfacet
  facet normal 0 0 1
    outer loop
      vertex 45.125 196.8684301395928 0.6
      vertex 46.97753248858406 192.45822132078357 0.6
      vertex 46.97753248858406 196.54177867921643 0.6
    endloop
  endfacet
  facet normal 0 0 1
    outer loop
      vertex 46.97753248858406 196.54177867921643 0.6
      vertex 48.606622218577186 191.517665926638 0.6
      vertex 48.606622218577186 197.482334073362 0.6
    endloop
  endfacet
  facet normal 0 0 1
    outer loop
      vertex 45.125 201.6315698604072 0.6
      vertex 46.97753248858406 201.95822132078357 0.6
      vertex 45.125 206.3684301395928 0.6
    endloop
  endfacet
  facet normal 0 0 1
    outer loop
      vertex 46.97753248858406 201.95822132078357 0.6
      vertex 46.97753248858406 206.04177867921643 0.6
      vertex 45.125 206.3684301395928 0.6
    endloop
  endfacet
  facet normal 0 0 1
    outer loop
      vertex 46.97753248858406 201.95822132078357 0.6
      vertex 48.606622218577186 201.017665926638 0.6
      vertex 46.97753248858406 206.04177867921643 0.6
    endloop
  endfacet
  facet normal 0 0 1
    outer loop
      vertex 46.97753248858406 206.04177867921643 0.6
      vertex 48.606622218577186 201.017665926638 0.6
      vertex 48.606622218577186 206.982334073362 0.6
    endloop
  endfacet
  facet normal 0 0 1
    outer loop
      vertex 43.91584529283875 181.19055539414558 0.6
      vertex 43.91584529283875 188.80944460585442 0.6
      vertex 42.58158045182986 252.74006497074166 0.6
    endloop
  endfacet
  facet normal 0 0 1
    outer loop
      vertex 43.91584529283875 188.80944460585442 0.6
      vertex 43.91584529283875 190.69055539414558 0.6
      vertex 42.58158045182986 252.74006497074166 0.6
    endloop
  endfacet
  facet normal 0 0 1
    outer loop
      vertex 43.91584529283875 190.69055539414558 0.6
      vertex 43.91584529283875 198.30944460585442 0.6
      vertex 42.58158045182986 252.74006497074166 0.6
    endloop
  endfacet
  facet normal 0 0 1
    outer loop
      vertex 43.91584529283875 209.69055539414558 0.6
      vertex 45.125 211.1315698604072 0.6
      vertex 43.91584529283875 217.30944460585442 0.6
    endloop
  endfacet
  facet normal 0 0 1
    outer loop
      vertex 43.91584529283875 198.30944460585442 0.6
      vertex 43.91584529283875 200.19055539414558 0.6
      vertex 42.58158045182986 252.74006497074166 0.6
    endloop
  endfacet
  facet normal 0 0 1
    outer loop
      vertex 45.125 211.1315698604072 0.6
      vertex 45.125 215.8684301395928 0.6
      vertex 43.91584529283875 217.30944460585442 0.6
    endloop
  endfacet
  facet normal 0 0 1
    outer loop
      vertex 43.91584529283875 200.19055539414558 0.6
      vertex 43.91584529283875 207.80944460585442 0.6
      vertex 42.58158045182986 252.74006497074166 0.6
    endloop
  endfacet
  facet normal 0 0 1
    outer loop
      vertex 45.125 211.1315698604072 0.6
      vertex 46.97753248858406 211.45822132078357 0.6
      vertex 45.125 215.8684301395928 0.6
    endloop
  endfacet
  facet normal 0 0 1
    outer loop
      vertex 46.97753248858406 211.45822132078357 0.6
      vertex 48.606622218577186 210.517665926638 0.6
      vertex 46.97753248858406 215.54177867921643 0.6
    endloop
  endfacet
  facet normal 0 0 1
    outer loop
      vertex 45.125 215.8684301395928 0.6
      vertex 46.97753248858406 211.45822132078357 0.6
      vertex 46.97753248858406 215.54177867921643 0.6
    endloop
  endfacet
  facet normal 0 0 1
    outer loop
      vertex 48.606622218577186 210.517665926638 0.6
      vertex 48.606622218577186 216.482334073362 0.6
      vertex 46.97753248858406 215.54177867921643 0.6
    endloop
  endfacet
  facet normal 0 0 1
    outer loop
      vertex 49.25 189.75 0.6
      vertex 57.989999999999995 193 0.6
      vertex 48.606622218577186 191.517665926638 0.6
    endloop
  endfacet
  facet normal 0 0 1
    outer loop
      vertex 48.606622218577186 191.517665926638 0.6
      vertex 57.989999999999995 193 0.6
      vertex 48.606622218577186 197.482334073362 0.6
    endloop
  endfacet
  facet normal 0 0 1
    outer loop
      vertex 48.606622218577186 197.482334073362 0.6
      vertex 57.989999999999995 193 0.6
      vertex 49.25 199.25 0.6
    endloop
  endfacet
  facet normal 0 0 1
    outer loop
      vertex 49.25 199.25 0.6
      vertex 57.989999999999995 193 0.6
      vertex 57.989999999999995 198 0.6
    endloop
  endfacet
  facet normal 0 0 1
    outer loop
      vertex 49.25 199.25 0.6
      vertex 57.989999999999995 208 0.6
      vertex 48.606622218577186 201.017665926638 0.6
    endloop
  endfacet
  facet normal 0 0 1
    outer loop
      vertex 48.606622218577186 201.017665926638 0.6
      vertex 57.989999999999995 208 0.6
      vertex 48.606622218577186 206.982334073362 0.6
    endloop
  endfacet
  facet normal 0 0 1
    outer loop
      vertex 49.25 199.25 0.6
      vertex 57.989999999999995 198 0.6
      vertex 57.989999999999995 208 0.6
    endloop
  endfacet
  facet normal 0 0 1
    outer loop
      vertex 57.989999999999995 193 0.6
      vertex 58 193 0.6
      vertex 57.989999999999995 198 0.6
    endloop
  endfacet
  facet normal 0 0 1
    outer loop
      vertex 48.606622218577186 206.982334073362 0.6
      vertex 57.989999999999995 208 0.6
      vertex 49.25 208.75 0.6
    endloop
  endfacet
  facet normal 0 0 1
    outer loop
      vertex 49.25 208.75 0.6
      vertex 57.989999999999995 213 0.6
      vertex 48.606622218577186 210.517665926638 0.6
    endloop
  endfacet
  facet normal 0 0 1
    outer loop
      vertex 48.606622218577186 210.517665926638 0.6
      vertex 57.989999999999995 213 0.6
      vertex 48.606622218577186 216.482334073362 0.6
    endloop
  endfacet
  facet normal 0 0 1
    outer loop
      vertex 49.25 208.75 0.6
      vertex 57.989999999999995 208 0.6
      vertex 57.989999999999995 213 0.6
    endloop
  endfacet
  facet normal 0 0 1
    outer loop
      vertex 48.606622218577186 216.482334073362 0.6
      vertex 57.989999999999995 213 0.6
      vertex 49.25 218.25 0.6
    endloop
  endfacet
  facet normal 0 0 1
    outer loop
      vertex 49.25 218.25 0.6
      vertex 57.989999999999995 223 0.6
      vertex 48.606622218577186 220.017665926638 0.6
    endloop
  endfacet
  facet normal 0 0 1
    outer loop
      vertex 49.25 218.25 0.6
      vertex 57.989999999999995 213 0.6
      vertex 57.989999999999995 223 0.6
    endloop
  endfacet
  facet normal 0 0 1
    outer loop
      vertex 57.989999999999995 208 0.6
      vertex 58 208 0.6
      vertex 57.989999999999995 213 0.6
    endloop
  endfacet
  facet normal 0 0 -1
    outer loop
      vertex 43.91584529283875 207.80944460585442 0
      vertex 42.58158045182986 252.74006497074166 0
      vertex 43.91584529283875 209.69055539414558 0
    endloop
  endfacet
  facet normal 0 0 -1
    outer loop
      vertex 43.91584529283875 219.19055539414558 0
      vertex 45.125 225.3684301395928 0
      vertex 45.125 220.6315698604072 0
    endloop
  endfacet
  facet normal 0 0 -1
    outer loop
      vertex 43.91584529283875 219.19055539414558 0
      vertex 43.91584529283875 226.80944460585442 0
      vertex 45.125 225.3684301395928 0
    endloop
  endfacet
  facet normal 0 0 -1
    outer loop
      vertex 43.91584529283875 209.69055539414558 0
      vertex 42.58158045182986 252.74006497074166 0
      vertex 43.91584529283875 217.30944460585442 0
    endloop
  endfacet
  facet normal 0 0 -1
    outer loop
      vertex 43.91584529283875 217.30944460585442 0
      vertex 42.58158045182986 252.74006497074166 0
      vertex 43.91584529283875 219.19055539414558 0
    endloop
  endfacet
  facet normal 0 0 -1
    outer loop
      vertex 43.91584529283875 219.19055539414558 0
      vertex 42.58158045182986 252.74006497074166 0
      vertex 43.91584529283875 226.80944460585442 0
    endloop
  endfacet
  facet normal 0 0 -1
    outer loop
      vertex 43.91584529283875 228.69055539414558 0
      vertex 45.125 234.8684301395928 0
      vertex 45.125 230.1315698604072 0
    endloop
  endfacet
  facet normal 0 0 -1
    outer loop
      vertex 43.91584529283875 228.69055539414558 0
      vertex 43.91584529283875 236.30944460585442 0
      vertex 45.125 234.8684301395928 0
    endloop
  endfacet
  facet normal 0 0 -1
    outer loop
      vertex 43.91584529283875 226.80944460585442 0
      vertex 42.58158045182986 252.74006497074166 0
      vertex 43.91584529283875 228.69055539414558 0
    endloop
  endfacet
  facet normal 0 0 -1
    outer loop
      vertex 45.125 220.6315698604072 0
      vertex 45.125 225.3684301395928 0
      vertex 46.97753248858406 225.04177867921643 0
    endloop
  endfacet
  facet normal 0 0 -1
    outer loop
      vertex 45.125 220.6315698604072 0
      vertex 46.97753248858406 225.04177867921643 0
      vertex 46.97753248858406 220.95822132078357 0
    endloop
  endfacet
  facet normal 0 0 -1
    outer loop
      vertex 46.97753248858406 220.95822132078357 0
      vertex 48.606622218577186 225.982334073362 0
      vertex 48.606622218577186 220.017665926638 0
    endloop
  endfacet
  facet normal 0 0 -1
    outer loop
      vertex 46.97753248858406 220.95822132078357 0
      vertex 46.97753248858406 225.04177867921643 0
      vertex 48.606622218577186 225.982334073362 0
    endloop
  endfacet
  facet normal 0 0 -1
    outer loop
      vertex 45.125 230.1315698604072 0
      vertex 45.125 234.8684301395928 0
      vertex 46.97753248858406 234.54177867921643 0
    endloop
  endfacet
  facet normal 0 0 -1
    outer loop
      vertex 45.125 230.1315698604072 0
      vertex 46.97753248858406 234.54177867921643 0
      vertex 46.97753248858406 230.45822132078357 0
    endloop
  endfacet
  facet normal 0 0 -1
    outer loop
      vertex 48.606622218577186 229.517665926638 0
      vertex 46.97753248858406 230.45822132078357 0
      vertex 48.606622218577186 235.482334073362 0
    endloop
  endfacet
  facet normal 0 0 -1
    outer loop
      vertex 46.97753248858406 230.45822132078357 0
      vertex 46.97753248858406 234.54177867921643 0
      vertex 48.606622218577186 235.482334073362 0
    endloop
  endfacet
  facet normal 0 0 -1
    outer loop
      vertex 43.91584529283875 228.69055539414558 0
      vertex 42.58158045182986 252.74006497074166 0
      vertex 43.91584529283875 236.30944460585442 0
    endloop
  endfacet
  facet normal 0 0 -1
    outer loop
      vertex 43.91584529283875 238.19055539414558 0
      vertex 45.125 244.3684301395928 0
      vertex 45.125 239.6315698604072 0
    endloop
  endfacet
  facet normal 0 0 -1
    outer loop
      vertex 43.91584529283875 236.30944460585442 0
      vertex 42.58158045182986 252.74006497074166 0
      vertex 43.91584529283875 238.19055539414558 0
    endloop
  endfacet
  facet normal 0 0 -1
    outer loop
      vertex 43.91584529283875 238.19055539414558 0
      vertex 43.91584529283875 245.80944460585442 0
      vertex 45.125 244.3684301395928 0
    endloop
  endfacet
  facet normal 0 0 -1
    outer loop
      vertex 43.91584529283875 238.19055539414558 0
      vertex 42.58158045182986 252.74006497074166 0
      vertex 43.91584529283875 245.80944460585442 0
    endloop
  endfacet
  facet normal 0 0 -1
    outer loop
      vertex 42.58158045182986 252.74006497074166 0
      vertex 43.91584529283875 247.69055539414558 0
      vertex 43.91584529283875 245.80944460585442 0
    endloop
  endfacet
  facet normal 0 0 -1
    outer loop
      vertex 42.58158045182986 252.74006497074166 0
      vertex 44.482146721021294 252.97083549639223 0
      vertex 43.91584529283875 247.69055539414558 0
    endloop
  endfacet
  facet normal 0 0 -1
    outer loop
      vertex 43.91584529283875 247.69055539414558 0
      vertex 44.482146721021294 252.97083549639223 0
      vertex 45.125 249.1315698604072 0
    endloop
  endfacet
  facet normal 0 0 -1
    outer loop
      vertex 45.125 249.1315698604072 0
      vertex 44.482146721021294 252.97083549639223 0
      vertex 46.97753248858406 249.45822132078357 0
    endloop
  endfacet
  facet normal -0.8854560256532092 0.4647231720437698 4.660608221440452e-17
    outer loop
      vertex 40.11623273029579 249.95726265715024 0
      vertex 41.005957007315594 251.65249063296318 0.6
      vertex 41.005957007315594 251.65249063296318 0
    endloop
  endfacet
  facet normal -0.5680647467311549 0.822983865893657 -2.8442661312829765e-17
    outer loop
      vertex 41.005957007315594 251.65249063296318 0
      vertex 42.58158045182986 252.74006497074166 0.6
      vertex 42.58158045182986 252.74006497074166 0
    endloop
  endfacet
  facet normal -0.12053668025532974 0.9927088740980533 1.261682274415907e-18
    outer loop
      vertex 42.58158045182986 252.74006497074166 0
      vertex 44.482146721021294 252.97083549639223 0.6
      vertex 44.482146721021294 252.97083549639223 0
    endloop
  endfacet
  facet normal 0 0 -1
    outer loop
      vertex 45.125 239.6315698604072 0
      vertex 46.97753248858406 244.04177867921643 0
      vertex 46.97753248858406 239.95822132078357 0
    endloop
  endfacet
  facet normal 0 0 -1
    outer loop
      vertex 45.125 239.6315698604072 0
      vertex 45.125 244.3684301395928 0
      vertex 46.97753248858406 244.04177867921643 0
    endloop
  endfacet
  facet normal 0 0 -1
    outer loop
      vertex 46.97753248858406 239.95822132078357 0
      vertex 46.97753248858406 244.04177867921643 0
      vertex 48.606622218577186 244.982334073362 0
    endloop
  endfacet
  facet normal 0 0 -1
    outer loop
      vertex 46.97753248858406 239.95822132078357 0
      vertex 48.606622218577186 244.982334073362 0
      vertex 48.606622218577186 239.017665926638 0
    endloop
  endfacet
  facet normal -0.8854560256532092 0.4647231720437698 0
    outer loop
      vertex 40.11623273029579 249.95726265715024 0
      vertex 40.11623273029579 249.95726265715024 0.6
      vertex 41.005957007315594 251.65249063296318 0.6
    endloop
  endfacet
  facet normal -0.5680647467311549 0.822983865893657 0
    outer loop
      vertex 41.005957007315594 251.65249063296318 0
      vertex 41.005957007315594 251.65249063296318 0.6
      vertex 42.58158045182986 252.74006497074166 0.6
    endloop
  endfacet
  facet normal -0.12053668025532974 0.9927088740980533 0
    outer loop
      vertex 42.58158045182986 252.74006497074166 0
      vertex 42.58158045182986 252.74006497074166 0.6
      vertex 44.482146721021294 252.97083549639223 0.6
    endloop
  endfacet
  facet normal 0 0 1
    outer loop
      vertex 43.91584529283875 207.80944460585442 0.6
      vertex 43.91584529283875 209.69055539414558 0.6
      vertex 42.58158045182986 252.74006497074166 0.6
    endloop
  endfacet
  facet normal 0 0 1
    outer loop
      vertex 43.91584529283875 219.19055539414558 0.6
      vertex 45.125 220.6315698604072 0.6
      vertex 43.91584529283875 226.80944460585442 0.6
    endloop
  endfacet
  facet normal 0 0 1
    outer loop
      vertex 45.125 220.6315698604072 0.6
      vertex 45.125 225.3684301395928 0.6
      vertex 43.91584529283875 226.80944460585442 0.6
    endloop
  endfacet
  facet normal 0 0 1
    outer loop
      vertex 43.91584529283875 209.69055539414558 0.6
      vertex 43.91584529283875 217.30944460585442 0.6
      vertex 42.58158045182986 252.74006497074166 0.6
    endloop
  endfacet
  facet normal 0 0 1
    outer loop
      vertex 43.91584529283875 217.30944460585442 0.6
      vertex 43.91584529283875 219.19055539414558 0.6
      vertex 42.58158045182986 252.74006497074166 0.6
    endloop
  endfacet
  facet normal 0 0 1
    outer loop
      vertex 43.91584529283875 219.19055539414558 0.6
      vertex 43.91584529283875 226.80944460585442 0.6
      vertex 42.58158045182986 252.74006497074166 0.6
    endloop
  endfacet
  facet normal 0 0 1
    outer loop
      vertex 43.91584529283875 228.69055539414558 0.6
      vertex 45.125 230.1315698604072 0.6
      vertex 43.91584529283875 236.30944460585442 0.6
    endloop
  endfacet
  facet normal 0 0 1
    outer loop
      vertex 43.91584529283875 226.80944460585442 0.6
      vertex 43.91584529283875 228.69055539414558 0.6
      vertex 42.58158045182986 252.74006497074166 0.6
    endloop
  endfacet
  facet normal 0 0 1
    outer loop
      vertex 45.125 230.1315698604072 0.6
      vertex 45.125 234.8684301395928 0.6
      vertex 43.91584529283875 236.30944460585442 0.6
    endloop
  endfacet
  facet normal 0 0 1
    outer loop
      vertex 45.125 220.6315698604072 0.6
      vertex 46.97753248858406 220.95822132078357 0.6
      vertex 45.125 225.3684301395928 0.6
    endloop
  endfacet
  facet normal 0 0 1
    outer loop
      vertex 46.97753248858406 220.95822132078357 0.6
      vertex 46.97753248858406 225.04177867921643 0.6
      vertex 45.125 225.3684301395928 0.6
    endloop
  endfacet
  facet normal 0 0 1
    outer loop
      vertex 46.97753248858406 220.95822132078357 0.6
      vertex 48.606622218577186 220.017665926638 0.6
      vertex 46.97753248858406 225.04177867921643 0.6
    endloop
  endfacet
  facet normal 0 0 1
    outer loop
      vertex 48.606622218577186 220.017665926638 0.6
      vertex 48.606622218577186 225.982334073362 0.6
      vertex 46.97753248858406 225.04177867921643 0.6
    endloop
  endfacet
  facet normal 0 0 1
    outer loop
      vertex 45.125 230.1315698604072 0.6
      vertex 46.97753248858406 230.45822132078357 0.6
      vertex 45.125 234.8684301395928 0.6
    endloop
  endfacet
  facet normal 0 0 1
    outer loop
      vertex 45.125 234.8684301395928 0.6
      vertex 46.97753248858406 230.45822132078357 0.6
      vertex 46.97753248858406 234.54177867921643 0.6
    endloop
  endfacet
  facet normal 0 0 1
    outer loop
      vertex 48.606622218577186 229.517665926638 0.6
      vertex 46.97753248858406 234.54177867921643 0.6
      vertex 46.97753248858406 230.45822132078357 0.6
    endloop
  endfacet
  facet normal 0 0 1
    outer loop
      vertex 48.606622218577186 229.517665926638 0.6
      vertex 48.606622218577186 235.482334073362 0.6
      vertex 46.97753248858406 234.54177867921643 0.6
    endloop
  endfacet
  facet normal 0 0 1
    outer loop
      vertex 43.91584529283875 228.69055539414558 0.6
      vertex 43.91584529283875 236.30944460585442 0.6
      vertex 42.58158045182986 252.74006497074166 0.6
    endloop
  endfacet
  facet normal 0 0 1
    outer loop
      vertex 43.91584529283875 238.19055539414558 0.6
      vertex 45.125 239.6315698604072 0.6
      vertex 43.91584529283875 245.80944460585442 0.6
    endloop
  endfacet
  facet normal 0 0 1
    outer loop
      vertex 43.91584529283875 236.30944460585442 0.6
      vertex 43.91584529283875 238.19055539414558 0.6
      vertex 42.58158045182986 252.74006497074166 0.6
    endloop
  endfacet
  facet normal 0 0 1
    outer loop
      vertex 45.125 239.6315698604072 0.6
      vertex 45.125 244.3684301395928 0.6
      vertex 43.91584529283875 245.80944460585442 0.6
    endloop
  endfacet
  facet normal 0 0 1
    outer loop
      vertex 43.91584529283875 238.19055539414558 0.6
      vertex 43.91584529283875 245.80944460585442 0.6
      vertex 42.58158045182986 252.74006497074166 0.6
    endloop
  endfacet
  facet normal 0 0 1
    outer loop
      vertex 42.58158045182986 252.74006497074166 0.6
      vertex 43.91584529283875 245.80944460585442 0.6
      vertex 43.91584529283875 247.69055539414558 0.6
    endloop
  endfacet
  facet normal 0 0 1
    outer loop
      vertex 42.58158045182986 252.74006497074166 0.6
      vertex 43.91584529283875 247.69055539414558 0.6
      vertex 45.125 249.1315698604072 0.6
    endloop
  endfacet
  facet normal 0 0 1
    outer loop
      vertex 42.58158045182986 252.74006497074166 0.6
      vertex 45.125 249.1315698604072 0.6
      vertex 44.482146721021294 252.97083549639223 0.6
    endloop
  endfacet
  facet normal 0 0 1
    outer loop
      vertex 45.125 249.1315698604072 0.6
      vertex 46.97753248858406 249.45822132078357 0.6
      vertex 44.482146721021294 252.97083549639223 0.6
    endloop
  endfacet
  facet normal 0 0 1
    outer loop
      vertex 46.97753248858406 239.95822132078357 0.6
      vertex 48.606622218577186 239.017665926638 0.6
      vertex 46.97753248858406 244.04177867921643 0.6
    endloop
  endfacet
  facet normal 0 0 1
    outer loop
      vertex 45.125 239.6315698604072 0.6
      vertex 46.97753248858406 239.95822132078357 0.6
      vertex 45.125 244.3684301395928 0.6
    endloop
  endfacet
  facet normal 0 0 1
    outer loop
      vertex 45.125 244.3684301395928 0.6
      vertex 46.97753248858406 239.95822132078357 0.6
      vertex 46.97753248858406 244.04177867921643 0.6
    endloop
  endfacet
  facet normal 0 0 1
    outer loop
      vertex 46.97753248858406 244.04177867921643 0.6
      vertex 48.606622218577186 239.017665926638 0.6
      vertex 48.606622218577186 244.982334073362 0.6
    endloop
  endfacet
  facet normal 0 0 1
    outer loop
      vertex 48.606622218577186 220.017665926638 0.6
      vertex 57.989999999999995 223 0.6
      vertex 48.606622218577186 225.982334073362 0.6
    endloop
  endfacet
  facet normal 0 0 1
    outer loop
      vertex 48.606622218577186 225.982334073362 0.6
      vertex 57.989999999999995 223 0.6
      vertex 49.25 227.75 0.6
    endloop
  endfacet
  facet normal 0 0 1
    outer loop
      vertex 49.25 227.75 0.6
      vertex 57.989999999999995 223 0.6
      vertex 57.989999999999995 228 0.6
    endloop
  endfacet
  facet normal 0 0 1
    outer loop
      vertex 48.606622218577186 229.517665926638 0.6
      vertex 49.25 227.75 0.6
      vertex 57.989999999999995 238 0.6
    endloop
  endfacet
  facet normal 0 0 1
    outer loop
      vertex 48.606622218577186 229.517665926638 0.6
      vertex 57.989999999999995 238 0.6
      vertex 48.606622218577186 235.482334073362 0.6
    endloop
  endfacet
  facet normal 0 0 1
    outer loop
      vertex 48.606622218577186 235.482334073362 0.6
      vertex 57.989999999999995 238 0.6
      vertex 49.25 237.25 0.6
    endloop
  endfacet
  facet normal 0 0 1
    outer loop
      vertex 49.25 227.75 0.6
      vertex 57.989999999999995 228 0.6
      vertex 57.989999999999995 238 0.6
    endloop
  endfacet
  facet normal 0 0 1
    outer loop
      vertex 57.989999999999995 223 0.6
      vertex 58 223 0.6
      vertex 57.989999999999995 228 0.6
    endloop
  endfacet
  facet normal 0 0 1
    outer loop
      vertex 49.25 237.25 0.6
      vertex 57.989999999999995 238 0.6
      vertex 48.606622218577186 239.017665926638 0.6
    endloop
  endfacet
  facet normal 0 0 1
    outer loop
      vertex 48.606622218577186 239.017665926638 0.6
      vertex 57.989999999999995 238 0.6
      vertex 48.606622218577186 244.982334073362 0.6
    endloop
  endfacet
  facet normal 0 0 1
    outer loop
      vertex 48.606622218577186 244.982334073362 0.6
      vertex 57.989999999999995 238 0.6
      vertex 49.25 246.75 0.6
    endloop
  endfacet
  facet normal 0 0 1
    outer loop
      vertex 57.989999999999995 198 0.6
      vertex 58 193 0.6
      vertex 84 193 0.6
    endloop
  endfacet
  facet normal 0 0 1
    outer loop
      vertex 57.989999999999995 198 0.6
      vertex 84 193 0.6
      vertex 58 198 0.6
    endloop
  endfacet
  facet normal 0 0 1
    outer loop
      vertex 57.989999999999995 213 0.6
      vertex 58 208 0.6
      vertex 84 208 0.6
    endloop
  endfacet
  facet normal 0 0 1
    outer loop
      vertex 57.989999999999995 213 0.6
      vertex 84 208 0.6
      vertex 58 213 0.6
    endloop
  endfacet
  facet normal 0 0 1
    outer loop
      vertex 84 198 0.6
      vertex 58 198 0.6
      vertex 84 193 0.6
    endloop
  endfacet
  facet normal 0 0 1
    outer loop
      vertex 84 208 0.6
      vertex 84 213 0.6
      vertex 58 213 0.6
    endloop
  endfacet
  facet normal 0 0 1
    outer loop
      vertex 57.989999999999995 228 0.6
      vertex 58 223 0.6
      vertex 84 223 0.6
    endloop
  endfacet
  facet normal 0 0 1
    outer loop
      vertex 57.989999999999995 228 0.6
      vertex 84 223 0.6
      vertex 58 228 0.6
    endloop
  endfacet
  facet normal 0 0 1
    outer loop
      vertex 84 228 0.6
      vertex 58 228 0.6
      vertex 84 223 0.6
    endloop
  endfacet
  facet normal 0 0 1
    outer loop
      vertex 58 238 0.6
      vertex 84 238 0.6
      vertex 85 238.6 0.6
    endloop
  endfacet
  facet normal 0 0 -1
    outer loop
      vertex 48.606622218577186 191.517665926638 0
      vertex 48.606622218577186 197.482334073362 0
      vertex 212.48214672102128 3.0291645036077837 0
    endloop
  endfacet
  facet normal 0 0 -1
    outer loop
      vertex 49.25 189.75 0
      vertex 48.606622218577186 191.517665926638 0
      vertex 212.48214672102128 3.0291645036077837 0
    endloop
  endfacet
  facet normal 0 0 -1
    outer loop
      vertex 48.606622218577186 197.482334073362 0
      vertex 49.25 199.25 0
      vertex 212.48214672102128 3.0291645036077837 0
    endloop
  endfacet
  facet normal 0 0 -1
    outer loop
      vertex 49.25 199.25 0
      vertex 48.606622218577186 201.017665926638 0
      vertex 212.48214672102128 3.0291645036077837 0
    endloop
  endfacet
  facet normal 0 0 -1
    outer loop
      vertex 48.606622218577186 201.017665926638 0
      vertex 48.606622218577186 206.982334073362 0
      vertex 212.48214672102128 3.0291645036077837 0
    endloop
  endfacet
  facet normal 0 0 -1
    outer loop
      vertex 48.606622218577186 210.517665926638 0
      vertex 48.606622218577186 216.482334073362 0
      vertex 212.48214672102128 3.0291645036077837 0
    endloop
  endfacet
  facet normal 0 0 -1
    outer loop
      vertex 48.606622218577186 206.982334073362 0
      vertex 49.25 208.75 0
      vertex 212.48214672102128 3.0291645036077837 0
    endloop
  endfacet
  facet normal 0 0 -1
    outer loop
      vertex 49.25 208.75 0
      vertex 48.606622218577186 210.517665926638 0
      vertex 212.48214672102128 3.0291645036077837 0
    endloop
  endfacet
  facet normal 0 0 -1
    outer loop
      vertex 48.606622218577186 220.017665926638 0
      vertex 48.606622218577186 225.982334073362 0
      vertex 212.48214672102128 3.0291645036077837 0
    endloop
  endfacet
  facet normal 0 0 -1
    outer loop
      vertex 48.606622218577186 216.482334073362 0
      vertex 49.25 218.25 0
      vertex 212.48214672102128 3.0291645036077837 0
    endloop
  endfacet
  facet normal 0 0 -1
    outer loop
      vertex 49.25 218.25 0
      vertex 48.606622218577186 220.017665926638 0
      vertex 212.48214672102128 3.0291645036077837 0
    endloop
  endfacet
  facet normal 0 0 -1
    outer loop
      vertex 48.606622218577186 229.517665926638 0
      vertex 48.606622218577186 235.482334073362 0
      vertex 212.48214672102128 3.0291645036077837 0
    endloop
  endfacet
  facet normal 0 0 -1
    outer loop
      vertex 48.606622218577186 225.982334073362 0
      vertex 49.25 227.75 0
      vertex 212.48214672102128 3.0291645036077837 0
    endloop
  endfacet
  facet normal 0 0 -1
    outer loop
      vertex 48.606622218577186 229.517665926638 0
      vertex 212.48214672102128 3.0291645036077837 0
      vertex 49.25 227.75 0
    endloop
  endfacet
  facet normal 0 0 -1
    outer loop
      vertex 48.606622218577186 235.482334073362 0
      vertex 49.25 237.25 0
      vertex 212.48214672102128 3.0291645036077837 0
    endloop
  endfacet
  facet normal 0 0 1
    outer loop
      vertex 84 131.45 0.6
      vertex 84 123 0.6
      vertex 85 133.6 0.6
    endloop
  endfacet
  facet normal 0 0 1
    outer loop
      vertex 85 133.6 0.6
      vertex 84 132.85915492957747 0.6
      vertex 84 131.45 0.6
    endloop
  endfacet
  facet normal 0 0 1
    outer loop
      vertex 85 133.6 0.6
      vertex 84 133 0.6
      vertex 84 132.85915492957747 0.6
    endloop
  endfacet
  facet normal 0 0 1
    outer loop
      vertex 84 133 0.6
      vertex 85 133.6 0.6
      vertex 84 138 0.6
    endloop
  endfacet
  facet normal 0 0 1
    outer loop
      vertex 84 138 0.6
      vertex 85 133.6 0.6
      vertex 86.2 133.6 0.6
    endloop
  endfacet
  facet normal 0 0 1
    outer loop
      vertex 84 138 0.6
      vertex 86.2 133.6 0.6
      vertex 85 137.4 0.6
    endloop
  endfacet
  facet normal 0 0 1
    outer loop
      vertex 86.2 133.6 0.6
      vertex 86.2 137.4 0.6
      vertex 85 137.4 0.6
    endloop
  endfacet
  facet normal 0 0 1
    outer loop
      vertex 84 138 0.6
      vertex 85 137.4 0.6
      vertex 85 148.6 0.6
    endloop
  endfacet
  facet normal 0 0 1
    outer loop
      vertex 84 138 0.6
      vertex 85 148.6 0.6
      vertex 84 139.55 0.6
    endloop
  endfacet
  facet normal 0 0 1
    outer loop
      vertex 86.2 133.6 0.6
      vertex 92.2 137.4 0.6
      vertex 86.2 137.4 0.6
    endloop
  endfacet
  facet normal 0 0 1
    outer loop
      vertex 86.2 138.4 0.6
      vertex 92.2 138.4 0.6
      vertex 86.2 147.6 0.6
    endloop
  endfacet
  facet normal 0 0 1
    outer loop
      vertex 86.2 133.6 0.6
      vertex 92.2 133.6 0.6
      vertex 92.2 137.4 0.6
    endloop
  endfacet
  facet normal 0 0 1
    outer loop
      vertex 85 148.6 0.6
      vertex 84 146.45 0.6
      vertex 84 139.55 0.6
    endloop
  endfacet
  facet normal 0 0 1
    outer loop
      vertex 85 148.6 0.6
      vertex 84 147.85915492957747 0.6
      vertex 84 146.45 0.6
    endloop
  endfacet
  facet normal 0 0 1
    outer loop
      vertex 85 148.6 0.6
      vertex 84 148 0.6
      vertex 84 147.85915492957747 0.6
    endloop
  endfacet
  facet normal 0 0 1
    outer loop
      vertex 84 148 0.6
      vertex 85 148.6 0.6
      vertex 84 153 0.6
    endloop
  endfacet
  facet normal 0 0 1
    outer loop
      vertex 84 153 0.6
      vertex 85 148.6 0.6
      vertex 86.2 148.6 0.6
    endloop
  endfacet
  facet normal 0 0 1
    outer loop
      vertex 84 153 0.6
      vertex 86.2 148.6 0.6
      vertex 85 152.4 0.6
    endloop
  endfacet
  facet normal 0 0 1
    outer loop
      vertex 86.2 148.6 0.6
      vertex 86.2 152.4 0.6
      vertex 85 152.4 0.6
    endloop
  endfacet
  facet normal 0 0 1
    outer loop
      vertex 86.2 148.6 0.6
      vertex 92.2 152.4 0.6
      vertex 86.2 152.4 0.6
    endloop
  endfacet
  facet normal 0 0 1
    outer loop
      vertex 85 163.6 0.6
      vertex 84 154.55 0.6
      vertex 84 153 0.6
    endloop
  endfacet
  facet normal 0 0 1
    outer loop
      vertex 84 153 0.6
      vertex 85 152.4 0.6
      vertex 85 163.6 0.6
    endloop
  endfacet
  facet normal 0 0 1
    outer loop
      vertex 86.2 153.4 0.6
      vertex 92.2 153.4 0.6
      vertex 86.2 162.6 0.6
    endloop
  endfacet
  facet normal 0 0 1
    outer loop
      vertex 86.2 148.6 0.6
      vertex 92.2 148.6 0.6
      vertex 92.2 152.4 0.6
    endloop
  endfacet
  facet normal 0 0 -1
    outer loop
      vertex 48.606622218577186 239.017665926638 0
      vertex 48.606622218577186 244.982334073362 0
      vertex 212.48214672102128 3.0291645036077837 0
    endloop
  endfacet
  facet normal 0 0 -1
    outer loop
      vertex 49.25 237.25 0
      vertex 48.606622218577186 239.017665926638 0
      vertex 212.48214672102128 3.0291645036077837 0
    endloop
  endfacet
  facet normal 0 0 -1
    outer loop
      vertex 48.606622218577186 244.982334073362 0
      vertex 49.25 246.75 0
      vertex 212.48214672102128 3.0291645036077837 0
    endloop
  endfacet
  facet normal 0 0 1
    outer loop
      vertex 85 163.6 0.6
      vertex 84 161.45 0.6
      vertex 84 154.55 0.6
    endloop
  endfacet
  facet normal 0 0 1
    outer loop
      vertex 85 163.6 0.6
      vertex 84 162.85915492957747 0.6
      vertex 84 161.45 0.6
    endloop
  endfacet
  facet normal 0 0 1
    outer loop
      vertex 85 163.6 0.6
      vertex 84 163 0.6
      vertex 84 162.85915492957747 0.6
    endloop
  endfacet
  facet normal 0 0 1
    outer loop
      vertex 84 163 0.6
      vertex 85 163.6 0.6
      vertex 84 168 0.6
    endloop
  endfacet
  facet normal 0 0 1
    outer loop
      vertex 84 168 0.6
      vertex 85 163.6 0.6
      vertex 86.2 163.6 0.6
    endloop
  endfacet
  facet normal 0 0 1
    outer loop
      vertex 84 168 0.6
      vertex 86.2 163.6 0.6
      vertex 85 167.4 0.6
    endloop
  endfacet
  facet normal 0 0 1
    outer loop
      vertex 86.2 163.6 0.6
      vertex 86.2 167.4 0.6
      vertex 85 167.4 0.6
    endloop
  endfacet
  facet normal 0 0 1
    outer loop
      vertex 86.2 163.6 0.6
      vertex 92.2 163.6 0.6
      vertex 86.2 167.4 0.6
    endloop
  endfacet
  facet normal 0 0 1
    outer loop
      vertex 84 168 0.6
      vertex 85 167.4 0.6
      vertex 85 178.6 0.6
    endloop
  endfacet
  facet normal 0 0 1
    outer loop
      vertex 85 178.6 0.6
      vertex 84 169.55 0.6
      vertex 84 168 0.6
    endloop
  endfacet
  facet normal 0 0 1
    outer loop
      vertex 86.2 168.4 0.6
      vertex 92.2 168.4 0.6
      vertex 86.2 177.6 0.6
    endloop
  endfacet
  facet normal 0 0 1
    outer loop
      vertex 85 178.6 0.6
      vertex 84 176.45 0.6
      vertex 84 169.55 0.6
    endloop
  endfacet
  facet normal 0 0 1
    outer loop
      vertex 85 178.6 0.6
      vertex 84 177.85915492957747 0.6
      vertex 84 176.45 0.6
    endloop
  endfacet
  facet normal 0 0 1
    outer loop
      vertex 85 178.6 0.6
      vertex 84 178 0.6
      vertex 84 177.85915492957747 0.6
    endloop
  endfacet
  facet normal 0 0 1
    outer loop
      vertex 84 178 0.6
      vertex 85 178.6 0.6
      vertex 84 183 0.6
    endloop
  endfacet
  facet normal 0 0 1
    outer loop
      vertex 84 183 0.6
      vertex 85 178.6 0.6
      vertex 86.2 178.6 0.6
    endloop
  endfacet
  facet normal 0 0 1
    outer loop
      vertex 86.2 178.6 0.6
      vertex 85 182.4 0.6
      vertex 84 183 0.6
    endloop
  endfacet
  facet normal 0 0 1
    outer loop
      vertex 86.2 178.6 0.6
      vertex 86.2 182.4 0.6
      vertex 85 182.4 0.6
    endloop
  endfacet
  facet normal 0 0 1
    outer loop
      vertex 86.2 178.6 0.6
      vertex 92.2 178.6 0.6
      vertex 86.2 182.4 0.6
    endloop
  endfacet
  facet normal 0 0 1
    outer loop
      vertex 84 183 0.6
      vertex 85 182.4 0.6
      vertex 85 193.6 0.6
    endloop
  endfacet
  facet normal 0 0 1
    outer loop
      vertex 85 193.6 0.6
      vertex 84 184.55 0.6
      vertex 84 183 0.6
    endloop
  endfacet
  facet normal 0 0 1
    outer loop
      vertex 85 193.6 0.6
      vertex 84 191.45 0.6
      vertex 84 184.55 0.6
    endloop
  endfacet
  facet normal 0 0 1
    outer loop
      vertex 86.2 183.4 0.6
      vertex 92.2 183.4 0.6
      vertex 86.2 192.6 0.6
    endloop
  endfacet
  facet normal 0 0 1
    outer loop
      vertex 85 193.6 0.6
      vertex 84 192.85915492957747 0.6
      vertex 84 191.45 0.6
    endloop
  endfacet
  facet normal 0 0 1
    outer loop
      vertex 85 193.6 0.6
      vertex 84 193 0.6
      vertex 84 192.85915492957747 0.6
    endloop
  endfacet
  facet normal 0 0 1
    outer loop
      vertex 84 198 0.6
      vertex 84 193 0.6
      vertex 85 193.6 0.6
    endloop
  endfacet
  facet normal 0 0 1
    outer loop
      vertex 84 198 0.6
      vertex 85 193.6 0.6
      vertex 86.2 193.6 0.6
    endloop
  endfacet
  facet normal 0 0 1
    outer loop
      vertex 84 198 0.6
      vertex 86.2 193.6 0.6
      vertex 85 197.4 0.6
    endloop
  endfacet
  facet normal 0 0 1
    outer loop
      vertex 86.2 193.6 0.6
      vertex 86.2 197.4 0.6
      vertex 85 197.4 0.6
    endloop
  endfacet
  facet normal 0 0 1
    outer loop
      vertex 86.2 193.6 0.6
      vertex 92.2 197.4 0.6
      vertex 86.2 197.4 0.6
    endloop
  endfacet
  facet normal 0 0 1
    outer loop
      vertex 85 208.6 0.6
      vertex 84 199.55 0.6
      vertex 84 198 0.6
    endloop
  endfacet
  facet normal 0 0 1
    outer loop
      vertex 84 198 0.6
      vertex 85 197.4 0.6
      vertex 85 208.6 0.6
    endloop
  endfacet
  facet normal 0 0 1
    outer loop
      vertex 85 208.6 0.6
      vertex 84 206.45 0.6
      vertex 84 199.55 0.6
    endloop
  endfacet
  facet normal 0 0 1
    outer loop
      vertex 86.2 198.4 0.6
      vertex 92.2 207.6 0.6
      vertex 86.2 207.6 0.6
    endloop
  endfacet
  facet normal 0 0 1
    outer loop
      vertex 86.2 193.6 0.6
      vertex 92.2 193.6 0.6
      vertex 92.2 197.4 0.6
    endloop
  endfacet
  facet normal 0 0 1
    outer loop
      vertex 86.2 198.4 0.6
      vertex 92.2 198.4 0.6
      vertex 92.2 207.6 0.6
    endloop
  endfacet
  facet normal 0 0 1
    outer loop
      vertex 85 208.6 0.6
      vertex 84 207.85915492957747 0.6
      vertex 84 206.45 0.6
    endloop
  endfacet
  facet normal 0 0 1
    outer loop
      vertex 85 208.6 0.6
      vertex 84 208 0.6
      vertex 84 207.85915492957747 0.6
    endloop
  endfacet
  facet normal 0 0 1
    outer loop
      vertex 84 208 0.6
      vertex 85 208.6 0.6
      vertex 85 212.4 0.6
    endloop
  endfacet
  facet normal 0 0 1
    outer loop
      vertex 86.2 208.6 0.6
      vertex 85 212.4 0.6
      vertex 85 208.6 0.6
    endloop
  endfacet
  facet normal 0 0 1
    outer loop
      vertex 86.2 208.6 0.6
      vertex 86.2 212.4 0.6
      vertex 85 212.4 0.6
    endloop
  endfacet
  facet normal 0 0 1
    outer loop
      vertex 86.2 208.6 0.6
      vertex 92.2 212.4 0.6
      vertex 86.2 212.4 0.6
    endloop
  endfacet
  facet normal 0 0 1
    outer loop
      vertex 84 213 0.6
      vertex 84 208 0.6
      vertex 85 223.6 0.6
    endloop
  endfacet
  facet normal 0 0 1
    outer loop
      vertex 84 208 0.6
      vertex 85 212.4 0.6
      vertex 85 223.6 0.6
    endloop
  endfacet
  facet normal 0 0 1
    outer loop
      vertex 85 223.6 0.6
      vertex 84 214.55 0.6
      vertex 84 213 0.6
    endloop
  endfacet
  facet normal 0 0 1
    outer loop
      vertex 85 223.6 0.6
      vertex 84 221.45 0.6
      vertex 84 214.55 0.6
    endloop
  endfacet
  facet normal 0 0 1
    outer loop
      vertex 86.2 213.4 0.6
      vertex 92.2 222.6 0.6
      vertex 86.2 222.6 0.6
    endloop
  endfacet
  facet normal 0 0 1
    outer loop
      vertex 92.2 212.4 0.6
      vertex 86.2 208.6 0.6
      vertex 92.2 208.6 0.6
    endloop
  endfacet
  facet normal 0 0 1
    outer loop
      vertex 86.2 213.4 0.6
      vertex 92.2 213.4 0.6
      vertex 92.2 222.6 0.6
    endloop
  endfacet
  facet normal 0 0 -1
    outer loop
      vertex 44.482146721021294 252.97083549639223 0
      vertex 212.48214672102128 252.97083549639223 0
      vertex 46.97753248858406 249.45822132078357 0
    endloop
  endfacet
  facet normal 0 0 -1
    outer loop
      vertex 46.97753248858406 249.45822132078357 0
      vertex 212.48214672102128 252.97083549639223 0
      vertex 48.606622218577186 248.517665926638 0
    endloop
  endfacet
  facet normal 0 0 -1
    outer loop
      vertex 49.25 246.75 0
      vertex 48.606622218577186 248.517665926638 0
      vertex 212.48214672102128 252.97083549639223 0
    endloop
  endfacet
  facet normal 0 1 0
    outer loop
      vertex 44.482146721021294 252.97083549639223 0
      vertex 44.482146721021294 252.97083549639223 0.6
      vertex 212.48214672102128 252.97083549639223 0.6
    endloop
  endfacet
  facet normal 0 0 1
    outer loop
      vertex 85 223.6 0.6
      vertex 84 222.85915492957747 0.6
      vertex 84 221.45 0.6
    endloop
  endfacet
  facet normal 0 0 1
    outer loop
      vertex 85 223.6 0.6
      vertex 84 223 0.6
      vertex 84 222.85915492957747 0.6
    endloop
  endfacet
  facet normal 0 0 1
    outer loop
      vertex 84 223 0.6
      vertex 85 223.6 0.6
      vertex 85 227.4 0.6
    endloop
  endfacet
  facet normal 0 0 1
    outer loop
      vertex 85 223.6 0.6
      vertex 86.2 223.6 0.6
      vertex 85 227.4 0.6
    endloop
  endfacet
  facet normal 0 0 1
    outer loop
      vertex 86.2 227.4 0.6
      vertex 85 227.4 0.6
      vertex 86.2 223.6 0.6
    endloop
  endfacet
  facet normal 0 0 1
    outer loop
      vertex 92.2 223.6 0.6
      vertex 86.2 227.4 0.6
      vertex 86.2 223.6 0.6
    endloop
  endfacet
  facet normal 0 0 1
    outer loop
      vertex 84 228 0.6
      vertex 84 223 0.6
      vertex 85 238.6 0.6
    endloop
  endfacet
  facet normal 0 0 1
    outer loop
      vertex 84 223 0.6
      vertex 85 227.4 0.6
      vertex 85 238.6 0.6
    endloop
  endfacet
  facet normal 0 0 1
    outer loop
      vertex 85 238.6 0.6
      vertex 84 229.55 0.6
      vertex 84 228 0.6
    endloop
  endfacet
  facet normal 0 0 1
    outer loop
      vertex 85 238.6 0.6
      vertex 84 236.45 0.6
      vertex 84 229.55 0.6
    endloop
  endfacet
  facet normal 0 0 1
    outer loop
      vertex 92.2 237.6 0.6
      vertex 86.2 237.6 0.6
      vertex 86.2 228.4 0.6
    endloop
  endfacet
  facet normal 0 0 1
    outer loop
      vertex 92.2 223.6 0.6
      vertex 92.2 227.4 0.6
      vertex 86.2 227.4 0.6
    endloop
  endfacet
  facet normal 0 0 1
    outer loop
      vertex 86.2 228.4 0.6
      vertex 92.2 228.4 0.6
      vertex 92.2 237.6 0.6
    endloop
  endfacet
  facet normal 0 0 1
    outer loop
      vertex 85 238.6 0.6
      vertex 84 237.85915492957747 0.6
      vertex 84 236.45 0.6
    endloop
  endfacet
  facet normal 0 0 1
    outer loop
      vertex 85 238.6 0.6
      vertex 84 238 0.6
      vertex 84 237.85915492957747 0.6
    endloop
  endfacet
  facet normal 0 0 1
    outer loop
      vertex 44.482146721021294 252.97083549639223 0.6
      vertex 46.97753248858406 249.45822132078357 0.6
      vertex 212.48214672102128 252.97083549639223 0.6
    endloop
  endfacet
  facet normal 0 0 1
    outer loop
      vertex 46.97753248858406 249.45822132078357 0.6
      vertex 48.606622218577186 248.517665926638 0.6
      vertex 212.48214672102128 252.97083549639223 0.6
    endloop
  endfacet
  facet normal 0 0 1
    outer loop
      vertex 49.25 246.75 0.6
      vertex 212.48214672102128 252.97083549639223 0.6
      vertex 48.606622218577186 248.517665926638 0.6
    endloop
  endfacet
  facet normal 0 0 1
    outer loop
      vertex 57.989999999999995 238 0.6
      vertex 58 238 0.6
      vertex 212.48214672102128 252.97083549639223 0.6
    endloop
  endfacet
  facet normal 0 0 1
    outer loop
      vertex 49.25 246.75 0.6
      vertex 57.989999999999995 238 0.6
      vertex 212.48214672102128 252.97083549639223 0.6
    endloop
  endfacet
  facet normal 0 0 1
    outer loop
      vertex 212.48214672102128 252.97083549639223 0.6
      vertex 58 238 0.6
      vertex 85 238.6 0.6
    endloop
  endfacet
  facet normal 0 0 1
    outer loop
      vertex 212.48214672102128 252.97083549639223 0.6
      vertex 85 238.6 0.6
      vertex 86.2 238.6 0.6
    endloop
  endfacet
  facet normal 0 0 1
    outer loop
      vertex 212.48214672102128 3.0291645036077837 0.6
      vertex 92.2 17.4 0.6
      vertex 86.2 17.4 0.6
    endloop
  endfacet
  facet normal 0 0 1
    outer loop
      vertex 92.2 18.4 0.6
      vertex 209 18.4 0.6
      vertex 92.2 27.6 0.6
    endloop
  endfacet
  facet normal 0 0 1
    outer loop
      vertex 86.2 32.4 0.6
      vertex 92.2 28.6 0.6
      vertex 209 28.6 0.6
    endloop
  endfacet
  facet normal 0 0 1
    outer loop
      vertex 86.2 32.4 0.6
      vertex 209 28.6 0.6
      vertex 92.2 32.4 0.6
    endloop
  endfacet
  facet normal 0 0 1
    outer loop
      vertex 92.2 33.4 0.6
      vertex 209 33.4 0.6
      vertex 92.2 42.599999999999994 0.6
    endloop
  endfacet
  facet normal 0 0 1
    outer loop
      vertex 85 47.4 0.6
      vertex 92.2 43.599999999999994 0.6
      vertex 209 43.599999999999994 0.6
    endloop
  endfacet
  facet normal 0 0 1
    outer loop
      vertex 209 43.599999999999994 0.6
      vertex 92.2 47.4 0.6
      vertex 86.2 47.4 0.6
    endloop
  endfacet
  facet normal 0 0 1
    outer loop
      vertex 92.2 48.4 0.6
      vertex 209 48.4 0.6
      vertex 92.2 57.599999999999994 0.6
    endloop
  endfacet
  facet normal 0 0 1
    outer loop
      vertex 85 62.4 0.6
      vertex 92.2 58.599999999999994 0.6
      vertex 209 58.599999999999994 0.6
    endloop
  endfacet
  facet normal 0 0 1
    outer loop
      vertex 209 58.599999999999994 0.6
      vertex 92.2 62.4 0.6
      vertex 86.2 62.4 0.6
    endloop
  endfacet
  facet normal 0 -1 0
    outer loop
      vertex 44.482146721021294 3.0291645036077837 0.6
      vertex 212.48214672102128 3.0291645036077837 0
      vertex 212.48214672102128 3.0291645036077837 0.6
    endloop
  endfacet
  facet normal 0 0 1
    outer loop
      vertex 212.48214672102128 3.0291645036077837 0.6
      vertex 209 17.4 0.6
      vertex 92.2 17.4 0.6
    endloop
  endfacet
  facet normal 0 0 1
    outer loop
      vertex 92.2 27.6 0.6
      vertex 209 18.4 0.6
      vertex 209 27.6 0.6
    endloop
  endfacet
  facet normal 0 0 1
    outer loop
      vertex 92.2 32.4 0.6
      vertex 209 28.6 0.6
      vertex 209 32.4 0.6
    endloop
  endfacet
  facet normal 0 0 1
    outer loop
      vertex 92.2 42.599999999999994 0.6
      vertex 209 33.4 0.6
      vertex 209 42.599999999999994 0.6
    endloop
  endfacet
  facet normal 0 0 1
    outer loop
      vertex 92.2 47.4 0.6
      vertex 209 43.599999999999994 0.6
      vertex 209 47.4 0.6
    endloop
  endfacet
  facet normal 0 0 1
    outer loop
      vertex 92.2 57.599999999999994 0.6
      vertex 209 48.4 0.6
      vertex 209 57.599999999999994 0.6
    endloop
  endfacet
  facet normal 0 0 1
    outer loop
      vertex 92.2 62.4 0.6
      vertex 209 58.599999999999994 0.6
      vertex 209 62.4 0.6
    endloop
  endfacet
  facet normal 0 0 1
    outer loop
      vertex 92.2 63.4 0.6
      vertex 209 63.4 0.6
      vertex 92.2 72.6 0.6
    endloop
  endfacet
  facet normal 0 0 1
    outer loop
      vertex 92.2 77.4 0.6
      vertex 92.2 73.6 0.6
      vertex 209 73.6 0.6
    endloop
  endfacet
  facet normal 0 0 1
    outer loop
      vertex 92.2 78.4 0.6
      vertex 209 78.4 0.6
      vertex 86.2 87.60000000000001 0.6
    endloop
  endfacet
  facet normal 0 0 1
    outer loop
      vertex 86.2 87.60000000000001 0.6
      vertex 209 78.4 0.6
      vertex 92.2 87.60000000000001 0.6
    endloop
  endfacet
  facet normal 0 0 1
    outer loop
      vertex 92.2 93.4 0.6
      vertex 209 93.4 0.6
      vertex 86.2 102.60000000000001 0.6
    endloop
  endfacet
  facet normal 0 0 1
    outer loop
      vertex 92.2 92.4 0.6
      vertex 92.2 88.60000000000001 0.6
      vertex 209 88.60000000000001 0.6
    endloop
  endfacet
  facet normal 0 0 1
    outer loop
      vertex 86.2 102.60000000000001 0.6
      vertex 209 93.4 0.6
      vertex 92.2 102.60000000000001 0.6
    endloop
  endfacet
  facet normal 0 0 1
    outer loop
      vertex 92.2 108.4 0.6
      vertex 209 108.4 0.6
      vertex 86.2 117.60000000000001 0.6
    endloop
  endfacet
  facet normal 0 0 1
    outer loop
      vertex 92.2 107.4 0.6
      vertex 92.2 103.60000000000001 0.6
      vertex 209 103.60000000000001 0.6
    endloop
  endfacet
  facet normal 0 0 1
    outer loop
      vertex 86.2 117.60000000000001 0.6
      vertex 209 108.4 0.6
      vertex 92.2 117.60000000000001 0.6
    endloop
  endfacet
  facet normal 0 0 1
    outer loop
      vertex 92.2 122.4 0.6
      vertex 92.2 118.60000000000001 0.6
      vertex 209 118.60000000000001 0.6
    endloop
  endfacet
  facet normal 0 0 1
    outer loop
      vertex 92.2 123.4 0.6
      vertex 209 123.4 0.6
      vertex 86.2 132.6 0.6
    endloop
  endfacet
  facet normal 0 0 1
    outer loop
      vertex 92.2 72.6 0.6
      vertex 209 63.4 0.6
      vertex 209 72.6 0.6
    endloop
  endfacet
  facet normal 0 0 1
    outer loop
      vertex 92.2 77.4 0.6
      vertex 209 73.6 0.6
      vertex 209 77.4 0.6
    endloop
  endfacet
  facet normal 0 0 1
    outer loop
      vertex 92.2 87.60000000000001 0.6
      vertex 209 78.4 0.6
      vertex 209 87.60000000000001 0.6
    endloop
  endfacet
  facet normal 0 0 1
    outer loop
      vertex 92.2 92.4 0.6
      vertex 209 88.60000000000001 0.6
      vertex 209 92.4 0.6
    endloop
  endfacet
  facet normal 0 0 1
    outer loop
      vertex 92.2 102.60000000000001 0.6
      vertex 209 93.4 0.6
      vertex 209 102.60000000000001 0.6
    endloop
  endfacet
  facet normal 0 0 1
    outer loop
      vertex 92.2 107.4 0.6
      vertex 209 103.60000000000001 0.6
      vertex 209 107.4 0.6
    endloop
  endfacet
  facet normal 0 0 1
    outer loop
      vertex 92.2 117.60000000000001 0.6
      vertex 209 108.4 0.6
      vertex 209 117.60000000000001 0.6
    endloop
  endfacet
  facet normal 0 0 1
    outer loop
      vertex 92.2 122.4 0.6
      vertex 209 118.60000000000001 0.6
      vertex 209 122.4 0.6
    endloop
  endfacet
  facet normal 0.35460488704253607 -0.9350162426854146 0
    outer loop
      vertex 212.48214672102128 3.0291645036077837 0
      vertex 214.2722589869246 3.7080645364253755 0
      vertex 212.48214672102128 3.0291645036077837 0.6
    endloop
  endfacet
  facet normal 0.7485107481710956 -0.6631226582408015 0
    outer loop
      vertex 214.2722589869246 3.7080645364253755 0
      vertex 215.54182410261285 5.141107311824927 0
      vertex 214.2722589869246 3.7080645364253755 0.6
    endloop
  endfacet
  facet normal 0.9709418174260532 -0.23931566428755283 0
    outer loop
      vertex 215.54182410261285 5.141107311824927 0
      vertex 216 7 0
      vertex 215.54182410261285 5.141107311824927 0.6
    endloop
  endfacet
  facet normal 0.35460488704253607 -0.9350162426854146 0
    outer loop
      vertex 214.2722589869246 3.7080645364253755 0
      vertex 214.2722589869246 3.7080645364253755 0.6
      vertex 212.48214672102128 3.0291645036077837 0.6
    endloop
  endfacet
  facet normal 0.7485107481710956 -0.6631226582408015 0
    outer loop
      vertex 215.54182410261285 5.141107311824927 0
      vertex 215.54182410261285 5.141107311824927 0.6
      vertex 214.2722589869246 3.7080645364253755 0.6
    endloop
  endfacet
  facet normal 0.9709418174260532 -0.23931566428755283 0
    outer loop
      vertex 216 7 0
      vertex 216 7 0.6
      vertex 215.54182410261285 5.141107311824927 0.6
    endloop
  endfacet
  facet normal 0 0 1
    outer loop
      vertex 212.48214672102128 3.0291645036077837 0.6
      vertex 211 17.4 0.6
      vertex 209 17.4 0.6
    endloop
  endfacet
  facet normal 0 0 1
    outer loop
      vertex 212.48214672102128 3.0291645036077837 0.6
      vertex 211 28.6 0.6
      vertex 211 17.4 0.6
    endloop
  endfacet
  facet normal 0 0 1
    outer loop
      vertex 209 28.6 0.6
      vertex 211 28.6 0.6
      vertex 209 32.4 0.6
    endloop
  endfacet
  facet normal 0 0 1
    outer loop
      vertex 211 32.4 0.6
      vertex 209 32.4 0.6
      vertex 211 28.6 0.6
    endloop
  endfacet
  facet normal 0 0 1
    outer loop
      vertex 212.48214672102128 3.0291645036077837 0.6
      vertex 211 32.4 0.6
      vertex 211 28.6 0.6
    endloop
  endfacet
  facet normal 0 0 1
    outer loop
      vertex 209 43.599999999999994 0.6
      vertex 211 43.599999999999994 0.6
      vertex 209 47.4 0.6
    endloop
  endfacet
  facet normal 0 0 1
    outer loop
      vertex 211 47.4 0.6
      vertex 209 47.4 0.6
      vertex 211 43.599999999999994 0.6
    endloop
  endfacet
  facet normal 0 0 1
    outer loop
      vertex 209 58.599999999999994 0.6
      vertex 211 58.599999999999994 0.6
      vertex 209 62.4 0.6
    endloop
  endfacet
  facet normal 0 0 1
    outer loop
      vertex 211 62.4 0.6
      vertex 209 62.4 0.6
      vertex 211 58.599999999999994 0.6
    endloop
  endfacet
  facet normal 0 0 -1
    outer loop
      vertex 212.48214672102128 3.0291645036077837 0
      vertex 212.48214672102128 252.97083549639223 0
      vertex 214.2722589869246 3.7080645364253755 0
    endloop
  endfacet
  facet normal 0 0 -1
    outer loop
      vertex 214.2722589869246 3.7080645364253755 0
      vertex 214.2722589869246 252.29193546357462 0
      vertex 215.54182410261285 5.141107311824927 0
    endloop
  endfacet
  facet normal 0 0 -1
    outer loop
      vertex 215.54182410261285 5.141107311824927 0
      vertex 215.54182410261285 250.85889268817508 0
      vertex 216 7 0
    endloop
  endfacet
  facet normal 1 0 0
    outer loop
      vertex 216 7 0
      vertex 216 249 0
      vertex 216 7 0.6
    endloop
  endfacet
  facet normal 0 0 1
    outer loop
      vertex 209 73.6 0.6
      vertex 211 73.6 0.6
      vertex 209 77.4 0.6
    endloop
  endfacet
  facet normal 0 0 1
    outer loop
      vertex 211 77.4 0.6
      vertex 209 77.4 0.6
      vertex 211 73.6 0.6
    endloop
  endfacet
  facet normal 0 0 1
    outer loop
      vertex 209 88.60000000000001 0.6
      vertex 211 88.60000000000001 0.6
      vertex 209 92.4 0.6
    endloop
  endfacet
  facet normal 0 0 1
    outer loop
      vertex 211 92.4 0.6
      vertex 209 92.4 0.6
      vertex 211 88.60000000000001 0.6
    endloop
  endfacet
  facet normal 0 0 1
    outer loop
      vertex 212.48214672102128 3.0291645036077837 0.6
      vertex 214.2722589869246 3.7080645364253755 0.6
      vertex 212.48214672102128 252.97083549639223 0.6
    endloop
  endfacet
  facet normal 0 0 1
    outer loop
      vertex 214.2722589869246 3.7080645364253755 0.6
      vertex 215.54182410261285 5.141107311824927 0.6
      vertex 214.2722589869246 252.29193546357462 0.6
    endloop
  endfacet
  facet normal 0 0 1
    outer loop
      vertex 215.54182410261285 5.141107311824927 0.6
      vertex 216 7 0.6
      vertex 215.54182410261285 250.85889268817508 0.6
    endloop
  endfacet
  facet normal 0 0 1
    outer loop
      vertex 212.48214672102128 3.0291645036077837 0.6
      vertex 212.48214672102128 252.97083549639223 0.6
      vertex 211 32.4 0.6
    endloop
  endfacet
  facet normal 0 0 1
    outer loop
      vertex 209 103.60000000000001 0.6
      vertex 211 103.60000000000001 0.6
      vertex 209 107.4 0.6
    endloop
  endfacet
  facet normal 0 0 1
    outer loop
      vertex 211 107.4 0.6
      vertex 209 107.4 0.6
      vertex 211 103.60000000000001 0.6
    endloop
  endfacet
  facet normal 0 0 1
    outer loop
      vertex 212.48214672102128 252.97083549639223 0.6
      vertex 211 43.599999999999994 0.6
      vertex 211 32.4 0.6
    endloop
  endfacet
  facet normal 0 0 1
    outer loop
      vertex 209 118.60000000000001 0.6
      vertex 211 118.60000000000001 0.6
      vertex 209 122.4 0.6
    endloop
  endfacet
  facet normal 0 0 1
    outer loop
      vertex 211 122.4 0.6
      vertex 209 122.4 0.6
      vertex 211 118.60000000000001 0.6
    endloop
  endfacet
  facet normal 0 0 1
    outer loop
      vertex 212.48214672102128 252.97083549639223 0.6
      vertex 211 47.4 0.6
      vertex 211 43.599999999999994 0.6
    endloop
  endfacet
  facet normal 0 0 1
    outer loop
      vertex 212.48214672102128 252.97083549639223 0.6
      vertex 211 58.599999999999994 0.6
      vertex 211 47.4 0.6
    endloop
  endfacet
  facet normal 0 0 1
    outer loop
      vertex 212.48214672102128 252.97083549639223 0.6
      vertex 211 62.4 0.6
      vertex 211 58.599999999999994 0.6
    endloop
  endfacet
  facet normal 0 0 1
    outer loop
      vertex 86.2 132.6 0.6
      vertex 209 123.4 0.6
      vertex 92.2 132.6 0.6
    endloop
  endfacet
  facet normal 0 0 1
    outer loop
      vertex 92.2 137.4 0.6
      vertex 92.2 133.6 0.6
      vertex 209 133.6 0.6
    endloop
  endfacet
  facet normal 0 0 1
    outer loop
      vertex 92.2 138.4 0.6
      vertex 209 138.4 0.6
      vertex 86.2 147.6 0.6
    endloop
  endfacet
  facet normal 0 0 1
    outer loop
      vertex 86.2 147.6 0.6
      vertex 209 138.4 0.6
      vertex 92.2 147.6 0.6
    endloop
  endfacet
  facet normal 0 0 1
    outer loop
      vertex 92.2 152.4 0.6
      vertex 92.2 148.6 0.6
      vertex 209 148.6 0.6
    endloop
  endfacet
  facet normal 0 0 1
    outer loop
      vertex 86.2 162.6 0.6
      vertex 92.2 153.4 0.6
      vertex 209 153.4 0.6
    endloop
  endfacet
  facet normal 0 0 1
    outer loop
      vertex 86.2 162.6 0.6
      vertex 209 153.4 0.6
      vertex 92.2 162.6 0.6
    endloop
  endfacet
  facet normal 0 0 1
    outer loop
      vertex 86.2 167.4 0.6
      vertex 92.2 163.6 0.6
      vertex 209 163.6 0.6
    endloop
  endfacet
  facet normal 0 0 1
    outer loop
      vertex 86.2 167.4 0.6
      vertex 209 163.6 0.6
      vertex 92.2 167.4 0.6
    endloop
  endfacet
  facet normal 0 0 1
    outer loop
      vertex 86.2 177.6 0.6
      vertex 92.2 168.4 0.6
      vertex 209 168.4 0.6
    endloop
  endfacet
  facet normal 0 0 1
    outer loop
      vertex 86.2 177.6 0.6
      vertex 209 168.4 0.6
      vertex 92.2 177.6 0.6
    endloop
  endfacet
  facet normal 0 0 1
    outer loop
      vertex 86.2 182.4 0.6
      vertex 92.2 178.6 0.6
      vertex 209 178.6 0.6
    endloop
  endfacet
  facet normal 0 0 1
    outer loop
      vertex 86.2 182.4 0.6
      vertex 209 178.6 0.6
      vertex 92.2 182.4 0.6
    endloop
  endfacet
  facet normal 0 0 1
    outer loop
      vertex 86.2 192.6 0.6
      vertex 92.2 183.4 0.6
      vertex 209 183.4 0.6
    endloop
  endfacet
  facet normal 0 0 1
    outer loop
      vertex 86.2 192.6 0.6
      vertex 209 183.4 0.6
      vertex 92.2 192.6 0.6
    endloop
  endfacet
  facet normal 0 0 1
    outer loop
      vertex 209 123.4 0.6
      vertex 209 132.6 0.6
      vertex 92.2 132.6 0.6
    endloop
  endfacet
  facet normal 0 0 1
    outer loop
      vertex 92.2 137.4 0.6
      vertex 209 133.6 0.6
      vertex 209 137.4 0.6
    endloop
  endfacet
  facet normal 0 0 1
    outer loop
      vertex 209 138.4 0.6
      vertex 209 147.6 0.6
      vertex 92.2 147.6 0.6
    endloop
  endfacet
  facet normal 0 0 1
    outer loop
      vertex 92.2 152.4 0.6
      vertex 209 148.6 0.6
      vertex 209 152.4 0.6
    endloop
  endfacet
  facet normal 0 0 -1
    outer loop
      vertex 49.25 246.75 0
      vertex 212.48214672102128 252.97083549639223 0
      vertex 212.48214672102128 3.0291645036077837 0
    endloop
  endfacet
  facet normal 0 0 1
    outer loop
      vertex 209 153.4 0.6
      vertex 209 162.6 0.6
      vertex 92.2 162.6 0.6
    endloop
  endfacet
  facet normal 0 0 1
    outer loop
      vertex 92.2 167.4 0.6
      vertex 209 163.6 0.6
      vertex 209 167.4 0.6
    endloop
  endfacet
  facet normal 0 0 1
    outer loop
      vertex 92.2 177.6 0.6
      vertex 209 168.4 0.6
      vertex 209 177.6 0.6
    endloop
  endfacet
  facet normal 0 0 1
    outer loop
      vertex 92.2 182.4 0.6
      vertex 209 178.6 0.6
      vertex 209 182.4 0.6
    endloop
  endfacet
  facet normal 0 0 1
    outer loop
      vertex 92.2 192.6 0.6
      vertex 209 183.4 0.6
      vertex 209 192.6 0.6
    endloop
  endfacet
  facet normal 0 0 1
    outer loop
      vertex 92.2 197.4 0.6
      vertex 92.2 193.6 0.6
      vertex 209 193.6 0.6
    endloop
  endfacet
  facet normal 0 0 1
    outer loop
      vertex 92.2 207.6 0.6
      vertex 92.2 198.4 0.6
      vertex 209 198.4 0.6
    endloop
  endfacet
  facet normal 0 0 1
    outer loop
      vertex 92.2 212.4 0.6
      vertex 92.2 208.6 0.6
      vertex 209 208.6 0.6
    endloop
  endfacet
  facet normal 0 0 1
    outer loop
      vertex 92.2 222.6 0.6
      vertex 92.2 213.4 0.6
      vertex 209 213.4 0.6
    endloop
  endfacet
  facet normal 0 0 1
    outer loop
      vertex 92.2 227.4 0.6
      vertex 92.2 223.6 0.6
      vertex 209 223.6 0.6
    endloop
  endfacet
  facet normal 0 0 1
    outer loop
      vertex 209 228.4 0.6
      vertex 92.2 237.6 0.6
      vertex 92.2 228.4 0.6
    endloop
  endfacet
  facet normal 0 0 1
    outer loop
      vertex 212.48214672102128 252.97083549639223 0.6
      vertex 86.2 238.6 0.6
      vertex 92.2 238.6 0.6
    endloop
  endfacet
  facet normal 0 0 1
    outer loop
      vertex 92.2 197.4 0.6
      vertex 209 193.6 0.6
      vertex 209 197.4 0.6
    endloop
  endfacet
  facet normal 0 0 1
    outer loop
      vertex 92.2 207.6 0.6
      vertex 209 198.4 0.6
      vertex 209 207.6 0.6
    endloop
  endfacet
  facet normal 0 0 1
    outer loop
      vertex 92.2 212.4 0.6
      vertex 209 208.6 0.6
      vertex 209 212.4 0.6
    endloop
  endfacet
  facet normal 0 0 1
    outer loop
      vertex 92.2 222.6 0.6
      vertex 209 213.4 0.6
      vertex 209 222.6 0.6
    endloop
  endfacet
  facet normal 0 1 0
    outer loop
      vertex 44.482146721021294 252.97083549639223 0
      vertex 212.48214672102128 252.97083549639223 0.6
      vertex 212.48214672102128 252.97083549639223 0
    endloop
  endfacet
  facet normal 0 0 1
    outer loop
      vertex 92.2 227.4 0.6
      vertex 209 223.6 0.6
      vertex 209 227.4 0.6
    endloop
  endfacet
  facet normal 0 0 1
    outer loop
      vertex 92.2 237.6 0.6
      vertex 209 228.4 0.6
      vertex 209 237.6 0.6
    endloop
  endfacet
  facet normal 0 0 1
    outer loop
      vertex 212.48214672102128 252.97083549639223 0.6
      vertex 92.2 238.6 0.6
      vertex 209 238.6 0.6
    endloop
  endfacet
  facet normal 0 0 1
    outer loop
      vertex 209 133.6 0.6
      vertex 211 133.6 0.6
      vertex 209 137.4 0.6
    endloop
  endfacet
  facet normal 0 0 1
    outer loop
      vertex 211 137.4 0.6
      vertex 209 137.4 0.6
      vertex 211 133.6 0.6
    endloop
  endfacet
  facet normal 0 0 1
    outer loop
      vertex 212.48214672102128 252.97083549639223 0.6
      vertex 211 73.6 0.6
      vertex 211 62.4 0.6
    endloop
  endfacet
  facet normal 0 0 1
    outer loop
      vertex 212.48214672102128 252.97083549639223 0.6
      vertex 211 77.4 0.6
      vertex 211 73.6 0.6
    endloop
  endfacet
  facet normal 0 0 1
    outer loop
      vertex 212.48214672102128 252.97083549639223 0.6
      vertex 211 88.60000000000001 0.6
      vertex 211 77.4 0.6
    endloop
  endfacet
  facet normal 0 0 1
    outer loop
      vertex 209 148.6 0.6
      vertex 211 148.6 0.6
      vertex 209 152.4 0.6
    endloop
  endfacet
  facet normal 0 0 1
    outer loop
      vertex 211 152.4 0.6
      vertex 209 152.4 0.6
      vertex 211 148.6 0.6
    endloop
  endfacet
  facet normal 0 0 1
    outer loop
      vertex 212.48214672102128 252.97083549639223 0.6
      vertex 211 92.4 0.6
      vertex 211 88.60000000000001 0.6
    endloop
  endfacet
  facet normal 0 0 1
    outer loop
      vertex 212.48214672102128 252.97083549639223 0.6
      vertex 211 103.60000000000001 0.6
      vertex 211 92.4 0.6
    endloop
  endfacet
  facet normal 0 0 1
    outer loop
      vertex 212.48214672102128 252.97083549639223 0.6
      vertex 211 107.4 0.6
      vertex 211 103.60000000000001 0.6
    endloop
  endfacet
  facet normal 0 0 -1
    outer loop
      vertex 214.2722589869246 3.7080645364253755 0
      vertex 212.48214672102128 252.97083549639223 0
      vertex 214.2722589869246 252.29193546357462 0
    endloop
  endfacet
  facet normal 0 0 -1
    outer loop
      vertex 216 7 0
      vertex 215.54182410261285 250.85889268817508 0
      vertex 216 249 0
    endloop
  endfacet
  facet normal 0 0 -1
    outer loop
      vertex 215.54182410261285 5.141107311824927 0
      vertex 214.2722589869246 252.29193546357462 0
      vertex 215.54182410261285 250.85889268817508 0
    endloop
  endfacet
  facet normal 1 0 0
    outer loop
      vertex 216 7 0.6
      vertex 216 249 0
      vertex 216 249 0.6
    endloop
  endfacet
  facet normal 0 0 1
    outer loop
      vertex 209 163.6 0.6
      vertex 211 163.6 0.6
      vertex 209 167.4 0.6
    endloop
  endfacet
  facet normal 0 0 1
    outer loop
      vertex 211 167.4 0.6
      vertex 209 167.4 0.6
      vertex 211 163.6 0.6
    endloop
  endfacet
  facet normal 0 0 1
    outer loop
      vertex 212.48214672102128 252.97083549639223 0.6
      vertex 211 118.60000000000001 0.6
      vertex 211 107.4 0.6
    endloop
  endfacet
  facet normal 0 0 1
    outer loop
      vertex 212.48214672102128 252.97083549639223 0.6
      vertex 211 122.4 0.6
      vertex 211 118.60000000000001 0.6
    endloop
  endfacet
  facet normal 0 0 1
    outer loop
      vertex 212.48214672102128 252.97083549639223 0.6
      vertex 211 133.6 0.6
      vertex 211 122.4 0.6
    endloop
  endfacet
  facet normal 0 0 1
    outer loop
      vertex 212.48214672102128 252.97083549639223 0.6
      vertex 211 137.4 0.6
      vertex 211 133.6 0.6
    endloop
  endfacet
  facet normal 0 0 1
    outer loop
      vertex 214.2722589869246 3.7080645364253755 0.6
      vertex 214.2722589869246 252.29193546357462 0.6
      vertex 212.48214672102128 252.97083549639223 0.6
    endloop
  endfacet
  facet normal 0 0 1
    outer loop
      vertex 216 7 0.6
      vertex 216 249 0.6
      vertex 215.54182410261285 250.85889268817508 0.6
    endloop
  endfacet
  facet normal 0 0 1
    outer loop
      vertex 215.54182410261285 5.141107311824927 0.6
      vertex 215.54182410261285 250.85889268817508 0.6
      vertex 214.2722589869246 252.29193546357462 0.6
    endloop
  endfacet
  facet normal 0 0 1
    outer loop
      vertex 209 178.6 0.6
      vertex 211 178.6 0.6
      vertex 209 182.4 0.6
    endloop
  endfacet
  facet normal 0 0 1
    outer loop
      vertex 211 182.4 0.6
      vertex 209 182.4 0.6
      vertex 211 178.6 0.6
    endloop
  endfacet
  facet normal 0 0 1
    outer loop
      vertex 212.48214672102128 252.97083549639223 0.6
      vertex 211 148.6 0.6
      vertex 211 137.4 0.6
    endloop
  endfacet
  facet normal 0 0 1
    outer loop
      vertex 212.48214672102128 252.97083549639223 0.6
      vertex 211 152.4 0.6
      vertex 211 148.6 0.6
    endloop
  endfacet
  facet normal 0 0 1
    outer loop
      vertex 212.48214672102128 252.97083549639223 0.6
      vertex 211 163.6 0.6
      vertex 211 152.4 0.6
    endloop
  endfacet
  facet normal 0 0 1
    outer loop
      vertex 209 193.6 0.6
      vertex 211 193.6 0.6
      vertex 209 197.4 0.6
    endloop
  endfacet
  facet normal 0 0 1
    outer loop
      vertex 211 197.4 0.6
      vertex 209 197.4 0.6
      vertex 211 193.6 0.6
    endloop
  endfacet
  facet normal 0 0 1
    outer loop
      vertex 212.48214672102128 252.97083549639223 0.6
      vertex 211 167.4 0.6
      vertex 211 163.6 0.6
    endloop
  endfacet
  facet normal 0 0 1
    outer loop
      vertex 212.48214672102128 252.97083549639223 0.6
      vertex 211 178.6 0.6
      vertex 211 167.4 0.6
    endloop
  endfacet
  facet normal 0 0 1
    outer loop
      vertex 212.48214672102128 252.97083549639223 0.6
      vertex 211 182.4 0.6
      vertex 211 178.6 0.6
    endloop
  endfacet
  facet normal 0 0 1
    outer loop
      vertex 209 208.6 0.6
      vertex 211 208.6 0.6
      vertex 209 212.4 0.6
    endloop
  endfacet
  facet normal 0 0 1
    outer loop
      vertex 211 212.4 0.6
      vertex 209 212.4 0.6
      vertex 211 208.6 0.6
    endloop
  endfacet
  facet normal 0 0 1
    outer loop
      vertex 212.48214672102128 252.97083549639223 0.6
      vertex 211 193.6 0.6
      vertex 211 182.4 0.6
    endloop
  endfacet
  facet normal 0 0 1
    outer loop
      vertex 212.48214672102128 252.97083549639223 0.6
      vertex 211 197.4 0.6
      vertex 211 193.6 0.6
    endloop
  endfacet
  facet normal 0 0 1
    outer loop
      vertex 212.48214672102128 252.97083549639223 0.6
      vertex 211 208.6 0.6
      vertex 211 197.4 0.6
    endloop
  endfacet
  facet normal 0.3546048870425438 0.9350162426854117 -8.132190661148685e-17
    outer loop
      vertex 212.48214672102128 252.97083549639223 0
      vertex 214.2722589869246 252.29193546357462 0.6
      vertex 214.2722589869246 252.29193546357462 0
    endloop
  endfacet
  facet normal 0.9709418174260532 0.23931566428755258 0
    outer loop
      vertex 216 249 0
      vertex 215.54182410261285 250.85889268817508 0
      vertex 216 249 0.6
    endloop
  endfacet
  facet normal 0.7485107481710935 0.6631226582408039 2.640741447932716e-17
    outer loop
      vertex 214.2722589869246 252.29193546357462 0
      vertex 215.54182410261285 250.85889268817508 0.6
      vertex 215.54182410261285 250.85889268817508 0
    endloop
  endfacet
  facet normal 0.3546048870425438 0.9350162426854117 0
    outer loop
      vertex 212.48214672102128 252.97083549639223 0
      vertex 212.48214672102128 252.97083549639223 0.6
      vertex 214.2722589869246 252.29193546357462 0.6
    endloop
  endfacet
  facet normal 0.9709418174260532 0.23931566428755258 0
    outer loop
      vertex 215.54182410261285 250.85889268817508 0
      vertex 215.54182410261285 250.85889268817508 0.6
      vertex 216 249 0.6
    endloop
  endfacet
  facet normal 0.7485107481710935 0.6631226582408039 0
    outer loop
      vertex 214.2722589869246 252.29193546357462 0
      vertex 214.2722589869246 252.29193546357462 0.6
      vertex 215.54182410261285 250.85889268817508 0.6
    endloop
  endfacet
  facet normal 0 0 1
    outer loop
      vertex 209 223.6 0.6
      vertex 211 223.6 0.6
      vertex 209 227.4 0.6
    endloop
  endfacet
  facet normal 0 0 1
    outer loop
      vertex 211 227.4 0.6
      vertex 209 227.4 0.6
      vertex 211 223.6 0.6
    endloop
  endfacet
  facet normal 0 0 1
    outer loop
      vertex 212.48214672102128 252.97083549639223 0.6
      vertex 211 212.4 0.6
      vertex 211 208.6 0.6
    endloop
  endfacet
  facet normal 0 0 1
    outer loop
      vertex 212.48214672102128 252.97083549639223 0.6
      vertex 211 223.6 0.6
      vertex 211 212.4 0.6
    endloop
  endfacet
  facet normal 0 0 1
    outer loop
      vertex 212.48214672102128 252.97083549639223 0.6
      vertex 211 227.4 0.6
      vertex 211 223.6 0.6
    endloop
  endfacet
  facet normal 0 0 1
    outer loop
      vertex 212.48214672102128 252.97083549639223 0.6
      vertex 211 238.6 0.6
      vertex 211 227.4 0.6
    endloop
  endfacet
  facet normal 0 0 1
    outer loop
      vertex 212.48214672102128 252.97083549639223 0.6
      vertex 209 238.6 0.6
      vertex 211 238.6 0.6
    endloop
  endfacet
  facet normal -1 0 0
    outer loop
      vertex 58 19.55 1.2999999999999998
      vertex 58 18 0.59
      vertex 58 18 0.6
    endloop
  endfacet
  facet normal -1 0 0
    outer loop
      vertex 58 19.55 0.59
      vertex 58 18 0.59
      vertex 58 19.55 1.2999999999999998
    endloop
  endfacet
  facet normal 0 0 -1
    outer loop
      vertex 58 19.55 0.59
      vertex 83.2 19.55 0.59
      vertex 58 18 0.59
    endloop
  endfacet
  facet normal 0 0 -1
    outer loop
      vertex 83.32076055031689 19.5095068789612 0.59
      vertex 84 18 0.59
      vertex 58 18 0.59
    endloop
  endfacet
  facet normal 0 -1 0
    outer loop
      vertex 84 18 1.2999999999999998
      vertex 58 18 0.6
      vertex 84 18 0.6
    endloop
  endfacet
  facet normal 0 0 -1
    outer loop
      vertex 83.2 19.55 0.59
      vertex 83.32076055031689 19.5095068789612 0.59
      vertex 58 18 0.59
    endloop
  endfacet
  facet normal 0 0 -1
    outer loop
      vertex 83.2 19.55 0.59
      vertex 83.32400000000001 19.55 0.59
      vertex 83.32076055031689 19.5095068789612 0.59
    endloop
  endfacet
  facet normal 0 1 0
    outer loop
      vertex 58 19.55 0.59
      vertex 83.2 19.55 1.2999999999999998
      vertex 83.2 19.55 0.59
    endloop
  endfacet
  facet normal -1 0 0
    outer loop
      vertex 58 18 1.2999999999999998
      vertex 58 19.55 1.2999999999999998
      vertex 58 18 0.6
    endloop
  endfacet
  facet normal 0 -1 0
    outer loop
      vertex 58 18 1.2999999999999998
      vertex 58 18 0.6
      vertex 84 18 1.2999999999999998
    endloop
  endfacet
  facet normal 0 0 1
    outer loop
      vertex 58 18 1.2999999999999998
      vertex 84 18 1.2999999999999998
      vertex 58 19.55 1.2999999999999998
    endloop
  endfacet
  facet normal 0 1 0
    outer loop
      vertex 58 19.55 0.59
      vertex 58 19.55 1.2999999999999998
      vertex 83.2 19.55 1.2999999999999998
    endloop
  endfacet
  facet normal 0 0 1
    outer loop
      vertex 58 19.55 1.2999999999999998
      vertex 84 18 1.2999999999999998
      vertex 83.2 19.55 1.2999999999999998
    endloop
  endfacet
  facet normal 1 0 0
    outer loop
      vertex 84 19.55 0.889975
      vertex 84 19.55 1.1899499999999998
      vertex 84 18 1.2999999999999998
    endloop
  endfacet
  facet normal 0 0 1
    outer loop
      vertex 84 18 1.2999999999999998
      vertex 83.876 19.55 1.2999999999999998
      vertex 83.2 19.55 1.2999999999999998
    endloop
  endfacet
  facet normal -1 0 0
    outer loop
      vertex 58 26.45 0.59
      vertex 58 28 0.6
      vertex 58 28 0.59
    endloop
  endfacet
  facet normal -1 0 0
    outer loop
      vertex 58 26.45 0.59
      vertex 58 28 1.2999999999999998
      vertex 58 28 0.6
    endloop
  endfacet
  facet normal 0 0 -1
    outer loop
      vertex 58 26.45 0.59
      vertex 58 28 0.59
      vertex 84 28 0.59
    endloop
  endfacet
  facet normal 0 -1 0
    outer loop
      vertex 58 26.45 0.59
      vertex 83.2 26.45 0.59
      vertex 58 26.45 1.2999999999999998
    endloop
  endfacet
  facet normal 0 1 0
    outer loop
      vertex 58 28 1.2999999999999998
      vertex 84 28 0.6
      vertex 58 28 0.6
    endloop
  endfacet
  facet normal 0 0 -1
    outer loop
      vertex 58 26.45 0.59
      vertex 84 28 0.59
      vertex 83.2 26.45 0.59
    endloop
  endfacet
  facet normal 0 0 -1
    outer loop
      vertex 83.2 26.45 0.59
      vertex 84 28 0.59
      vertex 84 26.45 0.59
    endloop
  endfacet
  facet normal -1 0 0
    outer loop
      vertex 58 26.45 0.59
      vertex 58 26.45 1.2999999999999998
      vertex 58 28 1.2999999999999998
    endloop
  endfacet
  facet normal 0 0 1
    outer loop
      vertex 58 26.45 1.2999999999999998
      vertex 83.2 26.497692307692308 1.2999999999999998
      vertex 58 28 1.2999999999999998
    endloop
  endfacet
  facet normal 0 -1 0
    outer loop
      vertex 58 26.45 1.2999999999999998
      vertex 83.2 26.45 0.59
      vertex 83.2 26.45 1.2999999999999998
    endloop
  endfacet
  facet normal 0 1 0
    outer loop
      vertex 58 28 1.2999999999999998
      vertex 84 28 1.2999999999999998
      vertex 84 28 0.6
    endloop
  endfacet
  facet normal 0 0 1
    outer loop
      vertex 58 26.45 1.2999999999999998
      vertex 83.2 26.45 1.2999999999999998
      vertex 83.2 26.497692307692308 1.2999999999999998
    endloop
  endfacet
  facet normal 0 0 1
    outer loop
      vertex 58 28 1.2999999999999998
      vertex 83.2 26.497692307692308 1.2999999999999998
      vertex 84 28 1.2999999999999998
    endloop
  endfacet
  facet normal 0 0 1
    outer loop
      vertex 83.2 26.497692307692308 1.2999999999999998
      vertex 83.32076055031689 26.4904931210388 1.2999999999999998
      vertex 84 28 1.2999999999999998
    endloop
  endfacet
  facet normal 0 0 -1
    outer loop
      vertex 83.2 19.55 0.59
      vertex 83.2 26.45 0.59
      vertex 83.32400000000001 19.55 0.59
    endloop
  endfacet
  facet normal 0 0 -1
    outer loop
      vertex 83.32076055031689 19.5095068789612 0.59
      vertex 84 26.45 0.59
      vertex 84 18 0.59
    endloop
  endfacet
  facet normal 0 0 -1
    outer loop
      vertex 83.32076055031689 19.5095068789612 0.59
      vertex 83.32400000000001 19.55 0.59
      vertex 84 26.45 0.59
    endloop
  endfacet
  facet normal 0 0 -1
    outer loop
      vertex 83.32400000000001 19.55 0.59
      vertex 83.2 26.45 0.59
      vertex 84 26.45 0.59
    endloop
  endfacet
  facet normal 1 0 0
    outer loop
      vertex 84 19.55 0.889975
      vertex 84 18 0.6
      vertex 84 28 0.6
    endloop
  endfacet
  facet normal -1 0 0
    outer loop
      vertex 83.2 19.55 0.59
      vertex 83.2 19.55 1.2999999999999998
      vertex 83.2 26.45 0.59
    endloop
  endfacet
  facet normal 1 0 0
    outer loop
      vertex 84 19.55 0.889975
      vertex 84 18 1.2999999999999998
      vertex 84 18 0.6
    endloop
  endfacet
  facet normal 1 0 0
    outer loop
      vertex 84 19.55 0.889975
      vertex 84 28 0.6
      vertex 84 19.55 1.1899499999999998
    endloop
  endfacet
  facet normal 1 0 0
    outer loop
      vertex 84 19.55 1.1899499999999998
      vertex 84 28 0.6
      vertex 84 28 1.2999999999999998
    endloop
  endfacet
  facet normal -1 0 0
    outer loop
      vertex 83.2 26.45 0.59
      vertex 83.2 19.55 1.2999999999999998
      vertex 83.2 26.45 1.2999999999999998
    endloop
  endfacet
  facet normal 1 0 0
    outer loop
      vertex 84 19.55 1.1899499999999998
      vertex 84 28 1.2999999999999998
      vertex 84 18 1.2999999999999998
    endloop
  endfacet
  facet normal 0 0 1
    outer loop
      vertex 83.2 19.55 1.2999999999999998
      vertex 83.876 19.55 1.2999999999999998
      vertex 83.2 26.45 1.2999999999999998
    endloop
  endfacet
  facet normal 0 0 1
    outer loop
      vertex 84 18 1.2999999999999998
      vertex 84 28 1.2999999999999998
      vertex 83.876 19.55 1.2999999999999998
    endloop
  endfacet
  facet normal 0 0 1
    outer loop
      vertex 83.876 19.55 1.2999999999999998
      vertex 83.32076055031689 26.4904931210388 1.2999999999999998
      vertex 83.2 26.45 1.2999999999999998
    endloop
  endfacet
  facet normal 0 0 1
    outer loop
      vertex 83.876 19.55 1.2999999999999998
      vertex 84 28 1.2999999999999998
      vertex 83.32076055031689 26.4904931210388 1.2999999999999998
    endloop
  endfacet
  facet normal 0 0 1
    outer loop
      vertex 83.2 26.45 1.2999999999999998
      vertex 83.32076055031689 26.4904931210388 1.2999999999999998
      vertex 83.2 26.497692307692308 1.2999999999999998
    endloop
  endfacet
  facet normal 0 1 0
    outer loop
      vertex 86.2 18.4 1.4
      vertex 92.2 18.4 0.6
      vertex 86.2 18.4 0.6
    endloop
  endfacet
  facet normal 0 -1 0
    outer loop
      vertex 92.2 17.4 1.4
      vertex 86.2 17.4 0.6
      vertex 92.2 17.4 0.6
    endloop
  endfacet
  facet normal 0 -1 0
    outer loop
      vertex 86.2 17.4 1.4
      vertex 86.2 17.4 0.6
      vertex 92.2 17.4 1.4
    endloop
  endfacet
  facet normal 0 1 0
    outer loop
      vertex 86.2 18.4 1.4
      vertex 92.2 18.4 1.4
      vertex 92.2 18.4 0.6
    endloop
  endfacet
  facet normal 0 0 1
    outer loop
      vertex 86.2 17.4 1.4
      vertex 92.2 17.4 1.4
      vertex 86.2 18.4 1.4
    endloop
  endfacet
  facet normal 0 0 1
    outer loop
      vertex 86.2 18.4 1.4
      vertex 92.2 17.4 1.4
      vertex 92.2 18.4 1.4
    endloop
  endfacet
  facet normal 0 1 0
    outer loop
      vertex 86.2 28.6 1.4
      vertex 92.2 28.6 0.6
      vertex 86.2 28.6 0.6
    endloop
  endfacet
  facet normal 0 -1 0
    outer loop
      vertex 92.2 27.6 1.4
      vertex 86.2 27.6 0.6
      vertex 92.2 27.6 0.6
    endloop
  endfacet
  facet normal 0 -1 0
    outer loop
      vertex 86.2 27.6 1.4
      vertex 86.2 27.6 0.6
      vertex 92.2 27.6 1.4
    endloop
  endfacet
  facet normal 0 1 0
    outer loop
      vertex 86.2 28.6 1.4
      vertex 92.2 28.6 1.4
      vertex 92.2 28.6 0.6
    endloop
  endfacet
  facet normal 0 0 1
    outer loop
      vertex 86.2 27.6 1.4
      vertex 92.2 27.6 1.4
      vertex 86.2 28.6 1.4
    endloop
  endfacet
  facet normal 0 0 1
    outer loop
      vertex 86.2 28.6 1.4
      vertex 92.2 27.6 1.4
      vertex 92.2 28.6 1.4
    endloop
  endfacet
  facet normal -1 0 0
    outer loop
      vertex 92.2 27.6 1.4
      vertex 92.2 28.6 2.74
      vertex 92.2 28.6 1.4
    endloop
  endfacet
  facet normal -1 0 0
    outer loop
      vertex 92.2 27.6 1.4
      vertex 92.2 27.6 2.74
      vertex 92.2 28.6 2.74
    endloop
  endfacet
  facet normal 0 1 0
    outer loop
      vertex 92.2 28.6 1.4
      vertex 209 28.6 0.6
      vertex 92.2 28.6 0.6
    endloop
  endfacet
  facet normal 0 -1 0
    outer loop
      vertex 92.2 27.6 1.4
      vertex 92.2 27.6 0.6
      vertex 209 27.6 2.74
    endloop
  endfacet
  facet normal 0 -1 0
    outer loop
      vertex 209 27.6 2.74
      vertex 92.2 27.6 0.6
      vertex 209 27.6 0.6
    endloop
  endfacet
  facet normal 0 1 0
    outer loop
      vertex 92.2 28.6 1.4
      vertex 209 28.6 2.74
      vertex 209 28.6 0.6
    endloop
  endfacet
  facet normal 0 -1 0
    outer loop
      vertex 92.2 27.6 1.4
      vertex 209 27.6 2.74
      vertex 92.2 27.6 2.74
    endloop
  endfacet
  facet normal 0 1 0
    outer loop
      vertex 92.2 28.6 1.4
      vertex 92.2 28.6 2.74
      vertex 209 28.6 2.74
    endloop
  endfacet
  facet normal -1 0 0
    outer loop
      vertex 92.2 26.6 2.74
      vertex 92.2 28.6 3.5500000000000003
      vertex 92.2 27.6 2.74
    endloop
  endfacet
  facet normal -1 0 0
    outer loop
      vertex 92.2 27.6 2.74
      vertex 92.2 28.6 3.5500000000000003
      vertex 92.2 28.6 2.74
    endloop
  endfacet
  facet normal -1 0 0
    outer loop
      vertex 92.2 26.6 2.74
      vertex 92.2 26.6 3.5500000000000003
      vertex 92.2 28.6 3.5500000000000003
    endloop
  endfacet
  facet normal 0 0 -1
    outer loop
      vertex 92.2 26.6 2.74
      vertex 92.2 27.6 2.74
      vertex 209 26.6 2.74
    endloop
  endfacet
  facet normal 0 1 0
    outer loop
      vertex 92.2 28.6 2.74
      vertex 92.2 28.6 3.5500000000000003
      vertex 209 28.6 2.74
    endloop
  endfacet
  facet normal 0 -1 0
    outer loop
      vertex 92.2 26.6 2.74
      vertex 209 26.6 3.5500000000000003
      vertex 92.2 26.6 3.5500000000000003
    endloop
  endfacet
  facet normal 0 0 1
    outer loop
      vertex 92.2 26.6 3.5500000000000003
      vertex 209 26.6 3.5500000000000003
      vertex 92.2 28.6 3.5500000000000003
    endloop
  endfacet
  facet normal 0 0 -1
    outer loop
      vertex 92.2 27.6 2.74
      vertex 209 27.6 2.74
      vertex 209 26.6 2.74
    endloop
  endfacet
  facet normal 0 -1 0
    outer loop
      vertex 92.2 26.6 2.74
      vertex 209 26.6 2.74
      vertex 209 26.6 3.5500000000000003
    endloop
  endfacet
  facet normal 0 1 0
    outer loop
      vertex 92.2 28.6 3.5500000000000003
      vertex 209 28.6 3.55
      vertex 209 28.6 2.74
    endloop
  endfacet
  facet normal 3.802133645976563e-18 2.220446049250313e-16 1
    outer loop
      vertex 92.2 28.6 3.5500000000000003
      vertex 209 26.6 3.5500000000000003
      vertex 209 28.6 3.55
    endloop
  endfacet
  facet normal -1 0 0
    outer loop
      vertex 92.2 17.4 1.4
      vertex 92.2 18.4 2.74
      vertex 92.2 18.4 1.4
    endloop
  endfacet
  facet normal -1 0 0
    outer loop
      vertex 92.2 17.4 1.4
      vertex 92.2 17.4 2.74
      vertex 92.2 18.4 2.74
    endloop
  endfacet
  facet normal 0 1 0
    outer loop
      vertex 92.2 18.4 1.4
      vertex 209 18.4 0.6
      vertex 92.2 18.4 0.6
    endloop
  endfacet
  facet normal 0 -1 0
    outer loop
      vertex 92.2 17.4 1.4
      vertex 92.2 17.4 0.6
      vertex 209 17.4 2.74
    endloop
  endfacet
  facet normal 0 -1 0
    outer loop
      vertex 209 17.4 2.74
      vertex 92.2 17.4 0.6
      vertex 209 17.4 0.6
    endloop
  endfacet
  facet normal 0 1 0
    outer loop
      vertex 92.2 18.4 1.4
      vertex 209 18.4 2.74
      vertex 209 18.4 0.6
    endloop
  endfacet
  facet normal 0 -1 0
    outer loop
      vertex 92.2 17.4 1.4
      vertex 209 17.4 2.74
      vertex 92.2 17.4 2.74
    endloop
  endfacet
  facet normal 0 1 0
    outer loop
      vertex 92.2 18.4 1.4
      vertex 92.2 18.4 2.74
      vertex 209 18.4 2.74
    endloop
  endfacet
  facet normal -1 0 0
    outer loop
      vertex 92.2 17.4 2.74
      vertex 92.2 19.4 3.5500000000000003
      vertex 92.2 18.4 2.74
    endloop
  endfacet
  facet normal -1 0 0
    outer loop
      vertex 92.2 18.4 2.74
      vertex 92.2 19.4 3.5500000000000003
      vertex 92.2 19.4 2.74
    endloop
  endfacet
  facet normal -1 0 0
    outer loop
      vertex 92.2 17.4 2.74
      vertex 92.2 17.4 3.5500000000000003
      vertex 92.2 19.4 3.5500000000000003
    endloop
  endfacet
  facet normal 0 0 -1
    outer loop
      vertex 92.2 18.4 2.74
      vertex 92.2 19.4 2.74
      vertex 209 18.4 2.74
    endloop
  endfacet
  facet normal 0 1 0
    outer loop
      vertex 92.2 19.4 2.74
      vertex 92.2 19.4 3.5500000000000003
      vertex 209 19.4 2.74
    endloop
  endfacet
  facet normal 0 -1 0
    outer loop
      vertex 92.2 17.4 2.74
      vertex 209 17.4 3.5500000000000003
      vertex 92.2 17.4 3.5500000000000003
    endloop
  endfacet
  facet normal 0 0 1
    outer loop
      vertex 92.2 17.4 3.5500000000000003
      vertex 209 17.4 3.5500000000000003
      vertex 92.2 19.4 3.5500000000000003
    endloop
  endfacet
  facet normal 0 -1 0
    outer loop
      vertex 92.2 17.4 2.74
      vertex 209 17.4 2.74
      vertex 209 17.4 3.5500000000000003
    endloop
  endfacet
  facet normal 0 0 -1
    outer loop
      vertex 92.2 19.4 2.74
      vertex 209 19.4 2.74
      vertex 209 18.4 2.74
    endloop
  endfacet
  facet normal 0 1 0
    outer loop
      vertex 92.2 19.4 3.5500000000000003
      vertex 209 19.4 3.55
      vertex 209 19.4 2.74
    endloop
  endfacet
  facet normal 3.802133645976563e-18 2.220446049250313e-16 1
    outer loop
      vertex 92.2 19.4 3.5500000000000003
      vertex 209 17.4 3.5500000000000003
      vertex 209 19.4 3.55
    endloop
  endfacet
  facet normal 0 -1 0
    outer loop
      vertex 86.2 17.4 1.4
      vertex 85 17.4 0.6
      vertex 86.2 17.4 0.6
    endloop
  endfacet
  facet normal 1 0 0
    outer loop
      vertex 86.2 27.6 1.4
      vertex 86.2 18.4 0.6
      vertex 86.2 27.6 0.6
    endloop
  endfacet
  facet normal 1 0 0
    outer loop
      vertex 86.2 18.4 1.4
      vertex 86.2 18.4 0.6
      vertex 86.2 27.6 1.4
    endloop
  endfacet
  facet normal -1 0 0
    outer loop
      vertex 85 17.4 2.4
      vertex 85 28.6 0.6
      vertex 85 17.4 0.6
    endloop
  endfacet
  facet normal 0 1 0
    outer loop
      vertex 85 28.6 2.4
      vertex 86.2 28.6 0.6
      vertex 85 28.6 0.6
    endloop
  endfacet
  facet normal 0 -1 0
    outer loop
      vertex 86.2 17.4 1.4
      vertex 86.2 17.4 2.4
      vertex 85 17.4 0.6
    endloop
  endfacet
  facet normal 1 0 0
    outer loop
      vertex 86.2 17.4 1.4
      vertex 86.2 18.4 1.4
      vertex 86.2 17.4 2.4
    endloop
  endfacet
  facet normal 0 1 0
    outer loop
      vertex 86.2 28.6 1.4
      vertex 86.2 28.6 0.6
      vertex 85 28.6 2.4
    endloop
  endfacet
  facet normal 1 0 0
    outer loop
      vertex 86.2 18.4 1.4
      vertex 86.2 27.6 1.4
      vertex 86.2 17.4 2.4
    endloop
  endfacet
  facet normal 1 0 0
    outer loop
      vertex 86.2 27.6 1.4
      vertex 86.2 28.6 1.4
      vertex 86.2 28.6 2.4
    endloop
  endfacet
  facet normal 0 -1 0
    outer loop
      vertex 85 17.4 2.4
      vertex 85 17.4 0.6
      vertex 86.2 17.4 2.4
    endloop
  endfacet
  facet normal -1 0 0
    outer loop
      vertex 85 17.4 2.4
      vertex 85 28.6 2.4
      vertex 85 28.6 0.6
    endloop
  endfacet
  facet normal 1 0 0
    outer loop
      vertex 86.2 27.6 1.4
      vertex 86.2 28.6 2.4
      vertex 86.2 17.4 2.4
    endloop
  endfacet
  facet normal 0 1 0
    outer loop
      vertex 86.2 28.6 1.4
      vertex 85 28.6 2.4
      vertex 86.2 28.6 2.4
    endloop
  endfacet
  facet normal 0 0 1
    outer loop
      vertex 85 17.4 2.4
      vertex 86.2 17.4 2.4
      vertex 85 28.6 2.4
    endloop
  endfacet
  facet normal 0 0 1
    outer loop
      vertex 86.2 17.4 2.4
      vertex 86.2 28.6 2.4
      vertex 85 28.6 2.4
    endloop
  endfacet
  facet normal -1 0 0
    outer loop
      vertex 209 26.6 2.74
      vertex 209 27.6 0.6
      vertex 209 18.4 0.6
    endloop
  endfacet
  facet normal 0 1 0
    outer loop
      vertex 209 28.6 2.74
      vertex 211 28.6 0.6
      vertex 209 28.6 0.6
    endloop
  endfacet
  facet normal 0 -1 0
    outer loop
      vertex 211 17.4 3.55
      vertex 209 17.4 0.6
      vertex 211 17.4 0.6
    endloop
  endfacet
  facet normal 1 0 0
    outer loop
      vertex 211 28.6 3.55
      vertex 211 17.4 0.6
      vertex 211 28.6 0.6
    endloop
  endfacet
  facet normal -1 0 0
    outer loop
      vertex 209 18.4 2.74
      vertex 209 19.4 2.74
      vertex 209 18.4 0.6
    endloop
  endfacet
  facet normal -1 0 0
    outer loop
      vertex 209 26.6 2.74
      vertex 209 27.6 2.74
      vertex 209 27.6 0.6
    endloop
  endfacet
  facet normal 0 -1 0
    outer loop
      vertex 209 17.4 2.74
      vertex 209 17.4 0.6
      vertex 211 17.4 3.55
    endloop
  endfacet
  facet normal -1 0 0
    outer loop
      vertex 209 19.4 2.74
      vertex 209 26.6 3.5500000000000003
      vertex 209 18.4 0.6
    endloop
  endfacet
  facet normal -1 0 0
    outer loop
      vertex 209 26.6 2.74
      vertex 209 18.4 0.6
      vertex 209 26.6 3.5500000000000003
    endloop
  endfacet
  facet normal 0 1 0
    outer loop
      vertex 209 28.6 2.74
      vertex 209 28.6 3.55
      vertex 211 28.6 0.6
    endloop
  endfacet
  facet normal 0 1 0
    outer loop
      vertex 209 28.6 3.55
      vertex 211 28.6 3.55
      vertex 211 28.6 0.6
    endloop
  endfacet
  facet normal 1 0 0
    outer loop
      vertex 211 17.4 3.55
      vertex 211 17.4 0.6
      vertex 211 28.6 3.55
    endloop
  endfacet
  facet normal 0 -1 0
    outer loop
      vertex 209 17.4 2.74
      vertex 211 17.4 3.55
      vertex 209 17.4 3.5500000000000003
    endloop
  endfacet
  facet normal 2.220446049250313e-16 2.220446049250313e-16 1
    outer loop
      vertex 209 17.4 3.5500000000000003
      vertex 211 17.4 3.55
      vertex 209 19.4 3.55
    endloop
  endfacet
  facet normal -1 0 0
    outer loop
      vertex 209 19.4 2.74
      vertex 209 19.4 3.55
      vertex 209 26.6 3.5500000000000003
    endloop
  endfacet
  facet normal -6.167905692361979e-17 -6.167905692361979e-17 1
    outer loop
      vertex 209 19.4 3.55
      vertex 211 17.4 3.55
      vertex 209 26.6 3.5500000000000003
    endloop
  endfacet
  facet normal 1.2434497875801756e-15 2.220446049250313e-16 1
    outer loop
      vertex 211 17.4 3.55
      vertex 209 28.6 3.55
      vertex 209 26.6 3.5500000000000003
    endloop
  endfacet
  facet normal 0 0 1
    outer loop
      vertex 211 17.4 3.55
      vertex 211 28.6 3.55
      vertex 209 28.6 3.55
    endloop
  endfacet
  facet normal -1 0 0
    outer loop
      vertex 58 34.55 1.2999999999999998
      vertex 58 33 0.59
      vertex 58 33 0.6
    endloop
  endfacet
  facet normal -1 0 0
    outer loop
      vertex 58 34.55 0.59
      vertex 58 33 0.59
      vertex 58 34.55 1.2999999999999998
    endloop
  endfacet
  facet normal 0 0 -1
    outer loop
      vertex 58 34.55 0.59
      vertex 83.2 34.55 0.59
      vertex 58 33 0.59
    endloop
  endfacet
  facet normal 0 0 -1
    outer loop
      vertex 83.32076055031689 34.509506878961204 0.59
      vertex 84 33 0.59
      vertex 58 33 0.59
    endloop
  endfacet
  facet normal 0 0 -1
    outer loop
      vertex 83.2 34.55 0.59
      vertex 83.32076055031689 34.509506878961204 0.59
      vertex 58 33 0.59
    endloop
  endfacet
  facet normal 0 -1 0
    outer loop
      vertex 84 33 1.2999999999999998
      vertex 58 33 0.6
      vertex 84 33 0.6
    endloop
  endfacet
  facet normal 0 0 -1
    outer loop
      vertex 83.2 34.55 0.59
      vertex 83.32400000000001 34.55 0.59
      vertex 83.32076055031689 34.509506878961204 0.59
    endloop
  endfacet
  facet normal 0 1 0
    outer loop
      vertex 58 34.55 0.59
      vertex 83.2 34.55 1.2999999999999998
      vertex 83.2 34.55 0.59
    endloop
  endfacet
  facet normal -1 0 0
    outer loop
      vertex 58 33 1.2999999999999998
      vertex 58 34.55 1.2999999999999998
      vertex 58 33 0.6
    endloop
  endfacet
  facet normal 0 -1 0
    outer loop
      vertex 58 33 1.2999999999999998
      vertex 58 33 0.6
      vertex 84 33 1.2999999999999998
    endloop
  endfacet
  facet normal 0 0 1
    outer loop
      vertex 58 33 1.2999999999999998
      vertex 84 33 1.2999999999999998
      vertex 58 34.55 1.2999999999999998
    endloop
  endfacet
  facet normal 0 0 1
    outer loop
      vertex 58 34.55 1.2999999999999998
      vertex 84 33 1.2999999999999998
      vertex 83.2 34.55 1.2999999999999998
    endloop
  endfacet
  facet normal 1 0 0
    outer loop
      vertex 84 34.55 0.889975
      vertex 84 34.55 1.1899499999999998
      vertex 84 33 1.2999999999999998
    endloop
  endfacet
  facet normal 0 0 1
    outer loop
      vertex 83.2 34.55 1.2999999999999998
      vertex 84 33 1.2999999999999998
      vertex 83.876 34.55 1.2999999999999998
    endloop
  endfacet
  facet normal 0 1 0
    outer loop
      vertex 58 34.55 0.59
      vertex 58 34.55 1.2999999999999998
      vertex 83.2 34.55 1.2999999999999998
    endloop
  endfacet
  facet normal -1 0 0
    outer loop
      vertex 58 41.45 0.59
      vertex 58 43 0.6
      vertex 58 43 0.59
    endloop
  endfacet
  facet normal -1 0 0
    outer loop
      vertex 58 41.45 0.59
      vertex 58 43 1.2999999999999998
      vertex 58 43 0.6
    endloop
  endfacet
  facet normal 0 0 -1
    outer loop
      vertex 58 41.45 0.59
      vertex 58 43 0.59
      vertex 84 43 0.59
    endloop
  endfacet
  facet normal 0 -1 0
    outer loop
      vertex 58 41.45 0.59
      vertex 83.2 41.45 0.59
      vertex 58 41.45 1.2999999999999998
    endloop
  endfacet
  facet normal 0 1 0
    outer loop
      vertex 58 43 1.2999999999999998
      vertex 84 43 0.6
      vertex 58 43 0.6
    endloop
  endfacet
  facet normal 0 0 -1
    outer loop
      vertex 58 41.45 0.59
      vertex 84 43 0.59
      vertex 83.2 41.45 0.59
    endloop
  endfacet
  facet normal 0 0 -1
    outer loop
      vertex 83.2 41.45 0.59
      vertex 84 43 0.59
      vertex 84 41.45 0.59
    endloop
  endfacet
  facet normal -1 0 0
    outer loop
      vertex 58 41.45 0.59
      vertex 58 41.45 1.2999999999999998
      vertex 58 43 1.2999999999999998
    endloop
  endfacet
  facet normal 0 0 1
    outer loop
      vertex 58 41.45 1.2999999999999998
      vertex 83.2 41.49769230769231 1.2999999999999998
      vertex 58 43 1.2999999999999998
    endloop
  endfacet
  facet normal 0 -1 0
    outer loop
      vertex 58 41.45 1.2999999999999998
      vertex 83.2 41.45 0.59
      vertex 83.2 41.45 1.2999999999999998
    endloop
  endfacet
  facet normal 0 1 0
    outer loop
      vertex 58 43 1.2999999999999998
      vertex 84 43 1.2999999999999998
      vertex 84 43 0.6
    endloop
  endfacet
  facet normal 0 0 1
    outer loop
      vertex 58 41.45 1.2999999999999998
      vertex 83.2 41.45 1.2999999999999998
      vertex 83.2 41.49769230769231 1.2999999999999998
    endloop
  endfacet
  facet normal 0 0 1
    outer loop
      vertex 58 43 1.2999999999999998
      vertex 83.2 41.49769230769231 1.2999999999999998
      vertex 84 43 1.2999999999999998
    endloop
  endfacet
  facet normal 0 0 1
    outer loop
      vertex 83.2 41.49769230769231 1.2999999999999998
      vertex 83.32076055031689 41.4904931210388 1.2999999999999998
      vertex 84 43 1.2999999999999998
    endloop
  endfacet
  facet normal 0 0 -1
    outer loop
      vertex 83.2 34.55 0.59
      vertex 83.2 41.45 0.59
      vertex 83.32400000000001 34.55 0.59
    endloop
  endfacet
  facet normal 0 0 -1
    outer loop
      vertex 83.32076055031689 34.509506878961204 0.59
      vertex 83.32400000000001 34.55 0.59
      vertex 84 41.45 0.59
    endloop
  endfacet
  facet normal 0 0 -1
    outer loop
      vertex 83.32076055031689 34.509506878961204 0.59
      vertex 84 41.45 0.59
      vertex 84 33 0.59
    endloop
  endfacet
  facet normal 0 0 -1
    outer loop
      vertex 83.32400000000001 34.55 0.59
      vertex 83.2 41.45 0.59
      vertex 84 41.45 0.59
    endloop
  endfacet
  facet normal 1 0 0
    outer loop
      vertex 84 34.55 0.889975
      vertex 84 33 0.6
      vertex 84 43 0.6
    endloop
  endfacet
  facet normal -1 0 0
    outer loop
      vertex 83.2 34.55 0.59
      vertex 83.2 34.55 1.2999999999999998
      vertex 83.2 41.45 0.59
    endloop
  endfacet
  facet normal 1 0 0
    outer loop
      vertex 84 34.55 0.889975
      vertex 84 33 1.2999999999999998
      vertex 84 33 0.6
    endloop
  endfacet
  facet normal 1 0 0
    outer loop
      vertex 84 34.55 0.889975
      vertex 84 43 0.6
      vertex 84 34.55 1.1899499999999998
    endloop
  endfacet
  facet normal 1 0 0
    outer loop
      vertex 84 34.55 1.1899499999999998
      vertex 84 43 0.6
      vertex 84 43 1.2999999999999998
    endloop
  endfacet
  facet normal -1 0 0
    outer loop
      vertex 83.2 41.45 0.59
      vertex 83.2 34.55 1.2999999999999998
      vertex 83.2 41.45 1.2999999999999998
    endloop
  endfacet
  facet normal 1 0 0
    outer loop
      vertex 84 34.55 1.1899499999999998
      vertex 84 43 1.2999999999999998
      vertex 84 33 1.2999999999999998
    endloop
  endfacet
  facet normal 0 0 1
    outer loop
      vertex 83.2 34.55 1.2999999999999998
      vertex 83.876 34.55 1.2999999999999998
      vertex 83.2 41.45 1.2999999999999998
    endloop
  endfacet
  facet normal 0 0 1
    outer loop
      vertex 84 33 1.2999999999999998
      vertex 84 43 1.2999999999999998
      vertex 83.876 34.55 1.2999999999999998
    endloop
  endfacet
  facet normal 0 0 1
    outer loop
      vertex 83.876 34.55 1.2999999999999998
      vertex 83.32076055031689 41.4904931210388 1.2999999999999998
      vertex 83.2 41.45 1.2999999999999998
    endloop
  endfacet
  facet normal 0 0 1
    outer loop
      vertex 83.876 34.55 1.2999999999999998
      vertex 84 43 1.2999999999999998
      vertex 83.32076055031689 41.4904931210388 1.2999999999999998
    endloop
  endfacet
  facet normal 0 0 1
    outer loop
      vertex 83.2 41.45 1.2999999999999998
      vertex 83.32076055031689 41.4904931210388 1.2999999999999998
      vertex 83.2 41.49769230769231 1.2999999999999998
    endloop
  endfacet
  facet normal 0 1 0
    outer loop
      vertex 86.2 33.4 1.4
      vertex 92.2 33.4 0.6
      vertex 86.2 33.4 0.6
    endloop
  endfacet
  facet normal 0 -1 0
    outer loop
      vertex 92.2 32.4 1.4
      vertex 86.2 32.4 0.6
      vertex 92.2 32.4 0.6
    endloop
  endfacet
  facet normal 0 -1 0
    outer loop
      vertex 86.2 32.4 1.4
      vertex 86.2 32.4 0.6
      vertex 92.2 32.4 1.4
    endloop
  endfacet
  facet normal 0 1 0
    outer loop
      vertex 86.2 33.4 1.4
      vertex 92.2 33.4 1.4
      vertex 92.2 33.4 0.6
    endloop
  endfacet
  facet normal 0 0 1
    outer loop
      vertex 86.2 32.4 1.4
      vertex 92.2 32.4 1.4
      vertex 86.2 33.4 1.4
    endloop
  endfacet
  facet normal 0 0 1
    outer loop
      vertex 86.2 33.4 1.4
      vertex 92.2 32.4 1.4
      vertex 92.2 33.4 1.4
    endloop
  endfacet
  facet normal 0 1 0
    outer loop
      vertex 86.2 43.599999999999994 1.4
      vertex 92.2 43.599999999999994 0.6
      vertex 86.2 43.599999999999994 0.6
    endloop
  endfacet
  facet normal 0 -1 0
    outer loop
      vertex 92.2 42.599999999999994 1.4
      vertex 86.2 42.599999999999994 0.6
      vertex 92.2 42.599999999999994 0.6
    endloop
  endfacet
  facet normal 0 -1 0
    outer loop
      vertex 86.2 42.599999999999994 1.4
      vertex 86.2 42.599999999999994 0.6
      vertex 92.2 42.599999999999994 1.4
    endloop
  endfacet
  facet normal 0 1 0
    outer loop
      vertex 86.2 43.599999999999994 1.4
      vertex 92.2 43.599999999999994 1.4
      vertex 92.2 43.599999999999994 0.6
    endloop
  endfacet
  facet normal 0 0 1
    outer loop
      vertex 86.2 42.599999999999994 1.4
      vertex 92.2 42.599999999999994 1.4
      vertex 86.2 43.599999999999994 1.4
    endloop
  endfacet
  facet normal 0 0 1
    outer loop
      vertex 86.2 43.599999999999994 1.4
      vertex 92.2 42.599999999999994 1.4
      vertex 92.2 43.599999999999994 1.4
    endloop
  endfacet
  facet normal -1 0 0
    outer loop
      vertex 92.2 42.599999999999994 1.4
      vertex 92.2 43.599999999999994 2.74
      vertex 92.2 43.599999999999994 1.4
    endloop
  endfacet
  facet normal -1 0 0
    outer loop
      vertex 92.2 42.599999999999994 1.4
      vertex 92.2 42.599999999999994 2.74
      vertex 92.2 43.599999999999994 2.74
    endloop
  endfacet
  facet normal 0 1 0
    outer loop
      vertex 92.2 43.599999999999994 1.4
      vertex 209 43.599999999999994 0.6
      vertex 92.2 43.599999999999994 0.6
    endloop
  endfacet
  facet normal 0 -1 0
    outer loop
      vertex 92.2 42.599999999999994 1.4
      vertex 92.2 42.599999999999994 0.6
      vertex 209 42.599999999999994 2.74
    endloop
  endfacet
  facet normal 0 -1 0
    outer loop
      vertex 209 42.599999999999994 2.74
      vertex 92.2 42.599999999999994 0.6
      vertex 209 42.599999999999994 0.6
    endloop
  endfacet
  facet normal 0 1 0
    outer loop
      vertex 92.2 43.599999999999994 1.4
      vertex 209 43.599999999999994 2.74
      vertex 209 43.599999999999994 0.6
    endloop
  endfacet
  facet normal 0 -1 0
    outer loop
      vertex 92.2 42.599999999999994 1.4
      vertex 209 42.599999999999994 2.74
      vertex 92.2 42.599999999999994 2.74
    endloop
  endfacet
  facet normal 0 1 0
    outer loop
      vertex 92.2 43.599999999999994 1.4
      vertex 92.2 43.599999999999994 2.74
      vertex 209 43.599999999999994 2.74
    endloop
  endfacet
  facet normal -1 0 0
    outer loop
      vertex 92.2 41.599999999999994 2.74
      vertex 92.2 43.599999999999994 3.5500000000000003
      vertex 92.2 42.599999999999994 2.74
    endloop
  endfacet
  facet normal -1 0 0
    outer loop
      vertex 92.2 42.599999999999994 2.74
      vertex 92.2 43.599999999999994 3.5500000000000003
      vertex 92.2 43.599999999999994 2.74
    endloop
  endfacet
  facet normal -1 0 0
    outer loop
      vertex 92.2 41.599999999999994 2.74
      vertex 92.2 41.599999999999994 3.5500000000000003
      vertex 92.2 43.599999999999994 3.5500000000000003
    endloop
  endfacet
  facet normal 0 0 -1
    outer loop
      vertex 92.2 41.599999999999994 2.74
      vertex 92.2 42.599999999999994 2.74
      vertex 209 41.599999999999994 2.74
    endloop
  endfacet
  facet normal 0 1 0
    outer loop
      vertex 92.2 43.599999999999994 2.74
      vertex 92.2 43.599999999999994 3.5500000000000003
      vertex 209 43.599999999999994 2.74
    endloop
  endfacet
  facet normal 0 -1 0
    outer loop
      vertex 92.2 41.599999999999994 2.74
      vertex 209 41.599999999999994 3.5500000000000003
      vertex 92.2 41.599999999999994 3.5500000000000003
    endloop
  endfacet
  facet normal 0 0 1
    outer loop
      vertex 92.2 41.599999999999994 3.5500000000000003
      vertex 209 41.599999999999994 3.5500000000000003
      vertex 92.2 43.599999999999994 3.5500000000000003
    endloop
  endfacet
  facet normal 0 0 -1
    outer loop
      vertex 92.2 42.599999999999994 2.74
      vertex 209 42.599999999999994 2.74
      vertex 209 41.599999999999994 2.74
    endloop
  endfacet
  facet normal 0 -1 0
    outer loop
      vertex 92.2 41.599999999999994 2.74
      vertex 209 41.599999999999994 2.74
      vertex 209 41.599999999999994 3.5500000000000003
    endloop
  endfacet
  facet normal 0 1 0
    outer loop
      vertex 92.2 43.599999999999994 3.5500000000000003
      vertex 209 43.599999999999994 3.55
      vertex 209 43.599999999999994 2.74
    endloop
  endfacet
  facet normal 3.802133645976563e-18 2.220446049250313e-16 1
    outer loop
      vertex 92.2 43.599999999999994 3.5500000000000003
      vertex 209 41.599999999999994 3.5500000000000003
      vertex 209 43.599999999999994 3.55
    endloop
  endfacet
  facet normal -1 0 0
    outer loop
      vertex 92.2 32.4 1.4
      vertex 92.2 33.4 2.74
      vertex 92.2 33.4 1.4
    endloop
  endfacet
  facet normal -1 0 0
    outer loop
      vertex 92.2 32.4 1.4
      vertex 92.2 32.4 2.74
      vertex 92.2 33.4 2.74
    endloop
  endfacet
  facet normal 0 1 0
    outer loop
      vertex 92.2 33.4 1.4
      vertex 209 33.4 0.6
      vertex 92.2 33.4 0.6
    endloop
  endfacet
  facet normal 0 -1 0
    outer loop
      vertex 92.2 32.4 1.4
      vertex 92.2 32.4 0.6
      vertex 209 32.4 2.74
    endloop
  endfacet
  facet normal 0 -1 0
    outer loop
      vertex 209 32.4 2.74
      vertex 92.2 32.4 0.6
      vertex 209 32.4 0.6
    endloop
  endfacet
  facet normal 0 1 0
    outer loop
      vertex 92.2 33.4 1.4
      vertex 209 33.4 2.74
      vertex 209 33.4 0.6
    endloop
  endfacet
  facet normal 0 -1 0
    outer loop
      vertex 92.2 32.4 1.4
      vertex 209 32.4 2.74
      vertex 92.2 32.4 2.74
    endloop
  endfacet
  facet normal 0 1 0
    outer loop
      vertex 92.2 33.4 1.4
      vertex 92.2 33.4 2.74
      vertex 209 33.4 2.74
    endloop
  endfacet
  facet normal -1 0 0
    outer loop
      vertex 92.2 32.4 2.74
      vertex 92.2 34.4 3.5500000000000003
      vertex 92.2 33.4 2.74
    endloop
  endfacet
  facet normal -1 0 0
    outer loop
      vertex 92.2 33.4 2.74
      vertex 92.2 34.4 3.5500000000000003
      vertex 92.2 34.4 2.74
    endloop
  endfacet
  facet normal -1 0 0
    outer loop
      vertex 92.2 32.4 2.74
      vertex 92.2 32.4 3.5500000000000003
      vertex 92.2 34.4 3.5500000000000003
    endloop
  endfacet
  facet normal 0 0 -1
    outer loop
      vertex 92.2 33.4 2.74
      vertex 92.2 34.4 2.74
      vertex 209 33.4 2.74
    endloop
  endfacet
  facet normal 0 -1 0
    outer loop
      vertex 92.2 32.4 2.74
      vertex 209 32.4 3.5500000000000003
      vertex 92.2 32.4 3.5500000000000003
    endloop
  endfacet
  facet normal 0 0 1
    outer loop
      vertex 92.2 32.4 3.5500000000000003
      vertex 209 32.4 3.5500000000000003
      vertex 92.2 34.4 3.5500000000000003
    endloop
  endfacet
  facet normal 0 1 0
    outer loop
      vertex 92.2 34.4 2.74
      vertex 92.2 34.4 3.5500000000000003
      vertex 209 34.4 2.74
    endloop
  endfacet
  facet normal 0 0 -1
    outer loop
      vertex 92.2 34.4 2.74
      vertex 209 34.4 2.74
      vertex 209 33.4 2.74
    endloop
  endfacet
  facet normal 0 -1 0
    outer loop
      vertex 92.2 32.4 2.74
      vertex 209 32.4 2.74
      vertex 209 32.4 3.5500000000000003
    endloop
  endfacet
  facet normal 3.802133645976563e-18 2.220446049250313e-16 1
    outer loop
      vertex 92.2 34.4 3.5500000000000003
      vertex 209 32.4 3.5500000000000003
      vertex 209 34.4 3.55
    endloop
  endfacet
  facet normal 0 1 0
    outer loop
      vertex 92.2 34.4 3.5500000000000003
      vertex 209 34.4 3.55
      vertex 209 34.4 2.74
    endloop
  endfacet
  facet normal 0 -1 0
    outer loop
      vertex 86.2 32.4 1.4
      vertex 85 32.4 0.6
      vertex 86.2 32.4 0.6
    endloop
  endfacet
  facet normal 1 0 0
    outer loop
      vertex 86.2 42.599999999999994 1.4
      vertex 86.2 33.4 0.6
      vertex 86.2 42.599999999999994 0.6
    endloop
  endfacet
  facet normal 0 -1 0
    outer loop
      vertex 86.2 32.4 1.4
      vertex 86.2 32.4 2.4
      vertex 85 32.4 0.6
    endloop
  endfacet
  facet normal 1 0 0
    outer loop
      vertex 86.2 32.4 1.4
      vertex 86.2 33.4 1.4
      vertex 86.2 32.4 2.4
    endloop
  endfacet
  facet normal 1 0 0
    outer loop
      vertex 86.2 33.4 1.4
      vertex 86.2 33.4 0.6
      vertex 86.2 42.599999999999994 1.4
    endloop
  endfacet
  facet normal -1 0 0
    outer loop
      vertex 85 32.4 2.4
      vertex 85 43.599999999999994 0.6
      vertex 85 32.4 0.6
    endloop
  endfacet
  facet normal 0 1 0
    outer loop
      vertex 85 43.599999999999994 2.4
      vertex 86.2 43.599999999999994 0.6
      vertex 85 43.599999999999994 0.6
    endloop
  endfacet
  facet normal 0 1 0
    outer loop
      vertex 86.2 43.599999999999994 1.4
      vertex 86.2 43.599999999999994 0.6
      vertex 85 43.599999999999994 2.4
    endloop
  endfacet
  facet normal 1 0 0
    outer loop
      vertex 86.2 33.4 1.4
      vertex 86.2 42.599999999999994 1.4
      vertex 86.2 32.4 2.4
    endloop
  endfacet
  facet normal 1 0 0
    outer loop
      vertex 86.2 42.599999999999994 1.4
      vertex 86.2 43.599999999999994 1.4
      vertex 86.2 43.599999999999994 2.4
    endloop
  endfacet
  facet normal 0 -1 0
    outer loop
      vertex 85 32.4 2.4
      vertex 85 32.4 0.6
      vertex 86.2 32.4 2.4
    endloop
  endfacet
  facet normal -1 0 0
    outer loop
      vertex 85 32.4 2.4
      vertex 85 43.599999999999994 2.4
      vertex 85 43.599999999999994 0.6
    endloop
  endfacet
  facet normal 1 0 0
    outer loop
      vertex 86.2 42.599999999999994 1.4
      vertex 86.2 43.599999999999994 2.4
      vertex 86.2 32.4 2.4
    endloop
  endfacet
  facet normal 0 1 0
    outer loop
      vertex 86.2 43.599999999999994 1.4
      vertex 85 43.599999999999994 2.4
      vertex 86.2 43.599999999999994 2.4
    endloop
  endfacet
  facet normal 0 0 1
    outer loop
      vertex 85 32.4 2.4
      vertex 86.2 32.4 2.4
      vertex 85 43.599999999999994 2.4
    endloop
  endfacet
  facet normal 0 0 1
    outer loop
      vertex 86.2 32.4 2.4
      vertex 86.2 43.599999999999994 2.4
      vertex 85 43.599999999999994 2.4
    endloop
  endfacet
  facet normal 0 -1 0
    outer loop
      vertex 211 32.4 3.55
      vertex 209 32.4 0.6
      vertex 211 32.4 0.6
    endloop
  endfacet
  facet normal -1 0 0
    outer loop
      vertex 209 41.599999999999994 2.74
      vertex 209 42.599999999999994 0.6
      vertex 209 33.4 0.6
    endloop
  endfacet
  facet normal 0 1 0
    outer loop
      vertex 209 43.599999999999994 2.74
      vertex 211 43.599999999999994 0.6
      vertex 209 43.599999999999994 0.6
    endloop
  endfacet
  facet normal 1 0 0
    outer loop
      vertex 211 43.599999999999994 3.55
      vertex 211 32.4 0.6
      vertex 211 43.599999999999994 0.6
    endloop
  endfacet
  facet normal -1 0 0
    outer loop
      vertex 209 33.4 2.74
      vertex 209 34.4 2.74
      vertex 209 33.4 0.6
    endloop
  endfacet
  facet normal 0 -1 0
    outer loop
      vertex 209 32.4 2.74
      vertex 209 32.4 0.6
      vertex 211 32.4 3.55
    endloop
  endfacet
  facet normal -1 0 0
    outer loop
      vertex 209 41.599999999999994 2.74
      vertex 209 42.599999999999994 2.74
      vertex 209 42.599999999999994 0.6
    endloop
  endfacet
  facet normal -1 0 0
    outer loop
      vertex 209 34.4 2.74
      vertex 209 41.599999999999994 3.5500000000000003
      vertex 209 33.4 0.6
    endloop
  endfacet
  facet normal -1 0 0
    outer loop
      vertex 209 41.599999999999994 2.74
      vertex 209 33.4 0.6
      vertex 209 41.599999999999994 3.5500000000000003
    endloop
  endfacet
  facet normal 0 1 0
    outer loop
      vertex 209 43.599999999999994 2.74
      vertex 209 43.599999999999994 3.55
      vertex 211 43.599999999999994 0.6
    endloop
  endfacet
  facet normal 0 1 0
    outer loop
      vertex 209 43.599999999999994 3.55
      vertex 211 43.599999999999994 3.55
      vertex 211 43.599999999999994 0.6
    endloop
  endfacet
  facet normal 1 0 0
    outer loop
      vertex 211 32.4 3.55
      vertex 211 32.4 0.6
      vertex 211 43.599999999999994 3.55
    endloop
  endfacet
  facet normal 0 -1 0
    outer loop
      vertex 209 32.4 2.74
      vertex 211 32.4 3.55
      vertex 209 32.4 3.5500000000000003
    endloop
  endfacet
  facet normal 2.220446049250313e-16 2.220446049250313e-16 1
    outer loop
      vertex 209 32.4 3.5500000000000003
      vertex 211 32.4 3.55
      vertex 209 34.4 3.55
    endloop
  endfacet
  facet normal -1 0 0
    outer loop
      vertex 209 34.4 2.74
      vertex 209 34.4 3.55
      vertex 209 41.599999999999994 3.5500000000000003
    endloop
  endfacet
  facet normal -6.167905692361985e-17 -6.167905692361985e-17 1
    outer loop
      vertex 209 34.4 3.55
      vertex 211 32.4 3.55
      vertex 209 41.599999999999994 3.5500000000000003
    endloop
  endfacet
  facet normal 1.2434497875801749e-15 2.220446049250313e-16 1
    outer loop
      vertex 211 32.4 3.55
      vertex 209 43.599999999999994 3.55
      vertex 209 41.599999999999994 3.5500000000000003
    endloop
  endfacet
  facet normal 0 0 1
    outer loop
      vertex 211 32.4 3.55
      vertex 211 43.599999999999994 3.55
      vertex 209 43.599999999999994 3.55
    endloop
  endfacet
  facet normal -1 0 0
    outer loop
      vertex 58 49.55 1.2999999999999998
      vertex 58 48 0.59
      vertex 58 48 0.6
    endloop
  endfacet
  facet normal -1 0 0
    outer loop
      vertex 58 49.55 0.59
      vertex 58 48 0.59
      vertex 58 49.55 1.2999999999999998
    endloop
  endfacet
  facet normal 0 0 -1
    outer loop
      vertex 58 49.55 0.59
      vertex 83.2 49.55 0.59
      vertex 58 48 0.59
    endloop
  endfacet
  facet normal 0 0 -1
    outer loop
      vertex 83.32076055031689 49.5095068789612 0.59
      vertex 84 48 0.59
      vertex 58 48 0.59
    endloop
  endfacet
  facet normal 0 0 -1
    outer loop
      vertex 83.2 49.55 0.59
      vertex 83.32076055031689 49.5095068789612 0.59
      vertex 58 48 0.59
    endloop
  endfacet
  facet normal 0 0 -1
    outer loop
      vertex 83.2 49.55 0.59
      vertex 83.32400000000001 49.55 0.59
      vertex 83.32076055031689 49.5095068789612 0.59
    endloop
  endfacet
  facet normal 0 1 0
    outer loop
      vertex 58 49.55 0.59
      vertex 83.2 49.55 1.2999999999999998
      vertex 83.2 49.55 0.59
    endloop
  endfacet
  facet normal 0 -1 0
    outer loop
      vertex 84 48 1.2999999999999998
      vertex 58 48 0.6
      vertex 84 48 0.6
    endloop
  endfacet
  facet normal -1 0 0
    outer loop
      vertex 58 48 1.2999999999999998
      vertex 58 49.55 1.2999999999999998
      vertex 58 48 0.6
    endloop
  endfacet
  facet normal 0 -1 0
    outer loop
      vertex 58 48 1.2999999999999998
      vertex 58 48 0.6
      vertex 84 48 1.2999999999999998
    endloop
  endfacet
  facet normal 0 1 0
    outer loop
      vertex 58 49.55 0.59
      vertex 58 49.55 1.2999999999999998
      vertex 83.2 49.55 1.2999999999999998
    endloop
  endfacet
  facet normal 0 0 1
    outer loop
      vertex 58 48 1.2999999999999998
      vertex 84 48 1.2999999999999998
      vertex 58 49.55 1.2999999999999998
    endloop
  endfacet
  facet normal 0 0 1
    outer loop
      vertex 58 49.55 1.2999999999999998
      vertex 84 48 1.2999999999999998
      vertex 83.2 49.55 1.2999999999999998
    endloop
  endfacet
  facet normal 1 0 0
    outer loop
      vertex 84 49.55 0.889975
      vertex 84 49.55 1.18995
      vertex 84 48 1.2999999999999998
    endloop
  endfacet
  facet normal 0 0 1
    outer loop
      vertex 84 48 1.2999999999999998
      vertex 83.876 49.55 1.2999999999999998
      vertex 83.2 49.55 1.2999999999999998
    endloop
  endfacet
  facet normal -1 0 0
    outer loop
      vertex 58 56.45 0.59
      vertex 58 58 0.6
      vertex 58 58 0.59
    endloop
  endfacet
  facet normal -1 0 0
    outer loop
      vertex 58 56.45 0.59
      vertex 58 58 1.2999999999999998
      vertex 58 58 0.6
    endloop
  endfacet
  facet normal 0 0 -1
    outer loop
      vertex 58 56.45 0.59
      vertex 58 58 0.59
      vertex 84 58 0.59
    endloop
  endfacet
  facet normal 0 -1 0
    outer loop
      vertex 58 56.45 0.59
      vertex 83.2 56.45 0.59
      vertex 58 56.45 1.2999999999999998
    endloop
  endfacet
  facet normal 0 1 0
    outer loop
      vertex 58 58 1.2999999999999998
      vertex 84 58 0.6
      vertex 58 58 0.6
    endloop
  endfacet
  facet normal 0 0 -1
    outer loop
      vertex 58 56.45 0.59
      vertex 84 58 0.59
      vertex 83.2 56.45 0.59
    endloop
  endfacet
  facet normal 0 0 -1
    outer loop
      vertex 83.2 56.45 0.59
      vertex 84 58 0.59
      vertex 84 56.45 0.59
    endloop
  endfacet
  facet normal -1 0 0
    outer loop
      vertex 58 56.45 0.59
      vertex 58 56.45 1.2999999999999998
      vertex 58 58 1.2999999999999998
    endloop
  endfacet
  facet normal 0 0 1
    outer loop
      vertex 58 56.45 1.2999999999999998
      vertex 83.2 56.49769230769231 1.2999999999999998
      vertex 58 58 1.2999999999999998
    endloop
  endfacet
  facet normal 0 -1 0
    outer loop
      vertex 58 56.45 1.2999999999999998
      vertex 83.2 56.45 0.59
      vertex 83.2 56.45 1.2999999999999998
    endloop
  endfacet
  facet normal 0 1 0
    outer loop
      vertex 58 58 1.2999999999999998
      vertex 84 58 1.2999999999999998
      vertex 84 58 0.6
    endloop
  endfacet
  facet normal 0 0 1
    outer loop
      vertex 58 56.45 1.2999999999999998
      vertex 83.2 56.45 1.2999999999999998
      vertex 83.2 56.49769230769231 1.2999999999999998
    endloop
  endfacet
  facet normal 0 0 1
    outer loop
      vertex 58 58 1.2999999999999998
      vertex 83.2 56.49769230769231 1.2999999999999998
      vertex 84 58 1.2999999999999998
    endloop
  endfacet
  facet normal 0 0 1
    outer loop
      vertex 83.2 56.49769230769231 1.2999999999999998
      vertex 83.32076055031689 56.4904931210388 1.2999999999999998
      vertex 84 58 1.2999999999999998
    endloop
  endfacet
  facet normal 0 0 -1
    outer loop
      vertex 83.32076055031689 49.5095068789612 0.59
      vertex 83.32400000000001 49.55 0.59
      vertex 84 56.45 0.59
    endloop
  endfacet
  facet normal 0 0 -1
    outer loop
      vertex 83.32076055031689 49.5095068789612 0.59
      vertex 84 56.45 0.59
      vertex 84 48 0.59
    endloop
  endfacet
  facet normal 0 0 -1
    outer loop
      vertex 83.2 49.55 0.59
      vertex 83.2 56.45 0.59
      vertex 83.32400000000001 49.55 0.59
    endloop
  endfacet
  facet normal 0 0 -1
    outer loop
      vertex 83.32400000000001 49.55 0.59
      vertex 83.2 56.45 0.59
      vertex 84 56.45 0.59
    endloop
  endfacet
  facet normal 1 0 0
    outer loop
      vertex 84 49.55 0.889975
      vertex 84 48 0.6
      vertex 84 58 0.6
    endloop
  endfacet
  facet normal -1 0 0
    outer loop
      vertex 83.2 49.55 0.59
      vertex 83.2 49.55 1.2999999999999998
      vertex 83.2 56.45 0.59
    endloop
  endfacet
  facet normal 1 0 0
    outer loop
      vertex 84 49.55 0.889975
      vertex 84 48 1.2999999999999998
      vertex 84 48 0.6
    endloop
  endfacet
  facet normal 1 0 0
    outer loop
      vertex 84 49.55 0.889975
      vertex 84 58 0.6
      vertex 84 49.55 1.18995
    endloop
  endfacet
  facet normal 1 0 0
    outer loop
      vertex 84 49.55 1.18995
      vertex 84 58 0.6
      vertex 84 58 1.2999999999999998
    endloop
  endfacet
  facet normal -1 0 0
    outer loop
      vertex 83.2 56.45 0.59
      vertex 83.2 49.55 1.2999999999999998
      vertex 83.2 56.45 1.2999999999999998
    endloop
  endfacet
  facet normal 1 0 0
    outer loop
      vertex 84 49.55 1.18995
      vertex 84 58 1.2999999999999998
      vertex 84 48 1.2999999999999998
    endloop
  endfacet
  facet normal 0 0 1
    outer loop
      vertex 83.2 49.55 1.2999999999999998
      vertex 83.876 49.55 1.2999999999999998
      vertex 83.2 56.45 1.2999999999999998
    endloop
  endfacet
  facet normal 0 0 1
    outer loop
      vertex 84 48 1.2999999999999998
      vertex 84 58 1.2999999999999998
      vertex 83.876 49.55 1.2999999999999998
    endloop
  endfacet
  facet normal 0 0 1
    outer loop
      vertex 83.876 49.55 1.2999999999999998
      vertex 83.32076055031689 56.4904931210388 1.2999999999999998
      vertex 83.2 56.45 1.2999999999999998
    endloop
  endfacet
  facet normal 0 0 1
    outer loop
      vertex 83.876 49.55 1.2999999999999998
      vertex 84 58 1.2999999999999998
      vertex 83.32076055031689 56.4904931210388 1.2999999999999998
    endloop
  endfacet
  facet normal 0 0 1
    outer loop
      vertex 83.2 56.45 1.2999999999999998
      vertex 83.32076055031689 56.4904931210388 1.2999999999999998
      vertex 83.2 56.49769230769231 1.2999999999999998
    endloop
  endfacet
  facet normal 0 1 0
    outer loop
      vertex 86.2 48.4 1.4
      vertex 92.2 48.4 0.6
      vertex 86.2 48.4 0.6
    endloop
  endfacet
  facet normal 0 -1 0
    outer loop
      vertex 92.2 47.4 1.4
      vertex 86.2 47.4 0.6
      vertex 92.2 47.4 0.6
    endloop
  endfacet
  facet normal 0 -1 0
    outer loop
      vertex 86.2 47.4 1.4
      vertex 86.2 47.4 0.6
      vertex 92.2 47.4 1.4
    endloop
  endfacet
  facet normal 0 1 0
    outer loop
      vertex 86.2 48.4 1.4
      vertex 92.2 48.4 1.4
      vertex 92.2 48.4 0.6
    endloop
  endfacet
  facet normal 0 0 1
    outer loop
      vertex 86.2 47.4 1.4
      vertex 92.2 47.4 1.4
      vertex 86.2 48.4 1.4
    endloop
  endfacet
  facet normal 0 0 1
    outer loop
      vertex 86.2 48.4 1.4
      vertex 92.2 47.4 1.4
      vertex 92.2 48.4 1.4
    endloop
  endfacet
  facet normal 0 1 0
    outer loop
      vertex 86.2 58.599999999999994 1.4
      vertex 92.2 58.599999999999994 0.6
      vertex 86.2 58.599999999999994 0.6
    endloop
  endfacet
  facet normal 0 -1 0
    outer loop
      vertex 92.2 57.599999999999994 1.4
      vertex 86.2 57.599999999999994 0.6
      vertex 92.2 57.599999999999994 0.6
    endloop
  endfacet
  facet normal 0 -1 0
    outer loop
      vertex 86.2 57.599999999999994 1.4
      vertex 86.2 57.599999999999994 0.6
      vertex 92.2 57.599999999999994 1.4
    endloop
  endfacet
  facet normal 0 1 0
    outer loop
      vertex 86.2 58.599999999999994 1.4
      vertex 92.2 58.599999999999994 1.4
      vertex 92.2 58.599999999999994 0.6
    endloop
  endfacet
  facet normal 0 0 1
    outer loop
      vertex 86.2 57.599999999999994 1.4
      vertex 92.2 57.599999999999994 1.4
      vertex 86.2 58.599999999999994 1.4
    endloop
  endfacet
  facet normal 0 0 1
    outer loop
      vertex 86.2 58.599999999999994 1.4
      vertex 92.2 57.599999999999994 1.4
      vertex 92.2 58.599999999999994 1.4
    endloop
  endfacet
  facet normal -1 0 0
    outer loop
      vertex 92.2 57.599999999999994 1.4
      vertex 92.2 58.599999999999994 2.74
      vertex 92.2 58.599999999999994 1.4
    endloop
  endfacet
  facet normal -1 0 0
    outer loop
      vertex 92.2 57.599999999999994 1.4
      vertex 92.2 57.599999999999994 2.74
      vertex 92.2 58.599999999999994 2.74
    endloop
  endfacet
  facet normal 0 1 0
    outer loop
      vertex 92.2 58.599999999999994 1.4
      vertex 209 58.599999999999994 0.6
      vertex 92.2 58.599999999999994 0.6
    endloop
  endfacet
  facet normal 0 -1 0
    outer loop
      vertex 92.2 57.599999999999994 1.4
      vertex 92.2 57.599999999999994 0.6
      vertex 209 57.599999999999994 2.74
    endloop
  endfacet
  facet normal 0 -1 0
    outer loop
      vertex 209 57.599999999999994 2.74
      vertex 92.2 57.599999999999994 0.6
      vertex 209 57.599999999999994 0.6
    endloop
  endfacet
  facet normal 0 1 0
    outer loop
      vertex 92.2 58.599999999999994 1.4
      vertex 209 58.599999999999994 2.74
      vertex 209 58.599999999999994 0.6
    endloop
  endfacet
  facet normal 0 -1 0
    outer loop
      vertex 92.2 57.599999999999994 1.4
      vertex 209 57.599999999999994 2.74
      vertex 92.2 57.599999999999994 2.74
    endloop
  endfacet
  facet normal 0 1 0
    outer loop
      vertex 92.2 58.599999999999994 1.4
      vertex 92.2 58.599999999999994 2.74
      vertex 209 58.599999999999994 2.74
    endloop
  endfacet
  facet normal -1 0 0
    outer loop
      vertex 92.2 56.599999999999994 2.74
      vertex 92.2 58.599999999999994 3.5500000000000003
      vertex 92.2 57.599999999999994 2.74
    endloop
  endfacet
  facet normal -1 0 0
    outer loop
      vertex 92.2 57.599999999999994 2.74
      vertex 92.2 58.599999999999994 3.5500000000000003
      vertex 92.2 58.599999999999994 2.74
    endloop
  endfacet
  facet normal -1 0 0
    outer loop
      vertex 92.2 56.599999999999994 2.74
      vertex 92.2 56.599999999999994 3.5500000000000003
      vertex 92.2 58.599999999999994 3.5500000000000003
    endloop
  endfacet
  facet normal 0 0 -1
    outer loop
      vertex 92.2 56.599999999999994 2.74
      vertex 92.2 57.599999999999994 2.74
      vertex 209 56.599999999999994 2.74
    endloop
  endfacet
  facet normal 0 1 0
    outer loop
      vertex 92.2 58.599999999999994 2.74
      vertex 92.2 58.599999999999994 3.5500000000000003
      vertex 209 58.599999999999994 2.74
    endloop
  endfacet
  facet normal 0 -1 0
    outer loop
      vertex 92.2 56.599999999999994 2.74
      vertex 209 56.599999999999994 3.5500000000000003
      vertex 92.2 56.599999999999994 3.5500000000000003
    endloop
  endfacet
  facet normal 0 0 1
    outer loop
      vertex 92.2 56.599999999999994 3.5500000000000003
      vertex 209 56.599999999999994 3.5500000000000003
      vertex 92.2 58.599999999999994 3.5500000000000003
    endloop
  endfacet
  facet normal 0 0 -1
    outer loop
      vertex 92.2 57.599999999999994 2.74
      vertex 209 57.599999999999994 2.74
      vertex 209 56.599999999999994 2.74
    endloop
  endfacet
  facet normal 0 -1 0
    outer loop
      vertex 92.2 56.599999999999994 2.74
      vertex 209 56.599999999999994 2.74
      vertex 209 56.599999999999994 3.5500000000000003
    endloop
  endfacet
  facet normal 0 1 0
    outer loop
      vertex 92.2 58.599999999999994 3.5500000000000003
      vertex 209 58.599999999999994 3.55
      vertex 209 58.599999999999994 2.74
    endloop
  endfacet
  facet normal 3.802133645976563e-18 2.220446049250313e-16 1
    outer loop
      vertex 92.2 58.599999999999994 3.5500000000000003
      vertex 209 56.599999999999994 3.5500000000000003
      vertex 209 58.599999999999994 3.55
    endloop
  endfacet
  facet normal -1 0 0
    outer loop
      vertex 92.2 47.4 1.4
      vertex 92.2 48.4 2.74
      vertex 92.2 48.4 1.4
    endloop
  endfacet
  facet normal -1 0 0
    outer loop
      vertex 92.2 47.4 1.4
      vertex 92.2 47.4 2.74
      vertex 92.2 48.4 2.74
    endloop
  endfacet
  facet normal 0 1 0
    outer loop
      vertex 92.2 48.4 1.4
      vertex 209 48.4 0.6
      vertex 92.2 48.4 0.6
    endloop
  endfacet
  facet normal 0 -1 0
    outer loop
      vertex 92.2 47.4 1.4
      vertex 92.2 47.4 0.6
      vertex 209 47.4 2.74
    endloop
  endfacet
  facet normal 0 -1 0
    outer loop
      vertex 209 47.4 2.74
      vertex 92.2 47.4 0.6
      vertex 209 47.4 0.6
    endloop
  endfacet
  facet normal 0 1 0
    outer loop
      vertex 92.2 48.4 1.4
      vertex 209 48.4 2.74
      vertex 209 48.4 0.6
    endloop
  endfacet
  facet normal 0 -1 0
    outer loop
      vertex 92.2 47.4 1.4
      vertex 209 47.4 2.74
      vertex 92.2 47.4 2.74
    endloop
  endfacet
  facet normal 0 1 0
    outer loop
      vertex 92.2 48.4 1.4
      vertex 92.2 48.4 2.74
      vertex 209 48.4 2.74
    endloop
  endfacet
  facet normal -1 0 0
    outer loop
      vertex 92.2 47.4 2.74
      vertex 92.2 49.4 3.5500000000000003
      vertex 92.2 48.4 2.74
    endloop
  endfacet
  facet normal -1 0 0
    outer loop
      vertex 92.2 48.4 2.74
      vertex 92.2 49.4 3.5500000000000003
      vertex 92.2 49.4 2.74
    endloop
  endfacet
  facet normal -1 0 0
    outer loop
      vertex 92.2 47.4 2.74
      vertex 92.2 47.4 3.5500000000000003
      vertex 92.2 49.4 3.5500000000000003
    endloop
  endfacet
  facet normal 0 0 -1
    outer loop
      vertex 92.2 48.4 2.74
      vertex 92.2 49.4 2.74
      vertex 209 48.4 2.74
    endloop
  endfacet
  facet normal 0 1 0
    outer loop
      vertex 92.2 49.4 2.74
      vertex 92.2 49.4 3.5500000000000003
      vertex 209 49.4 2.74
    endloop
  endfacet
  facet normal 0 -1 0
    outer loop
      vertex 92.2 47.4 2.74
      vertex 209 47.4 3.5500000000000003
      vertex 92.2 47.4 3.5500000000000003
    endloop
  endfacet
  facet normal 0 0 1
    outer loop
      vertex 92.2 47.4 3.5500000000000003
      vertex 209 47.4 3.5500000000000003
      vertex 92.2 49.4 3.5500000000000003
    endloop
  endfacet
  facet normal 0 0 -1
    outer loop
      vertex 92.2 49.4 2.74
      vertex 209 49.4 2.74
      vertex 209 48.4 2.74
    endloop
  endfacet
  facet normal 0 -1 0
    outer loop
      vertex 92.2 47.4 2.74
      vertex 209 47.4 2.74
      vertex 209 47.4 3.5500000000000003
    endloop
  endfacet
  facet normal 0 1 0
    outer loop
      vertex 92.2 49.4 3.5500000000000003
      vertex 209 49.4 3.55
      vertex 209 49.4 2.74
    endloop
  endfacet
  facet normal 3.802133645976563e-18 2.220446049250313e-16 1
    outer loop
      vertex 92.2 49.4 3.5500000000000003
      vertex 209 47.4 3.5500000000000003
      vertex 209 49.4 3.55
    endloop
  endfacet
  facet normal 0 -1 0
    outer loop
      vertex 86.2 47.4 1.4
      vertex 85 47.4 0.6
      vertex 86.2 47.4 0.6
    endloop
  endfacet
  facet normal 1 0 0
    outer loop
      vertex 86.2 57.599999999999994 1.4
      vertex 86.2 48.4 0.6
      vertex 86.2 57.599999999999994 0.6
    endloop
  endfacet
  facet normal 1 0 0
    outer loop
      vertex 86.2 48.4 1.4
      vertex 86.2 48.4 0.6
      vertex 86.2 57.599999999999994 1.4
    endloop
  endfacet
  facet normal -1 0 0
    outer loop
      vertex 85 47.4 2.4
      vertex 85 58.599999999999994 0.6
      vertex 85 47.4 0.6
    endloop
  endfacet
  facet normal 0 1 0
    outer loop
      vertex 85 58.599999999999994 2.4
      vertex 86.2 58.599999999999994 0.6
      vertex 85 58.599999999999994 0.6
    endloop
  endfacet
  facet normal 0 -1 0
    outer loop
      vertex 86.2 47.4 1.4
      vertex 86.2 47.4 2.4
      vertex 85 47.4 0.6
    endloop
  endfacet
  facet normal 1 0 0
    outer loop
      vertex 86.2 47.4 1.4
      vertex 86.2 48.4 1.4
      vertex 86.2 47.4 2.4
    endloop
  endfacet
  facet normal 0 1 0
    outer loop
      vertex 86.2 58.599999999999994 1.4
      vertex 86.2 58.599999999999994 0.6
      vertex 85 58.599999999999994 2.4
    endloop
  endfacet
  facet normal 1 0 0
    outer loop
      vertex 86.2 48.4 1.4
      vertex 86.2 57.599999999999994 1.4
      vertex 86.2 47.4 2.4
    endloop
  endfacet
  facet normal 1 0 0
    outer loop
      vertex 86.2 57.599999999999994 1.4
      vertex 86.2 58.599999999999994 1.4
      vertex 86.2 58.599999999999994 2.4
    endloop
  endfacet
  facet normal 0 -1 0
    outer loop
      vertex 85 47.4 2.4
      vertex 85 47.4 0.6
      vertex 86.2 47.4 2.4
    endloop
  endfacet
  facet normal -1 0 0
    outer loop
      vertex 85 47.4 2.4
      vertex 85 58.599999999999994 2.4
      vertex 85 58.599999999999994 0.6
    endloop
  endfacet
  facet normal 1 0 0
    outer loop
      vertex 86.2 57.599999999999994 1.4
      vertex 86.2 58.599999999999994 2.4
      vertex 86.2 47.4 2.4
    endloop
  endfacet
  facet normal 0 1 0
    outer loop
      vertex 86.2 58.599999999999994 1.4
      vertex 85 58.599999999999994 2.4
      vertex 86.2 58.599999999999994 2.4
    endloop
  endfacet
  facet normal 0 0 1
    outer loop
      vertex 85 47.4 2.4
      vertex 86.2 47.4 2.4
      vertex 85 58.599999999999994 2.4
    endloop
  endfacet
  facet normal 0 0 1
    outer loop
      vertex 86.2 47.4 2.4
      vertex 86.2 58.599999999999994 2.4
      vertex 85 58.599999999999994 2.4
    endloop
  endfacet
  facet normal -1 0 0
    outer loop
      vertex 209 56.599999999999994 2.74
      vertex 209 57.599999999999994 0.6
      vertex 209 48.4 0.6
    endloop
  endfacet
  facet normal 0 1 0
    outer loop
      vertex 209 58.599999999999994 2.74
      vertex 211 58.599999999999994 0.6
      vertex 209 58.599999999999994 0.6
    endloop
  endfacet
  facet normal 0 -1 0
    outer loop
      vertex 211 47.4 3.55
      vertex 209 47.4 0.6
      vertex 211 47.4 0.6
    endloop
  endfacet
  facet normal 1 0 0
    outer loop
      vertex 211 58.599999999999994 3.55
      vertex 211 47.4 0.6
      vertex 211 58.599999999999994 0.6
    endloop
  endfacet
  facet normal -1 0 0
    outer loop
      vertex 209 48.4 2.74
      vertex 209 49.4 2.74
      vertex 209 48.4 0.6
    endloop
  endfacet
  facet normal -1 0 0
    outer loop
      vertex 209 56.599999999999994 2.74
      vertex 209 57.599999999999994 2.74
      vertex 209 57.599999999999994 0.6
    endloop
  endfacet
  facet normal 0 -1 0
    outer loop
      vertex 209 47.4 2.74
      vertex 209 47.4 0.6
      vertex 211 47.4 3.55
    endloop
  endfacet
  facet normal -1 0 0
    outer loop
      vertex 209 49.4 2.74
      vertex 209 56.599999999999994 3.5500000000000003
      vertex 209 48.4 0.6
    endloop
  endfacet
  facet normal -1 0 0
    outer loop
      vertex 209 56.599999999999994 2.74
      vertex 209 48.4 0.6
      vertex 209 56.599999999999994 3.5500000000000003
    endloop
  endfacet
  facet normal 0 1 0
    outer loop
      vertex 209 58.599999999999994 2.74
      vertex 209 58.599999999999994 3.55
      vertex 211 58.599999999999994 0.6
    endloop
  endfacet
  facet normal 0 1 0
    outer loop
      vertex 209 58.599999999999994 3.55
      vertex 211 58.599999999999994 3.55
      vertex 211 58.599999999999994 0.6
    endloop
  endfacet
  facet normal 1 0 0
    outer loop
      vertex 211 47.4 3.55
      vertex 211 47.4 0.6
      vertex 211 58.599999999999994 3.55
    endloop
  endfacet
  facet normal 0 -1 0
    outer loop
      vertex 209 47.4 2.74
      vertex 211 47.4 3.55
      vertex 209 47.4 3.5500000000000003
    endloop
  endfacet
  facet normal 2.220446049250313e-16 2.220446049250313e-16 1
    outer loop
      vertex 209 47.4 3.5500000000000003
      vertex 211 47.4 3.55
      vertex 209 49.4 3.55
    endloop
  endfacet
  facet normal -1 0 0
    outer loop
      vertex 209 49.4 2.74
      vertex 209 49.4 3.55
      vertex 209 56.599999999999994 3.5500000000000003
    endloop
  endfacet
  facet normal -6.167905692361985e-17 -6.167905692361985e-17 1
    outer loop
      vertex 211 47.4 3.55
      vertex 209 56.599999999999994 3.5500000000000003
      vertex 209 49.4 3.55
    endloop
  endfacet
  facet normal 1.2434497875801749e-15 2.220446049250313e-16 1
    outer loop
      vertex 211 47.4 3.55
      vertex 209 58.599999999999994 3.55
      vertex 209 56.599999999999994 3.5500000000000003
    endloop
  endfacet
  facet normal 0 0 1
    outer loop
      vertex 211 47.4 3.55
      vertex 211 58.599999999999994 3.55
      vertex 209 58.599999999999994 3.55
    endloop
  endfacet
  facet normal -1 0 0
    outer loop
      vertex 58 64.55 1.2999999999999998
      vertex 58 63 0.59
      vertex 58 63 0.6
    endloop
  endfacet
  facet normal -1 0 0
    outer loop
      vertex 58 64.55 0.59
      vertex 58 63 0.59
      vertex 58 64.55 1.2999999999999998
    endloop
  endfacet
  facet normal 0 0 -1
    outer loop
      vertex 58 64.55 0.59
      vertex 83.2 64.55 0.59
      vertex 58 63 0.59
    endloop
  endfacet
  facet normal 0 0 -1
    outer loop
      vertex 83.32076055031689 64.50950687896119 0.59
      vertex 84 63 0.59
      vertex 58 63 0.59
    endloop
  endfacet
  facet normal 0 0 -1
    outer loop
      vertex 83.2 64.55 0.59
      vertex 83.32076055031689 64.50950687896119 0.59
      vertex 58 63 0.59
    endloop
  endfacet
  facet normal 0 0 -1
    outer loop
      vertex 83.2 64.55 0.59
      vertex 83.32400000000001 64.55 0.59
      vertex 83.32076055031689 64.50950687896119 0.59
    endloop
  endfacet
  facet normal 0 1 0
    outer loop
      vertex 58 64.55 0.59
      vertex 83.2 64.55 1.2999999999999998
      vertex 83.2 64.55 0.59
    endloop
  endfacet
  facet normal 0 -1 0
    outer loop
      vertex 84 63 1.2999999999999998
      vertex 58 63 0.6
      vertex 84 63 0.6
    endloop
  endfacet
  facet normal -1 0 0
    outer loop
      vertex 58 63 1.2999999999999998
      vertex 58 64.55 1.2999999999999998
      vertex 58 63 0.6
    endloop
  endfacet
  facet normal 0 -1 0
    outer loop
      vertex 58 63 1.2999999999999998
      vertex 58 63 0.6
      vertex 84 63 1.2999999999999998
    endloop
  endfacet
  facet normal 0 1 0
    outer loop
      vertex 58 64.55 0.59
      vertex 58 64.55 1.2999999999999998
      vertex 83.2 64.55 1.2999999999999998
    endloop
  endfacet
  facet normal 0 0 1
    outer loop
      vertex 58 63 1.2999999999999998
      vertex 84 63 1.2999999999999998
      vertex 58 64.55 1.2999999999999998
    endloop
  endfacet
  facet normal 0 0 1
    outer loop
      vertex 58 64.55 1.2999999999999998
      vertex 84 63 1.2999999999999998
      vertex 83.2 64.55 1.2999999999999998
    endloop
  endfacet
  facet normal 1 0 0
    outer loop
      vertex 84 64.55 0.889975
      vertex 84 64.55 1.18995
      vertex 84 63 1.2999999999999998
    endloop
  endfacet
  facet normal 0 0 1
    outer loop
      vertex 84 63 1.2999999999999998
      vertex 83.876 64.55 1.2999999999999998
      vertex 83.2 64.55 1.2999999999999998
    endloop
  endfacet
  facet normal -1 0 0
    outer loop
      vertex 58 71.45 0.59
      vertex 58 73 0.6
      vertex 58 73 0.59
    endloop
  endfacet
  facet normal -1 0 0
    outer loop
      vertex 58 71.45 0.59
      vertex 58 73 1.2999999999999998
      vertex 58 73 0.6
    endloop
  endfacet
  facet normal 0 0 -1
    outer loop
      vertex 58 71.45 0.59
      vertex 58 73 0.59
      vertex 84 73 0.59
    endloop
  endfacet
  facet normal 0 -1 0
    outer loop
      vertex 58 71.45 0.59
      vertex 83.2 71.45 0.59
      vertex 58 71.45 1.2999999999999998
    endloop
  endfacet
  facet normal 0 1 0
    outer loop
      vertex 58 73 1.2999999999999998
      vertex 84 73 0.6
      vertex 58 73 0.6
    endloop
  endfacet
  facet normal 0 0 -1
    outer loop
      vertex 58 71.45 0.59
      vertex 84 73 0.59
      vertex 83.2 71.45 0.59
    endloop
  endfacet
  facet normal 0 0 -1
    outer loop
      vertex 83.2 71.45 0.59
      vertex 84 73 0.59
      vertex 84 71.45 0.59
    endloop
  endfacet
  facet normal -1 0 0
    outer loop
      vertex 58 71.45 0.59
      vertex 58 71.45 1.2999999999999998
      vertex 58 73 1.2999999999999998
    endloop
  endfacet
  facet normal 0 0 1
    outer loop
      vertex 58 71.45 1.2999999999999998
      vertex 83.2 71.4976923076923 1.2999999999999998
      vertex 58 73 1.2999999999999998
    endloop
  endfacet
  facet normal 0 -1 0
    outer loop
      vertex 58 71.45 1.2999999999999998
      vertex 83.2 71.45 0.59
      vertex 83.2 71.45 1.2999999999999998
    endloop
  endfacet
  facet normal 0 1 0
    outer loop
      vertex 58 73 1.2999999999999998
      vertex 84 73 1.2999999999999998
      vertex 84 73 0.6
    endloop
  endfacet
  facet normal 0 0 1
    outer loop
      vertex 58 71.45 1.2999999999999998
      vertex 83.2 71.45 1.2999999999999998
      vertex 83.2 71.4976923076923 1.2999999999999998
    endloop
  endfacet
  facet normal 0 0 1
    outer loop
      vertex 83.2 71.4976923076923 1.2999999999999998
      vertex 84 73 1.2999999999999998
      vertex 58 73 1.2999999999999998
    endloop
  endfacet
  facet normal 0 0 1
    outer loop
      vertex 83.2 71.4976923076923 1.2999999999999998
      vertex 83.32076055031689 71.4904931210388 1.2999999999999998
      vertex 84 73 1.2999999999999998
    endloop
  endfacet
  facet normal 1 0 0
    outer loop
      vertex 84 64.55 0.889975
      vertex 84 63 1.2999999999999998
      vertex 84 63 0.6
    endloop
  endfacet
  facet normal 0 0 -1
    outer loop
      vertex 83.2 64.55 0.59
      vertex 83.2 71.45 0.59
      vertex 83.32400000000001 64.55 0.59
    endloop
  endfacet
  facet normal 0 0 -1
    outer loop
      vertex 83.32076055031689 64.50950687896119 0.59
      vertex 84 71.45 0.59
      vertex 84 63 0.59
    endloop
  endfacet
  facet normal 0 0 -1
    outer loop
      vertex 83.32076055031689 64.50950687896119 0.59
      vertex 83.32400000000001 64.55 0.59
      vertex 84 71.45 0.59
    endloop
  endfacet
  facet normal 0 0 -1
    outer loop
      vertex 83.32400000000001 64.55 0.59
      vertex 83.2 71.45 0.59
      vertex 84 71.45 0.59
    endloop
  endfacet
  facet normal 1 0 0
    outer loop
      vertex 84 64.55 0.889975
      vertex 84 63 0.6
      vertex 84 73 0.6
    endloop
  endfacet
  facet normal -1 0 0
    outer loop
      vertex 83.2 64.55 0.59
      vertex 83.2 64.55 1.2999999999999998
      vertex 83.2 71.45 0.59
    endloop
  endfacet
  facet normal 1 0 0
    outer loop
      vertex 84 64.55 0.889975
      vertex 84 73 0.6
      vertex 84 64.55 1.18995
    endloop
  endfacet
  facet normal -1 0 0
    outer loop
      vertex 83.2 71.45 0.59
      vertex 83.2 64.55 1.2999999999999998
      vertex 83.2 71.45 1.2999999999999998
    endloop
  endfacet
  facet normal 1 0 0
    outer loop
      vertex 84 64.55 1.18995
      vertex 84 73 0.6
      vertex 84 73 1.2999999999999998
    endloop
  endfacet
  facet normal 1 0 0
    outer loop
      vertex 84 64.55 1.18995
      vertex 84 73 1.2999999999999998
      vertex 84 63 1.2999999999999998
    endloop
  endfacet
  facet normal 0 0 1
    outer loop
      vertex 83.2 64.55 1.2999999999999998
      vertex 83.876 64.55 1.2999999999999998
      vertex 83.2 71.45 1.2999999999999998
    endloop
  endfacet
  facet normal 0 0 1
    outer loop
      vertex 84 63 1.2999999999999998
      vertex 84 73 1.2999999999999998
      vertex 83.876 64.55 1.2999999999999998
    endloop
  endfacet
  facet normal 0 0 1
    outer loop
      vertex 83.876 64.55 1.2999999999999998
      vertex 83.32076055031689 71.4904931210388 1.2999999999999998
      vertex 83.2 71.45 1.2999999999999998
    endloop
  endfacet
  facet normal 0 0 1
    outer loop
      vertex 83.876 64.55 1.2999999999999998
      vertex 84 73 1.2999999999999998
      vertex 83.32076055031689 71.4904931210388 1.2999999999999998
    endloop
  endfacet
  facet normal 0 0 1
    outer loop
      vertex 83.2 71.45 1.2999999999999998
      vertex 83.32076055031689 71.4904931210388 1.2999999999999998
      vertex 83.2 71.4976923076923 1.2999999999999998
    endloop
  endfacet
  facet normal 0 1 0
    outer loop
      vertex 86.2 63.4 1.4
      vertex 92.2 63.4 0.6
      vertex 86.2 63.4 0.6
    endloop
  endfacet
  facet normal 0 -1 0
    outer loop
      vertex 92.2 62.4 1.4
      vertex 86.2 62.4 0.6
      vertex 92.2 62.4 0.6
    endloop
  endfacet
  facet normal 0 -1 0
    outer loop
      vertex 86.2 62.4 1.4
      vertex 86.2 62.4 0.6
      vertex 92.2 62.4 1.4
    endloop
  endfacet
  facet normal 0 1 0
    outer loop
      vertex 86.2 63.4 1.4
      vertex 92.2 63.4 1.4
      vertex 92.2 63.4 0.6
    endloop
  endfacet
  facet normal 0 0 1
    outer loop
      vertex 86.2 62.4 1.4
      vertex 92.2 62.4 1.4
      vertex 86.2 63.4 1.4
    endloop
  endfacet
  facet normal 0 0 1
    outer loop
      vertex 86.2 63.4 1.4
      vertex 92.2 62.4 1.4
      vertex 92.2 63.4 1.4
    endloop
  endfacet
  facet normal 0 1 0
    outer loop
      vertex 86.2 73.6 1.4
      vertex 92.2 73.6 0.6
      vertex 86.2 73.6 0.6
    endloop
  endfacet
  facet normal 0 -1 0
    outer loop
      vertex 92.2 72.6 1.4
      vertex 86.2 72.6 0.6
      vertex 92.2 72.6 0.6
    endloop
  endfacet
  facet normal 0 -1 0
    outer loop
      vertex 86.2 72.6 1.4
      vertex 86.2 72.6 0.6
      vertex 92.2 72.6 1.4
    endloop
  endfacet
  facet normal 0 1 0
    outer loop
      vertex 86.2 73.6 1.4
      vertex 92.2 73.6 1.4
      vertex 92.2 73.6 0.6
    endloop
  endfacet
  facet normal 0 0 1
    outer loop
      vertex 86.2 72.6 1.4
      vertex 92.2 72.6 1.4
      vertex 86.2 73.6 1.4
    endloop
  endfacet
  facet normal 0 0 1
    outer loop
      vertex 92.2 72.6 1.4
      vertex 92.2 73.6 1.4
      vertex 86.2 73.6 1.4
    endloop
  endfacet
  facet normal -1 0 0
    outer loop
      vertex 92.2 72.6 1.4
      vertex 92.2 73.6 2.74
      vertex 92.2 73.6 1.4
    endloop
  endfacet
  facet normal -1 0 0
    outer loop
      vertex 92.2 72.6 1.4
      vertex 92.2 72.6 2.74
      vertex 92.2 73.6 2.74
    endloop
  endfacet
  facet normal 0 1 0
    outer loop
      vertex 92.2 73.6 1.4
      vertex 209 73.6 0.6
      vertex 92.2 73.6 0.6
    endloop
  endfacet
  facet normal 0 -1 0
    outer loop
      vertex 92.2 72.6 1.4
      vertex 92.2 72.6 0.6
      vertex 209 72.6 2.74
    endloop
  endfacet
  facet normal 0 -1 0
    outer loop
      vertex 209 72.6 2.74
      vertex 92.2 72.6 0.6
      vertex 209 72.6 0.6
    endloop
  endfacet
  facet normal 0 1 0
    outer loop
      vertex 92.2 73.6 1.4
      vertex 209 73.6 2.74
      vertex 209 73.6 0.6
    endloop
  endfacet
  facet normal 0 -1 0
    outer loop
      vertex 92.2 72.6 1.4
      vertex 209 72.6 2.74
      vertex 92.2 72.6 2.74
    endloop
  endfacet
  facet normal 0 1 0
    outer loop
      vertex 92.2 73.6 1.4
      vertex 92.2 73.6 2.74
      vertex 209 73.6 2.74
    endloop
  endfacet
  facet normal -1 0 0
    outer loop
      vertex 92.2 71.6 2.74
      vertex 92.2 73.6 3.5500000000000003
      vertex 92.2 72.6 2.74
    endloop
  endfacet
  facet normal -1 0 0
    outer loop
      vertex 92.2 72.6 2.74
      vertex 92.2 73.6 3.5500000000000003
      vertex 92.2 73.6 2.74
    endloop
  endfacet
  facet normal -1 0 0
    outer loop
      vertex 92.2 71.6 2.74
      vertex 92.2 71.6 3.5500000000000003
      vertex 92.2 73.6 3.5500000000000003
    endloop
  endfacet
  facet normal 0 0 -1
    outer loop
      vertex 92.2 71.6 2.74
      vertex 92.2 72.6 2.74
      vertex 209 71.6 2.74
    endloop
  endfacet
  facet normal 0 1 0
    outer loop
      vertex 92.2 73.6 2.74
      vertex 92.2 73.6 3.5500000000000003
      vertex 209 73.6 2.74
    endloop
  endfacet
  facet normal 0 -1 0
    outer loop
      vertex 92.2 71.6 2.74
      vertex 209 71.6 3.5500000000000003
      vertex 92.2 71.6 3.5500000000000003
    endloop
  endfacet
  facet normal 0 0 1
    outer loop
      vertex 92.2 71.6 3.5500000000000003
      vertex 209 71.6 3.5500000000000003
      vertex 92.2 73.6 3.5500000000000003
    endloop
  endfacet
  facet normal 0 0 -1
    outer loop
      vertex 92.2 72.6 2.74
      vertex 209 72.6 2.74
      vertex 209 71.6 2.74
    endloop
  endfacet
  facet normal 0 -1 0
    outer loop
      vertex 92.2 71.6 2.74
      vertex 209 71.6 2.74
      vertex 209 71.6 3.5500000000000003
    endloop
  endfacet
  facet normal 0 1 0
    outer loop
      vertex 92.2 73.6 3.5500000000000003
      vertex 209 73.6 3.55
      vertex 209 73.6 2.74
    endloop
  endfacet
  facet normal 3.802133645976563e-18 2.220446049250313e-16 1
    outer loop
      vertex 92.2 73.6 3.5500000000000003
      vertex 209 71.6 3.5500000000000003
      vertex 209 73.6 3.55
    endloop
  endfacet
  facet normal -1 0 0
    outer loop
      vertex 92.2 62.4 1.4
      vertex 92.2 63.4 2.74
      vertex 92.2 63.4 1.4
    endloop
  endfacet
  facet normal -1 0 0
    outer loop
      vertex 92.2 62.4 1.4
      vertex 92.2 62.4 2.74
      vertex 92.2 63.4 2.74
    endloop
  endfacet
  facet normal 0 1 0
    outer loop
      vertex 92.2 63.4 1.4
      vertex 209 63.4 0.6
      vertex 92.2 63.4 0.6
    endloop
  endfacet
  facet normal 0 -1 0
    outer loop
      vertex 92.2 62.4 1.4
      vertex 92.2 62.4 0.6
      vertex 209 62.4 2.74
    endloop
  endfacet
  facet normal 0 -1 0
    outer loop
      vertex 209 62.4 2.74
      vertex 92.2 62.4 0.6
      vertex 209 62.4 0.6
    endloop
  endfacet
  facet normal 0 1 0
    outer loop
      vertex 92.2 63.4 1.4
      vertex 209 63.4 2.74
      vertex 209 63.4 0.6
    endloop
  endfacet
  facet normal 0 -1 0
    outer loop
      vertex 92.2 62.4 1.4
      vertex 209 62.4 2.74
      vertex 92.2 62.4 2.74
    endloop
  endfacet
  facet normal 0 1 0
    outer loop
      vertex 92.2 63.4 1.4
      vertex 92.2 63.4 2.74
      vertex 209 63.4 2.74
    endloop
  endfacet
  facet normal -1 0 0
    outer loop
      vertex 92.2 62.4 2.74
      vertex 92.2 64.4 3.5500000000000003
      vertex 92.2 63.4 2.74
    endloop
  endfacet
  facet normal -1 0 0
    outer loop
      vertex 92.2 63.4 2.74
      vertex 92.2 64.4 3.5500000000000003
      vertex 92.2 64.4 2.74
    endloop
  endfacet
  facet normal -1 0 0
    outer loop
      vertex 92.2 62.4 2.74
      vertex 92.2 62.4 3.5500000000000003
      vertex 92.2 64.4 3.5500000000000003
    endloop
  endfacet
  facet normal 0 0 -1
    outer loop
      vertex 92.2 63.4 2.74
      vertex 92.2 64.4 2.74
      vertex 209 63.4 2.74
    endloop
  endfacet
  facet normal 0 1 0
    outer loop
      vertex 92.2 64.4 2.74
      vertex 92.2 64.4 3.5500000000000003
      vertex 209 64.4 2.74
    endloop
  endfacet
  facet normal 0 -1 0
    outer loop
      vertex 92.2 62.4 2.74
      vertex 209 62.4 3.5500000000000003
      vertex 92.2 62.4 3.5500000000000003
    endloop
  endfacet
  facet normal 0 0 1
    outer loop
      vertex 92.2 62.4 3.5500000000000003
      vertex 209 62.4 3.5500000000000003
      vertex 92.2 64.4 3.5500000000000003
    endloop
  endfacet
  facet normal 0 0 -1
    outer loop
      vertex 92.2 64.4 2.74
      vertex 209 64.4 2.74
      vertex 209 63.4 2.74
    endloop
  endfacet
  facet normal 0 -1 0
    outer loop
      vertex 92.2 62.4 2.74
      vertex 209 62.4 2.74
      vertex 209 62.4 3.5500000000000003
    endloop
  endfacet
  facet normal 0 1 0
    outer loop
      vertex 92.2 64.4 3.5500000000000003
      vertex 209 64.4 3.55
      vertex 209 64.4 2.74
    endloop
  endfacet
  facet normal 3.802133645976564e-18 2.2204460492503052e-16 1
    outer loop
      vertex 92.2 64.4 3.5500000000000003
      vertex 209 62.4 3.5500000000000003
      vertex 209 64.4 3.55
    endloop
  endfacet
  facet normal 0 -1 0
    outer loop
      vertex 86.2 62.4 1.4
      vertex 85 62.4 0.6
      vertex 86.2 62.4 0.6
    endloop
  endfacet
  facet normal 0 -1 0
    outer loop
      vertex 86.2 62.4 1.4
      vertex 86.2 62.4 2.4
      vertex 85 62.4 0.6
    endloop
  endfacet
  facet normal 1 0 0
    outer loop
      vertex 86.2 62.4 1.4
      vertex 86.2 63.4 1.4
      vertex 86.2 62.4 2.4
    endloop
  endfacet
  facet normal 1 0 0
    outer loop
      vertex 86.2 72.6 1.4
      vertex 86.2 63.4 0.6
      vertex 86.2 72.6 0.6
    endloop
  endfacet
  facet normal 1 0 0
    outer loop
      vertex 86.2 63.4 1.4
      vertex 86.2 63.4 0.6
      vertex 86.2 72.6 1.4
    endloop
  endfacet
  facet normal -1 0 0
    outer loop
      vertex 85 62.4 2.4
      vertex 85 73.6 0.6
      vertex 85 62.4 0.6
    endloop
  endfacet
  facet normal 0 1 0
    outer loop
      vertex 85 73.6 2.4
      vertex 86.2 73.6 0.6
      vertex 85 73.6 0.6
    endloop
  endfacet
  facet normal 0 1 0
    outer loop
      vertex 86.2 73.6 1.4
      vertex 86.2 73.6 0.6
      vertex 85 73.6 2.4
    endloop
  endfacet
  facet normal 1 0 0
    outer loop
      vertex 86.2 63.4 1.4
      vertex 86.2 72.6 1.4
      vertex 86.2 62.4 2.4
    endloop
  endfacet
  facet normal 1 0 0
    outer loop
      vertex 86.2 72.6 1.4
      vertex 86.2 73.6 1.4
      vertex 86.2 73.6 2.4
    endloop
  endfacet
  facet normal 0 -1 0
    outer loop
      vertex 85 62.4 2.4
      vertex 85 62.4 0.6
      vertex 86.2 62.4 2.4
    endloop
  endfacet
  facet normal -1 0 0
    outer loop
      vertex 85 62.4 2.4
      vertex 85 73.6 2.4
      vertex 85 73.6 0.6
    endloop
  endfacet
  facet normal 1 0 0
    outer loop
      vertex 86.2 72.6 1.4
      vertex 86.2 73.6 2.4
      vertex 86.2 62.4 2.4
    endloop
  endfacet
  facet normal 0 1 0
    outer loop
      vertex 86.2 73.6 1.4
      vertex 85 73.6 2.4
      vertex 86.2 73.6 2.4
    endloop
  endfacet
  facet normal 0 0 1
    outer loop
      vertex 85 62.4 2.4
      vertex 86.2 62.4 2.4
      vertex 85 73.6 2.4
    endloop
  endfacet
  facet normal 0 0 1
    outer loop
      vertex 86.2 62.4 2.4
      vertex 86.2 73.6 2.4
      vertex 85 73.6 2.4
    endloop
  endfacet
  facet normal 0 -1 0
    outer loop
      vertex 211 62.4 3.55
      vertex 209 62.4 0.6
      vertex 211 62.4 0.6
    endloop
  endfacet
  facet normal -1 0 0
    outer loop
      vertex 209 71.6 2.74
      vertex 209 72.6 0.6
      vertex 209 63.4 0.6
    endloop
  endfacet
  facet normal 0 1 0
    outer loop
      vertex 209 73.6 2.74
      vertex 211 73.6 0.6
      vertex 209 73.6 0.6
    endloop
  endfacet
  facet normal 1 0 0
    outer loop
      vertex 211 73.6 3.55
      vertex 211 62.4 0.6
      vertex 211 73.6 0.6
    endloop
  endfacet
  facet normal -1 0 0
    outer loop
      vertex 209 63.4 2.74
      vertex 209 64.4 2.74
      vertex 209 63.4 0.6
    endloop
  endfacet
  facet normal 0 -1 0
    outer loop
      vertex 209 62.4 2.74
      vertex 209 62.4 0.6
      vertex 211 62.4 3.55
    endloop
  endfacet
  facet normal 0 -1 0
    outer loop
      vertex 209 62.4 2.74
      vertex 211 62.4 3.55
      vertex 209 62.4 3.5500000000000003
    endloop
  endfacet
  facet normal 2.220446049250313e-16 2.2204460492503052e-16 1
    outer loop
      vertex 209 62.4 3.5500000000000003
      vertex 211 62.4 3.55
      vertex 209 64.4 3.55
    endloop
  endfacet
  facet normal -1 0 0
    outer loop
      vertex 209 71.6 2.74
      vertex 209 72.6 2.74
      vertex 209 72.6 0.6
    endloop
  endfacet
  facet normal -1 0 0
    outer loop
      vertex 209 64.4 2.74
      vertex 209 71.6 3.5500000000000003
      vertex 209 63.4 0.6
    endloop
  endfacet
  facet normal -1 0 0
    outer loop
      vertex 209 71.6 2.74
      vertex 209 63.4 0.6
      vertex 209 71.6 3.5500000000000003
    endloop
  endfacet
  facet normal 0 1 0
    outer loop
      vertex 209 73.6 2.74
      vertex 209 73.6 3.55
      vertex 211 73.6 0.6
    endloop
  endfacet
  facet normal 0 1 0
    outer loop
      vertex 209 73.6 3.55
      vertex 211 73.6 3.55
      vertex 211 73.6 0.6
    endloop
  endfacet
  facet normal 1 0 0
    outer loop
      vertex 211 62.4 3.55
      vertex 211 62.4 0.6
      vertex 211 73.6 3.55
    endloop
  endfacet
  facet normal -1 0 0
    outer loop
      vertex 209 64.4 2.74
      vertex 209 64.4 3.55
      vertex 209 71.6 3.5500000000000003
    endloop
  endfacet
  facet normal -6.167905692362012e-17 -6.167905692361991e-17 1
    outer loop
      vertex 209 64.4 3.55
      vertex 211 62.4 3.55
      vertex 209 71.6 3.5500000000000003
    endloop
  endfacet
  facet normal 1.2434497875801749e-15 2.220446049250313e-16 1
    outer loop
      vertex 211 62.4 3.55
      vertex 209 73.6 3.55
      vertex 209 71.6 3.5500000000000003
    endloop
  endfacet
  facet normal 0 0 1
    outer loop
      vertex 211 62.4 3.55
      vertex 211 73.6 3.55
      vertex 209 73.6 3.55
    endloop
  endfacet
  facet normal -1 0 0
    outer loop
      vertex 58 79.55 1.2999999999999998
      vertex 58 78 0.59
      vertex 58 78 0.6
    endloop
  endfacet
  facet normal -1 0 0
    outer loop
      vertex 58 79.55 0.59
      vertex 58 78 0.59
      vertex 58 79.55 1.2999999999999998
    endloop
  endfacet
  facet normal 0 0 -1
    outer loop
      vertex 58 79.55 0.59
      vertex 83.2 79.55 0.59
      vertex 58 78 0.59
    endloop
  endfacet
  facet normal 0 0 -1
    outer loop
      vertex 83.32076055031689 79.5095068789612 0.59
      vertex 84 78 0.59
      vertex 58 78 0.59
    endloop
  endfacet
  facet normal 0 0 -1
    outer loop
      vertex 83.2 79.55 0.59
      vertex 83.32076055031689 79.5095068789612 0.59
      vertex 58 78 0.59
    endloop
  endfacet
  facet normal 0 0 -1
    outer loop
      vertex 83.2 79.55 0.59
      vertex 83.32400000000001 79.55 0.59
      vertex 83.32076055031689 79.5095068789612 0.59
    endloop
  endfacet
  facet normal 0 1 0
    outer loop
      vertex 58 79.55 0.59
      vertex 83.2 79.55 1.2999999999999998
      vertex 83.2 79.55 0.59
    endloop
  endfacet
  facet normal 0 -1 0
    outer loop
      vertex 84 78 1.2999999999999998
      vertex 58 78 0.6
      vertex 84 78 0.6
    endloop
  endfacet
  facet normal -1 0 0
    outer loop
      vertex 58 78 1.2999999999999998
      vertex 58 79.55 1.2999999999999998
      vertex 58 78 0.6
    endloop
  endfacet
  facet normal 0 -1 0
    outer loop
      vertex 58 78 1.2999999999999998
      vertex 58 78 0.6
      vertex 84 78 1.2999999999999998
    endloop
  endfacet
  facet normal 0 1 0
    outer loop
      vertex 58 79.55 0.59
      vertex 58 79.55 1.2999999999999998
      vertex 83.2 79.55 1.2999999999999998
    endloop
  endfacet
  facet normal 0 0 1
    outer loop
      vertex 58 78 1.2999999999999998
      vertex 84 78 1.2999999999999998
      vertex 58 79.55 1.2999999999999998
    endloop
  endfacet
  facet normal 0 0 1
    outer loop
      vertex 58 79.55 1.2999999999999998
      vertex 84 78 1.2999999999999998
      vertex 83.2 79.55 1.2999999999999998
    endloop
  endfacet
  facet normal 1 0 0
    outer loop
      vertex 84 79.55 0.889975
      vertex 84 79.55 1.18995
      vertex 84 78 1.2999999999999998
    endloop
  endfacet
  facet normal 0 0 1
    outer loop
      vertex 83.2 79.55 1.2999999999999998
      vertex 84 78 1.2999999999999998
      vertex 83.876 79.55 1.2999999999999998
    endloop
  endfacet
  facet normal -1 0 0
    outer loop
      vertex 58 86.45 0.59
      vertex 58 88 0.6
      vertex 58 88 0.59
    endloop
  endfacet
  facet normal -1 0 0
    outer loop
      vertex 58 86.45 0.59
      vertex 58 88 1.2999999999999998
      vertex 58 88 0.6
    endloop
  endfacet
  facet normal 0 0 -1
    outer loop
      vertex 58 86.45 0.59
      vertex 58 88 0.59
      vertex 84 88 0.59
    endloop
  endfacet
  facet normal 0 -1 0
    outer loop
      vertex 58 86.45 0.59
      vertex 83.2 86.45 0.59
      vertex 58 86.45 1.2999999999999998
    endloop
  endfacet
  facet normal 0 1 0
    outer loop
      vertex 58 88 1.2999999999999998
      vertex 84 88 0.6
      vertex 58 88 0.6
    endloop
  endfacet
  facet normal 0 0 -1
    outer loop
      vertex 58 86.45 0.59
      vertex 84 88 0.59
      vertex 83.2 86.45 0.59
    endloop
  endfacet
  facet normal 0 0 -1
    outer loop
      vertex 83.2 86.45 0.59
      vertex 84 88 0.59
      vertex 84 86.45 0.59
    endloop
  endfacet
  facet normal -1 0 0
    outer loop
      vertex 58 86.45 0.59
      vertex 58 86.45 1.2999999999999998
      vertex 58 88 1.2999999999999998
    endloop
  endfacet
  facet normal 0 0 1
    outer loop
      vertex 58 86.45 1.2999999999999998
      vertex 83.2 86.4976923076923 1.2999999999999998
      vertex 58 88 1.2999999999999998
    endloop
  endfacet
  facet normal 0 -1 0
    outer loop
      vertex 58 86.45 1.2999999999999998
      vertex 83.2 86.45 0.59
      vertex 83.2 86.45 1.2999999999999998
    endloop
  endfacet
  facet normal 0 1 0
    outer loop
      vertex 58 88 1.2999999999999998
      vertex 84 88 1.2999999999999998
      vertex 84 88 0.6
    endloop
  endfacet
  facet normal 0 0 1
    outer loop
      vertex 58 86.45 1.2999999999999998
      vertex 83.2 86.45 1.2999999999999998
      vertex 83.2 86.4976923076923 1.2999999999999998
    endloop
  endfacet
  facet normal 0 0 1
    outer loop
      vertex 58 88 1.2999999999999998
      vertex 83.2 86.4976923076923 1.2999999999999998
      vertex 84 88 1.2999999999999998
    endloop
  endfacet
  facet normal 0 0 1
    outer loop
      vertex 83.2 86.4976923076923 1.2999999999999998
      vertex 83.32076055031689 86.4904931210388 1.2999999999999998
      vertex 84 88 1.2999999999999998
    endloop
  endfacet
  facet normal 0 0 -1
    outer loop
      vertex 83.2 79.55 0.59
      vertex 83.2 86.45 0.59
      vertex 83.32400000000001 79.55 0.59
    endloop
  endfacet
  facet normal 0 0 -1
    outer loop
      vertex 83.32076055031689 79.5095068789612 0.59
      vertex 83.32400000000001 79.55 0.59
      vertex 84 86.45 0.59
    endloop
  endfacet
  facet normal 0 0 -1
    outer loop
      vertex 83.32076055031689 79.5095068789612 0.59
      vertex 84 86.45 0.59
      vertex 84 78 0.59
    endloop
  endfacet
  facet normal 0 0 -1
    outer loop
      vertex 83.32400000000001 79.55 0.59
      vertex 83.2 86.45 0.59
      vertex 84 86.45 0.59
    endloop
  endfacet
  facet normal 1 0 0
    outer loop
      vertex 84 79.55 0.889975
      vertex 84 78 0.6
      vertex 84 88 0.6
    endloop
  endfacet
  facet normal -1 0 0
    outer loop
      vertex 83.2 79.55 0.59
      vertex 83.2 79.55 1.2999999999999998
      vertex 83.2 86.45 0.59
    endloop
  endfacet
  facet normal 1 0 0
    outer loop
      vertex 84 79.55 0.889975
      vertex 84 78 1.2999999999999998
      vertex 84 78 0.6
    endloop
  endfacet
  facet normal 1 0 0
    outer loop
      vertex 84 79.55 0.889975
      vertex 84 88 0.6
      vertex 84 79.55 1.18995
    endloop
  endfacet
  facet normal -1 0 0
    outer loop
      vertex 83.2 86.45 0.59
      vertex 83.2 79.55 1.2999999999999998
      vertex 83.2 86.45 1.2999999999999998
    endloop
  endfacet
  facet normal 1 0 0
    outer loop
      vertex 84 79.55 1.18995
      vertex 84 88 0.6
      vertex 84 88 1.2999999999999998
    endloop
  endfacet
  facet normal 1 0 0
    outer loop
      vertex 84 79.55 1.18995
      vertex 84 88 1.2999999999999998
      vertex 84 78 1.2999999999999998
    endloop
  endfacet
  facet normal 0 0 1
    outer loop
      vertex 83.2 79.55 1.2999999999999998
      vertex 83.876 79.55 1.2999999999999998
      vertex 83.2 86.45 1.2999999999999998
    endloop
  endfacet
  facet normal 0 0 1
    outer loop
      vertex 84 78 1.2999999999999998
      vertex 84 88 1.2999999999999998
      vertex 83.876 79.55 1.2999999999999998
    endloop
  endfacet
  facet normal 0 0 1
    outer loop
      vertex 83.876 79.55 1.2999999999999998
      vertex 83.32076055031689 86.4904931210388 1.2999999999999998
      vertex 83.2 86.45 1.2999999999999998
    endloop
  endfacet
  facet normal 0 0 1
    outer loop
      vertex 83.876 79.55 1.2999999999999998
      vertex 84 88 1.2999999999999998
      vertex 83.32076055031689 86.4904931210388 1.2999999999999998
    endloop
  endfacet
  facet normal 0 0 1
    outer loop
      vertex 83.2 86.45 1.2999999999999998
      vertex 83.32076055031689 86.4904931210388 1.2999999999999998
      vertex 83.2 86.4976923076923 1.2999999999999998
    endloop
  endfacet
  facet normal 0 1 0
    outer loop
      vertex 86.2 78.4 1.4
      vertex 92.2 78.4 0.6
      vertex 86.2 78.4 0.6
    endloop
  endfacet
  facet normal 0 -1 0
    outer loop
      vertex 92.2 77.4 1.4
      vertex 86.2 77.4 0.6
      vertex 92.2 77.4 0.6
    endloop
  endfacet
  facet normal 0 -1 0
    outer loop
      vertex 86.2 77.4 1.4
      vertex 86.2 77.4 0.6
      vertex 92.2 77.4 1.4
    endloop
  endfacet
  facet normal 0 1 0
    outer loop
      vertex 86.2 78.4 1.4
      vertex 92.2 78.4 1.4
      vertex 92.2 78.4 0.6
    endloop
  endfacet
  facet normal 0 0 1
    outer loop
      vertex 86.2 77.4 1.4
      vertex 92.2 77.4 1.4
      vertex 86.2 78.4 1.4
    endloop
  endfacet
  facet normal 0 0 1
    outer loop
      vertex 86.2 78.4 1.4
      vertex 92.2 77.4 1.4
      vertex 92.2 78.4 1.4
    endloop
  endfacet
  facet normal 0 1 0
    outer loop
      vertex 86.2 88.60000000000001 1.4
      vertex 92.2 88.60000000000001 0.6
      vertex 86.2 88.60000000000001 0.6
    endloop
  endfacet
  facet normal 0 -1 0
    outer loop
      vertex 92.2 87.60000000000001 1.4
      vertex 86.2 87.60000000000001 0.6
      vertex 92.2 87.60000000000001 0.6
    endloop
  endfacet
  facet normal 0 -1 0
    outer loop
      vertex 86.2 87.60000000000001 1.4
      vertex 86.2 87.60000000000001 0.6
      vertex 92.2 87.60000000000001 1.4
    endloop
  endfacet
  facet normal 0 1 0
    outer loop
      vertex 86.2 88.60000000000001 1.4
      vertex 92.2 88.60000000000001 1.4
      vertex 92.2 88.60000000000001 0.6
    endloop
  endfacet
  facet normal 0 0 1
    outer loop
      vertex 86.2 87.60000000000001 1.4
      vertex 92.2 87.60000000000001 1.4
      vertex 86.2 88.60000000000001 1.4
    endloop
  endfacet
  facet normal 0 0 1
    outer loop
      vertex 86.2 88.60000000000001 1.4
      vertex 92.2 87.60000000000001 1.4
      vertex 92.2 88.60000000000001 1.4
    endloop
  endfacet
  facet normal -1 0 0
    outer loop
      vertex 92.2 87.60000000000001 1.4
      vertex 92.2 88.60000000000001 2.74
      vertex 92.2 88.60000000000001 1.4
    endloop
  endfacet
  facet normal -1 0 0
    outer loop
      vertex 92.2 87.60000000000001 1.4
      vertex 92.2 87.60000000000001 2.74
      vertex 92.2 88.60000000000001 2.74
    endloop
  endfacet
  facet normal 0 1 0
    outer loop
      vertex 92.2 88.60000000000001 1.4
      vertex 209 88.60000000000001 0.6
      vertex 92.2 88.60000000000001 0.6
    endloop
  endfacet
  facet normal 0 -1 0
    outer loop
      vertex 92.2 87.60000000000001 1.4
      vertex 92.2 87.60000000000001 0.6
      vertex 209 87.60000000000001 2.74
    endloop
  endfacet
  facet normal 0 -1 0
    outer loop
      vertex 209 87.60000000000001 2.74
      vertex 92.2 87.60000000000001 0.6
      vertex 209 87.60000000000001 0.6
    endloop
  endfacet
  facet normal 0 1 0
    outer loop
      vertex 92.2 88.60000000000001 1.4
      vertex 209 88.60000000000001 2.74
      vertex 209 88.60000000000001 0.6
    endloop
  endfacet
  facet normal 0 -1 0
    outer loop
      vertex 92.2 87.60000000000001 1.4
      vertex 209 87.60000000000001 2.74
      vertex 92.2 87.60000000000001 2.74
    endloop
  endfacet
  facet normal 0 1 0
    outer loop
      vertex 92.2 88.60000000000001 1.4
      vertex 92.2 88.60000000000001 2.74
      vertex 209 88.60000000000001 2.74
    endloop
  endfacet
  facet normal -1 0 0
    outer loop
      vertex 92.2 86.60000000000001 2.74
      vertex 92.2 88.60000000000001 3.5500000000000003
      vertex 92.2 87.60000000000001 2.74
    endloop
  endfacet
  facet normal -1 0 0
    outer loop
      vertex 92.2 87.60000000000001 2.74
      vertex 92.2 88.60000000000001 3.5500000000000003
      vertex 92.2 88.60000000000001 2.74
    endloop
  endfacet
  facet normal -1 0 0
    outer loop
      vertex 92.2 86.60000000000001 2.74
      vertex 92.2 86.60000000000001 3.5500000000000003
      vertex 92.2 88.60000000000001 3.5500000000000003
    endloop
  endfacet
  facet normal 0 0 -1
    outer loop
      vertex 92.2 86.60000000000001 2.74
      vertex 92.2 87.60000000000001 2.74
      vertex 209 86.60000000000001 2.74
    endloop
  endfacet
  facet normal 0 1 0
    outer loop
      vertex 92.2 88.60000000000001 2.74
      vertex 92.2 88.60000000000001 3.5500000000000003
      vertex 209 88.60000000000001 2.74
    endloop
  endfacet
  facet normal 0 -1 0
    outer loop
      vertex 92.2 86.60000000000001 2.74
      vertex 209 86.60000000000001 3.5500000000000003
      vertex 92.2 86.60000000000001 3.5500000000000003
    endloop
  endfacet
  facet normal 0 0 1
    outer loop
      vertex 92.2 86.60000000000001 3.5500000000000003
      vertex 209 86.60000000000001 3.5500000000000003
      vertex 92.2 88.60000000000001 3.5500000000000003
    endloop
  endfacet
  facet normal 0 0 -1
    outer loop
      vertex 92.2 87.60000000000001 2.74
      vertex 209 87.60000000000001 2.74
      vertex 209 86.60000000000001 2.74
    endloop
  endfacet
  facet normal 0 -1 0
    outer loop
      vertex 92.2 86.60000000000001 2.74
      vertex 209 86.60000000000001 2.74
      vertex 209 86.60000000000001 3.5500000000000003
    endloop
  endfacet
  facet normal 0 1 0
    outer loop
      vertex 92.2 88.60000000000001 3.5500000000000003
      vertex 209 88.60000000000001 3.55
      vertex 209 88.60000000000001 2.74
    endloop
  endfacet
  facet normal 3.802133645976563e-18 2.220446049250313e-16 1
    outer loop
      vertex 92.2 88.60000000000001 3.5500000000000003
      vertex 209 86.60000000000001 3.5500000000000003
      vertex 209 88.60000000000001 3.55
    endloop
  endfacet
  facet normal -1 0 0
    outer loop
      vertex 92.2 77.4 1.4
      vertex 92.2 78.4 2.74
      vertex 92.2 78.4 1.4
    endloop
  endfacet
  facet normal -1 0 0
    outer loop
      vertex 92.2 77.4 1.4
      vertex 92.2 77.4 2.74
      vertex 92.2 78.4 2.74
    endloop
  endfacet
  facet normal 0 1 0
    outer loop
      vertex 92.2 78.4 1.4
      vertex 209 78.4 0.6
      vertex 92.2 78.4 0.6
    endloop
  endfacet
  facet normal 0 -1 0
    outer loop
      vertex 92.2 77.4 1.4
      vertex 92.2 77.4 0.6
      vertex 209 77.4 2.74
    endloop
  endfacet
  facet normal 0 -1 0
    outer loop
      vertex 209 77.4 2.74
      vertex 92.2 77.4 0.6
      vertex 209 77.4 0.6
    endloop
  endfacet
  facet normal 0 1 0
    outer loop
      vertex 92.2 78.4 1.4
      vertex 209 78.4 2.74
      vertex 209 78.4 0.6
    endloop
  endfacet
  facet normal 0 -1 0
    outer loop
      vertex 92.2 77.4 1.4
      vertex 209 77.4 2.74
      vertex 92.2 77.4 2.74
    endloop
  endfacet
  facet normal 0 1 0
    outer loop
      vertex 92.2 78.4 1.4
      vertex 92.2 78.4 2.74
      vertex 209 78.4 2.74
    endloop
  endfacet
  facet normal -1 0 0
    outer loop
      vertex 92.2 77.4 2.74
      vertex 92.2 79.4 3.5500000000000003
      vertex 92.2 78.4 2.74
    endloop
  endfacet
  facet normal -1 0 0
    outer loop
      vertex 92.2 78.4 2.74
      vertex 92.2 79.4 3.5500000000000003
      vertex 92.2 79.4 2.74
    endloop
  endfacet
  facet normal -1 0 0
    outer loop
      vertex 92.2 77.4 2.74
      vertex 92.2 77.4 3.5500000000000003
      vertex 92.2 79.4 3.5500000000000003
    endloop
  endfacet
  facet normal 0 0 -1
    outer loop
      vertex 92.2 78.4 2.74
      vertex 92.2 79.4 2.74
      vertex 209 78.4 2.74
    endloop
  endfacet
  facet normal 0 1 0
    outer loop
      vertex 92.2 79.4 2.74
      vertex 92.2 79.4 3.5500000000000003
      vertex 209 79.4 2.74
    endloop
  endfacet
  facet normal 0 -1 0
    outer loop
      vertex 92.2 77.4 2.74
      vertex 209 77.4 3.5500000000000003
      vertex 92.2 77.4 3.5500000000000003
    endloop
  endfacet
  facet normal 0 0 1
    outer loop
      vertex 92.2 77.4 3.5500000000000003
      vertex 209 77.4 3.5500000000000003
      vertex 92.2 79.4 3.5500000000000003
    endloop
  endfacet
  facet normal 0 0 -1
    outer loop
      vertex 92.2 79.4 2.74
      vertex 209 79.4 2.74
      vertex 209 78.4 2.74
    endloop
  endfacet
  facet normal 0 -1 0
    outer loop
      vertex 92.2 77.4 2.74
      vertex 209 77.4 2.74
      vertex 209 77.4 3.5500000000000003
    endloop
  endfacet
  facet normal 0 1 0
    outer loop
      vertex 92.2 79.4 3.5500000000000003
      vertex 209 79.4 3.55
      vertex 209 79.4 2.74
    endloop
  endfacet
  facet normal 3.802133645976563e-18 2.220446049250313e-16 1
    outer loop
      vertex 92.2 79.4 3.5500000000000003
      vertex 209 77.4 3.5500000000000003
      vertex 209 79.4 3.55
    endloop
  endfacet
  facet normal 0 -1 0
    outer loop
      vertex 86.2 77.4 1.4
      vertex 85 77.4 0.6
      vertex 86.2 77.4 0.6
    endloop
  endfacet
  facet normal 1 0 0
    outer loop
      vertex 86.2 87.60000000000001 1.4
      vertex 86.2 78.4 0.6
      vertex 86.2 87.60000000000001 0.6
    endloop
  endfacet
  facet normal -1 0 0
    outer loop
      vertex 85 77.4 2.4
      vertex 85 88.60000000000001 0.6
      vertex 85 77.4 0.6
    endloop
  endfacet
  facet normal 1 0 0
    outer loop
      vertex 86.2 78.4 1.4
      vertex 86.2 78.4 0.6
      vertex 86.2 87.60000000000001 1.4
    endloop
  endfacet
  facet normal 0 1 0
    outer loop
      vertex 85 88.60000000000001 2.4
      vertex 86.2 88.60000000000001 0.6
      vertex 85 88.60000000000001 0.6
    endloop
  endfacet
  facet normal 0 -1 0
    outer loop
      vertex 86.2 77.4 1.4
      vertex 86.2 77.4 2.4
      vertex 85 77.4 0.6
    endloop
  endfacet
  facet normal 1 0 0
    outer loop
      vertex 86.2 77.4 1.4
      vertex 86.2 78.4 1.4
      vertex 86.2 77.4 2.4
    endloop
  endfacet
  facet normal 1 0 0
    outer loop
      vertex 86.2 78.4 1.4
      vertex 86.2 87.60000000000001 1.4
      vertex 86.2 77.4 2.4
    endloop
  endfacet
  facet normal 0 1 0
    outer loop
      vertex 86.2 88.60000000000001 1.4
      vertex 86.2 88.60000000000001 0.6
      vertex 85 88.60000000000001 2.4
    endloop
  endfacet
  facet normal 1 0 0
    outer loop
      vertex 86.2 87.60000000000001 1.4
      vertex 86.2 88.60000000000001 1.4
      vertex 86.2 88.60000000000001 2.4
    endloop
  endfacet
  facet normal 0 -1 0
    outer loop
      vertex 85 77.4 2.4
      vertex 85 77.4 0.6
      vertex 86.2 77.4 2.4
    endloop
  endfacet
  facet normal -1 0 0
    outer loop
      vertex 85 77.4 2.4
      vertex 85 88.60000000000001 2.4
      vertex 85 88.60000000000001 0.6
    endloop
  endfacet
  facet normal 1 0 0
    outer loop
      vertex 86.2 87.60000000000001 1.4
      vertex 86.2 88.60000000000001 2.4
      vertex 86.2 77.4 2.4
    endloop
  endfacet
  facet normal 0 1 0
    outer loop
      vertex 86.2 88.60000000000001 1.4
      vertex 85 88.60000000000001 2.4
      vertex 86.2 88.60000000000001 2.4
    endloop
  endfacet
  facet normal 0 0 1
    outer loop
      vertex 85 77.4 2.4
      vertex 86.2 77.4 2.4
      vertex 85 88.60000000000001 2.4
    endloop
  endfacet
  facet normal 0 0 1
    outer loop
      vertex 86.2 77.4 2.4
      vertex 86.2 88.60000000000001 2.4
      vertex 85 88.60000000000001 2.4
    endloop
  endfacet
  facet normal -1 0 0
    outer loop
      vertex 209 86.60000000000001 2.74
      vertex 209 87.60000000000001 0.6
      vertex 209 78.4 0.6
    endloop
  endfacet
  facet normal 0 1 0
    outer loop
      vertex 209 88.60000000000001 2.74
      vertex 211 88.60000000000001 0.6
      vertex 209 88.60000000000001 0.6
    endloop
  endfacet
  facet normal 0 -1 0
    outer loop
      vertex 211 77.4 3.55
      vertex 209 77.4 0.6
      vertex 211 77.4 0.6
    endloop
  endfacet
  facet normal 1 0 0
    outer loop
      vertex 211 88.60000000000001 3.55
      vertex 211 77.4 0.6
      vertex 211 88.60000000000001 0.6
    endloop
  endfacet
  facet normal -1 0 0
    outer loop
      vertex 209 78.4 2.74
      vertex 209 79.4 2.74
      vertex 209 78.4 0.6
    endloop
  endfacet
  facet normal -1 0 0
    outer loop
      vertex 209 86.60000000000001 2.74
      vertex 209 87.60000000000001 2.74
      vertex 209 87.60000000000001 0.6
    endloop
  endfacet
  facet normal 0 -1 0
    outer loop
      vertex 209 77.4 2.74
      vertex 209 77.4 0.6
      vertex 211 77.4 3.55
    endloop
  endfacet
  facet normal 1 0 0
    outer loop
      vertex 211 77.4 3.55
      vertex 211 77.4 0.6
      vertex 211 88.60000000000001 3.55
    endloop
  endfacet
  facet normal -1 0 0
    outer loop
      vertex 209 79.4 2.74
      vertex 209 86.60000000000001 3.5500000000000003
      vertex 209 78.4 0.6
    endloop
  endfacet
  facet normal -1 0 0
    outer loop
      vertex 209 86.60000000000001 2.74
      vertex 209 78.4 0.6
      vertex 209 86.60000000000001 3.5500000000000003
    endloop
  endfacet
  facet normal 0 1 0
    outer loop
      vertex 209 88.60000000000001 2.74
      vertex 209 88.60000000000001 3.55
      vertex 211 88.60000000000001 0.6
    endloop
  endfacet
  facet normal 0 1 0
    outer loop
      vertex 209 88.60000000000001 3.55
      vertex 211 88.60000000000001 3.55
      vertex 211 88.60000000000001 0.6
    endloop
  endfacet
  facet normal 0 -1 0
    outer loop
      vertex 209 77.4 2.74
      vertex 211 77.4 3.55
      vertex 209 77.4 3.5500000000000003
    endloop
  endfacet
  facet normal 2.220446049250313e-16 2.220446049250313e-16 1
    outer loop
      vertex 209 77.4 3.5500000000000003
      vertex 211 77.4 3.55
      vertex 209 79.4 3.55
    endloop
  endfacet
  facet normal -6.167905692361979e-17 -6.167905692361979e-17 1
    outer loop
      vertex 209 79.4 3.55
      vertex 211 77.4 3.55
      vertex 209 86.60000000000001 3.5500000000000003
    endloop
  endfacet
  facet normal -1 0 0
    outer loop
      vertex 209 79.4 2.74
      vertex 209 79.4 3.55
      vertex 209 86.60000000000001 3.5500000000000003
    endloop
  endfacet
  facet normal 1.2434497875801756e-15 2.220446049250313e-16 1
    outer loop
      vertex 211 77.4 3.55
      vertex 209 88.60000000000001 3.55
      vertex 209 86.60000000000001 3.5500000000000003
    endloop
  endfacet
  facet normal 0 0 1
    outer loop
      vertex 211 77.4 3.55
      vertex 211 88.60000000000001 3.55
      vertex 209 88.60000000000001 3.55
    endloop
  endfacet
  facet normal -1 0 0
    outer loop
      vertex 58 94.55 1.2999999999999998
      vertex 58 93 0.59
      vertex 58 93 0.6
    endloop
  endfacet
  facet normal -1 0 0
    outer loop
      vertex 58 94.55 0.59
      vertex 58 93 0.59
      vertex 58 94.55 1.2999999999999998
    endloop
  endfacet
  facet normal 0 0 -1
    outer loop
      vertex 58 94.55 0.59
      vertex 83.2 94.55 0.59
      vertex 58 93 0.59
    endloop
  endfacet
  facet normal 0 0 -1
    outer loop
      vertex 83.32076055031689 94.5095068789612 0.59
      vertex 84 93 0.59
      vertex 58 93 0.59
    endloop
  endfacet
  facet normal 0 0 -1
    outer loop
      vertex 83.2 94.55 0.59
      vertex 83.32076055031689 94.5095068789612 0.59
      vertex 58 93 0.59
    endloop
  endfacet
  facet normal 0 0 -1
    outer loop
      vertex 83.2 94.55 0.59
      vertex 83.32400000000001 94.55 0.59
      vertex 83.32076055031689 94.5095068789612 0.59
    endloop
  endfacet
  facet normal 0 1 0
    outer loop
      vertex 58 94.55 0.59
      vertex 83.2 94.55 1.2999999999999998
      vertex 83.2 94.55 0.59
    endloop
  endfacet
  facet normal 0 -1 0
    outer loop
      vertex 84 93 1.2999999999999998
      vertex 58 93 0.6
      vertex 84 93 0.6
    endloop
  endfacet
  facet normal -1 0 0
    outer loop
      vertex 58 93 1.2999999999999998
      vertex 58 94.55 1.2999999999999998
      vertex 58 93 0.6
    endloop
  endfacet
  facet normal 0 -1 0
    outer loop
      vertex 58 93 1.2999999999999998
      vertex 58 93 0.6
      vertex 84 93 1.2999999999999998
    endloop
  endfacet
  facet normal 0 1 0
    outer loop
      vertex 58 94.55 0.59
      vertex 58 94.55 1.2999999999999998
      vertex 83.2 94.55 1.2999999999999998
    endloop
  endfacet
  facet normal 0 0 1
    outer loop
      vertex 58 93 1.2999999999999998
      vertex 84 93 1.2999999999999998
      vertex 58 94.55 1.2999999999999998
    endloop
  endfacet
  facet normal 0 0 1
    outer loop
      vertex 58 94.55 1.2999999999999998
      vertex 84 93 1.2999999999999998
      vertex 83.2 94.55 1.2999999999999998
    endloop
  endfacet
  facet normal 1 0 0
    outer loop
      vertex 84 94.55 0.889975
      vertex 84 94.55 1.18995
      vertex 84 93 1.2999999999999998
    endloop
  endfacet
  facet normal 0 0 1
    outer loop
      vertex 84 93 1.2999999999999998
      vertex 83.876 94.55 1.2999999999999998
      vertex 83.2 94.55 1.2999999999999998
    endloop
  endfacet
  facet normal -1 0 0
    outer loop
      vertex 58 101.45 0.59
      vertex 58 103 0.6
      vertex 58 103 0.59
    endloop
  endfacet
  facet normal -1 0 0
    outer loop
      vertex 58 101.45 0.59
      vertex 58 103 1.2999999999999998
      vertex 58 103 0.6
    endloop
  endfacet
  facet normal 0 0 -1
    outer loop
      vertex 58 101.45 0.59
      vertex 58 103 0.59
      vertex 84 103 0.59
    endloop
  endfacet
  facet normal 0 -1 0
    outer loop
      vertex 58 101.45 0.59
      vertex 83.2 101.45 0.59
      vertex 58 101.45 1.2999999999999998
    endloop
  endfacet
  facet normal 0 1 0
    outer loop
      vertex 58 103 1.2999999999999998
      vertex 84 103 0.6
      vertex 58 103 0.6
    endloop
  endfacet
  facet normal 0 0 -1
    outer loop
      vertex 58 101.45 0.59
      vertex 84 103 0.59
      vertex 83.2 101.45 0.59
    endloop
  endfacet
  facet normal 0 0 -1
    outer loop
      vertex 83.2 101.45 0.59
      vertex 84 103 0.59
      vertex 84 101.45 0.59
    endloop
  endfacet
  facet normal -1 0 0
    outer loop
      vertex 58 101.45 0.59
      vertex 58 101.45 1.2999999999999998
      vertex 58 103 1.2999999999999998
    endloop
  endfacet
  facet normal 0 0 1
    outer loop
      vertex 58 101.45 1.2999999999999998
      vertex 83.2 101.4976923076923 1.2999999999999998
      vertex 58 103 1.2999999999999998
    endloop
  endfacet
  facet normal 0 -1 0
    outer loop
      vertex 58 101.45 1.2999999999999998
      vertex 83.2 101.45 0.59
      vertex 83.2 101.45 1.2999999999999998
    endloop
  endfacet
  facet normal 0 1 0
    outer loop
      vertex 58 103 1.2999999999999998
      vertex 84 103 1.2999999999999998
      vertex 84 103 0.6
    endloop
  endfacet
  facet normal 0 0 1
    outer loop
      vertex 58 101.45 1.2999999999999998
      vertex 83.2 101.45 1.2999999999999998
      vertex 83.2 101.4976923076923 1.2999999999999998
    endloop
  endfacet
  facet normal 0 0 1
    outer loop
      vertex 58 103 1.2999999999999998
      vertex 83.2 101.4976923076923 1.2999999999999998
      vertex 84 103 1.2999999999999998
    endloop
  endfacet
  facet normal 0 0 1
    outer loop
      vertex 83.2 101.4976923076923 1.2999999999999998
      vertex 83.32076055031689 101.4904931210388 1.2999999999999998
      vertex 84 103 1.2999999999999998
    endloop
  endfacet
  facet normal 0 0 -1
    outer loop
      vertex 83.32076055031689 94.5095068789612 0.59
      vertex 84 101.45 0.59
      vertex 84 93 0.59
    endloop
  endfacet
  facet normal 0 0 -1
    outer loop
      vertex 83.2 94.55 0.59
      vertex 83.2 101.45 0.59
      vertex 83.32400000000001 94.55 0.59
    endloop
  endfacet
  facet normal 0 0 -1
    outer loop
      vertex 83.32076055031689 94.5095068789612 0.59
      vertex 83.32400000000001 94.55 0.59
      vertex 84 101.45 0.59
    endloop
  endfacet
  facet normal 0 0 -1
    outer loop
      vertex 83.32400000000001 94.55 0.59
      vertex 83.2 101.45 0.59
      vertex 84 101.45 0.59
    endloop
  endfacet
  facet normal 1 0 0
    outer loop
      vertex 84 94.55 0.889975
      vertex 84 93 0.6
      vertex 84 103 0.6
    endloop
  endfacet
  facet normal -1 0 0
    outer loop
      vertex 83.2 94.55 0.59
      vertex 83.2 94.55 1.2999999999999998
      vertex 83.2 101.45 0.59
    endloop
  endfacet
  facet normal 1 0 0
    outer loop
      vertex 84 94.55 0.889975
      vertex 84 93 1.2999999999999998
      vertex 84 93 0.6
    endloop
  endfacet
  facet normal 1 0 0
    outer loop
      vertex 84 94.55 0.889975
      vertex 84 103 0.6
      vertex 84 94.55 1.18995
    endloop
  endfacet
  facet normal 1 0 0
    outer loop
      vertex 84 94.55 1.18995
      vertex 84 103 0.6
      vertex 84 103 1.2999999999999998
    endloop
  endfacet
  facet normal -1 0 0
    outer loop
      vertex 83.2 94.55 1.2999999999999998
      vertex 83.2 101.45 1.2999999999999998
      vertex 83.2 101.45 0.59
    endloop
  endfacet
  facet normal 1 0 0
    outer loop
      vertex 84 93 1.2999999999999998
      vertex 84 94.55 1.18995
      vertex 84 103 1.2999999999999998
    endloop
  endfacet
  facet normal 0 0 1
    outer loop
      vertex 83.2 94.55 1.2999999999999998
      vertex 83.876 94.55 1.2999999999999998
      vertex 83.2 101.45 1.2999999999999998
    endloop
  endfacet
  facet normal 0 0 1
    outer loop
      vertex 84 93 1.2999999999999998
      vertex 84 103 1.2999999999999998
      vertex 83.876 94.55 1.2999999999999998
    endloop
  endfacet
  facet normal 0 0 1
    outer loop
      vertex 83.876 94.55 1.2999999999999998
      vertex 83.32076055031689 101.4904931210388 1.2999999999999998
      vertex 83.2 101.45 1.2999999999999998
    endloop
  endfacet
  facet normal 0 0 1
    outer loop
      vertex 83.876 94.55 1.2999999999999998
      vertex 84 103 1.2999999999999998
      vertex 83.32076055031689 101.4904931210388 1.2999999999999998
    endloop
  endfacet
  facet normal 0 0 1
    outer loop
      vertex 83.2 101.45 1.2999999999999998
      vertex 83.32076055031689 101.4904931210388 1.2999999999999998
      vertex 83.2 101.4976923076923 1.2999999999999998
    endloop
  endfacet
  facet normal 0 1 0
    outer loop
      vertex 86.2 93.4 1.4
      vertex 92.2 93.4 0.6
      vertex 86.2 93.4 0.6
    endloop
  endfacet
  facet normal 0 -1 0
    outer loop
      vertex 92.2 92.4 1.4
      vertex 86.2 92.4 0.6
      vertex 92.2 92.4 0.6
    endloop
  endfacet
  facet normal 0 -1 0
    outer loop
      vertex 86.2 92.4 1.4
      vertex 86.2 92.4 0.6
      vertex 92.2 92.4 1.4
    endloop
  endfacet
  facet normal 0 1 0
    outer loop
      vertex 86.2 93.4 1.4
      vertex 92.2 93.4 1.4
      vertex 92.2 93.4 0.6
    endloop
  endfacet
  facet normal 0 0 1
    outer loop
      vertex 86.2 92.4 1.4
      vertex 92.2 92.4 1.4
      vertex 86.2 93.4 1.4
    endloop
  endfacet
  facet normal 0 0 1
    outer loop
      vertex 86.2 93.4 1.4
      vertex 92.2 92.4 1.4
      vertex 92.2 93.4 1.4
    endloop
  endfacet
  facet normal 0 1 0
    outer loop
      vertex 86.2 103.60000000000001 1.4
      vertex 92.2 103.60000000000001 0.6
      vertex 86.2 103.60000000000001 0.6
    endloop
  endfacet
  facet normal 0 -1 0
    outer loop
      vertex 92.2 102.60000000000001 1.4
      vertex 86.2 102.60000000000001 0.6
      vertex 92.2 102.60000000000001 0.6
    endloop
  endfacet
  facet normal 0 -1 0
    outer loop
      vertex 86.2 102.60000000000001 1.4
      vertex 86.2 102.60000000000001 0.6
      vertex 92.2 102.60000000000001 1.4
    endloop
  endfacet
  facet normal 0 1 0
    outer loop
      vertex 86.2 103.60000000000001 1.4
      vertex 92.2 103.60000000000001 1.4
      vertex 92.2 103.60000000000001 0.6
    endloop
  endfacet
  facet normal 0 0 1
    outer loop
      vertex 86.2 102.60000000000001 1.4
      vertex 92.2 102.60000000000001 1.4
      vertex 86.2 103.60000000000001 1.4
    endloop
  endfacet
  facet normal 0 0 1
    outer loop
      vertex 86.2 103.60000000000001 1.4
      vertex 92.2 102.60000000000001 1.4
      vertex 92.2 103.60000000000001 1.4
    endloop
  endfacet
  facet normal -1 0 0
    outer loop
      vertex 92.2 102.60000000000001 1.4
      vertex 92.2 103.60000000000001 2.74
      vertex 92.2 103.60000000000001 1.4
    endloop
  endfacet
  facet normal -1 0 0
    outer loop
      vertex 92.2 102.60000000000001 1.4
      vertex 92.2 102.60000000000001 2.74
      vertex 92.2 103.60000000000001 2.74
    endloop
  endfacet
  facet normal 0 1 0
    outer loop
      vertex 92.2 103.60000000000001 1.4
      vertex 209 103.60000000000001 0.6
      vertex 92.2 103.60000000000001 0.6
    endloop
  endfacet
  facet normal 0 -1 0
    outer loop
      vertex 92.2 102.60000000000001 1.4
      vertex 92.2 102.60000000000001 0.6
      vertex 209 102.60000000000001 2.74
    endloop
  endfacet
  facet normal 0 -1 0
    outer loop
      vertex 209 102.60000000000001 2.74
      vertex 92.2 102.60000000000001 0.6
      vertex 209 102.60000000000001 0.6
    endloop
  endfacet
  facet normal 0 1 0
    outer loop
      vertex 92.2 103.60000000000001 1.4
      vertex 209 103.60000000000001 2.74
      vertex 209 103.60000000000001 0.6
    endloop
  endfacet
  facet normal 0 -1 0
    outer loop
      vertex 92.2 102.60000000000001 1.4
      vertex 209 102.60000000000001 2.74
      vertex 92.2 102.60000000000001 2.74
    endloop
  endfacet
  facet normal 0 1 0
    outer loop
      vertex 92.2 103.60000000000001 1.4
      vertex 92.2 103.60000000000001 2.74
      vertex 209 103.60000000000001 2.74
    endloop
  endfacet
  facet normal -1 0 0
    outer loop
      vertex 92.2 101.60000000000001 2.74
      vertex 92.2 103.60000000000001 3.5500000000000003
      vertex 92.2 102.60000000000001 2.74
    endloop
  endfacet
  facet normal -1 0 0
    outer loop
      vertex 92.2 102.60000000000001 2.74
      vertex 92.2 103.60000000000001 3.5500000000000003
      vertex 92.2 103.60000000000001 2.74
    endloop
  endfacet
  facet normal -1 0 0
    outer loop
      vertex 92.2 101.60000000000001 2.74
      vertex 92.2 101.60000000000001 3.5500000000000003
      vertex 92.2 103.60000000000001 3.5500000000000003
    endloop
  endfacet
  facet normal 0 0 -1
    outer loop
      vertex 92.2 101.60000000000001 2.74
      vertex 92.2 102.60000000000001 2.74
      vertex 209 101.60000000000001 2.74
    endloop
  endfacet
  facet normal 0 1 0
    outer loop
      vertex 92.2 103.60000000000001 2.74
      vertex 92.2 103.60000000000001 3.5500000000000003
      vertex 209 103.60000000000001 2.74
    endloop
  endfacet
  facet normal 0 -1 0
    outer loop
      vertex 92.2 101.60000000000001 2.74
      vertex 209 101.60000000000001 3.5500000000000003
      vertex 92.2 101.60000000000001 3.5500000000000003
    endloop
  endfacet
  facet normal 0 0 1
    outer loop
      vertex 92.2 101.60000000000001 3.5500000000000003
      vertex 209 101.60000000000001 3.5500000000000003
      vertex 92.2 103.60000000000001 3.5500000000000003
    endloop
  endfacet
  facet normal 0 0 -1
    outer loop
      vertex 92.2 102.60000000000001 2.74
      vertex 209 102.60000000000001 2.74
      vertex 209 101.60000000000001 2.74
    endloop
  endfacet
  facet normal 0 -1 0
    outer loop
      vertex 92.2 101.60000000000001 2.74
      vertex 209 101.60000000000001 2.74
      vertex 209 101.60000000000001 3.5500000000000003
    endloop
  endfacet
  facet normal 0 1 0
    outer loop
      vertex 92.2 103.60000000000001 3.5500000000000003
      vertex 209 103.60000000000001 3.55
      vertex 209 103.60000000000001 2.74
    endloop
  endfacet
  facet normal 3.802133645976563e-18 2.220446049250313e-16 1
    outer loop
      vertex 92.2 103.60000000000001 3.5500000000000003
      vertex 209 101.60000000000001 3.5500000000000003
      vertex 209 103.60000000000001 3.55
    endloop
  endfacet
  facet normal -1 0 0
    outer loop
      vertex 92.2 92.4 1.4
      vertex 92.2 93.4 2.74
      vertex 92.2 93.4 1.4
    endloop
  endfacet
  facet normal -1 0 0
    outer loop
      vertex 92.2 92.4 1.4
      vertex 92.2 92.4 2.74
      vertex 92.2 93.4 2.74
    endloop
  endfacet
  facet normal 0 1 0
    outer loop
      vertex 92.2 93.4 1.4
      vertex 209 93.4 0.6
      vertex 92.2 93.4 0.6
    endloop
  endfacet
  facet normal 0 -1 0
    outer loop
      vertex 92.2 92.4 1.4
      vertex 92.2 92.4 0.6
      vertex 209 92.4 2.74
    endloop
  endfacet
  facet normal 0 -1 0
    outer loop
      vertex 209 92.4 2.74
      vertex 92.2 92.4 0.6
      vertex 209 92.4 0.6
    endloop
  endfacet
  facet normal 0 1 0
    outer loop
      vertex 92.2 93.4 1.4
      vertex 209 93.4 2.74
      vertex 209 93.4 0.6
    endloop
  endfacet
  facet normal 0 -1 0
    outer loop
      vertex 92.2 92.4 1.4
      vertex 209 92.4 2.74
      vertex 92.2 92.4 2.74
    endloop
  endfacet
  facet normal 0 1 0
    outer loop
      vertex 92.2 93.4 1.4
      vertex 92.2 93.4 2.74
      vertex 209 93.4 2.74
    endloop
  endfacet
  facet normal -1 0 0
    outer loop
      vertex 92.2 92.4 2.74
      vertex 92.2 94.4 3.5500000000000003
      vertex 92.2 93.4 2.74
    endloop
  endfacet
  facet normal -1 0 0
    outer loop
      vertex 92.2 93.4 2.74
      vertex 92.2 94.4 3.5500000000000003
      vertex 92.2 94.4 2.74
    endloop
  endfacet
  facet normal -1 0 0
    outer loop
      vertex 92.2 92.4 2.74
      vertex 92.2 92.4 3.5500000000000003
      vertex 92.2 94.4 3.5500000000000003
    endloop
  endfacet
  facet normal 0 0 -1
    outer loop
      vertex 92.2 93.4 2.74
      vertex 92.2 94.4 2.74
      vertex 209 93.4 2.74
    endloop
  endfacet
  facet normal 0 1 0
    outer loop
      vertex 92.2 94.4 2.74
      vertex 92.2 94.4 3.5500000000000003
      vertex 209 94.4 2.74
    endloop
  endfacet
  facet normal 0 -1 0
    outer loop
      vertex 92.2 92.4 2.74
      vertex 209 92.4 3.5500000000000003
      vertex 92.2 92.4 3.5500000000000003
    endloop
  endfacet
  facet normal 0 0 1
    outer loop
      vertex 92.2 92.4 3.5500000000000003
      vertex 209 92.4 3.5500000000000003
      vertex 92.2 94.4 3.5500000000000003
    endloop
  endfacet
  facet normal 0 0 -1
    outer loop
      vertex 92.2 94.4 2.74
      vertex 209 94.4 2.74
      vertex 209 93.4 2.74
    endloop
  endfacet
  facet normal 0 -1 0
    outer loop
      vertex 92.2 92.4 2.74
      vertex 209 92.4 2.74
      vertex 209 92.4 3.5500000000000003
    endloop
  endfacet
  facet normal 0 1 0
    outer loop
      vertex 92.2 94.4 3.5500000000000003
      vertex 209 94.4 3.55
      vertex 209 94.4 2.74
    endloop
  endfacet
  facet normal 3.802133645976563e-18 2.220446049250313e-16 1
    outer loop
      vertex 92.2 94.4 3.5500000000000003
      vertex 209 92.4 3.5500000000000003
      vertex 209 94.4 3.55
    endloop
  endfacet
  facet normal 0 -1 0
    outer loop
      vertex 86.2 92.4 1.4
      vertex 85 92.4 0.6
      vertex 86.2 92.4 0.6
    endloop
  endfacet
  facet normal 1 0 0
    outer loop
      vertex 86.2 102.60000000000001 1.4
      vertex 86.2 93.4 0.6
      vertex 86.2 102.60000000000001 0.6
    endloop
  endfacet
  facet normal 1 0 0
    outer loop
      vertex 86.2 93.4 1.4
      vertex 86.2 93.4 0.6
      vertex 86.2 102.60000000000001 1.4
    endloop
  endfacet
  facet normal -1 0 0
    outer loop
      vertex 85 92.4 2.4
      vertex 85 103.60000000000001 0.6
      vertex 85 92.4 0.6
    endloop
  endfacet
  facet normal 0 -1 0
    outer loop
      vertex 86.2 92.4 1.4
      vertex 86.2 92.4 2.4
      vertex 85 92.4 0.6
    endloop
  endfacet
  facet normal 1 0 0
    outer loop
      vertex 86.2 92.4 1.4
      vertex 86.2 93.4 1.4
      vertex 86.2 92.4 2.4
    endloop
  endfacet
  facet normal 1 0 0
    outer loop
      vertex 86.2 93.4 1.4
      vertex 86.2 102.60000000000001 1.4
      vertex 86.2 92.4 2.4
    endloop
  endfacet
  facet normal 0 1 0
    outer loop
      vertex 85 103.60000000000001 2.4
      vertex 86.2 103.60000000000001 0.6
      vertex 85 103.60000000000001 0.6
    endloop
  endfacet
  facet normal 0 1 0
    outer loop
      vertex 86.2 103.60000000000001 1.4
      vertex 86.2 103.60000000000001 0.6
      vertex 85 103.60000000000001 2.4
    endloop
  endfacet
  facet normal 1 0 0
    outer loop
      vertex 86.2 102.60000000000001 1.4
      vertex 86.2 103.60000000000001 1.4
      vertex 86.2 103.60000000000001 2.4
    endloop
  endfacet
  facet normal 0 -1 0
    outer loop
      vertex 85 92.4 2.4
      vertex 85 92.4 0.6
      vertex 86.2 92.4 2.4
    endloop
  endfacet
  facet normal 0 0 1
    outer loop
      vertex 85 92.4 2.4
      vertex 86.2 92.4 2.4
      vertex 85 103.60000000000001 2.4
    endloop
  endfacet
  facet normal -1 0 0
    outer loop
      vertex 85 92.4 2.4
      vertex 85 103.60000000000001 2.4
      vertex 85 103.60000000000001 0.6
    endloop
  endfacet
  facet normal 1 0 0
    outer loop
      vertex 86.2 102.60000000000001 1.4
      vertex 86.2 103.60000000000001 2.4
      vertex 86.2 92.4 2.4
    endloop
  endfacet
  facet normal 0 1 0
    outer loop
      vertex 86.2 103.60000000000001 1.4
      vertex 85 103.60000000000001 2.4
      vertex 86.2 103.60000000000001 2.4
    endloop
  endfacet
  facet normal 0 0 1
    outer loop
      vertex 86.2 92.4 2.4
      vertex 86.2 103.60000000000001 2.4
      vertex 85 103.60000000000001 2.4
    endloop
  endfacet
  facet normal 0 -1 0
    outer loop
      vertex 211 92.4 3.55
      vertex 209 92.4 0.6
      vertex 211 92.4 0.6
    endloop
  endfacet
  facet normal -1 0 0
    outer loop
      vertex 209 101.60000000000001 2.74
      vertex 209 102.60000000000001 0.6
      vertex 209 93.4 0.6
    endloop
  endfacet
  facet normal 0 1 0
    outer loop
      vertex 209 103.60000000000001 2.74
      vertex 211 103.60000000000001 0.6
      vertex 209 103.60000000000001 0.6
    endloop
  endfacet
  facet normal 1 0 0
    outer loop
      vertex 211 103.60000000000001 3.55
      vertex 211 92.4 0.6
      vertex 211 103.60000000000001 0.6
    endloop
  endfacet
  facet normal -1 0 0
    outer loop
      vertex 209 93.4 2.74
      vertex 209 94.4 2.74
      vertex 209 93.4 0.6
    endloop
  endfacet
  facet normal 0 -1 0
    outer loop
      vertex 209 92.4 2.74
      vertex 209 92.4 0.6
      vertex 211 92.4 3.55
    endloop
  endfacet
  facet normal -1 0 0
    outer loop
      vertex 209 94.4 2.74
      vertex 209 101.60000000000001 3.5500000000000003
      vertex 209 93.4 0.6
    endloop
  endfacet
  facet normal 1 0 0
    outer loop
      vertex 211 92.4 3.55
      vertex 211 92.4 0.6
      vertex 211 103.60000000000001 3.55
    endloop
  endfacet
  facet normal -1 0 0
    outer loop
      vertex 209 101.60000000000001 2.74
      vertex 209 102.60000000000001 2.74
      vertex 209 102.60000000000001 0.6
    endloop
  endfacet
  facet normal -1 0 0
    outer loop
      vertex 209 101.60000000000001 2.74
      vertex 209 93.4 0.6
      vertex 209 101.60000000000001 3.5500000000000003
    endloop
  endfacet
  facet normal 0 1 0
    outer loop
      vertex 209 103.60000000000001 2.74
      vertex 209 103.60000000000001 3.55
      vertex 211 103.60000000000001 0.6
    endloop
  endfacet
  facet normal 0 1 0
    outer loop
      vertex 209 103.60000000000001 3.55
      vertex 211 103.60000000000001 3.55
      vertex 211 103.60000000000001 0.6
    endloop
  endfacet
  facet normal 0 -1 0
    outer loop
      vertex 209 92.4 2.74
      vertex 211 92.4 3.55
      vertex 209 92.4 3.5500000000000003
    endloop
  endfacet
  facet normal 2.220446049250313e-16 2.220446049250313e-16 1
    outer loop
      vertex 209 92.4 3.5500000000000003
      vertex 211 92.4 3.55
      vertex 209 94.4 3.55
    endloop
  endfacet
  facet normal -6.167905692361979e-17 -6.167905692361979e-17 1
    outer loop
      vertex 211 92.4 3.55
      vertex 209 101.60000000000001 3.5500000000000003
      vertex 209 94.4 3.55
    endloop
  endfacet
  facet normal -1 0 0
    outer loop
      vertex 209 94.4 2.74
      vertex 209 94.4 3.55
      vertex 209 101.60000000000001 3.5500000000000003
    endloop
  endfacet
  facet normal 1.2434497875801756e-15 2.220446049250313e-16 1
    outer loop
      vertex 211 92.4 3.55
      vertex 209 103.60000000000001 3.55
      vertex 209 101.60000000000001 3.5500000000000003
    endloop
  endfacet
  facet normal 0 0 1
    outer loop
      vertex 211 92.4 3.55
      vertex 211 103.60000000000001 3.55
      vertex 209 103.60000000000001 3.55
    endloop
  endfacet
  facet normal -1 0 0
    outer loop
      vertex 58 109.55 1.2999999999999998
      vertex 58 108 0.59
      vertex 58 108 0.6
    endloop
  endfacet
  facet normal -1 0 0
    outer loop
      vertex 58 109.55 0.59
      vertex 58 108 0.59
      vertex 58 109.55 1.2999999999999998
    endloop
  endfacet
  facet normal 0 0 -1
    outer loop
      vertex 58 109.55 0.59
      vertex 83.2 109.55 0.59
      vertex 58 108 0.59
    endloop
  endfacet
  facet normal 0 0 -1
    outer loop
      vertex 83.32076055031689 109.5095068789612 0.59
      vertex 84 108 0.59
      vertex 58 108 0.59
    endloop
  endfacet
  facet normal 0 0 -1
    outer loop
      vertex 83.2 109.55 0.59
      vertex 83.32076055031689 109.5095068789612 0.59
      vertex 58 108 0.59
    endloop
  endfacet
  facet normal 0 0 -1
    outer loop
      vertex 83.2 109.55 0.59
      vertex 83.32400000000001 109.55 0.59
      vertex 83.32076055031689 109.5095068789612 0.59
    endloop
  endfacet
  facet normal 0 -1 0
    outer loop
      vertex 84 108 1.2999999999999998
      vertex 58 108 0.6
      vertex 84 108 0.6
    endloop
  endfacet
  facet normal 0 1 0
    outer loop
      vertex 58 109.55 0.59
      vertex 83.2 109.55 1.2999999999999998
      vertex 83.2 109.55 0.59
    endloop
  endfacet
  facet normal -1 0 0
    outer loop
      vertex 58 108 1.2999999999999998
      vertex 58 109.55 1.2999999999999998
      vertex 58 108 0.6
    endloop
  endfacet
  facet normal 0 -1 0
    outer loop
      vertex 58 108 1.2999999999999998
      vertex 58 108 0.6
      vertex 84 108 1.2999999999999998
    endloop
  endfacet
  facet normal 0 1 0
    outer loop
      vertex 58 109.55 0.59
      vertex 58 109.55 1.2999999999999998
      vertex 83.2 109.55 1.2999999999999998
    endloop
  endfacet
  facet normal 0 0 1
    outer loop
      vertex 58 108 1.2999999999999998
      vertex 84 108 1.2999999999999998
      vertex 58 109.55 1.2999999999999998
    endloop
  endfacet
  facet normal 0 0 1
    outer loop
      vertex 58 109.55 1.2999999999999998
      vertex 84 108 1.2999999999999998
      vertex 83.2 109.55 1.2999999999999998
    endloop
  endfacet
  facet normal 1 0 0
    outer loop
      vertex 84 109.55 0.889975
      vertex 84 109.55 1.18995
      vertex 84 108 1.2999999999999998
    endloop
  endfacet
  facet normal 0 0 1
    outer loop
      vertex 84 108 1.2999999999999998
      vertex 83.876 109.55 1.2999999999999998
      vertex 83.2 109.55 1.2999999999999998
    endloop
  endfacet
  facet normal -1 0 0
    outer loop
      vertex 58 116.45 0.59
      vertex 58 118 0.6
      vertex 58 118 0.59
    endloop
  endfacet
  facet normal -1 0 0
    outer loop
      vertex 58 116.45 0.59
      vertex 58 118 1.2999999999999998
      vertex 58 118 0.6
    endloop
  endfacet
  facet normal 0 0 -1
    outer loop
      vertex 58 116.45 0.59
      vertex 58 118 0.59
      vertex 84 118 0.59
    endloop
  endfacet
  facet normal 0 -1 0
    outer loop
      vertex 58 116.45 0.59
      vertex 83.2 116.45 0.59
      vertex 58 116.45 1.2999999999999998
    endloop
  endfacet
  facet normal 0 1 0
    outer loop
      vertex 58 118 1.2999999999999998
      vertex 84 118 0.6
      vertex 58 118 0.6
    endloop
  endfacet
  facet normal 0 0 -1
    outer loop
      vertex 58 116.45 0.59
      vertex 84 118 0.59
      vertex 83.2 116.45 0.59
    endloop
  endfacet
  facet normal 0 0 -1
    outer loop
      vertex 83.2 116.45 0.59
      vertex 84 118 0.59
      vertex 84 116.45 0.59
    endloop
  endfacet
  facet normal -1 0 0
    outer loop
      vertex 58 116.45 0.59
      vertex 58 116.45 1.2999999999999998
      vertex 58 118 1.2999999999999998
    endloop
  endfacet
  facet normal 0 0 1
    outer loop
      vertex 58 116.45 1.2999999999999998
      vertex 83.2 116.4976923076923 1.2999999999999998
      vertex 58 118 1.2999999999999998
    endloop
  endfacet
  facet normal 0 -1 0
    outer loop
      vertex 58 116.45 1.2999999999999998
      vertex 83.2 116.45 0.59
      vertex 83.2 116.45 1.2999999999999998
    endloop
  endfacet
  facet normal 0 1 0
    outer loop
      vertex 58 118 1.2999999999999998
      vertex 84 118 1.2999999999999998
      vertex 84 118 0.6
    endloop
  endfacet
  facet normal 0 0 1
    outer loop
      vertex 58 116.45 1.2999999999999998
      vertex 83.2 116.45 1.2999999999999998
      vertex 83.2 116.4976923076923 1.2999999999999998
    endloop
  endfacet
  facet normal 0 0 1
    outer loop
      vertex 58 118 1.2999999999999998
      vertex 83.2 116.4976923076923 1.2999999999999998
      vertex 84 118 1.2999999999999998
    endloop
  endfacet
  facet normal 0 0 1
    outer loop
      vertex 83.2 116.4976923076923 1.2999999999999998
      vertex 83.32076055031689 116.4904931210388 1.2999999999999998
      vertex 84 118 1.2999999999999998
    endloop
  endfacet
  facet normal 0 0 -1
    outer loop
      vertex 83.2 109.55 0.59
      vertex 83.2 116.45 0.59
      vertex 83.32400000000001 109.55 0.59
    endloop
  endfacet
  facet normal 0 0 -1
    outer loop
      vertex 83.32076055031689 109.5095068789612 0.59
      vertex 84 116.45 0.59
      vertex 84 108 0.59
    endloop
  endfacet
  facet normal 0 0 -1
    outer loop
      vertex 83.32076055031689 109.5095068789612 0.59
      vertex 83.32400000000001 109.55 0.59
      vertex 84 116.45 0.59
    endloop
  endfacet
  facet normal 1 0 0
    outer loop
      vertex 84 109.55 0.889975
      vertex 84 108 0.6
      vertex 84 118 0.6
    endloop
  endfacet
  facet normal -1 0 0
    outer loop
      vertex 83.2 109.55 0.59
      vertex 83.2 109.55 1.2999999999999998
      vertex 83.2 116.45 0.59
    endloop
  endfacet
  facet normal 0 0 -1
    outer loop
      vertex 83.32400000000001 109.55 0.59
      vertex 83.2 116.45 0.59
      vertex 84 116.45 0.59
    endloop
  endfacet
  facet normal 1 0 0
    outer loop
      vertex 84 109.55 0.889975
      vertex 84 108 1.2999999999999998
      vertex 84 108 0.6
    endloop
  endfacet
  facet normal 1 0 0
    outer loop
      vertex 84 109.55 0.889975
      vertex 84 118 0.6
      vertex 84 109.55 1.18995
    endloop
  endfacet
  facet normal 1 0 0
    outer loop
      vertex 84 109.55 1.18995
      vertex 84 118 1.2999999999999998
      vertex 84 108 1.2999999999999998
    endloop
  endfacet
  facet normal 0 0 1
    outer loop
      vertex 83.2 109.55 1.2999999999999998
      vertex 83.876 109.55 1.2999999999999998
      vertex 83.2 116.45 1.2999999999999998
    endloop
  endfacet
  facet normal 0 0 1
    outer loop
      vertex 84 108 1.2999999999999998
      vertex 84 118 1.2999999999999998
      vertex 83.876 109.55 1.2999999999999998
    endloop
  endfacet
  facet normal 1 0 0
    outer loop
      vertex 84 109.55 1.18995
      vertex 84 118 0.6
      vertex 84 118 1.2999999999999998
    endloop
  endfacet
  facet normal -1 0 0
    outer loop
      vertex 83.2 116.45 0.59
      vertex 83.2 109.55 1.2999999999999998
      vertex 83.2 116.45 1.2999999999999998
    endloop
  endfacet
  facet normal 0 0 1
    outer loop
      vertex 83.876 109.55 1.2999999999999998
      vertex 83.32076055031689 116.4904931210388 1.2999999999999998
      vertex 83.2 116.45 1.2999999999999998
    endloop
  endfacet
  facet normal 0 0 1
    outer loop
      vertex 83.876 109.55 1.2999999999999998
      vertex 84 118 1.2999999999999998
      vertex 83.32076055031689 116.4904931210388 1.2999999999999998
    endloop
  endfacet
  facet normal 0 0 1
    outer loop
      vertex 83.2 116.45 1.2999999999999998
      vertex 83.32076055031689 116.4904931210388 1.2999999999999998
      vertex 83.2 116.4976923076923 1.2999999999999998
    endloop
  endfacet
  facet normal 0 1 0
    outer loop
      vertex 86.2 108.4 1.4
      vertex 92.2 108.4 0.6
      vertex 86.2 108.4 0.6
    endloop
  endfacet
  facet normal 0 -1 0
    outer loop
      vertex 92.2 107.4 1.4
      vertex 86.2 107.4 0.6
      vertex 92.2 107.4 0.6
    endloop
  endfacet
  facet normal 0 -1 0
    outer loop
      vertex 86.2 107.4 1.4
      vertex 86.2 107.4 0.6
      vertex 92.2 107.4 1.4
    endloop
  endfacet
  facet normal 0 1 0
    outer loop
      vertex 86.2 108.4 1.4
      vertex 92.2 108.4 1.4
      vertex 92.2 108.4 0.6
    endloop
  endfacet
  facet normal 0 0 1
    outer loop
      vertex 86.2 107.4 1.4
      vertex 92.2 107.4 1.4
      vertex 86.2 108.4 1.4
    endloop
  endfacet
  facet normal 0 0 1
    outer loop
      vertex 86.2 108.4 1.4
      vertex 92.2 107.4 1.4
      vertex 92.2 108.4 1.4
    endloop
  endfacet
  facet normal 0 1 0
    outer loop
      vertex 86.2 118.60000000000001 1.4
      vertex 92.2 118.60000000000001 0.6
      vertex 86.2 118.60000000000001 0.6
    endloop
  endfacet
  facet normal 0 -1 0
    outer loop
      vertex 92.2 117.60000000000001 1.4
      vertex 86.2 117.60000000000001 0.6
      vertex 92.2 117.60000000000001 0.6
    endloop
  endfacet
  facet normal 0 -1 0
    outer loop
      vertex 86.2 117.60000000000001 1.4
      vertex 86.2 117.60000000000001 0.6
      vertex 92.2 117.60000000000001 1.4
    endloop
  endfacet
  facet normal 0 1 0
    outer loop
      vertex 86.2 118.60000000000001 1.4
      vertex 92.2 118.60000000000001 1.4
      vertex 92.2 118.60000000000001 0.6
    endloop
  endfacet
  facet normal 0 0 1
    outer loop
      vertex 86.2 117.60000000000001 1.4
      vertex 92.2 117.60000000000001 1.4
      vertex 86.2 118.60000000000001 1.4
    endloop
  endfacet
  facet normal 0 0 1
    outer loop
      vertex 86.2 118.60000000000001 1.4
      vertex 92.2 117.60000000000001 1.4
      vertex 92.2 118.60000000000001 1.4
    endloop
  endfacet
  facet normal -1 0 0
    outer loop
      vertex 92.2 117.60000000000001 1.4
      vertex 92.2 118.60000000000001 2.74
      vertex 92.2 118.60000000000001 1.4
    endloop
  endfacet
  facet normal -1 0 0
    outer loop
      vertex 92.2 117.60000000000001 1.4
      vertex 92.2 117.60000000000001 2.74
      vertex 92.2 118.60000000000001 2.74
    endloop
  endfacet
  facet normal 0 1 0
    outer loop
      vertex 92.2 118.60000000000001 1.4
      vertex 209 118.60000000000001 0.6
      vertex 92.2 118.60000000000001 0.6
    endloop
  endfacet
  facet normal 0 -1 0
    outer loop
      vertex 92.2 117.60000000000001 1.4
      vertex 92.2 117.60000000000001 0.6
      vertex 209 117.60000000000001 2.74
    endloop
  endfacet
  facet normal 0 -1 0
    outer loop
      vertex 209 117.60000000000001 2.74
      vertex 92.2 117.60000000000001 0.6
      vertex 209 117.60000000000001 0.6
    endloop
  endfacet
  facet normal 0 1 0
    outer loop
      vertex 92.2 118.60000000000001 1.4
      vertex 209 118.60000000000001 2.74
      vertex 209 118.60000000000001 0.6
    endloop
  endfacet
  facet normal 0 -1 0
    outer loop
      vertex 92.2 117.60000000000001 1.4
      vertex 209 117.60000000000001 2.74
      vertex 92.2 117.60000000000001 2.74
    endloop
  endfacet
  facet normal 0 1 0
    outer loop
      vertex 92.2 118.60000000000001 1.4
      vertex 92.2 118.60000000000001 2.74
      vertex 209 118.60000000000001 2.74
    endloop
  endfacet
  facet normal -1 0 0
    outer loop
      vertex 92.2 116.60000000000001 2.74
      vertex 92.2 118.60000000000001 3.5500000000000003
      vertex 92.2 117.60000000000001 2.74
    endloop
  endfacet
  facet normal -1 0 0
    outer loop
      vertex 92.2 117.60000000000001 2.74
      vertex 92.2 118.60000000000001 3.5500000000000003
      vertex 92.2 118.60000000000001 2.74
    endloop
  endfacet
  facet normal -1 0 0
    outer loop
      vertex 92.2 116.60000000000001 2.74
      vertex 92.2 116.60000000000001 3.5500000000000003
      vertex 92.2 118.60000000000001 3.5500000000000003
    endloop
  endfacet
  facet normal 0 0 -1
    outer loop
      vertex 92.2 116.60000000000001 2.74
      vertex 92.2 117.60000000000001 2.74
      vertex 209 116.60000000000001 2.74
    endloop
  endfacet
  facet normal 0 1 0
    outer loop
      vertex 92.2 118.60000000000001 2.74
      vertex 92.2 118.60000000000001 3.5500000000000003
      vertex 209 118.60000000000001 2.74
    endloop
  endfacet
  facet normal 0 -1 0
    outer loop
      vertex 92.2 116.60000000000001 2.74
      vertex 209 116.60000000000001 3.5500000000000003
      vertex 92.2 116.60000000000001 3.5500000000000003
    endloop
  endfacet
  facet normal 0 0 1
    outer loop
      vertex 92.2 116.60000000000001 3.5500000000000003
      vertex 209 116.60000000000001 3.5500000000000003
      vertex 92.2 118.60000000000001 3.5500000000000003
    endloop
  endfacet
  facet normal 0 0 -1
    outer loop
      vertex 92.2 117.60000000000001 2.74
      vertex 209 117.60000000000001 2.74
      vertex 209 116.60000000000001 2.74
    endloop
  endfacet
  facet normal 0 -1 0
    outer loop
      vertex 92.2 116.60000000000001 2.74
      vertex 209 116.60000000000001 2.74
      vertex 209 116.60000000000001 3.5500000000000003
    endloop
  endfacet
  facet normal 0 1 0
    outer loop
      vertex 92.2 118.60000000000001 3.5500000000000003
      vertex 209 118.60000000000001 3.55
      vertex 209 118.60000000000001 2.74
    endloop
  endfacet
  facet normal 3.802133645976563e-18 2.220446049250313e-16 1
    outer loop
      vertex 92.2 118.60000000000001 3.5500000000000003
      vertex 209 116.60000000000001 3.5500000000000003
      vertex 209 118.60000000000001 3.55
    endloop
  endfacet
  facet normal -1 0 0
    outer loop
      vertex 92.2 107.4 1.4
      vertex 92.2 108.4 2.74
      vertex 92.2 108.4 1.4
    endloop
  endfacet
  facet normal -1 0 0
    outer loop
      vertex 92.2 107.4 1.4
      vertex 92.2 107.4 2.74
      vertex 92.2 108.4 2.74
    endloop
  endfacet
  facet normal 0 1 0
    outer loop
      vertex 92.2 108.4 1.4
      vertex 209 108.4 0.6
      vertex 92.2 108.4 0.6
    endloop
  endfacet
  facet normal 0 -1 0
    outer loop
      vertex 92.2 107.4 1.4
      vertex 92.2 107.4 0.6
      vertex 209 107.4 2.74
    endloop
  endfacet
  facet normal 0 -1 0
    outer loop
      vertex 209 107.4 2.74
      vertex 92.2 107.4 0.6
      vertex 209 107.4 0.6
    endloop
  endfacet
  facet normal 0 1 0
    outer loop
      vertex 92.2 108.4 1.4
      vertex 209 108.4 2.74
      vertex 209 108.4 0.6
    endloop
  endfacet
  facet normal 0 -1 0
    outer loop
      vertex 92.2 107.4 1.4
      vertex 209 107.4 2.74
      vertex 92.2 107.4 2.74
    endloop
  endfacet
  facet normal 0 1 0
    outer loop
      vertex 92.2 108.4 1.4
      vertex 92.2 108.4 2.74
      vertex 209 108.4 2.74
    endloop
  endfacet
  facet normal -1 0 0
    outer loop
      vertex 92.2 107.4 2.74
      vertex 92.2 109.4 3.5500000000000003
      vertex 92.2 108.4 2.74
    endloop
  endfacet
  facet normal -1 0 0
    outer loop
      vertex 92.2 108.4 2.74
      vertex 92.2 109.4 3.5500000000000003
      vertex 92.2 109.4 2.74
    endloop
  endfacet
  facet normal -1 0 0
    outer loop
      vertex 92.2 107.4 2.74
      vertex 92.2 107.4 3.5500000000000003
      vertex 92.2 109.4 3.5500000000000003
    endloop
  endfacet
  facet normal 0 0 -1
    outer loop
      vertex 92.2 108.4 2.74
      vertex 92.2 109.4 2.74
      vertex 209 108.4 2.74
    endloop
  endfacet
  facet normal 0 1 0
    outer loop
      vertex 92.2 109.4 2.74
      vertex 92.2 109.4 3.5500000000000003
      vertex 209 109.4 2.74
    endloop
  endfacet
  facet normal 0 -1 0
    outer loop
      vertex 92.2 107.4 2.74
      vertex 209 107.4 3.5500000000000003
      vertex 92.2 107.4 3.5500000000000003
    endloop
  endfacet
  facet normal 0 0 1
    outer loop
      vertex 92.2 107.4 3.5500000000000003
      vertex 209 107.4 3.5500000000000003
      vertex 92.2 109.4 3.5500000000000003
    endloop
  endfacet
  facet normal 0 0 -1
    outer loop
      vertex 92.2 109.4 2.74
      vertex 209 109.4 2.74
      vertex 209 108.4 2.74
    endloop
  endfacet
  facet normal 0 -1 0
    outer loop
      vertex 92.2 107.4 2.74
      vertex 209 107.4 2.74
      vertex 209 107.4 3.5500000000000003
    endloop
  endfacet
  facet normal 0 1 0
    outer loop
      vertex 92.2 109.4 3.5500000000000003
      vertex 209 109.4 3.55
      vertex 209 109.4 2.74
    endloop
  endfacet
  facet normal 3.802133645976563e-18 2.220446049250313e-16 1
    outer loop
      vertex 92.2 109.4 3.5500000000000003
      vertex 209 107.4 3.5500000000000003
      vertex 209 109.4 3.55
    endloop
  endfacet
  facet normal 0 -1 0
    outer loop
      vertex 86.2 107.4 1.4
      vertex 85 107.4 0.6
      vertex 86.2 107.4 0.6
    endloop
  endfacet
  facet normal 1 0 0
    outer loop
      vertex 86.2 117.60000000000001 1.4
      vertex 86.2 108.4 0.6
      vertex 86.2 117.60000000000001 0.6
    endloop
  endfacet
  facet normal 1 0 0
    outer loop
      vertex 86.2 108.4 1.4
      vertex 86.2 108.4 0.6
      vertex 86.2 117.60000000000001 1.4
    endloop
  endfacet
  facet normal -1 0 0
    outer loop
      vertex 85 107.4 2.4
      vertex 85 118.60000000000001 0.6
      vertex 85 107.4 0.6
    endloop
  endfacet
  facet normal 0 1 0
    outer loop
      vertex 85 118.60000000000001 2.4
      vertex 86.2 118.60000000000001 0.6
      vertex 85 118.60000000000001 0.6
    endloop
  endfacet
  facet normal 0 -1 0
    outer loop
      vertex 86.2 107.4 1.4
      vertex 86.2 107.4 2.4
      vertex 85 107.4 0.6
    endloop
  endfacet
  facet normal 1 0 0
    outer loop
      vertex 86.2 107.4 1.4
      vertex 86.2 108.4 1.4
      vertex 86.2 107.4 2.4
    endloop
  endfacet
  facet normal 1 0 0
    outer loop
      vertex 86.2 108.4 1.4
      vertex 86.2 117.60000000000001 1.4
      vertex 86.2 107.4 2.4
    endloop
  endfacet
  facet normal 0 1 0
    outer loop
      vertex 86.2 118.60000000000001 1.4
      vertex 86.2 118.60000000000001 0.6
      vertex 85 118.60000000000001 2.4
    endloop
  endfacet
  facet normal 1 0 0
    outer loop
      vertex 86.2 117.60000000000001 1.4
      vertex 86.2 118.60000000000001 1.4
      vertex 86.2 118.60000000000001 2.4
    endloop
  endfacet
  facet normal 0 -1 0
    outer loop
      vertex 85 107.4 2.4
      vertex 85 107.4 0.6
      vertex 86.2 107.4 2.4
    endloop
  endfacet
  facet normal -1 0 0
    outer loop
      vertex 85 107.4 2.4
      vertex 85 118.60000000000001 2.4
      vertex 85 118.60000000000001 0.6
    endloop
  endfacet
  facet normal 1 0 0
    outer loop
      vertex 86.2 117.60000000000001 1.4
      vertex 86.2 118.60000000000001 2.4
      vertex 86.2 107.4 2.4
    endloop
  endfacet
  facet normal 0 1 0
    outer loop
      vertex 86.2 118.60000000000001 1.4
      vertex 85 118.60000000000001 2.4
      vertex 86.2 118.60000000000001 2.4
    endloop
  endfacet
  facet normal 0 0 1
    outer loop
      vertex 85 107.4 2.4
      vertex 86.2 107.4 2.4
      vertex 85 118.60000000000001 2.4
    endloop
  endfacet
  facet normal 0 0 1
    outer loop
      vertex 86.2 107.4 2.4
      vertex 86.2 118.60000000000001 2.4
      vertex 85 118.60000000000001 2.4
    endloop
  endfacet
  facet normal -1 0 0
    outer loop
      vertex 209 116.60000000000001 2.74
      vertex 209 117.60000000000001 0.6
      vertex 209 108.4 0.6
    endloop
  endfacet
  facet normal 0 1 0
    outer loop
      vertex 209 118.60000000000001 2.74
      vertex 211 118.60000000000001 0.6
      vertex 209 118.60000000000001 0.6
    endloop
  endfacet
  facet normal 0 -1 0
    outer loop
      vertex 211 107.4 3.55
      vertex 209 107.4 0.6
      vertex 211 107.4 0.6
    endloop
  endfacet
  facet normal 1 0 0
    outer loop
      vertex 211 118.60000000000001 3.55
      vertex 211 107.4 0.6
      vertex 211 118.60000000000001 0.6
    endloop
  endfacet
  facet normal -1 0 0
    outer loop
      vertex 209 108.4 2.74
      vertex 209 109.4 2.74
      vertex 209 108.4 0.6
    endloop
  endfacet
  facet normal -1 0 0
    outer loop
      vertex 209 116.60000000000001 2.74
      vertex 209 117.60000000000001 2.74
      vertex 209 117.60000000000001 0.6
    endloop
  endfacet
  facet normal 0 -1 0
    outer loop
      vertex 209 107.4 2.74
      vertex 209 107.4 0.6
      vertex 211 107.4 3.55
    endloop
  endfacet
  facet normal -1 0 0
    outer loop
      vertex 209 109.4 2.74
      vertex 209 116.60000000000001 3.5500000000000003
      vertex 209 108.4 0.6
    endloop
  endfacet
  facet normal 1 0 0
    outer loop
      vertex 211 107.4 3.55
      vertex 211 107.4 0.6
      vertex 211 118.60000000000001 3.55
    endloop
  endfacet
  facet normal -1 0 0
    outer loop
      vertex 209 116.60000000000001 2.74
      vertex 209 108.4 0.6
      vertex 209 116.60000000000001 3.5500000000000003
    endloop
  endfacet
  facet normal 0 1 0
    outer loop
      vertex 209 118.60000000000001 2.74
      vertex 209 118.60000000000001 3.55
      vertex 211 118.60000000000001 0.6
    endloop
  endfacet
  facet normal 0 1 0
    outer loop
      vertex 209 118.60000000000001 3.55
      vertex 211 118.60000000000001 3.55
      vertex 211 118.60000000000001 0.6
    endloop
  endfacet
  facet normal 0 -1 0
    outer loop
      vertex 209 107.4 2.74
      vertex 211 107.4 3.55
      vertex 209 107.4 3.5500000000000003
    endloop
  endfacet
  facet normal -1 0 0
    outer loop
      vertex 209 109.4 2.74
      vertex 209 109.4 3.55
      vertex 209 116.60000000000001 3.5500000000000003
    endloop
  endfacet
  facet normal 2.220446049250313e-16 2.220446049250313e-16 1
    outer loop
      vertex 209 107.4 3.5500000000000003
      vertex 211 107.4 3.55
      vertex 209 109.4 3.55
    endloop
  endfacet
  facet normal -6.167905692361979e-17 -6.167905692361979e-17 1
    outer loop
      vertex 209 109.4 3.55
      vertex 211 107.4 3.55
      vertex 209 116.60000000000001 3.5500000000000003
    endloop
  endfacet
  facet normal 1.2434497875801756e-15 2.220446049250313e-16 1
    outer loop
      vertex 211 107.4 3.55
      vertex 209 118.60000000000001 3.55
      vertex 209 116.60000000000001 3.5500000000000003
    endloop
  endfacet
  facet normal 0 0 1
    outer loop
      vertex 211 107.4 3.55
      vertex 211 118.60000000000001 3.55
      vertex 209 118.60000000000001 3.55
    endloop
  endfacet
  facet normal -1 0 0
    outer loop
      vertex 58 124.55 1.2999999999999998
      vertex 58 123 0.59
      vertex 58 123 0.6
    endloop
  endfacet
  facet normal -1 0 0
    outer loop
      vertex 58 124.55 0.59
      vertex 58 123 0.59
      vertex 58 124.55 1.2999999999999998
    endloop
  endfacet
  facet normal 0 0 -1
    outer loop
      vertex 58 124.55 0.59
      vertex 83.2 124.55 0.59
      vertex 58 123 0.59
    endloop
  endfacet
  facet normal 0 0 -1
    outer loop
      vertex 83.32076055031689 124.5095068789612 0.59
      vertex 84 123 0.59
      vertex 58 123 0.59
    endloop
  endfacet
  facet normal 0 0 -1
    outer loop
      vertex 83.32076055031689 124.5095068789612 0.59
      vertex 58 123 0.59
      vertex 83.2 124.55 0.59
    endloop
  endfacet
  facet normal 0 0 -1
    outer loop
      vertex 83.32076055031689 124.5095068789612 0.59
      vertex 83.2 124.55 0.59
      vertex 83.32400000000001 124.55 0.59
    endloop
  endfacet
  facet normal 0 -1 0
    outer loop
      vertex 84 123 1.2999999999999998
      vertex 58 123 0.6
      vertex 84 123 0.6
    endloop
  endfacet
  facet normal 0 1 0
    outer loop
      vertex 58 124.55 0.59
      vertex 83.2 124.55 1.2999999999999998
      vertex 83.2 124.55 0.59
    endloop
  endfacet
  facet normal -1 0 0
    outer loop
      vertex 58 123 1.2999999999999998
      vertex 58 124.55 1.2999999999999998
      vertex 58 123 0.6
    endloop
  endfacet
  facet normal 0 -1 0
    outer loop
      vertex 58 123 1.2999999999999998
      vertex 58 123 0.6
      vertex 84 123 1.2999999999999998
    endloop
  endfacet
  facet normal 0 1 0
    outer loop
      vertex 58 124.55 0.59
      vertex 58 124.55 1.2999999999999998
      vertex 83.2 124.55 1.2999999999999998
    endloop
  endfacet
  facet normal 0 0 1
    outer loop
      vertex 58 123 1.2999999999999998
      vertex 84 123 1.2999999999999998
      vertex 58 124.55 1.2999999999999998
    endloop
  endfacet
  facet normal 0 0 1
    outer loop
      vertex 58 124.55 1.2999999999999998
      vertex 84 123 1.2999999999999998
      vertex 83.2 124.55 1.2999999999999998
    endloop
  endfacet
  facet normal 1 0 0
    outer loop
      vertex 84 124.55 0.889975
      vertex 84 124.55 1.18995
      vertex 84 123 1.2999999999999998
    endloop
  endfacet
  facet normal 0 0 1
    outer loop
      vertex 84 123 1.2999999999999998
      vertex 83.876 124.55 1.2999999999999998
      vertex 83.2 124.55 1.2999999999999998
    endloop
  endfacet
  facet normal -1 0 0
    outer loop
      vertex 58 131.45 0.59
      vertex 58 133 0.6
      vertex 58 133 0.59
    endloop
  endfacet
  facet normal -1 0 0
    outer loop
      vertex 58 131.45 0.59
      vertex 58 133 1.2999999999999998
      vertex 58 133 0.6
    endloop
  endfacet
  facet normal 0 0 -1
    outer loop
      vertex 58 131.45 0.59
      vertex 58 133 0.59
      vertex 84 133 0.59
    endloop
  endfacet
  facet normal 0 -1 0
    outer loop
      vertex 58 131.45 0.59
      vertex 83.2 131.45 0.59
      vertex 58 131.45 1.2999999999999998
    endloop
  endfacet
  facet normal 0 1 0
    outer loop
      vertex 58 133 1.2999999999999998
      vertex 84 133 0.6
      vertex 58 133 0.6
    endloop
  endfacet
  facet normal 0 0 -1
    outer loop
      vertex 58 131.45 0.59
      vertex 84 133 0.59
      vertex 83.2 131.45 0.59
    endloop
  endfacet
  facet normal 0 0 -1
    outer loop
      vertex 83.2 131.45 0.59
      vertex 84 133 0.59
      vertex 84 131.45 0.59
    endloop
  endfacet
  facet normal 1 0 0
    outer loop
      vertex 84 131.45 0.7000500000000007
      vertex 84 131.45 0.6
      vertex 84 132.85915492957747 0.6
    endloop
  endfacet
  facet normal -1 0 0
    outer loop
      vertex 58 131.45 0.59
      vertex 58 131.45 1.2999999999999998
      vertex 58 133 1.2999999999999998
    endloop
  endfacet
  facet normal 0 0 1
    outer loop
      vertex 58 131.45 1.2999999999999998
      vertex 83.2 131.4976923076923 1.2999999999999998
      vertex 58 133 1.2999999999999998
    endloop
  endfacet
  facet normal 0 -1 0
    outer loop
      vertex 58 131.45 1.2999999999999998
      vertex 83.2 131.45 0.59
      vertex 83.2 131.45 1.2999999999999998
    endloop
  endfacet
  facet normal 0 1 0
    outer loop
      vertex 58 133 1.2999999999999998
      vertex 84 133 1.2999999999999998
      vertex 84 133 0.6
    endloop
  endfacet
  facet normal 0 0 1
    outer loop
      vertex 58 131.45 1.2999999999999998
      vertex 83.2 131.45 1.2999999999999998
      vertex 83.2 131.4976923076923 1.2999999999999998
    endloop
  endfacet
  facet normal 0 0 1
    outer loop
      vertex 58 133 1.2999999999999998
      vertex 83.2 131.4976923076923 1.2999999999999998
      vertex 84 133 1.2999999999999998
    endloop
  endfacet
  facet normal 0 0 1
    outer loop
      vertex 83.2 131.4976923076923 1.2999999999999998
      vertex 83.32076055031689 131.49049312103878 1.2999999999999998
      vertex 84 133 1.2999999999999998
    endloop
  endfacet
  facet normal 0 0 -1
    outer loop
      vertex 83.2 124.55 0.59
      vertex 83.2 131.45 0.59
      vertex 83.32400000000001 124.55 0.59
    endloop
  endfacet
  facet normal 0 0 -1
    outer loop
      vertex 83.32076055031689 124.5095068789612 0.59
      vertex 83.32400000000001 124.55 0.59
      vertex 84 131.45 0.59
    endloop
  endfacet
  facet normal 0 0 -1
    outer loop
      vertex 83.32076055031689 124.5095068789612 0.59
      vertex 84 131.45 0.59
      vertex 84 123 0.59
    endloop
  endfacet
  facet normal 1 0 0
    outer loop
      vertex 84 124.55 0.889975
      vertex 84 123 0.6
      vertex 84 131.45 0.7000500000000007
    endloop
  endfacet
  facet normal -1 0 0
    outer loop
      vertex 83.2 124.55 0.59
      vertex 83.2 124.55 1.2999999999999998
      vertex 83.2 131.45 0.59
    endloop
  endfacet
  facet normal 1 0 0
    outer loop
      vertex 84 124.55 0.889975
      vertex 84 123 1.2999999999999998
      vertex 84 123 0.6
    endloop
  endfacet
  facet normal 1 0 0
    outer loop
      vertex 84 124.55 0.889975
      vertex 84 131.45 0.7000500000000007
      vertex 84 124.55 1.18995
    endloop
  endfacet
  facet normal 1 0 0
    outer loop
      vertex 84 124.55 1.18995
      vertex 84 133 1.2999999999999998
      vertex 84 123 1.2999999999999998
    endloop
  endfacet
  facet normal 0 0 1
    outer loop
      vertex 83.2 124.55 1.2999999999999998
      vertex 83.876 124.55 1.2999999999999998
      vertex 83.2 131.45 1.2999999999999998
    endloop
  endfacet
  facet normal 0 0 1
    outer loop
      vertex 84 123 1.2999999999999998
      vertex 84 133 1.2999999999999998
      vertex 83.876 124.55 1.2999999999999998
    endloop
  endfacet
  facet normal 0 0 -1
    outer loop
      vertex 83.32400000000001 124.55 0.59
      vertex 83.2 131.45 0.59
      vertex 84 131.45 0.59
    endloop
  endfacet
  facet normal 1 0 0
    outer loop
      vertex 84 131.45 0.7000500000000007
      vertex 84 123 0.6
      vertex 84 131.45 0.6
    endloop
  endfacet
  facet normal 1 0 0
    outer loop
      vertex 84 133 1.2999999999999998
      vertex 84 132.85915492957747 0.6
      vertex 84 133 0.6
    endloop
  endfacet
  facet normal 1 0 0
    outer loop
      vertex 84 131.45 0.7000500000000007
      vertex 84 132.85915492957747 0.6
      vertex 84 133 1.2999999999999998
    endloop
  endfacet
  facet normal -1 0 0
    outer loop
      vertex 83.2 124.55 1.2999999999999998
      vertex 83.2 131.45 1.2999999999999998
      vertex 83.2 131.45 0.59
    endloop
  endfacet
  facet normal 1 0 0
    outer loop
      vertex 84 124.55 1.18995
      vertex 84 131.45 0.7000500000000007
      vertex 84 133 1.2999999999999998
    endloop
  endfacet
  facet normal 0 0 1
    outer loop
      vertex 83.876 124.55 1.2999999999999998
      vertex 83.32076055031689 131.49049312103878 1.2999999999999998
      vertex 83.2 131.45 1.2999999999999998
    endloop
  endfacet
  facet normal 0 0 1
    outer loop
      vertex 83.876 124.55 1.2999999999999998
      vertex 84 133 1.2999999999999998
      vertex 83.32076055031689 131.49049312103878 1.2999999999999998
    endloop
  endfacet
  facet normal 0 0 1
    outer loop
      vertex 83.2 131.45 1.2999999999999998
      vertex 83.32076055031689 131.49049312103878 1.2999999999999998
      vertex 83.2 131.4976923076923 1.2999999999999998
    endloop
  endfacet
  facet normal 0 1 0
    outer loop
      vertex 86.2 123.4 1.4
      vertex 92.2 123.4 0.6
      vertex 86.2 123.4 0.6
    endloop
  endfacet
  facet normal 0 -1 0
    outer loop
      vertex 92.2 122.4 1.4
      vertex 86.2 122.4 0.6
      vertex 92.2 122.4 0.6
    endloop
  endfacet
  facet normal 0 -1 0
    outer loop
      vertex 86.2 122.4 1.4
      vertex 86.2 122.4 0.6
      vertex 92.2 122.4 1.4
    endloop
  endfacet
  facet normal 0 1 0
    outer loop
      vertex 86.2 123.4 1.4
      vertex 92.2 123.4 1.4
      vertex 92.2 123.4 0.6
    endloop
  endfacet
  facet normal 0 0 1
    outer loop
      vertex 86.2 122.4 1.4
      vertex 92.2 122.4 1.4
      vertex 86.2 123.4 1.4
    endloop
  endfacet
  facet normal 0 0 1
    outer loop
      vertex 86.2 123.4 1.4
      vertex 92.2 122.4 1.4
      vertex 92.2 123.4 1.4
    endloop
  endfacet
  facet normal 0 1 0
    outer loop
      vertex 86.2 133.6 1.4
      vertex 92.2 133.6 0.6
      vertex 86.2 133.6 0.6
    endloop
  endfacet
  facet normal 0 -1 0
    outer loop
      vertex 92.2 132.6 1.4
      vertex 86.2 132.6 0.6
      vertex 92.2 132.6 0.6
    endloop
  endfacet
  facet normal 0 -1 0
    outer loop
      vertex 86.2 132.6 1.4
      vertex 86.2 132.6 0.6
      vertex 92.2 132.6 1.4
    endloop
  endfacet
  facet normal 0 1 0
    outer loop
      vertex 86.2 133.6 1.4
      vertex 92.2 133.6 1.4
      vertex 92.2 133.6 0.6
    endloop
  endfacet
  facet normal 0 0 1
    outer loop
      vertex 86.2 132.6 1.4
      vertex 92.2 132.6 1.4
      vertex 86.2 133.6 1.4
    endloop
  endfacet
  facet normal 0 0 1
    outer loop
      vertex 86.2 133.6 1.4
      vertex 92.2 132.6 1.4
      vertex 92.2 133.6 1.4
    endloop
  endfacet
  facet normal -1 0 0
    outer loop
      vertex 92.2 132.6 1.4
      vertex 92.2 133.6 2.74
      vertex 92.2 133.6 1.4
    endloop
  endfacet
  facet normal -1 0 0
    outer loop
      vertex 92.2 132.6 1.4
      vertex 92.2 132.6 2.74
      vertex 92.2 133.6 2.74
    endloop
  endfacet
  facet normal 0 1 0
    outer loop
      vertex 92.2 133.6 1.4
      vertex 209 133.6 0.6
      vertex 92.2 133.6 0.6
    endloop
  endfacet
  facet normal 0 -1 0
    outer loop
      vertex 92.2 132.6 1.4
      vertex 92.2 132.6 0.6
      vertex 209 132.6 2.74
    endloop
  endfacet
  facet normal 0 -1 0
    outer loop
      vertex 209 132.6 2.74
      vertex 92.2 132.6 0.6
      vertex 209 132.6 0.6
    endloop
  endfacet
  facet normal 0 1 0
    outer loop
      vertex 92.2 133.6 1.4
      vertex 209 133.6 2.74
      vertex 209 133.6 0.6
    endloop
  endfacet
  facet normal 0 -1 0
    outer loop
      vertex 92.2 132.6 1.4
      vertex 209 132.6 2.74
      vertex 92.2 132.6 2.74
    endloop
  endfacet
  facet normal 0 1 0
    outer loop
      vertex 92.2 133.6 1.4
      vertex 92.2 133.6 2.74
      vertex 209 133.6 2.74
    endloop
  endfacet
  facet normal -1 0 0
    outer loop
      vertex 92.2 131.6 2.74
      vertex 92.2 133.6 3.5500000000000003
      vertex 92.2 132.6 2.74
    endloop
  endfacet
  facet normal -1 0 0
    outer loop
      vertex 92.2 132.6 2.74
      vertex 92.2 133.6 3.5500000000000003
      vertex 92.2 133.6 2.74
    endloop
  endfacet
  facet normal -1 0 0
    outer loop
      vertex 92.2 131.6 2.74
      vertex 92.2 131.6 3.5500000000000003
      vertex 92.2 133.6 3.5500000000000003
    endloop
  endfacet
  facet normal 0 0 -1
    outer loop
      vertex 92.2 131.6 2.74
      vertex 92.2 132.6 2.74
      vertex 209 131.6 2.74
    endloop
  endfacet
  facet normal 0 1 0
    outer loop
      vertex 92.2 133.6 2.74
      vertex 92.2 133.6 3.5500000000000003
      vertex 209 133.6 2.74
    endloop
  endfacet
  facet normal 0 -1 0
    outer loop
      vertex 92.2 131.6 2.74
      vertex 209 131.6 3.5500000000000003
      vertex 92.2 131.6 3.5500000000000003
    endloop
  endfacet
  facet normal 0 0 1
    outer loop
      vertex 92.2 131.6 3.5500000000000003
      vertex 209 131.6 3.5500000000000003
      vertex 92.2 133.6 3.5500000000000003
    endloop
  endfacet
  facet normal 0 0 -1
    outer loop
      vertex 92.2 132.6 2.74
      vertex 209 132.6 2.74
      vertex 209 131.6 2.74
    endloop
  endfacet
  facet normal 0 -1 0
    outer loop
      vertex 92.2 131.6 2.74
      vertex 209 131.6 2.74
      vertex 209 131.6 3.5500000000000003
    endloop
  endfacet
  facet normal 0 1 0
    outer loop
      vertex 92.2 133.6 3.5500000000000003
      vertex 209 133.6 3.55
      vertex 209 133.6 2.74
    endloop
  endfacet
  facet normal 3.802133645976563e-18 2.220446049250313e-16 1
    outer loop
      vertex 92.2 133.6 3.5500000000000003
      vertex 209 131.6 3.5500000000000003
      vertex 209 133.6 3.55
    endloop
  endfacet
  facet normal -1 0 0
    outer loop
      vertex 92.2 122.4 1.4
      vertex 92.2 123.4 2.74
      vertex 92.2 123.4 1.4
    endloop
  endfacet
  facet normal -1 0 0
    outer loop
      vertex 92.2 122.4 1.4
      vertex 92.2 122.4 2.74
      vertex 92.2 123.4 2.74
    endloop
  endfacet
  facet normal 0 1 0
    outer loop
      vertex 92.2 123.4 1.4
      vertex 209 123.4 0.6
      vertex 92.2 123.4 0.6
    endloop
  endfacet
  facet normal 0 -1 0
    outer loop
      vertex 92.2 122.4 1.4
      vertex 92.2 122.4 0.6
      vertex 209 122.4 2.74
    endloop
  endfacet
  facet normal 0 -1 0
    outer loop
      vertex 209 122.4 2.74
      vertex 92.2 122.4 0.6
      vertex 209 122.4 0.6
    endloop
  endfacet
  facet normal 0 1 0
    outer loop
      vertex 92.2 123.4 1.4
      vertex 209 123.4 2.74
      vertex 209 123.4 0.6
    endloop
  endfacet
  facet normal 0 -1 0
    outer loop
      vertex 92.2 122.4 1.4
      vertex 209 122.4 2.74
      vertex 92.2 122.4 2.74
    endloop
  endfacet
  facet normal 0 1 0
    outer loop
      vertex 92.2 123.4 1.4
      vertex 92.2 123.4 2.74
      vertex 209 123.4 2.74
    endloop
  endfacet
  facet normal -1 0 0
    outer loop
      vertex 92.2 122.4 2.74
      vertex 92.2 124.4 3.5500000000000003
      vertex 92.2 123.4 2.74
    endloop
  endfacet
  facet normal -1 0 0
    outer loop
      vertex 92.2 123.4 2.74
      vertex 92.2 124.4 3.5500000000000003
      vertex 92.2 124.4 2.74
    endloop
  endfacet
  facet normal -1 0 0
    outer loop
      vertex 92.2 122.4 2.74
      vertex 92.2 122.4 3.5500000000000003
      vertex 92.2 124.4 3.5500000000000003
    endloop
  endfacet
  facet normal 0 0 -1
    outer loop
      vertex 92.2 123.4 2.74
      vertex 92.2 124.4 2.74
      vertex 209 123.4 2.74
    endloop
  endfacet
  facet normal 0 1 0
    outer loop
      vertex 92.2 124.4 2.74
      vertex 92.2 124.4 3.5500000000000003
      vertex 209 124.4 2.74
    endloop
  endfacet
  facet normal 0 -1 0
    outer loop
      vertex 92.2 122.4 2.74
      vertex 209 122.4 3.5500000000000003
      vertex 92.2 122.4 3.5500000000000003
    endloop
  endfacet
  facet normal 0 0 1
    outer loop
      vertex 92.2 122.4 3.5500000000000003
      vertex 209 122.4 3.5500000000000003
      vertex 92.2 124.4 3.5500000000000003
    endloop
  endfacet
  facet normal 0 0 -1
    outer loop
      vertex 92.2 124.4 2.74
      vertex 209 124.4 2.74
      vertex 209 123.4 2.74
    endloop
  endfacet
  facet normal 0 -1 0
    outer loop
      vertex 92.2 122.4 2.74
      vertex 209 122.4 2.74
      vertex 209 122.4 3.5500000000000003
    endloop
  endfacet
  facet normal 0 1 0
    outer loop
      vertex 92.2 124.4 3.5500000000000003
      vertex 209 124.4 3.55
      vertex 209 124.4 2.74
    endloop
  endfacet
  facet normal 3.802133645976563e-18 2.220446049250313e-16 1
    outer loop
      vertex 92.2 124.4 3.5500000000000003
      vertex 209 122.4 3.5500000000000003
      vertex 209 124.4 3.55
    endloop
  endfacet
  facet normal 0 -1 0
    outer loop
      vertex 86.2 122.4 1.4
      vertex 85 122.4 0.6
      vertex 86.2 122.4 0.6
    endloop
  endfacet
  facet normal 1 0 0
    outer loop
      vertex 86.2 123.4 1.4
      vertex 86.2 123.4 0.6
      vertex 86.2 132.6 1.4
    endloop
  endfacet
  facet normal -1 0 0
    outer loop
      vertex 85 122.4 2.4
      vertex 85 133.6 0.6
      vertex 85 122.4 0.6
    endloop
  endfacet
  facet normal 0 -1 0
    outer loop
      vertex 86.2 122.4 1.4
      vertex 86.2 122.4 2.4
      vertex 85 122.4 0.6
    endloop
  endfacet
  facet normal 1 0 0
    outer loop
      vertex 86.2 122.4 1.4
      vertex 86.2 123.4 1.4
      vertex 86.2 122.4 2.4
    endloop
  endfacet
  facet normal 1 0 0
    outer loop
      vertex 86.2 123.4 1.4
      vertex 86.2 132.6 1.4
      vertex 86.2 122.4 2.4
    endloop
  endfacet
  facet normal 0 -1 0
    outer loop
      vertex 85 122.4 2.4
      vertex 85 122.4 0.6
      vertex 86.2 122.4 2.4
    endloop
  endfacet
  facet normal 0 0 1
    outer loop
      vertex 85 122.4 2.4
      vertex 86.2 122.4 2.4
      vertex 85 133.6 2.4
    endloop
  endfacet
  facet normal 1 0 0
    outer loop
      vertex 86.2 132.6 1.4
      vertex 86.2 123.4 0.6
      vertex 86.2 132.6 0.6
    endloop
  endfacet
  facet normal 0 1 0
    outer loop
      vertex 85 133.6 2.4
      vertex 86.2 133.6 0.6
      vertex 85 133.6 0.6
    endloop
  endfacet
  facet normal 0 1 0
    outer loop
      vertex 86.2 133.6 1.4
      vertex 86.2 133.6 0.6
      vertex 85 133.6 2.4
    endloop
  endfacet
  facet normal 1 0 0
    outer loop
      vertex 86.2 132.6 1.4
      vertex 86.2 133.6 1.4
      vertex 86.2 133.6 2.4
    endloop
  endfacet
  facet normal -1 0 0
    outer loop
      vertex 85 122.4 2.4
      vertex 85 133.6 2.4
      vertex 85 133.6 0.6
    endloop
  endfacet
  facet normal 1 0 0
    outer loop
      vertex 86.2 122.4 2.4
      vertex 86.2 132.6 1.4
      vertex 86.2 133.6 2.4
    endloop
  endfacet
  facet normal 0 1 0
    outer loop
      vertex 86.2 133.6 1.4
      vertex 85 133.6 2.4
      vertex 86.2 133.6 2.4
    endloop
  endfacet
  facet normal 0 0 1
    outer loop
      vertex 86.2 122.4 2.4
      vertex 86.2 133.6 2.4
      vertex 85 133.6 2.4
    endloop
  endfacet
  facet normal 0 -1 0
    outer loop
      vertex 211 122.4 3.55
      vertex 209 122.4 0.6
      vertex 211 122.4 0.6
    endloop
  endfacet
  facet normal -1 0 0
    outer loop
      vertex 209 123.4 2.74
      vertex 209 124.4 2.74
      vertex 209 123.4 0.6
    endloop
  endfacet
  facet normal 0 -1 0
    outer loop
      vertex 209 122.4 2.74
      vertex 209 122.4 0.6
      vertex 211 122.4 3.55
    endloop
  endfacet
  facet normal -1 0 0
    outer loop
      vertex 209 124.4 2.74
      vertex 209 131.6 3.5500000000000003
      vertex 209 123.4 0.6
    endloop
  endfacet
  facet normal 1 0 0
    outer loop
      vertex 211 122.4 3.55
      vertex 211 122.4 0.6
      vertex 211 133.6 3.55
    endloop
  endfacet
  facet normal 0 -1 0
    outer loop
      vertex 209 122.4 2.74
      vertex 211 122.4 3.55
      vertex 209 122.4 3.5500000000000003
    endloop
  endfacet
  facet normal -1 0 0
    outer loop
      vertex 209 124.4 2.74
      vertex 209 124.4 3.55
      vertex 209 131.6 3.5500000000000003
    endloop
  endfacet
  facet normal 2.220446049250313e-16 2.220446049250313e-16 1
    outer loop
      vertex 209 122.4 3.5500000000000003
      vertex 211 122.4 3.55
      vertex 209 124.4 3.55
    endloop
  endfacet
  facet normal -6.167905692361991e-17 -6.167905692361991e-17 1
    outer loop
      vertex 209 124.4 3.55
      vertex 211 122.4 3.55
      vertex 209 131.6 3.5500000000000003
    endloop
  endfacet
  facet normal -1 0 0
    outer loop
      vertex 209 131.6 2.74
      vertex 209 132.6 0.6
      vertex 209 123.4 0.6
    endloop
  endfacet
  facet normal 0 1 0
    outer loop
      vertex 209 133.6 2.74
      vertex 211 133.6 0.6
      vertex 209 133.6 0.6
    endloop
  endfacet
  facet normal 1 0 0
    outer loop
      vertex 211 133.6 3.55
      vertex 211 122.4 0.6
      vertex 211 133.6 0.6
    endloop
  endfacet
  facet normal -1 0 0
    outer loop
      vertex 209 131.6 2.74
      vertex 209 132.6 2.74
      vertex 209 132.6 0.6
    endloop
  endfacet
  facet normal -1 0 0
    outer loop
      vertex 209 131.6 2.74
      vertex 209 123.4 0.6
      vertex 209 131.6 3.5500000000000003
    endloop
  endfacet
  facet normal 0 1 0
    outer loop
      vertex 209 133.6 2.74
      vertex 209 133.6 3.55
      vertex 211 133.6 0.6
    endloop
  endfacet
  facet normal 0 1 0
    outer loop
      vertex 209 133.6 3.55
      vertex 211 133.6 3.55
      vertex 211 133.6 0.6
    endloop
  endfacet
  facet normal 1.243449787580174e-15 2.220446049250313e-16 1
    outer loop
      vertex 211 122.4 3.55
      vertex 209 133.6 3.55
      vertex 209 131.6 3.5500000000000003
    endloop
  endfacet
  facet normal 0 0 1
    outer loop
      vertex 211 122.4 3.55
      vertex 211 133.6 3.55
      vertex 209 133.6 3.55
    endloop
  endfacet
  facet normal -1 0 0
    outer loop
      vertex 58 139.55 1.2999999999999998
      vertex 58 138 0.59
      vertex 58 138 0.6
    endloop
  endfacet
  facet normal -1 0 0
    outer loop
      vertex 58 139.55 0.59
      vertex 58 138 0.59
      vertex 58 139.55 1.2999999999999998
    endloop
  endfacet
  facet normal 0 0 -1
    outer loop
      vertex 58 139.55 0.59
      vertex 83.2 139.55 0.59
      vertex 58 138 0.59
    endloop
  endfacet
  facet normal 0 0 -1
    outer loop
      vertex 83.2 139.55 0.59
      vertex 84 139.55 0.59
      vertex 58 138 0.59
    endloop
  endfacet
  facet normal 0 0 -1
    outer loop
      vertex 84 138 0.59
      vertex 58 138 0.59
      vertex 84 139.55 0.59
    endloop
  endfacet
  facet normal 0 1 0
    outer loop
      vertex 58 139.55 0.59
      vertex 83.2 139.55 1.2999999999999998
      vertex 83.2 139.55 0.59
    endloop
  endfacet
  facet normal 0 -1 0
    outer loop
      vertex 84 138 1.2999999999999998
      vertex 58 138 0.6
      vertex 84 138 0.6
    endloop
  endfacet
  facet normal 1 0 0
    outer loop
      vertex 84 139.55 1.189949999999999
      vertex 84 138 0.6
      vertex 84 139.55 0.6
    endloop
  endfacet
  facet normal -1 0 0
    outer loop
      vertex 58 138 1.2999999999999998
      vertex 58 139.55 1.2999999999999998
      vertex 58 138 0.6
    endloop
  endfacet
  facet normal 0 -1 0
    outer loop
      vertex 58 138 1.2999999999999998
      vertex 58 138 0.6
      vertex 84 138 1.2999999999999998
    endloop
  endfacet
  facet normal 0 1 0
    outer loop
      vertex 58 139.55 0.59
      vertex 58 139.55 1.2999999999999998
      vertex 83.2 139.55 1.2999999999999998
    endloop
  endfacet
  facet normal 0 0 1
    outer loop
      vertex 58 138 1.2999999999999998
      vertex 84 138 1.2999999999999998
      vertex 58 139.55 1.2999999999999998
    endloop
  endfacet
  facet normal 1 0 0
    outer loop
      vertex 84 139.55 1.189949999999999
      vertex 84 138 1.2999999999999998
      vertex 84 138 0.6
    endloop
  endfacet
  facet normal 0 0 1
    outer loop
      vertex 58 139.55 1.2999999999999998
      vertex 84 138 1.2999999999999998
      vertex 83.2 139.55 1.2999999999999998
    endloop
  endfacet
  facet normal 0 0 1
    outer loop
      vertex 84 138 1.2999999999999998
      vertex 83.876 139.55 1.2999999999999998
      vertex 83.2 139.55 1.2999999999999998
    endloop
  endfacet
  facet normal -1 0 0
    outer loop
      vertex 58 146.45 0.59
      vertex 58 148 0.6
      vertex 58 148 0.59
    endloop
  endfacet
  facet normal -1 0 0
    outer loop
      vertex 58 146.45 0.59
      vertex 58 148 1.2999999999999998
      vertex 58 148 0.6
    endloop
  endfacet
  facet normal 0 0 -1
    outer loop
      vertex 58 146.45 0.59
      vertex 58 148 0.59
      vertex 84 148 0.59
    endloop
  endfacet
  facet normal 0 -1 0
    outer loop
      vertex 58 146.45 0.59
      vertex 83.2 146.45 0.59
      vertex 58 146.45 1.2999999999999998
    endloop
  endfacet
  facet normal 0 1 0
    outer loop
      vertex 58 148 1.2999999999999998
      vertex 84 148 0.6
      vertex 58 148 0.6
    endloop
  endfacet
  facet normal 0 0 -1
    outer loop
      vertex 58 146.45 0.59
      vertex 84 148 0.59
      vertex 83.2 146.45 0.59
    endloop
  endfacet
  facet normal 0 0 -1
    outer loop
      vertex 83.2 146.45 0.59
      vertex 84 148 0.59
      vertex 84 146.45 0.59
    endloop
  endfacet
  facet normal 1 0 0
    outer loop
      vertex 84 146.45 0.7000500000000007
      vertex 84 146.45 0.6
      vertex 84 147.85915492957747 0.6
    endloop
  endfacet
  facet normal -1 0 0
    outer loop
      vertex 58 146.45 0.59
      vertex 58 146.45 1.2999999999999998
      vertex 58 148 1.2999999999999998
    endloop
  endfacet
  facet normal 0 0 1
    outer loop
      vertex 58 146.45 1.2999999999999998
      vertex 83.2 146.4976923076923 1.2999999999999998
      vertex 58 148 1.2999999999999998
    endloop
  endfacet
  facet normal 0 -1 0
    outer loop
      vertex 58 146.45 1.2999999999999998
      vertex 83.2 146.45 0.59
      vertex 83.2 146.45 1.2999999999999998
    endloop
  endfacet
  facet normal 0 1 0
    outer loop
      vertex 58 148 1.2999999999999998
      vertex 84 148 1.2999999999999998
      vertex 84 148 0.6
    endloop
  endfacet
  facet normal 0 0 1
    outer loop
      vertex 58 146.45 1.2999999999999998
      vertex 83.2 146.45 1.2999999999999998
      vertex 83.2 146.4976923076923 1.2999999999999998
    endloop
  endfacet
  facet normal 0 0 1
    outer loop
      vertex 58 148 1.2999999999999998
      vertex 83.2 146.4976923076923 1.2999999999999998
      vertex 84 148 1.2999999999999998
    endloop
  endfacet
  facet normal 0 0 1
    outer loop
      vertex 83.2 146.4976923076923 1.2999999999999998
      vertex 83.32076055031689 146.49049312103878 1.2999999999999998
      vertex 84 148 1.2999999999999998
    endloop
  endfacet
  facet normal 0 0 -1
    outer loop
      vertex 83.2 139.55 0.59
      vertex 84 146.45 0.59
      vertex 84 139.55 0.59
    endloop
  endfacet
  facet normal -1 0 0
    outer loop
      vertex 83.2 139.55 0.59
      vertex 83.2 139.55 1.2999999999999998
      vertex 83.2 146.45 0.59
    endloop
  endfacet
  facet normal 1 0 0
    outer loop
      vertex 84 146.45 0.7000500000000007
      vertex 84 139.55 1.189949999999999
      vertex 84 139.55 0.6
    endloop
  endfacet
  facet normal 0 0 -1
    outer loop
      vertex 83.2 139.55 0.59
      vertex 83.2 146.45 0.59
      vertex 84 146.45 0.59
    endloop
  endfacet
  facet normal 1 0 0
    outer loop
      vertex 84 146.45 0.7000500000000007
      vertex 84 139.55 0.6
      vertex 84 146.45 0.6
    endloop
  endfacet
  facet normal 1 0 0
    outer loop
      vertex 84 146.45 0.7000500000000007
      vertex 84 147.85915492957747 0.6
      vertex 84 148 1.2999999999999998
    endloop
  endfacet
  facet normal 1 0 0
    outer loop
      vertex 84 148 1.2999999999999998
      vertex 84 147.85915492957747 0.6
      vertex 84 148 0.6
    endloop
  endfacet
  facet normal 1 0 0
    outer loop
      vertex 84 139.55 1.189949999999999
      vertex 84 148 1.2999999999999998
      vertex 84 138 1.2999999999999998
    endloop
  endfacet
  facet normal 0 0 1
    outer loop
      vertex 83.2 139.55 1.2999999999999998
      vertex 83.876 139.55 1.2999999999999998
      vertex 83.2 146.45 1.2999999999999998
    endloop
  endfacet
  facet normal 0 0 1
    outer loop
      vertex 84 138 1.2999999999999998
      vertex 84 148 1.2999999999999998
      vertex 83.876 139.55 1.2999999999999998
    endloop
  endfacet
  facet normal -1 0 0
    outer loop
      vertex 83.2 146.45 0.59
      vertex 83.2 139.55 1.2999999999999998
      vertex 83.2 146.45 1.2999999999999998
    endloop
  endfacet
  facet normal 1 0 0
    outer loop
      vertex 84 146.45 0.7000500000000007
      vertex 84 148 1.2999999999999998
      vertex 84 139.55 1.189949999999999
    endloop
  endfacet
  facet normal 0 0 1
    outer loop
      vertex 83.876 139.55 1.2999999999999998
      vertex 83.32076055031689 146.49049312103878 1.2999999999999998
      vertex 83.2 146.45 1.2999999999999998
    endloop
  endfacet
  facet normal 0 0 1
    outer loop
      vertex 83.876 139.55 1.2999999999999998
      vertex 84 148 1.2999999999999998
      vertex 83.32076055031689 146.49049312103878 1.2999999999999998
    endloop
  endfacet
  facet normal 0 0 1
    outer loop
      vertex 83.2 146.45 1.2999999999999998
      vertex 83.32076055031689 146.49049312103878 1.2999999999999998
      vertex 83.2 146.4976923076923 1.2999999999999998
    endloop
  endfacet
  facet normal 0 1 0
    outer loop
      vertex 86.2 138.4 1.4
      vertex 92.2 138.4 0.6
      vertex 86.2 138.4 0.6
    endloop
  endfacet
  facet normal 0 -1 0
    outer loop
      vertex 92.2 137.4 1.4
      vertex 86.2 137.4 0.6
      vertex 92.2 137.4 0.6
    endloop
  endfacet
  facet normal 0 -1 0
    outer loop
      vertex 86.2 137.4 1.4
      vertex 86.2 137.4 0.6
      vertex 92.2 137.4 1.4
    endloop
  endfacet
  facet normal 0 1 0
    outer loop
      vertex 86.2 138.4 1.4
      vertex 92.2 138.4 1.4
      vertex 92.2 138.4 0.6
    endloop
  endfacet
  facet normal 0 0 1
    outer loop
      vertex 86.2 137.4 1.4
      vertex 92.2 137.4 1.4
      vertex 86.2 138.4 1.4
    endloop
  endfacet
  facet normal 0 0 1
    outer loop
      vertex 86.2 138.4 1.4
      vertex 92.2 137.4 1.4
      vertex 92.2 138.4 1.4
    endloop
  endfacet
  facet normal 0 1 0
    outer loop
      vertex 86.2 148.6 1.4
      vertex 92.2 148.6 0.6
      vertex 86.2 148.6 0.6
    endloop
  endfacet
  facet normal 0 -1 0
    outer loop
      vertex 92.2 147.6 1.4
      vertex 86.2 147.6 0.6
      vertex 92.2 147.6 0.6
    endloop
  endfacet
  facet normal 0 -1 0
    outer loop
      vertex 86.2 147.6 1.4
      vertex 86.2 147.6 0.6
      vertex 92.2 147.6 1.4
    endloop
  endfacet
  facet normal 0 1 0
    outer loop
      vertex 86.2 148.6 1.4
      vertex 92.2 148.6 1.4
      vertex 92.2 148.6 0.6
    endloop
  endfacet
  facet normal 0 0 1
    outer loop
      vertex 86.2 147.6 1.4
      vertex 92.2 147.6 1.4
      vertex 86.2 148.6 1.4
    endloop
  endfacet
  facet normal 0 0 1
    outer loop
      vertex 86.2 148.6 1.4
      vertex 92.2 147.6 1.4
      vertex 92.2 148.6 1.4
    endloop
  endfacet
  facet normal -1 0 0
    outer loop
      vertex 92.2 147.6 1.4
      vertex 92.2 148.6 2.74
      vertex 92.2 148.6 1.4
    endloop
  endfacet
  facet normal -1 0 0
    outer loop
      vertex 92.2 147.6 1.4
      vertex 92.2 147.6 2.74
      vertex 92.2 148.6 2.74
    endloop
  endfacet
  facet normal 0 1 0
    outer loop
      vertex 92.2 148.6 1.4
      vertex 209 148.6 0.6
      vertex 92.2 148.6 0.6
    endloop
  endfacet
  facet normal 0 -1 0
    outer loop
      vertex 92.2 147.6 1.4
      vertex 92.2 147.6 0.6
      vertex 209 147.6 2.74
    endloop
  endfacet
  facet normal 0 -1 0
    outer loop
      vertex 209 147.6 2.74
      vertex 92.2 147.6 0.6
      vertex 209 147.6 0.6
    endloop
  endfacet
  facet normal 0 1 0
    outer loop
      vertex 92.2 148.6 1.4
      vertex 209 148.6 2.74
      vertex 209 148.6 0.6
    endloop
  endfacet
  facet normal 0 -1 0
    outer loop
      vertex 92.2 147.6 1.4
      vertex 209 147.6 2.74
      vertex 92.2 147.6 2.74
    endloop
  endfacet
  facet normal 0 1 0
    outer loop
      vertex 92.2 148.6 1.4
      vertex 92.2 148.6 2.74
      vertex 209 148.6 2.74
    endloop
  endfacet
  facet normal -1 0 0
    outer loop
      vertex 92.2 146.6 2.74
      vertex 92.2 148.6 3.5500000000000003
      vertex 92.2 147.6 2.74
    endloop
  endfacet
  facet normal -1 0 0
    outer loop
      vertex 92.2 147.6 2.74
      vertex 92.2 148.6 3.5500000000000003
      vertex 92.2 148.6 2.74
    endloop
  endfacet
  facet normal -1 0 0
    outer loop
      vertex 92.2 146.6 2.74
      vertex 92.2 146.6 3.5500000000000003
      vertex 92.2 148.6 3.5500000000000003
    endloop
  endfacet
  facet normal 0 0 -1
    outer loop
      vertex 92.2 146.6 2.74
      vertex 92.2 147.6 2.74
      vertex 209 146.6 2.74
    endloop
  endfacet
  facet normal 0 1 0
    outer loop
      vertex 92.2 148.6 2.74
      vertex 92.2 148.6 3.5500000000000003
      vertex 209 148.6 2.74
    endloop
  endfacet
  facet normal 0 -1 0
    outer loop
      vertex 92.2 146.6 2.74
      vertex 209 146.6 3.5500000000000003
      vertex 92.2 146.6 3.5500000000000003
    endloop
  endfacet
  facet normal 0 0 1
    outer loop
      vertex 92.2 146.6 3.5500000000000003
      vertex 209 146.6 3.5500000000000003
      vertex 92.2 148.6 3.5500000000000003
    endloop
  endfacet
  facet normal 0 0 -1
    outer loop
      vertex 92.2 147.6 2.74
      vertex 209 147.6 2.74
      vertex 209 146.6 2.74
    endloop
  endfacet
  facet normal 0 -1 0
    outer loop
      vertex 92.2 146.6 2.74
      vertex 209 146.6 2.74
      vertex 209 146.6 3.5500000000000003
    endloop
  endfacet
  facet normal 0 1 0
    outer loop
      vertex 92.2 148.6 3.5500000000000003
      vertex 209 148.6 3.55
      vertex 209 148.6 2.74
    endloop
  endfacet
  facet normal 3.802133645976563e-18 2.220446049250313e-16 1
    outer loop
      vertex 92.2 148.6 3.5500000000000003
      vertex 209 146.6 3.5500000000000003
      vertex 209 148.6 3.55
    endloop
  endfacet
  facet normal -1 0 0
    outer loop
      vertex 92.2 137.4 1.4
      vertex 92.2 138.4 2.74
      vertex 92.2 138.4 1.4
    endloop
  endfacet
  facet normal -1 0 0
    outer loop
      vertex 92.2 137.4 1.4
      vertex 92.2 137.4 2.74
      vertex 92.2 138.4 2.74
    endloop
  endfacet
  facet normal 0 1 0
    outer loop
      vertex 92.2 138.4 1.4
      vertex 209 138.4 0.6
      vertex 92.2 138.4 0.6
    endloop
  endfacet
  facet normal 0 -1 0
    outer loop
      vertex 92.2 137.4 1.4
      vertex 92.2 137.4 0.6
      vertex 209 137.4 2.74
    endloop
  endfacet
  facet normal 0 -1 0
    outer loop
      vertex 209 137.4 2.74
      vertex 92.2 137.4 0.6
      vertex 209 137.4 0.6
    endloop
  endfacet
  facet normal 0 1 0
    outer loop
      vertex 92.2 138.4 1.4
      vertex 209 138.4 2.74
      vertex 209 138.4 0.6
    endloop
  endfacet
  facet normal 0 -1 0
    outer loop
      vertex 92.2 137.4 1.4
      vertex 209 137.4 2.74
      vertex 92.2 137.4 2.74
    endloop
  endfacet
  facet normal 0 1 0
    outer loop
      vertex 92.2 138.4 1.4
      vertex 92.2 138.4 2.74
      vertex 209 138.4 2.74
    endloop
  endfacet
  facet normal -1 0 0
    outer loop
      vertex 92.2 137.4 2.74
      vertex 92.2 139.4 3.5500000000000003
      vertex 92.2 138.4 2.74
    endloop
  endfacet
  facet normal -1 0 0
    outer loop
      vertex 92.2 138.4 2.74
      vertex 92.2 139.4 3.5500000000000003
      vertex 92.2 139.4 2.74
    endloop
  endfacet
  facet normal -1 0 0
    outer loop
      vertex 92.2 137.4 2.74
      vertex 92.2 137.4 3.5500000000000003
      vertex 92.2 139.4 3.5500000000000003
    endloop
  endfacet
  facet normal 0 0 -1
    outer loop
      vertex 92.2 138.4 2.74
      vertex 92.2 139.4 2.74
      vertex 209 138.4 2.74
    endloop
  endfacet
  facet normal 0 1 0
    outer loop
      vertex 92.2 139.4 2.74
      vertex 92.2 139.4 3.5500000000000003
      vertex 209 139.4 2.74
    endloop
  endfacet
  facet normal 0 -1 0
    outer loop
      vertex 92.2 137.4 2.74
      vertex 209 137.4 3.5500000000000003
      vertex 92.2 137.4 3.5500000000000003
    endloop
  endfacet
  facet normal 0 0 1
    outer loop
      vertex 92.2 137.4 3.5500000000000003
      vertex 209 137.4 3.5500000000000003
      vertex 92.2 139.4 3.5500000000000003
    endloop
  endfacet
  facet normal 0 0 -1
    outer loop
      vertex 92.2 139.4 2.74
      vertex 209 139.4 2.74
      vertex 209 138.4 2.74
    endloop
  endfacet
  facet normal 0 -1 0
    outer loop
      vertex 92.2 137.4 2.74
      vertex 209 137.4 2.74
      vertex 209 137.4 3.5500000000000003
    endloop
  endfacet
  facet normal 0 1 0
    outer loop
      vertex 92.2 139.4 3.5500000000000003
      vertex 209 139.4 3.55
      vertex 209 139.4 2.74
    endloop
  endfacet
  facet normal 3.802133645976563e-18 2.220446049250313e-16 1
    outer loop
      vertex 92.2 139.4 3.5500000000000003
      vertex 209 137.4 3.5500000000000003
      vertex 209 139.4 3.55
    endloop
  endfacet
  facet normal 0 -1 0
    outer loop
      vertex 86.2 137.4 1.4
      vertex 85 137.4 0.6
      vertex 86.2 137.4 0.6
    endloop
  endfacet
  facet normal 1 0 0
    outer loop
      vertex 86.2 147.6 1.4
      vertex 86.2 138.4 0.6
      vertex 86.2 147.6 0.6
    endloop
  endfacet
  facet normal 1 0 0
    outer loop
      vertex 86.2 138.4 1.4
      vertex 86.2 138.4 0.6
      vertex 86.2 147.6 1.4
    endloop
  endfacet
  facet normal -1 0 0
    outer loop
      vertex 85 137.4 2.4
      vertex 85 148.6 0.6
      vertex 85 137.4 0.6
    endloop
  endfacet
  facet normal 0 1 0
    outer loop
      vertex 85 148.6 2.4
      vertex 86.2 148.6 0.6
      vertex 85 148.6 0.6
    endloop
  endfacet
  facet normal 0 -1 0
    outer loop
      vertex 86.2 137.4 1.4
      vertex 86.2 137.4 2.4
      vertex 85 137.4 0.6
    endloop
  endfacet
  facet normal 1 0 0
    outer loop
      vertex 86.2 137.4 1.4
      vertex 86.2 138.4 1.4
      vertex 86.2 137.4 2.4
    endloop
  endfacet
  facet normal 1 0 0
    outer loop
      vertex 86.2 138.4 1.4
      vertex 86.2 147.6 1.4
      vertex 86.2 137.4 2.4
    endloop
  endfacet
  facet normal 0 1 0
    outer loop
      vertex 86.2 148.6 1.4
      vertex 86.2 148.6 0.6
      vertex 85 148.6 2.4
    endloop
  endfacet
  facet normal 1 0 0
    outer loop
      vertex 86.2 147.6 1.4
      vertex 86.2 148.6 1.4
      vertex 86.2 148.6 2.4
    endloop
  endfacet
  facet normal 0 -1 0
    outer loop
      vertex 85 137.4 2.4
      vertex 85 137.4 0.6
      vertex 86.2 137.4 2.4
    endloop
  endfacet
  facet normal -1 0 0
    outer loop
      vertex 85 137.4 2.4
      vertex 85 148.6 2.4
      vertex 85 148.6 0.6
    endloop
  endfacet
  facet normal 1 0 0
    outer loop
      vertex 86.2 147.6 1.4
      vertex 86.2 148.6 2.4
      vertex 86.2 137.4 2.4
    endloop
  endfacet
  facet normal 0 1 0
    outer loop
      vertex 86.2 148.6 1.4
      vertex 85 148.6 2.4
      vertex 86.2 148.6 2.4
    endloop
  endfacet
  facet normal 0 0 1
    outer loop
      vertex 85 137.4 2.4
      vertex 86.2 137.4 2.4
      vertex 85 148.6 2.4
    endloop
  endfacet
  facet normal 0 0 1
    outer loop
      vertex 86.2 137.4 2.4
      vertex 86.2 148.6 2.4
      vertex 85 148.6 2.4
    endloop
  endfacet
  facet normal -1 0 0
    outer loop
      vertex 209 146.6 2.74
      vertex 209 147.6 0.6
      vertex 209 138.4 0.6
    endloop
  endfacet
  facet normal 0 1 0
    outer loop
      vertex 209 148.6 2.74
      vertex 211 148.6 0.6
      vertex 209 148.6 0.6
    endloop
  endfacet
  facet normal 0 -1 0
    outer loop
      vertex 211 137.4 3.55
      vertex 209 137.4 0.6
      vertex 211 137.4 0.6
    endloop
  endfacet
  facet normal 1 0 0
    outer loop
      vertex 211 148.6 3.55
      vertex 211 137.4 0.6
      vertex 211 148.6 0.6
    endloop
  endfacet
  facet normal -1 0 0
    outer loop
      vertex 209 138.4 2.74
      vertex 209 139.4 2.74
      vertex 209 138.4 0.6
    endloop
  endfacet
  facet normal -1 0 0
    outer loop
      vertex 209 146.6 2.74
      vertex 209 147.6 2.74
      vertex 209 147.6 0.6
    endloop
  endfacet
  facet normal 0 -1 0
    outer loop
      vertex 209 137.4 2.74
      vertex 209 137.4 0.6
      vertex 211 137.4 3.55
    endloop
  endfacet
  facet normal -1 0 0
    outer loop
      vertex 209 139.4 2.74
      vertex 209 146.6 3.5500000000000003
      vertex 209 138.4 0.6
    endloop
  endfacet
  facet normal 1 0 0
    outer loop
      vertex 211 137.4 3.55
      vertex 211 137.4 0.6
      vertex 211 148.6 3.55
    endloop
  endfacet
  facet normal -1 0 0
    outer loop
      vertex 209 146.6 2.74
      vertex 209 138.4 0.6
      vertex 209 146.6 3.5500000000000003
    endloop
  endfacet
  facet normal 0 1 0
    outer loop
      vertex 209 148.6 2.74
      vertex 209 148.6 3.55
      vertex 211 148.6 0.6
    endloop
  endfacet
  facet normal 0 1 0
    outer loop
      vertex 209 148.6 3.55
      vertex 211 148.6 3.55
      vertex 211 148.6 0.6
    endloop
  endfacet
  facet normal 0 -1 0
    outer loop
      vertex 209 137.4 2.74
      vertex 211 137.4 3.55
      vertex 209 137.4 3.5500000000000003
    endloop
  endfacet
  facet normal -1 0 0
    outer loop
      vertex 209 139.4 2.74
      vertex 209 139.4 3.55
      vertex 209 146.6 3.5500000000000003
    endloop
  endfacet
  facet normal 2.220446049250313e-16 2.220446049250313e-16 1
    outer loop
      vertex 209 137.4 3.5500000000000003
      vertex 211 137.4 3.55
      vertex 209 139.4 3.55
    endloop
  endfacet
  facet normal -6.167905692361991e-17 -6.167905692361991e-17 1
    outer loop
      vertex 211 137.4 3.55
      vertex 209 146.6 3.5500000000000003
      vertex 209 139.4 3.55
    endloop
  endfacet
  facet normal 1.243449787580174e-15 2.220446049250313e-16 1
    outer loop
      vertex 211 137.4 3.55
      vertex 209 148.6 3.55
      vertex 209 146.6 3.5500000000000003
    endloop
  endfacet
  facet normal 0 0 1
    outer loop
      vertex 211 137.4 3.55
      vertex 211 148.6 3.55
      vertex 209 148.6 3.55
    endloop
  endfacet
  facet normal -1 0 0
    outer loop
      vertex 58 154.55 1.2999999999999998
      vertex 58 153 0.59
      vertex 58 153 0.6
    endloop
  endfacet
  facet normal -1 0 0
    outer loop
      vertex 58 154.55 0.59
      vertex 58 153 0.59
      vertex 58 154.55 1.2999999999999998
    endloop
  endfacet
  facet normal 0 0 -1
    outer loop
      vertex 58 154.55 0.59
      vertex 83.2 154.55 0.59
      vertex 58 153 0.59
    endloop
  endfacet
  facet normal 0 0 -1
    outer loop
      vertex 83.2 154.55 0.59
      vertex 84 154.55 0.59
      vertex 58 153 0.59
    endloop
  endfacet
  facet normal 0 0 -1
    outer loop
      vertex 84 153 0.59
      vertex 58 153 0.59
      vertex 84 154.55 0.59
    endloop
  endfacet
  facet normal 0 1 0
    outer loop
      vertex 58 154.55 0.59
      vertex 83.2 154.55 1.2999999999999998
      vertex 83.2 154.55 0.59
    endloop
  endfacet
  facet normal 0 -1 0
    outer loop
      vertex 84 153 1.2999999999999998
      vertex 58 153 0.6
      vertex 84 153 0.6
    endloop
  endfacet
  facet normal 1 0 0
    outer loop
      vertex 84 154.55 1.189949999999999
      vertex 84 153 0.6
      vertex 84 154.55 0.6
    endloop
  endfacet
  facet normal -1 0 0
    outer loop
      vertex 58 153 1.2999999999999998
      vertex 58 154.55 1.2999999999999998
      vertex 58 153 0.6
    endloop
  endfacet
  facet normal 0 -1 0
    outer loop
      vertex 58 153 1.2999999999999998
      vertex 58 153 0.6
      vertex 84 153 1.2999999999999998
    endloop
  endfacet
  facet normal 0 1 0
    outer loop
      vertex 58 154.55 0.59
      vertex 58 154.55 1.2999999999999998
      vertex 83.2 154.55 1.2999999999999998
    endloop
  endfacet
  facet normal 0 0 1
    outer loop
      vertex 58 153 1.2999999999999998
      vertex 84 153 1.2999999999999998
      vertex 58 154.55 1.2999999999999998
    endloop
  endfacet
  facet normal 1 0 0
    outer loop
      vertex 84 154.55 1.189949999999999
      vertex 84 153 1.2999999999999998
      vertex 84 153 0.6
    endloop
  endfacet
  facet normal 0 0 1
    outer loop
      vertex 58 154.55 1.2999999999999998
      vertex 84 153 1.2999999999999998
      vertex 83.2 154.55 1.2999999999999998
    endloop
  endfacet
  facet normal 0 0 1
    outer loop
      vertex 84 153 1.2999999999999998
      vertex 83.876 154.55 1.2999999999999998
      vertex 83.2 154.55 1.2999999999999998
    endloop
  endfacet
  facet normal -1 0 0
    outer loop
      vertex 58 161.45 0.59
      vertex 58 163 0.6
      vertex 58 163 0.59
    endloop
  endfacet
  facet normal -1 0 0
    outer loop
      vertex 58 161.45 0.59
      vertex 58 163 1.2999999999999998
      vertex 58 163 0.6
    endloop
  endfacet
  facet normal 0 0 -1
    outer loop
      vertex 58 161.45 0.59
      vertex 58 163 0.59
      vertex 84 163 0.59
    endloop
  endfacet
  facet normal 0 -1 0
    outer loop
      vertex 58 161.45 0.59
      vertex 83.2 161.45 0.59
      vertex 58 161.45 1.2999999999999998
    endloop
  endfacet
  facet normal 0 1 0
    outer loop
      vertex 58 163 1.2999999999999998
      vertex 84 163 0.6
      vertex 58 163 0.6
    endloop
  endfacet
  facet normal 0 0 -1
    outer loop
      vertex 58 161.45 0.59
      vertex 84 163 0.59
      vertex 83.2 161.45 0.59
    endloop
  endfacet
  facet normal 0 0 -1
    outer loop
      vertex 83.2 161.45 0.59
      vertex 84 163 0.59
      vertex 84 161.45 0.59
    endloop
  endfacet
  facet normal 1 0 0
    outer loop
      vertex 84 161.45 0.7000500000000007
      vertex 84 161.45 0.6
      vertex 84 162.85915492957747 0.6
    endloop
  endfacet
  facet normal -1 0 0
    outer loop
      vertex 58 161.45 0.59
      vertex 58 161.45 1.2999999999999998
      vertex 58 163 1.2999999999999998
    endloop
  endfacet
  facet normal 0 0 1
    outer loop
      vertex 58 161.45 1.2999999999999998
      vertex 83.2 161.4976923076923 1.2999999999999998
      vertex 58 163 1.2999999999999998
    endloop
  endfacet
  facet normal 0 -1 0
    outer loop
      vertex 58 161.45 1.2999999999999998
      vertex 83.2 161.45 0.59
      vertex 83.2 161.45 1.2999999999999998
    endloop
  endfacet
  facet normal 0 1 0
    outer loop
      vertex 58 163 1.2999999999999998
      vertex 84 163 1.2999999999999998
      vertex 84 163 0.6
    endloop
  endfacet
  facet normal 0 0 1
    outer loop
      vertex 58 161.45 1.2999999999999998
      vertex 83.2 161.45 1.2999999999999998
      vertex 83.2 161.4976923076923 1.2999999999999998
    endloop
  endfacet
  facet normal 0 0 1
    outer loop
      vertex 58 163 1.2999999999999998
      vertex 83.2 161.4976923076923 1.2999999999999998
      vertex 84 163 1.2999999999999998
    endloop
  endfacet
  facet normal 0 0 1
    outer loop
      vertex 83.2 161.4976923076923 1.2999999999999998
      vertex 83.32076055031689 161.49049312103878 1.2999999999999998
      vertex 84 163 1.2999999999999998
    endloop
  endfacet
  facet normal 0 0 -1
    outer loop
      vertex 83.2 154.55 0.59
      vertex 84 161.45 0.59
      vertex 84 154.55 0.59
    endloop
  endfacet
  facet normal 0 0 -1
    outer loop
      vertex 83.2 154.55 0.59
      vertex 83.2 161.45 0.59
      vertex 84 161.45 0.59
    endloop
  endfacet
  facet normal 1 0 0
    outer loop
      vertex 84 161.45 0.7000500000000007
      vertex 84 154.55 0.6
      vertex 84 161.45 0.6
    endloop
  endfacet
  facet normal -1 0 0
    outer loop
      vertex 83.2 154.55 0.59
      vertex 83.2 154.55 1.2999999999999998
      vertex 83.2 161.45 0.59
    endloop
  endfacet
  facet normal 1 0 0
    outer loop
      vertex 84 154.55 1.189949999999999
      vertex 84 154.55 0.6
      vertex 84 161.45 0.7000500000000007
    endloop
  endfacet
  facet normal 1 0 0
    outer loop
      vertex 84 163 1.2999999999999998
      vertex 84 162.85915492957747 0.6
      vertex 84 163 0.6
    endloop
  endfacet
  facet normal 1 0 0
    outer loop
      vertex 84 161.45 0.7000500000000007
      vertex 84 162.85915492957747 0.6
      vertex 84 163 1.2999999999999998
    endloop
  endfacet
  facet normal -1 0 0
    outer loop
      vertex 83.2 154.55 1.2999999999999998
      vertex 83.2 161.45 1.2999999999999998
      vertex 83.2 161.45 0.59
    endloop
  endfacet
  facet normal 1 0 0
    outer loop
      vertex 84 154.55 1.189949999999999
      vertex 84 163 1.2999999999999998
      vertex 84 153 1.2999999999999998
    endloop
  endfacet
  facet normal 0 0 1
    outer loop
      vertex 83.2 154.55 1.2999999999999998
      vertex 83.876 154.55 1.2999999999999998
      vertex 83.2 161.45 1.2999999999999998
    endloop
  endfacet
  facet normal 0 0 1
    outer loop
      vertex 84 153 1.2999999999999998
      vertex 84 163 1.2999999999999998
      vertex 83.876 154.55 1.2999999999999998
    endloop
  endfacet
  facet normal 0 0 1
    outer loop
      vertex 83.876 154.55 1.2999999999999998
      vertex 83.32076055031689 161.49049312103878 1.2999999999999998
      vertex 83.2 161.45 1.2999999999999998
    endloop
  endfacet
  facet normal 1 0 0
    outer loop
      vertex 84 154.55 1.189949999999999
      vertex 84 161.45 0.7000500000000007
      vertex 84 163 1.2999999999999998
    endloop
  endfacet
  facet normal 0 0 1
    outer loop
      vertex 83.876 154.55 1.2999999999999998
      vertex 84 163 1.2999999999999998
      vertex 83.32076055031689 161.49049312103878 1.2999999999999998
    endloop
  endfacet
  facet normal 0 0 1
    outer loop
      vertex 83.2 161.45 1.2999999999999998
      vertex 83.32076055031689 161.49049312103878 1.2999999999999998
      vertex 83.2 161.4976923076923 1.2999999999999998
    endloop
  endfacet
  facet normal 0 1 0
    outer loop
      vertex 86.2 153.4 1.4
      vertex 92.2 153.4 0.6
      vertex 86.2 153.4 0.6
    endloop
  endfacet
  facet normal 0 -1 0
    outer loop
      vertex 92.2 152.4 1.4
      vertex 86.2 152.4 0.6
      vertex 92.2 152.4 0.6
    endloop
  endfacet
  facet normal 0 -1 0
    outer loop
      vertex 86.2 152.4 1.4
      vertex 86.2 152.4 0.6
      vertex 92.2 152.4 1.4
    endloop
  endfacet
  facet normal 0 1 0
    outer loop
      vertex 86.2 153.4 1.4
      vertex 92.2 153.4 1.4
      vertex 92.2 153.4 0.6
    endloop
  endfacet
  facet normal 0 0 1
    outer loop
      vertex 86.2 152.4 1.4
      vertex 92.2 152.4 1.4
      vertex 86.2 153.4 1.4
    endloop
  endfacet
  facet normal 0 0 1
    outer loop
      vertex 86.2 153.4 1.4
      vertex 92.2 152.4 1.4
      vertex 92.2 153.4 1.4
    endloop
  endfacet
  facet normal 0 1 0
    outer loop
      vertex 86.2 163.6 1.4
      vertex 92.2 163.6 0.6
      vertex 86.2 163.6 0.6
    endloop
  endfacet
  facet normal 0 -1 0
    outer loop
      vertex 92.2 162.6 1.4
      vertex 86.2 162.6 0.6
      vertex 92.2 162.6 0.6
    endloop
  endfacet
  facet normal 0 -1 0
    outer loop
      vertex 86.2 162.6 1.4
      vertex 86.2 162.6 0.6
      vertex 92.2 162.6 1.4
    endloop
  endfacet
  facet normal 0 1 0
    outer loop
      vertex 86.2 163.6 1.4
      vertex 92.2 163.6 1.4
      vertex 92.2 163.6 0.6
    endloop
  endfacet
  facet normal 0 0 1
    outer loop
      vertex 86.2 162.6 1.4
      vertex 92.2 162.6 1.4
      vertex 86.2 163.6 1.4
    endloop
  endfacet
  facet normal 0 0 1
    outer loop
      vertex 86.2 163.6 1.4
      vertex 92.2 162.6 1.4
      vertex 92.2 163.6 1.4
    endloop
  endfacet
  facet normal -1 0 0
    outer loop
      vertex 92.2 162.6 1.4
      vertex 92.2 163.6 2.74
      vertex 92.2 163.6 1.4
    endloop
  endfacet
  facet normal -1 0 0
    outer loop
      vertex 92.2 162.6 1.4
      vertex 92.2 162.6 2.74
      vertex 92.2 163.6 2.74
    endloop
  endfacet
  facet normal 0 1 0
    outer loop
      vertex 92.2 163.6 1.4
      vertex 209 163.6 0.6
      vertex 92.2 163.6 0.6
    endloop
  endfacet
  facet normal 0 -1 0
    outer loop
      vertex 92.2 162.6 1.4
      vertex 92.2 162.6 0.6
      vertex 209 162.6 2.74
    endloop
  endfacet
  facet normal 0 -1 0
    outer loop
      vertex 209 162.6 2.74
      vertex 92.2 162.6 0.6
      vertex 209 162.6 0.6
    endloop
  endfacet
  facet normal 0 1 0
    outer loop
      vertex 92.2 163.6 1.4
      vertex 209 163.6 2.74
      vertex 209 163.6 0.6
    endloop
  endfacet
  facet normal 0 -1 0
    outer loop
      vertex 92.2 162.6 1.4
      vertex 209 162.6 2.74
      vertex 92.2 162.6 2.74
    endloop
  endfacet
  facet normal 0 1 0
    outer loop
      vertex 92.2 163.6 1.4
      vertex 92.2 163.6 2.74
      vertex 209 163.6 2.74
    endloop
  endfacet
  facet normal -1 0 0
    outer loop
      vertex 92.2 161.6 2.74
      vertex 92.2 163.6 3.5500000000000003
      vertex 92.2 162.6 2.74
    endloop
  endfacet
  facet normal -1 0 0
    outer loop
      vertex 92.2 162.6 2.74
      vertex 92.2 163.6 3.5500000000000003
      vertex 92.2 163.6 2.74
    endloop
  endfacet
  facet normal -1 0 0
    outer loop
      vertex 92.2 161.6 2.74
      vertex 92.2 161.6 3.5500000000000003
      vertex 92.2 163.6 3.5500000000000003
    endloop
  endfacet
  facet normal 0 0 -1
    outer loop
      vertex 92.2 161.6 2.74
      vertex 92.2 162.6 2.74
      vertex 209 161.6 2.74
    endloop
  endfacet
  facet normal 0 1 0
    outer loop
      vertex 92.2 163.6 2.74
      vertex 92.2 163.6 3.5500000000000003
      vertex 209 163.6 2.74
    endloop
  endfacet
  facet normal 0 -1 0
    outer loop
      vertex 92.2 161.6 2.74
      vertex 209 161.6 3.5500000000000003
      vertex 92.2 161.6 3.5500000000000003
    endloop
  endfacet
  facet normal 0 0 1
    outer loop
      vertex 92.2 161.6 3.5500000000000003
      vertex 209 161.6 3.5500000000000003
      vertex 92.2 163.6 3.5500000000000003
    endloop
  endfacet
  facet normal 0 0 -1
    outer loop
      vertex 92.2 162.6 2.74
      vertex 209 162.6 2.74
      vertex 209 161.6 2.74
    endloop
  endfacet
  facet normal 0 -1 0
    outer loop
      vertex 92.2 161.6 2.74
      vertex 209 161.6 2.74
      vertex 209 161.6 3.5500000000000003
    endloop
  endfacet
  facet normal 0 1 0
    outer loop
      vertex 92.2 163.6 3.5500000000000003
      vertex 209 163.6 3.55
      vertex 209 163.6 2.74
    endloop
  endfacet
  facet normal 3.802133645976563e-18 2.220446049250313e-16 1
    outer loop
      vertex 92.2 163.6 3.5500000000000003
      vertex 209 161.6 3.5500000000000003
      vertex 209 163.6 3.55
    endloop
  endfacet
  facet normal -1 0 0
    outer loop
      vertex 92.2 152.4 1.4
      vertex 92.2 153.4 2.74
      vertex 92.2 153.4 1.4
    endloop
  endfacet
  facet normal -1 0 0
    outer loop
      vertex 92.2 152.4 1.4
      vertex 92.2 152.4 2.74
      vertex 92.2 153.4 2.74
    endloop
  endfacet
  facet normal 0 1 0
    outer loop
      vertex 92.2 153.4 1.4
      vertex 209 153.4 0.6
      vertex 92.2 153.4 0.6
    endloop
  endfacet
  facet normal 0 -1 0
    outer loop
      vertex 92.2 152.4 1.4
      vertex 92.2 152.4 0.6
      vertex 209 152.4 2.74
    endloop
  endfacet
  facet normal 0 -1 0
    outer loop
      vertex 209 152.4 2.74
      vertex 92.2 152.4 0.6
      vertex 209 152.4 0.6
    endloop
  endfacet
  facet normal 0 1 0
    outer loop
      vertex 92.2 153.4 1.4
      vertex 209 153.4 2.74
      vertex 209 153.4 0.6
    endloop
  endfacet
  facet normal 0 -1 0
    outer loop
      vertex 92.2 152.4 1.4
      vertex 209 152.4 2.74
      vertex 92.2 152.4 2.74
    endloop
  endfacet
  facet normal 0 1 0
    outer loop
      vertex 92.2 153.4 1.4
      vertex 92.2 153.4 2.74
      vertex 209 153.4 2.74
    endloop
  endfacet
  facet normal -1 0 0
    outer loop
      vertex 92.2 152.4 2.74
      vertex 92.2 154.4 3.5500000000000003
      vertex 92.2 153.4 2.74
    endloop
  endfacet
  facet normal -1 0 0
    outer loop
      vertex 92.2 153.4 2.74
      vertex 92.2 154.4 3.5500000000000003
      vertex 92.2 154.4 2.74
    endloop
  endfacet
  facet normal -1 0 0
    outer loop
      vertex 92.2 152.4 2.74
      vertex 92.2 152.4 3.5500000000000003
      vertex 92.2 154.4 3.5500000000000003
    endloop
  endfacet
  facet normal 0 0 -1
    outer loop
      vertex 92.2 153.4 2.74
      vertex 92.2 154.4 2.74
      vertex 209 153.4 2.74
    endloop
  endfacet
  facet normal 0 1 0
    outer loop
      vertex 92.2 154.4 2.74
      vertex 92.2 154.4 3.5500000000000003
      vertex 209 154.4 2.74
    endloop
  endfacet
  facet normal 0 -1 0
    outer loop
      vertex 92.2 152.4 2.74
      vertex 209 152.4 3.5500000000000003
      vertex 92.2 152.4 3.5500000000000003
    endloop
  endfacet
  facet normal 0 0 1
    outer loop
      vertex 92.2 152.4 3.5500000000000003
      vertex 209 152.4 3.5500000000000003
      vertex 92.2 154.4 3.5500000000000003
    endloop
  endfacet
  facet normal 0 0 -1
    outer loop
      vertex 92.2 154.4 2.74
      vertex 209 154.4 2.74
      vertex 209 153.4 2.74
    endloop
  endfacet
  facet normal 0 -1 0
    outer loop
      vertex 92.2 152.4 2.74
      vertex 209 152.4 2.74
      vertex 209 152.4 3.5500000000000003
    endloop
  endfacet
  facet normal 0 1 0
    outer loop
      vertex 92.2 154.4 3.5500000000000003
      vertex 209 154.4 3.55
      vertex 209 154.4 2.74
    endloop
  endfacet
  facet normal 3.802133645976563e-18 2.220446049250313e-16 1
    outer loop
      vertex 92.2 154.4 3.5500000000000003
      vertex 209 152.4 3.5500000000000003
      vertex 209 154.4 3.55
    endloop
  endfacet
  facet normal 0 -1 0
    outer loop
      vertex 86.2 152.4 1.4
      vertex 85 152.4 0.6
      vertex 86.2 152.4 0.6
    endloop
  endfacet
  facet normal 1 0 0
    outer loop
      vertex 86.2 162.6 1.4
      vertex 86.2 153.4 0.6
      vertex 86.2 162.6 0.6
    endloop
  endfacet
  facet normal 1 0 0
    outer loop
      vertex 86.2 153.4 1.4
      vertex 86.2 153.4 0.6
      vertex 86.2 162.6 1.4
    endloop
  endfacet
  facet normal -1 0 0
    outer loop
      vertex 85 152.4 2.4
      vertex 85 163.6 0.6
      vertex 85 152.4 0.6
    endloop
  endfacet
  facet normal 0 -1 0
    outer loop
      vertex 86.2 152.4 1.4
      vertex 86.2 152.4 2.4
      vertex 85 152.4 0.6
    endloop
  endfacet
  facet normal 1 0 0
    outer loop
      vertex 86.2 152.4 1.4
      vertex 86.2 153.4 1.4
      vertex 86.2 152.4 2.4
    endloop
  endfacet
  facet normal 1 0 0
    outer loop
      vertex 86.2 153.4 1.4
      vertex 86.2 162.6 1.4
      vertex 86.2 152.4 2.4
    endloop
  endfacet
  facet normal 0 1 0
    outer loop
      vertex 85 163.6 2.4
      vertex 86.2 163.6 0.6
      vertex 85 163.6 0.6
    endloop
  endfacet
  facet normal 0 1 0
    outer loop
      vertex 86.2 163.6 1.4
      vertex 86.2 163.6 0.6
      vertex 85 163.6 2.4
    endloop
  endfacet
  facet normal 1 0 0
    outer loop
      vertex 86.2 162.6 1.4
      vertex 86.2 163.6 1.4
      vertex 86.2 163.6 2.4
    endloop
  endfacet
  facet normal 0 -1 0
    outer loop
      vertex 85 152.4 2.4
      vertex 85 152.4 0.6
      vertex 86.2 152.4 2.4
    endloop
  endfacet
  facet normal 0 0 1
    outer loop
      vertex 85 152.4 2.4
      vertex 86.2 152.4 2.4
      vertex 85 163.6 2.4
    endloop
  endfacet
  facet normal -1 0 0
    outer loop
      vertex 85 152.4 2.4
      vertex 85 163.6 2.4
      vertex 85 163.6 0.6
    endloop
  endfacet
  facet normal 1 0 0
    outer loop
      vertex 86.2 162.6 1.4
      vertex 86.2 163.6 2.4
      vertex 86.2 152.4 2.4
    endloop
  endfacet
  facet normal 0 1 0
    outer loop
      vertex 86.2 163.6 1.4
      vertex 85 163.6 2.4
      vertex 86.2 163.6 2.4
    endloop
  endfacet
  facet normal 0 0 1
    outer loop
      vertex 86.2 152.4 2.4
      vertex 86.2 163.6 2.4
      vertex 85 163.6 2.4
    endloop
  endfacet
  facet normal -1 0 0
    outer loop
      vertex 209 161.6 2.74
      vertex 209 162.6 0.6
      vertex 209 153.4 0.6
    endloop
  endfacet
  facet normal 0 -1 0
    outer loop
      vertex 211 152.4 3.55
      vertex 209 152.4 0.6
      vertex 211 152.4 0.6
    endloop
  endfacet
  facet normal 0 1 0
    outer loop
      vertex 209 163.6 2.74
      vertex 211 163.6 0.6
      vertex 209 163.6 0.6
    endloop
  endfacet
  facet normal 1 0 0
    outer loop
      vertex 211 163.6 3.55
      vertex 211 152.4 0.6
      vertex 211 163.6 0.6
    endloop
  endfacet
  facet normal -1 0 0
    outer loop
      vertex 209 153.4 2.74
      vertex 209 154.4 2.74
      vertex 209 153.4 0.6
    endloop
  endfacet
  facet normal 0 -1 0
    outer loop
      vertex 209 152.4 2.74
      vertex 209 152.4 0.6
      vertex 211 152.4 3.55
    endloop
  endfacet
  facet normal -1 0 0
    outer loop
      vertex 209 154.4 2.74
      vertex 209 161.6 3.5500000000000003
      vertex 209 153.4 0.6
    endloop
  endfacet
  facet normal -1 0 0
    outer loop
      vertex 209 161.6 2.74
      vertex 209 153.4 0.6
      vertex 209 161.6 3.5500000000000003
    endloop
  endfacet
  facet normal 1 0 0
    outer loop
      vertex 211 152.4 3.55
      vertex 211 152.4 0.6
      vertex 211 163.6 3.55
    endloop
  endfacet
  facet normal -1 0 0
    outer loop
      vertex 209 161.6 2.74
      vertex 209 162.6 2.74
      vertex 209 162.6 0.6
    endloop
  endfacet
  facet normal 0 1 0
    outer loop
      vertex 209 163.6 2.74
      vertex 209 163.6 3.55
      vertex 211 163.6 0.6
    endloop
  endfacet
  facet normal 0 1 0
    outer loop
      vertex 209 163.6 3.55
      vertex 211 163.6 3.55
      vertex 211 163.6 0.6
    endloop
  endfacet
  facet normal 0 -1 0
    outer loop
      vertex 209 152.4 2.74
      vertex 211 152.4 3.55
      vertex 209 152.4 3.5500000000000003
    endloop
  endfacet
  facet normal -1 0 0
    outer loop
      vertex 209 154.4 2.74
      vertex 209 154.4 3.55
      vertex 209 161.6 3.5500000000000003
    endloop
  endfacet
  facet normal 2.220446049250313e-16 2.220446049250313e-16 1
    outer loop
      vertex 209 152.4 3.5500000000000003
      vertex 211 152.4 3.55
      vertex 209 154.4 3.55
    endloop
  endfacet
  facet normal -6.167905692361991e-17 -6.167905692361991e-17 1
    outer loop
      vertex 209 154.4 3.55
      vertex 211 152.4 3.55
      vertex 209 161.6 3.5500000000000003
    endloop
  endfacet
  facet normal 1.243449787580174e-15 2.220446049250313e-16 1
    outer loop
      vertex 211 152.4 3.55
      vertex 209 163.6 3.55
      vertex 209 161.6 3.5500000000000003
    endloop
  endfacet
  facet normal 0 0 1
    outer loop
      vertex 211 152.4 3.55
      vertex 211 163.6 3.55
      vertex 209 163.6 3.55
    endloop
  endfacet
  facet normal -1 0 0
    outer loop
      vertex 58 169.55 1.2999999999999998
      vertex 58 168 0.59
      vertex 58 168 0.6
    endloop
  endfacet
  facet normal -1 0 0
    outer loop
      vertex 58 169.55 0.59
      vertex 58 168 0.59
      vertex 58 169.55 1.2999999999999998
    endloop
  endfacet
  facet normal 0 0 -1
    outer loop
      vertex 58 169.55 0.59
      vertex 83.2 169.55 0.59
      vertex 58 168 0.59
    endloop
  endfacet
  facet normal 0 0 -1
    outer loop
      vertex 84 168 0.59
      vertex 58 168 0.59
      vertex 84 169.55 0.59
    endloop
  endfacet
  facet normal 0 0 -1
    outer loop
      vertex 83.2 169.55 0.59
      vertex 84 169.55 0.59
      vertex 58 168 0.59
    endloop
  endfacet
  facet normal 0 1 0
    outer loop
      vertex 58 169.55 0.59
      vertex 83.2 169.55 1.2999999999999998
      vertex 83.2 169.55 0.59
    endloop
  endfacet
  facet normal 0 -1 0
    outer loop
      vertex 84 168 1.2999999999999998
      vertex 58 168 0.6
      vertex 84 168 0.6
    endloop
  endfacet
  facet normal 1 0 0
    outer loop
      vertex 84 169.55 1.189949999999999
      vertex 84 168 0.6
      vertex 84 169.55 0.6
    endloop
  endfacet
  facet normal -1 0 0
    outer loop
      vertex 58 168 1.2999999999999998
      vertex 58 169.55 1.2999999999999998
      vertex 58 168 0.6
    endloop
  endfacet
  facet normal 0 -1 0
    outer loop
      vertex 58 168 1.2999999999999998
      vertex 58 168 0.6
      vertex 84 168 1.2999999999999998
    endloop
  endfacet
  facet normal 0 1 0
    outer loop
      vertex 58 169.55 0.59
      vertex 58 169.55 1.2999999999999998
      vertex 83.2 169.55 1.2999999999999998
    endloop
  endfacet
  facet normal 0 0 1
    outer loop
      vertex 58 168 1.2999999999999998
      vertex 84 168 1.2999999999999998
      vertex 58 169.55 1.2999999999999998
    endloop
  endfacet
  facet normal 1 0 0
    outer loop
      vertex 84 168 1.2999999999999998
      vertex 84 168 0.6
      vertex 84 169.55 1.189949999999999
    endloop
  endfacet
  facet normal 0 0 1
    outer loop
      vertex 58 169.55 1.2999999999999998
      vertex 84 168 1.2999999999999998
      vertex 83.2 169.55 1.2999999999999998
    endloop
  endfacet
  facet normal 0 0 1
    outer loop
      vertex 84 168 1.2999999999999998
      vertex 83.876 169.55 1.2999999999999998
      vertex 83.2 169.55 1.2999999999999998
    endloop
  endfacet
  facet normal -1 0 0
    outer loop
      vertex 58 176.45 0.59
      vertex 58 178 0.6
      vertex 58 178 0.59
    endloop
  endfacet
  facet normal -1 0 0
    outer loop
      vertex 58 176.45 0.59
      vertex 58 178 1.2999999999999998
      vertex 58 178 0.6
    endloop
  endfacet
  facet normal 0 0 -1
    outer loop
      vertex 58 176.45 0.59
      vertex 58 178 0.59
      vertex 84 178 0.59
    endloop
  endfacet
  facet normal 0 -1 0
    outer loop
      vertex 58 176.45 0.59
      vertex 83.2 176.45 0.59
      vertex 58 176.45 1.2999999999999998
    endloop
  endfacet
  facet normal 0 1 0
    outer loop
      vertex 58 178 1.2999999999999998
      vertex 84 178 0.6
      vertex 58 178 0.6
    endloop
  endfacet
  facet normal 0 0 -1
    outer loop
      vertex 58 176.45 0.59
      vertex 84 178 0.59
      vertex 83.2 176.45 0.59
    endloop
  endfacet
  facet normal 0 0 -1
    outer loop
      vertex 83.2 176.45 0.59
      vertex 84 178 0.59
      vertex 84 176.45 0.59
    endloop
  endfacet
  facet normal 1 0 0
    outer loop
      vertex 84 176.45 0.7000500000000007
      vertex 84 176.45 0.6
      vertex 84 177.85915492957747 0.6
    endloop
  endfacet
  facet normal -1 0 0
    outer loop
      vertex 58 176.45 0.59
      vertex 58 176.45 1.2999999999999998
      vertex 58 178 1.2999999999999998
    endloop
  endfacet
  facet normal 0 0 1
    outer loop
      vertex 58 176.45 1.2999999999999998
      vertex 83.2 176.4976923076923 1.2999999999999998
      vertex 58 178 1.2999999999999998
    endloop
  endfacet
  facet normal 0 -1 0
    outer loop
      vertex 58 176.45 1.2999999999999998
      vertex 83.2 176.45 0.59
      vertex 83.2 176.45 1.2999999999999998
    endloop
  endfacet
  facet normal 0 1 0
    outer loop
      vertex 58 178 1.2999999999999998
      vertex 84 178 1.2999999999999998
      vertex 84 178 0.6
    endloop
  endfacet
  facet normal 0 0 1
    outer loop
      vertex 58 176.45 1.2999999999999998
      vertex 83.2 176.45 1.2999999999999998
      vertex 83.2 176.4976923076923 1.2999999999999998
    endloop
  endfacet
  facet normal 0 0 1
    outer loop
      vertex 58 178 1.2999999999999998
      vertex 83.2 176.4976923076923 1.2999999999999998
      vertex 84 178 1.2999999999999998
    endloop
  endfacet
  facet normal 0 0 1
    outer loop
      vertex 83.2 176.4976923076923 1.2999999999999998
      vertex 83.32076055031689 176.49049312103878 1.2999999999999998
      vertex 84 178 1.2999999999999998
    endloop
  endfacet
  facet normal 0 0 -1
    outer loop
      vertex 83.2 169.55 0.59
      vertex 84 176.45 0.59
      vertex 84 169.55 0.59
    endloop
  endfacet
  facet normal 0 0 -1
    outer loop
      vertex 83.2 169.55 0.59
      vertex 83.2 176.45 0.59
      vertex 84 176.45 0.59
    endloop
  endfacet
  facet normal 1 0 0
    outer loop
      vertex 84 176.45 0.7000500000000007
      vertex 84 169.55 0.6
      vertex 84 176.45 0.6
    endloop
  endfacet
  facet normal -1 0 0
    outer loop
      vertex 83.2 169.55 0.59
      vertex 83.2 169.55 1.2999999999999998
      vertex 83.2 176.45 0.59
    endloop
  endfacet
  facet normal 1 0 0
    outer loop
      vertex 84 176.45 0.7000500000000007
      vertex 84 169.55 1.189949999999999
      vertex 84 169.55 0.6
    endloop
  endfacet
  facet normal 1 0 0
    outer loop
      vertex 84 178 1.2999999999999998
      vertex 84 177.85915492957747 0.6
      vertex 84 178 0.6
    endloop
  endfacet
  facet normal 1 0 0
    outer loop
      vertex 84 176.45 0.7000500000000007
      vertex 84 177.85915492957747 0.6
      vertex 84 178 1.2999999999999998
    endloop
  endfacet
  facet normal -1 0 0
    outer loop
      vertex 83.2 176.45 0.59
      vertex 83.2 169.55 1.2999999999999998
      vertex 83.2 176.45 1.2999999999999998
    endloop
  endfacet
  facet normal 1 0 0
    outer loop
      vertex 84 176.45 0.7000500000000007
      vertex 84 178 1.2999999999999998
      vertex 84 169.55 1.189949999999999
    endloop
  endfacet
  facet normal 1 0 0
    outer loop
      vertex 84 168 1.2999999999999998
      vertex 84 169.55 1.189949999999999
      vertex 84 178 1.2999999999999998
    endloop
  endfacet
  facet normal 0 0 1
    outer loop
      vertex 83.2 169.55 1.2999999999999998
      vertex 83.876 169.55 1.2999999999999998
      vertex 83.2 176.45 1.2999999999999998
    endloop
  endfacet
  facet normal 0 0 1
    outer loop
      vertex 84 168 1.2999999999999998
      vertex 84 178 1.2999999999999998
      vertex 83.876 169.55 1.2999999999999998
    endloop
  endfacet
  facet normal 0 0 1
    outer loop
      vertex 83.876 169.55 1.2999999999999998
      vertex 83.32076055031689 176.49049312103878 1.2999999999999998
      vertex 83.2 176.45 1.2999999999999998
    endloop
  endfacet
  facet normal 0 0 1
    outer loop
      vertex 83.876 169.55 1.2999999999999998
      vertex 84 178 1.2999999999999998
      vertex 83.32076055031689 176.49049312103878 1.2999999999999998
    endloop
  endfacet
  facet normal 0 0 1
    outer loop
      vertex 83.2 176.45 1.2999999999999998
      vertex 83.32076055031689 176.49049312103878 1.2999999999999998
      vertex 83.2 176.4976923076923 1.2999999999999998
    endloop
  endfacet
  facet normal 0 1 0
    outer loop
      vertex 86.2 168.4 1.4
      vertex 92.2 168.4 0.6
      vertex 86.2 168.4 0.6
    endloop
  endfacet
  facet normal 0 -1 0
    outer loop
      vertex 92.2 167.4 1.4
      vertex 86.2 167.4 0.6
      vertex 92.2 167.4 0.6
    endloop
  endfacet
  facet normal 0 -1 0
    outer loop
      vertex 86.2 167.4 1.4
      vertex 86.2 167.4 0.6
      vertex 92.2 167.4 1.4
    endloop
  endfacet
  facet normal 0 1 0
    outer loop
      vertex 86.2 168.4 1.4
      vertex 92.2 168.4 1.4
      vertex 92.2 168.4 0.6
    endloop
  endfacet
  facet normal 0 0 1
    outer loop
      vertex 86.2 167.4 1.4
      vertex 92.2 167.4 1.4
      vertex 86.2 168.4 1.4
    endloop
  endfacet
  facet normal 0 0 1
    outer loop
      vertex 86.2 168.4 1.4
      vertex 92.2 167.4 1.4
      vertex 92.2 168.4 1.4
    endloop
  endfacet
  facet normal 0 1 0
    outer loop
      vertex 86.2 178.6 1.4
      vertex 92.2 178.6 0.6
      vertex 86.2 178.6 0.6
    endloop
  endfacet
  facet normal 0 -1 0
    outer loop
      vertex 92.2 177.6 1.4
      vertex 86.2 177.6 0.6
      vertex 92.2 177.6 0.6
    endloop
  endfacet
  facet normal 0 -1 0
    outer loop
      vertex 86.2 177.6 1.4
      vertex 86.2 177.6 0.6
      vertex 92.2 177.6 1.4
    endloop
  endfacet
  facet normal 0 1 0
    outer loop
      vertex 86.2 178.6 1.4
      vertex 92.2 178.6 1.4
      vertex 92.2 178.6 0.6
    endloop
  endfacet
  facet normal 0 0 1
    outer loop
      vertex 86.2 177.6 1.4
      vertex 92.2 177.6 1.4
      vertex 86.2 178.6 1.4
    endloop
  endfacet
  facet normal 0 0 1
    outer loop
      vertex 86.2 178.6 1.4
      vertex 92.2 177.6 1.4
      vertex 92.2 178.6 1.4
    endloop
  endfacet
  facet normal -1 0 0
    outer loop
      vertex 92.2 177.6 1.4
      vertex 92.2 178.6 2.74
      vertex 92.2 178.6 1.4
    endloop
  endfacet
  facet normal -1 0 0
    outer loop
      vertex 92.2 177.6 1.4
      vertex 92.2 177.6 2.74
      vertex 92.2 178.6 2.74
    endloop
  endfacet
  facet normal 0 1 0
    outer loop
      vertex 92.2 178.6 1.4
      vertex 209 178.6 0.6
      vertex 92.2 178.6 0.6
    endloop
  endfacet
  facet normal 0 -1 0
    outer loop
      vertex 92.2 177.6 1.4
      vertex 92.2 177.6 0.6
      vertex 209 177.6 2.74
    endloop
  endfacet
  facet normal 0 -1 0
    outer loop
      vertex 209 177.6 2.74
      vertex 92.2 177.6 0.6
      vertex 209 177.6 0.6
    endloop
  endfacet
  facet normal 0 1 0
    outer loop
      vertex 92.2 178.6 1.4
      vertex 209 178.6 2.74
      vertex 209 178.6 0.6
    endloop
  endfacet
  facet normal 0 -1 0
    outer loop
      vertex 92.2 177.6 1.4
      vertex 209 177.6 2.74
      vertex 92.2 177.6 2.74
    endloop
  endfacet
  facet normal 0 1 0
    outer loop
      vertex 92.2 178.6 1.4
      vertex 92.2 178.6 2.74
      vertex 209 178.6 2.74
    endloop
  endfacet
  facet normal -1 0 0
    outer loop
      vertex 92.2 176.6 2.74
      vertex 92.2 178.6 3.5500000000000003
      vertex 92.2 177.6 2.74
    endloop
  endfacet
  facet normal -1 0 0
    outer loop
      vertex 92.2 177.6 2.74
      vertex 92.2 178.6 3.5500000000000003
      vertex 92.2 178.6 2.74
    endloop
  endfacet
  facet normal -1 0 0
    outer loop
      vertex 92.2 176.6 2.74
      vertex 92.2 176.6 3.5500000000000003
      vertex 92.2 178.6 3.5500000000000003
    endloop
  endfacet
  facet normal 0 0 -1
    outer loop
      vertex 92.2 176.6 2.74
      vertex 92.2 177.6 2.74
      vertex 209 176.6 2.74
    endloop
  endfacet
  facet normal 0 1 0
    outer loop
      vertex 92.2 178.6 2.74
      vertex 92.2 178.6 3.5500000000000003
      vertex 209 178.6 2.74
    endloop
  endfacet
  facet normal 0 -1 0
    outer loop
      vertex 92.2 176.6 2.74
      vertex 209 176.6 3.5500000000000003
      vertex 92.2 176.6 3.5500000000000003
    endloop
  endfacet
  facet normal 0 0 1
    outer loop
      vertex 92.2 176.6 3.5500000000000003
      vertex 209 176.6 3.5500000000000003
      vertex 92.2 178.6 3.5500000000000003
    endloop
  endfacet
  facet normal 0 0 -1
    outer loop
      vertex 92.2 177.6 2.74
      vertex 209 177.6 2.74
      vertex 209 176.6 2.74
    endloop
  endfacet
  facet normal 0 -1 0
    outer loop
      vertex 92.2 176.6 2.74
      vertex 209 176.6 2.74
      vertex 209 176.6 3.5500000000000003
    endloop
  endfacet
  facet normal 0 1 0
    outer loop
      vertex 92.2 178.6 3.5500000000000003
      vertex 209 178.6 3.55
      vertex 209 178.6 2.74
    endloop
  endfacet
  facet normal 3.802133645976563e-18 2.220446049250313e-16 1
    outer loop
      vertex 92.2 178.6 3.5500000000000003
      vertex 209 176.6 3.5500000000000003
      vertex 209 178.6 3.55
    endloop
  endfacet
  facet normal -1 0 0
    outer loop
      vertex 92.2 167.4 1.4
      vertex 92.2 168.4 2.74
      vertex 92.2 168.4 1.4
    endloop
  endfacet
  facet normal -1 0 0
    outer loop
      vertex 92.2 167.4 1.4
      vertex 92.2 167.4 2.74
      vertex 92.2 168.4 2.74
    endloop
  endfacet
  facet normal 0 1 0
    outer loop
      vertex 92.2 168.4 1.4
      vertex 209 168.4 0.6
      vertex 92.2 168.4 0.6
    endloop
  endfacet
  facet normal 0 -1 0
    outer loop
      vertex 92.2 167.4 1.4
      vertex 92.2 167.4 0.6
      vertex 209 167.4 2.74
    endloop
  endfacet
  facet normal 0 -1 0
    outer loop
      vertex 209 167.4 2.74
      vertex 92.2 167.4 0.6
      vertex 209 167.4 0.6
    endloop
  endfacet
  facet normal 0 1 0
    outer loop
      vertex 92.2 168.4 1.4
      vertex 209 168.4 2.74
      vertex 209 168.4 0.6
    endloop
  endfacet
  facet normal 0 -1 0
    outer loop
      vertex 92.2 167.4 1.4
      vertex 209 167.4 2.74
      vertex 92.2 167.4 2.74
    endloop
  endfacet
  facet normal 0 1 0
    outer loop
      vertex 92.2 168.4 1.4
      vertex 92.2 168.4 2.74
      vertex 209 168.4 2.74
    endloop
  endfacet
  facet normal -1 0 0
    outer loop
      vertex 92.2 167.4 2.74
      vertex 92.2 169.4 3.5500000000000003
      vertex 92.2 168.4 2.74
    endloop
  endfacet
  facet normal -1 0 0
    outer loop
      vertex 92.2 168.4 2.74
      vertex 92.2 169.4 3.5500000000000003
      vertex 92.2 169.4 2.74
    endloop
  endfacet
  facet normal -1 0 0
    outer loop
      vertex 92.2 167.4 2.74
      vertex 92.2 167.4 3.5500000000000003
      vertex 92.2 169.4 3.5500000000000003
    endloop
  endfacet
  facet normal 0 0 -1
    outer loop
      vertex 92.2 168.4 2.74
      vertex 92.2 169.4 2.74
      vertex 209 168.4 2.74
    endloop
  endfacet
  facet normal 0 1 0
    outer loop
      vertex 92.2 169.4 2.74
      vertex 92.2 169.4 3.5500000000000003
      vertex 209 169.4 2.74
    endloop
  endfacet
  facet normal 0 -1 0
    outer loop
      vertex 92.2 167.4 2.74
      vertex 209 167.4 3.5500000000000003
      vertex 92.2 167.4 3.5500000000000003
    endloop
  endfacet
  facet normal 0 0 1
    outer loop
      vertex 92.2 167.4 3.5500000000000003
      vertex 209 167.4 3.5500000000000003
      vertex 92.2 169.4 3.5500000000000003
    endloop
  endfacet
  facet normal 0 0 -1
    outer loop
      vertex 92.2 169.4 2.74
      vertex 209 169.4 2.74
      vertex 209 168.4 2.74
    endloop
  endfacet
  facet normal 0 -1 0
    outer loop
      vertex 92.2 167.4 2.74
      vertex 209 167.4 2.74
      vertex 209 167.4 3.5500000000000003
    endloop
  endfacet
  facet normal 0 1 0
    outer loop
      vertex 92.2 169.4 3.5500000000000003
      vertex 209 169.4 3.55
      vertex 209 169.4 2.74
    endloop
  endfacet
  facet normal 3.802133645976563e-18 2.220446049250313e-16 1
    outer loop
      vertex 92.2 169.4 3.5500000000000003
      vertex 209 167.4 3.5500000000000003
      vertex 209 169.4 3.55
    endloop
  endfacet
  facet normal 0 -1 0
    outer loop
      vertex 86.2 167.4 1.4
      vertex 85 167.4 0.6
      vertex 86.2 167.4 0.6
    endloop
  endfacet
  facet normal 1 0 0
    outer loop
      vertex 86.2 177.6 1.4
      vertex 86.2 168.4 0.6
      vertex 86.2 177.6 0.6
    endloop
  endfacet
  facet normal 1 0 0
    outer loop
      vertex 86.2 168.4 1.4
      vertex 86.2 168.4 0.6
      vertex 86.2 177.6 1.4
    endloop
  endfacet
  facet normal -1 0 0
    outer loop
      vertex 85 167.4 2.4
      vertex 85 178.6 0.6
      vertex 85 167.4 0.6
    endloop
  endfacet
  facet normal 0 1 0
    outer loop
      vertex 85 178.6 2.4
      vertex 86.2 178.6 0.6
      vertex 85 178.6 0.6
    endloop
  endfacet
  facet normal 0 -1 0
    outer loop
      vertex 86.2 167.4 1.4
      vertex 86.2 167.4 2.4
      vertex 85 167.4 0.6
    endloop
  endfacet
  facet normal 1 0 0
    outer loop
      vertex 86.2 167.4 1.4
      vertex 86.2 168.4 1.4
      vertex 86.2 167.4 2.4
    endloop
  endfacet
  facet normal 1 0 0
    outer loop
      vertex 86.2 168.4 1.4
      vertex 86.2 177.6 1.4
      vertex 86.2 167.4 2.4
    endloop
  endfacet
  facet normal 0 1 0
    outer loop
      vertex 86.2 178.6 1.4
      vertex 86.2 178.6 0.6
      vertex 85 178.6 2.4
    endloop
  endfacet
  facet normal 1 0 0
    outer loop
      vertex 86.2 177.6 1.4
      vertex 86.2 178.6 1.4
      vertex 86.2 178.6 2.4
    endloop
  endfacet
  facet normal 0 -1 0
    outer loop
      vertex 85 167.4 2.4
      vertex 85 167.4 0.6
      vertex 86.2 167.4 2.4
    endloop
  endfacet
  facet normal 1 0 0
    outer loop
      vertex 86.2 177.6 1.4
      vertex 86.2 178.6 2.4
      vertex 86.2 167.4 2.4
    endloop
  endfacet
  facet normal -1 0 0
    outer loop
      vertex 85 167.4 2.4
      vertex 85 178.6 2.4
      vertex 85 178.6 0.6
    endloop
  endfacet
  facet normal 0 1 0
    outer loop
      vertex 86.2 178.6 1.4
      vertex 85 178.6 2.4
      vertex 86.2 178.6 2.4
    endloop
  endfacet
  facet normal 0 0 1
    outer loop
      vertex 85 167.4 2.4
      vertex 86.2 167.4 2.4
      vertex 85 178.6 2.4
    endloop
  endfacet
  facet normal 0 0 1
    outer loop
      vertex 86.2 167.4 2.4
      vertex 86.2 178.6 2.4
      vertex 85 178.6 2.4
    endloop
  endfacet
  facet normal -1 0 0
    outer loop
      vertex 209 176.6 2.74
      vertex 209 177.6 0.6
      vertex 209 168.4 0.6
    endloop
  endfacet
  facet normal 0 1 0
    outer loop
      vertex 209 178.6 2.74
      vertex 211 178.6 0.6
      vertex 209 178.6 0.6
    endloop
  endfacet
  facet normal 0 -1 0
    outer loop
      vertex 211 167.4 3.55
      vertex 209 167.4 0.6
      vertex 211 167.4 0.6
    endloop
  endfacet
  facet normal 1 0 0
    outer loop
      vertex 211 178.6 3.55
      vertex 211 167.4 0.6
      vertex 211 178.6 0.6
    endloop
  endfacet
  facet normal -1 0 0
    outer loop
      vertex 209 168.4 2.74
      vertex 209 169.4 2.74
      vertex 209 168.4 0.6
    endloop
  endfacet
  facet normal -1 0 0
    outer loop
      vertex 209 176.6 2.74
      vertex 209 177.6 2.74
      vertex 209 177.6 0.6
    endloop
  endfacet
  facet normal 0 -1 0
    outer loop
      vertex 209 167.4 2.74
      vertex 209 167.4 0.6
      vertex 211 167.4 3.55
    endloop
  endfacet
  facet normal -1 0 0
    outer loop
      vertex 209 169.4 2.74
      vertex 209 176.6 3.5500000000000003
      vertex 209 168.4 0.6
    endloop
  endfacet
  facet normal -1 0 0
    outer loop
      vertex 209 176.6 2.74
      vertex 209 168.4 0.6
      vertex 209 176.6 3.5500000000000003
    endloop
  endfacet
  facet normal 1 0 0
    outer loop
      vertex 211 167.4 3.55
      vertex 211 167.4 0.6
      vertex 211 178.6 3.55
    endloop
  endfacet
  facet normal 0 1 0
    outer loop
      vertex 209 178.6 2.74
      vertex 209 178.6 3.55
      vertex 211 178.6 0.6
    endloop
  endfacet
  facet normal 0 1 0
    outer loop
      vertex 209 178.6 3.55
      vertex 211 178.6 3.55
      vertex 211 178.6 0.6
    endloop
  endfacet
  facet normal 0 -1 0
    outer loop
      vertex 209 167.4 2.74
      vertex 211 167.4 3.55
      vertex 209 167.4 3.5500000000000003
    endloop
  endfacet
  facet normal -1 0 0
    outer loop
      vertex 209 169.4 2.74
      vertex 209 169.4 3.55
      vertex 209 176.6 3.5500000000000003
    endloop
  endfacet
  facet normal 2.220446049250313e-16 2.220446049250313e-16 1
    outer loop
      vertex 209 167.4 3.5500000000000003
      vertex 211 167.4 3.55
      vertex 209 169.4 3.55
    endloop
  endfacet
  facet normal -6.167905692361991e-17 -6.167905692361991e-17 1
    outer loop
      vertex 209 169.4 3.55
      vertex 211 167.4 3.55
      vertex 209 176.6 3.5500000000000003
    endloop
  endfacet
  facet normal 1.243449787580174e-15 2.220446049250313e-16 1
    outer loop
      vertex 211 167.4 3.55
      vertex 209 178.6 3.55
      vertex 209 176.6 3.5500000000000003
    endloop
  endfacet
  facet normal 0 0 1
    outer loop
      vertex 211 167.4 3.55
      vertex 211 178.6 3.55
      vertex 209 178.6 3.55
    endloop
  endfacet
  facet normal -1 0 0
    outer loop
      vertex 58 184.55 1.2999999999999998
      vertex 58 183 0.59
      vertex 58 183 0.6
    endloop
  endfacet
  facet normal -1 0 0
    outer loop
      vertex 58 184.55 0.59
      vertex 58 183 0.59
      vertex 58 184.55 1.2999999999999998
    endloop
  endfacet
  facet normal 0 0 -1
    outer loop
      vertex 58 184.55 0.59
      vertex 83.2 184.55 0.59
      vertex 58 183 0.59
    endloop
  endfacet
  facet normal 0 0 -1
    outer loop
      vertex 83.2 184.55 0.59
      vertex 84 184.55 0.59
      vertex 58 183 0.59
    endloop
  endfacet
  facet normal 0 0 -1
    outer loop
      vertex 84 183 0.59
      vertex 58 183 0.59
      vertex 84 184.55 0.59
    endloop
  endfacet
  facet normal 0 1 0
    outer loop
      vertex 58 184.55 0.59
      vertex 83.2 184.55 1.2999999999999998
      vertex 83.2 184.55 0.59
    endloop
  endfacet
  facet normal 0 -1 0
    outer loop
      vertex 84 183 1.2999999999999998
      vertex 58 183 0.6
      vertex 84 183 0.6
    endloop
  endfacet
  facet normal 1 0 0
    outer loop
      vertex 84 184.55 1.189949999999999
      vertex 84 183 0.6
      vertex 84 184.55 0.6
    endloop
  endfacet
  facet normal -1 0 0
    outer loop
      vertex 58 183 1.2999999999999998
      vertex 58 184.55 1.2999999999999998
      vertex 58 183 0.6
    endloop
  endfacet
  facet normal 0 -1 0
    outer loop
      vertex 58 183 1.2999999999999998
      vertex 58 183 0.6
      vertex 84 183 1.2999999999999998
    endloop
  endfacet
  facet normal 0 1 0
    outer loop
      vertex 58 184.55 0.59
      vertex 58 184.55 1.2999999999999998
      vertex 83.2 184.55 1.2999999999999998
    endloop
  endfacet
  facet normal 0 0 1
    outer loop
      vertex 58 183 1.2999999999999998
      vertex 84 183 1.2999999999999998
      vertex 58 184.55 1.2999999999999998
    endloop
  endfacet
  facet normal 1 0 0
    outer loop
      vertex 84 183 1.2999999999999998
      vertex 84 183 0.6
      vertex 84 184.55 1.189949999999999
    endloop
  endfacet
  facet normal 0 0 1
    outer loop
      vertex 84 183 1.2999999999999998
      vertex 83.2 184.55 1.2999999999999998
      vertex 58 184.55 1.2999999999999998
    endloop
  endfacet
  facet normal 0 0 1
    outer loop
      vertex 84 183 1.2999999999999998
      vertex 83.876 184.55 1.2999999999999998
      vertex 83.2 184.55 1.2999999999999998
    endloop
  endfacet
  facet normal -1 0 0
    outer loop
      vertex 58 191.45 0.59
      vertex 58 193 0.6
      vertex 58 193 0.59
    endloop
  endfacet
  facet normal -1 0 0
    outer loop
      vertex 58 191.45 0.59
      vertex 58 193 1.2999999999999998
      vertex 58 193 0.6
    endloop
  endfacet
  facet normal 0 0 -1
    outer loop
      vertex 58 191.45 0.59
      vertex 58 193 0.59
      vertex 84 193 0.59
    endloop
  endfacet
  facet normal 0 -1 0
    outer loop
      vertex 58 191.45 0.59
      vertex 83.2 191.45 0.59
      vertex 58 191.45 1.2999999999999998
    endloop
  endfacet
  facet normal 0 1 0
    outer loop
      vertex 58 193 1.2999999999999998
      vertex 84 193 0.6
      vertex 58 193 0.6
    endloop
  endfacet
  facet normal 0 0 -1
    outer loop
      vertex 58 191.45 0.59
      vertex 84 193 0.59
      vertex 83.2 191.45 0.59
    endloop
  endfacet
  facet normal 0 0 -1
    outer loop
      vertex 83.2 191.45 0.59
      vertex 84 193 0.59
      vertex 84 191.45 0.59
    endloop
  endfacet
  facet normal 1 0 0
    outer loop
      vertex 84 191.45 0.7000500000000007
      vertex 84 191.45 0.6
      vertex 84 192.85915492957747 0.6
    endloop
  endfacet
  facet normal -1 0 0
    outer loop
      vertex 58 191.45 0.59
      vertex 58 191.45 1.2999999999999998
      vertex 58 193 1.2999999999999998
    endloop
  endfacet
  facet normal 0 0 1
    outer loop
      vertex 58 191.45 1.2999999999999998
      vertex 83.2 191.4976923076923 1.2999999999999998
      vertex 58 193 1.2999999999999998
    endloop
  endfacet
  facet normal 0 -1 0
    outer loop
      vertex 58 191.45 1.2999999999999998
      vertex 83.2 191.45 0.59
      vertex 83.2 191.45 1.2999999999999998
    endloop
  endfacet
  facet normal 0 1 0
    outer loop
      vertex 58 193 1.2999999999999998
      vertex 84 193 1.2999999999999998
      vertex 84 193 0.6
    endloop
  endfacet
  facet normal 0 0 1
    outer loop
      vertex 58 191.45 1.2999999999999998
      vertex 83.2 191.45 1.2999999999999998
      vertex 83.2 191.4976923076923 1.2999999999999998
    endloop
  endfacet
  facet normal 0 0 1
    outer loop
      vertex 58 193 1.2999999999999998
      vertex 83.2 191.4976923076923 1.2999999999999998
      vertex 84 193 1.2999999999999998
    endloop
  endfacet
  facet normal 0 0 1
    outer loop
      vertex 83.2 191.4976923076923 1.2999999999999998
      vertex 83.32076055031689 191.49049312103878 1.2999999999999998
      vertex 84 193 1.2999999999999998
    endloop
  endfacet
  facet normal 0 0 -1
    outer loop
      vertex 83.2 184.55 0.59
      vertex 84 191.45 0.59
      vertex 84 184.55 0.59
    endloop
  endfacet
  facet normal 0 0 -1
    outer loop
      vertex 83.2 184.55 0.59
      vertex 83.2 191.45 0.59
      vertex 84 191.45 0.59
    endloop
  endfacet
  facet normal 1 0 0
    outer loop
      vertex 84 191.45 0.7000500000000007
      vertex 84 184.55 0.6
      vertex 84 191.45 0.6
    endloop
  endfacet
  facet normal -1 0 0
    outer loop
      vertex 83.2 184.55 0.59
      vertex 83.2 184.55 1.2999999999999998
      vertex 83.2 191.45 0.59
    endloop
  endfacet
  facet normal 1 0 0
    outer loop
      vertex 84 191.45 0.7000500000000007
      vertex 84 184.55 1.189949999999999
      vertex 84 184.55 0.6
    endloop
  endfacet
  facet normal -1 0 0
    outer loop
      vertex 83.2 191.45 0.59
      vertex 83.2 184.55 1.2999999999999998
      vertex 83.2 191.45 1.2999999999999998
    endloop
  endfacet
  facet normal 1 0 0
    outer loop
      vertex 84 191.45 0.7000500000000007
      vertex 84 193 1.2999999999999998
      vertex 84 184.55 1.189949999999999
    endloop
  endfacet
  facet normal 1 0 0
    outer loop
      vertex 84 183 1.2999999999999998
      vertex 84 184.55 1.189949999999999
      vertex 84 193 1.2999999999999998
    endloop
  endfacet
  facet normal 0 0 1
    outer loop
      vertex 83.2 184.55 1.2999999999999998
      vertex 83.876 184.55 1.2999999999999998
      vertex 83.2 191.45 1.2999999999999998
    endloop
  endfacet
  facet normal 0 0 1
    outer loop
      vertex 84 183 1.2999999999999998
      vertex 84 193 1.2999999999999998
      vertex 83.876 184.55 1.2999999999999998
    endloop
  endfacet
  facet normal 0 0 1
    outer loop
      vertex 83.876 184.55 1.2999999999999998
      vertex 83.32076055031689 191.49049312103878 1.2999999999999998
      vertex 83.2 191.45 1.2999999999999998
    endloop
  endfacet
  facet normal 0 0 1
    outer loop
      vertex 83.876 184.55 1.2999999999999998
      vertex 84 193 1.2999999999999998
      vertex 83.32076055031689 191.49049312103878 1.2999999999999998
    endloop
  endfacet
  facet normal 1 0 0
    outer loop
      vertex 84 191.45 0.7000500000000007
      vertex 84 192.85915492957747 0.6
      vertex 84 193 1.2999999999999998
    endloop
  endfacet
  facet normal 1 0 0
    outer loop
      vertex 84 193 1.2999999999999998
      vertex 84 192.85915492957747 0.6
      vertex 84 193 0.6
    endloop
  endfacet
  facet normal 0 0 1
    outer loop
      vertex 83.2 191.45 1.2999999999999998
      vertex 83.32076055031689 191.49049312103878 1.2999999999999998
      vertex 83.2 191.4976923076923 1.2999999999999998
    endloop
  endfacet
  facet normal 0 1 0
    outer loop
      vertex 86.2 183.4 1.4
      vertex 92.2 183.4 0.6
      vertex 86.2 183.4 0.6
    endloop
  endfacet
  facet normal 0 -1 0
    outer loop
      vertex 92.2 182.4 1.4
      vertex 86.2 182.4 0.6
      vertex 92.2 182.4 0.6
    endloop
  endfacet
  facet normal 0 -1 0
    outer loop
      vertex 86.2 182.4 1.4
      vertex 86.2 182.4 0.6
      vertex 92.2 182.4 1.4
    endloop
  endfacet
  facet normal 0 1 0
    outer loop
      vertex 86.2 183.4 1.4
      vertex 92.2 183.4 1.4
      vertex 92.2 183.4 0.6
    endloop
  endfacet
  facet normal 0 0 1
    outer loop
      vertex 86.2 182.4 1.4
      vertex 92.2 182.4 1.4
      vertex 86.2 183.4 1.4
    endloop
  endfacet
  facet normal 0 0 1
    outer loop
      vertex 92.2 182.4 1.4
      vertex 92.2 183.4 1.4
      vertex 86.2 183.4 1.4
    endloop
  endfacet
  facet normal 0 1 0
    outer loop
      vertex 86.2 193.6 1.4
      vertex 92.2 193.6 0.6
      vertex 86.2 193.6 0.6
    endloop
  endfacet
  facet normal 0 -1 0
    outer loop
      vertex 92.2 192.6 1.4
      vertex 86.2 192.6 0.6
      vertex 92.2 192.6 0.6
    endloop
  endfacet
  facet normal 0 -1 0
    outer loop
      vertex 86.2 192.6 1.4
      vertex 86.2 192.6 0.6
      vertex 92.2 192.6 1.4
    endloop
  endfacet
  facet normal 0 1 0
    outer loop
      vertex 86.2 193.6 1.4
      vertex 92.2 193.6 1.4
      vertex 92.2 193.6 0.6
    endloop
  endfacet
  facet normal 0 0 1
    outer loop
      vertex 86.2 192.6 1.4
      vertex 92.2 192.6 1.4
      vertex 86.2 193.6 1.4
    endloop
  endfacet
  facet normal 0 0 1
    outer loop
      vertex 86.2 193.6 1.4
      vertex 92.2 192.6 1.4
      vertex 92.2 193.6 1.4
    endloop
  endfacet
  facet normal -1 0 0
    outer loop
      vertex 92.2 192.6 1.4
      vertex 92.2 193.6 2.74
      vertex 92.2 193.6 1.4
    endloop
  endfacet
  facet normal -1 0 0
    outer loop
      vertex 92.2 192.6 1.4
      vertex 92.2 192.6 2.74
      vertex 92.2 193.6 2.74
    endloop
  endfacet
  facet normal 0 1 0
    outer loop
      vertex 92.2 193.6 1.4
      vertex 209 193.6 0.6
      vertex 92.2 193.6 0.6
    endloop
  endfacet
  facet normal 0 -1 0
    outer loop
      vertex 92.2 192.6 1.4
      vertex 92.2 192.6 0.6
      vertex 209 192.6 2.74
    endloop
  endfacet
  facet normal 0 -1 0
    outer loop
      vertex 209 192.6 2.74
      vertex 92.2 192.6 0.6
      vertex 209 192.6 0.6
    endloop
  endfacet
  facet normal 0 1 0
    outer loop
      vertex 92.2 193.6 1.4
      vertex 209 193.6 2.74
      vertex 209 193.6 0.6
    endloop
  endfacet
  facet normal 0 -1 0
    outer loop
      vertex 92.2 192.6 1.4
      vertex 209 192.6 2.74
      vertex 92.2 192.6 2.74
    endloop
  endfacet
  facet normal 0 1 0
    outer loop
      vertex 92.2 193.6 1.4
      vertex 92.2 193.6 2.74
      vertex 209 193.6 2.74
    endloop
  endfacet
  facet normal -1 0 0
    outer loop
      vertex 92.2 191.6 2.74
      vertex 92.2 193.6 3.5500000000000003
      vertex 92.2 192.6 2.74
    endloop
  endfacet
  facet normal -1 0 0
    outer loop
      vertex 92.2 192.6 2.74
      vertex 92.2 193.6 3.5500000000000003
      vertex 92.2 193.6 2.74
    endloop
  endfacet
  facet normal -1 0 0
    outer loop
      vertex 92.2 191.6 2.74
      vertex 92.2 191.6 3.5500000000000003
      vertex 92.2 193.6 3.5500000000000003
    endloop
  endfacet
  facet normal 0 0 -1
    outer loop
      vertex 92.2 191.6 2.74
      vertex 92.2 192.6 2.74
      vertex 209 191.6 2.74
    endloop
  endfacet
  facet normal 0 1 0
    outer loop
      vertex 92.2 193.6 2.74
      vertex 92.2 193.6 3.5500000000000003
      vertex 209 193.6 2.74
    endloop
  endfacet
  facet normal 0 -1 0
    outer loop
      vertex 92.2 191.6 2.74
      vertex 209 191.6 3.5500000000000003
      vertex 92.2 191.6 3.5500000000000003
    endloop
  endfacet
  facet normal 0 0 1
    outer loop
      vertex 92.2 191.6 3.5500000000000003
      vertex 209 191.6 3.5500000000000003
      vertex 92.2 193.6 3.5500000000000003
    endloop
  endfacet
  facet normal 0 0 -1
    outer loop
      vertex 92.2 192.6 2.74
      vertex 209 192.6 2.74
      vertex 209 191.6 2.74
    endloop
  endfacet
  facet normal 0 -1 0
    outer loop
      vertex 92.2 191.6 2.74
      vertex 209 191.6 2.74
      vertex 209 191.6 3.5500000000000003
    endloop
  endfacet
  facet normal 0 1 0
    outer loop
      vertex 92.2 193.6 3.5500000000000003
      vertex 209 193.6 3.55
      vertex 209 193.6 2.74
    endloop
  endfacet
  facet normal 3.802133645976563e-18 2.220446049250313e-16 1
    outer loop
      vertex 92.2 193.6 3.5500000000000003
      vertex 209 191.6 3.5500000000000003
      vertex 209 193.6 3.55
    endloop
  endfacet
  facet normal -1 0 0
    outer loop
      vertex 92.2 182.4 1.4
      vertex 92.2 183.4 2.74
      vertex 92.2 183.4 1.4
    endloop
  endfacet
  facet normal -1 0 0
    outer loop
      vertex 92.2 182.4 1.4
      vertex 92.2 182.4 2.74
      vertex 92.2 183.4 2.74
    endloop
  endfacet
  facet normal 0 1 0
    outer loop
      vertex 92.2 183.4 1.4
      vertex 209 183.4 0.6
      vertex 92.2 183.4 0.6
    endloop
  endfacet
  facet normal 0 -1 0
    outer loop
      vertex 92.2 182.4 1.4
      vertex 92.2 182.4 0.6
      vertex 209 182.4 2.74
    endloop
  endfacet
  facet normal 0 -1 0
    outer loop
      vertex 209 182.4 2.74
      vertex 92.2 182.4 0.6
      vertex 209 182.4 0.6
    endloop
  endfacet
  facet normal 0 1 0
    outer loop
      vertex 92.2 183.4 1.4
      vertex 209 183.4 2.74
      vertex 209 183.4 0.6
    endloop
  endfacet
  facet normal 0 -1 0
    outer loop
      vertex 92.2 182.4 1.4
      vertex 209 182.4 2.74
      vertex 92.2 182.4 2.74
    endloop
  endfacet
  facet normal 0 1 0
    outer loop
      vertex 92.2 183.4 1.4
      vertex 92.2 183.4 2.74
      vertex 209 183.4 2.74
    endloop
  endfacet
  facet normal -1 0 0
    outer loop
      vertex 92.2 182.4 2.74
      vertex 92.2 184.4 3.5500000000000003
      vertex 92.2 183.4 2.74
    endloop
  endfacet
  facet normal -1 0 0
    outer loop
      vertex 92.2 183.4 2.74
      vertex 92.2 184.4 3.5500000000000003
      vertex 92.2 184.4 2.74
    endloop
  endfacet
  facet normal -1 0 0
    outer loop
      vertex 92.2 182.4 2.74
      vertex 92.2 182.4 3.5500000000000003
      vertex 92.2 184.4 3.5500000000000003
    endloop
  endfacet
  facet normal 0 0 -1
    outer loop
      vertex 92.2 183.4 2.74
      vertex 92.2 184.4 2.74
      vertex 209 183.4 2.74
    endloop
  endfacet
  facet normal 0 1 0
    outer loop
      vertex 92.2 184.4 2.74
      vertex 92.2 184.4 3.5500000000000003
      vertex 209 184.4 2.74
    endloop
  endfacet
  facet normal 0 -1 0
    outer loop
      vertex 92.2 182.4 2.74
      vertex 209 182.4 3.5500000000000003
      vertex 92.2 182.4 3.5500000000000003
    endloop
  endfacet
  facet normal 0 0 1
    outer loop
      vertex 92.2 182.4 3.5500000000000003
      vertex 209 182.4 3.5500000000000003
      vertex 92.2 184.4 3.5500000000000003
    endloop
  endfacet
  facet normal 0 0 -1
    outer loop
      vertex 92.2 184.4 2.74
      vertex 209 184.4 2.74
      vertex 209 183.4 2.74
    endloop
  endfacet
  facet normal 0 -1 0
    outer loop
      vertex 92.2 182.4 2.74
      vertex 209 182.4 2.74
      vertex 209 182.4 3.5500000000000003
    endloop
  endfacet
  facet normal 0 1 0
    outer loop
      vertex 92.2 184.4 3.5500000000000003
      vertex 209 184.4 3.55
      vertex 209 184.4 2.74
    endloop
  endfacet
  facet normal 3.802133645976563e-18 2.220446049250313e-16 1
    outer loop
      vertex 92.2 184.4 3.5500000000000003
      vertex 209 182.4 3.5500000000000003
      vertex 209 184.4 3.55
    endloop
  endfacet
  facet normal 0 -1 0
    outer loop
      vertex 86.2 182.4 1.4
      vertex 85 182.4 0.6
      vertex 86.2 182.4 0.6
    endloop
  endfacet
  facet normal 1 0 0
    outer loop
      vertex 86.2 192.6 1.4
      vertex 86.2 183.4 0.6
      vertex 86.2 192.6 0.6
    endloop
  endfacet
  facet normal 1 0 0
    outer loop
      vertex 86.2 183.4 1.4
      vertex 86.2 183.4 0.6
      vertex 86.2 192.6 1.4
    endloop
  endfacet
  facet normal -1 0 0
    outer loop
      vertex 85 182.4 2.4
      vertex 85 193.6 0.6
      vertex 85 182.4 0.6
    endloop
  endfacet
  facet normal 0 -1 0
    outer loop
      vertex 86.2 182.4 1.4
      vertex 86.2 182.4 2.4
      vertex 85 182.4 0.6
    endloop
  endfacet
  facet normal 1 0 0
    outer loop
      vertex 86.2 182.4 1.4
      vertex 86.2 183.4 1.4
      vertex 86.2 182.4 2.4
    endloop
  endfacet
  facet normal 1 0 0
    outer loop
      vertex 86.2 183.4 1.4
      vertex 86.2 192.6 1.4
      vertex 86.2 182.4 2.4
    endloop
  endfacet
  facet normal 0 1 0
    outer loop
      vertex 85 193.6 2.4
      vertex 86.2 193.6 0.6
      vertex 85 193.6 0.6
    endloop
  endfacet
  facet normal 0 1 0
    outer loop
      vertex 86.2 193.6 1.4
      vertex 86.2 193.6 0.6
      vertex 85 193.6 2.4
    endloop
  endfacet
  facet normal 1 0 0
    outer loop
      vertex 86.2 192.6 1.4
      vertex 86.2 193.6 1.4
      vertex 86.2 193.6 2.4
    endloop
  endfacet
  facet normal 0 -1 0
    outer loop
      vertex 85 182.4 2.4
      vertex 85 182.4 0.6
      vertex 86.2 182.4 2.4
    endloop
  endfacet
  facet normal -1 0 0
    outer loop
      vertex 85 182.4 2.4
      vertex 85 193.6 2.4
      vertex 85 193.6 0.6
    endloop
  endfacet
  facet normal 1 0 0
    outer loop
      vertex 86.2 192.6 1.4
      vertex 86.2 193.6 2.4
      vertex 86.2 182.4 2.4
    endloop
  endfacet
  facet normal 0 0 1
    outer loop
      vertex 85 182.4 2.4
      vertex 86.2 182.4 2.4
      vertex 85 193.6 2.4
    endloop
  endfacet
  facet normal 0 0 1
    outer loop
      vertex 86.2 182.4 2.4
      vertex 86.2 193.6 2.4
      vertex 85 193.6 2.4
    endloop
  endfacet
  facet normal 0 1 0
    outer loop
      vertex 86.2 193.6 1.4
      vertex 85 193.6 2.4
      vertex 86.2 193.6 2.4
    endloop
  endfacet
  facet normal -1 0 0
    outer loop
      vertex 209 191.6 2.74
      vertex 209 192.6 0.6
      vertex 209 183.4 0.6
    endloop
  endfacet
  facet normal 0 -1 0
    outer loop
      vertex 211 182.4 3.55
      vertex 209 182.4 0.6
      vertex 211 182.4 0.6
    endloop
  endfacet
  facet normal 1 0 0
    outer loop
      vertex 211 193.6 3.55
      vertex 211 182.4 0.6
      vertex 211 193.6 0.6
    endloop
  endfacet
  facet normal 0 1 0
    outer loop
      vertex 209 193.6 2.74
      vertex 211 193.6 0.6
      vertex 209 193.6 0.6
    endloop
  endfacet
  facet normal -1 0 0
    outer loop
      vertex 209 183.4 2.74
      vertex 209 184.4 2.74
      vertex 209 183.4 0.6
    endloop
  endfacet
  facet normal 0 -1 0
    outer loop
      vertex 209 182.4 2.74
      vertex 209 182.4 0.6
      vertex 211 182.4 3.55
    endloop
  endfacet
  facet normal -1 0 0
    outer loop
      vertex 209 184.4 2.74
      vertex 209 191.6 3.5500000000000003
      vertex 209 183.4 0.6
    endloop
  endfacet
  facet normal -1 0 0
    outer loop
      vertex 209 191.6 2.74
      vertex 209 183.4 0.6
      vertex 209 191.6 3.5500000000000003
    endloop
  endfacet
  facet normal 1 0 0
    outer loop
      vertex 211 182.4 3.55
      vertex 211 182.4 0.6
      vertex 211 193.6 3.55
    endloop
  endfacet
  facet normal 0 -1 0
    outer loop
      vertex 209 182.4 2.74
      vertex 211 182.4 3.55
      vertex 209 182.4 3.5500000000000003
    endloop
  endfacet
  facet normal -1 0 0
    outer loop
      vertex 209 184.4 2.74
      vertex 209 184.4 3.55
      vertex 209 191.6 3.5500000000000003
    endloop
  endfacet
  facet normal 2.220446049250313e-16 2.220446049250313e-16 1
    outer loop
      vertex 209 182.4 3.5500000000000003
      vertex 211 182.4 3.55
      vertex 209 184.4 3.55
    endloop
  endfacet
  facet normal -6.167905692361991e-17 -6.167905692361991e-17 1
    outer loop
      vertex 211 182.4 3.55
      vertex 209 191.6 3.5500000000000003
      vertex 209 184.4 3.55
    endloop
  endfacet
  facet normal 1.243449787580174e-15 2.220446049250313e-16 1
    outer loop
      vertex 211 182.4 3.55
      vertex 209 193.6 3.55
      vertex 209 191.6 3.5500000000000003
    endloop
  endfacet
  facet normal 0 0 1
    outer loop
      vertex 211 182.4 3.55
      vertex 211 193.6 3.55
      vertex 209 193.6 3.55
    endloop
  endfacet
  facet normal -1 0 0
    outer loop
      vertex 209 191.6 2.74
      vertex 209 192.6 2.74
      vertex 209 192.6 0.6
    endloop
  endfacet
  facet normal 0 1 0
    outer loop
      vertex 209 193.6 2.74
      vertex 209 193.6 3.55
      vertex 211 193.6 0.6
    endloop
  endfacet
  facet normal 0 1 0
    outer loop
      vertex 209 193.6 3.55
      vertex 211 193.6 3.55
      vertex 211 193.6 0.6
    endloop
  endfacet
  facet normal -1 0 0
    outer loop
      vertex 58 199.55 1.2999999999999998
      vertex 58 198 0.59
      vertex 58 198 0.6
    endloop
  endfacet
  facet normal -1 0 0
    outer loop
      vertex 58 199.55 0.59
      vertex 58 198 0.59
      vertex 58 199.55 1.2999999999999998
    endloop
  endfacet
  facet normal 0 0 -1
    outer loop
      vertex 58 199.55 0.59
      vertex 83.2 199.55 0.59
      vertex 58 198 0.59
    endloop
  endfacet
  facet normal 0 0 -1
    outer loop
      vertex 83.2 199.55 0.59
      vertex 84 199.55 0.59
      vertex 58 198 0.59
    endloop
  endfacet
  facet normal 0 0 -1
    outer loop
      vertex 84 198 0.59
      vertex 58 198 0.59
      vertex 84 199.55 0.59
    endloop
  endfacet
  facet normal 0 -1 0
    outer loop
      vertex 84 198 1.2999999999999998
      vertex 58 198 0.6
      vertex 84 198 0.6
    endloop
  endfacet
  facet normal 0 1 0
    outer loop
      vertex 58 199.55 0.59
      vertex 83.2 199.55 1.2999999999999998
      vertex 83.2 199.55 0.59
    endloop
  endfacet
  facet normal 1 0 0
    outer loop
      vertex 84 199.55 1.189949999999999
      vertex 84 198 0.6
      vertex 84 199.55 0.6
    endloop
  endfacet
  facet normal -1 0 0
    outer loop
      vertex 58 198 1.2999999999999998
      vertex 58 199.55 1.2999999999999998
      vertex 58 198 0.6
    endloop
  endfacet
  facet normal 0 -1 0
    outer loop
      vertex 58 198 1.2999999999999998
      vertex 58 198 0.6
      vertex 84 198 1.2999999999999998
    endloop
  endfacet
  facet normal 0 1 0
    outer loop
      vertex 58 199.55 0.59
      vertex 58 199.55 1.2999999999999998
      vertex 83.2 199.55 1.2999999999999998
    endloop
  endfacet
  facet normal 0 0 1
    outer loop
      vertex 58 198 1.2999999999999998
      vertex 84 198 1.2999999999999998
      vertex 58 199.55 1.2999999999999998
    endloop
  endfacet
  facet normal 1 0 0
    outer loop
      vertex 84 199.55 1.189949999999999
      vertex 84 198 1.2999999999999998
      vertex 84 198 0.6
    endloop
  endfacet
  facet normal 0 0 1
    outer loop
      vertex 58 199.55 1.2999999999999998
      vertex 84 198 1.2999999999999998
      vertex 83.2 199.55 1.2999999999999998
    endloop
  endfacet
  facet normal 0 0 1
    outer loop
      vertex 84 198 1.2999999999999998
      vertex 83.876 199.55 1.2999999999999998
      vertex 83.2 199.55 1.2999999999999998
    endloop
  endfacet
  facet normal -1 0 0
    outer loop
      vertex 58 206.45 0.59
      vertex 58 208 0.6
      vertex 58 208 0.59
    endloop
  endfacet
  facet normal -1 0 0
    outer loop
      vertex 58 206.45 0.59
      vertex 58 208 1.2999999999999998
      vertex 58 208 0.6
    endloop
  endfacet
  facet normal 0 0 -1
    outer loop
      vertex 58 206.45 0.59
      vertex 58 208 0.59
      vertex 84 208 0.59
    endloop
  endfacet
  facet normal 0 -1 0
    outer loop
      vertex 58 206.45 0.59
      vertex 83.2 206.45 0.59
      vertex 58 206.45 1.2999999999999998
    endloop
  endfacet
  facet normal 0 1 0
    outer loop
      vertex 58 208 1.2999999999999998
      vertex 84 208 0.6
      vertex 58 208 0.6
    endloop
  endfacet
  facet normal 0 0 -1
    outer loop
      vertex 58 206.45 0.59
      vertex 84 208 0.59
      vertex 83.2 206.45 0.59
    endloop
  endfacet
  facet normal 0 0 -1
    outer loop
      vertex 83.2 206.45 0.59
      vertex 84 208 0.59
      vertex 84 206.45 0.59
    endloop
  endfacet
  facet normal 1 0 0
    outer loop
      vertex 84 206.45 0.7000500000000007
      vertex 84 206.45 0.6
      vertex 84 207.85915492957747 0.6
    endloop
  endfacet
  facet normal -1 0 0
    outer loop
      vertex 58 206.45 0.59
      vertex 58 206.45 1.2999999999999998
      vertex 58 208 1.2999999999999998
    endloop
  endfacet
  facet normal 0 0 1
    outer loop
      vertex 58 206.45 1.2999999999999998
      vertex 83.2 206.4976923076923 1.2999999999999998
      vertex 58 208 1.2999999999999998
    endloop
  endfacet
  facet normal 0 -1 0
    outer loop
      vertex 58 206.45 1.2999999999999998
      vertex 83.2 206.45 0.59
      vertex 83.2 206.45 1.2999999999999998
    endloop
  endfacet
  facet normal 0 1 0
    outer loop
      vertex 58 208 1.2999999999999998
      vertex 84 208 1.2999999999999998
      vertex 84 208 0.6
    endloop
  endfacet
  facet normal 0 0 1
    outer loop
      vertex 58 206.45 1.2999999999999998
      vertex 83.2 206.45 1.2999999999999998
      vertex 83.2 206.4976923076923 1.2999999999999998
    endloop
  endfacet
  facet normal 0 0 1
    outer loop
      vertex 58 208 1.2999999999999998
      vertex 83.2 206.4976923076923 1.2999999999999998
      vertex 84 208 1.2999999999999998
    endloop
  endfacet
  facet normal 0 0 1
    outer loop
      vertex 83.2 206.4976923076923 1.2999999999999998
      vertex 83.32076055031689 206.49049312103878 1.2999999999999998
      vertex 84 208 1.2999999999999998
    endloop
  endfacet
  facet normal 0 0 -1
    outer loop
      vertex 83.2 199.55 0.59
      vertex 84 206.45 0.59
      vertex 84 199.55 0.59
    endloop
  endfacet
  facet normal 0 0 -1
    outer loop
      vertex 83.2 199.55 0.59
      vertex 83.2 206.45 0.59
      vertex 84 206.45 0.59
    endloop
  endfacet
  facet normal 1 0 0
    outer loop
      vertex 84 206.45 0.7000500000000007
      vertex 84 199.55 0.6
      vertex 84 206.45 0.6
    endloop
  endfacet
  facet normal -1 0 0
    outer loop
      vertex 83.2 199.55 0.59
      vertex 83.2 199.55 1.2999999999999998
      vertex 83.2 206.45 0.59
    endloop
  endfacet
  facet normal 1 0 0
    outer loop
      vertex 84 206.45 0.7000500000000007
      vertex 84 199.55 1.189949999999999
      vertex 84 199.55 0.6
    endloop
  endfacet
  facet normal 1 0 0
    outer loop
      vertex 84 208 1.2999999999999998
      vertex 84 207.85915492957747 0.6
      vertex 84 208 0.6
    endloop
  endfacet
  facet normal 1 0 0
    outer loop
      vertex 84 206.45 0.7000500000000007
      vertex 84 207.85915492957747 0.6
      vertex 84 208 1.2999999999999998
    endloop
  endfacet
  facet normal -1 0 0
    outer loop
      vertex 83.2 206.45 0.59
      vertex 83.2 199.55 1.2999999999999998
      vertex 83.2 206.45 1.2999999999999998
    endloop
  endfacet
  facet normal 1 0 0
    outer loop
      vertex 84 206.45 0.7000500000000007
      vertex 84 208 1.2999999999999998
      vertex 84 199.55 1.189949999999999
    endloop
  endfacet
  facet normal 1 0 0
    outer loop
      vertex 84 199.55 1.189949999999999
      vertex 84 208 1.2999999999999998
      vertex 84 198 1.2999999999999998
    endloop
  endfacet
  facet normal 0 0 1
    outer loop
      vertex 83.2 199.55 1.2999999999999998
      vertex 83.876 199.55 1.2999999999999998
      vertex 83.2 206.45 1.2999999999999998
    endloop
  endfacet
  facet normal 0 0 1
    outer loop
      vertex 84 198 1.2999999999999998
      vertex 84 208 1.2999999999999998
      vertex 83.876 199.55 1.2999999999999998
    endloop
  endfacet
  facet normal 0 0 1
    outer loop
      vertex 83.876 199.55 1.2999999999999998
      vertex 83.32076055031689 206.49049312103878 1.2999999999999998
      vertex 83.2 206.45 1.2999999999999998
    endloop
  endfacet
  facet normal 0 0 1
    outer loop
      vertex 83.876 199.55 1.2999999999999998
      vertex 84 208 1.2999999999999998
      vertex 83.32076055031689 206.49049312103878 1.2999999999999998
    endloop
  endfacet
  facet normal 0 0 1
    outer loop
      vertex 83.2 206.45 1.2999999999999998
      vertex 83.32076055031689 206.49049312103878 1.2999999999999998
      vertex 83.2 206.4976923076923 1.2999999999999998
    endloop
  endfacet
  facet normal 0 1 0
    outer loop
      vertex 86.2 198.4 1.4
      vertex 92.2 198.4 0.6
      vertex 86.2 198.4 0.6
    endloop
  endfacet
  facet normal 0 -1 0
    outer loop
      vertex 92.2 197.4 1.4
      vertex 86.2 197.4 0.6
      vertex 92.2 197.4 0.6
    endloop
  endfacet
  facet normal 0 -1 0
    outer loop
      vertex 86.2 197.4 1.4
      vertex 86.2 197.4 0.6
      vertex 92.2 197.4 1.4
    endloop
  endfacet
  facet normal 0 1 0
    outer loop
      vertex 86.2 198.4 1.4
      vertex 92.2 198.4 1.4
      vertex 92.2 198.4 0.6
    endloop
  endfacet
  facet normal 0 0 1
    outer loop
      vertex 86.2 197.4 1.4
      vertex 92.2 197.4 1.4
      vertex 86.2 198.4 1.4
    endloop
  endfacet
  facet normal 0 0 1
    outer loop
      vertex 86.2 198.4 1.4
      vertex 92.2 197.4 1.4
      vertex 92.2 198.4 1.4
    endloop
  endfacet
  facet normal 0 1 0
    outer loop
      vertex 86.2 208.6 1.4
      vertex 92.2 208.6 0.6
      vertex 86.2 208.6 0.6
    endloop
  endfacet
  facet normal 0 -1 0
    outer loop
      vertex 92.2 207.6 1.4
      vertex 86.2 207.6 0.6
      vertex 92.2 207.6 0.6
    endloop
  endfacet
  facet normal 0 -1 0
    outer loop
      vertex 86.2 207.6 1.4
      vertex 86.2 207.6 0.6
      vertex 92.2 207.6 1.4
    endloop
  endfacet
  facet normal 0 1 0
    outer loop
      vertex 86.2 208.6 1.4
      vertex 92.2 208.6 1.4
      vertex 92.2 208.6 0.6
    endloop
  endfacet
  facet normal 0 0 1
    outer loop
      vertex 86.2 207.6 1.4
      vertex 92.2 207.6 1.4
      vertex 86.2 208.6 1.4
    endloop
  endfacet
  facet normal 0 0 1
    outer loop
      vertex 86.2 208.6 1.4
      vertex 92.2 207.6 1.4
      vertex 92.2 208.6 1.4
    endloop
  endfacet
  facet normal -1 0 0
    outer loop
      vertex 92.2 207.6 1.4
      vertex 92.2 208.6 2.74
      vertex 92.2 208.6 1.4
    endloop
  endfacet
  facet normal -1 0 0
    outer loop
      vertex 92.2 207.6 1.4
      vertex 92.2 207.6 2.74
      vertex 92.2 208.6 2.74
    endloop
  endfacet
  facet normal 0 1 0
    outer loop
      vertex 92.2 208.6 1.4
      vertex 209 208.6 0.6
      vertex 92.2 208.6 0.6
    endloop
  endfacet
  facet normal 0 -1 0
    outer loop
      vertex 92.2 207.6 1.4
      vertex 92.2 207.6 0.6
      vertex 209 207.6 2.74
    endloop
  endfacet
  facet normal 0 -1 0
    outer loop
      vertex 209 207.6 2.74
      vertex 92.2 207.6 0.6
      vertex 209 207.6 0.6
    endloop
  endfacet
  facet normal 0 1 0
    outer loop
      vertex 92.2 208.6 1.4
      vertex 209 208.6 2.74
      vertex 209 208.6 0.6
    endloop
  endfacet
  facet normal 0 -1 0
    outer loop
      vertex 92.2 207.6 1.4
      vertex 209 207.6 2.74
      vertex 92.2 207.6 2.74
    endloop
  endfacet
  facet normal 0 1 0
    outer loop
      vertex 92.2 208.6 1.4
      vertex 92.2 208.6 2.74
      vertex 209 208.6 2.74
    endloop
  endfacet
  facet normal -1 0 0
    outer loop
      vertex 92.2 206.6 2.74
      vertex 92.2 208.6 3.5500000000000003
      vertex 92.2 207.6 2.74
    endloop
  endfacet
  facet normal -1 0 0
    outer loop
      vertex 92.2 207.6 2.74
      vertex 92.2 208.6 3.5500000000000003
      vertex 92.2 208.6 2.74
    endloop
  endfacet
  facet normal -1 0 0
    outer loop
      vertex 92.2 206.6 2.74
      vertex 92.2 206.6 3.5500000000000003
      vertex 92.2 208.6 3.5500000000000003
    endloop
  endfacet
  facet normal 0 0 -1
    outer loop
      vertex 92.2 206.6 2.74
      vertex 92.2 207.6 2.74
      vertex 209 206.6 2.74
    endloop
  endfacet
  facet normal 0 1 0
    outer loop
      vertex 92.2 208.6 2.74
      vertex 92.2 208.6 3.5500000000000003
      vertex 209 208.6 2.74
    endloop
  endfacet
  facet normal 0 -1 0
    outer loop
      vertex 92.2 206.6 2.74
      vertex 209 206.6 3.5500000000000003
      vertex 92.2 206.6 3.5500000000000003
    endloop
  endfacet
  facet normal 0 0 1
    outer loop
      vertex 92.2 206.6 3.5500000000000003
      vertex 209 206.6 3.5500000000000003
      vertex 92.2 208.6 3.5500000000000003
    endloop
  endfacet
  facet normal 0 0 -1
    outer loop
      vertex 92.2 207.6 2.74
      vertex 209 207.6 2.74
      vertex 209 206.6 2.74
    endloop
  endfacet
  facet normal 0 -1 0
    outer loop
      vertex 92.2 206.6 2.74
      vertex 209 206.6 2.74
      vertex 209 206.6 3.5500000000000003
    endloop
  endfacet
  facet normal 0 1 0
    outer loop
      vertex 92.2 208.6 3.5500000000000003
      vertex 209 208.6 3.55
      vertex 209 208.6 2.74
    endloop
  endfacet
  facet normal 3.802133645976563e-18 2.220446049250313e-16 1
    outer loop
      vertex 92.2 208.6 3.5500000000000003
      vertex 209 206.6 3.5500000000000003
      vertex 209 208.6 3.55
    endloop
  endfacet
  facet normal -1 0 0
    outer loop
      vertex 92.2 197.4 1.4
      vertex 92.2 198.4 2.74
      vertex 92.2 198.4 1.4
    endloop
  endfacet
  facet normal -1 0 0
    outer loop
      vertex 92.2 197.4 1.4
      vertex 92.2 197.4 2.74
      vertex 92.2 198.4 2.74
    endloop
  endfacet
  facet normal 0 1 0
    outer loop
      vertex 92.2 198.4 1.4
      vertex 209 198.4 0.6
      vertex 92.2 198.4 0.6
    endloop
  endfacet
  facet normal 0 -1 0
    outer loop
      vertex 92.2 197.4 1.4
      vertex 92.2 197.4 0.6
      vertex 209 197.4 2.74
    endloop
  endfacet
  facet normal 0 -1 0
    outer loop
      vertex 209 197.4 2.74
      vertex 92.2 197.4 0.6
      vertex 209 197.4 0.6
    endloop
  endfacet
  facet normal 0 1 0
    outer loop
      vertex 92.2 198.4 1.4
      vertex 209 198.4 2.74
      vertex 209 198.4 0.6
    endloop
  endfacet
  facet normal 0 -1 0
    outer loop
      vertex 92.2 197.4 1.4
      vertex 209 197.4 2.74
      vertex 92.2 197.4 2.74
    endloop
  endfacet
  facet normal 0 1 0
    outer loop
      vertex 92.2 198.4 1.4
      vertex 92.2 198.4 2.74
      vertex 209 198.4 2.74
    endloop
  endfacet
  facet normal -1 0 0
    outer loop
      vertex 92.2 197.4 2.74
      vertex 92.2 199.4 3.5500000000000003
      vertex 92.2 198.4 2.74
    endloop
  endfacet
  facet normal -1 0 0
    outer loop
      vertex 92.2 198.4 2.74
      vertex 92.2 199.4 3.5500000000000003
      vertex 92.2 199.4 2.74
    endloop
  endfacet
  facet normal -1 0 0
    outer loop
      vertex 92.2 197.4 2.74
      vertex 92.2 197.4 3.5500000000000003
      vertex 92.2 199.4 3.5500000000000003
    endloop
  endfacet
  facet normal 0 0 -1
    outer loop
      vertex 92.2 198.4 2.74
      vertex 92.2 199.4 2.74
      vertex 209 198.4 2.74
    endloop
  endfacet
  facet normal 0 1 0
    outer loop
      vertex 92.2 199.4 2.74
      vertex 92.2 199.4 3.5500000000000003
      vertex 209 199.4 2.74
    endloop
  endfacet
  facet normal 0 -1 0
    outer loop
      vertex 92.2 197.4 2.74
      vertex 209 197.4 3.5500000000000003
      vertex 92.2 197.4 3.5500000000000003
    endloop
  endfacet
  facet normal 0 0 1
    outer loop
      vertex 92.2 197.4 3.5500000000000003
      vertex 209 197.4 3.5500000000000003
      vertex 92.2 199.4 3.5500000000000003
    endloop
  endfacet
  facet normal 0 0 -1
    outer loop
      vertex 92.2 199.4 2.74
      vertex 209 199.4 2.74
      vertex 209 198.4 2.74
    endloop
  endfacet
  facet normal 0 -1 0
    outer loop
      vertex 92.2 197.4 2.74
      vertex 209 197.4 2.74
      vertex 209 197.4 3.5500000000000003
    endloop
  endfacet
  facet normal 0 1 0
    outer loop
      vertex 92.2 199.4 3.5500000000000003
      vertex 209 199.4 3.55
      vertex 209 199.4 2.74
    endloop
  endfacet
  facet normal 3.802133645976563e-18 2.220446049250313e-16 1
    outer loop
      vertex 92.2 199.4 3.5500000000000003
      vertex 209 197.4 3.5500000000000003
      vertex 209 199.4 3.55
    endloop
  endfacet
  facet normal 0 -1 0
    outer loop
      vertex 86.2 197.4 1.4
      vertex 85 197.4 0.6
      vertex 86.2 197.4 0.6
    endloop
  endfacet
  facet normal 1 0 0
    outer loop
      vertex 86.2 207.6 1.4
      vertex 86.2 198.4 0.6
      vertex 86.2 207.6 0.6
    endloop
  endfacet
  facet normal 1 0 0
    outer loop
      vertex 86.2 198.4 1.4
      vertex 86.2 198.4 0.6
      vertex 86.2 207.6 1.4
    endloop
  endfacet
  facet normal -1 0 0
    outer loop
      vertex 85 197.4 2.4
      vertex 85 208.6 0.6
      vertex 85 197.4 0.6
    endloop
  endfacet
  facet normal 0 1 0
    outer loop
      vertex 85 208.6 2.4
      vertex 86.2 208.6 0.6
      vertex 85 208.6 0.6
    endloop
  endfacet
  facet normal 0 -1 0
    outer loop
      vertex 86.2 197.4 1.4
      vertex 86.2 197.4 2.4
      vertex 85 197.4 0.6
    endloop
  endfacet
  facet normal 1 0 0
    outer loop
      vertex 86.2 197.4 1.4
      vertex 86.2 198.4 1.4
      vertex 86.2 197.4 2.4
    endloop
  endfacet
  facet normal 1 0 0
    outer loop
      vertex 86.2 198.4 1.4
      vertex 86.2 207.6 1.4
      vertex 86.2 197.4 2.4
    endloop
  endfacet
  facet normal 0 1 0
    outer loop
      vertex 86.2 208.6 1.4
      vertex 86.2 208.6 0.6
      vertex 85 208.6 2.4
    endloop
  endfacet
  facet normal 1 0 0
    outer loop
      vertex 86.2 207.6 1.4
      vertex 86.2 208.6 1.4
      vertex 86.2 208.6 2.4
    endloop
  endfacet
  facet normal 0 -1 0
    outer loop
      vertex 85 197.4 2.4
      vertex 85 197.4 0.6
      vertex 86.2 197.4 2.4
    endloop
  endfacet
  facet normal -1 0 0
    outer loop
      vertex 85 197.4 2.4
      vertex 85 208.6 2.4
      vertex 85 208.6 0.6
    endloop
  endfacet
  facet normal 1 0 0
    outer loop
      vertex 86.2 207.6 1.4
      vertex 86.2 208.6 2.4
      vertex 86.2 197.4 2.4
    endloop
  endfacet
  facet normal 0 1 0
    outer loop
      vertex 86.2 208.6 1.4
      vertex 85 208.6 2.4
      vertex 86.2 208.6 2.4
    endloop
  endfacet
  facet normal 0 0 1
    outer loop
      vertex 85 197.4 2.4
      vertex 86.2 197.4 2.4
      vertex 85 208.6 2.4
    endloop
  endfacet
  facet normal 0 0 1
    outer loop
      vertex 86.2 197.4 2.4
      vertex 86.2 208.6 2.4
      vertex 85 208.6 2.4
    endloop
  endfacet
  facet normal -1 0 0
    outer loop
      vertex 209 206.6 2.74
      vertex 209 207.6 0.6
      vertex 209 198.4 0.6
    endloop
  endfacet
  facet normal 0 1 0
    outer loop
      vertex 209 208.6 2.74
      vertex 211 208.6 0.6
      vertex 209 208.6 0.6
    endloop
  endfacet
  facet normal 0 -1 0
    outer loop
      vertex 211 197.4 3.55
      vertex 209 197.4 0.6
      vertex 211 197.4 0.6
    endloop
  endfacet
  facet normal 1 0 0
    outer loop
      vertex 211 208.6 3.55
      vertex 211 197.4 0.6
      vertex 211 208.6 0.6
    endloop
  endfacet
  facet normal -1 0 0
    outer loop
      vertex 209 198.4 2.74
      vertex 209 199.4 2.74
      vertex 209 198.4 0.6
    endloop
  endfacet
  facet normal -1 0 0
    outer loop
      vertex 209 206.6 2.74
      vertex 209 207.6 2.74
      vertex 209 207.6 0.6
    endloop
  endfacet
  facet normal 0 -1 0
    outer loop
      vertex 209 197.4 2.74
      vertex 209 197.4 0.6
      vertex 211 197.4 3.55
    endloop
  endfacet
  facet normal -1 0 0
    outer loop
      vertex 209 199.4 2.74
      vertex 209 206.6 3.5500000000000003
      vertex 209 198.4 0.6
    endloop
  endfacet
  facet normal -1 0 0
    outer loop
      vertex 209 206.6 2.74
      vertex 209 198.4 0.6
      vertex 209 206.6 3.5500000000000003
    endloop
  endfacet
  facet normal 1 0 0
    outer loop
      vertex 211 197.4 3.55
      vertex 211 197.4 0.6
      vertex 211 208.6 3.55
    endloop
  endfacet
  facet normal 0 1 0
    outer loop
      vertex 209 208.6 2.74
      vertex 209 208.6 3.55
      vertex 211 208.6 0.6
    endloop
  endfacet
  facet normal 0 1 0
    outer loop
      vertex 209 208.6 3.55
      vertex 211 208.6 3.55
      vertex 211 208.6 0.6
    endloop
  endfacet
  facet normal 0 -1 0
    outer loop
      vertex 209 197.4 2.74
      vertex 211 197.4 3.55
      vertex 209 197.4 3.5500000000000003
    endloop
  endfacet
  facet normal -1 0 0
    outer loop
      vertex 209 199.4 2.74
      vertex 209 199.4 3.55
      vertex 209 206.6 3.5500000000000003
    endloop
  endfacet
  facet normal 2.220446049250313e-16 2.220446049250313e-16 1
    outer loop
      vertex 209 197.4 3.5500000000000003
      vertex 211 197.4 3.55
      vertex 209 199.4 3.55
    endloop
  endfacet
  facet normal -6.167905692361991e-17 -6.167905692361991e-17 1
    outer loop
      vertex 209 199.4 3.55
      vertex 211 197.4 3.55
      vertex 209 206.6 3.5500000000000003
    endloop
  endfacet
  facet normal 1.243449787580174e-15 2.220446049250313e-16 1
    outer loop
      vertex 211 197.4 3.55
      vertex 209 208.6 3.55
      vertex 209 206.6 3.5500000000000003
    endloop
  endfacet
  facet normal 0 0 1
    outer loop
      vertex 211 197.4 3.55
      vertex 211 208.6 3.55
      vertex 209 208.6 3.55
    endloop
  endfacet
  facet normal -1 0 0
    outer loop
      vertex 58 214.55 1.2999999999999998
      vertex 58 213 0.59
      vertex 58 213 0.6
    endloop
  endfacet
  facet normal -1 0 0
    outer loop
      vertex 58 214.55 0.59
      vertex 58 213 0.59
      vertex 58 214.55 1.2999999999999998
    endloop
  endfacet
  facet normal 0 0 -1
    outer loop
      vertex 58 214.55 0.59
      vertex 83.2 214.55 0.59
      vertex 58 213 0.59
    endloop
  endfacet
  facet normal 0 0 -1
    outer loop
      vertex 84 213 0.59
      vertex 58 213 0.59
      vertex 84 214.55 0.59
    endloop
  endfacet
  facet normal 0 0 -1
    outer loop
      vertex 83.2 214.55 0.59
      vertex 84 214.55 0.59
      vertex 58 213 0.59
    endloop
  endfacet
  facet normal 0 -1 0
    outer loop
      vertex 84 213 1.2999999999999998
      vertex 58 213 0.6
      vertex 84 213 0.6
    endloop
  endfacet
  facet normal 0 1 0
    outer loop
      vertex 58 214.55 0.59
      vertex 83.2 214.55 1.2999999999999998
      vertex 83.2 214.55 0.59
    endloop
  endfacet
  facet normal 1 0 0
    outer loop
      vertex 84 214.55 1.189949999999999
      vertex 84 213 0.6
      vertex 84 214.55 0.6
    endloop
  endfacet
  facet normal -1 0 0
    outer loop
      vertex 58 213 1.2999999999999998
      vertex 58 214.55 1.2999999999999998
      vertex 58 213 0.6
    endloop
  endfacet
  facet normal 0 -1 0
    outer loop
      vertex 58 213 1.2999999999999998
      vertex 58 213 0.6
      vertex 84 213 1.2999999999999998
    endloop
  endfacet
  facet normal 0 1 0
    outer loop
      vertex 58 214.55 0.59
      vertex 58 214.55 1.2999999999999998
      vertex 83.2 214.55 1.2999999999999998
    endloop
  endfacet
  facet normal 0 0 1
    outer loop
      vertex 58 213 1.2999999999999998
      vertex 84 213 1.2999999999999998
      vertex 58 214.55 1.2999999999999998
    endloop
  endfacet
  facet normal 1 0 0
    outer loop
      vertex 84 214.55 1.189949999999999
      vertex 84 213 1.2999999999999998
      vertex 84 213 0.6
    endloop
  endfacet
  facet normal 0 0 1
    outer loop
      vertex 58 214.55 1.2999999999999998
      vertex 84 213 1.2999999999999998
      vertex 83.2 214.55 1.2999999999999998
    endloop
  endfacet
  facet normal 0 0 1
    outer loop
      vertex 84 213 1.2999999999999998
      vertex 83.876 214.55 1.2999999999999998
      vertex 83.2 214.55 1.2999999999999998
    endloop
  endfacet
  facet normal -1 0 0
    outer loop
      vertex 58 221.45 0.59
      vertex 58 223 0.6
      vertex 58 223 0.59
    endloop
  endfacet
  facet normal -1 0 0
    outer loop
      vertex 58 221.45 0.59
      vertex 58 223 1.2999999999999998
      vertex 58 223 0.6
    endloop
  endfacet
  facet normal 0 -1 0
    outer loop
      vertex 58 221.45 0.59
      vertex 83.2 221.45 0.59
      vertex 58 221.45 1.2999999999999998
    endloop
  endfacet
  facet normal 0 0 -1
    outer loop
      vertex 58 221.45 0.59
      vertex 58 223 0.59
      vertex 84 223 0.59
    endloop
  endfacet
  facet normal 0 1 0
    outer loop
      vertex 58 223 1.2999999999999998
      vertex 84 223 0.6
      vertex 58 223 0.6
    endloop
  endfacet
  facet normal 0 0 -1
    outer loop
      vertex 58 221.45 0.59
      vertex 84 223 0.59
      vertex 83.2 221.45 0.59
    endloop
  endfacet
  facet normal 0 0 -1
    outer loop
      vertex 83.2 221.45 0.59
      vertex 84 223 0.59
      vertex 84 221.45 0.59
    endloop
  endfacet
  facet normal 1 0 0
    outer loop
      vertex 84 221.45 0.7000500000000007
      vertex 84 221.45 0.6
      vertex 84 222.85915492957747 0.6
    endloop
  endfacet
  facet normal -1 0 0
    outer loop
      vertex 58 221.45 0.59
      vertex 58 221.45 1.2999999999999998
      vertex 58 223 1.2999999999999998
    endloop
  endfacet
  facet normal 0 -1 0
    outer loop
      vertex 58 221.45 1.2999999999999998
      vertex 83.2 221.45 0.59
      vertex 83.2 221.45 1.2999999999999998
    endloop
  endfacet
  facet normal 0 0 1
    outer loop
      vertex 58 221.45 1.2999999999999998
      vertex 83.2 221.45 1.2999999999999998
      vertex 83.2 221.4976923076923 1.2999999999999998
    endloop
  endfacet
  facet normal 0 0 1
    outer loop
      vertex 58 221.45 1.2999999999999998
      vertex 83.2 221.4976923076923 1.2999999999999998
      vertex 58 223 1.2999999999999998
    endloop
  endfacet
  facet normal 0 1 0
    outer loop
      vertex 58 223 1.2999999999999998
      vertex 84 223 1.2999999999999998
      vertex 84 223 0.6
    endloop
  endfacet
  facet normal 0 0 1
    outer loop
      vertex 58 223 1.2999999999999998
      vertex 83.2 221.4976923076923 1.2999999999999998
      vertex 84 223 1.2999999999999998
    endloop
  endfacet
  facet normal 0 0 1
    outer loop
      vertex 83.2 221.4976923076923 1.2999999999999998
      vertex 83.32076055031689 221.49049312103878 1.2999999999999998
      vertex 84 223 1.2999999999999998
    endloop
  endfacet
  facet normal 0 0 -1
    outer loop
      vertex 83.2 214.55 0.59
      vertex 84 221.45 0.59
      vertex 84 214.55 0.59
    endloop
  endfacet
  facet normal 0 0 -1
    outer loop
      vertex 83.2 214.55 0.59
      vertex 83.2 221.45 0.59
      vertex 84 221.45 0.59
    endloop
  endfacet
  facet normal 1 0 0
    outer loop
      vertex 84 221.45 0.7000500000000007
      vertex 84 214.55 0.6
      vertex 84 221.45 0.6
    endloop
  endfacet
  facet normal -1 0 0
    outer loop
      vertex 83.2 214.55 0.59
      vertex 83.2 214.55 1.2999999999999998
      vertex 83.2 221.45 0.59
    endloop
  endfacet
  facet normal 1 0 0
    outer loop
      vertex 84 221.45 0.7000500000000007
      vertex 84 214.55 1.189949999999999
      vertex 84 214.55 0.6
    endloop
  endfacet
  facet normal 1 0 0
    outer loop
      vertex 84 223 1.2999999999999998
      vertex 84 222.85915492957747 0.6
      vertex 84 223 0.6
    endloop
  endfacet
  facet normal 1 0 0
    outer loop
      vertex 84 221.45 0.7000500000000007
      vertex 84 222.85915492957747 0.6
      vertex 84 223 1.2999999999999998
    endloop
  endfacet
  facet normal -1 0 0
    outer loop
      vertex 83.2 221.45 0.59
      vertex 83.2 214.55 1.2999999999999998
      vertex 83.2 221.45 1.2999999999999998
    endloop
  endfacet
  facet normal 1 0 0
    outer loop
      vertex 84 221.45 0.7000500000000007
      vertex 84 223 1.2999999999999998
      vertex 84 214.55 1.189949999999999
    endloop
  endfacet
  facet normal 1 0 0
    outer loop
      vertex 84 214.55 1.189949999999999
      vertex 84 223 1.2999999999999998
      vertex 84 213 1.2999999999999998
    endloop
  endfacet
  facet normal 0 0 1
    outer loop
      vertex 83.2 214.55 1.2999999999999998
      vertex 83.876 214.55 1.2999999999999998
      vertex 83.2 221.45 1.2999999999999998
    endloop
  endfacet
  facet normal 0 0 1
    outer loop
      vertex 84 213 1.2999999999999998
      vertex 84 223 1.2999999999999998
      vertex 83.876 214.55 1.2999999999999998
    endloop
  endfacet
  facet normal 0 0 1
    outer loop
      vertex 83.876 214.55 1.2999999999999998
      vertex 83.32076055031689 221.49049312103878 1.2999999999999998
      vertex 83.2 221.45 1.2999999999999998
    endloop
  endfacet
  facet normal 0 0 1
    outer loop
      vertex 83.876 214.55 1.2999999999999998
      vertex 84 223 1.2999999999999998
      vertex 83.32076055031689 221.49049312103878 1.2999999999999998
    endloop
  endfacet
  facet normal 0 0 1
    outer loop
      vertex 83.2 221.45 1.2999999999999998
      vertex 83.32076055031689 221.49049312103878 1.2999999999999998
      vertex 83.2 221.4976923076923 1.2999999999999998
    endloop
  endfacet
  facet normal 0 1 0
    outer loop
      vertex 86.2 213.4 1.4
      vertex 92.2 213.4 0.6
      vertex 86.2 213.4 0.6
    endloop
  endfacet
  facet normal 0 -1 0
    outer loop
      vertex 92.2 212.4 1.4
      vertex 86.2 212.4 0.6
      vertex 92.2 212.4 0.6
    endloop
  endfacet
  facet normal 0 -1 0
    outer loop
      vertex 86.2 212.4 1.4
      vertex 86.2 212.4 0.6
      vertex 92.2 212.4 1.4
    endloop
  endfacet
  facet normal 0 1 0
    outer loop
      vertex 86.2 213.4 1.4
      vertex 92.2 213.4 1.4
      vertex 92.2 213.4 0.6
    endloop
  endfacet
  facet normal 0 0 1
    outer loop
      vertex 86.2 212.4 1.4
      vertex 92.2 212.4 1.4
      vertex 86.2 213.4 1.4
    endloop
  endfacet
  facet normal 0 0 1
    outer loop
      vertex 86.2 213.4 1.4
      vertex 92.2 212.4 1.4
      vertex 92.2 213.4 1.4
    endloop
  endfacet
  facet normal 0 1 0
    outer loop
      vertex 86.2 223.6 1.4
      vertex 92.2 223.6 0.6
      vertex 86.2 223.6 0.6
    endloop
  endfacet
  facet normal 0 -1 0
    outer loop
      vertex 92.2 222.6 1.4
      vertex 86.2 222.6 0.6
      vertex 92.2 222.6 0.6
    endloop
  endfacet
  facet normal 0 -1 0
    outer loop
      vertex 86.2 222.6 1.4
      vertex 86.2 222.6 0.6
      vertex 92.2 222.6 1.4
    endloop
  endfacet
  facet normal 0 1 0
    outer loop
      vertex 86.2 223.6 1.4
      vertex 92.2 223.6 1.4
      vertex 92.2 223.6 0.6
    endloop
  endfacet
  facet normal 0 0 1
    outer loop
      vertex 86.2 222.6 1.4
      vertex 92.2 222.6 1.4
      vertex 86.2 223.6 1.4
    endloop
  endfacet
  facet normal 0 0 1
    outer loop
      vertex 86.2 223.6 1.4
      vertex 92.2 222.6 1.4
      vertex 92.2 223.6 1.4
    endloop
  endfacet
  facet normal -1 0 0
    outer loop
      vertex 92.2 222.6 1.4
      vertex 92.2 223.6 2.74
      vertex 92.2 223.6 1.4
    endloop
  endfacet
  facet normal -1 0 0
    outer loop
      vertex 92.2 222.6 1.4
      vertex 92.2 222.6 2.74
      vertex 92.2 223.6 2.74
    endloop
  endfacet
  facet normal 0 1 0
    outer loop
      vertex 92.2 223.6 1.4
      vertex 209 223.6 0.6
      vertex 92.2 223.6 0.6
    endloop
  endfacet
  facet normal 0 -1 0
    outer loop
      vertex 92.2 222.6 1.4
      vertex 92.2 222.6 0.6
      vertex 209 222.6 2.74
    endloop
  endfacet
  facet normal 0 -1 0
    outer loop
      vertex 209 222.6 2.74
      vertex 92.2 222.6 0.6
      vertex 209 222.6 0.6
    endloop
  endfacet
  facet normal 0 1 0
    outer loop
      vertex 92.2 223.6 1.4
      vertex 209 223.6 2.74
      vertex 209 223.6 0.6
    endloop
  endfacet
  facet normal 0 -1 0
    outer loop
      vertex 92.2 222.6 1.4
      vertex 209 222.6 2.74
      vertex 92.2 222.6 2.74
    endloop
  endfacet
  facet normal 0 1 0
    outer loop
      vertex 92.2 223.6 1.4
      vertex 92.2 223.6 2.74
      vertex 209 223.6 2.74
    endloop
  endfacet
  facet normal -1 0 0
    outer loop
      vertex 92.2 221.6 2.74
      vertex 92.2 223.6 3.5500000000000003
      vertex 92.2 222.6 2.74
    endloop
  endfacet
  facet normal -1 0 0
    outer loop
      vertex 92.2 222.6 2.74
      vertex 92.2 223.6 3.5500000000000003
      vertex 92.2 223.6 2.74
    endloop
  endfacet
  facet normal -1 0 0
    outer loop
      vertex 92.2 221.6 2.74
      vertex 92.2 221.6 3.5500000000000003
      vertex 92.2 223.6 3.5500000000000003
    endloop
  endfacet
  facet normal 0 -1 0
    outer loop
      vertex 92.2 221.6 2.74
      vertex 209 221.6 3.5500000000000003
      vertex 92.2 221.6 3.5500000000000003
    endloop
  endfacet
  facet normal 0 0 -1
    outer loop
      vertex 92.2 221.6 2.74
      vertex 92.2 222.6 2.74
      vertex 209 221.6 2.74
    endloop
  endfacet
  facet normal 0 1 0
    outer loop
      vertex 92.2 223.6 2.74
      vertex 92.2 223.6 3.5500000000000003
      vertex 209 223.6 2.74
    endloop
  endfacet
  facet normal 0 0 1
    outer loop
      vertex 92.2 221.6 3.5500000000000003
      vertex 209 221.6 3.5500000000000003
      vertex 92.2 223.6 3.5500000000000003
    endloop
  endfacet
  facet normal 0 -1 0
    outer loop
      vertex 92.2 221.6 2.74
      vertex 209 221.6 2.74
      vertex 209 221.6 3.5500000000000003
    endloop
  endfacet
  facet normal 0 0 -1
    outer loop
      vertex 92.2 222.6 2.74
      vertex 209 222.6 2.74
      vertex 209 221.6 2.74
    endloop
  endfacet
  facet normal 0 1 0
    outer loop
      vertex 92.2 223.6 3.5500000000000003
      vertex 209 223.6 3.55
      vertex 209 223.6 2.74
    endloop
  endfacet
  facet normal 3.802133645976563e-18 2.220446049250313e-16 1
    outer loop
      vertex 92.2 223.6 3.5500000000000003
      vertex 209 221.6 3.5500000000000003
      vertex 209 223.6 3.55
    endloop
  endfacet
  facet normal -1 0 0
    outer loop
      vertex 92.2 212.4 1.4
      vertex 92.2 213.4 2.74
      vertex 92.2 213.4 1.4
    endloop
  endfacet
  facet normal -1 0 0
    outer loop
      vertex 92.2 212.4 1.4
      vertex 92.2 212.4 2.74
      vertex 92.2 213.4 2.74
    endloop
  endfacet
  facet normal 0 1 0
    outer loop
      vertex 92.2 213.4 1.4
      vertex 209 213.4 0.6
      vertex 92.2 213.4 0.6
    endloop
  endfacet
  facet normal 0 -1 0
    outer loop
      vertex 92.2 212.4 1.4
      vertex 92.2 212.4 0.6
      vertex 209 212.4 2.74
    endloop
  endfacet
  facet normal 0 -1 0
    outer loop
      vertex 209 212.4 2.74
      vertex 92.2 212.4 0.6
      vertex 209 212.4 0.6
    endloop
  endfacet
  facet normal 0 1 0
    outer loop
      vertex 92.2 213.4 1.4
      vertex 209 213.4 2.74
      vertex 209 213.4 0.6
    endloop
  endfacet
  facet normal 0 -1 0
    outer loop
      vertex 92.2 212.4 1.4
      vertex 209 212.4 2.74
      vertex 92.2 212.4 2.74
    endloop
  endfacet
  facet normal 0 1 0
    outer loop
      vertex 92.2 213.4 1.4
      vertex 92.2 213.4 2.74
      vertex 209 213.4 2.74
    endloop
  endfacet
  facet normal -1 0 0
    outer loop
      vertex 92.2 212.4 2.74
      vertex 92.2 214.4 3.5500000000000003
      vertex 92.2 213.4 2.74
    endloop
  endfacet
  facet normal -1 0 0
    outer loop
      vertex 92.2 213.4 2.74
      vertex 92.2 214.4 3.5500000000000003
      vertex 92.2 214.4 2.74
    endloop
  endfacet
  facet normal -1 0 0
    outer loop
      vertex 92.2 212.4 2.74
      vertex 92.2 212.4 3.5500000000000003
      vertex 92.2 214.4 3.5500000000000003
    endloop
  endfacet
  facet normal 0 0 -1
    outer loop
      vertex 92.2 213.4 2.74
      vertex 92.2 214.4 2.74
      vertex 209 213.4 2.74
    endloop
  endfacet
  facet normal 0 1 0
    outer loop
      vertex 92.2 214.4 2.74
      vertex 92.2 214.4 3.5500000000000003
      vertex 209 214.4 2.74
    endloop
  endfacet
  facet normal 0 -1 0
    outer loop
      vertex 92.2 212.4 2.74
      vertex 209 212.4 3.5500000000000003
      vertex 92.2 212.4 3.5500000000000003
    endloop
  endfacet
  facet normal 0 0 1
    outer loop
      vertex 92.2 212.4 3.5500000000000003
      vertex 209 212.4 3.5500000000000003
      vertex 92.2 214.4 3.5500000000000003
    endloop
  endfacet
  facet normal 0 0 -1
    outer loop
      vertex 92.2 214.4 2.74
      vertex 209 214.4 2.74
      vertex 209 213.4 2.74
    endloop
  endfacet
  facet normal 0 -1 0
    outer loop
      vertex 92.2 212.4 2.74
      vertex 209 212.4 2.74
      vertex 209 212.4 3.5500000000000003
    endloop
  endfacet
  facet normal 0 1 0
    outer loop
      vertex 92.2 214.4 3.5500000000000003
      vertex 209 214.4 3.55
      vertex 209 214.4 2.74
    endloop
  endfacet
  facet normal 3.802133645976563e-18 2.220446049250313e-16 1
    outer loop
      vertex 92.2 214.4 3.5500000000000003
      vertex 209 212.4 3.5500000000000003
      vertex 209 214.4 3.55
    endloop
  endfacet
  facet normal 0 -1 0
    outer loop
      vertex 86.2 212.4 1.4
      vertex 85 212.4 0.6
      vertex 86.2 212.4 0.6
    endloop
  endfacet
  facet normal 1 0 0
    outer loop
      vertex 86.2 222.6 1.4
      vertex 86.2 213.4 0.6
      vertex 86.2 222.6 0.6
    endloop
  endfacet
  facet normal 1 0 0
    outer loop
      vertex 86.2 213.4 1.4
      vertex 86.2 213.4 0.6
      vertex 86.2 222.6 1.4
    endloop
  endfacet
  facet normal -1 0 0
    outer loop
      vertex 85 212.4 2.4
      vertex 85 223.6 0.6
      vertex 85 212.4 0.6
    endloop
  endfacet
  facet normal 0 -1 0
    outer loop
      vertex 86.2 212.4 1.4
      vertex 86.2 212.4 2.4
      vertex 85 212.4 0.6
    endloop
  endfacet
  facet normal 1 0 0
    outer loop
      vertex 86.2 212.4 1.4
      vertex 86.2 213.4 1.4
      vertex 86.2 212.4 2.4
    endloop
  endfacet
  facet normal 1 0 0
    outer loop
      vertex 86.2 213.4 1.4
      vertex 86.2 222.6 1.4
      vertex 86.2 212.4 2.4
    endloop
  endfacet
  facet normal 0 1 0
    outer loop
      vertex 85 223.6 2.4
      vertex 86.2 223.6 0.6
      vertex 85 223.6 0.6
    endloop
  endfacet
  facet normal 0 1 0
    outer loop
      vertex 86.2 223.6 1.4
      vertex 86.2 223.6 0.6
      vertex 85 223.6 2.4
    endloop
  endfacet
  facet normal 1 0 0
    outer loop
      vertex 86.2 222.6 1.4
      vertex 86.2 223.6 1.4
      vertex 86.2 223.6 2.4
    endloop
  endfacet
  facet normal 0 -1 0
    outer loop
      vertex 85 212.4 2.4
      vertex 85 212.4 0.6
      vertex 86.2 212.4 2.4
    endloop
  endfacet
  facet normal -1 0 0
    outer loop
      vertex 85 212.4 2.4
      vertex 85 223.6 2.4
      vertex 85 223.6 0.6
    endloop
  endfacet
  facet normal 1 0 0
    outer loop
      vertex 86.2 222.6 1.4
      vertex 86.2 223.6 2.4
      vertex 86.2 212.4 2.4
    endloop
  endfacet
  facet normal 0 0 1
    outer loop
      vertex 85 212.4 2.4
      vertex 86.2 212.4 2.4
      vertex 85 223.6 2.4
    endloop
  endfacet
  facet normal 0 0 1
    outer loop
      vertex 86.2 212.4 2.4
      vertex 86.2 223.6 2.4
      vertex 85 223.6 2.4
    endloop
  endfacet
  facet normal 0 1 0
    outer loop
      vertex 86.2 223.6 1.4
      vertex 85 223.6 2.4
      vertex 86.2 223.6 2.4
    endloop
  endfacet
  facet normal -1 0 0
    outer loop
      vertex 209 221.6 2.74
      vertex 209 222.6 0.6
      vertex 209 213.4 0.6
    endloop
  endfacet
  facet normal 0 -1 0
    outer loop
      vertex 211 212.4 3.55
      vertex 209 212.4 0.6
      vertex 211 212.4 0.6
    endloop
  endfacet
  facet normal 1 0 0
    outer loop
      vertex 211 223.6 3.55
      vertex 211 212.4 0.6
      vertex 211 223.6 0.6
    endloop
  endfacet
  facet normal 0 1 0
    outer loop
      vertex 209 223.6 2.74
      vertex 211 223.6 0.6
      vertex 209 223.6 0.6
    endloop
  endfacet
  facet normal -1 0 0
    outer loop
      vertex 209 213.4 2.74
      vertex 209 214.4 2.74
      vertex 209 213.4 0.6
    endloop
  endfacet
  facet normal 0 -1 0
    outer loop
      vertex 209 212.4 2.74
      vertex 209 212.4 0.6
      vertex 211 212.4 3.55
    endloop
  endfacet
  facet normal -1 0 0
    outer loop
      vertex 209 214.4 2.74
      vertex 209 221.6 3.5500000000000003
      vertex 209 213.4 0.6
    endloop
  endfacet
  facet normal -1 0 0
    outer loop
      vertex 209 221.6 2.74
      vertex 209 213.4 0.6
      vertex 209 221.6 3.5500000000000003
    endloop
  endfacet
  facet normal 1 0 0
    outer loop
      vertex 211 212.4 3.55
      vertex 211 212.4 0.6
      vertex 211 223.6 3.55
    endloop
  endfacet
  facet normal -1 0 0
    outer loop
      vertex 209 221.6 2.74
      vertex 209 222.6 2.74
      vertex 209 222.6 0.6
    endloop
  endfacet
  facet normal 0 1 0
    outer loop
      vertex 209 223.6 2.74
      vertex 209 223.6 3.55
      vertex 211 223.6 0.6
    endloop
  endfacet
  facet normal 0 1 0
    outer loop
      vertex 209 223.6 3.55
      vertex 211 223.6 3.55
      vertex 211 223.6 0.6
    endloop
  endfacet
  facet normal 0 -1 0
    outer loop
      vertex 209 212.4 2.74
      vertex 211 212.4 3.55
      vertex 209 212.4 3.5500000000000003
    endloop
  endfacet
  facet normal -1 0 0
    outer loop
      vertex 209 214.4 2.74
      vertex 209 214.4 3.55
      vertex 209 221.6 3.5500000000000003
    endloop
  endfacet
  facet normal 2.220446049250313e-16 2.220446049250313e-16 1
    outer loop
      vertex 209 212.4 3.5500000000000003
      vertex 211 212.4 3.55
      vertex 209 214.4 3.55
    endloop
  endfacet
  facet normal -6.167905692361991e-17 -6.167905692361991e-17 1
    outer loop
      vertex 209 214.4 3.55
      vertex 211 212.4 3.55
      vertex 209 221.6 3.5500000000000003
    endloop
  endfacet
  facet normal 1.243449787580174e-15 2.220446049250313e-16 1
    outer loop
      vertex 211 212.4 3.55
      vertex 209 223.6 3.55
      vertex 209 221.6 3.5500000000000003
    endloop
  endfacet
  facet normal 0 0 1
    outer loop
      vertex 211 212.4 3.55
      vertex 211 223.6 3.55
      vertex 209 223.6 3.55
    endloop
  endfacet
  facet normal -1 0 0
    outer loop
      vertex 58 229.55 1.2999999999999998
      vertex 58 228 0.59
      vertex 58 228 0.6
    endloop
  endfacet
  facet normal -1 0 0
    outer loop
      vertex 58 229.55 0.59
      vertex 58 228 0.59
      vertex 58 229.55 1.2999999999999998
    endloop
  endfacet
  facet normal 0 0 -1
    outer loop
      vertex 58 229.55 0.59
      vertex 83.2 229.55 0.59
      vertex 58 228 0.59
    endloop
  endfacet
  facet normal 0 0 -1
    outer loop
      vertex 83.2 229.55 0.59
      vertex 84 229.55 0.59
      vertex 58 228 0.59
    endloop
  endfacet
  facet normal 0 0 -1
    outer loop
      vertex 84 228 0.59
      vertex 58 228 0.59
      vertex 84 229.55 0.59
    endloop
  endfacet
  facet normal 0 -1 0
    outer loop
      vertex 84 228 1.2999999999999998
      vertex 58 228 0.6
      vertex 84 228 0.6
    endloop
  endfacet
  facet normal 0 1 0
    outer loop
      vertex 58 229.55 0.59
      vertex 83.2 229.55 1.2999999999999998
      vertex 83.2 229.55 0.59
    endloop
  endfacet
  facet normal 1 0 0
    outer loop
      vertex 84 229.55 1.189949999999999
      vertex 84 228 0.6
      vertex 84 229.55 0.6
    endloop
  endfacet
  facet normal -1 0 0
    outer loop
      vertex 58 228 1.2999999999999998
      vertex 58 229.55 1.2999999999999998
      vertex 58 228 0.6
    endloop
  endfacet
  facet normal 0 -1 0
    outer loop
      vertex 58 228 1.2999999999999998
      vertex 58 228 0.6
      vertex 84 228 1.2999999999999998
    endloop
  endfacet
  facet normal 0 1 0
    outer loop
      vertex 58 229.55 0.59
      vertex 58 229.55 1.2999999999999998
      vertex 83.2 229.55 1.2999999999999998
    endloop
  endfacet
  facet normal 0 0 1
    outer loop
      vertex 58 228 1.2999999999999998
      vertex 84 228 1.2999999999999998
      vertex 58 229.55 1.2999999999999998
    endloop
  endfacet
  facet normal 1 0 0
    outer loop
      vertex 84 229.55 1.189949999999999
      vertex 84 228 1.2999999999999998
      vertex 84 228 0.6
    endloop
  endfacet
  facet normal 0 0 1
    outer loop
      vertex 58 229.55 1.2999999999999998
      vertex 84 228 1.2999999999999998
      vertex 83.2 229.55 1.2999999999999998
    endloop
  endfacet
  facet normal 0 0 1
    outer loop
      vertex 84 228 1.2999999999999998
      vertex 83.876 229.55 1.2999999999999998
      vertex 83.2 229.55 1.2999999999999998
    endloop
  endfacet
  facet normal -1 0 0
    outer loop
      vertex 58 236.45 0.59
      vertex 58 238 0.6
      vertex 58 238 0.59
    endloop
  endfacet
  facet normal -1 0 0
    outer loop
      vertex 58 236.45 0.59
      vertex 58 238 1.2999999999999998
      vertex 58 238 0.6
    endloop
  endfacet
  facet normal 0 -1 0
    outer loop
      vertex 58 236.45 0.59
      vertex 83.2 236.45 0.59
      vertex 58 236.45 1.2999999999999998
    endloop
  endfacet
  facet normal 0 0 -1
    outer loop
      vertex 58 236.45 0.59
      vertex 58 238 0.59
      vertex 84 238 0.59
    endloop
  endfacet
  facet normal 0 1 0
    outer loop
      vertex 58 238 1.2999999999999998
      vertex 84 238 0.6
      vertex 58 238 0.6
    endloop
  endfacet
  facet normal 0 0 -1
    outer loop
      vertex 58 236.45 0.59
      vertex 84 238 0.59
      vertex 83.2 236.45 0.59
    endloop
  endfacet
  facet normal 0 0 -1
    outer loop
      vertex 83.2 236.45 0.59
      vertex 84 238 0.59
      vertex 84 236.45 0.59
    endloop
  endfacet
  facet normal 1 0 0
    outer loop
      vertex 84 236.45 0.7000500000000007
      vertex 84 236.45 0.6
      vertex 84 237.85915492957747 0.6
    endloop
  endfacet
  facet normal -1 0 0
    outer loop
      vertex 58 236.45 0.59
      vertex 58 236.45 1.2999999999999998
      vertex 58 238 1.2999999999999998
    endloop
  endfacet
  facet normal 0 0 1
    outer loop
      vertex 58 236.45 1.2999999999999998
      vertex 83.2 236.4976923076923 1.2999999999999998
      vertex 58 238 1.2999999999999998
    endloop
  endfacet
  facet normal 0 -1 0
    outer loop
      vertex 58 236.45 1.2999999999999998
      vertex 83.2 236.45 0.59
      vertex 83.2 236.45 1.2999999999999998
    endloop
  endfacet
  facet normal 0 0 1
    outer loop
      vertex 58 236.45 1.2999999999999998
      vertex 83.2 236.45 1.2999999999999998
      vertex 83.2 236.4976923076923 1.2999999999999998
    endloop
  endfacet
  facet normal 0 0 1
    outer loop
      vertex 83.2 236.4976923076923 1.2999999999999998
      vertex 83.32076055031689 236.49049312103878 1.2999999999999998
      vertex 84 238 1.2999999999999998
    endloop
  endfacet
  facet normal 0 1 0
    outer loop
      vertex 58 238 1.2999999999999998
      vertex 84 238 1.2999999999999998
      vertex 84 238 0.6
    endloop
  endfacet
  facet normal 0 0 1
    outer loop
      vertex 58 238 1.2999999999999998
      vertex 83.2 236.4976923076923 1.2999999999999998
      vertex 84 238 1.2999999999999998
    endloop
  endfacet
  facet normal 0 0 -1
    outer loop
      vertex 83.2 229.55 0.59
      vertex 84 236.45 0.59
      vertex 84 229.55 0.59
    endloop
  endfacet
  facet normal 0 0 -1
    outer loop
      vertex 83.2 229.55 0.59
      vertex 83.2 236.45 0.59
      vertex 84 236.45 0.59
    endloop
  endfacet
  facet normal 1 0 0
    outer loop
      vertex 84 236.45 0.7000500000000007
      vertex 84 229.55 0.6
      vertex 84 236.45 0.6
    endloop
  endfacet
  facet normal -1 0 0
    outer loop
      vertex 83.2 229.55 0.59
      vertex 83.2 229.55 1.2999999999999998
      vertex 83.2 236.45 0.59
    endloop
  endfacet
  facet normal 1 0 0
    outer loop
      vertex 84 236.45 0.7000500000000007
      vertex 84 229.55 1.189949999999999
      vertex 84 229.55 0.6
    endloop
  endfacet
  facet normal 1 0 0
    outer loop
      vertex 84 238 1.2999999999999998
      vertex 84 237.85915492957747 0.6
      vertex 84 238 0.6
    endloop
  endfacet
  facet normal 1 0 0
    outer loop
      vertex 84 236.45 0.7000500000000007
      vertex 84 237.85915492957747 0.6
      vertex 84 238 1.2999999999999998
    endloop
  endfacet
  facet normal -1 0 0
    outer loop
      vertex 83.2 236.45 0.59
      vertex 83.2 229.55 1.2999999999999998
      vertex 83.2 236.45 1.2999999999999998
    endloop
  endfacet
  facet normal 1 0 0
    outer loop
      vertex 84 236.45 0.7000500000000007
      vertex 84 238 1.2999999999999998
      vertex 84 229.55 1.189949999999999
    endloop
  endfacet
  facet normal 1 0 0
    outer loop
      vertex 84 229.55 1.189949999999999
      vertex 84 238 1.2999999999999998
      vertex 84 228 1.2999999999999998
    endloop
  endfacet
  facet normal 0 0 1
    outer loop
      vertex 83.2 229.55 1.2999999999999998
      vertex 83.876 229.55 1.2999999999999998
      vertex 83.2 236.45 1.2999999999999998
    endloop
  endfacet
  facet normal 0 0 1
    outer loop
      vertex 84 228 1.2999999999999998
      vertex 84 238 1.2999999999999998
      vertex 83.876 229.55 1.2999999999999998
    endloop
  endfacet
  facet normal 0 0 1
    outer loop
      vertex 83.876 229.55 1.2999999999999998
      vertex 83.32076055031689 236.49049312103878 1.2999999999999998
      vertex 83.2 236.45 1.2999999999999998
    endloop
  endfacet
  facet normal 0 0 1
    outer loop
      vertex 83.876 229.55 1.2999999999999998
      vertex 84 238 1.2999999999999998
      vertex 83.32076055031689 236.49049312103878 1.2999999999999998
    endloop
  endfacet
  facet normal 0 0 1
    outer loop
      vertex 83.2 236.45 1.2999999999999998
      vertex 83.32076055031689 236.49049312103878 1.2999999999999998
      vertex 83.2 236.4976923076923 1.2999999999999998
    endloop
  endfacet
  facet normal 0 1 0
    outer loop
      vertex 86.2 228.4 1.4
      vertex 92.2 228.4 0.6
      vertex 86.2 228.4 0.6
    endloop
  endfacet
  facet normal 0 -1 0
    outer loop
      vertex 92.2 227.4 1.4
      vertex 86.2 227.4 0.6
      vertex 92.2 227.4 0.6
    endloop
  endfacet
  facet normal 0 -1 0
    outer loop
      vertex 86.2 227.4 1.4
      vertex 86.2 227.4 0.6
      vertex 92.2 227.4 1.4
    endloop
  endfacet
  facet normal 0 1 0
    outer loop
      vertex 86.2 228.4 1.4
      vertex 92.2 228.4 1.4
      vertex 92.2 228.4 0.6
    endloop
  endfacet
  facet normal 0 0 1
    outer loop
      vertex 86.2 227.4 1.4
      vertex 92.2 227.4 1.4
      vertex 86.2 228.4 1.4
    endloop
  endfacet
  facet normal 0 0 1
    outer loop
      vertex 86.2 228.4 1.4
      vertex 92.2 227.4 1.4
      vertex 92.2 228.4 1.4
    endloop
  endfacet
  facet normal 0 1 0
    outer loop
      vertex 86.2 238.6 1.4
      vertex 92.2 238.6 0.6
      vertex 86.2 238.6 0.6
    endloop
  endfacet
  facet normal 0 -1 0
    outer loop
      vertex 92.2 237.6 1.4
      vertex 86.2 237.6 0.6
      vertex 92.2 237.6 0.6
    endloop
  endfacet
  facet normal 0 -1 0
    outer loop
      vertex 86.2 237.6 1.4
      vertex 86.2 237.6 0.6
      vertex 92.2 237.6 1.4
    endloop
  endfacet
  facet normal 0 1 0
    outer loop
      vertex 86.2 238.6 1.4
      vertex 92.2 238.6 1.4
      vertex 92.2 238.6 0.6
    endloop
  endfacet
  facet normal 0 0 1
    outer loop
      vertex 86.2 237.6 1.4
      vertex 92.2 237.6 1.4
      vertex 86.2 238.6 1.4
    endloop
  endfacet
  facet normal 0 0 1
    outer loop
      vertex 86.2 238.6 1.4
      vertex 92.2 237.6 1.4
      vertex 92.2 238.6 1.4
    endloop
  endfacet
  facet normal -1 0 0
    outer loop
      vertex 92.2 237.6 1.4
      vertex 92.2 238.6 2.74
      vertex 92.2 238.6 1.4
    endloop
  endfacet
  facet normal -1 0 0
    outer loop
      vertex 92.2 237.6 1.4
      vertex 92.2 237.6 2.74
      vertex 92.2 238.6 2.74
    endloop
  endfacet
  facet normal 0 1 0
    outer loop
      vertex 92.2 238.6 1.4
      vertex 209 238.6 0.6
      vertex 92.2 238.6 0.6
    endloop
  endfacet
  facet normal 0 -1 0
    outer loop
      vertex 92.2 237.6 1.4
      vertex 92.2 237.6 0.6
      vertex 209 237.6 2.74
    endloop
  endfacet
  facet normal 0 -1 0
    outer loop
      vertex 209 237.6 2.74
      vertex 92.2 237.6 0.6
      vertex 209 237.6 0.6
    endloop
  endfacet
  facet normal 0 1 0
    outer loop
      vertex 92.2 238.6 1.4
      vertex 209 238.6 2.74
      vertex 209 238.6 0.6
    endloop
  endfacet
  facet normal 0 -1 0
    outer loop
      vertex 92.2 237.6 1.4
      vertex 209 237.6 2.74
      vertex 92.2 237.6 2.74
    endloop
  endfacet
  facet normal 0 1 0
    outer loop
      vertex 92.2 238.6 1.4
      vertex 92.2 238.6 2.74
      vertex 209 238.6 2.74
    endloop
  endfacet
  facet normal -1 0 0
    outer loop
      vertex 92.2 236.6 2.74
      vertex 92.2 238.6 3.5500000000000003
      vertex 92.2 237.6 2.74
    endloop
  endfacet
  facet normal -1 0 0
    outer loop
      vertex 92.2 237.6 2.74
      vertex 92.2 238.6 3.5500000000000003
      vertex 92.2 238.6 2.74
    endloop
  endfacet
  facet normal -1 0 0
    outer loop
      vertex 92.2 236.6 2.74
      vertex 92.2 236.6 3.5500000000000003
      vertex 92.2 238.6 3.5500000000000003
    endloop
  endfacet
  facet normal 0 0 -1
    outer loop
      vertex 92.2 236.6 2.74
      vertex 92.2 237.6 2.74
      vertex 209 236.6 2.74
    endloop
  endfacet
  facet normal 0 1 0
    outer loop
      vertex 92.2 238.6 2.74
      vertex 92.2 238.6 3.5500000000000003
      vertex 209 238.6 2.74
    endloop
  endfacet
  facet normal 0 -1 0
    outer loop
      vertex 92.2 236.6 2.74
      vertex 209 236.6 3.5500000000000003
      vertex 92.2 236.6 3.5500000000000003
    endloop
  endfacet
  facet normal 0 0 1
    outer loop
      vertex 92.2 236.6 3.5500000000000003
      vertex 209 236.6 3.5500000000000003
      vertex 92.2 238.6 3.5500000000000003
    endloop
  endfacet
  facet normal 0 0 -1
    outer loop
      vertex 92.2 237.6 2.74
      vertex 209 237.6 2.74
      vertex 209 236.6 2.74
    endloop
  endfacet
  facet normal 0 -1 0
    outer loop
      vertex 92.2 236.6 2.74
      vertex 209 236.6 2.74
      vertex 209 236.6 3.5500000000000003
    endloop
  endfacet
  facet normal 0 1 0
    outer loop
      vertex 92.2 238.6 3.5500000000000003
      vertex 209 238.6 3.55
      vertex 209 238.6 2.74
    endloop
  endfacet
  facet normal 3.802133645976563e-18 2.220446049250313e-16 1
    outer loop
      vertex 92.2 238.6 3.5500000000000003
      vertex 209 236.6 3.5500000000000003
      vertex 209 238.6 3.55
    endloop
  endfacet
  facet normal -1 0 0
    outer loop
      vertex 92.2 227.4 1.4
      vertex 92.2 228.4 2.74
      vertex 92.2 228.4 1.4
    endloop
  endfacet
  facet normal -1 0 0
    outer loop
      vertex 92.2 227.4 1.4
      vertex 92.2 227.4 2.74
      vertex 92.2 228.4 2.74
    endloop
  endfacet
  facet normal 0 1 0
    outer loop
      vertex 92.2 228.4 1.4
      vertex 209 228.4 0.6
      vertex 92.2 228.4 0.6
    endloop
  endfacet
  facet normal 0 -1 0
    outer loop
      vertex 92.2 227.4 1.4
      vertex 92.2 227.4 0.6
      vertex 209 227.4 2.74
    endloop
  endfacet
  facet normal 0 -1 0
    outer loop
      vertex 209 227.4 2.74
      vertex 92.2 227.4 0.6
      vertex 209 227.4 0.6
    endloop
  endfacet
  facet normal 0 1 0
    outer loop
      vertex 92.2 228.4 1.4
      vertex 209 228.4 2.74
      vertex 209 228.4 0.6
    endloop
  endfacet
  facet normal 0 -1 0
    outer loop
      vertex 92.2 227.4 1.4
      vertex 209 227.4 2.74
      vertex 92.2 227.4 2.74
    endloop
  endfacet
  facet normal 0 1 0
    outer loop
      vertex 92.2 228.4 1.4
      vertex 92.2 228.4 2.74
      vertex 209 228.4 2.74
    endloop
  endfacet
  facet normal -1 0 0
    outer loop
      vertex 92.2 227.4 2.74
      vertex 92.2 229.4 3.5500000000000003
      vertex 92.2 228.4 2.74
    endloop
  endfacet
  facet normal -1 0 0
    outer loop
      vertex 92.2 228.4 2.74
      vertex 92.2 229.4 3.5500000000000003
      vertex 92.2 229.4 2.74
    endloop
  endfacet
  facet normal -1 0 0
    outer loop
      vertex 92.2 227.4 2.74
      vertex 92.2 227.4 3.5500000000000003
      vertex 92.2 229.4 3.5500000000000003
    endloop
  endfacet
  facet normal 0 0 -1
    outer loop
      vertex 92.2 228.4 2.74
      vertex 92.2 229.4 2.74
      vertex 209 228.4 2.74
    endloop
  endfacet
  facet normal 0 1 0
    outer loop
      vertex 92.2 229.4 2.74
      vertex 92.2 229.4 3.5500000000000003
      vertex 209 229.4 2.74
    endloop
  endfacet
  facet normal 0 -1 0
    outer loop
      vertex 92.2 227.4 2.74
      vertex 209 227.4 3.5500000000000003
      vertex 92.2 227.4 3.5500000000000003
    endloop
  endfacet
  facet normal 0 0 1
    outer loop
      vertex 92.2 227.4 3.5500000000000003
      vertex 209 227.4 3.5500000000000003
      vertex 92.2 229.4 3.5500000000000003
    endloop
  endfacet
  facet normal 0 0 -1
    outer loop
      vertex 92.2 229.4 2.74
      vertex 209 229.4 2.74
      vertex 209 228.4 2.74
    endloop
  endfacet
  facet normal 0 -1 0
    outer loop
      vertex 92.2 227.4 2.74
      vertex 209 227.4 2.74
      vertex 209 227.4 3.5500000000000003
    endloop
  endfacet
  facet normal 0 1 0
    outer loop
      vertex 92.2 229.4 3.5500000000000003
      vertex 209 229.4 3.55
      vertex 209 229.4 2.74
    endloop
  endfacet
  facet normal 3.802133645976563e-18 2.220446049250313e-16 1
    outer loop
      vertex 92.2 229.4 3.5500000000000003
      vertex 209 227.4 3.5500000000000003
      vertex 209 229.4 3.55
    endloop
  endfacet
  facet normal 0 -1 0
    outer loop
      vertex 86.2 227.4 1.4
      vertex 85 227.4 0.6
      vertex 86.2 227.4 0.6
    endloop
  endfacet
  facet normal 1 0 0
    outer loop
      vertex 86.2 237.6 1.4
      vertex 86.2 228.4 0.6
      vertex 86.2 237.6 0.6
    endloop
  endfacet
  facet normal 1 0 0
    outer loop
      vertex 86.2 228.4 1.4
      vertex 86.2 228.4 0.6
      vertex 86.2 237.6 1.4
    endloop
  endfacet
  facet normal -1 0 0
    outer loop
      vertex 85 227.4 2.4
      vertex 85 238.6 0.6
      vertex 85 227.4 0.6
    endloop
  endfacet
  facet normal 0 1 0
    outer loop
      vertex 85 238.6 2.4
      vertex 86.2 238.6 0.6
      vertex 85 238.6 0.6
    endloop
  endfacet
  facet normal 0 -1 0
    outer loop
      vertex 86.2 227.4 1.4
      vertex 86.2 227.4 2.4
      vertex 85 227.4 0.6
    endloop
  endfacet
  facet normal 1 0 0
    outer loop
      vertex 86.2 227.4 1.4
      vertex 86.2 228.4 1.4
      vertex 86.2 227.4 2.4
    endloop
  endfacet
  facet normal 1 0 0
    outer loop
      vertex 86.2 228.4 1.4
      vertex 86.2 237.6 1.4
      vertex 86.2 227.4 2.4
    endloop
  endfacet
  facet normal 0 1 0
    outer loop
      vertex 86.2 238.6 1.4
      vertex 86.2 238.6 0.6
      vertex 85 238.6 2.4
    endloop
  endfacet
  facet normal 1 0 0
    outer loop
      vertex 86.2 237.6 1.4
      vertex 86.2 238.6 1.4
      vertex 86.2 238.6 2.4
    endloop
  endfacet
  facet normal 0 -1 0
    outer loop
      vertex 85 227.4 2.4
      vertex 85 227.4 0.6
      vertex 86.2 227.4 2.4
    endloop
  endfacet
  facet normal -1 0 0
    outer loop
      vertex 85 227.4 2.4
      vertex 85 238.6 2.4
      vertex 85 238.6 0.6
    endloop
  endfacet
  facet normal 1 0 0
    outer loop
      vertex 86.2 237.6 1.4
      vertex 86.2 238.6 2.4
      vertex 86.2 227.4 2.4
    endloop
  endfacet
  facet normal 0 1 0
    outer loop
      vertex 86.2 238.6 1.4
      vertex 85 238.6 2.4
      vertex 86.2 238.6 2.4
    endloop
  endfacet
  facet normal 0 0 1
    outer loop
      vertex 85 227.4 2.4
      vertex 86.2 227.4 2.4
      vertex 85 238.6 2.4
    endloop
  endfacet
  facet normal 0 0 1
    outer loop
      vertex 86.2 227.4 2.4
      vertex 86.2 238.6 2.4
      vertex 85 238.6 2.4
    endloop
  endfacet
  facet normal -1 0 0
    outer loop
      vertex 209 236.6 2.74
      vertex 209 237.6 0.6
      vertex 209 228.4 0.6
    endloop
  endfacet
  facet normal 0 1 0
    outer loop
      vertex 209 238.6 2.74
      vertex 211 238.6 0.6
      vertex 209 238.6 0.6
    endloop
  endfacet
  facet normal 0 -1 0
    outer loop
      vertex 211 227.4 3.55
      vertex 209 227.4 0.6
      vertex 211 227.4 0.6
    endloop
  endfacet
  facet normal 1 0 0
    outer loop
      vertex 211 238.6 3.55
      vertex 211 227.4 0.6
      vertex 211 238.6 0.6
    endloop
  endfacet
  facet normal -1 0 0
    outer loop
      vertex 209 228.4 2.74
      vertex 209 229.4 2.74
      vertex 209 228.4 0.6
    endloop
  endfacet
  facet normal -1 0 0
    outer loop
      vertex 209 236.6 2.74
      vertex 209 237.6 2.74
      vertex 209 237.6 0.6
    endloop
  endfacet
  facet normal 0 -1 0
    outer loop
      vertex 209 227.4 2.74
      vertex 209 227.4 0.6
      vertex 211 227.4 3.55
    endloop
  endfacet
  facet normal -1 0 0
    outer loop
      vertex 209 229.4 2.74
      vertex 209 236.6 3.5500000000000003
      vertex 209 228.4 0.6
    endloop
  endfacet
  facet normal -1 0 0
    outer loop
      vertex 209 236.6 2.74
      vertex 209 228.4 0.6
      vertex 209 236.6 3.5500000000000003
    endloop
  endfacet
  facet normal 1 0 0
    outer loop
      vertex 211 227.4 3.55
      vertex 211 227.4 0.6
      vertex 211 238.6 3.55
    endloop
  endfacet
  facet normal 0 1 0
    outer loop
      vertex 209 238.6 2.74
      vertex 209 238.6 3.55
      vertex 211 238.6 0.6
    endloop
  endfacet
  facet normal 0 1 0
    outer loop
      vertex 209 238.6 3.55
      vertex 211 238.6 3.55
      vertex 211 238.6 0.6
    endloop
  endfacet
  facet normal 0 -1 0
    outer loop
      vertex 209 227.4 2.74
      vertex 211 227.4 3.55
      vertex 209 227.4 3.5500000000000003
    endloop
  endfacet
  facet normal -1 0 0
    outer loop
      vertex 209 229.4 2.74
      vertex 209 229.4 3.55
      vertex 209 236.6 3.5500000000000003
    endloop
  endfacet
  facet normal 2.220446049250313e-16 2.220446049250313e-16 1
    outer loop
      vertex 209 227.4 3.5500000000000003
      vertex 211 227.4 3.55
      vertex 209 229.4 3.55
    endloop
  endfacet
  facet normal -6.167905692361991e-17 -6.167905692361991e-17 1
    outer loop
      vertex 211 227.4 3.55
      vertex 209 236.6 3.5500000000000003
      vertex 209 229.4 3.55
    endloop
  endfacet
  facet normal 1.243449787580174e-15 2.220446049250313e-16 1
    outer loop
      vertex 211 227.4 3.55
      vertex 209 238.6 3.55
      vertex 209 236.6 3.5500000000000003
    endloop
  endfacet
  facet normal 0 0 1
    outer loop
      vertex 211 227.4 3.55
      vertex 211 238.6 3.55
      vertex 209 238.6 3.55
    endloop
  endfacet
endsolid OpenSCAD_Model
