solid OpenSCAD_Model
  facet normal 0 0 1
    outer loop
      vertex 12.25 2 0.6
      vertex 33.06 5.6000000000000085 0.6
      vertex 12.25 5.6000000000000085 0.6
    endloop
  endfacet
  facet normal 0 0 1
    outer loop
      vertex 33.06 6.400000000000008 0.6
      vertex 33.06 18.800000000000008 0.6
      vertex 12.25 6.400000000000008 0.6
    endloop
  endfacet
  facet normal 0 0 1
    outer loop
      vertex 12.25 18.800000000000008 0.6
      vertex 12.25 6.400000000000008 0.6
      vertex 33.06 18.800000000000008 0.6
    endloop
  endfacet
  facet normal 0 0 1
    outer loop
      vertex 12.25 19.60000000000001 0.6
      vertex 33.06 19.60000000000001 0.6
      vertex 33.06 32.000000000000014 0.6
    endloop
  endfacet
  facet normal 0 0 1
    outer loop
      vertex 33.06 5.6000000000000085 0.6
      vertex 39.65 5.6000000000000085 0.6
      vertex 33.06 6.400000000000008 0.6
    endloop
  endfacet
  facet normal 0 0 1
    outer loop
      vertex 33.06 6.400000000000008 0.6
      vertex 39.65 18.800000000000008 0.6
      vertex 33.06 18.800000000000008 0.6
    endloop
  endfacet
  facet normal 0 0 1
    outer loop
      vertex 33.06 18.800000000000008 0.6
      vertex 39.65 18.800000000000008 0.6
      vertex 33.06 19.60000000000001 0.6
    endloop
  endfacet
  facet normal 0 0 1
    outer loop
      vertex 12.25 19.60000000000001 0.6
      vertex 33.06 32.000000000000014 0.6
      vertex 12.25 32.000000000000014 0.6
    endloop
  endfacet
  facet normal 0 0 1
    outer loop
      vertex 12.25 32.80000000000001 0.6
      vertex 33.06 32.80000000000001 0.6
      vertex 33.06 45.20000000000001 0.6
    endloop
  endfacet
  facet normal 0 0 1
    outer loop
      vertex 12.25 32.80000000000001 0.6
      vertex 33.06 45.20000000000001 0.6
      vertex 12.25 45.20000000000001 0.6
    endloop
  endfacet
  facet normal 0 0 1
    outer loop
      vertex 12.25 46.00000000000001 0.6
      vertex 33.06 46.00000000000001 0.6
      vertex 12.25 58.400000000000006 0.6
    endloop
  endfacet
  facet normal 0 0 1
    outer loop
      vertex 33.06 19.60000000000001 0.6
      vertex 39.65 32.008839779005534 0.6
      vertex 33.06 32.000000000000014 0.6
    endloop
  endfacet
  facet normal 0 0 1
    outer loop
      vertex 33.06 32.000000000000014 0.6
      vertex 39.65 32.008839779005534 0.6
      vertex 33.06 32.80000000000001 0.6
    endloop
  endfacet
  facet normal 0 0 1
    outer loop
      vertex 33.06 32.80000000000001 0.6
      vertex 39.65 32.008839779005534 0.6
      vertex 33.06 45.20000000000001 0.6
    endloop
  endfacet
  facet normal 0 0 1
    outer loop
      vertex 33.06 45.20000000000001 0.6
      vertex 39.65 45.2 0.6
      vertex 33.06 46.00000000000001 0.6
    endloop
  endfacet
  facet normal 0 0 1
    outer loop
      vertex 33.06 46.00000000000001 0.6
      vertex 33.06 58.400000000000006 0.6
      vertex 12.25 58.400000000000006 0.6
    endloop
  endfacet
  facet normal 0 0 1
    outer loop
      vertex 12.25 59.2 0.6
      vertex 33.06 59.2 0.6
      vertex 33.06 71.60000000000001 0.6
    endloop
  endfacet
  facet normal 0 0 1
    outer loop
      vertex 12.25 59.2 0.6
      vertex 33.06 71.60000000000001 0.6
      vertex 12.25 71.60000000000001 0.6
    endloop
  endfacet
  facet normal 0 0 1
    outer loop
      vertex 12.25 72.4 0.6
      vertex 33.06 72.4 0.6
      vertex 33.06 84.80000000000001 0.6
    endloop
  endfacet
  facet normal 0 0 1
    outer loop
      vertex 33.06 46.00000000000001 0.6
      vertex 39.65 58.40883977900553 0.6
      vertex 33.06 58.400000000000006 0.6
    endloop
  endfacet
  facet normal 0 0 1
    outer loop
      vertex 33.06 58.400000000000006 0.6
      vertex 39.65 58.40883977900553 0.6
      vertex 33.06 59.2 0.6
    endloop
  endfacet
  facet normal 0 0 1
    outer loop
      vertex 33.06 59.2 0.6
      vertex 39.65 58.40883977900553 0.6
      vertex 33.06 71.60000000000001 0.6
    endloop
  endfacet
  facet normal 0 0 1
    outer loop
      vertex 33.06 71.60000000000001 0.6
      vertex 39.65 71.60000000000001 0.6
      vertex 33.06 72.4 0.6
    endloop
  endfacet
  facet normal 0 0 1
    outer loop
      vertex 12.25 72.4 0.6
      vertex 33.06 84.80000000000001 0.6
      vertex 12.25 84.80000000000001 0.6
    endloop
  endfacet
  facet normal 0 0 1
    outer loop
      vertex 12.25 85.60000000000001 0.6
      vertex 33.06 85.60000000000001 0.6
      vertex 33.06 98 0.6
    endloop
  endfacet
  facet normal 0 0 1
    outer loop
      vertex 12.25 85.60000000000001 0.6
      vertex 33.06 98 0.6
      vertex 12.25 98 0.6
    endloop
  endfacet
  facet normal 0 0 1
    outer loop
      vertex 12.25 98.8 0.6
      vertex 33.06 98.8 0.6
      vertex 33.06 111.2 0.6
    endloop
  endfacet
  facet normal 0 0 1
    outer loop
      vertex 33.06 72.4 0.6
      vertex 39.65 84.80883977900552 0.6
      vertex 33.06 84.80000000000001 0.6
    endloop
  endfacet
  facet normal 0 0 1
    outer loop
      vertex 33.06 84.80000000000001 0.6
      vertex 39.65 84.80883977900552 0.6
      vertex 33.06 85.60000000000001 0.6
    endloop
  endfacet
  facet normal 0 0 1
    outer loop
      vertex 33.06 85.60000000000001 0.6
      vertex 39.65 84.80883977900552 0.6
      vertex 33.06 98 0.6
    endloop
  endfacet
  facet normal 0 0 1
    outer loop
      vertex 33.06 98 0.6
      vertex 39.65 98 0.6
      vertex 33.06 98.8 0.6
    endloop
  endfacet
  facet normal 0 0 1
    outer loop
      vertex 33.06 6.400000000000008 0.6
      vertex 39.65 5.6000000000000085 0.6
      vertex 39.65 18.800000000000008 0.6
    endloop
  endfacet
  facet normal 0 0 1
    outer loop
      vertex 40.85 6.400000000000008 0.6
      vertex 46.85 6.400000000000008 0.6
      vertex 46.85 18.800000000000008 0.6
    endloop
  endfacet
  facet normal 0 0 1
    outer loop
      vertex 33.06 19.60000000000001 0.6
      vertex 39.65 18.800000000000008 0.6
      vertex 39.65 32.008839779005534 0.6
    endloop
  endfacet
  facet normal 0 0 1
    outer loop
      vertex 40.85 6.400000000000008 0.6
      vertex 46.85 18.800000000000008 0.6
      vertex 40.85 18.800000000000008 0.6
    endloop
  endfacet
  facet normal 0 0 1
    outer loop
      vertex 40.85 19.60000000000001 0.6
      vertex 46.85 19.60000000000001 0.6
      vertex 46.85 32.000000000000014 0.6
    endloop
  endfacet
  facet normal 0 0 1
    outer loop
      vertex 40.85 19.60000000000001 0.6
      vertex 46.85 32.000000000000014 0.6
      vertex 40.85 32.000000000000014 0.6
    endloop
  endfacet
  facet normal 0 0 1
    outer loop
      vertex 40.85 32.80000000000001 0.6
      vertex 46.85 32.80000000000001 0.6
      vertex 46.85 45.20000000000001 0.6
    endloop
  endfacet
  facet normal 0 0 1
    outer loop
      vertex 33.06 45.20000000000001 0.6
      vertex 39.65 32.008839779005534 0.6
      vertex 39.65 45.2 0.6
    endloop
  endfacet
  facet normal 0 0 1
    outer loop
      vertex 33.06 46.00000000000001 0.6
      vertex 39.65 45.2 0.6
      vertex 39.65 58.40883977900553 0.6
    endloop
  endfacet
  facet normal 0 0 1
    outer loop
      vertex 40.85 32.80000000000001 0.6
      vertex 46.85 45.20000000000001 0.6
      vertex 40.85 45.20000000000001 0.6
    endloop
  endfacet
  facet normal 0 0 1
    outer loop
      vertex 40.85 46.00000000000001 0.6
      vertex 46.85 46.00000000000001 0.6
      vertex 46.85 58.400000000000006 0.6
    endloop
  endfacet
  facet normal 0 0 1
    outer loop
      vertex 12.25 2 0.6
      vertex 145 2 0.6
      vertex 33.06 5.6000000000000085 0.6
    endloop
  endfacet
  facet normal 0 0 1
    outer loop
      vertex 33.06 5.6000000000000085 0.6
      vertex 145 2 0.6
      vertex 39.65 5.6000000000000085 0.6
    endloop
  endfacet
  facet normal 0 1 0
    outer loop
      vertex 145 2 0.6
      vertex 12.25 2 0.6
      vertex 12.25 2 3.45
    endloop
  endfacet
  facet normal 0 0 1
    outer loop
      vertex 40.85 46.00000000000001 0.6
      vertex 46.85 58.400000000000006 0.6
      vertex 40.85 58.400000000000006 0.6
    endloop
  endfacet
  facet normal 0 0 1
    outer loop
      vertex 40.85 59.2 0.6
      vertex 46.85 59.2 0.6
      vertex 46.85 71.60000000000001 0.6
    endloop
  endfacet
  facet normal 0 0 1
    outer loop
      vertex 33.06 71.60000000000001 0.6
      vertex 39.65 58.40883977900553 0.6
      vertex 39.65 71.60000000000001 0.6
    endloop
  endfacet
  facet normal 0 0 1
    outer loop
      vertex 33.06 72.4 0.6
      vertex 39.65 71.60000000000001 0.6
      vertex 39.65 84.80883977900552 0.6
    endloop
  endfacet
  facet normal 0 0 1
    outer loop
      vertex 40.85 59.2 0.6
      vertex 46.85 71.60000000000001 0.6
      vertex 40.85 71.60000000000001 0.6
    endloop
  endfacet
  facet normal 0 0 1
    outer loop
      vertex 40.85 72.4 0.6
      vertex 46.85 72.4 0.6
      vertex 46.85 84.80000000000001 0.6
    endloop
  endfacet
  facet normal 0 0 1
    outer loop
      vertex 46.85 59.2 0.6
      vertex 46.86188541292101 71.60000000000001 0.6
      vertex 46.85 71.60000000000001 0.6
    endloop
  endfacet
  facet normal 0 0 1
    outer loop
      vertex 40.85 72.4 0.6
      vertex 46.85 84.80000000000001 0.6
      vertex 40.85 84.80000000000001 0.6
    endloop
  endfacet
  facet normal 0 0 1
    outer loop
      vertex 40.85 85.60000000000001 0.6
      vertex 46.85 85.60000000000001 0.6
      vertex 46.85 98 0.6
    endloop
  endfacet
  facet normal 0 0 1
    outer loop
      vertex 33.06 98 0.6
      vertex 39.65 84.80883977900552 0.6
      vertex 39.65 98 0.6
    endloop
  endfacet
  facet normal 0 0 1
    outer loop
      vertex 33.06 98.8 0.6
      vertex 39.65 98 0.6
      vertex 39.65 111.20883977900553 0.6
    endloop
  endfacet
  facet normal 0 0 1
    outer loop
      vertex 40.85 85.60000000000001 0.6
      vertex 46.85 98 0.6
      vertex 40.85 98 0.6
    endloop
  endfacet
  facet normal 0 0 1
    outer loop
      vertex 40.85 98.8 0.6
      vertex 46.85 98.8 0.6
      vertex 46.85 111.2 0.6
    endloop
  endfacet
  facet normal 0 0 1
    outer loop
      vertex 46.85 85.60000000000001 0.6
      vertex 46.86188541292101 98 0.6
      vertex 46.85 98 0.6
    endloop
  endfacet
  facet normal 0 0 1
    outer loop
      vertex 12.25 98.8 0.6
      vertex 33.06 111.2 0.6
      vertex 12.25 111.2 0.6
    endloop
  endfacet
  facet normal 0 0 1
    outer loop
      vertex 12.25 112 0.6
      vertex 33.06 112 0.6
      vertex 33.06 124.4 0.6
    endloop
  endfacet
  facet normal 0 0 1
    outer loop
      vertex 12.25 112 0.6
      vertex 33.06 124.4 0.6
      vertex 12.25 124.4 0.6
    endloop
  endfacet
  facet normal 0 0 1
    outer loop
      vertex 12.25 125.2 0.6
      vertex 33.06 125.2 0.6
      vertex 33.06 137.6 0.6
    endloop
  endfacet
  facet normal 0 0 1
    outer loop
      vertex 33.06 98.8 0.6
      vertex 39.65 111.20883977900553 0.6
      vertex 33.06 111.2 0.6
    endloop
  endfacet
  facet normal 0 0 1
    outer loop
      vertex 33.06 111.2 0.6
      vertex 39.65 111.20883977900553 0.6
      vertex 33.06 112 0.6
    endloop
  endfacet
  facet normal 0 0 1
    outer loop
      vertex 33.06 112 0.6
      vertex 39.65 111.20883977900553 0.6
      vertex 33.06 124.4 0.6
    endloop
  endfacet
  facet normal 0 0 1
    outer loop
      vertex 33.06 124.4 0.6
      vertex 39.65 124.4 0.6
      vertex 33.06 125.2 0.6
    endloop
  endfacet
  facet normal 0 0 1
    outer loop
      vertex 12.25 125.2 0.6
      vertex 33.06 137.6 0.6
      vertex 12.25 137.6 0.6
    endloop
  endfacet
  facet normal 0 0 1
    outer loop
      vertex 12.25 138.4 0.6
      vertex 33.06 138.4 0.6
      vertex 33.06 150.8 0.6
    endloop
  endfacet
  facet normal 0 0 1
    outer loop
      vertex 12.25 138.4 0.6
      vertex 33.06 150.8 0.6
      vertex 12.25 150.8 0.6
    endloop
  endfacet
  facet normal 0 0 1
    outer loop
      vertex 12.25 151.60000000000002 0.6
      vertex 33.06 151.60000000000002 0.6
      vertex 33.06 164 0.6
    endloop
  endfacet
  facet normal 0 0 1
    outer loop
      vertex 33.06 125.2 0.6
      vertex 39.65 137.60883977900554 0.6
      vertex 33.06 137.6 0.6
    endloop
  endfacet
  facet normal 0 0 1
    outer loop
      vertex 33.06 137.6 0.6
      vertex 39.65 137.60883977900554 0.6
      vertex 33.06 138.4 0.6
    endloop
  endfacet
  facet normal 0 0 1
    outer loop
      vertex 33.06 138.4 0.6
      vertex 39.65 137.60883977900554 0.6
      vertex 33.06 150.8 0.6
    endloop
  endfacet
  facet normal 0 0 1
    outer loop
      vertex 33.06 150.8 0.6
      vertex 39.65 150.8 0.6
      vertex 33.06 151.60000000000002 0.6
    endloop
  endfacet
  facet normal 0 0 1
    outer loop
      vertex 12.25 151.60000000000002 0.6
      vertex 33.06 164 0.6
      vertex 12.25 164 0.6
    endloop
  endfacet
  facet normal 0 0 1
    outer loop
      vertex 12.25 164.8 0.6
      vertex 33.06 164.8 0.6
      vertex 33.06 177.2 0.6
    endloop
  endfacet
  facet normal 0 0 1
    outer loop
      vertex 12.25 164.8 0.6
      vertex 33.06 177.2 0.6
      vertex 12.25 177.2 0.6
    endloop
  endfacet
  facet normal 0 0 1
    outer loop
      vertex 12.25 178 0.6
      vertex 33.06 178 0.6
      vertex 33.06 190.39999999999998 0.6
    endloop
  endfacet
  facet normal 0 0 1
    outer loop
      vertex 33.06 151.60000000000002 0.6
      vertex 39.65 164.0088397790055 0.6
      vertex 33.06 164 0.6
    endloop
  endfacet
  facet normal 0 0 1
    outer loop
      vertex 33.06 164 0.6
      vertex 39.65 164.0088397790055 0.6
      vertex 33.06 164.8 0.6
    endloop
  endfacet
  facet normal 0 0 1
    outer loop
      vertex 33.06 164.8 0.6
      vertex 39.65 164.0088397790055 0.6
      vertex 33.06 177.2 0.6
    endloop
  endfacet
  facet normal 0 0 1
    outer loop
      vertex 33.06 177.2 0.6
      vertex 39.65 177.2 0.6
      vertex 33.06 178 0.6
    endloop
  endfacet
  facet normal 0 0 1
    outer loop
      vertex 12.25 178 0.6
      vertex 33.06 190.39999999999998 0.6
      vertex 12.25 190.39999999999998 0.6
    endloop
  endfacet
  facet normal 0 0 1
    outer loop
      vertex 12.25 191.2 0.6
      vertex 33.06 191.2 0.6
      vertex 33.06 203.59999999999997 0.6
    endloop
  endfacet
  facet normal 0 0 1
    outer loop
      vertex 12.25 191.2 0.6
      vertex 33.06 203.59999999999997 0.6
      vertex 12.25 203.59999999999997 0.6
    endloop
  endfacet
  facet normal 0 0 1
    outer loop
      vertex 12.25 204.39999999999998 0.6
      vertex 33.06 204.39999999999998 0.6
      vertex 12.25 208 0.6
    endloop
  endfacet
  facet normal 0 0 1
    outer loop
      vertex 33.06 178 0.6
      vertex 39.65 190.4088397790055 0.6
      vertex 33.06 190.39999999999998 0.6
    endloop
  endfacet
  facet normal 0 0 1
    outer loop
      vertex 33.06 190.39999999999998 0.6
      vertex 39.65 190.4088397790055 0.6
      vertex 33.06 191.2 0.6
    endloop
  endfacet
  facet normal 0 0 1
    outer loop
      vertex 33.06 191.2 0.6
      vertex 39.65 190.4088397790055 0.6
      vertex 33.06 203.59999999999997 0.6
    endloop
  endfacet
  facet normal 0 0 1
    outer loop
      vertex 33.06 203.59999999999997 0.6
      vertex 39.65 204.39999999999998 0.6
      vertex 33.06 204.39999999999998 0.6
    endloop
  endfacet
  facet normal 0 0 1
    outer loop
      vertex 40.85 98.8 0.6
      vertex 46.85 111.2 0.6
      vertex 40.85 111.2 0.6
    endloop
  endfacet
  facet normal 0 0 1
    outer loop
      vertex 40.85 112 0.6
      vertex 46.85 112 0.6
      vertex 46.85 124.4 0.6
    endloop
  endfacet
  facet normal 0 0 1
    outer loop
      vertex 33.06 124.4 0.6
      vertex 39.65 111.20883977900553 0.6
      vertex 39.65 124.4 0.6
    endloop
  endfacet
  facet normal 0 0 1
    outer loop
      vertex 33.06 125.2 0.6
      vertex 39.65 124.4 0.6
      vertex 39.65 137.60883977900554 0.6
    endloop
  endfacet
  facet normal 0 0 1
    outer loop
      vertex 40.85 112 0.6
      vertex 46.85 124.4 0.6
      vertex 40.85 124.4 0.6
    endloop
  endfacet
  facet normal 0 0 1
    outer loop
      vertex 40.85 125.2 0.6
      vertex 46.85 125.2 0.6
      vertex 46.85 137.6 0.6
    endloop
  endfacet
  facet normal 0 0 1
    outer loop
      vertex 46.85 112 0.6
      vertex 46.86188541292101 124.4 0.6
      vertex 46.85 124.4 0.6
    endloop
  endfacet
  facet normal 0 0 1
    outer loop
      vertex 40.85 125.2 0.6
      vertex 46.85 137.6 0.6
      vertex 40.85 137.6 0.6
    endloop
  endfacet
  facet normal 0 0 1
    outer loop
      vertex 40.85 138.4 0.6
      vertex 46.85 138.4 0.6
      vertex 46.85 150.8 0.6
    endloop
  endfacet
  facet normal 0 0 1
    outer loop
      vertex 33.06 150.8 0.6
      vertex 39.65 137.60883977900554 0.6
      vertex 39.65 150.8 0.6
    endloop
  endfacet
  facet normal 0 0 1
    outer loop
      vertex 33.06 151.60000000000002 0.6
      vertex 39.65 150.8 0.6
      vertex 39.65 164.0088397790055 0.6
    endloop
  endfacet
  facet normal 0 0 1
    outer loop
      vertex 40.85 138.4 0.6
      vertex 46.85 150.8 0.6
      vertex 40.85 150.8 0.6
    endloop
  endfacet
  facet normal 0 0 1
    outer loop
      vertex 40.85 151.60000000000002 0.6
      vertex 46.85 151.60000000000002 0.6
      vertex 40.85 164 0.6
    endloop
  endfacet
  facet normal 0 0 1
    outer loop
      vertex 46.85 138.4 0.6
      vertex 46.86188541292101 150.8 0.6
      vertex 46.85 150.8 0.6
    endloop
  endfacet
  facet normal 0 0 1
    outer loop
      vertex 46.85 151.60000000000002 0.6
      vertex 46.85 164 0.6
      vertex 40.85 164 0.6
    endloop
  endfacet
  facet normal 0 0 1
    outer loop
      vertex 40.85 164.8 0.6
      vertex 46.85 164.8 0.6
      vertex 46.85 177.2 0.6
    endloop
  endfacet
  facet normal 0 0 1
    outer loop
      vertex 33.06 177.2 0.6
      vertex 39.65 164.0088397790055 0.6
      vertex 39.65 177.2 0.6
    endloop
  endfacet
  facet normal 0 0 1
    outer loop
      vertex 33.06 178 0.6
      vertex 39.65 177.2 0.6
      vertex 39.65 190.4088397790055 0.6
    endloop
  endfacet
  facet normal 0 0 1
    outer loop
      vertex 40.85 164.8 0.6
      vertex 46.85 177.2 0.6
      vertex 40.85 177.2 0.6
    endloop
  endfacet
  facet normal 0 0 1
    outer loop
      vertex 40.85 178 0.6
      vertex 46.85 178 0.6
      vertex 46.85 190.39999999999998 0.6
    endloop
  endfacet
  facet normal 0 0 1
    outer loop
      vertex 46.85 164.8 0.6
      vertex 46.86188541292101 177.2 0.6
      vertex 46.85 177.2 0.6
    endloop
  endfacet
  facet normal 0 0 1
    outer loop
      vertex 40.85 178 0.6
      vertex 46.85 190.39999999999998 0.6
      vertex 40.85 190.39999999999998 0.6
    endloop
  endfacet
  facet normal 0 0 1
    outer loop
      vertex 40.85 191.2 0.6
      vertex 46.85 191.2 0.6
      vertex 46.85 203.59999999999997 0.6
    endloop
  endfacet
  facet normal 0 0 1
    outer loop
      vertex 33.06 203.59999999999997 0.6
      vertex 39.65 190.4088397790055 0.6
      vertex 39.65 204.39999999999998 0.6
    endloop
  endfacet
  facet normal 0 0 1
    outer loop
      vertex 40.85 191.2 0.6
      vertex 46.85 203.59999999999997 0.6
      vertex 40.85 203.59999999999997 0.6
    endloop
  endfacet
  facet normal 0 0 1
    outer loop
      vertex 33.06 204.39999999999998 0.6
      vertex 145 208 0.6
      vertex 12.25 208 0.6
    endloop
  endfacet
  facet normal 0 0 1
    outer loop
      vertex 33.06 204.39999999999998 0.6
      vertex 39.65 204.39999999999998 0.6
      vertex 145 208 0.6
    endloop
  endfacet
  facet normal 0 -1 0
    outer loop
      vertex 145 208 3.45
      vertex 12.25 208 3.45
      vertex 12.25 208 0.6
    endloop
  endfacet
  facet normal 0 0 1
    outer loop
      vertex 39.65 5.6000000000000085 0.6
      vertex 145 2 0.6
      vertex 40.85 5.6000000000000085 0.6
    endloop
  endfacet
  facet normal 0 0 1
    outer loop
      vertex 40.85 5.6000000000000085 0.6
      vertex 145 2 0.6
      vertex 46.85 5.6000000000000085 0.6
    endloop
  endfacet
  facet normal 0 0 1
    outer loop
      vertex 46.85 6.400000000000008 0.6
      vertex 144.7858024691358 18.800000000000008 0.6
      vertex 46.85 18.800000000000008 0.6
    endloop
  endfacet
  facet normal 0 0 1
    outer loop
      vertex 46.85 19.60000000000001 0.6
      vertex 144.7858024691358 32.000000000000014 0.6
      vertex 46.85 32.000000000000014 0.6
    endloop
  endfacet
  facet normal 0 0 1
    outer loop
      vertex 46.85 32.80000000000001 0.6
      vertex 146 45.20000000000001 0.6
      vertex 46.85 45.20000000000001 0.6
    endloop
  endfacet
  facet normal 0 0 1
    outer loop
      vertex 46.85 46.00000000000001 0.6
      vertex 146 58.400000000000006 0.6
      vertex 46.85 58.400000000000006 0.6
    endloop
  endfacet
  facet normal 0 0 1
    outer loop
      vertex 46.85 59.2 0.6
      vertex 145.52392156862743 71.60000000000001 0.6
      vertex 46.86188541292101 71.60000000000001 0.6
    endloop
  endfacet
  facet normal 0 0 1
    outer loop
      vertex 46.85 72.4 0.6
      vertex 144.7858024691358 84.80000000000001 0.6
      vertex 46.85 84.80000000000001 0.6
    endloop
  endfacet
  facet normal 0 0 1
    outer loop
      vertex 46.85 85.60000000000001 0.6
      vertex 145.52392156862743 98 0.6
      vertex 46.86188541292101 98 0.6
    endloop
  endfacet
  facet normal 0 0 1
    outer loop
      vertex 46.85 5.6000000000000085 0.6
      vertex 145 2 0.6
      vertex 146 5.6000000000000085 0.6
    endloop
  endfacet
  facet normal 0 0 1
    outer loop
      vertex 46.85 6.400000000000008 0.6
      vertex 146 6.400000000000008 0.6
      vertex 146 18.800000000000008 0.6
    endloop
  endfacet
  facet normal 0 0 1
    outer loop
      vertex 46.85 6.400000000000008 0.6
      vertex 145.52392156862743 18.800000000000008 0.6
      vertex 144.7858024691358 18.800000000000008 0.6
    endloop
  endfacet
  facet normal 0 0 1
    outer loop
      vertex 46.85 6.400000000000008 0.6
      vertex 146 18.800000000000008 0.6
      vertex 145.52392156862743 18.800000000000008 0.6
    endloop
  endfacet
  facet normal 0 0 1
    outer loop
      vertex 46.85 19.60000000000001 0.6
      vertex 146 19.60000000000001 0.6
      vertex 146 32.000000000000014 0.6
    endloop
  endfacet
  facet normal 0 0 1
    outer loop
      vertex 46.85 19.60000000000001 0.6
      vertex 146 32.000000000000014 0.6
      vertex 144.7858024691358 32.000000000000014 0.6
    endloop
  endfacet
  facet normal 0 0 1
    outer loop
      vertex 46.85 32.80000000000001 0.6
      vertex 146 32.80000000000001 0.6
      vertex 146 45.20000000000001 0.6
    endloop
  endfacet
  facet normal 0 0 1
    outer loop
      vertex 46.85 46.00000000000001 0.6
      vertex 146 46.00000000000001 0.6
      vertex 146 58.400000000000006 0.6
    endloop
  endfacet
  facet normal 0 0 1
    outer loop
      vertex 145 2 0.6
      vertex 145.19509032201614 2.0192147195967696 0.6
      vertex 146 5.6000000000000085 0.6
    endloop
  endfacet
  facet normal 0 0 1
    outer loop
      vertex 145.19509032201614 2.0192147195967696 0.6
      vertex 145.3826834323651 2.076120467488713 0.6
      vertex 146 5.6000000000000085 0.6
    endloop
  endfacet
  facet normal 0 0 1
    outer loop
      vertex 145.3826834323651 2.076120467488713 0.6
      vertex 145.5555702330196 2.1685303876974547 0.6
      vertex 146 5.6000000000000085 0.6
    endloop
  endfacet
  facet normal 0 0 1
    outer loop
      vertex 145.5555702330196 2.1685303876974547 0.6
      vertex 145.70710678118655 2.2928932188134525 0.6
      vertex 146 5.6000000000000085 0.6
    endloop
  endfacet
  facet normal 0 0 1
    outer loop
      vertex 145.70710678118655 2.2928932188134525 0.6
      vertex 145.83146961230256 2.444429766980398 0.6
      vertex 146 5.6000000000000085 0.6
    endloop
  endfacet
  facet normal 0 0 1
    outer loop
      vertex 145.83146961230256 2.444429766980398 0.6
      vertex 145.92387953251128 2.6173165676349104 0.6
      vertex 146 5.6000000000000085 0.6
    endloop
  endfacet
  facet normal 0 0 1
    outer loop
      vertex 145.92387953251128 2.6173165676349104 0.6
      vertex 145.98078528040324 2.804909677983872 0.6
      vertex 146 5.6000000000000085 0.6
    endloop
  endfacet
  facet normal 0 0 1
    outer loop
      vertex 145.98078528040324 2.804909677983872 0.6
      vertex 146 3 0.6
      vertex 146 5.6000000000000085 0.6
    endloop
  endfacet
  facet normal -1 0 0
    outer loop
      vertex 146 3 0.6
      vertex 146 5.6000000000000085 2.6499999999999995
      vertex 146 5.6000000000000085 0.6
    endloop
  endfacet
  facet normal -1 0 0
    outer loop
      vertex 146 6.400000000000008 0.6
      vertex 146 6.400000000000008 2.63
      vertex 146 18.800000000000008 0.6
    endloop
  endfacet
  facet normal -1 0 0
    outer loop
      vertex 146 19.60000000000001 0.6
      vertex 146 19.60000000000001 2.63
      vertex 146 32.000000000000014 0.6
    endloop
  endfacet
  facet normal -0.09801714032955378 0.9951847266721976 0
    outer loop
      vertex 145 2 0.6
      vertex 145 2 3.45
      vertex 145.19509032201614 2.0192147195967696 0.6
    endloop
  endfacet
  facet normal -0.29028467725446866 0.9569403357322069 0
    outer loop
      vertex 145.19509032201614 2.0192147195967696 0.6
      vertex 145.19509032201614 2.0192147195967696 3.45
      vertex 145.3826834323651 2.076120467488713 0.6
    endloop
  endfacet
  facet normal -0.47139673682600347 0.8819212643483518 0
    outer loop
      vertex 145.3826834323651 2.076120467488713 0.6
      vertex 145.3826834323651 2.076120467488713 3.45
      vertex 145.5555702330196 2.1685303876974547 0.6
    endloop
  endfacet
  facet normal -0.6343932841636472 0.7730104533627357 0
    outer loop
      vertex 145.5555702330196 2.1685303876974547 0.6
      vertex 145.5555702330196 2.1685303876974547 3.45
      vertex 145.70710678118655 2.2928932188134525 0.6
    endloop
  endfacet
  facet normal -0.7730104533627253 0.6343932841636595 0
    outer loop
      vertex 145.70710678118655 2.2928932188134525 0.6
      vertex 145.70710678118655 2.2928932188134525 3.45
      vertex 145.83146961230256 2.444429766980398 0.6
    endloop
  endfacet
  facet normal -0.8819212643483936 0.4713967368259256 0
    outer loop
      vertex 145.83146961230256 2.444429766980398 0.6
      vertex 145.83146961230256 2.444429766980398 3.45
      vertex 145.92387953251128 2.6173165676349104 0.6
    endloop
  endfacet
  facet normal -0.9569403357321853 0.29028467725454 0
    outer loop
      vertex 145.92387953251128 2.6173165676349104 0.6
      vertex 145.92387953251128 2.6173165676349104 3.45
      vertex 145.98078528040324 2.804909677983872 0.6
    endloop
  endfacet
  facet normal -0.9951847266722013 0.09801714032951596 0
    outer loop
      vertex 145.98078528040324 2.804909677983872 0.6
      vertex 145.98078528040324 2.804909677983872 3.45
      vertex 146 3 0.6
    endloop
  endfacet
  facet normal -1 0 0
    outer loop
      vertex 146 32.80000000000001 0.6
      vertex 146 32.80000000000001 2.6298759580475997
      vertex 146 45.20000000000001 0.6
    endloop
  endfacet
  facet normal -1 0 0
    outer loop
      vertex 146 46.00000000000001 0.6
      vertex 146 46.00000000000001 2.6300000000000026
      vertex 146 58.400000000000006 0.6
    endloop
  endfacet
  facet normal 0 0 1
    outer loop
      vertex 46.85 59.2 0.6
      vertex 146 59.2 0.6
      vertex 146 71.60000000000001 0.6
    endloop
  endfacet
  facet normal 0 0 1
    outer loop
      vertex 46.85 59.2 0.6
      vertex 146 71.60000000000001 0.6
      vertex 145.52392156862743 71.60000000000001 0.6
    endloop
  endfacet
  facet normal 0 0 1
    outer loop
      vertex 46.85 72.4 0.6
      vertex 146 72.4 0.6
      vertex 146 84.80000000000001 0.6
    endloop
  endfacet
  facet normal 0 0 1
    outer loop
      vertex 46.85 72.4 0.6
      vertex 146 84.80000000000001 0.6
      vertex 144.7858024691358 84.80000000000001 0.6
    endloop
  endfacet
  facet normal 0 0 1
    outer loop
      vertex 46.85 85.60000000000001 0.6
      vertex 146 85.60000000000001 0.6
      vertex 146 98 0.6
    endloop
  endfacet
  facet normal 0 0 1
    outer loop
      vertex 46.85 85.60000000000001 0.6
      vertex 146 98 0.6
      vertex 145.52392156862743 98 0.6
    endloop
  endfacet
  facet normal 0 0 1
    outer loop
      vertex 46.85 98.8 0.6
      vertex 146 98.8 0.6
      vertex 146 111.2 0.6
    endloop
  endfacet
  facet normal -1 0 0
    outer loop
      vertex 146 59.2 0.6
      vertex 146 60.50000000000001 2.63
      vertex 146 71.60000000000001 0.6
    endloop
  endfacet
  facet normal -1 0 0
    outer loop
      vertex 146 72.4 0.6
      vertex 146 72.4 2.63
      vertex 146 84.80000000000001 0.6
    endloop
  endfacet
  facet normal -1 0 0
    outer loop
      vertex 146 85.60000000000001 0.6
      vertex 146 85.60000000000001 2.6298759580475997
      vertex 146 98 0.6
    endloop
  endfacet
  facet normal -1 0 0
    outer loop
      vertex 146 98.8 0.6
      vertex 146 98.8 2.63
      vertex 146 111.2 0.6
    endloop
  endfacet
  facet normal 0 1 0
    outer loop
      vertex 145 2 0.6
      vertex 12.25 2 3.45
      vertex 145 2 3.45
    endloop
  endfacet
  facet normal -1 0 0
    outer loop
      vertex 146 18.800000000000008 0.6
      vertex 146 6.400000000000008 2.63
      vertex 146 7.700000000000008 2.63
    endloop
  endfacet
  facet normal -1 0 0
    outer loop
      vertex 146 18.800000000000008 0.6
      vertex 146 7.700000000000008 2.63
      vertex 146 17.500000000000007 2.63
    endloop
  endfacet
  facet normal -1 0 0
    outer loop
      vertex 146 18.800000000000008 0.6
      vertex 146 17.500000000000007 2.63
      vertex 146 18.800000000000008 2.63
    endloop
  endfacet
  facet normal -1 0 0
    outer loop
      vertex 146 32.000000000000014 0.6
      vertex 146 19.60000000000001 2.63
      vertex 146 20.90000000000001 2.63
    endloop
  endfacet
  facet normal -1 0 0
    outer loop
      vertex 146 3 0.6
      vertex 146 3 3.45
      vertex 146 5.6000000000000085 2.6499999999999995
    endloop
  endfacet
  facet normal -0.09801714032955378 0.9951847266721976 0
    outer loop
      vertex 145.19509032201614 2.0192147195967696 0.6
      vertex 145 2 3.45
      vertex 145.19509032201614 2.0192147195967696 3.45
    endloop
  endfacet
  facet normal -0.29028467725446866 0.9569403357322069 0
    outer loop
      vertex 145.3826834323651 2.076120467488713 0.6
      vertex 145.19509032201614 2.0192147195967696 3.45
      vertex 145.3826834323651 2.076120467488713 3.45
    endloop
  endfacet
  facet normal -0.47139673682600347 0.8819212643483518 0
    outer loop
      vertex 145.5555702330196 2.1685303876974547 0.6
      vertex 145.3826834323651 2.076120467488713 3.45
      vertex 145.5555702330196 2.1685303876974547 3.45
    endloop
  endfacet
  facet normal -0.6343932841636472 0.7730104533627357 0
    outer loop
      vertex 145.70710678118655 2.2928932188134525 0.6
      vertex 145.5555702330196 2.1685303876974547 3.45
      vertex 145.70710678118655 2.2928932188134525 3.45
    endloop
  endfacet
  facet normal -0.7730104533627253 0.6343932841636595 0
    outer loop
      vertex 145.83146961230256 2.444429766980398 0.6
      vertex 145.70710678118655 2.2928932188134525 3.45
      vertex 145.83146961230256 2.444429766980398 3.45
    endloop
  endfacet
  facet normal -0.8819212643483936 0.4713967368259256 0
    outer loop
      vertex 145.92387953251128 2.6173165676349104 0.6
      vertex 145.83146961230256 2.444429766980398 3.45
      vertex 145.92387953251128 2.6173165676349104 3.45
    endloop
  endfacet
  facet normal -0.9569403357321853 0.29028467725454 0
    outer loop
      vertex 145.98078528040324 2.804909677983872 0.6
      vertex 145.92387953251128 2.6173165676349104 3.45
      vertex 145.98078528040324 2.804909677983872 3.45
    endloop
  endfacet
  facet normal -0.9951847266722013 0.09801714032951596 0
    outer loop
      vertex 146 3 0.6
      vertex 145.98078528040324 2.804909677983872 3.45
      vertex 146 3 3.45
    endloop
  endfacet
  facet normal -1 0 0
    outer loop
      vertex 146 32.000000000000014 0.6
      vertex 146 20.90000000000001 2.63
      vertex 146 30.700000000000014 2.63
    endloop
  endfacet
  facet normal -1 0 0
    outer loop
      vertex 146 32.000000000000014 0.6
      vertex 146 30.700000000000014 2.63
      vertex 146 32.00000000000001 2.63
    endloop
  endfacet
  facet normal -1 0 0
    outer loop
      vertex 146 45.20000000000001 0.6
      vertex 146 32.80000000000001 2.6298759580475997
      vertex 146 32.80000000000001 2.63
    endloop
  endfacet
  facet normal -1 0 0
    outer loop
      vertex 146 45.20000000000001 0.6
      vertex 146 32.80000000000001 2.63
      vertex 146 34.10000000000001 2.63
    endloop
  endfacet
  facet normal -1 0 0
    outer loop
      vertex 146 45.20000000000001 0.6
      vertex 146 34.10000000000001 2.63
      vertex 146 43.90000000000001 2.63
    endloop
  endfacet
  facet normal -1 0 0
    outer loop
      vertex 146 45.20000000000001 0.6
      vertex 146 43.90000000000001 2.63
      vertex 146 45.20000000000001 2.6299999999999817
    endloop
  endfacet
  facet normal -1 0 0
    outer loop
      vertex 146 58.400000000000006 0.6
      vertex 146 46.00000000000001 2.6300000000000026
      vertex 146 47.300000000000004 2.63
    endloop
  endfacet
  facet normal -1 0 0
    outer loop
      vertex 146 7.700000000000008 2.63
      vertex 146 17.500000000000007 3.44
      vertex 146 17.500000000000007 2.63
    endloop
  endfacet
  facet normal -1 0 0
    outer loop
      vertex 146 5.6000000000000085 2.6499999999999995
      vertex 146 3 3.45
      vertex 146 5.6000000000000085 3.44
    endloop
  endfacet
  facet normal -1 0 0
    outer loop
      vertex 146 7.700000000000008 2.63
      vertex 146 7.700000000000008 3.44
      vertex 146 17.500000000000007 3.44
    endloop
  endfacet
  facet normal -1 0 0
    outer loop
      vertex 146 20.90000000000001 2.63
      vertex 146 20.90000000000001 3.44
      vertex 146 30.700000000000014 3.44
    endloop
  endfacet
  facet normal -1 0 0
    outer loop
      vertex 146 20.90000000000001 2.63
      vertex 146 30.700000000000014 3.44
      vertex 146 30.700000000000014 2.63
    endloop
  endfacet
  facet normal -1 0 0
    outer loop
      vertex 146 34.10000000000001 2.63
      vertex 146 43.90000000000001 3.44
      vertex 146 43.90000000000001 2.63
    endloop
  endfacet
  facet normal -1 0 0
    outer loop
      vertex 146 34.10000000000001 2.63
      vertex 146 34.10000000000001 3.44
      vertex 146 43.90000000000001 3.44
    endloop
  endfacet
  facet normal -1 0 0
    outer loop
      vertex 146 47.300000000000004 2.63
      vertex 146 47.300000000000004 3.44
      vertex 146 57.10000000000001 3.44
    endloop
  endfacet
  facet normal -1 0 0
    outer loop
      vertex 146 58.400000000000006 0.6
      vertex 146 47.300000000000004 2.63
      vertex 146 57.10000000000001 2.63
    endloop
  endfacet
  facet normal -1 0 0
    outer loop
      vertex 146 58.400000000000006 0.6
      vertex 146 57.10000000000001 2.63
      vertex 146 58.400000000000006 2.63
    endloop
  endfacet
  facet normal -1 0 0
    outer loop
      vertex 146 59.2 0.6
      vertex 146 59.2 2.6298759580475997
      vertex 146 60.50000000000001 2.63
    endloop
  endfacet
  facet normal -1 0 0
    outer loop
      vertex 146 71.60000000000001 0.6
      vertex 146 70.30000000000001 2.63
      vertex 146 71.60000000000001 2.63
    endloop
  endfacet
  facet normal -1 0 0
    outer loop
      vertex 146 84.80000000000001 0.6
      vertex 146 72.4 2.63
      vertex 146 73.7 2.63
    endloop
  endfacet
  facet normal -1 0 0
    outer loop
      vertex 146 71.60000000000001 0.6
      vertex 146 60.50000000000001 2.63
      vertex 146 60.50000000000001 3.44
    endloop
  endfacet
  facet normal -1 0 0
    outer loop
      vertex 146 71.60000000000001 0.6
      vertex 146 60.50000000000001 3.44
      vertex 146 70.30000000000001 2.63
    endloop
  endfacet
  facet normal -1 0 0
    outer loop
      vertex 146 84.80000000000001 0.6
      vertex 146 73.7 2.63
      vertex 146 73.7 3.44
    endloop
  endfacet
  facet normal -1 0 0
    outer loop
      vertex 146 84.80000000000001 0.6
      vertex 146 83.50000000000001 2.63
      vertex 146 84.8 2.63
    endloop
  endfacet
  facet normal -1 0 0
    outer loop
      vertex 146 98 0.6
      vertex 146 85.60000000000001 2.6298759580475997
      vertex 146 85.60000000000001 2.63
    endloop
  endfacet
  facet normal -1 0 0
    outer loop
      vertex 146 98 0.6
      vertex 146 85.60000000000001 2.63
      vertex 146 86.89999999999999 2.63
    endloop
  endfacet
  facet normal -1 0 0
    outer loop
      vertex 146 98 0.6
      vertex 146 96.7 2.63
      vertex 146 98 2.63
    endloop
  endfacet
  facet normal -1 0 0
    outer loop
      vertex 146 98.8 2.63
      vertex 146 100.1 2.63
      vertex 146 111.2 0.6
    endloop
  endfacet
  facet normal -1 0 0
    outer loop
      vertex 146 84.80000000000001 0.6
      vertex 146 73.7 3.44
      vertex 146 83.50000000000001 2.63
    endloop
  endfacet
  facet normal -1 0 0
    outer loop
      vertex 146 98 0.6
      vertex 146 86.89999999999999 2.63
      vertex 146 86.89999999999999 3.44
    endloop
  endfacet
  facet normal -1 0 0
    outer loop
      vertex 146 98 0.6
      vertex 146 86.89999999999999 3.44
      vertex 146 96.7 2.63
    endloop
  endfacet
  facet normal -1 0 0
    outer loop
      vertex 146 100.1 2.63
      vertex 146 100.1 3.44
      vertex 146 111.2 0.6
    endloop
  endfacet
  facet normal -1 0 0
    outer loop
      vertex 146 59.2 2.6298759580475997
      vertex 146 59.2 2.63
      vertex 146 60.50000000000001 2.63
    endloop
  endfacet
  facet normal -1 0 0
    outer loop
      vertex 146 47.300000000000004 2.63
      vertex 146 57.10000000000001 3.44
      vertex 146 57.10000000000001 2.63
    endloop
  endfacet
  facet normal -1 0 0
    outer loop
      vertex 146 70.30000000000001 2.63
      vertex 146 60.50000000000001 3.44
      vertex 146 70.30000000000001 3.44
    endloop
  endfacet
  facet normal -1 0 0
    outer loop
      vertex 146 3 3.45
      vertex 146 207 3.45
      vertex 146 5.6000000000000085 3.44
    endloop
  endfacet
  facet normal -1 0 0
    outer loop
      vertex 146 5.6000000000000085 3.44
      vertex 146 207 3.45
      vertex 146 7.700000000000008 3.44
    endloop
  endfacet
  facet normal -1 0 0
    outer loop
      vertex 146 7.700000000000008 3.44
      vertex 146 207 3.45
      vertex 146 17.500000000000007 3.44
    endloop
  endfacet
  facet normal -1 0 0
    outer loop
      vertex 146 73.7 3.44
      vertex 146 83.50000000000001 3.44
      vertex 146 83.50000000000001 2.63
    endloop
  endfacet
  facet normal -1 0 0
    outer loop
      vertex 146 17.500000000000007 3.44
      vertex 146 207 3.45
      vertex 146 19.60000000000001 3.44
    endloop
  endfacet
  facet normal -1 0 0
    outer loop
      vertex 146 19.60000000000001 3.44
      vertex 146 207 3.45
      vertex 146 20.90000000000001 3.44
    endloop
  endfacet
  facet normal -1 0 0
    outer loop
      vertex 146 20.90000000000001 3.44
      vertex 146 207 3.45
      vertex 146 30.700000000000014 3.44
    endloop
  endfacet
  facet normal -1 0 0
    outer loop
      vertex 146 30.700000000000014 3.44
      vertex 146 207 3.45
      vertex 146 32.00021177894313 3.44
    endloop
  endfacet
  facet normal -1 0 0
    outer loop
      vertex 146 32.00021177894313 3.44
      vertex 146 207 3.45
      vertex 146 34.10000000000001 3.44
    endloop
  endfacet
  facet normal -1 0 0
    outer loop
      vertex 146 96.7 2.63
      vertex 146 86.89999999999999 3.44
      vertex 146 96.7 3.44
    endloop
  endfacet
  facet normal -1 0 0
    outer loop
      vertex 146 34.10000000000001 3.44
      vertex 146 207 3.45
      vertex 146 43.90000000000001 3.44
    endloop
  endfacet
  facet normal -1 0 0
    outer loop
      vertex 146 43.90000000000001 3.44
      vertex 146 207 3.45
      vertex 146 45.20021177894313 3.44
    endloop
  endfacet
  facet normal -1 0 0
    outer loop
      vertex 146 45.20021177894313 3.44
      vertex 146 207 3.45
      vertex 146 47.300000000000004 3.44
    endloop
  endfacet
  facet normal -1 0 0
    outer loop
      vertex 146 47.300000000000004 3.44
      vertex 146 207 3.45
      vertex 146 57.10000000000001 3.44
    endloop
  endfacet
  facet normal 0 0 1
    outer loop
      vertex 46.85 98.8 0.6
      vertex 146 111.2 0.6
      vertex 46.85 111.2 0.6
    endloop
  endfacet
  facet normal 0 0 1
    outer loop
      vertex 46.85 112 0.6
      vertex 145.52392156862743 124.4 0.6
      vertex 46.86188541292101 124.4 0.6
    endloop
  endfacet
  facet normal 0 0 1
    outer loop
      vertex 46.85 125.2 0.6
      vertex 146 137.6 0.6
      vertex 46.85 137.6 0.6
    endloop
  endfacet
  facet normal 0 0 1
    outer loop
      vertex 46.85 138.4 0.6
      vertex 145.52392156862743 150.8 0.6
      vertex 46.86188541292101 150.8 0.6
    endloop
  endfacet
  facet normal 0 0 1
    outer loop
      vertex 46.85 151.60000000000002 0.6
      vertex 146 164 0.6
      vertex 46.85 164 0.6
    endloop
  endfacet
  facet normal 0 0 1
    outer loop
      vertex 46.85 164.8 0.6
      vertex 145.52392156862743 177.2 0.6
      vertex 46.86188541292101 177.2 0.6
    endloop
  endfacet
  facet normal 0 0 1
    outer loop
      vertex 46.85 178 0.6
      vertex 146 190.39999999999998 0.6
      vertex 46.85 190.39999999999998 0.6
    endloop
  endfacet
  facet normal 0 0 1
    outer loop
      vertex 39.65 204.39999999999998 0.6
      vertex 40.85 204.39999999999998 0.6
      vertex 145 208 0.6
    endloop
  endfacet
  facet normal 0 0 1
    outer loop
      vertex 40.85 204.39999999999998 0.6
      vertex 46.85 204.39999999999998 0.6
      vertex 145 208 0.6
    endloop
  endfacet
  facet normal 0 0 1
    outer loop
      vertex 46.85 191.2 0.6
      vertex 146 203.59999999999997 0.6
      vertex 46.85 203.59999999999997 0.6
    endloop
  endfacet
  facet normal 0 -1 0
    outer loop
      vertex 145 208 0.6
      vertex 145 208 3.45
      vertex 12.25 208 0.6
    endloop
  endfacet
  facet normal 0 0 1
    outer loop
      vertex 46.85 112 0.6
      vertex 146 112 0.6
      vertex 146 124.4 0.6
    endloop
  endfacet
  facet normal 0 0 1
    outer loop
      vertex 46.85 112 0.6
      vertex 146 124.4 0.6
      vertex 145.52392156862743 124.4 0.6
    endloop
  endfacet
  facet normal 0 0 1
    outer loop
      vertex 46.85 125.2 0.6
      vertex 146 125.2 0.6
      vertex 146 137.6 0.6
    endloop
  endfacet
  facet normal 0 0 1
    outer loop
      vertex 46.85 138.4 0.6
      vertex 146 138.4 0.6
      vertex 146 150.8 0.6
    endloop
  endfacet
  facet normal 0 0 1
    outer loop
      vertex 46.85 138.4 0.6
      vertex 146 150.8 0.6
      vertex 145.52392156862743 150.8 0.6
    endloop
  endfacet
  facet normal 0 0 1
    outer loop
      vertex 46.85 151.60000000000002 0.6
      vertex 146 151.60000000000002 0.6
      vertex 146 164 0.6
    endloop
  endfacet
  facet normal -1 0 0
    outer loop
      vertex 146 112 0.6
      vertex 146 112 2.6298759580475997
      vertex 146 124.4 0.6
    endloop
  endfacet
  facet normal -1 0 0
    outer loop
      vertex 146 125.2 0.6
      vertex 146 125.2 2.63
      vertex 146 137.6 0.6
    endloop
  endfacet
  facet normal -1 0 0
    outer loop
      vertex 146 138.4 0.6
      vertex 146 138.4 2.6298759580475997
      vertex 146 150.8 0.6
    endloop
  endfacet
  facet normal -1 0 0
    outer loop
      vertex 146 151.60000000000002 0.6
      vertex 146 151.60000000000002 2.63
      vertex 146 164 0.6
    endloop
  endfacet
  facet normal 0 0 1
    outer loop
      vertex 46.85 164.8 0.6
      vertex 146 164.8 0.6
      vertex 146 177.2 0.6
    endloop
  endfacet
  facet normal 0 0 1
    outer loop
      vertex 46.85 164.8 0.6
      vertex 146 177.2 0.6
      vertex 145.52392156862743 177.2 0.6
    endloop
  endfacet
  facet normal 0 0 1
    outer loop
      vertex 46.85 178 0.6
      vertex 146 178 0.6
      vertex 146 190.39999999999998 0.6
    endloop
  endfacet
  facet normal 0 0 1
    outer loop
      vertex 46.85 191.2 0.6
      vertex 146 191.2 0.6
      vertex 146 203.59999999999997 0.6
    endloop
  endfacet
  facet normal 0 0 1
    outer loop
      vertex 46.85 204.39999999999998 0.6
      vertex 145.5555702330196 207.83146961230256 0.6
      vertex 145.3826834323651 207.92387953251128 0.6
    endloop
  endfacet
  facet normal 0 0 1
    outer loop
      vertex 46.85 204.39999999999998 0.6
      vertex 145.70710678118655 207.70710678118655 0.6
      vertex 145.5555702330196 207.83146961230256 0.6
    endloop
  endfacet
  facet normal 0 0 1
    outer loop
      vertex 46.85 204.39999999999998 0.6
      vertex 146 204.39999999999998 0.6
      vertex 146 207 0.6
    endloop
  endfacet
  facet normal 0 0 1
    outer loop
      vertex 46.85 204.39999999999998 0.6
      vertex 146 207 0.6
      vertex 145.98078528040324 207.19509032201614 0.6
    endloop
  endfacet
  facet normal 0 0 1
    outer loop
      vertex 46.85 204.39999999999998 0.6
      vertex 145.92387953251128 207.3826834323651 0.6
      vertex 145.83146961230256 207.5555702330196 0.6
    endloop
  endfacet
  facet normal 0 0 1
    outer loop
      vertex 46.85 204.39999999999998 0.6
      vertex 145.83146961230256 207.5555702330196 0.6
      vertex 145.70710678118655 207.70710678118655 0.6
    endloop
  endfacet
  facet normal 0 0 1
    outer loop
      vertex 46.85 204.39999999999998 0.6
      vertex 145.98078528040324 207.19509032201614 0.6
      vertex 145.92387953251128 207.3826834323651 0.6
    endloop
  endfacet
  facet normal 0 0 1
    outer loop
      vertex 46.85 204.39999999999998 0.6
      vertex 145.19509032201614 207.98078528040324 0.6
      vertex 145 208 0.6
    endloop
  endfacet
  facet normal 0 0 1
    outer loop
      vertex 46.85 204.39999999999998 0.6
      vertex 145.3826834323651 207.92387953251128 0.6
      vertex 145.19509032201614 207.98078528040324 0.6
    endloop
  endfacet
  facet normal -1 0 0
    outer loop
      vertex 146 164.8 0.6
      vertex 146 164.8 2.6298759580475997
      vertex 146 177.2 0.6
    endloop
  endfacet
  facet normal -1 0 0
    outer loop
      vertex 146 178 0.6
      vertex 146 178 2.63
      vertex 146 190.39999999999998 0.6
    endloop
  endfacet
  facet normal -1 0 0
    outer loop
      vertex 146 191.2 0.6
      vertex 146 191.2 2.6298759580475997
      vertex 146 203.59999999999997 0.6
    endloop
  endfacet
  facet normal -1 0 0
    outer loop
      vertex 146 204.39999999999998 0.6
      vertex 146 204.39999999999998 2.6499999999999995
      vertex 146 207 0.6
    endloop
  endfacet
  facet normal -0.2902846772545475 -0.956940335732183 0
    outer loop
      vertex 145.3826834323651 207.92387953251128 0.6
      vertex 145.3826834323651 207.92387953251128 3.45
      vertex 145.19509032201614 207.98078528040324 0.6
    endloop
  endfacet
  facet normal -0.0980171403295089 -0.995184726672202 3.804300683997677e-19
    outer loop
      vertex 145 208 0.6
      vertex 145.19509032201614 207.98078528040324 0.6
      vertex 145.19509032201614 207.98078528040324 3.45
    endloop
  endfacet
  facet normal -0.4713967368259312 -0.8819212643483905 -1.147834181272638e-18
    outer loop
      vertex 145.3826834323651 207.92387953251128 0.6
      vertex 145.5555702330196 207.83146961230256 0.6
      vertex 145.5555702330196 207.83146961230256 3.45
    endloop
  endfacet
  facet normal -0.6343932841636606 -0.7730104533627244 1.1303294640674708e-18
    outer loop
      vertex 145.5555702330196 207.83146961230256 0.6
      vertex 145.70710678118655 207.70710678118655 0.6
      vertex 145.70710678118655 207.70710678118655 3.45
    endloop
  endfacet
  facet normal -0.956940335732183 -0.2902846772545475 1.3078676029750395e-18
    outer loop
      vertex 145.92387953251128 207.3826834323651 0.6
      vertex 145.98078528040324 207.19509032201614 0.6
      vertex 145.98078528040324 207.19509032201614 3.45
    endloop
  endfacet
  facet normal -0.8819212643483905 -0.4713967368259312 0
    outer loop
      vertex 145.92387953251128 207.3826834323651 0.6
      vertex 145.92387953251128 207.3826834323651 3.45
      vertex 145.83146961230256 207.5555702330196 0.6
    endloop
  endfacet
  facet normal -0.995184726672202 -0.0980171403295089 0
    outer loop
      vertex 146 207 0.6
      vertex 146 207 3.45
      vertex 145.98078528040324 207.19509032201614 0.6
    endloop
  endfacet
  facet normal -0.7730104533627244 -0.6343932841636606 1.1303294640674708e-18
    outer loop
      vertex 145.70710678118655 207.70710678118655 0.6
      vertex 145.83146961230256 207.5555702330196 0.6
      vertex 145.83146961230256 207.5555702330196 3.45
    endloop
  endfacet
  facet normal -1 0 0
    outer loop
      vertex 146 111.2 0.6
      vertex 146 109.9 2.63
      vertex 146 111.2 2.63
    endloop
  endfacet
  facet normal -1 0 0
    outer loop
      vertex 146 124.4 0.6
      vertex 146 112 2.6298759580475997
      vertex 146 112 2.63
    endloop
  endfacet
  facet normal -1 0 0
    outer loop
      vertex 146 124.4 0.6
      vertex 146 112 2.63
      vertex 146 113.3 2.63
    endloop
  endfacet
  facet normal -1 0 0
    outer loop
      vertex 146 124.4 0.6
      vertex 146 123.10000000000001 2.63
      vertex 146 124.4 2.63
    endloop
  endfacet
  facet normal -1 0 0
    outer loop
      vertex 146 137.6 0.6
      vertex 146 125.2 2.63
      vertex 146 126.5 2.63
    endloop
  endfacet
  facet normal -1 0 0
    outer loop
      vertex 146 100.1 3.44
      vertex 146 109.9 2.63
      vertex 146 111.2 0.6
    endloop
  endfacet
  facet normal -1 0 0
    outer loop
      vertex 146 124.4 0.6
      vertex 146 113.3 2.63
      vertex 146 113.3 3.44
    endloop
  endfacet
  facet normal -1 0 0
    outer loop
      vertex 146 124.4 0.6
      vertex 146 113.3 3.44
      vertex 146 123.10000000000001 2.63
    endloop
  endfacet
  facet normal -1 0 0
    outer loop
      vertex 146 137.6 0.6
      vertex 146 126.5 2.63
      vertex 146 126.5 3.44
    endloop
  endfacet
  facet normal -1 0 0
    outer loop
      vertex 146 137.6 0.6
      vertex 146 136.29999999999998 2.63
      vertex 146 137.6 2.63
    endloop
  endfacet
  facet normal -1 0 0
    outer loop
      vertex 146 150.8 0.6
      vertex 146 138.4 2.6298759580475997
      vertex 146 138.4 2.63
    endloop
  endfacet
  facet normal -1 0 0
    outer loop
      vertex 146 150.8 0.6
      vertex 146 138.4 2.63
      vertex 146 139.70000000000002 2.63
    endloop
  endfacet
  facet normal -1 0 0
    outer loop
      vertex 146 150.8 0.6
      vertex 146 149.5 2.63
      vertex 146 150.8 2.63
    endloop
  endfacet
  facet normal -1 0 0
    outer loop
      vertex 146 164 0.6
      vertex 146 151.60000000000002 2.63
      vertex 146 152.9 2.63
    endloop
  endfacet
  facet normal -1 0 0
    outer loop
      vertex 146 137.6 0.6
      vertex 146 126.5 3.44
      vertex 146 136.29999999999998 2.63
    endloop
  endfacet
  facet normal -1 0 0
    outer loop
      vertex 146 150.8 0.6
      vertex 146 139.70000000000002 2.63
      vertex 146 139.70000000000002 3.44
    endloop
  endfacet
  facet normal -1 0 0
    outer loop
      vertex 146 150.8 0.6
      vertex 146 139.70000000000002 3.44
      vertex 146 149.5 2.63
    endloop
  endfacet
  facet normal -1 0 0
    outer loop
      vertex 146 164 0.6
      vertex 146 152.9 2.63
      vertex 146 152.9 3.44
    endloop
  endfacet
  facet normal -1 0 0
    outer loop
      vertex 146 100.1 3.44
      vertex 146 109.9 3.44
      vertex 146 109.9 2.63
    endloop
  endfacet
  facet normal -1 0 0
    outer loop
      vertex 146 57.10000000000001 3.44
      vertex 146 207 3.45
      vertex 146 58.400000000000006 3.44
    endloop
  endfacet
  facet normal -1 0 0
    outer loop
      vertex 146 58.400000000000006 3.44
      vertex 146 207 3.45
      vertex 146 60.50000000000001 3.44
    endloop
  endfacet
  facet normal -1 0 0
    outer loop
      vertex 146 60.50000000000001 3.44
      vertex 146 207 3.45
      vertex 146 70.30000000000001 3.44
    endloop
  endfacet
  facet normal -1 0 0
    outer loop
      vertex 146 70.30000000000001 3.44
      vertex 146 207 3.45
      vertex 146 72.4 3.44
    endloop
  endfacet
  facet normal -1 0 0
    outer loop
      vertex 146 72.4 3.44
      vertex 146 207 3.45
      vertex 146 73.7 3.44
    endloop
  endfacet
  facet normal -1 0 0
    outer loop
      vertex 146 123.10000000000001 2.63
      vertex 146 113.3 3.44
      vertex 146 123.10000000000001 3.44
    endloop
  endfacet
  facet normal -1 0 0
    outer loop
      vertex 146 73.7 3.44
      vertex 146 207 3.45
      vertex 146 83.50000000000001 3.44
    endloop
  endfacet
  facet normal -1 0 0
    outer loop
      vertex 146 83.50000000000001 3.44
      vertex 146 207 3.45
      vertex 146 84.80021177894312 3.44
    endloop
  endfacet
  facet normal -1 0 0
    outer loop
      vertex 146 84.80021177894312 3.44
      vertex 146 207 3.45
      vertex 146 86.89999999999999 3.44
    endloop
  endfacet
  facet normal -1 0 0
    outer loop
      vertex 146 86.89999999999999 3.44
      vertex 146 207 3.45
      vertex 146 96.7 3.44
    endloop
  endfacet
  facet normal -1 0 0
    outer loop
      vertex 146 126.5 3.44
      vertex 146 136.29999999999998 3.44
      vertex 146 136.29999999999998 2.63
    endloop
  endfacet
  facet normal -1 0 0
    outer loop
      vertex 146 96.7 3.44
      vertex 146 207 3.45
      vertex 146 98.8 3.44
    endloop
  endfacet
  facet normal -1 0 0
    outer loop
      vertex 146 98.8 3.44
      vertex 146 207 3.45
      vertex 146 100.1 3.44
    endloop
  endfacet
  facet normal -1 0 0
    outer loop
      vertex 146 100.1 3.44
      vertex 146 207 3.45
      vertex 146 109.9 3.44
    endloop
  endfacet
  facet normal -1 0 0
    outer loop
      vertex 146 109.9 3.44
      vertex 146 207 3.45
      vertex 146 111.20008067769263 3.44
    endloop
  endfacet
  facet normal -1 0 0
    outer loop
      vertex 146 111.20008067769263 3.44
      vertex 146 207 3.45
      vertex 146 113.3 3.44
    endloop
  endfacet
  facet normal -1 0 0
    outer loop
      vertex 146 149.5 2.63
      vertex 146 139.70000000000002 3.44
      vertex 146 149.5 3.44
    endloop
  endfacet
  facet normal -1 0 0
    outer loop
      vertex 146 113.3 3.44
      vertex 146 207 3.45
      vertex 146 123.10000000000001 3.44
    endloop
  endfacet
  facet normal -1 0 0
    outer loop
      vertex 146 123.10000000000001 3.44
      vertex 146 207 3.45
      vertex 146 125.2 3.44
    endloop
  endfacet
  facet normal -1 0 0
    outer loop
      vertex 146 125.2 3.44
      vertex 146 207 3.45
      vertex 146 126.5 3.44
    endloop
  endfacet
  facet normal -1 0 0
    outer loop
      vertex 146 126.5 3.44
      vertex 146 207 3.45
      vertex 146 136.29999999999998 3.44
    endloop
  endfacet
  facet normal -1 0 0
    outer loop
      vertex 146 164 0.6
      vertex 146 162.7 2.63
      vertex 146 164 2.63
    endloop
  endfacet
  facet normal -1 0 0
    outer loop
      vertex 146 177.2 0.6
      vertex 146 164.8 2.6298759580475997
      vertex 146 164.8 2.63
    endloop
  endfacet
  facet normal -1 0 0
    outer loop
      vertex 146 177.2 0.6
      vertex 146 164.8 2.63
      vertex 146 166.1 2.63
    endloop
  endfacet
  facet normal -1 0 0
    outer loop
      vertex 146 177.2 0.6
      vertex 146 175.89999999999998 2.63
      vertex 146 177.2 2.63
    endloop
  endfacet
  facet normal -1 0 0
    outer loop
      vertex 146 190.39999999999998 0.6
      vertex 146 178 2.63
      vertex 146 179.29999999999998 2.63
    endloop
  endfacet
  facet normal -1 0 0
    outer loop
      vertex 146 164 0.6
      vertex 146 152.9 3.44
      vertex 146 162.7 2.63
    endloop
  endfacet
  facet normal -1 0 0
    outer loop
      vertex 146 177.2 0.6
      vertex 146 166.1 2.63
      vertex 146 166.1 3.44
    endloop
  endfacet
  facet normal -1 0 0
    outer loop
      vertex 146 177.2 0.6
      vertex 146 166.1 3.44
      vertex 146 175.89999999999998 2.63
    endloop
  endfacet
  facet normal -1 0 0
    outer loop
      vertex 146 190.39999999999998 0.6
      vertex 146 179.29999999999998 2.63
      vertex 146 179.29999999999998 3.44
    endloop
  endfacet
  facet normal -1 0 0
    outer loop
      vertex 146 190.39999999999998 0.6
      vertex 146 189.09999999999997 2.63
      vertex 146 190.39999999999998 2.63
    endloop
  endfacet
  facet normal -1 0 0
    outer loop
      vertex 146 203.59999999999997 0.6
      vertex 146 191.2 2.6298759580475997
      vertex 146 191.2 2.63
    endloop
  endfacet
  facet normal -1 0 0
    outer loop
      vertex 146 203.59999999999997 0.6
      vertex 146 191.2 2.63
      vertex 146 192.49999999999997 2.63
    endloop
  endfacet
  facet normal -1 0 0
    outer loop
      vertex 146 203.59999999999997 0.6
      vertex 146 202.29999999999995 2.63
      vertex 146 203.59999999999997 2.63
    endloop
  endfacet
  facet normal -1 0 0
    outer loop
      vertex 146 190.39999999999998 0.6
      vertex 146 179.29999999999998 3.44
      vertex 146 189.09999999999997 2.63
    endloop
  endfacet
  facet normal -1 0 0
    outer loop
      vertex 146 203.59999999999997 0.6
      vertex 146 192.49999999999997 2.63
      vertex 146 192.49999999999997 3.44
    endloop
  endfacet
  facet normal -1 0 0
    outer loop
      vertex 146 203.59999999999997 0.6
      vertex 146 192.49999999999997 3.44
      vertex 146 202.29999999999995 2.63
    endloop
  endfacet
  facet normal -1 0 0
    outer loop
      vertex 146 207 0.6
      vertex 146 204.39999999999998 2.6499999999999995
      vertex 146 207 3.45
    endloop
  endfacet
  facet normal -0.0980171403295089 -0.995184726672202 0
    outer loop
      vertex 145 208 0.6
      vertex 145.19509032201614 207.98078528040324 3.45
      vertex 145 208 3.45
    endloop
  endfacet
  facet normal -0.2902846772545475 -0.956940335732183 0
    outer loop
      vertex 145.19509032201614 207.98078528040324 0.6
      vertex 145.3826834323651 207.92387953251128 3.45
      vertex 145.19509032201614 207.98078528040324 3.45
    endloop
  endfacet
  facet normal -0.4713967368259312 -0.8819212643483905 0
    outer loop
      vertex 145.3826834323651 207.92387953251128 0.6
      vertex 145.5555702330196 207.83146961230256 3.45
      vertex 145.3826834323651 207.92387953251128 3.45
    endloop
  endfacet
  facet normal -0.6343932841636606 -0.7730104533627244 0
    outer loop
      vertex 145.5555702330196 207.83146961230256 0.6
      vertex 145.70710678118655 207.70710678118655 3.45
      vertex 145.5555702330196 207.83146961230256 3.45
    endloop
  endfacet
  facet normal -0.956940335732183 -0.2902846772545475 0
    outer loop
      vertex 145.92387953251128 207.3826834323651 0.6
      vertex 145.98078528040324 207.19509032201614 3.45
      vertex 145.92387953251128 207.3826834323651 3.45
    endloop
  endfacet
  facet normal -0.8819212643483905 -0.4713967368259312 0
    outer loop
      vertex 145.83146961230256 207.5555702330196 0.6
      vertex 145.92387953251128 207.3826834323651 3.45
      vertex 145.83146961230256 207.5555702330196 3.45
    endloop
  endfacet
  facet normal -0.995184726672202 -0.0980171403295089 0
    outer loop
      vertex 145.98078528040324 207.19509032201614 0.6
      vertex 146 207 3.45
      vertex 145.98078528040324 207.19509032201614 3.45
    endloop
  endfacet
  facet normal -0.7730104533627244 -0.6343932841636606 0
    outer loop
      vertex 145.70710678118655 207.70710678118655 0.6
      vertex 145.83146961230256 207.5555702330196 3.45
      vertex 145.70710678118655 207.70710678118655 3.45
    endloop
  endfacet
  facet normal -1 0 0
    outer loop
      vertex 146 152.9 3.44
      vertex 146 162.7 3.44
      vertex 146 162.7 2.63
    endloop
  endfacet
  facet normal -1 0 0
    outer loop
      vertex 146 136.29999999999998 3.44
      vertex 146 207 3.45
      vertex 146 137.60008067769263 3.44
    endloop
  endfacet
  facet normal -1 0 0
    outer loop
      vertex 146 137.60008067769263 3.44
      vertex 146 207 3.45
      vertex 146 139.70000000000002 3.44
    endloop
  endfacet
  facet normal -1 0 0
    outer loop
      vertex 146 139.70000000000002 3.44
      vertex 146 207 3.45
      vertex 146 149.5 3.44
    endloop
  endfacet
  facet normal -1 0 0
    outer loop
      vertex 146 149.5 3.44
      vertex 146 207 3.45
      vertex 146 151.6 3.44
    endloop
  endfacet
  facet normal -1 0 0
    outer loop
      vertex 146 151.6 3.44
      vertex 146 207 3.45
      vertex 146 152.9 3.44
    endloop
  endfacet
  facet normal -1 0 0
    outer loop
      vertex 146 175.89999999999998 2.63
      vertex 146 166.1 3.44
      vertex 146 175.89999999999998 3.44
    endloop
  endfacet
  facet normal -1 0 0
    outer loop
      vertex 146 152.9 3.44
      vertex 146 207 3.45
      vertex 146 162.7 3.44
    endloop
  endfacet
  facet normal -1 0 0
    outer loop
      vertex 146 162.7 3.44
      vertex 146 207 3.45
      vertex 146 164.79999999999998 3.44
    endloop
  endfacet
  facet normal -1 0 0
    outer loop
      vertex 146 164.79999999999998 3.44
      vertex 146 207 3.45
      vertex 146 166.1 3.44
    endloop
  endfacet
  facet normal -1 0 0
    outer loop
      vertex 146 166.1 3.44
      vertex 146 207 3.45
      vertex 146 175.89999999999998 3.44
    endloop
  endfacet
  facet normal -1 0 0
    outer loop
      vertex 146 179.29999999999998 3.44
      vertex 146 189.09999999999997 3.44
      vertex 146 189.09999999999997 2.63
    endloop
  endfacet
  facet normal -1 0 0
    outer loop
      vertex 146 175.89999999999998 3.44
      vertex 146 207 3.45
      vertex 146 177.99999999999997 3.44
    endloop
  endfacet
  facet normal -1 0 0
    outer loop
      vertex 146 177.99999999999997 3.44
      vertex 146 207 3.45
      vertex 146 179.29999999999998 3.44
    endloop
  endfacet
  facet normal -1 0 0
    outer loop
      vertex 146 179.29999999999998 3.44
      vertex 146 207 3.45
      vertex 146 189.09999999999997 3.44
    endloop
  endfacet
  facet normal -1 0 0
    outer loop
      vertex 146 189.09999999999997 3.44
      vertex 146 207 3.45
      vertex 146 191.19999999999996 3.44
    endloop
  endfacet
  facet normal -1 0 0
    outer loop
      vertex 146 202.29999999999995 2.63
      vertex 146 192.49999999999997 3.44
      vertex 146 202.29999999999995 3.44
    endloop
  endfacet
  facet normal -1 0 0
    outer loop
      vertex 146 204.39999999999998 2.6499999999999995
      vertex 146 204.39999999999995 3.44
      vertex 146 207 3.45
    endloop
  endfacet
  facet normal -1 0 0
    outer loop
      vertex 146 191.19999999999996 3.44
      vertex 146 207 3.45
      vertex 146 192.49999999999997 3.44
    endloop
  endfacet
  facet normal -1 0 0
    outer loop
      vertex 146 192.49999999999997 3.44
      vertex 146 207 3.45
      vertex 146 202.29999999999995 3.44
    endloop
  endfacet
  facet normal -1 0 0
    outer loop
      vertex 146 202.29999999999995 3.44
      vertex 146 207 3.45
      vertex 146 204.39999999999995 3.44
    endloop
  endfacet
  facet normal 1 0 0
    outer loop
      vertex 12.25 2 0.6
      vertex 12.25 5.6000000000000085 0.6
      vertex 12.25 5.6000000000000085 1.29
    endloop
  endfacet
  facet normal 1 0 0
    outer loop
      vertex 12.25 18.800000000000008 0.6
      vertex 12.25 18.800000000000008 1.2899999999999998
      vertex 12.25 6.400000000000008 0.6
    endloop
  endfacet
  facet normal 1 0 0
    outer loop
      vertex 12.25 19.60000000000001 0.6
      vertex 12.25 32.000000000000014 0.6
      vertex 12.25 32.000000000000014 1.2900000000000003
    endloop
  endfacet
  facet normal 1 0 0
    outer loop
      vertex 12.25 32.80000000000001 0.6
      vertex 12.25 45.20000000000001 0.6
      vertex 12.25 45.2 1.2899999999999998
    endloop
  endfacet
  facet normal 1 0 0
    outer loop
      vertex 12.25 6.400000000000008 1.2899999999999998
      vertex 12.25 6.400000000000008 0.6
      vertex 12.25 7.700000000000008 1.29
    endloop
  endfacet
  facet normal 1 0 0
    outer loop
      vertex 12.25 17.500000000000007 1.29
      vertex 12.25 6.400000000000008 0.6
      vertex 12.25 18.800000000000008 1.2899999999999998
    endloop
  endfacet
  facet normal 1 0 0
    outer loop
      vertex 12.25 19.60000000000001 0.6
      vertex 12.25 20.90000000000001 1.29
      vertex 12.25 19.60000000000001 1.2899999999999998
    endloop
  endfacet
  facet normal 1 0 0
    outer loop
      vertex 12.25 7.700000000000008 1.29
      vertex 12.25 6.400000000000008 0.6
      vertex 12.25 17.500000000000007 2.1100000000000003
    endloop
  endfacet
  facet normal 1 0 0
    outer loop
      vertex 12.25 7.700000000000008 1.29
      vertex 12.25 17.500000000000007 2.1100000000000003
      vertex 12.25 7.700000000000008 1.2939234449760766
    endloop
  endfacet
  facet normal 1 0 0
    outer loop
      vertex 12.25 17.500000000000007 1.29
      vertex 12.25 17.500000000000007 2.1100000000000003
      vertex 12.25 6.400000000000008 0.6
    endloop
  endfacet
  facet normal 1 0 0
    outer loop
      vertex 12.25 19.60000000000001 0.6
      vertex 12.25 30.70000000000001 2.1100000000000003
      vertex 12.25 20.90000000000001 1.29
    endloop
  endfacet
  facet normal 1 0 0
    outer loop
      vertex 12.25 19.60000000000001 0.6
      vertex 12.25 32.000000000000014 1.2900000000000003
      vertex 12.25 30.70000000000001 1.29
    endloop
  endfacet
  facet normal 1 0 0
    outer loop
      vertex 12.25 32.80000000000001 0.6
      vertex 12.25 34.10000000000001 1.29
      vertex 12.25 32.80000000000001 1.2899999999999998
    endloop
  endfacet
  facet normal 1 0 0
    outer loop
      vertex 12.25 32.80000000000001 0.6
      vertex 12.25 45.2 1.2899999999999998
      vertex 12.25 43.900000000000006 1.29
    endloop
  endfacet
  facet normal 1 0 0
    outer loop
      vertex 12.25 46.00000000000001 0.6
      vertex 12.25 47.300000000000004 1.29
      vertex 12.25 46.00000000000001 1.2899999999999998
    endloop
  endfacet
  facet normal 1 0 0
    outer loop
      vertex 12.25 46.00000000000001 0.6
      vertex 12.25 57.1 1.29
      vertex 12.25 47.300000000000004 1.29
    endloop
  endfacet
  facet normal 1 0 0
    outer loop
      vertex 12.25 19.60000000000001 0.6
      vertex 12.25 30.70000000000001 1.29
      vertex 12.25 30.70000000000001 2.1100000000000003
    endloop
  endfacet
  facet normal 1 0 0
    outer loop
      vertex 12.25 32.80000000000001 0.6
      vertex 12.25 43.900000000000006 2.1100000000000003
      vertex 12.25 34.10000000000001 1.29
    endloop
  endfacet
  facet normal 1 0 0
    outer loop
      vertex 12.25 32.80000000000001 0.6
      vertex 12.25 43.900000000000006 1.29
      vertex 12.25 43.900000000000006 2.1100000000000003
    endloop
  endfacet
  facet normal 1 0 0
    outer loop
      vertex 12.25 47.300000000000004 1.29
      vertex 12.25 57.1 1.29
      vertex 12.25 47.300000000000004 2.1100000000000003
    endloop
  endfacet
  facet normal 1 0 0
    outer loop
      vertex 12.25 46.00000000000001 0.6
      vertex 12.25 58.400000000000006 0.6
      vertex 12.25 57.1 1.29
    endloop
  endfacet
  facet normal 1 0 0
    outer loop
      vertex 12.25 59.2 0.6
      vertex 12.25 71.60000000000001 0.6
      vertex 12.25 59.2 1.2899999999999998
    endloop
  endfacet
  facet normal 1 0 0
    outer loop
      vertex 12.25 72.4 0.6
      vertex 12.25 84.80000000000001 0.6
      vertex 12.25 72.4 1.2899999999999998
    endloop
  endfacet
  facet normal 1 0 0
    outer loop
      vertex 12.25 85.60000000000001 0.6
      vertex 12.25 98 0.6
      vertex 12.25 85.60000000000001 1.2899999999999998
    endloop
  endfacet
  facet normal 1 0 0
    outer loop
      vertex 12.25 98.8 0.6
      vertex 12.25 111.2 0.6
      vertex 12.25 98.8 1.2899999999999998
    endloop
  endfacet
  facet normal 1 0 0
    outer loop
      vertex 12.25 58.400000000000006 0.6
      vertex 12.25 58.400000000000006 1.2899999999999998
      vertex 12.25 57.1 1.29
    endloop
  endfacet
  facet normal 1 0 0
    outer loop
      vertex 12.25 71.60000000000001 0.6
      vertex 12.25 60.50000000000001 1.29
      vertex 12.25 59.2 1.2899999999999998
    endloop
  endfacet
  facet normal 1 0 0
    outer loop
      vertex 12.25 71.60000000000001 0.6
      vertex 12.25 70.30000000000001 1.29
      vertex 12.25 60.50000000000001 1.29
    endloop
  endfacet
  facet normal 1 0 0
    outer loop
      vertex 12.25 71.60000000000001 0.6
      vertex 12.25 71.60000000000001 1.2899999999999998
      vertex 12.25 70.30000000000001 1.29
    endloop
  endfacet
  facet normal 1 0 0
    outer loop
      vertex 12.25 84.80000000000001 0.6
      vertex 12.25 73.7 1.29
      vertex 12.25 72.4 1.2899999999999998
    endloop
  endfacet
  facet normal 1 0 0
    outer loop
      vertex 12.25 73.7 1.29
      vertex 12.25 83.50000000000001 1.29
      vertex 12.25 73.7 1.2939234449760766
    endloop
  endfacet
  facet normal 1 0 0
    outer loop
      vertex 12.25 60.50000000000001 1.29
      vertex 12.25 70.30000000000001 1.29
      vertex 12.25 60.50000000000001 2.1100000000000003
    endloop
  endfacet
  facet normal 1 0 0
    outer loop
      vertex 12.25 73.7 1.2939234449760766
      vertex 12.25 83.50000000000001 1.29
      vertex 12.25 73.7 2.1100000000000003
    endloop
  endfacet
  facet normal 1 0 0
    outer loop
      vertex 12.25 84.80000000000001 0.6
      vertex 12.25 83.50000000000001 1.29
      vertex 12.25 73.7 1.29
    endloop
  endfacet
  facet normal 1 0 0
    outer loop
      vertex 12.25 84.80000000000001 0.6
      vertex 12.25 84.80000000000001 1.2900000000000005
      vertex 12.25 83.50000000000001 1.29
    endloop
  endfacet
  facet normal 1 0 0
    outer loop
      vertex 12.25 98 0.6
      vertex 12.25 86.89999999999999 1.29
      vertex 12.25 85.60000000000001 1.2899999999999998
    endloop
  endfacet
  facet normal 1 0 0
    outer loop
      vertex 12.25 86.89999999999999 1.29
      vertex 12.25 96.7 1.29
      vertex 12.25 86.89999999999999 1.2939234449760766
    endloop
  endfacet
  facet normal 1 0 0
    outer loop
      vertex 12.25 98 0.6
      vertex 12.25 96.7 1.29
      vertex 12.25 86.89999999999999 1.29
    endloop
  endfacet
  facet normal 1 0 0
    outer loop
      vertex 12.25 98 0.6
      vertex 12.25 98 1.2899999999999998
      vertex 12.25 96.7 1.29
    endloop
  endfacet
  facet normal 1 0 0
    outer loop
      vertex 12.25 98.8 1.2899999999999998
      vertex 12.25 111.2 0.6
      vertex 12.25 100.1 1.29
    endloop
  endfacet
  facet normal 1 0 0
    outer loop
      vertex 12.25 100.1 1.29
      vertex 12.25 109.9 1.29
      vertex 12.25 100.1 1.2939234449760766
    endloop
  endfacet
  facet normal 1 0 0
    outer loop
      vertex 12.25 96.7 1.29
      vertex 12.25 86.89999999999999 2.1100000000000003
      vertex 12.25 86.89999999999999 1.2939234449760766
    endloop
  endfacet
  facet normal 1 0 0
    outer loop
      vertex 12.25 100.1 1.2939234449760766
      vertex 12.25 109.9 1.29
      vertex 12.25 100.1 2.1100000000000003
    endloop
  endfacet
  facet normal 1 0 0
    outer loop
      vertex 12.25 7.700000000000008 1.2939234449760766
      vertex 12.25 17.500000000000007 2.1100000000000003
      vertex 12.25 7.700000000000008 2.1100000000000003
    endloop
  endfacet
  facet normal 1 0 0
    outer loop
      vertex 12.25 20.90000000000001 1.29
      vertex 12.25 30.70000000000001 2.1100000000000003
      vertex 12.25 20.90000000000001 2.1100000000000003
    endloop
  endfacet
  facet normal 1 0 0
    outer loop
      vertex 12.25 34.10000000000001 1.29
      vertex 12.25 43.900000000000006 2.1100000000000003
      vertex 12.25 34.10000000000001 2.1100000000000003
    endloop
  endfacet
  facet normal 1 0 0
    outer loop
      vertex 12.25 57.1 1.29
      vertex 12.25 57.1 2.1100000000000003
      vertex 12.25 47.300000000000004 2.1100000000000003
    endloop
  endfacet
  facet normal 1 0 0
    outer loop
      vertex 12.25 70.30000000000001 1.29
      vertex 12.25 70.30000000000001 2.1100000000000003
      vertex 12.25 60.50000000000001 2.1100000000000003
    endloop
  endfacet
  facet normal 1 0 0
    outer loop
      vertex 12.25 83.50000000000001 1.29
      vertex 12.25 83.50000000000001 2.1100000000000003
      vertex 12.25 73.7 2.1100000000000003
    endloop
  endfacet
  facet normal 1 0 0
    outer loop
      vertex 12.25 96.7 1.29
      vertex 12.25 96.7 2.1100000000000003
      vertex 12.25 86.89999999999999 2.1100000000000003
    endloop
  endfacet
  facet normal 1 0 0
    outer loop
      vertex 12.25 112 0.6
      vertex 12.25 124.4 0.6
      vertex 12.25 124.4 1.2899999999999998
    endloop
  endfacet
  facet normal 1 0 0
    outer loop
      vertex 12.25 125.2 0.6
      vertex 12.25 137.6 0.6
      vertex 12.25 137.6 1.2899999999999998
    endloop
  endfacet
  facet normal 1 0 0
    outer loop
      vertex 12.25 138.4 0.6
      vertex 12.25 150.8 0.6
      vertex 12.25 150.8 1.2899999999999998
    endloop
  endfacet
  facet normal 1 0 0
    outer loop
      vertex 12.25 100.1 1.29
      vertex 12.25 111.2 0.6
      vertex 12.25 109.9 1.29
    endloop
  endfacet
  facet normal 1 0 0
    outer loop
      vertex 12.25 111.2 0.6
      vertex 12.25 111.20000000000002 1.2900000000000003
      vertex 12.25 109.9 1.29
    endloop
  endfacet
  facet normal 1 0 0
    outer loop
      vertex 12.25 112 0.6
      vertex 12.25 113.3 1.29
      vertex 12.25 112 1.2899999999999998
    endloop
  endfacet
  facet normal 1 0 0
    outer loop
      vertex 12.25 112 0.6
      vertex 12.25 124.4 1.2899999999999998
      vertex 12.25 123.10000000000001 1.29
    endloop
  endfacet
  facet normal 1 0 0
    outer loop
      vertex 12.25 125.2 0.6
      vertex 12.25 126.5 1.29
      vertex 12.25 125.2 1.2899999999999998
    endloop
  endfacet
  facet normal 1 0 0
    outer loop
      vertex 12.25 112 0.6
      vertex 12.25 123.10000000000001 2.1100000000000003
      vertex 12.25 113.3 1.29
    endloop
  endfacet
  facet normal 1 0 0
    outer loop
      vertex 12.25 113.3 1.29
      vertex 12.25 123.10000000000001 2.1100000000000003
      vertex 12.25 113.3 1.2939234449760766
    endloop
  endfacet
  facet normal 1 0 0
    outer loop
      vertex 12.25 112 0.6
      vertex 12.25 123.10000000000001 1.29
      vertex 12.25 123.10000000000001 2.1100000000000003
    endloop
  endfacet
  facet normal 1 0 0
    outer loop
      vertex 12.25 125.2 0.6
      vertex 12.25 136.3 2.1100000000000003
      vertex 12.25 126.5 1.29
    endloop
  endfacet
  facet normal 1 0 0
    outer loop
      vertex 12.25 126.5 1.29
      vertex 12.25 136.3 2.1100000000000003
      vertex 12.25 126.5 1.2939234449760766
    endloop
  endfacet
  facet normal 1 0 0
    outer loop
      vertex 12.25 125.2 0.6
      vertex 12.25 137.6 1.2899999999999998
      vertex 12.25 136.29999999999998 1.2899999999999998
    endloop
  endfacet
  facet normal 1 0 0
    outer loop
      vertex 12.25 138.4 0.6
      vertex 12.25 139.70000000000002 1.29
      vertex 12.25 138.4 1.2899999999999998
    endloop
  endfacet
  facet normal 1 0 0
    outer loop
      vertex 12.25 138.4 0.6
      vertex 12.25 150.8 1.2899999999999998
      vertex 12.25 149.5 1.2899999999999998
    endloop
  endfacet
  facet normal 1 0 0
    outer loop
      vertex 12.25 151.60000000000002 0.6
      vertex 12.25 152.9 1.29
      vertex 12.25 151.60000000000002 1.2899999999999998
    endloop
  endfacet
  facet normal 1 0 0
    outer loop
      vertex 12.25 125.2 0.6
      vertex 12.25 136.29999999999998 1.2899999999999998
      vertex 12.25 136.3 2.0999999999999996
    endloop
  endfacet
  facet normal 1 0 0
    outer loop
      vertex 12.25 138.4 0.6
      vertex 12.25 149.50000000000003 2.1100000000000003
      vertex 12.25 139.70000000000002 1.29
    endloop
  endfacet
  facet normal 1 0 0
    outer loop
      vertex 12.25 125.2 0.6
      vertex 12.25 136.3 2.0999999999999996
      vertex 12.25 136.3 2.1100000000000003
    endloop
  endfacet
  facet normal 1 0 0
    outer loop
      vertex 12.25 139.70000000000002 1.29
      vertex 12.25 149.50000000000003 2.1100000000000003
      vertex 12.25 139.70000000000002 1.2939234449760766
    endloop
  endfacet
  facet normal 1 0 0
    outer loop
      vertex 12.25 138.4 0.6
      vertex 12.25 149.5 1.2899999999999998
      vertex 12.25 149.50000000000003 2.0999999999999996
    endloop
  endfacet
  facet normal 1 0 0
    outer loop
      vertex 12.25 151.60000000000002 0.6
      vertex 12.25 162.70000000000002 2.1100000000000003
      vertex 12.25 152.9 1.29
    endloop
  endfacet
  facet normal 1 0 0
    outer loop
      vertex 12.25 138.4 0.6
      vertex 12.25 149.50000000000003 2.0999999999999996
      vertex 12.25 149.50000000000003 2.1100000000000003
    endloop
  endfacet
  facet normal 1 0 0
    outer loop
      vertex 12.25 152.9 1.29
      vertex 12.25 162.70000000000002 2.1100000000000003
      vertex 12.25 152.9 1.2939234449760766
    endloop
  endfacet
  facet normal 1 0 0
    outer loop
      vertex 12.25 151.60000000000002 0.6
      vertex 12.25 164 0.6
      vertex 12.25 164 1.2900000000000003
    endloop
  endfacet
  facet normal 1 0 0
    outer loop
      vertex 12.25 164.8 0.6
      vertex 12.25 177.2 0.6
      vertex 12.25 177.2 1.2899999999999998
    endloop
  endfacet
  facet normal 1 0 0
    outer loop
      vertex 12.25 178 0.6
      vertex 12.25 190.39999999999998 0.6
      vertex 12.25 190.39999999999998 1.2900000000000003
    endloop
  endfacet
  facet normal 1 0 0
    outer loop
      vertex 12.25 191.2 0.6
      vertex 12.25 203.59999999999997 0.6
      vertex 12.25 203.59999999999997 1.2899999999999998
    endloop
  endfacet
  facet normal 1 0 0
    outer loop
      vertex 12.25 204.39999999999998 1.29
      vertex 12.25 204.39999999999998 0.6
      vertex 12.25 208 0.6
    endloop
  endfacet
  facet normal 1 0 0
    outer loop
      vertex 12.25 151.60000000000002 0.6
      vertex 12.25 164 1.2900000000000003
      vertex 12.25 162.7 1.2899999999999998
    endloop
  endfacet
  facet normal 1 0 0
    outer loop
      vertex 12.25 164.8 0.6
      vertex 12.25 166.1 1.29
      vertex 12.25 164.8 1.2899999999999998
    endloop
  endfacet
  facet normal 1 0 0
    outer loop
      vertex 12.25 164.8 0.6
      vertex 12.25 177.2 1.2899999999999998
      vertex 12.25 175.89999999999998 1.2899999999999998
    endloop
  endfacet
  facet normal 1 0 0
    outer loop
      vertex 12.25 178 0.6
      vertex 12.25 179.29999999999998 1.29
      vertex 12.25 178 1.2899999999999998
    endloop
  endfacet
  facet normal 1 0 0
    outer loop
      vertex 12.25 151.60000000000002 0.6
      vertex 12.25 162.7 1.2899999999999998
      vertex 12.25 162.70000000000002 2.0999999999999996
    endloop
  endfacet
  facet normal 1 0 0
    outer loop
      vertex 12.25 164.8 0.6
      vertex 12.25 175.9 2.1100000000000003
      vertex 12.25 166.1 1.29
    endloop
  endfacet
  facet normal 1 0 0
    outer loop
      vertex 12.25 151.60000000000002 0.6
      vertex 12.25 162.70000000000002 2.0999999999999996
      vertex 12.25 162.70000000000002 2.1100000000000003
    endloop
  endfacet
  facet normal 1 0 0
    outer loop
      vertex 12.25 166.1 1.29
      vertex 12.25 175.9 2.1100000000000003
      vertex 12.25 166.1 1.2939234449760766
    endloop
  endfacet
  facet normal 1 0 0
    outer loop
      vertex 12.25 164.8 0.6
      vertex 12.25 175.89999999999998 1.2899999999999998
      vertex 12.25 175.9 2.0999999999999996
    endloop
  endfacet
  facet normal 1 0 0
    outer loop
      vertex 12.25 178 0.6
      vertex 12.25 189.1 2.1100000000000003
      vertex 12.25 179.29999999999998 1.29
    endloop
  endfacet
  facet normal 1 0 0
    outer loop
      vertex 12.25 164.8 0.6
      vertex 12.25 175.9 2.0999999999999996
      vertex 12.25 175.9 2.1100000000000003
    endloop
  endfacet
  facet normal 1 0 0
    outer loop
      vertex 12.25 179.29999999999998 1.29
      vertex 12.25 189.1 2.1100000000000003
      vertex 12.25 179.29999999999998 1.2939234449760766
    endloop
  endfacet
  facet normal 1 0 0
    outer loop
      vertex 12.25 178 0.6
      vertex 12.25 190.39999999999998 1.2900000000000003
      vertex 12.25 189.09999999999997 1.2899999999999998
    endloop
  endfacet
  facet normal 1 0 0
    outer loop
      vertex 12.25 191.2 0.6
      vertex 12.25 192.49999999999997 1.29
      vertex 12.25 191.2 1.2899999999999998
    endloop
  endfacet
  facet normal 1 0 0
    outer loop
      vertex 12.25 191.2 0.6
      vertex 12.25 203.59999999999997 1.2899999999999998
      vertex 12.25 202.29999999999995 1.2899999999999998
    endloop
  endfacet
  facet normal 1 0 0
    outer loop
      vertex 12.25 178 0.6
      vertex 12.25 189.09999999999997 1.2899999999999998
      vertex 12.25 189.1 2.0999999999999996
    endloop
  endfacet
  facet normal 1 0 0
    outer loop
      vertex 12.25 191.2 0.6
      vertex 12.25 202.29999999999998 2.1100000000000003
      vertex 12.25 192.49999999999997 1.29
    endloop
  endfacet
  facet normal 1 0 0
    outer loop
      vertex 12.25 178 0.6
      vertex 12.25 189.1 2.0999999999999996
      vertex 12.25 189.1 2.1100000000000003
    endloop
  endfacet
  facet normal 1 0 0
    outer loop
      vertex 12.25 192.49999999999997 1.29
      vertex 12.25 202.29999999999998 2.1100000000000003
      vertex 12.25 192.49999999999997 1.2939234449760766
    endloop
  endfacet
  facet normal 1 0 0
    outer loop
      vertex 12.25 191.2 0.6
      vertex 12.25 202.29999999999995 1.2899999999999998
      vertex 12.25 202.29999999999998 2.0999999999999996
    endloop
  endfacet
  facet normal 1 0 0
    outer loop
      vertex 12.25 204.39999999999998 1.29
      vertex 12.25 208 0.6
      vertex 12.25 204.39999999999998 2.1100000000000003
    endloop
  endfacet
  facet normal 1 0 0
    outer loop
      vertex 12.25 191.2 0.6
      vertex 12.25 202.29999999999998 2.0999999999999996
      vertex 12.25 202.29999999999998 2.1100000000000003
    endloop
  endfacet
  facet normal 1 0 0
    outer loop
      vertex 12.25 100.1 2.1100000000000003
      vertex 12.25 109.9 1.29
      vertex 12.25 109.9 2.1100000000000003
    endloop
  endfacet
  facet normal 1 0 0
    outer loop
      vertex 12.25 113.3 1.2939234449760766
      vertex 12.25 123.10000000000001 2.1100000000000003
      vertex 12.25 113.3 2.1100000000000003
    endloop
  endfacet
  facet normal 1 0 0
    outer loop
      vertex 12.25 126.5 1.2939234449760766
      vertex 12.25 136.3 2.1100000000000003
      vertex 12.25 126.5 2.1100000000000003
    endloop
  endfacet
  facet normal 1 0 0
    outer loop
      vertex 12.25 139.70000000000002 1.2939234449760766
      vertex 12.25 149.50000000000003 2.1100000000000003
      vertex 12.25 139.70000000000002 2.1100000000000003
    endloop
  endfacet
  facet normal 1 0 0
    outer loop
      vertex 12.25 152.9 1.2939234449760766
      vertex 12.25 162.70000000000002 2.1100000000000003
      vertex 12.25 152.9 2.1100000000000003
    endloop
  endfacet
  facet normal 1 0 0
    outer loop
      vertex 12.25 166.1 1.2939234449760766
      vertex 12.25 175.9 2.1100000000000003
      vertex 12.25 166.1 2.1100000000000003
    endloop
  endfacet
  facet normal 1 0 0
    outer loop
      vertex 12.25 179.29999999999998 1.2939234449760766
      vertex 12.25 189.1 2.1100000000000003
      vertex 12.25 179.29999999999998 2.1100000000000003
    endloop
  endfacet
  facet normal 1 0 0
    outer loop
      vertex 12.25 192.49999999999997 1.2939234449760766
      vertex 12.25 202.29999999999998 2.1100000000000003
      vertex 12.25 192.49999999999997 2.1100000000000003
    endloop
  endfacet
  facet normal 0 0 -1
    outer loop
      vertex 3 0 0
      vertex 3.9593312855939615 30.947620560996004 0
      vertex 4.213458566168001 30.472181859196095 0
    endloop
  endfacet
  facet normal 0 0 -1
    outer loop
      vertex 3 0 0
      vertex 4.213458566168001 30.472181859196095 0
      vertex 4.555456351736995 30.055456351736993 0
    endloop
  endfacet
  facet normal 0 0 -1
    outer loop
      vertex 3 0 0
      vertex 3.8028404788911163 31.463501614455648 0
      vertex 3.9593312855939615 30.947620560996004 0
    endloop
  endfacet
  facet normal 0 0 -1
    outer loop
      vertex 3 0 0
      vertex 3.75 32 0
      vertex 3.8028404788911163 31.463501614455648 0
    endloop
  endfacet
  facet normal 0 0 -1
    outer loop
      vertex 3 0 0
      vertex 4.555456351736995 30.055456351736993 0
      vertex 4.972181859196094 29.713458566168 0
    endloop
  endfacet
  facet normal 0 0 -1
    outer loop
      vertex 3 0 0
      vertex 4.972181859196094 29.713458566168 0
      vertex 5.447620560996003 29.45933128559396 0
    endloop
  endfacet
  facet normal 0 0 -1
    outer loop
      vertex 3 0 0
      vertex 5.447620560996003 29.45933128559396 0
      vertex 5.963501614455647 29.302840478891117 0
    endloop
  endfacet
  facet normal 0 0 -1
    outer loop
      vertex 3 0 0
      vertex 5.963501614455647 29.302840478891117 0
      vertex 6.5 29.25 0
    endloop
  endfacet
  facet normal 0 0 -1
    outer loop
      vertex 3 0 0
      vertex 3.75 51 0
      vertex 3.75 32 0
    endloop
  endfacet
  facet normal 0 0 -1
    outer loop
      vertex 3.75 32 0
      vertex 3.8028404788911163 50.463501614455645 0
      vertex 3.8028404788911163 32.536498385544355 0
    endloop
  endfacet
  facet normal 0 0 -1
    outer loop
      vertex 3.8028404788911163 32.536498385544355 0
      vertex 3.9593312855939615 49.947620560996 0
      vertex 3.9593312855939615 33.052379439004 0
    endloop
  endfacet
  facet normal 0 0 -1
    outer loop
      vertex 3.9593312855939615 33.052379439004 0
      vertex 4.213458566168001 49.47218185919609 0
      vertex 4.213458566168001 33.52781814080391 0
    endloop
  endfacet
  facet normal 0 0 -1
    outer loop
      vertex 4.213458566168001 33.52781814080391 0
      vertex 4.555456351736995 49.05545635173699 0
      vertex 4.555456351736995 33.94454364826301 0
    endloop
  endfacet
  facet normal 0 0 -1
    outer loop
      vertex 4.555456351736995 33.94454364826301 0
      vertex 4.972181859196094 48.713458566168 0
      vertex 4.972181859196094 34.286541433832 0
    endloop
  endfacet
  facet normal 0 0 -1
    outer loop
      vertex 4.972181859196094 34.286541433832 0
      vertex 5.447620560996003 48.45933128559396 0
      vertex 5.447620560996003 34.54066871440604 0
    endloop
  endfacet
  facet normal 0 0 -1
    outer loop
      vertex 5.447620560996003 34.54066871440604 0
      vertex 5.963501614455647 48.30284047889111 0
      vertex 5.963501614455647 34.69715952110889 0
    endloop
  endfacet
  facet normal 0 0 -1
    outer loop
      vertex 5.963501614455647 34.69715952110889 0
      vertex 6.5 48.25 0
      vertex 6.5 34.75 0
    endloop
  endfacet
  facet normal 0 0 -1
    outer loop
      vertex 6.5 34.75 0
      vertex 7.036498385544353 48.30284047889111 0
      vertex 7.036498385544353 34.69715952110889 0
    endloop
  endfacet
  facet normal 0 0 -1
    outer loop
      vertex 7.036498385544353 34.69715952110889 0
      vertex 7.552379439003997 48.45933128559396 0
      vertex 7.552379439003997 34.54066871440604 0
    endloop
  endfacet
  facet normal 0 0 -1
    outer loop
      vertex 8.027818140803905 34.286541433832 0
      vertex 7.552379439003997 34.54066871440604 0
      vertex 8.027818140803905 48.713458566168 0
    endloop
  endfacet
  facet normal 0 0 -1
    outer loop
      vertex 8.027818140803905 34.286541433832 0
      vertex 8.444543648263005 49.05545635173699 0
      vertex 8.444543648263005 33.94454364826301 0
    endloop
  endfacet
  facet normal 0 0 -1
    outer loop
      vertex 8.444543648263005 33.94454364826301 0
      vertex 8.786541433832 49.47218185919609 0
      vertex 8.786541433832 33.52781814080391 0
    endloop
  endfacet
  facet normal 0 0 -1
    outer loop
      vertex 3 0 0
      vertex 3.75 70 0
      vertex 3.75 51 0
    endloop
  endfacet
  facet normal 0 0 -1
    outer loop
      vertex 3.9593312855939615 33.052379439004 0
      vertex 3.9593312855939615 49.947620560996 0
      vertex 4.213458566168001 49.47218185919609 0
    endloop
  endfacet
  facet normal 0 0 -1
    outer loop
      vertex 4.213458566168001 33.52781814080391 0
      vertex 4.213458566168001 49.47218185919609 0
      vertex 4.555456351736995 49.05545635173699 0
    endloop
  endfacet
  facet normal 0 0 -1
    outer loop
      vertex 3.75 32 0
      vertex 3.75 51 0
      vertex 3.8028404788911163 50.463501614455645 0
    endloop
  endfacet
  facet normal 0 0 -1
    outer loop
      vertex 3.8028404788911163 32.536498385544355 0
      vertex 3.8028404788911163 50.463501614455645 0
      vertex 3.9593312855939615 49.947620560996 0
    endloop
  endfacet
  facet normal 0 0 -1
    outer loop
      vertex 4.555456351736995 33.94454364826301 0
      vertex 4.555456351736995 49.05545635173699 0
      vertex 4.972181859196094 48.713458566168 0
    endloop
  endfacet
  facet normal 0 0 -1
    outer loop
      vertex 4.972181859196094 34.286541433832 0
      vertex 4.972181859196094 48.713458566168 0
      vertex 5.447620560996003 48.45933128559396 0
    endloop
  endfacet
  facet normal 0 0 -1
    outer loop
      vertex 5.447620560996003 34.54066871440604 0
      vertex 5.447620560996003 48.45933128559396 0
      vertex 5.963501614455647 48.30284047889111 0
    endloop
  endfacet
  facet normal 0 0 -1
    outer loop
      vertex 5.963501614455647 34.69715952110889 0
      vertex 5.963501614455647 48.30284047889111 0
      vertex 6.5 48.25 0
    endloop
  endfacet
  facet normal 0 0 -1
    outer loop
      vertex 6.5 34.75 0
      vertex 6.5 48.25 0
      vertex 7.036498385544353 48.30284047889111 0
    endloop
  endfacet
  facet normal 0 0 -1
    outer loop
      vertex 7.036498385544353 34.69715952110889 0
      vertex 7.036498385544353 48.30284047889111 0
      vertex 7.552379439003997 48.45933128559396 0
    endloop
  endfacet
  facet normal 0 0 -1
    outer loop
      vertex 7.552379439003997 34.54066871440604 0
      vertex 7.552379439003997 48.45933128559396 0
      vertex 8.027818140803905 48.713458566168 0
    endloop
  endfacet
  facet normal 0 0 -1
    outer loop
      vertex 8.027818140803905 34.286541433832 0
      vertex 8.027818140803905 48.713458566168 0
      vertex 8.444543648263005 49.05545635173699 0
    endloop
  endfacet
  facet normal 0 0 -1
    outer loop
      vertex 8.444543648263005 33.94454364826301 0
      vertex 8.444543648263005 49.05545635173699 0
      vertex 8.786541433832 49.47218185919609 0
    endloop
  endfacet
  facet normal -0.6343932841636447 -0.7730104533627375 0
    outer loop
      vertex 0.8786796564403572 0.8786796564403572 0
      vertex 1.3332893009411935 0.5055911630923644 0
      vertex 0.8786796564403572 0.8786796564403572 3.45
    endloop
  endfacet
  facet normal -0.7730104533627375 -0.6343932841636447 0
    outer loop
      vertex 0.5055911630923644 1.3332893009411935 0
      vertex 0.8786796564403572 0.8786796564403572 0
      vertex 0.5055911630923644 1.3332893009411935 3.45
    endloop
  endfacet
  facet normal -0.9569403357322087 -0.2902846772544627 -7.0667070680675255e-19
    outer loop
      vertex 0.22836140246614 1.8519497029047307 0
      vertex 0.05764415879030871 2.414729033951615 3.45
      vertex 0.05764415879030871 2.414729033951615 0
    endloop
  endfacet
  facet normal -0.8819212643483552 -0.47139673682599753 -3.960892853781577e-18
    outer loop
      vertex 0.5055911630923644 1.3332893009411935 0
      vertex 0.22836140246614 1.8519497029047307 3.45
      vertex 0.22836140246614 1.8519497029047307 0
    endloop
  endfacet
  facet normal -0.9951847266721969 -0.0980171403295607 6.32444660447556e-19
    outer loop
      vertex 0.05764415879030871 2.414729033951615 0
      vertex 0 3 3.45
      vertex 0 3 0
    endloop
  endfacet
  facet normal -0.47139673682599753 -0.8819212643483552 0
    outer loop
      vertex 1.3332893009411935 0.5055911630923644 0
      vertex 1.8519497029047307 0.22836140246614 0
      vertex 1.3332893009411935 0.5055911630923644 3.45
    endloop
  endfacet
  facet normal -0.2902846772544627 -0.9569403357322087 0
    outer loop
      vertex 1.8519497029047307 0.22836140246614 0
      vertex 2.414729033951615 0.05764415879030871 0
      vertex 1.8519497029047307 0.22836140246614 3.45
    endloop
  endfacet
  facet normal -0.0980171403295607 -0.9951847266721969 0
    outer loop
      vertex 2.414729033951615 0.05764415879030871 0
      vertex 3 0 0
      vertex 2.414729033951615 0.05764415879030871 3.45
    endloop
  endfacet
  facet normal 0 0 -1
    outer loop
      vertex 3.75 51 0
      vertex 3.8028404788911163 69.46350161445565 0
      vertex 3.8028404788911163 51.536498385544355 0
    endloop
  endfacet
  facet normal 0 0 -1
    outer loop
      vertex 3.8028404788911163 51.536498385544355 0
      vertex 3.9593312855939615 68.947620560996 0
      vertex 3.9593312855939615 52.052379439004 0
    endloop
  endfacet
  facet normal 0 0 -1
    outer loop
      vertex 3.9593312855939615 52.052379439004 0
      vertex 4.213458566168001 68.4721818591961 0
      vertex 4.213458566168001 52.52781814080391 0
    endloop
  endfacet
  facet normal 0 0 -1
    outer loop
      vertex 4.213458566168001 52.52781814080391 0
      vertex 4.555456351736995 68.05545635173699 0
      vertex 4.555456351736995 52.94454364826301 0
    endloop
  endfacet
  facet normal 0 0 -1
    outer loop
      vertex 3.9593312855939615 52.052379439004 0
      vertex 3.9593312855939615 68.947620560996 0
      vertex 4.213458566168001 68.4721818591961 0
    endloop
  endfacet
  facet normal 0 0 -1
    outer loop
      vertex 3.8028404788911163 51.536498385544355 0
      vertex 3.8028404788911163 69.46350161445565 0
      vertex 3.9593312855939615 68.947620560996 0
    endloop
  endfacet
  facet normal 0 0 -1
    outer loop
      vertex 3.75 51 0
      vertex 3.75 70 0
      vertex 3.8028404788911163 69.46350161445565 0
    endloop
  endfacet
  facet normal 0 0 -1
    outer loop
      vertex 4.213458566168001 52.52781814080391 0
      vertex 4.213458566168001 68.4721818591961 0
      vertex 4.555456351736995 68.05545635173699 0
    endloop
  endfacet
  facet normal 0 0 -1
    outer loop
      vertex 4.555456351736995 52.94454364826301 0
      vertex 4.972181859196094 67.713458566168 0
      vertex 4.972181859196094 53.286541433832 0
    endloop
  endfacet
  facet normal 0 0 -1
    outer loop
      vertex 4.972181859196094 53.286541433832 0
      vertex 5.447620560996003 67.45933128559396 0
      vertex 5.447620560996003 53.54066871440604 0
    endloop
  endfacet
  facet normal 0 0 -1
    outer loop
      vertex 5.447620560996003 53.54066871440604 0
      vertex 5.963501614455647 67.30284047889111 0
      vertex 5.963501614455647 53.69715952110889 0
    endloop
  endfacet
  facet normal 0 0 -1
    outer loop
      vertex 5.963501614455647 53.69715952110889 0
      vertex 6.5 67.25 0
      vertex 6.5 53.75 0
    endloop
  endfacet
  facet normal 0 0 -1
    outer loop
      vertex 6.5 53.75 0
      vertex 7.036498385544353 67.30284047889111 0
      vertex 7.036498385544353 53.69715952110889 0
    endloop
  endfacet
  facet normal 0 0 -1
    outer loop
      vertex 7.036498385544353 53.69715952110889 0
      vertex 7.552379439003997 67.45933128559396 0
      vertex 7.552379439003997 53.54066871440604 0
    endloop
  endfacet
  facet normal 0 0 -1
    outer loop
      vertex 8.027818140803905 53.286541433832 0
      vertex 7.552379439003997 53.54066871440604 0
      vertex 8.027818140803905 67.713458566168 0
    endloop
  endfacet
  facet normal 0 0 -1
    outer loop
      vertex 8.027818140803905 53.286541433832 0
      vertex 8.444543648263005 68.05545635173699 0
      vertex 8.444543648263005 52.94454364826301 0
    endloop
  endfacet
  facet normal 0 0 -1
    outer loop
      vertex 8.444543648263005 52.94454364826301 0
      vertex 8.786541433832 68.4721818591961 0
      vertex 8.786541433832 52.52781814080391 0
    endloop
  endfacet
  facet normal 0 0 -1
    outer loop
      vertex 4.555456351736995 52.94454364826301 0
      vertex 4.555456351736995 68.05545635173699 0
      vertex 4.972181859196094 67.713458566168 0
    endloop
  endfacet
  facet normal 0 0 -1
    outer loop
      vertex 4.972181859196094 53.286541433832 0
      vertex 4.972181859196094 67.713458566168 0
      vertex 5.447620560996003 67.45933128559396 0
    endloop
  endfacet
  facet normal 0 0 -1
    outer loop
      vertex 5.447620560996003 53.54066871440604 0
      vertex 5.447620560996003 67.45933128559396 0
      vertex 5.963501614455647 67.30284047889111 0
    endloop
  endfacet
  facet normal 0 0 -1
    outer loop
      vertex 5.963501614455647 53.69715952110889 0
      vertex 5.963501614455647 67.30284047889111 0
      vertex 6.5 67.25 0
    endloop
  endfacet
  facet normal 0 0 -1
    outer loop
      vertex 6.5 53.75 0
      vertex 6.5 67.25 0
      vertex 7.036498385544353 67.30284047889111 0
    endloop
  endfacet
  facet normal 0 0 -1
    outer loop
      vertex 7.036498385544353 53.69715952110889 0
      vertex 7.036498385544353 67.30284047889111 0
      vertex 7.552379439003997 67.45933128559396 0
    endloop
  endfacet
  facet normal 0 0 -1
    outer loop
      vertex 7.552379439003997 53.54066871440604 0
      vertex 7.552379439003997 67.45933128559396 0
      vertex 8.027818140803905 67.713458566168 0
    endloop
  endfacet
  facet normal 0 0 -1
    outer loop
      vertex 8.027818140803905 53.286541433832 0
      vertex 8.027818140803905 67.713458566168 0
      vertex 8.444543648263005 68.05545635173699 0
    endloop
  endfacet
  facet normal 0 0 -1
    outer loop
      vertex 8.444543648263005 52.94454364826301 0
      vertex 8.444543648263005 68.05545635173699 0
      vertex 8.786541433832 68.4721818591961 0
    endloop
  endfacet
  facet normal 0 0 -1
    outer loop
      vertex 0.5055911630923644 1.3332893009411935 0
      vertex 0.22836140246614 1.8519497029047307 0
      vertex 0.22836140246614 208.14805029709527 0
    endloop
  endfacet
  facet normal 0 0 -1
    outer loop
      vertex 0.5055911630923644 1.3332893009411935 0
      vertex 0.5055911630923644 208.6667106990588 0
      vertex 0.8786796564403572 0.8786796564403572 0
    endloop
  endfacet
  facet normal 0 0 -1
    outer loop
      vertex 0.8786796564403572 0.8786796564403572 0
      vertex 0.8786796564403572 209.12132034355963 0
      vertex 1.3332893009411935 0.5055911630923644 0
    endloop
  endfacet
  facet normal 0 0 -1
    outer loop
      vertex 0.22836140246614 1.8519497029047307 0
      vertex 0.05764415879030871 2.414729033951615 0
      vertex 0.05764415879030871 207.5852709660484 0
    endloop
  endfacet
  facet normal 0 0 -1
    outer loop
      vertex 0.05764415879030871 2.414729033951615 0
      vertex 0 3 0
      vertex 0 207 0
    endloop
  endfacet
  facet normal 0 0 -1
    outer loop
      vertex 1.3332893009411935 0.5055911630923644 0
      vertex 1.3332893009411935 209.49440883690764 0
      vertex 1.8519497029047307 0.22836140246614 0
    endloop
  endfacet
  facet normal 0 0 -1
    outer loop
      vertex 1.8519497029047307 0.22836140246614 0
      vertex 1.8519497029047307 209.77163859753387 0
      vertex 2.414729033951615 0.05764415879030871 0
    endloop
  endfacet
  facet normal 0 0 -1
    outer loop
      vertex 2.414729033951615 0.05764415879030871 0
      vertex 2.414729033951615 209.9423558412097 0
      vertex 3 0 0
    endloop
  endfacet
  facet normal 0 0 -1
    outer loop
      vertex 3 0 0
      vertex 3 210 0
      vertex 3.75 70 0
    endloop
  endfacet
  facet normal 0 0 -1
    outer loop
      vertex 3.75 70 0
      vertex 3.8028404788911163 139.46350161445565 0
      vertex 3.8028404788911163 70.53649838554435 0
    endloop
  endfacet
  facet normal 0 0 -1
    outer loop
      vertex 3.8028404788911163 70.53649838554435 0
      vertex 3.9593312855939615 138.947620560996 0
      vertex 3.9593312855939615 71.052379439004 0
    endloop
  endfacet
  facet normal 0 0 -1
    outer loop
      vertex 3.9593312855939615 71.052379439004 0
      vertex 4.213458566168001 138.4721818591961 0
      vertex 4.213458566168001 71.5278181408039 0
    endloop
  endfacet
  facet normal 0 0 -1
    outer loop
      vertex 4.213458566168001 71.5278181408039 0
      vertex 4.555456351736995 138.055456351737 0
      vertex 4.555456351736995 71.94454364826301 0
    endloop
  endfacet
  facet normal 0 0 -1
    outer loop
      vertex 4.555456351736995 71.94454364826301 0
      vertex 4.972181859196094 137.71345856616801 0
      vertex 4.972181859196094 72.286541433832 0
    endloop
  endfacet
  facet normal 0 0 -1
    outer loop
      vertex 4.972181859196094 72.286541433832 0
      vertex 5.447620560996003 137.45933128559398 0
      vertex 5.447620560996003 72.54066871440604 0
    endloop
  endfacet
  facet normal 0 0 -1
    outer loop
      vertex 5.447620560996003 72.54066871440604 0
      vertex 5.963501614455647 137.3028404788911 0
      vertex 5.963501614455647 72.69715952110889 0
    endloop
  endfacet
  facet normal 0 0 -1
    outer loop
      vertex 5.963501614455647 72.69715952110889 0
      vertex 6.5 137.25 0
      vertex 6.5 72.75 0
    endloop
  endfacet
  facet normal 0 0 -1
    outer loop
      vertex 6.5 72.75 0
      vertex 7.036498385544353 137.3028404788911 0
      vertex 7.036498385544353 72.69715952110889 0
    endloop
  endfacet
  facet normal 0 0 -1
    outer loop
      vertex 7.036498385544353 72.69715952110889 0
      vertex 7.552379439003997 137.45933128559398 0
      vertex 7.552379439003997 72.54066871440604 0
    endloop
  endfacet
  facet normal 0 0 -1
    outer loop
      vertex 7.552379439003997 72.54066871440604 0
      vertex 8.027818140803905 137.71345856616801 0
      vertex 8.027818140803905 72.286541433832 0
    endloop
  endfacet
  facet normal 0 0 -1
    outer loop
      vertex 8.444543648263005 71.94454364826301 0
      vertex 8.027818140803905 72.286541433832 0
      vertex 8.444543648263005 138.055456351737 0
    endloop
  endfacet
  facet normal 0 0 -1
    outer loop
      vertex 3 0 0
      vertex 6.5 29.25 0
      vertex 145 0 0
    endloop
  endfacet
  facet normal 0 0 -1
    outer loop
      vertex 6.5 29.25 0
      vertex 7.036498385544353 29.302840478891117 0
      vertex 145 0 0
    endloop
  endfacet
  facet normal 0 0 -1
    outer loop
      vertex 7.036498385544353 29.302840478891117 0
      vertex 7.552379439003997 29.45933128559396 0
      vertex 145 0 0
    endloop
  endfacet
  facet normal 0 0 -1
    outer loop
      vertex 7.552379439003997 29.45933128559396 0
      vertex 8.027818140803905 29.713458566168 0
      vertex 145 0 0
    endloop
  endfacet
  facet normal 0 0 -1
    outer loop
      vertex 8.027818140803905 29.713458566168 0
      vertex 8.444543648263005 30.055456351736993 0
      vertex 145 0 0
    endloop
  endfacet
  facet normal 0 0 -1
    outer loop
      vertex 8.444543648263005 30.055456351736993 0
      vertex 8.786541433832 30.472181859196095 0
      vertex 145 0 0
    endloop
  endfacet
  facet normal 0 0 -1
    outer loop
      vertex 8.786541433832 30.472181859196095 0
      vertex 9.040668714406038 30.947620560996004 0
      vertex 145 0 0
    endloop
  endfacet
  facet normal 0 0 -1
    outer loop
      vertex 8.786541433832 33.52781814080391 0
      vertex 145 0 0
      vertex 9.040668714406038 33.052379439004 0
    endloop
  endfacet
  facet normal 0 0 -1
    outer loop
      vertex 9.040668714406038 30.947620560996004 0
      vertex 9.197159521108883 31.463501614455648 0
      vertex 145 0 0
    endloop
  endfacet
  facet normal 0 0 -1
    outer loop
      vertex 9.197159521108883 31.463501614455648 0
      vertex 9.25 32 0
      vertex 145 0 0
    endloop
  endfacet
  facet normal 0 0 -1
    outer loop
      vertex 9.197159521108883 32.536498385544355 0
      vertex 145 0 0
      vertex 9.25 32 0
    endloop
  endfacet
  facet normal 0 0 -1
    outer loop
      vertex 9.197159521108883 32.536498385544355 0
      vertex 9.040668714406038 33.052379439004 0
      vertex 145 0 0
    endloop
  endfacet
  facet normal 0 0 -1
    outer loop
      vertex 8.786541433832 33.52781814080391 0
      vertex 8.786541433832 49.47218185919609 0
      vertex 145 0 0
    endloop
  endfacet
  facet normal 0 0 -1
    outer loop
      vertex 8.786541433832 49.47218185919609 0
      vertex 9.040668714406038 49.947620560996 0
      vertex 145 0 0
    endloop
  endfacet
  facet normal 0 0 -1
    outer loop
      vertex 9.040668714406038 52.052379439004 0
      vertex 8.786541433832 52.52781814080391 0
      vertex 145 0 0
    endloop
  endfacet
  facet normal 0 0 -1
    outer loop
      vertex 9.040668714406038 49.947620560996 0
      vertex 9.197159521108883 50.463501614455645 0
      vertex 145 0 0
    endloop
  endfacet
  facet normal 0 0 -1
    outer loop
      vertex 9.197159521108883 50.463501614455645 0
      vertex 9.25 51 0
      vertex 145 0 0
    endloop
  endfacet
  facet normal 0 0 -1
    outer loop
      vertex 9.197159521108883 51.536498385544355 0
      vertex 145 0 0
      vertex 9.25 51 0
    endloop
  endfacet
  facet normal 0 0 -1
    outer loop
      vertex 9.197159521108883 51.536498385544355 0
      vertex 9.040668714406038 52.052379439004 0
      vertex 145 0 0
    endloop
  endfacet
  facet normal 0 0 -1
    outer loop
      vertex 8.786541433832 52.52781814080391 0
      vertex 8.786541433832 68.4721818591961 0
      vertex 145 0 0
    endloop
  endfacet
  facet normal 0 0 -1
    outer loop
      vertex 8.786541433832 68.4721818591961 0
      vertex 9.040668714406038 68.947620560996 0
      vertex 145 0 0
    endloop
  endfacet
  facet normal 0 0 -1
    outer loop
      vertex 9.040668714406038 71.052379439004 0
      vertex 8.786541433832 71.5278181408039 0
      vertex 145 0 0
    endloop
  endfacet
  facet normal 0 0 -1
    outer loop
      vertex 8.444543648263005 71.94454364826301 0
      vertex 145 0 0
      vertex 8.786541433832 71.5278181408039 0
    endloop
  endfacet
  facet normal 0 0 -1
    outer loop
      vertex 9.040668714406038 68.947620560996 0
      vertex 9.197159521108883 69.46350161445565 0
      vertex 145 0 0
    endloop
  endfacet
  facet normal 0 0 -1
    outer loop
      vertex 9.197159521108883 69.46350161445565 0
      vertex 9.25 70 0
      vertex 145 0 0
    endloop
  endfacet
  facet normal 0 0 -1
    outer loop
      vertex 9.197159521108883 70.53649838554435 0
      vertex 145 0 0
      vertex 9.25 70 0
    endloop
  endfacet
  facet normal 0 0 -1
    outer loop
      vertex 9.197159521108883 70.53649838554435 0
      vertex 9.040668714406038 71.052379439004 0
      vertex 145 0 0
    endloop
  endfacet
  facet normal 0 -1 0
    outer loop
      vertex 3 0 0
      vertex 145 0 0
      vertex 3 0 3.45
    endloop
  endfacet
  facet normal 0 0 -1
    outer loop
      vertex 8.444543648263005 71.94454364826301 0
      vertex 9.25 140 0
      vertex 145 0 0
    endloop
  endfacet
  facet normal 0 0 -1
    outer loop
      vertex 9.197159521108883 140.53649838554435 0
      vertex 145 0 0
      vertex 9.25 140 0
    endloop
  endfacet
  facet normal 0 0 -1
    outer loop
      vertex 9.197159521108883 140.53649838554435 0
      vertex 9.197159521108883 158.46350161445565 0
      vertex 145 0 0
    endloop
  endfacet
  facet normal -0.8819212643483552 -0.47139673682599753 0
    outer loop
      vertex 0.5055911630923644 1.3332893009411935 0
      vertex 0.5055911630923644 1.3332893009411935 3.45
      vertex 0.22836140246614 1.8519497029047307 3.45
    endloop
  endfacet
  facet normal -0.7730104533627375 -0.6343932841636447 0
    outer loop
      vertex 0.8786796564403572 0.8786796564403572 0
      vertex 0.8786796564403572 0.8786796564403572 3.45
      vertex 0.5055911630923644 1.3332893009411935 3.45
    endloop
  endfacet
  facet normal -0.9569403357322087 -0.2902846772544627 0
    outer loop
      vertex 0.22836140246614 1.8519497029047307 0
      vertex 0.22836140246614 1.8519497029047307 3.45
      vertex 0.05764415879030871 2.414729033951615 3.45
    endloop
  endfacet
  facet normal -0.9951847266721969 -0.0980171403295607 0
    outer loop
      vertex 0.05764415879030871 2.414729033951615 0
      vertex 0.05764415879030871 2.414729033951615 3.45
      vertex 0 3 3.45
    endloop
  endfacet
  facet normal -0.6343932841636447 -0.7730104533627375 0
    outer loop
      vertex 1.3332893009411935 0.5055911630923644 0
      vertex 1.3332893009411935 0.5055911630923644 3.45
      vertex 0.8786796564403572 0.8786796564403572 3.45
    endloop
  endfacet
  facet normal -0.47139673682599753 -0.8819212643483552 0
    outer loop
      vertex 1.8519497029047307 0.22836140246614 0
      vertex 1.8519497029047307 0.22836140246614 3.45
      vertex 1.3332893009411935 0.5055911630923644 3.45
    endloop
  endfacet
  facet normal -0.2902846772544627 -0.9569403357322087 0
    outer loop
      vertex 2.414729033951615 0.05764415879030871 0
      vertex 2.414729033951615 0.05764415879030871 3.45
      vertex 1.8519497029047307 0.22836140246614 3.45
    endloop
  endfacet
  facet normal -0.0980171403295607 -0.9951847266721969 0
    outer loop
      vertex 3 0 0
      vertex 3 0 3.45
      vertex 2.414729033951615 0.05764415879030871 3.45
    endloop
  endfacet
  facet normal 0 0 1
    outer loop
      vertex 3 0 3.45
      vertex 12.230991523246853 1.9958900590804007 3.45
      vertex 5.963501614455647 29.302840478891117 3.45
    endloop
  endfacet
  facet normal 0 0 1
    outer loop
      vertex 3 0 3.45
      vertex 4.213458566168001 30.472181859196095 3.45
      vertex 3.9593312855939615 30.947620560996004 3.45
    endloop
  endfacet
  facet normal 0 0 1
    outer loop
      vertex 3 0 3.45
      vertex 4.555456351736995 30.055456351736993 3.45
      vertex 4.213458566168001 30.472181859196095 3.45
    endloop
  endfacet
  facet normal 0 0 1
    outer loop
      vertex 3 0 3.45
      vertex 3.9593312855939615 30.947620560996004 3.45
      vertex 3.8028404788911163 31.463501614455648 3.45
    endloop
  endfacet
  facet normal 0 0 1
    outer loop
      vertex 3 0 3.45
      vertex 3.8028404788911163 31.463501614455648 3.45
      vertex 3.75 32 3.45
    endloop
  endfacet
  facet normal 0 0 1
    outer loop
      vertex 3 0 3.45
      vertex 4.972181859196094 29.713458566168 3.45
      vertex 4.555456351736995 30.055456351736993 3.45
    endloop
  endfacet
  facet normal 0 0 1
    outer loop
      vertex 3 0 3.45
      vertex 5.447620560996003 29.45933128559396 3.45
      vertex 4.972181859196094 29.713458566168 3.45
    endloop
  endfacet
  facet normal 0 0 1
    outer loop
      vertex 3 0 3.45
      vertex 5.963501614455647 29.302840478891117 3.45
      vertex 5.447620560996003 29.45933128559396 3.45
    endloop
  endfacet
  facet normal 0 0 1
    outer loop
      vertex 5.963501614455647 29.302840478891117 3.45
      vertex 12.230991523246853 1.9958900590804007 3.45
      vertex 6.5 29.25 3.45
    endloop
  endfacet
  facet normal 0 0 1
    outer loop
      vertex 6.5 29.25 3.45
      vertex 12.230991523246853 1.9958900590804007 3.45
      vertex 7.036498385544353 29.302840478891117 3.45
    endloop
  endfacet
  facet normal 0 0 1
    outer loop
      vertex 7.036498385544353 29.302840478891117 3.45
      vertex 12.230991523246853 1.9958900590804007 3.45
      vertex 7.552379439003997 29.45933128559396 3.45
    endloop
  endfacet
  facet normal 0 0 1
    outer loop
      vertex 7.552379439003997 29.45933128559396 3.45
      vertex 12.230991523246853 1.9958900590804007 3.45
      vertex 8.027818140803905 29.713458566168 3.45
    endloop
  endfacet
  facet normal 0 0 1
    outer loop
      vertex 8.027818140803905 29.713458566168 3.45
      vertex 12.230991523246853 1.9958900590804007 3.45
      vertex 8.444543648263005 30.055456351736993 3.45
    endloop
  endfacet
  facet normal 0 0 1
    outer loop
      vertex 8.444543648263005 30.055456351736993 3.45
      vertex 12.230991523246853 1.9958900590804007 3.45
      vertex 8.786541433832 30.472181859196095 3.45
    endloop
  endfacet
  facet normal 0 0 1
    outer loop
      vertex 8.786541433832 30.472181859196095 3.45
      vertex 12.230991523246853 1.9958900590804007 3.45
      vertex 9.040668714406038 30.947620560996004 3.45
    endloop
  endfacet
  facet normal 0 0 1
    outer loop
      vertex 9.040668714406038 30.947620560996004 3.45
      vertex 12.230991523246853 1.9958900590804007 3.45
      vertex 9.197159521108883 31.463501614455648 3.45
    endloop
  endfacet
  facet normal 0 0 1
    outer loop
      vertex 9.197159521108883 31.463501614455648 3.45
      vertex 12.230991523246853 1.9958900590804007 3.45
      vertex 9.25 32 3.45
    endloop
  endfacet
  facet normal 0 0 1
    outer loop
      vertex 3 0 3.45
      vertex 3.75 32 3.45
      vertex 3.75 51 3.45
    endloop
  endfacet
  facet normal 0 0 1
    outer loop
      vertex 3.75 32 3.45
      vertex 3.8028404788911163 32.536498385544355 3.45
      vertex 3.75 51 3.45
    endloop
  endfacet
  facet normal 0 0 1
    outer loop
      vertex 3.8028404788911163 32.536498385544355 3.45
      vertex 3.9593312855939615 33.052379439004 3.45
      vertex 3.8028404788911163 50.463501614455645 3.45
    endloop
  endfacet
  facet normal 0 0 1
    outer loop
      vertex 3.9593312855939615 33.052379439004 3.45
      vertex 4.213458566168001 33.52781814080391 3.45
      vertex 3.9593312855939615 49.947620560996 3.45
    endloop
  endfacet
  facet normal 0 0 1
    outer loop
      vertex 4.213458566168001 33.52781814080391 3.45
      vertex 4.555456351736995 33.94454364826301 3.45
      vertex 4.213458566168001 49.47218185919609 3.45
    endloop
  endfacet
  facet normal 0 0 1
    outer loop
      vertex 4.555456351736995 33.94454364826301 3.45
      vertex 4.972181859196094 34.286541433832 3.45
      vertex 4.972181859196094 48.713458566168 3.45
    endloop
  endfacet
  facet normal 0 0 1
    outer loop
      vertex 4.972181859196094 34.286541433832 3.45
      vertex 5.447620560996003 34.54066871440604 3.45
      vertex 4.972181859196094 48.713458566168 3.45
    endloop
  endfacet
  facet normal 0 0 1
    outer loop
      vertex 5.447620560996003 34.54066871440604 3.45
      vertex 5.963501614455647 34.69715952110889 3.45
      vertex 5.447620560996003 48.45933128559396 3.45
    endloop
  endfacet
  facet normal 0 0 1
    outer loop
      vertex 5.963501614455647 34.69715952110889 3.45
      vertex 6.5 34.75 3.45
      vertex 5.963501614455647 48.30284047889111 3.45
    endloop
  endfacet
  facet normal 0 0 1
    outer loop
      vertex 6.5 34.75 3.45
      vertex 7.036498385544353 34.69715952110889 3.45
      vertex 6.5 48.25 3.45
    endloop
  endfacet
  facet normal 0 0 1
    outer loop
      vertex 7.036498385544353 34.69715952110889 3.45
      vertex 7.552379439003997 34.54066871440604 3.45
      vertex 7.036498385544353 48.30284047889111 3.45
    endloop
  endfacet
  facet normal 0 0 1
    outer loop
      vertex 8.027818140803905 34.286541433832 3.45
      vertex 7.552379439003997 48.45933128559396 3.45
      vertex 7.552379439003997 34.54066871440604 3.45
    endloop
  endfacet
  facet normal 0 0 1
    outer loop
      vertex 8.027818140803905 34.286541433832 3.45
      vertex 8.444543648263005 33.94454364826301 3.45
      vertex 8.027818140803905 48.713458566168 3.45
    endloop
  endfacet
  facet normal 0 0 1
    outer loop
      vertex 8.444543648263005 33.94454364826301 3.45
      vertex 8.786541433832 33.52781814080391 3.45
      vertex 8.444543648263005 49.05545635173699 3.45
    endloop
  endfacet
  facet normal 0 0 1
    outer loop
      vertex 9.197159521108883 32.536498385544355 3.45
      vertex 9.040668714406038 49.947620560996 3.45
      vertex 9.040668714406038 33.052379439004 3.45
    endloop
  endfacet
  facet normal 0 0 1
    outer loop
      vertex 8.786541433832 33.52781814080391 3.45
      vertex 9.040668714406038 33.052379439004 3.45
      vertex 8.786541433832 49.47218185919609 3.45
    endloop
  endfacet
  facet normal 0 0 1
    outer loop
      vertex 3 0 3.45
      vertex 3.75 51 3.45
      vertex 3.75 70 3.45
    endloop
  endfacet
  facet normal 0 0 1
    outer loop
      vertex 4.555456351736995 33.94454364826301 3.45
      vertex 4.555456351736995 49.05545635173699 3.45
      vertex 4.213458566168001 49.47218185919609 3.45
    endloop
  endfacet
  facet normal 0 0 1
    outer loop
      vertex 3.8028404788911163 32.536498385544355 3.45
      vertex 3.8028404788911163 50.463501614455645 3.45
      vertex 3.75 51 3.45
    endloop
  endfacet
  facet normal 0 0 1
    outer loop
      vertex 3.9593312855939615 33.052379439004 3.45
      vertex 3.9593312855939615 49.947620560996 3.45
      vertex 3.8028404788911163 50.463501614455645 3.45
    endloop
  endfacet
  facet normal 0 0 1
    outer loop
      vertex 4.213458566168001 33.52781814080391 3.45
      vertex 4.213458566168001 49.47218185919609 3.45
      vertex 3.9593312855939615 49.947620560996 3.45
    endloop
  endfacet
  facet normal 0 0 1
    outer loop
      vertex 4.555456351736995 33.94454364826301 3.45
      vertex 4.972181859196094 48.713458566168 3.45
      vertex 4.555456351736995 49.05545635173699 3.45
    endloop
  endfacet
  facet normal 0 0 1
    outer loop
      vertex 5.447620560996003 34.54066871440604 3.45
      vertex 5.447620560996003 48.45933128559396 3.45
      vertex 4.972181859196094 48.713458566168 3.45
    endloop
  endfacet
  facet normal 0 0 1
    outer loop
      vertex 5.963501614455647 34.69715952110889 3.45
      vertex 5.963501614455647 48.30284047889111 3.45
      vertex 5.447620560996003 48.45933128559396 3.45
    endloop
  endfacet
  facet normal 0 0 1
    outer loop
      vertex 6.5 34.75 3.45
      vertex 6.5 48.25 3.45
      vertex 5.963501614455647 48.30284047889111 3.45
    endloop
  endfacet
  facet normal 0 0 1
    outer loop
      vertex 7.036498385544353 34.69715952110889 3.45
      vertex 7.036498385544353 48.30284047889111 3.45
      vertex 6.5 48.25 3.45
    endloop
  endfacet
  facet normal 0 0 1
    outer loop
      vertex 7.552379439003997 34.54066871440604 3.45
      vertex 7.552379439003997 48.45933128559396 3.45
      vertex 7.036498385544353 48.30284047889111 3.45
    endloop
  endfacet
  facet normal 0 0 1
    outer loop
      vertex 8.027818140803905 34.286541433832 3.45
      vertex 8.027818140803905 48.713458566168 3.45
      vertex 7.552379439003997 48.45933128559396 3.45
    endloop
  endfacet
  facet normal 0 0 1
    outer loop
      vertex 8.444543648263005 33.94454364826301 3.45
      vertex 8.444543648263005 49.05545635173699 3.45
      vertex 8.027818140803905 48.713458566168 3.45
    endloop
  endfacet
  facet normal 0 0 1
    outer loop
      vertex 8.786541433832 33.52781814080391 3.45
      vertex 8.786541433832 49.47218185919609 3.45
      vertex 8.444543648263005 49.05545635173699 3.45
    endloop
  endfacet
  facet normal 0 0 1
    outer loop
      vertex 9.040668714406038 33.052379439004 3.45
      vertex 9.040668714406038 49.947620560996 3.45
      vertex 8.786541433832 49.47218185919609 3.45
    endloop
  endfacet
  facet normal 0 0 1
    outer loop
      vertex 9.197159521108883 32.536498385544355 3.45
      vertex 9.197159521108883 50.463501614455645 3.45
      vertex 9.040668714406038 49.947620560996 3.45
    endloop
  endfacet
  facet normal 0 0 1
    outer loop
      vertex 9.197159521108883 32.536498385544355 3.45
      vertex 9.25 51 3.45
      vertex 9.197159521108883 50.463501614455645 3.45
    endloop
  endfacet
  facet normal -1 0 0
    outer loop
      vertex 0 3 0
      vertex 0 3 3.45
      vertex 0 207 3.45
    endloop
  endfacet
  facet normal 0 0 1
    outer loop
      vertex 3.75 51 3.45
      vertex 3.8028404788911163 51.536498385544355 3.45
      vertex 3.75 70 3.45
    endloop
  endfacet
  facet normal 0 0 1
    outer loop
      vertex 3.8028404788911163 51.536498385544355 3.45
      vertex 3.9593312855939615 52.052379439004 3.45
      vertex 3.8028404788911163 69.46350161445565 3.45
    endloop
  endfacet
  facet normal 0 0 1
    outer loop
      vertex 3.9593312855939615 52.052379439004 3.45
      vertex 4.213458566168001 52.52781814080391 3.45
      vertex 3.9593312855939615 68.947620560996 3.45
    endloop
  endfacet
  facet normal 0 0 1
    outer loop
      vertex 4.213458566168001 52.52781814080391 3.45
      vertex 4.555456351736995 52.94454364826301 3.45
      vertex 4.213458566168001 68.4721818591961 3.45
    endloop
  endfacet
  facet normal 0 0 1
    outer loop
      vertex 3.9593312855939615 52.052379439004 3.45
      vertex 3.9593312855939615 68.947620560996 3.45
      vertex 3.8028404788911163 69.46350161445565 3.45
    endloop
  endfacet
  facet normal 0 0 1
    outer loop
      vertex 3.8028404788911163 51.536498385544355 3.45
      vertex 3.8028404788911163 69.46350161445565 3.45
      vertex 3.75 70 3.45
    endloop
  endfacet
  facet normal 0 0 1
    outer loop
      vertex 4.555456351736995 52.94454364826301 3.45
      vertex 4.555456351736995 68.05545635173699 3.45
      vertex 4.213458566168001 68.4721818591961 3.45
    endloop
  endfacet
  facet normal 0 0 1
    outer loop
      vertex 4.213458566168001 52.52781814080391 3.45
      vertex 4.213458566168001 68.4721818591961 3.45
      vertex 3.9593312855939615 68.947620560996 3.45
    endloop
  endfacet
  facet normal 0 0 1
    outer loop
      vertex 4.555456351736995 52.94454364826301 3.45
      vertex 4.972181859196094 53.286541433832 3.45
      vertex 4.555456351736995 68.05545635173699 3.45
    endloop
  endfacet
  facet normal 0 0 1
    outer loop
      vertex 4.972181859196094 53.286541433832 3.45
      vertex 5.447620560996003 53.54066871440604 3.45
      vertex 4.972181859196094 67.713458566168 3.45
    endloop
  endfacet
  facet normal 0 0 1
    outer loop
      vertex 5.447620560996003 53.54066871440604 3.45
      vertex 5.963501614455647 53.69715952110889 3.45
      vertex 5.963501614455647 67.30284047889111 3.45
    endloop
  endfacet
  facet normal 0 0 1
    outer loop
      vertex 5.963501614455647 53.69715952110889 3.45
      vertex 6.5 53.75 3.45
      vertex 5.963501614455647 67.30284047889111 3.45
    endloop
  endfacet
  facet normal 0 0 1
    outer loop
      vertex 6.5 53.75 3.45
      vertex 7.036498385544353 53.69715952110889 3.45
      vertex 6.5 67.25 3.45
    endloop
  endfacet
  facet normal 0 0 1
    outer loop
      vertex 7.036498385544353 53.69715952110889 3.45
      vertex 7.552379439003997 53.54066871440604 3.45
      vertex 7.036498385544353 67.30284047889111 3.45
    endloop
  endfacet
  facet normal 0 0 1
    outer loop
      vertex 8.027818140803905 53.286541433832 3.45
      vertex 7.552379439003997 67.45933128559396 3.45
      vertex 7.552379439003997 53.54066871440604 3.45
    endloop
  endfacet
  facet normal 0 0 1
    outer loop
      vertex 9.197159521108883 51.536498385544355 3.45
      vertex 9.25 51 3.45
      vertex 9.197159521108883 69.46350161445565 3.45
    endloop
  endfacet
  facet normal 0 0 1
    outer loop
      vertex 8.027818140803905 53.286541433832 3.45
      vertex 8.444543648263005 52.94454364826301 3.45
      vertex 8.027818140803905 67.713458566168 3.45
    endloop
  endfacet
  facet normal 0 0 1
    outer loop
      vertex 8.444543648263005 52.94454364826301 3.45
      vertex 8.786541433832 52.52781814080391 3.45
      vertex 8.444543648263005 68.05545635173699 3.45
    endloop
  endfacet
  facet normal 0 0 1
    outer loop
      vertex 9.040668714406038 52.052379439004 3.45
      vertex 8.786541433832 68.4721818591961 3.45
      vertex 8.786541433832 52.52781814080391 3.45
    endloop
  endfacet
  facet normal 0 0 1
    outer loop
      vertex 9.197159521108883 51.536498385544355 3.45
      vertex 9.040668714406038 68.947620560996 3.45
      vertex 9.040668714406038 52.052379439004 3.45
    endloop
  endfacet
  facet normal 0 0 1
    outer loop
      vertex 4.972181859196094 53.286541433832 3.45
      vertex 4.972181859196094 67.713458566168 3.45
      vertex 4.555456351736995 68.05545635173699 3.45
    endloop
  endfacet
  facet normal 0 0 1
    outer loop
      vertex 5.447620560996003 53.54066871440604 3.45
      vertex 5.447620560996003 67.45933128559396 3.45
      vertex 4.972181859196094 67.713458566168 3.45
    endloop
  endfacet
  facet normal 0 0 1
    outer loop
      vertex 5.447620560996003 53.54066871440604 3.45
      vertex 5.963501614455647 67.30284047889111 3.45
      vertex 5.447620560996003 67.45933128559396 3.45
    endloop
  endfacet
  facet normal 0 0 1
    outer loop
      vertex 6.5 53.75 3.45
      vertex 6.5 67.25 3.45
      vertex 5.963501614455647 67.30284047889111 3.45
    endloop
  endfacet
  facet normal 0 0 1
    outer loop
      vertex 7.036498385544353 53.69715952110889 3.45
      vertex 7.036498385544353 67.30284047889111 3.45
      vertex 6.5 67.25 3.45
    endloop
  endfacet
  facet normal 0 0 1
    outer loop
      vertex 7.552379439003997 53.54066871440604 3.45
      vertex 7.552379439003997 67.45933128559396 3.45
      vertex 7.036498385544353 67.30284047889111 3.45
    endloop
  endfacet
  facet normal 0 0 1
    outer loop
      vertex 8.027818140803905 53.286541433832 3.45
      vertex 8.027818140803905 67.713458566168 3.45
      vertex 7.552379439003997 67.45933128559396 3.45
    endloop
  endfacet
  facet normal 0 0 1
    outer loop
      vertex 8.444543648263005 52.94454364826301 3.45
      vertex 8.444543648263005 68.05545635173699 3.45
      vertex 8.027818140803905 67.713458566168 3.45
    endloop
  endfacet
  facet normal 0 0 1
    outer loop
      vertex 8.786541433832 52.52781814080391 3.45
      vertex 8.786541433832 68.4721818591961 3.45
      vertex 8.444543648263005 68.05545635173699 3.45
    endloop
  endfacet
  facet normal 0 0 1
    outer loop
      vertex 9.040668714406038 52.052379439004 3.45
      vertex 9.040668714406038 68.947620560996 3.45
      vertex 8.786541433832 68.4721818591961 3.45
    endloop
  endfacet
  facet normal 0 0 1
    outer loop
      vertex 9.197159521108883 51.536498385544355 3.45
      vertex 9.197159521108883 69.46350161445565 3.45
      vertex 9.040668714406038 68.947620560996 3.45
    endloop
  endfacet
  facet normal 0 0 1
    outer loop
      vertex 9.25 51 3.45
      vertex 9.25 70 3.45
      vertex 9.197159521108883 69.46350161445565 3.45
    endloop
  endfacet
  facet normal 0 0 1
    outer loop
      vertex 0.5055911630923644 1.3332893009411935 3.45
      vertex 0.22836140246614 208.14805029709527 3.45
      vertex 0.22836140246614 1.8519497029047307 3.45
    endloop
  endfacet
  facet normal 0 0 1
    outer loop
      vertex 0.5055911630923644 1.3332893009411935 3.45
      vertex 0.8786796564403572 0.8786796564403572 3.45
      vertex 0.5055911630923644 208.6667106990588 3.45
    endloop
  endfacet
  facet normal 0 0 1
    outer loop
      vertex 0.8786796564403572 0.8786796564403572 3.45
      vertex 1.3332893009411935 0.5055911630923644 3.45
      vertex 0.8786796564403572 209.12132034355963 3.45
    endloop
  endfacet
  facet normal 0 0 1
    outer loop
      vertex 0.22836140246614 1.8519497029047307 3.45
      vertex 0.05764415879030871 207.5852709660484 3.45
      vertex 0.05764415879030871 2.414729033951615 3.45
    endloop
  endfacet
  facet normal 0 0 1
    outer loop
      vertex 0.05764415879030871 2.414729033951615 3.45
      vertex 0 207 3.45
      vertex 0 3 3.45
    endloop
  endfacet
  facet normal 0 0 1
    outer loop
      vertex 1.3332893009411935 0.5055911630923644 3.45
      vertex 1.8519497029047307 0.22836140246614 3.45
      vertex 1.3332893009411935 209.49440883690764 3.45
    endloop
  endfacet
  facet normal 0 0 1
    outer loop
      vertex 1.8519497029047307 0.22836140246614 3.45
      vertex 2.414729033951615 0.05764415879030871 3.45
      vertex 1.8519497029047307 209.77163859753387 3.45
    endloop
  endfacet
  facet normal 0 0 1
    outer loop
      vertex 2.414729033951615 0.05764415879030871 3.45
      vertex 3 0 3.45
      vertex 2.414729033951615 209.9423558412097 3.45
    endloop
  endfacet
  facet normal 0 0 1
    outer loop
      vertex 3 0 3.45
      vertex 3.75 70 3.45
      vertex 3.75 140 3.45
    endloop
  endfacet
  facet normal 0 0 1
    outer loop
      vertex 3.75 70 3.45
      vertex 3.8028404788911163 70.53649838554435 3.45
      vertex 3.75 140 3.45
    endloop
  endfacet
  facet normal 0 0 1
    outer loop
      vertex 3.8028404788911163 70.53649838554435 3.45
      vertex 3.9593312855939615 71.052379439004 3.45
      vertex 3.8028404788911163 139.46350161445565 3.45
    endloop
  endfacet
  facet normal 0 0 1
    outer loop
      vertex 3.9593312855939615 71.052379439004 3.45
      vertex 4.213458566168001 71.5278181408039 3.45
      vertex 3.9593312855939615 138.947620560996 3.45
    endloop
  endfacet
  facet normal 0 0 1
    outer loop
      vertex 4.213458566168001 71.5278181408039 3.45
      vertex 4.555456351736995 71.94454364826301 3.45
      vertex 4.213458566168001 138.4721818591961 3.45
    endloop
  endfacet
  facet normal 0 0 1
    outer loop
      vertex 3 0 3.45
      vertex 3.75 140 3.45
      vertex 3.75 159 3.45
    endloop
  endfacet
  facet normal 0 0 1
    outer loop
      vertex 4.555456351736995 71.94454364826301 3.45
      vertex 4.972181859196094 72.286541433832 3.45
      vertex 4.555456351736995 138.055456351737 3.45
    endloop
  endfacet
  facet normal 0 0 1
    outer loop
      vertex 4.972181859196094 72.286541433832 3.45
      vertex 5.447620560996003 72.54066871440604 3.45
      vertex 4.972181859196094 137.71345856616801 3.45
    endloop
  endfacet
  facet normal 0 0 1
    outer loop
      vertex 5.447620560996003 72.54066871440604 3.45
      vertex 5.963501614455647 72.69715952110889 3.45
      vertex 5.447620560996003 137.45933128559398 3.45
    endloop
  endfacet
  facet normal 0 0 1
    outer loop
      vertex 5.963501614455647 72.69715952110889 3.45
      vertex 6.5 72.75 3.45
      vertex 5.963501614455647 137.3028404788911 3.45
    endloop
  endfacet
  facet normal 0 0 1
    outer loop
      vertex 6.5 72.75 3.45
      vertex 7.036498385544353 72.69715952110889 3.45
      vertex 9.197159521108883 139.46350161445565 3.45
    endloop
  endfacet
  facet normal 0 0 1
    outer loop
      vertex 7.036498385544353 72.69715952110889 3.45
      vertex 7.552379439003997 72.54066871440604 3.45
      vertex 9.197159521108883 139.46350161445565 3.45
    endloop
  endfacet
  facet normal 0 0 1
    outer loop
      vertex 9.197159521108883 70.53649838554435 3.45
      vertex 9.25 70 3.45
      vertex 9.197159521108883 139.46350161445565 3.45
    endloop
  endfacet
  facet normal 0 0 1
    outer loop
      vertex 7.552379439003997 72.54066871440604 3.45
      vertex 8.027818140803905 72.286541433832 3.45
      vertex 9.197159521108883 139.46350161445565 3.45
    endloop
  endfacet
  facet normal 0 0 1
    outer loop
      vertex 8.444543648263005 71.94454364826301 3.45
      vertex 9.197159521108883 139.46350161445565 3.45
      vertex 8.027818140803905 72.286541433832 3.45
    endloop
  endfacet
  facet normal 0 0 1
    outer loop
      vertex 8.444543648263005 71.94454364826301 3.45
      vertex 8.786541433832 71.5278181408039 3.45
      vertex 9.197159521108883 139.46350161445565 3.45
    endloop
  endfacet
  facet normal 0 0 1
    outer loop
      vertex 9.197159521108883 70.53649838554435 3.45
      vertex 9.197159521108883 139.46350161445565 3.45
      vertex 9.040668714406038 71.052379439004 3.45
    endloop
  endfacet
  facet normal 0 0 1
    outer loop
      vertex 9.040668714406038 71.052379439004 3.45
      vertex 9.197159521108883 139.46350161445565 3.45
      vertex 8.786541433832 71.5278181408039 3.45
    endloop
  endfacet
  facet normal 0 0 1
    outer loop
      vertex 9.25 32 3.45
      vertex 12.230991523246853 1.9958900590804007 3.45
      vertex 10.264960020634511 208.42919783337632 3.45
    endloop
  endfacet
  facet normal 0 0 1
    outer loop
      vertex 9.197159521108883 32.536498385544355 3.45
      vertex 9.25 32 3.45
      vertex 10.264960020634511 208.42919783337632 3.45
    endloop
  endfacet
  facet normal 0 0 1
    outer loop
      vertex 9.197159521108883 32.536498385544355 3.45
      vertex 10.264960020634511 208.42919783337632 3.45
      vertex 9.25 51 3.45
    endloop
  endfacet
  facet normal 0 0 1
    outer loop
      vertex 3 0 3.45
      vertex 145 0 3.45
      vertex 12.230991523246853 1.9958900590804007 3.45
    endloop
  endfacet
  facet normal 0 0 1
    outer loop
      vertex 145 0 3.45
      vertex 12.25 2 3.45
      vertex 12.230991523246853 1.9958900590804007 3.45
    endloop
  endfacet
  facet normal 0 0 -1
    outer loop
      vertex 3.8028404788911163 70.53649838554435 0
      vertex 3.8028404788911163 139.46350161445565 0
      vertex 3.9593312855939615 138.947620560996 0
    endloop
  endfacet
  facet normal 0 0 -1
    outer loop
      vertex 3.9593312855939615 71.052379439004 0
      vertex 3.9593312855939615 138.947620560996 0
      vertex 4.213458566168001 138.4721818591961 0
    endloop
  endfacet
  facet normal 0 0 -1
    outer loop
      vertex 4.213458566168001 71.5278181408039 0
      vertex 4.213458566168001 138.4721818591961 0
      vertex 4.555456351736995 138.055456351737 0
    endloop
  endfacet
  facet normal 0 0 -1
    outer loop
      vertex 3.75 70 0
      vertex 3.75 140 0
      vertex 3.8028404788911163 139.46350161445565 0
    endloop
  endfacet
  facet normal 0 0 -1
    outer loop
      vertex 4.555456351736995 71.94454364826301 0
      vertex 4.555456351736995 138.055456351737 0
      vertex 4.972181859196094 137.71345856616801 0
    endloop
  endfacet
  facet normal 0 0 -1
    outer loop
      vertex 4.972181859196094 72.286541433832 0
      vertex 4.972181859196094 137.71345856616801 0
      vertex 5.447620560996003 137.45933128559398 0
    endloop
  endfacet
  facet normal 0 0 -1
    outer loop
      vertex 5.447620560996003 72.54066871440604 0
      vertex 5.447620560996003 137.45933128559398 0
      vertex 5.963501614455647 137.3028404788911 0
    endloop
  endfacet
  facet normal 0 0 -1
    outer loop
      vertex 5.963501614455647 72.69715952110889 0
      vertex 5.963501614455647 137.3028404788911 0
      vertex 6.5 137.25 0
    endloop
  endfacet
  facet normal 0 0 -1
    outer loop
      vertex 6.5 72.75 0
      vertex 6.5 137.25 0
      vertex 7.036498385544353 137.3028404788911 0
    endloop
  endfacet
  facet normal 0 0 -1
    outer loop
      vertex 7.036498385544353 72.69715952110889 0
      vertex 7.036498385544353 137.3028404788911 0
      vertex 7.552379439003997 137.45933128559398 0
    endloop
  endfacet
  facet normal 0 0 -1
    outer loop
      vertex 7.552379439003997 72.54066871440604 0
      vertex 7.552379439003997 137.45933128559398 0
      vertex 8.027818140803905 137.71345856616801 0
    endloop
  endfacet
  facet normal 0 0 -1
    outer loop
      vertex 8.027818140803905 72.286541433832 0
      vertex 8.027818140803905 137.71345856616801 0
      vertex 8.444543648263005 138.055456351737 0
    endloop
  endfacet
  facet normal 0 0 -1
    outer loop
      vertex 8.444543648263005 71.94454364826301 0
      vertex 8.444543648263005 138.055456351737 0
      vertex 8.786541433832 138.4721818591961 0
    endloop
  endfacet
  facet normal 0 0 -1
    outer loop
      vertex 8.444543648263005 71.94454364826301 0
      vertex 8.786541433832 138.4721818591961 0
      vertex 9.040668714406038 138.947620560996 0
    endloop
  endfacet
  facet normal 0 0 -1
    outer loop
      vertex 8.444543648263005 71.94454364826301 0
      vertex 9.040668714406038 138.947620560996 0
      vertex 9.197159521108883 139.46350161445565 0
    endloop
  endfacet
  facet normal 0 0 -1
    outer loop
      vertex 8.444543648263005 71.94454364826301 0
      vertex 9.197159521108883 139.46350161445565 0
      vertex 9.25 140 0
    endloop
  endfacet
  facet normal 0 0 -1
    outer loop
      vertex 0.05764415879030871 2.414729033951615 0
      vertex 0 207 0
      vertex 0.05764415879030871 207.5852709660484 0
    endloop
  endfacet
  facet normal 0 0 -1
    outer loop
      vertex 0.22836140246614 1.8519497029047307 0
      vertex 0.05764415879030871 207.5852709660484 0
      vertex 0.22836140246614 208.14805029709527 0
    endloop
  endfacet
  facet normal 0 0 -1
    outer loop
      vertex 0.5055911630923644 1.3332893009411935 0
      vertex 0.22836140246614 208.14805029709527 0
      vertex 0.5055911630923644 208.6667106990588 0
    endloop
  endfacet
  facet normal 0 0 -1
    outer loop
      vertex 0.8786796564403572 0.8786796564403572 0
      vertex 0.5055911630923644 208.6667106990588 0
      vertex 0.8786796564403572 209.12132034355963 0
    endloop
  endfacet
  facet normal 0 0 -1
    outer loop
      vertex 1.3332893009411935 0.5055911630923644 0
      vertex 0.8786796564403572 209.12132034355963 0
      vertex 1.3332893009411935 209.49440883690764 0
    endloop
  endfacet
  facet normal 0 0 -1
    outer loop
      vertex 1.8519497029047307 0.22836140246614 0
      vertex 1.3332893009411935 209.49440883690764 0
      vertex 1.8519497029047307 209.77163859753387 0
    endloop
  endfacet
  facet normal 0 0 -1
    outer loop
      vertex 2.414729033951615 0.05764415879030871 0
      vertex 1.8519497029047307 209.77163859753387 0
      vertex 2.414729033951615 209.9423558412097 0
    endloop
  endfacet
  facet normal 0 0 -1
    outer loop
      vertex 3 0 0
      vertex 2.414729033951615 209.9423558412097 0
      vertex 3 210 0
    endloop
  endfacet
  facet normal 0 0 -1
    outer loop
      vertex 3.75 70 0
      vertex 3 210 0
      vertex 3.75 140 0
    endloop
  endfacet
  facet normal 0 0 -1
    outer loop
      vertex 3.75 140 0
      vertex 3.8028404788911163 158.46350161445565 0
      vertex 3.8028404788911163 140.53649838554435 0
    endloop
  endfacet
  facet normal 0 0 -1
    outer loop
      vertex 3.8028404788911163 140.53649838554435 0
      vertex 3.9593312855939615 157.947620560996 0
      vertex 3.9593312855939615 141.052379439004 0
    endloop
  endfacet
  facet normal 0 0 -1
    outer loop
      vertex 3.9593312855939615 141.052379439004 0
      vertex 4.213458566168001 157.4721818591961 0
      vertex 4.213458566168001 141.5278181408039 0
    endloop
  endfacet
  facet normal 0 0 -1
    outer loop
      vertex 4.213458566168001 141.5278181408039 0
      vertex 4.555456351736995 157.055456351737 0
      vertex 4.555456351736995 141.944543648263 0
    endloop
  endfacet
  facet normal 0 0 -1
    outer loop
      vertex 3.9593312855939615 141.052379439004 0
      vertex 3.9593312855939615 157.947620560996 0
      vertex 4.213458566168001 157.4721818591961 0
    endloop
  endfacet
  facet normal 0 0 -1
    outer loop
      vertex 3.8028404788911163 140.53649838554435 0
      vertex 3.8028404788911163 158.46350161445565 0
      vertex 3.9593312855939615 157.947620560996 0
    endloop
  endfacet
  facet normal 0 0 -1
    outer loop
      vertex 3.75 140 0
      vertex 3.75 159 0
      vertex 3.8028404788911163 158.46350161445565 0
    endloop
  endfacet
  facet normal 0 0 -1
    outer loop
      vertex 4.213458566168001 141.5278181408039 0
      vertex 4.213458566168001 157.4721818591961 0
      vertex 4.555456351736995 157.055456351737 0
    endloop
  endfacet
  facet normal 0 0 -1
    outer loop
      vertex 4.555456351736995 141.944543648263 0
      vertex 4.972181859196094 156.71345856616801 0
      vertex 4.972181859196094 142.28654143383199 0
    endloop
  endfacet
  facet normal 0 0 -1
    outer loop
      vertex 4.972181859196094 142.28654143383199 0
      vertex 5.447620560996003 156.45933128559398 0
      vertex 5.447620560996003 142.54066871440602 0
    endloop
  endfacet
  facet normal 0 0 -1
    outer loop
      vertex 5.447620560996003 142.54066871440602 0
      vertex 5.963501614455647 156.3028404788911 0
      vertex 5.963501614455647 142.6971595211089 0
    endloop
  endfacet
  facet normal 0 0 -1
    outer loop
      vertex 5.963501614455647 142.6971595211089 0
      vertex 6.5 156.25 0
      vertex 6.5 142.75 0
    endloop
  endfacet
  facet normal 0 0 -1
    outer loop
      vertex 6.5 142.75 0
      vertex 7.036498385544353 156.3028404788911 0
      vertex 7.036498385544353 142.6971595211089 0
    endloop
  endfacet
  facet normal 0 0 -1
    outer loop
      vertex 7.036498385544353 142.6971595211089 0
      vertex 7.552379439003997 156.45933128559398 0
      vertex 7.552379439003997 142.54066871440602 0
    endloop
  endfacet
  facet normal 0 0 -1
    outer loop
      vertex 7.552379439003997 142.54066871440602 0
      vertex 8.027818140803905 156.71345856616801 0
      vertex 8.027818140803905 142.28654143383199 0
    endloop
  endfacet
  facet normal 0 0 -1
    outer loop
      vertex 8.027818140803905 142.28654143383199 0
      vertex 8.444543648263005 157.055456351737 0
      vertex 8.444543648263005 141.944543648263 0
    endloop
  endfacet
  facet normal 0 0 -1
    outer loop
      vertex 9.197159521108883 140.53649838554435 0
      vertex 9.040668714406038 141.052379439004 0
      vertex 9.197159521108883 158.46350161445565 0
    endloop
  endfacet
  facet normal 0 0 -1
    outer loop
      vertex 8.444543648263005 141.944543648263 0
      vertex 8.786541433832 157.4721818591961 0
      vertex 8.786541433832 141.5278181408039 0
    endloop
  endfacet
  facet normal 0 0 -1
    outer loop
      vertex 9.040668714406038 141.052379439004 0
      vertex 8.786541433832 141.5278181408039 0
      vertex 9.040668714406038 157.947620560996 0
    endloop
  endfacet
  facet normal 0 0 -1
    outer loop
      vertex 4.555456351736995 141.944543648263 0
      vertex 4.555456351736995 157.055456351737 0
      vertex 4.972181859196094 156.71345856616801 0
    endloop
  endfacet
  facet normal 0 0 -1
    outer loop
      vertex 4.972181859196094 142.28654143383199 0
      vertex 4.972181859196094 156.71345856616801 0
      vertex 5.447620560996003 156.45933128559398 0
    endloop
  endfacet
  facet normal 0 0 -1
    outer loop
      vertex 5.447620560996003 142.54066871440602 0
      vertex 5.447620560996003 156.45933128559398 0
      vertex 5.963501614455647 156.3028404788911 0
    endloop
  endfacet
  facet normal 0 0 -1
    outer loop
      vertex 5.963501614455647 142.6971595211089 0
      vertex 5.963501614455647 156.3028404788911 0
      vertex 6.5 156.25 0
    endloop
  endfacet
  facet normal 0 0 -1
    outer loop
      vertex 6.5 142.75 0
      vertex 6.5 156.25 0
      vertex 7.036498385544353 156.3028404788911 0
    endloop
  endfacet
  facet normal 0 0 -1
    outer loop
      vertex 7.036498385544353 142.6971595211089 0
      vertex 7.036498385544353 156.3028404788911 0
      vertex 7.552379439003997 156.45933128559398 0
    endloop
  endfacet
  facet normal 0 0 -1
    outer loop
      vertex 7.552379439003997 142.54066871440602 0
      vertex 7.552379439003997 156.45933128559398 0
      vertex 8.027818140803905 156.71345856616801 0
    endloop
  endfacet
  facet normal 0 0 -1
    outer loop
      vertex 8.027818140803905 142.28654143383199 0
      vertex 8.027818140803905 156.71345856616801 0
      vertex 8.444543648263005 157.055456351737 0
    endloop
  endfacet
  facet normal 0 0 -1
    outer loop
      vertex 8.444543648263005 141.944543648263 0
      vertex 8.444543648263005 157.055456351737 0
      vertex 8.786541433832 157.4721818591961 0
    endloop
  endfacet
  facet normal 0 0 -1
    outer loop
      vertex 8.786541433832 141.5278181408039 0
      vertex 8.786541433832 157.4721818591961 0
      vertex 9.040668714406038 157.947620560996 0
    endloop
  endfacet
  facet normal 0 0 -1
    outer loop
      vertex 9.040668714406038 141.052379439004 0
      vertex 9.040668714406038 157.947620560996 0
      vertex 9.197159521108883 158.46350161445565 0
    endloop
  endfacet
  facet normal -1 0 0
    outer loop
      vertex 0 3 0
      vertex 0 207 3.45
      vertex 0 207 0
    endloop
  endfacet
  facet normal 0 0 -1
    outer loop
      vertex 3.75 159 0
      vertex 3.75 178 0
      vertex 3.8028404788911163 159.53649838554435 0
    endloop
  endfacet
  facet normal 0 0 -1
    outer loop
      vertex 3.8028404788911163 159.53649838554435 0
      vertex 3.8028404788911163 177.46350161445565 0
      vertex 3.9593312855939615 160.052379439004 0
    endloop
  endfacet
  facet normal 0 0 -1
    outer loop
      vertex 3.9593312855939615 160.052379439004 0
      vertex 3.9593312855939615 176.947620560996 0
      vertex 4.213458566168001 160.5278181408039 0
    endloop
  endfacet
  facet normal 0 0 -1
    outer loop
      vertex 4.213458566168001 160.5278181408039 0
      vertex 4.213458566168001 176.4721818591961 0
      vertex 4.555456351736995 160.944543648263 0
    endloop
  endfacet
  facet normal 0 0 -1
    outer loop
      vertex 3.75 140 0
      vertex 3 210 0
      vertex 3.75 159 0
    endloop
  endfacet
  facet normal 0 0 -1
    outer loop
      vertex 4.555456351736995 160.944543648263 0
      vertex 4.972181859196094 175.71345856616801 0
      vertex 4.972181859196094 161.28654143383199 0
    endloop
  endfacet
  facet normal 0 0 -1
    outer loop
      vertex 4.972181859196094 161.28654143383199 0
      vertex 4.972181859196094 175.71345856616801 0
      vertex 5.447620560996003 161.54066871440602 0
    endloop
  endfacet
  facet normal 0 0 -1
    outer loop
      vertex 5.447620560996003 161.54066871440602 0
      vertex 4.972181859196094 175.71345856616801 0
      vertex 5.963501614455647 161.6971595211089 0
    endloop
  endfacet
  facet normal 0 0 -1
    outer loop
      vertex 5.963501614455647 161.6971595211089 0
      vertex 4.972181859196094 175.71345856616801 0
      vertex 6.5 161.75 0
    endloop
  endfacet
  facet normal 0 0 -1
    outer loop
      vertex 6.5 161.75 0
      vertex 4.972181859196094 175.71345856616801 0
      vertex 7.036498385544353 161.6971595211089 0
    endloop
  endfacet
  facet normal 0 0 -1
    outer loop
      vertex 7.036498385544353 161.6971595211089 0
      vertex 4.972181859196094 175.71345856616801 0
      vertex 7.552379439003997 161.54066871440602 0
    endloop
  endfacet
  facet normal 0 0 -1
    outer loop
      vertex 7.552379439003997 161.54066871440602 0
      vertex 4.972181859196094 175.71345856616801 0
      vertex 8.027818140803905 161.28654143383199 0
    endloop
  endfacet
  facet normal 0 0 -1
    outer loop
      vertex 8.027818140803905 161.28654143383199 0
      vertex 4.972181859196094 175.71345856616801 0
      vertex 8.444543648263005 160.944543648263 0
    endloop
  endfacet
  facet normal 0 0 -1
    outer loop
      vertex 3.8028404788911163 159.53649838554435 0
      vertex 3.75 178 0
      vertex 3.8028404788911163 177.46350161445565 0
    endloop
  endfacet
  facet normal 0 0 -1
    outer loop
      vertex 3.9593312855939615 160.052379439004 0
      vertex 3.8028404788911163 177.46350161445565 0
      vertex 3.9593312855939615 176.947620560996 0
    endloop
  endfacet
  facet normal 0 0 -1
    outer loop
      vertex 4.213458566168001 160.5278181408039 0
      vertex 3.9593312855939615 176.947620560996 0
      vertex 4.213458566168001 176.4721818591961 0
    endloop
  endfacet
  facet normal 0 0 -1
    outer loop
      vertex 4.555456351736995 160.944543648263 0
      vertex 4.213458566168001 176.4721818591961 0
      vertex 4.555456351736995 176.055456351737 0
    endloop
  endfacet
  facet normal 0 0 -1
    outer loop
      vertex 3.75 159 0
      vertex 3 210 0
      vertex 3.75 178 0
    endloop
  endfacet
  facet normal 0 0 -1
    outer loop
      vertex 4.555456351736995 160.944543648263 0
      vertex 4.555456351736995 176.055456351737 0
      vertex 4.972181859196094 175.71345856616801 0
    endloop
  endfacet
  facet normal 0 0 -1
    outer loop
      vertex 3.75 178 0
      vertex 3 210 0
      vertex 3.8028404788911163 178.53649838554435 0
    endloop
  endfacet
  facet normal 0 0 -1
    outer loop
      vertex 3.8028404788911163 178.53649838554435 0
      vertex 3 210 0
      vertex 3.9593312855939615 179.052379439004 0
    endloop
  endfacet
  facet normal 0 0 -1
    outer loop
      vertex 3.9593312855939615 179.052379439004 0
      vertex 3 210 0
      vertex 4.213458566168001 179.5278181408039 0
    endloop
  endfacet
  facet normal 0 0 -1
    outer loop
      vertex 4.213458566168001 179.5278181408039 0
      vertex 3 210 0
      vertex 4.555456351736995 179.944543648263 0
    endloop
  endfacet
  facet normal 0 0 -1
    outer loop
      vertex 4.555456351736995 179.944543648263 0
      vertex 3 210 0
      vertex 4.972181859196094 180.28654143383199 0
    endloop
  endfacet
  facet normal 0 0 -1
    outer loop
      vertex 4.972181859196094 180.28654143383199 0
      vertex 3 210 0
      vertex 5.447620560996003 180.54066871440602 0
    endloop
  endfacet
  facet normal 0 0 -1
    outer loop
      vertex 8.027818140803905 180.28654143383199 0
      vertex 7.552379439003997 180.54066871440602 0
      vertex 3 210 0
    endloop
  endfacet
  facet normal 0 0 -1
    outer loop
      vertex 8.027818140803905 180.28654143383199 0
      vertex 3 210 0
      vertex 8.444543648263005 179.944543648263 0
    endloop
  endfacet
  facet normal 0 0 -1
    outer loop
      vertex 8.444543648263005 179.944543648263 0
      vertex 3 210 0
      vertex 8.786541433832 179.5278181408039 0
    endloop
  endfacet
  facet normal 0 0 -1
    outer loop
      vertex 5.447620560996003 180.54066871440602 0
      vertex 3 210 0
      vertex 5.963501614455647 180.6971595211089 0
    endloop
  endfacet
  facet normal 0 0 -1
    outer loop
      vertex 5.963501614455647 180.6971595211089 0
      vertex 3 210 0
      vertex 6.5 180.75 0
    endloop
  endfacet
  facet normal 0 0 -1
    outer loop
      vertex 6.5 180.75 0
      vertex 3 210 0
      vertex 7.036498385544353 180.6971595211089 0
    endloop
  endfacet
  facet normal 0 0 -1
    outer loop
      vertex 7.036498385544353 180.6971595211089 0
      vertex 3 210 0
      vertex 7.552379439003997 180.54066871440602 0
    endloop
  endfacet
  facet normal -0.995184726672197 0.09801714032955847 1.682115747125978e-18
    outer loop
      vertex 0 207 0
      vertex 0.05764415879030871 207.5852709660484 3.45
      vertex 0.05764415879030871 207.5852709660484 0
    endloop
  endfacet
  facet normal -0.9569403357322066 0.29028467725447005 -6.839632851636487e-19
    outer loop
      vertex 0.05764415879030871 207.5852709660484 0
      vertex 0.22836140246614 208.14805029709527 3.45
      vertex 0.22836140246614 208.14805029709527 0
    endloop
  endfacet
  facet normal -0.8819212643483523 0.4713967368260029 -1.5998518405763383e-18
    outer loop
      vertex 0.22836140246614 208.14805029709527 0
      vertex 0.5055911630923644 208.6667106990588 3.45
      vertex 0.5055911630923644 208.6667106990588 0
    endloop
  endfacet
  facet normal -0.7730104533627364 0.6343932841636463 -6.359871452886192e-18
    outer loop
      vertex 0.5055911630923644 208.6667106990588 0
      vertex 0.8786796564403572 209.12132034355963 3.45
      vertex 0.8786796564403572 209.12132034355963 0
    endloop
  endfacet
  facet normal -0.6343932841636593 0.7730104533627257 2.3650884861844637e-18
    outer loop
      vertex 0.8786796564403572 209.12132034355963 0
      vertex 1.3332893009411935 209.49440883690764 3.45
      vertex 1.3332893009411935 209.49440883690764 0
    endloop
  endfacet
  facet normal -0.47139673682600103 0.8819212643483533 1.1072796354550207e-18
    outer loop
      vertex 1.3332893009411935 209.49440883690764 0
      vertex 1.8519497029047307 209.77163859753387 3.45
      vertex 1.8519497029047307 209.77163859753387 0
    endloop
  endfacet
  facet normal -0.2902846772544517 0.9569403357322123 -2.7155042342419034e-19
    outer loop
      vertex 1.8519497029047307 209.77163859753387 0
      vertex 2.414729033951615 209.9423558412097 3.45
      vertex 2.414729033951615 209.9423558412097 0
    endloop
  endfacet
  facet normal -0.0980171403295637 0.9951847266721967 -1.2159974043678743e-18
    outer loop
      vertex 2.414729033951615 209.9423558412097 0
      vertex 3 210 3.45
      vertex 3 210 0
    endloop
  endfacet
  facet normal 0 0 -1
    outer loop
      vertex 8.786541433832 160.5278181408039 0
      vertex 145 0 0
      vertex 9.040668714406038 160.052379439004 0
    endloop
  endfacet
  facet normal 0 0 -1
    outer loop
      vertex 8.786541433832 160.5278181408039 0
      vertex 8.444543648263005 160.944543648263 0
      vertex 145 0 0
    endloop
  endfacet
  facet normal 0 0 -1
    outer loop
      vertex 9.197159521108883 158.46350161445565 0
      vertex 9.25 159 0
      vertex 145 0 0
    endloop
  endfacet
  facet normal 0 0 -1
    outer loop
      vertex 9.197159521108883 159.53649838554435 0
      vertex 145 0 0
      vertex 9.25 159 0
    endloop
  endfacet
  facet normal 0 0 -1
    outer loop
      vertex 9.197159521108883 159.53649838554435 0
      vertex 9.040668714406038 160.052379439004 0
      vertex 145 0 0
    endloop
  endfacet
  facet normal 0 0 -1
    outer loop
      vertex 8.444543648263005 160.944543648263 0
      vertex 4.972181859196094 175.71345856616801 0
      vertex 145 0 0
    endloop
  endfacet
  facet normal 0 0 -1
    outer loop
      vertex 5.447620560996003 175.45933128559398 0
      vertex 145 0 0
      vertex 4.972181859196094 175.71345856616801 0
    endloop
  endfacet
  facet normal 0 0 -1
    outer loop
      vertex 5.447620560996003 175.45933128559398 0
      vertex 5.963501614455647 175.3028404788911 0
      vertex 145 0 0
    endloop
  endfacet
  facet normal 0 0 -1
    outer loop
      vertex 5.963501614455647 175.3028404788911 0
      vertex 6.5 175.25 0
      vertex 145 0 0
    endloop
  endfacet
  facet normal 0 0 -1
    outer loop
      vertex 6.5 175.25 0
      vertex 7.036498385544353 175.3028404788911 0
      vertex 145 0 0
    endloop
  endfacet
  facet normal 0 0 -1
    outer loop
      vertex 7.036498385544353 175.3028404788911 0
      vertex 7.552379439003997 175.45933128559398 0
      vertex 145 0 0
    endloop
  endfacet
  facet normal 0 0 -1
    outer loop
      vertex 7.552379439003997 175.45933128559398 0
      vertex 8.027818140803905 175.71345856616801 0
      vertex 145 0 0
    endloop
  endfacet
  facet normal 0 0 -1
    outer loop
      vertex 8.027818140803905 175.71345856616801 0
      vertex 8.444543648263005 176.055456351737 0
      vertex 145 0 0
    endloop
  endfacet
  facet normal 0 0 -1
    outer loop
      vertex 8.444543648263005 176.055456351737 0
      vertex 8.786541433832 176.4721818591961 0
      vertex 145 0 0
    endloop
  endfacet
  facet normal 0 0 -1
    outer loop
      vertex 8.786541433832 176.4721818591961 0
      vertex 9.040668714406038 176.947620560996 0
      vertex 145 0 0
    endloop
  endfacet
  facet normal 0 0 -1
    outer loop
      vertex 8.786541433832 179.5278181408039 0
      vertex 145 0 0
      vertex 9.040668714406038 179.052379439004 0
    endloop
  endfacet
  facet normal 0 0 -1
    outer loop
      vertex 9.040668714406038 176.947620560996 0
      vertex 9.197159521108883 177.46350161445565 0
      vertex 145 0 0
    endloop
  endfacet
  facet normal 0 0 -1
    outer loop
      vertex 9.197159521108883 177.46350161445565 0
      vertex 9.25 178 0
      vertex 145 0 0
    endloop
  endfacet
  facet normal 0 0 -1
    outer loop
      vertex 9.197159521108883 178.53649838554435 0
      vertex 145 0 0
      vertex 9.25 178 0
    endloop
  endfacet
  facet normal 0 0 -1
    outer loop
      vertex 9.197159521108883 178.53649838554435 0
      vertex 9.040668714406038 179.052379439004 0
      vertex 145 0 0
    endloop
  endfacet
  facet normal 0 0 -1
    outer loop
      vertex 8.786541433832 179.5278181408039 0
      vertex 3 210 0
      vertex 145 0 0
    endloop
  endfacet
  facet normal 0 0 1
    outer loop
      vertex 3 0 3.45
      vertex 3.75 159 3.45
      vertex 3.8028404788911163 177.46350161445565 3.45
    endloop
  endfacet
  facet normal 0 0 1
    outer loop
      vertex 4.213458566168001 71.5278181408039 3.45
      vertex 4.213458566168001 138.4721818591961 3.45
      vertex 3.9593312855939615 138.947620560996 3.45
    endloop
  endfacet
  facet normal 0 0 1
    outer loop
      vertex 4.555456351736995 71.94454364826301 3.45
      vertex 4.555456351736995 138.055456351737 3.45
      vertex 4.213458566168001 138.4721818591961 3.45
    endloop
  endfacet
  facet normal 0 0 1
    outer loop
      vertex 3.8028404788911163 70.53649838554435 3.45
      vertex 3.8028404788911163 139.46350161445565 3.45
      vertex 3.75 140 3.45
    endloop
  endfacet
  facet normal 0 0 1
    outer loop
      vertex 3.9593312855939615 71.052379439004 3.45
      vertex 3.9593312855939615 138.947620560996 3.45
      vertex 3.8028404788911163 139.46350161445565 3.45
    endloop
  endfacet
  facet normal 0 0 1
    outer loop
      vertex 4.972181859196094 72.286541433832 3.45
      vertex 4.972181859196094 137.71345856616801 3.45
      vertex 4.555456351736995 138.055456351737 3.45
    endloop
  endfacet
  facet normal 0 0 1
    outer loop
      vertex 5.447620560996003 72.54066871440604 3.45
      vertex 5.447620560996003 137.45933128559398 3.45
      vertex 4.972181859196094 137.71345856616801 3.45
    endloop
  endfacet
  facet normal 0 0 1
    outer loop
      vertex 5.963501614455647 72.69715952110889 3.45
      vertex 5.963501614455647 137.3028404788911 3.45
      vertex 5.447620560996003 137.45933128559398 3.45
    endloop
  endfacet
  facet normal 0 0 1
    outer loop
      vertex 6.5 72.75 3.45
      vertex 6.5 137.25 3.45
      vertex 5.963501614455647 137.3028404788911 3.45
    endloop
  endfacet
  facet normal 0 0 1
    outer loop
      vertex 6.5 72.75 3.45
      vertex 7.036498385544353 137.3028404788911 3.45
      vertex 6.5 137.25 3.45
    endloop
  endfacet
  facet normal 0 0 1
    outer loop
      vertex 6.5 72.75 3.45
      vertex 7.552379439003997 137.45933128559398 3.45
      vertex 7.036498385544353 137.3028404788911 3.45
    endloop
  endfacet
  facet normal 0 0 1
    outer loop
      vertex 6.5 72.75 3.45
      vertex 8.027818140803905 137.71345856616801 3.45
      vertex 7.552379439003997 137.45933128559398 3.45
    endloop
  endfacet
  facet normal 0 0 1
    outer loop
      vertex 6.5 72.75 3.45
      vertex 8.444543648263005 138.055456351737 3.45
      vertex 8.027818140803905 137.71345856616801 3.45
    endloop
  endfacet
  facet normal 0 0 1
    outer loop
      vertex 6.5 72.75 3.45
      vertex 8.786541433832 138.4721818591961 3.45
      vertex 8.444543648263005 138.055456351737 3.45
    endloop
  endfacet
  facet normal 0 0 1
    outer loop
      vertex 6.5 72.75 3.45
      vertex 9.040668714406038 138.947620560996 3.45
      vertex 8.786541433832 138.4721818591961 3.45
    endloop
  endfacet
  facet normal 0 0 1
    outer loop
      vertex 6.5 72.75 3.45
      vertex 9.197159521108883 139.46350161445565 3.45
      vertex 9.040668714406038 138.947620560996 3.45
    endloop
  endfacet
  facet normal 0 0 1
    outer loop
      vertex 9.25 70 3.45
      vertex 9.25 140 3.45
      vertex 9.197159521108883 139.46350161445565 3.45
    endloop
  endfacet
  facet normal 0 0 1
    outer loop
      vertex 3 0 3.45
      vertex 3.8028404788911163 177.46350161445565 3.45
      vertex 3.75 178 3.45
    endloop
  endfacet
  facet normal 0 0 1
    outer loop
      vertex 3 0 3.45
      vertex 3.75 178 3.45
      vertex 3 210 3.45
    endloop
  endfacet
  facet normal 0 0 1
    outer loop
      vertex 9.25 51 3.45
      vertex 10.264960020634511 208.42919783337632 3.45
      vertex 9.25 70 3.45
    endloop
  endfacet
  facet normal 0 0 1
    outer loop
      vertex 0.05764415879030871 2.414729033951615 3.45
      vertex 0.05764415879030871 207.5852709660484 3.45
      vertex 0 207 3.45
    endloop
  endfacet
  facet normal 0 0 1
    outer loop
      vertex 0.22836140246614 1.8519497029047307 3.45
      vertex 0.22836140246614 208.14805029709527 3.45
      vertex 0.05764415879030871 207.5852709660484 3.45
    endloop
  endfacet
  facet normal 0 0 1
    outer loop
      vertex 0.5055911630923644 1.3332893009411935 3.45
      vertex 0.5055911630923644 208.6667106990588 3.45
      vertex 0.22836140246614 208.14805029709527 3.45
    endloop
  endfacet
  facet normal 0 0 1
    outer loop
      vertex 0.8786796564403572 0.8786796564403572 3.45
      vertex 0.8786796564403572 209.12132034355963 3.45
      vertex 0.5055911630923644 208.6667106990588 3.45
    endloop
  endfacet
  facet normal 0 0 1
    outer loop
      vertex 1.3332893009411935 0.5055911630923644 3.45
      vertex 1.3332893009411935 209.49440883690764 3.45
      vertex 0.8786796564403572 209.12132034355963 3.45
    endloop
  endfacet
  facet normal 0 0 1
    outer loop
      vertex 1.8519497029047307 0.22836140246614 3.45
      vertex 1.8519497029047307 209.77163859753387 3.45
      vertex 1.3332893009411935 209.49440883690764 3.45
    endloop
  endfacet
  facet normal 0 0 1
    outer loop
      vertex 2.414729033951615 0.05764415879030871 3.45
      vertex 2.414729033951615 209.9423558412097 3.45
      vertex 1.8519497029047307 209.77163859753387 3.45
    endloop
  endfacet
  facet normal 0 0 1
    outer loop
      vertex 3 0 3.45
      vertex 3 210 3.45
      vertex 2.414729033951615 209.9423558412097 3.45
    endloop
  endfacet
  facet normal 0 0 1
    outer loop
      vertex 3.75 140 3.45
      vertex 3.8028404788911163 140.53649838554435 3.45
      vertex 3.75 159 3.45
    endloop
  endfacet
  facet normal 0 0 1
    outer loop
      vertex 3.8028404788911163 140.53649838554435 3.45
      vertex 3.9593312855939615 141.052379439004 3.45
      vertex 3.8028404788911163 158.46350161445565 3.45
    endloop
  endfacet
  facet normal 0 0 1
    outer loop
      vertex 3.9593312855939615 141.052379439004 3.45
      vertex 4.213458566168001 141.5278181408039 3.45
      vertex 3.9593312855939615 157.947620560996 3.45
    endloop
  endfacet
  facet normal 0 0 1
    outer loop
      vertex 4.213458566168001 141.5278181408039 3.45
      vertex 4.555456351736995 141.944543648263 3.45
      vertex 4.213458566168001 157.4721818591961 3.45
    endloop
  endfacet
  facet normal 0 0 1
    outer loop
      vertex 3.9593312855939615 141.052379439004 3.45
      vertex 3.9593312855939615 157.947620560996 3.45
      vertex 3.8028404788911163 158.46350161445565 3.45
    endloop
  endfacet
  facet normal 0 0 1
    outer loop
      vertex 4.213458566168001 141.5278181408039 3.45
      vertex 4.213458566168001 157.4721818591961 3.45
      vertex 3.9593312855939615 157.947620560996 3.45
    endloop
  endfacet
  facet normal 0 0 1
    outer loop
      vertex 4.555456351736995 141.944543648263 3.45
      vertex 4.555456351736995 157.055456351737 3.45
      vertex 4.213458566168001 157.4721818591961 3.45
    endloop
  endfacet
  facet normal 0 0 1
    outer loop
      vertex 3.8028404788911163 140.53649838554435 3.45
      vertex 3.8028404788911163 158.46350161445565 3.45
      vertex 3.75 159 3.45
    endloop
  endfacet
  facet normal 0 0 1
    outer loop
      vertex 4.555456351736995 141.944543648263 3.45
      vertex 4.972181859196094 142.28654143383199 3.45
      vertex 4.555456351736995 157.055456351737 3.45
    endloop
  endfacet
  facet normal 0 0 1
    outer loop
      vertex 4.972181859196094 142.28654143383199 3.45
      vertex 5.447620560996003 142.54066871440602 3.45
      vertex 4.972181859196094 156.71345856616801 3.45
    endloop
  endfacet
  facet normal 0 0 1
    outer loop
      vertex 5.447620560996003 142.54066871440602 3.45
      vertex 5.963501614455647 142.6971595211089 3.45
      vertex 5.447620560996003 156.45933128559398 3.45
    endloop
  endfacet
  facet normal 0 0 1
    outer loop
      vertex 5.963501614455647 142.6971595211089 3.45
      vertex 6.5 142.75 3.45
      vertex 5.963501614455647 156.3028404788911 3.45
    endloop
  endfacet
  facet normal 0 0 1
    outer loop
      vertex 6.5 142.75 3.45
      vertex 7.036498385544353 142.6971595211089 3.45
      vertex 6.5 156.25 3.45
    endloop
  endfacet
  facet normal 0 0 1
    outer loop
      vertex 7.036498385544353 142.6971595211089 3.45
      vertex 7.552379439003997 142.54066871440602 3.45
      vertex 7.036498385544353 156.3028404788911 3.45
    endloop
  endfacet
  facet normal 0 0 1
    outer loop
      vertex 7.552379439003997 142.54066871440602 3.45
      vertex 8.027818140803905 142.28654143383199 3.45
      vertex 7.552379439003997 156.45933128559398 3.45
    endloop
  endfacet
  facet normal 0 0 1
    outer loop
      vertex 8.027818140803905 142.28654143383199 3.45
      vertex 8.444543648263005 141.944543648263 3.45
      vertex 8.027818140803905 156.71345856616801 3.45
    endloop
  endfacet
  facet normal 0 0 1
    outer loop
      vertex 8.444543648263005 141.944543648263 3.45
      vertex 8.786541433832 141.5278181408039 3.45
      vertex 8.444543648263005 157.055456351737 3.45
    endloop
  endfacet
  facet normal 0 0 1
    outer loop
      vertex 9.040668714406038 141.052379439004 3.45
      vertex 8.786541433832 157.4721818591961 3.45
      vertex 8.786541433832 141.5278181408039 3.45
    endloop
  endfacet
  facet normal 0 0 1
    outer loop
      vertex 9.197159521108883 140.53649838554435 3.45
      vertex 9.25 140 3.45
      vertex 9.197159521108883 158.46350161445565 3.45
    endloop
  endfacet
  facet normal 0 0 1
    outer loop
      vertex 9.197159521108883 140.53649838554435 3.45
      vertex 9.040668714406038 157.947620560996 3.45
      vertex 9.040668714406038 141.052379439004 3.45
    endloop
  endfacet
  facet normal 0 0 1
    outer loop
      vertex 4.972181859196094 142.28654143383199 3.45
      vertex 4.972181859196094 156.71345856616801 3.45
      vertex 4.555456351736995 157.055456351737 3.45
    endloop
  endfacet
  facet normal 0 0 1
    outer loop
      vertex 5.447620560996003 142.54066871440602 3.45
      vertex 5.447620560996003 156.45933128559398 3.45
      vertex 4.972181859196094 156.71345856616801 3.45
    endloop
  endfacet
  facet normal 0 0 1
    outer loop
      vertex 5.963501614455647 142.6971595211089 3.45
      vertex 5.963501614455647 156.3028404788911 3.45
      vertex 5.447620560996003 156.45933128559398 3.45
    endloop
  endfacet
  facet normal 0 0 1
    outer loop
      vertex 6.5 142.75 3.45
      vertex 6.5 156.25 3.45
      vertex 5.963501614455647 156.3028404788911 3.45
    endloop
  endfacet
  facet normal 0 0 1
    outer loop
      vertex 7.036498385544353 142.6971595211089 3.45
      vertex 7.036498385544353 156.3028404788911 3.45
      vertex 6.5 156.25 3.45
    endloop
  endfacet
  facet normal 0 0 1
    outer loop
      vertex 7.552379439003997 142.54066871440602 3.45
      vertex 7.552379439003997 156.45933128559398 3.45
      vertex 7.036498385544353 156.3028404788911 3.45
    endloop
  endfacet
  facet normal 0 0 1
    outer loop
      vertex 8.027818140803905 142.28654143383199 3.45
      vertex 8.027818140803905 156.71345856616801 3.45
      vertex 7.552379439003997 156.45933128559398 3.45
    endloop
  endfacet
  facet normal 0 0 1
    outer loop
      vertex 8.444543648263005 141.944543648263 3.45
      vertex 8.444543648263005 157.055456351737 3.45
      vertex 8.027818140803905 156.71345856616801 3.45
    endloop
  endfacet
  facet normal 0 0 1
    outer loop
      vertex 8.786541433832 141.5278181408039 3.45
      vertex 8.786541433832 157.4721818591961 3.45
      vertex 8.444543648263005 157.055456351737 3.45
    endloop
  endfacet
  facet normal 0 0 1
    outer loop
      vertex 9.040668714406038 141.052379439004 3.45
      vertex 9.040668714406038 157.947620560996 3.45
      vertex 8.786541433832 157.4721818591961 3.45
    endloop
  endfacet
  facet normal 0 0 1
    outer loop
      vertex 9.197159521108883 140.53649838554435 3.45
      vertex 9.197159521108883 158.46350161445565 3.45
      vertex 9.040668714406038 157.947620560996 3.45
    endloop
  endfacet
  facet normal 0 0 1
    outer loop
      vertex 9.25 140 3.45
      vertex 9.25 159 3.45
      vertex 9.197159521108883 158.46350161445565 3.45
    endloop
  endfacet
  facet normal 0 0 1
    outer loop
      vertex 9.25 70 3.45
      vertex 10.264960020634511 208.42919783337632 3.45
      vertex 9.25 140 3.45
    endloop
  endfacet
  facet normal -0.995184726672197 0.09801714032955847 0
    outer loop
      vertex 0 207 0
      vertex 0 207 3.45
      vertex 0.05764415879030871 207.5852709660484 3.45
    endloop
  endfacet
  facet normal -0.9569403357322066 0.29028467725447005 0
    outer loop
      vertex 0.05764415879030871 207.5852709660484 0
      vertex 0.05764415879030871 207.5852709660484 3.45
      vertex 0.22836140246614 208.14805029709527 3.45
    endloop
  endfacet
  facet normal -0.8819212643483523 0.4713967368260029 0
    outer loop
      vertex 0.22836140246614 208.14805029709527 0
      vertex 0.22836140246614 208.14805029709527 3.45
      vertex 0.5055911630923644 208.6667106990588 3.45
    endloop
  endfacet
  facet normal -0.7730104533627364 0.6343932841636463 0
    outer loop
      vertex 0.5055911630923644 208.6667106990588 0
      vertex 0.5055911630923644 208.6667106990588 3.45
      vertex 0.8786796564403572 209.12132034355963 3.45
    endloop
  endfacet
  facet normal -0.6343932841636593 0.7730104533627257 0
    outer loop
      vertex 0.8786796564403572 209.12132034355963 0
      vertex 0.8786796564403572 209.12132034355963 3.45
      vertex 1.3332893009411935 209.49440883690764 3.45
    endloop
  endfacet
  facet normal -0.47139673682600103 0.8819212643483533 0
    outer loop
      vertex 1.3332893009411935 209.49440883690764 0
      vertex 1.3332893009411935 209.49440883690764 3.45
      vertex 1.8519497029047307 209.77163859753387 3.45
    endloop
  endfacet
  facet normal -0.2902846772544517 0.9569403357322123 0
    outer loop
      vertex 1.8519497029047307 209.77163859753387 0
      vertex 1.8519497029047307 209.77163859753387 3.45
      vertex 2.414729033951615 209.9423558412097 3.45
    endloop
  endfacet
  facet normal -0.0980171403295637 0.9951847266721967 0
    outer loop
      vertex 2.414729033951615 209.9423558412097 0
      vertex 2.414729033951615 209.9423558412097 3.45
      vertex 3 210 3.45
    endloop
  endfacet
  facet normal 0 0 1
    outer loop
      vertex 3.75 159 3.45
      vertex 3.8028404788911163 159.53649838554435 3.45
      vertex 3.8028404788911163 177.46350161445565 3.45
    endloop
  endfacet
  facet normal 0 0 1
    outer loop
      vertex 3.8028404788911163 159.53649838554435 3.45
      vertex 3.9593312855939615 160.052379439004 3.45
      vertex 3.8028404788911163 177.46350161445565 3.45
    endloop
  endfacet
  facet normal 0 0 1
    outer loop
      vertex 3.9593312855939615 160.052379439004 3.45
      vertex 4.213458566168001 160.5278181408039 3.45
      vertex 3.9593312855939615 176.947620560996 3.45
    endloop
  endfacet
  facet normal 0 0 1
    outer loop
      vertex 4.213458566168001 160.5278181408039 3.45
      vertex 4.555456351736995 160.944543648263 3.45
      vertex 4.213458566168001 176.4721818591961 3.45
    endloop
  endfacet
  facet normal 0 0 1
    outer loop
      vertex 4.555456351736995 160.944543648263 3.45
      vertex 4.972181859196094 161.28654143383199 3.45
      vertex 4.555456351736995 176.055456351737 3.45
    endloop
  endfacet
  facet normal 0 0 1
    outer loop
      vertex 4.972181859196094 161.28654143383199 3.45
      vertex 5.447620560996003 161.54066871440602 3.45
      vertex 4.972181859196094 175.71345856616801 3.45
    endloop
  endfacet
  facet normal 0 0 1
    outer loop
      vertex 5.447620560996003 161.54066871440602 3.45
      vertex 5.963501614455647 161.6971595211089 3.45
      vertex 5.447620560996003 175.45933128559398 3.45
    endloop
  endfacet
  facet normal 0 0 1
    outer loop
      vertex 5.963501614455647 161.6971595211089 3.45
      vertex 6.5 161.75 3.45
      vertex 5.963501614455647 175.3028404788911 3.45
    endloop
  endfacet
  facet normal 0 0 1
    outer loop
      vertex 6.5 161.75 3.45
      vertex 7.036498385544353 161.6971595211089 3.45
      vertex 6.5 175.25 3.45
    endloop
  endfacet
  facet normal 0 0 1
    outer loop
      vertex 7.036498385544353 161.6971595211089 3.45
      vertex 7.552379439003997 161.54066871440602 3.45
      vertex 7.036498385544353 175.3028404788911 3.45
    endloop
  endfacet
  facet normal 0 0 1
    outer loop
      vertex 7.552379439003997 161.54066871440602 3.45
      vertex 8.027818140803905 161.28654143383199 3.45
      vertex 7.552379439003997 175.45933128559398 3.45
    endloop
  endfacet
  facet normal 0 0 1
    outer loop
      vertex 8.786541433832 160.5278181408039 3.45
      vertex 9.040668714406038 160.052379439004 3.45
      vertex 8.786541433832 176.4721818591961 3.45
    endloop
  endfacet
  facet normal 0 0 1
    outer loop
      vertex 9.197159521108883 159.53649838554435 3.45
      vertex 9.040668714406038 176.947620560996 3.45
      vertex 9.040668714406038 160.052379439004 3.45
    endloop
  endfacet
  facet normal 0 0 1
    outer loop
      vertex 9.197159521108883 159.53649838554435 3.45
      vertex 9.25 159 3.45
      vertex 9.197159521108883 177.46350161445565 3.45
    endloop
  endfacet
  facet normal 0 0 1
    outer loop
      vertex 8.027818140803905 161.28654143383199 3.45
      vertex 8.444543648263005 160.944543648263 3.45
      vertex 8.027818140803905 175.71345856616801 3.45
    endloop
  endfacet
  facet normal 0 0 1
    outer loop
      vertex 8.786541433832 160.5278181408039 3.45
      vertex 8.444543648263005 176.055456351737 3.45
      vertex 8.444543648263005 160.944543648263 3.45
    endloop
  endfacet
  facet normal 0 0 1
    outer loop
      vertex 3.9593312855939615 160.052379439004 3.45
      vertex 3.9593312855939615 176.947620560996 3.45
      vertex 3.8028404788911163 177.46350161445565 3.45
    endloop
  endfacet
  facet normal 0 0 1
    outer loop
      vertex 4.213458566168001 160.5278181408039 3.45
      vertex 4.213458566168001 176.4721818591961 3.45
      vertex 3.9593312855939615 176.947620560996 3.45
    endloop
  endfacet
  facet normal 0 0 1
    outer loop
      vertex 4.555456351736995 160.944543648263 3.45
      vertex 4.555456351736995 176.055456351737 3.45
      vertex 4.213458566168001 176.4721818591961 3.45
    endloop
  endfacet
  facet normal 0 0 1
    outer loop
      vertex 4.972181859196094 161.28654143383199 3.45
      vertex 4.972181859196094 175.71345856616801 3.45
      vertex 4.555456351736995 176.055456351737 3.45
    endloop
  endfacet
  facet normal 0 0 1
    outer loop
      vertex 5.447620560996003 161.54066871440602 3.45
      vertex 5.447620560996003 175.45933128559398 3.45
      vertex 4.972181859196094 175.71345856616801 3.45
    endloop
  endfacet
  facet normal 0 0 1
    outer loop
      vertex 5.963501614455647 161.6971595211089 3.45
      vertex 5.963501614455647 175.3028404788911 3.45
      vertex 5.447620560996003 175.45933128559398 3.45
    endloop
  endfacet
  facet normal 0 0 1
    outer loop
      vertex 6.5 161.75 3.45
      vertex 6.5 175.25 3.45
      vertex 5.963501614455647 175.3028404788911 3.45
    endloop
  endfacet
  facet normal 0 0 1
    outer loop
      vertex 7.036498385544353 161.6971595211089 3.45
      vertex 7.036498385544353 175.3028404788911 3.45
      vertex 6.5 175.25 3.45
    endloop
  endfacet
  facet normal 0 0 1
    outer loop
      vertex 7.552379439003997 161.54066871440602 3.45
      vertex 7.552379439003997 175.45933128559398 3.45
      vertex 7.036498385544353 175.3028404788911 3.45
    endloop
  endfacet
  facet normal 0 0 1
    outer loop
      vertex 8.027818140803905 161.28654143383199 3.45
      vertex 8.027818140803905 175.71345856616801 3.45
      vertex 7.552379439003997 175.45933128559398 3.45
    endloop
  endfacet
  facet normal 0 0 1
    outer loop
      vertex 8.444543648263005 160.944543648263 3.45
      vertex 8.444543648263005 176.055456351737 3.45
      vertex 8.027818140803905 175.71345856616801 3.45
    endloop
  endfacet
  facet normal 0 0 1
    outer loop
      vertex 8.786541433832 160.5278181408039 3.45
      vertex 8.786541433832 176.4721818591961 3.45
      vertex 8.444543648263005 176.055456351737 3.45
    endloop
  endfacet
  facet normal 0 0 1
    outer loop
      vertex 9.040668714406038 160.052379439004 3.45
      vertex 9.040668714406038 176.947620560996 3.45
      vertex 8.786541433832 176.4721818591961 3.45
    endloop
  endfacet
  facet normal 0 0 1
    outer loop
      vertex 9.197159521108883 159.53649838554435 3.45
      vertex 9.197159521108883 177.46350161445565 3.45
      vertex 9.040668714406038 176.947620560996 3.45
    endloop
  endfacet
  facet normal 0 0 1
    outer loop
      vertex 9.197159521108883 177.46350161445565 3.45
      vertex 9.25 159 3.45
      vertex 9.25 178 3.45
    endloop
  endfacet
  facet normal 0 0 1
    outer loop
      vertex 9.25 140 3.45
      vertex 10.264960020634511 208.42919783337632 3.45
      vertex 9.25 159 3.45
    endloop
  endfacet
  facet normal 0 0 1
    outer loop
      vertex 9.25 159 3.45
      vertex 10.264960020634511 208.42919783337632 3.45
      vertex 9.25 178 3.45
    endloop
  endfacet
  facet normal 0 0 1
    outer loop
      vertex 3.75 178 3.45
      vertex 3.8028404788911163 178.53649838554435 3.45
      vertex 3 210 3.45
    endloop
  endfacet
  facet normal 0 0 1
    outer loop
      vertex 3.8028404788911163 178.53649838554435 3.45
      vertex 3.9593312855939615 179.052379439004 3.45
      vertex 3 210 3.45
    endloop
  endfacet
  facet normal 0 0 1
    outer loop
      vertex 3.9593312855939615 179.052379439004 3.45
      vertex 4.213458566168001 179.5278181408039 3.45
      vertex 3 210 3.45
    endloop
  endfacet
  facet normal 0 0 1
    outer loop
      vertex 4.213458566168001 179.5278181408039 3.45
      vertex 4.555456351736995 179.944543648263 3.45
      vertex 3 210 3.45
    endloop
  endfacet
  facet normal 0 0 1
    outer loop
      vertex 4.555456351736995 179.944543648263 3.45
      vertex 4.972181859196094 180.28654143383199 3.45
      vertex 3 210 3.45
    endloop
  endfacet
  facet normal 0 0 1
    outer loop
      vertex 4.972181859196094 180.28654143383199 3.45
      vertex 5.447620560996003 180.54066871440602 3.45
      vertex 3 210 3.45
    endloop
  endfacet
  facet normal 0 0 1
    outer loop
      vertex 7.036498385544353 180.6971595211089 3.45
      vertex 7.552379439003997 180.54066871440602 3.45
      vertex 10.264960020634511 208.42919783337632 3.45
    endloop
  endfacet
  facet normal 0 0 1
    outer loop
      vertex 8.027818140803905 180.28654143383199 3.45
      vertex 10.264960020634511 208.42919783337632 3.45
      vertex 7.552379439003997 180.54066871440602 3.45
    endloop
  endfacet
  facet normal 0 0 1
    outer loop
      vertex 8.444543648263005 179.944543648263 3.45
      vertex 8.786541433832 179.5278181408039 3.45
      vertex 10.264960020634511 208.42919783337632 3.45
    endloop
  endfacet
  facet normal 0 0 1
    outer loop
      vertex 8.027818140803905 180.28654143383199 3.45
      vertex 8.444543648263005 179.944543648263 3.45
      vertex 10.264960020634511 208.42919783337632 3.45
    endloop
  endfacet
  facet normal 0 0 1
    outer loop
      vertex 5.447620560996003 180.54066871440602 3.45
      vertex 5.963501614455647 180.6971595211089 3.45
      vertex 3 210 3.45
    endloop
  endfacet
  facet normal 0 0 1
    outer loop
      vertex 5.963501614455647 180.6971595211089 3.45
      vertex 6.5 180.75 3.45
      vertex 3 210 3.45
    endloop
  endfacet
  facet normal 0 0 1
    outer loop
      vertex 6.5 180.75 3.45
      vertex 7.036498385544353 180.6971595211089 3.45
      vertex 3 210 3.45
    endloop
  endfacet
  facet normal 0 0 1
    outer loop
      vertex 7.036498385544353 180.6971595211089 3.45
      vertex 10.264960020634511 208.42919783337632 3.45
      vertex 3 210 3.45
    endloop
  endfacet
  facet normal 0 0 1
    outer loop
      vertex 9.197159521108883 178.53649838554435 3.45
      vertex 9.25 178 3.45
      vertex 10.264960020634511 208.42919783337632 3.45
    endloop
  endfacet
  facet normal 0 0 1
    outer loop
      vertex 8.786541433832 179.5278181408039 3.45
      vertex 9.040668714406038 179.052379439004 3.45
      vertex 10.264960020634511 208.42919783337632 3.45
    endloop
  endfacet
  facet normal 0 0 1
    outer loop
      vertex 9.197159521108883 178.53649838554435 3.45
      vertex 10.264960020634511 208.42919783337632 3.45
      vertex 9.040668714406038 179.052379439004 3.45
    endloop
  endfacet
  facet normal 0 1 0
    outer loop
      vertex 3 210 0
      vertex 3 210 3.45
      vertex 145 210 3.45
    endloop
  endfacet
  facet normal 0 0 1
    outer loop
      vertex 3 210 3.45
      vertex 10.264960020634511 208.42919783337632 3.45
      vertex 145 210 3.45
    endloop
  endfacet
  facet normal 0 0 1
    outer loop
      vertex 10.264960020634511 208.42919783337632 3.45
      vertex 12.25 208 3.45
      vertex 145 210 3.45
    endloop
  endfacet
  facet normal 0.09801714032955847 -0.995184726672197 0
    outer loop
      vertex 145 0 0
      vertex 145.5852709660484 0.05764415879030871 0
      vertex 145 0 3.45
    endloop
  endfacet
  facet normal 0.29028467725447005 -0.9569403357322066 0
    outer loop
      vertex 145.5852709660484 0.05764415879030871 0
      vertex 146.14805029709527 0.22836140246614 0
      vertex 145.5852709660484 0.05764415879030871 3.45
    endloop
  endfacet
  facet normal 0.4713967368260029 -0.8819212643483523 0
    outer loop
      vertex 146.14805029709527 0.22836140246614 0
      vertex 146.6667106990588 0.5055911630923644 0
      vertex 146.14805029709527 0.22836140246614 3.45
    endloop
  endfacet
  facet normal 0.6343932841636463 -0.7730104533627364 0
    outer loop
      vertex 146.6667106990588 0.5055911630923644 0
      vertex 147.12132034355963 0.8786796564403572 0
      vertex 146.6667106990588 0.5055911630923644 3.45
    endloop
  endfacet
  facet normal 0.7730104533627257 -0.6343932841636593 0
    outer loop
      vertex 147.12132034355963 0.8786796564403572 0
      vertex 147.49440883690764 1.3332893009411935 0
      vertex 147.12132034355963 0.8786796564403572 3.45
    endloop
  endfacet
  facet normal 0.8819212643483533 -0.47139673682600103 0
    outer loop
      vertex 147.49440883690764 1.3332893009411935 0
      vertex 147.77163859753387 1.8519497029047307 0
      vertex 147.49440883690764 1.3332893009411935 3.45
    endloop
  endfacet
  facet normal 0.9569403357322123 -0.2902846772544517 0
    outer loop
      vertex 147.77163859753387 1.8519497029047307 0
      vertex 147.9423558412097 2.414729033951615 0
      vertex 147.77163859753387 1.8519497029047307 3.45
    endloop
  endfacet
  facet normal 0.9951847266721967 -0.0980171403295637 0
    outer loop
      vertex 147.9423558412097 2.414729033951615 0
      vertex 148 3 0
      vertex 147.9423558412097 2.414729033951615 3.45
    endloop
  endfacet
  facet normal 0 0 -1
    outer loop
      vertex 145 0 0
      vertex 145 210 0
      vertex 145.5852709660484 0.05764415879030871 0
    endloop
  endfacet
  facet normal 0 0 -1
    outer loop
      vertex 145.5852709660484 0.05764415879030871 0
      vertex 145.5852709660484 209.9423558412097 0
      vertex 146.14805029709527 0.22836140246614 0
    endloop
  endfacet
  facet normal 0 0 -1
    outer loop
      vertex 146.14805029709527 0.22836140246614 0
      vertex 146.14805029709527 209.77163859753387 0
      vertex 146.6667106990588 0.5055911630923644 0
    endloop
  endfacet
  facet normal 0 0 -1
    outer loop
      vertex 146.6667106990588 0.5055911630923644 0
      vertex 146.6667106990588 209.49440883690764 0
      vertex 147.12132034355963 0.8786796564403572 0
    endloop
  endfacet
  facet normal 0 0 -1
    outer loop
      vertex 147.12132034355963 0.8786796564403572 0
      vertex 147.12132034355963 209.12132034355963 0
      vertex 147.49440883690764 1.3332893009411935 0
    endloop
  endfacet
  facet normal 0 0 -1
    outer loop
      vertex 147.49440883690764 1.3332893009411935 0
      vertex 147.49440883690764 208.6667106990588 0
      vertex 147.77163859753387 1.8519497029047307 0
    endloop
  endfacet
  facet normal 0 0 -1
    outer loop
      vertex 147.77163859753387 1.8519497029047307 0
      vertex 147.77163859753387 208.14805029709527 0
      vertex 147.9423558412097 2.414729033951615 0
    endloop
  endfacet
  facet normal 0 0 -1
    outer loop
      vertex 147.9423558412097 2.414729033951615 0
      vertex 147.9423558412097 207.5852709660484 0
      vertex 148 3 0
    endloop
  endfacet
  facet normal 1 0 0
    outer loop
      vertex 148 3 0
      vertex 148 207 0
      vertex 148 3 3.45
    endloop
  endfacet
  facet normal 0 -1 0
    outer loop
      vertex 3 0 3.45
      vertex 145 0 0
      vertex 145 0 3.45
    endloop
  endfacet
  facet normal 0 0 1
    outer loop
      vertex 145 0 3.45
      vertex 145 2 3.45
      vertex 12.25 2 3.45
    endloop
  endfacet
  facet normal 0.09801714032955847 -0.995184726672197 0
    outer loop
      vertex 145.5852709660484 0.05764415879030871 0
      vertex 145.5852709660484 0.05764415879030871 3.45
      vertex 145 0 3.45
    endloop
  endfacet
  facet normal 0.29028467725447005 -0.9569403357322066 0
    outer loop
      vertex 146.14805029709527 0.22836140246614 0
      vertex 146.14805029709527 0.22836140246614 3.45
      vertex 145.5852709660484 0.05764415879030871 3.45
    endloop
  endfacet
  facet normal 0.4713967368260029 -0.8819212643483523 0
    outer loop
      vertex 146.6667106990588 0.5055911630923644 0
      vertex 146.6667106990588 0.5055911630923644 3.45
      vertex 146.14805029709527 0.22836140246614 3.45
    endloop
  endfacet
  facet normal 0.6343932841636463 -0.7730104533627364 0
    outer loop
      vertex 147.12132034355963 0.8786796564403572 0
      vertex 147.12132034355963 0.8786796564403572 3.45
      vertex 146.6667106990588 0.5055911630923644 3.45
    endloop
  endfacet
  facet normal 0.7730104533627257 -0.6343932841636593 0
    outer loop
      vertex 147.49440883690764 1.3332893009411935 0
      vertex 147.49440883690764 1.3332893009411935 3.45
      vertex 147.12132034355963 0.8786796564403572 3.45
    endloop
  endfacet
  facet normal 0.8819212643483533 -0.47139673682600103 0
    outer loop
      vertex 147.77163859753387 1.8519497029047307 0
      vertex 147.77163859753387 1.8519497029047307 3.45
      vertex 147.49440883690764 1.3332893009411935 3.45
    endloop
  endfacet
  facet normal 0.9569403357322123 -0.2902846772544517 0
    outer loop
      vertex 147.9423558412097 2.414729033951615 0
      vertex 147.9423558412097 2.414729033951615 3.45
      vertex 147.77163859753387 1.8519497029047307 3.45
    endloop
  endfacet
  facet normal 0.9951847266721967 -0.0980171403295637 0
    outer loop
      vertex 148 3 0
      vertex 148 3 3.45
      vertex 147.9423558412097 2.414729033951615 3.45
    endloop
  endfacet
  facet normal 0 0 1
    outer loop
      vertex 145 0 3.45
      vertex 145.5852709660484 0.05764415879030871 3.45
      vertex 145 2 3.45
    endloop
  endfacet
  facet normal 0 0 1
    outer loop
      vertex 145.5852709660484 0.05764415879030871 3.45
      vertex 145.19509032201614 2.0192147195967696 3.45
      vertex 145 2 3.45
    endloop
  endfacet
  facet normal 0 0 1
    outer loop
      vertex 145.5852709660484 0.05764415879030871 3.45
      vertex 145.3826834323651 2.076120467488713 3.45
      vertex 145.19509032201614 2.0192147195967696 3.45
    endloop
  endfacet
  facet normal 0 0 1
    outer loop
      vertex 145.5852709660484 0.05764415879030871 3.45
      vertex 145.5555702330196 2.1685303876974547 3.45
      vertex 145.3826834323651 2.076120467488713 3.45
    endloop
  endfacet
  facet normal 0 0 1
    outer loop
      vertex 145.5852709660484 0.05764415879030871 3.45
      vertex 146.14805029709527 0.22836140246614 3.45
      vertex 145.5555702330196 2.1685303876974547 3.45
    endloop
  endfacet
  facet normal 0 0 1
    outer loop
      vertex 145.5555702330196 2.1685303876974547 3.45
      vertex 146.14805029709527 0.22836140246614 3.45
      vertex 145.70710678118655 2.2928932188134525 3.45
    endloop
  endfacet
  facet normal 0 0 1
    outer loop
      vertex 146.14805029709527 0.22836140246614 3.45
      vertex 145.83146961230256 2.444429766980398 3.45
      vertex 145.70710678118655 2.2928932188134525 3.45
    endloop
  endfacet
  facet normal 0 0 1
    outer loop
      vertex 146.14805029709527 0.22836140246614 3.45
      vertex 145.92387953251128 2.6173165676349104 3.45
      vertex 145.83146961230256 2.444429766980398 3.45
    endloop
  endfacet
  facet normal 0 0 1
    outer loop
      vertex 146.14805029709527 0.22836140246614 3.45
      vertex 146 3 3.45
      vertex 145.98078528040324 2.804909677983872 3.45
    endloop
  endfacet
  facet normal 0 0 1
    outer loop
      vertex 146.14805029709527 0.22836140246614 3.45
      vertex 145.98078528040324 2.804909677983872 3.45
      vertex 145.92387953251128 2.6173165676349104 3.45
    endloop
  endfacet
  facet normal 0 0 1
    outer loop
      vertex 146.14805029709527 0.22836140246614 3.45
      vertex 146.6667106990588 0.5055911630923644 3.45
      vertex 146.14805029709527 209.77163859753387 3.45
    endloop
  endfacet
  facet normal 0 0 1
    outer loop
      vertex 146.6667106990588 0.5055911630923644 3.45
      vertex 147.12132034355963 0.8786796564403572 3.45
      vertex 146.6667106990588 209.49440883690764 3.45
    endloop
  endfacet
  facet normal 0 0 1
    outer loop
      vertex 146.14805029709527 0.22836140246614 3.45
      vertex 146.14805029709527 209.77163859753387 3.45
      vertex 146 3 3.45
    endloop
  endfacet
  facet normal 0 0 1
    outer loop
      vertex 147.12132034355963 0.8786796564403572 3.45
      vertex 147.49440883690764 1.3332893009411935 3.45
      vertex 147.12132034355963 209.12132034355963 3.45
    endloop
  endfacet
  facet normal 0 0 1
    outer loop
      vertex 147.49440883690764 1.3332893009411935 3.45
      vertex 147.77163859753387 1.8519497029047307 3.45
      vertex 147.49440883690764 208.6667106990588 3.45
    endloop
  endfacet
  facet normal 0 0 1
    outer loop
      vertex 147.77163859753387 1.8519497029047307 3.45
      vertex 147.9423558412097 2.414729033951615 3.45
      vertex 147.77163859753387 208.14805029709527 3.45
    endloop
  endfacet
  facet normal 0 0 1
    outer loop
      vertex 147.9423558412097 2.414729033951615 3.45
      vertex 148 3 3.45
      vertex 147.9423558412097 207.5852709660484 3.45
    endloop
  endfacet
  facet normal 0 0 -1
    outer loop
      vertex 3 210 0
      vertex 145 210 0
      vertex 145 0 0
    endloop
  endfacet
  facet normal 0 1 0
    outer loop
      vertex 3 210 0
      vertex 145 210 3.45
      vertex 145 210 0
    endloop
  endfacet
  facet normal 0 0 -1
    outer loop
      vertex 145.5852709660484 0.05764415879030871 0
      vertex 145 210 0
      vertex 145.5852709660484 209.9423558412097 0
    endloop
  endfacet
  facet normal 0 0 -1
    outer loop
      vertex 146.14805029709527 0.22836140246614 0
      vertex 145.5852709660484 209.9423558412097 0
      vertex 146.14805029709527 209.77163859753387 0
    endloop
  endfacet
  facet normal 0 0 -1
    outer loop
      vertex 146.6667106990588 0.5055911630923644 0
      vertex 146.14805029709527 209.77163859753387 0
      vertex 146.6667106990588 209.49440883690764 0
    endloop
  endfacet
  facet normal 0 0 -1
    outer loop
      vertex 148 3 0
      vertex 147.9423558412097 207.5852709660484 0
      vertex 148 207 0
    endloop
  endfacet
  facet normal 0 0 -1
    outer loop
      vertex 147.9423558412097 2.414729033951615 0
      vertex 147.77163859753387 208.14805029709527 0
      vertex 147.9423558412097 207.5852709660484 0
    endloop
  endfacet
  facet normal 0 0 -1
    outer loop
      vertex 147.12132034355963 0.8786796564403572 0
      vertex 146.6667106990588 209.49440883690764 0
      vertex 147.12132034355963 209.12132034355963 0
    endloop
  endfacet
  facet normal 0 0 -1
    outer loop
      vertex 147.49440883690764 1.3332893009411935 0
      vertex 147.12132034355963 209.12132034355963 0
      vertex 147.49440883690764 208.6667106990588 0
    endloop
  endfacet
  facet normal 0 0 -1
    outer loop
      vertex 147.77163859753387 1.8519497029047307 0
      vertex 147.49440883690764 208.6667106990588 0
      vertex 147.77163859753387 208.14805029709527 0
    endloop
  endfacet
  facet normal 0.09801714032956148 0.9951847266721968 -1.0985630032173365e-18
    outer loop
      vertex 145 210 0
      vertex 145.5852709660484 209.9423558412097 3.45
      vertex 145.5852709660484 209.9423558412097 0
    endloop
  endfacet
  facet normal 0.290284677254459 0.9569403357322099 1.662184415340189e-18
    outer loop
      vertex 145.5852709660484 209.9423558412097 0
      vertex 146.14805029709527 209.77163859753387 3.45
      vertex 146.14805029709527 209.77163859753387 0
    endloop
  endfacet
  facet normal 0.4713967368260064 0.8819212643483504 4.45346505891283e-18
    outer loop
      vertex 146.14805029709527 209.77163859753387 0
      vertex 146.6667106990588 209.49440883690764 3.45
      vertex 146.6667106990588 209.49440883690764 0
    endloop
  endfacet
  facet normal 0.9951847266721968 0.09801714032956148 0
    outer loop
      vertex 148 207 0
      vertex 147.9423558412097 207.5852709660484 0
      vertex 148 207 3.45
    endloop
  endfacet
  facet normal 0.8819212643483504 0.4713967368260064 0
    outer loop
      vertex 147.77163859753387 208.14805029709527 0
      vertex 147.49440883690764 208.6667106990588 0
      vertex 147.77163859753387 208.14805029709527 3.45
    endloop
  endfacet
  facet normal 0.9569403357322099 0.290284677254459 0
    outer loop
      vertex 147.9423558412097 207.5852709660484 0
      vertex 147.77163859753387 208.14805029709527 0
      vertex 147.9423558412097 207.5852709660484 3.45
    endloop
  endfacet
  facet normal 0.7730104533627246 0.6343932841636607 -4.03861906791908e-18
    outer loop
      vertex 147.12132034355963 209.12132034355963 0
      vertex 147.49440883690764 208.6667106990588 3.45
      vertex 147.49440883690764 208.6667106990588 0
    endloop
  endfacet
  facet normal 0.6343932841636607 0.7730104533627246 -4.03861906791908e-18
    outer loop
      vertex 146.6667106990588 209.49440883690764 0
      vertex 147.12132034355963 209.12132034355963 3.45
      vertex 147.12132034355963 209.12132034355963 0
    endloop
  endfacet
  facet normal 0 0 1
    outer loop
      vertex 145 208 3.45
      vertex 145 210 3.45
      vertex 12.25 208 3.45
    endloop
  endfacet
  facet normal 1 0 0
    outer loop
      vertex 148 3 3.45
      vertex 148 207 0
      vertex 148 207 3.45
    endloop
  endfacet
  facet normal 0 0 1
    outer loop
      vertex 146 3 3.45
      vertex 146.14805029709527 209.77163859753387 3.45
      vertex 146 207 3.45
    endloop
  endfacet
  facet normal 0 0 1
    outer loop
      vertex 146.6667106990588 0.5055911630923644 3.45
      vertex 146.6667106990588 209.49440883690764 3.45
      vertex 146.14805029709527 209.77163859753387 3.45
    endloop
  endfacet
  facet normal 0 0 1
    outer loop
      vertex 148 3 3.45
      vertex 148 207 3.45
      vertex 147.9423558412097 207.5852709660484 3.45
    endloop
  endfacet
  facet normal 0 0 1
    outer loop
      vertex 147.9423558412097 2.414729033951615 3.45
      vertex 147.9423558412097 207.5852709660484 3.45
      vertex 147.77163859753387 208.14805029709527 3.45
    endloop
  endfacet
  facet normal 0 0 1
    outer loop
      vertex 147.12132034355963 0.8786796564403572 3.45
      vertex 147.12132034355963 209.12132034355963 3.45
      vertex 146.6667106990588 209.49440883690764 3.45
    endloop
  endfacet
  facet normal 0 0 1
    outer loop
      vertex 147.49440883690764 1.3332893009411935 3.45
      vertex 147.49440883690764 208.6667106990588 3.45
      vertex 147.12132034355963 209.12132034355963 3.45
    endloop
  endfacet
  facet normal 0 0 1
    outer loop
      vertex 147.77163859753387 1.8519497029047307 3.45
      vertex 147.77163859753387 208.14805029709527 3.45
      vertex 147.49440883690764 208.6667106990588 3.45
    endloop
  endfacet
  facet normal 0.09801714032956148 0.9951847266721968 0
    outer loop
      vertex 145 210 0
      vertex 145 210 3.45
      vertex 145.5852709660484 209.9423558412097 3.45
    endloop
  endfacet
  facet normal 0.290284677254459 0.9569403357322099 0
    outer loop
      vertex 145.5852709660484 209.9423558412097 0
      vertex 145.5852709660484 209.9423558412097 3.45
      vertex 146.14805029709527 209.77163859753387 3.45
    endloop
  endfacet
  facet normal 0.4713967368260064 0.8819212643483504 0
    outer loop
      vertex 146.14805029709527 209.77163859753387 0
      vertex 146.14805029709527 209.77163859753387 3.45
      vertex 146.6667106990588 209.49440883690764 3.45
    endloop
  endfacet
  facet normal 0.6343932841636607 0.7730104533627246 0
    outer loop
      vertex 146.6667106990588 209.49440883690764 0
      vertex 146.6667106990588 209.49440883690764 3.45
      vertex 147.12132034355963 209.12132034355963 3.45
    endloop
  endfacet
  facet normal 0.9951847266721968 0.09801714032956148 0
    outer loop
      vertex 147.9423558412097 207.5852709660484 0
      vertex 147.9423558412097 207.5852709660484 3.45
      vertex 148 207 3.45
    endloop
  endfacet
  facet normal 0.9569403357322099 0.290284677254459 0
    outer loop
      vertex 147.77163859753387 208.14805029709527 0
      vertex 147.77163859753387 208.14805029709527 3.45
      vertex 147.9423558412097 207.5852709660484 3.45
    endloop
  endfacet
  facet normal 0.7730104533627246 0.6343932841636607 0
    outer loop
      vertex 147.12132034355963 209.12132034355963 0
      vertex 147.12132034355963 209.12132034355963 3.45
      vertex 147.49440883690764 208.6667106990588 3.45
    endloop
  endfacet
  facet normal 0.8819212643483504 0.4713967368260064 0
    outer loop
      vertex 147.49440883690764 208.6667106990588 0
      vertex 147.49440883690764 208.6667106990588 3.45
      vertex 147.77163859753387 208.14805029709527 3.45
    endloop
  endfacet
  facet normal 0 0 1
    outer loop
      vertex 145 208 3.45
      vertex 145.19509032201614 207.98078528040324 3.45
      vertex 145 210 3.45
    endloop
  endfacet
  facet normal 0 0 1
    outer loop
      vertex 145.3826834323651 207.92387953251128 3.45
      vertex 145.5852709660484 209.9423558412097 3.45
      vertex 145.19509032201614 207.98078528040324 3.45
    endloop
  endfacet
  facet normal 0 0 1
    outer loop
      vertex 145.3826834323651 207.92387953251128 3.45
      vertex 145.5555702330196 207.83146961230256 3.45
      vertex 145.5852709660484 209.9423558412097 3.45
    endloop
  endfacet
  facet normal 0 0 1
    outer loop
      vertex 145.5555702330196 207.83146961230256 3.45
      vertex 145.70710678118655 207.70710678118655 3.45
      vertex 145.5852709660484 209.9423558412097 3.45
    endloop
  endfacet
  facet normal 0 0 1
    outer loop
      vertex 145.19509032201614 207.98078528040324 3.45
      vertex 145.5852709660484 209.9423558412097 3.45
      vertex 145 210 3.45
    endloop
  endfacet
  facet normal 0 0 1
    outer loop
      vertex 145.83146961230256 207.5555702330196 3.45
      vertex 146.14805029709527 209.77163859753387 3.45
      vertex 145.70710678118655 207.70710678118655 3.45
    endloop
  endfacet
  facet normal 0 0 1
    outer loop
      vertex 145.92387953251128 207.3826834323651 3.45
      vertex 146.14805029709527 209.77163859753387 3.45
      vertex 145.83146961230256 207.5555702330196 3.45
    endloop
  endfacet
  facet normal 0 0 1
    outer loop
      vertex 146 207 3.45
      vertex 146.14805029709527 209.77163859753387 3.45
      vertex 145.98078528040324 207.19509032201614 3.45
    endloop
  endfacet
  facet normal 0 0 1
    outer loop
      vertex 145.92387953251128 207.3826834323651 3.45
      vertex 145.98078528040324 207.19509032201614 3.45
      vertex 146.14805029709527 209.77163859753387 3.45
    endloop
  endfacet
  facet normal 0 0 1
    outer loop
      vertex 145.5852709660484 209.9423558412097 3.45
      vertex 145.70710678118655 207.70710678118655 3.45
      vertex 146.14805029709527 209.77163859753387 3.45
    endloop
  endfacet
  facet normal 0.881921264348355 0.4713967368259975 0
    outer loop
      vertex 3.9593312855939615 30.947620560996004 0
      vertex 3.9593312855939615 30.947620560996004 3.45
      vertex 4.213458566168001 30.472181859196095 0
    endloop
  endfacet
  facet normal 0.7730104533627385 0.6343932841636437 1.8001681426188796e-18
    outer loop
      vertex 4.555456351736995 30.055456351736993 0
      vertex 4.213458566168001 30.472181859196095 0
      vertex 4.213458566168001 30.472181859196095 3.45
    endloop
  endfacet
  facet normal 0.9569403357322088 0.2902846772544625 -2.073491938689891e-18
    outer loop
      vertex 3.9593312855939615 30.947620560996004 0
      vertex 3.8028404788911163 31.463501614455648 0
      vertex 3.8028404788911163 31.463501614455648 3.45
    endloop
  endfacet
  facet normal 0.9951847266721968 0.09801714032956084 5.619890199754132e-20
    outer loop
      vertex 3.8028404788911163 31.463501614455648 0
      vertex 3.75 32 0
      vertex 3.75 32 3.45
    endloop
  endfacet
  facet normal 0.9951847266721969 -0.09801714032956019 1.4647960981394354e-19
    outer loop
      vertex 3.75 32 0
      vertex 3.8028404788911163 32.536498385544355 0
      vertex 3.8028404788911163 32.536498385544355 3.45
    endloop
  endfacet
  facet normal 0.9569403357322088 -0.2902846772544625 2.073491938689891e-18
    outer loop
      vertex 3.8028404788911163 32.536498385544355 0
      vertex 3.9593312855939615 33.052379439004 0
      vertex 3.9593312855939615 33.052379439004 3.45
    endloop
  endfacet
  facet normal 0.881921264348355 -0.4713967368259975 -1.1850046327484117e-18
    outer loop
      vertex 3.9593312855939615 33.052379439004 0
      vertex 4.213458566168001 33.52781814080391 0
      vertex 4.213458566168001 33.52781814080391 3.45
    endloop
  endfacet
  facet normal 0.7730104533627358 -0.6343932841636468 1.5468930208741337e-18
    outer loop
      vertex 4.213458566168001 33.52781814080391 0
      vertex 4.555456351736995 33.94454364826301 0
      vertex 4.555456351736995 33.94454364826301 3.45
    endloop
  endfacet
  facet normal 0.2902846772544617 0.9569403357322092 0
    outer loop
      vertex 5.447620560996003 29.45933128559396 0
      vertex 5.447620560996003 29.45933128559396 3.45
      vertex 5.963501614455647 29.302840478891117 0
    endloop
  endfacet
  facet normal 0.0980171403295615 0.9951847266721967 0
    outer loop
      vertex 5.963501614455647 29.302840478891117 0
      vertex 5.963501614455647 29.302840478891117 3.45
      vertex 6.5 29.25 0
    endloop
  endfacet
  facet normal -0.0980171403295615 0.9951847266721967 0
    outer loop
      vertex 6.5 29.25 0
      vertex 6.5 29.25 3.45
      vertex 7.036498385544353 29.302840478891117 0
    endloop
  endfacet
  facet normal 0.6343932841636443 0.7730104533627381 0
    outer loop
      vertex 4.555456351736995 30.055456351736993 0
      vertex 4.555456351736995 30.055456351736993 3.45
      vertex 4.972181859196094 29.713458566168 0
    endloop
  endfacet
  facet normal 0.4713967368259975 0.881921264348355 1.1850046327484117e-18
    outer loop
      vertex 5.447620560996003 29.45933128559396 0
      vertex 4.972181859196094 29.713458566168 0
      vertex 4.972181859196094 29.713458566168 3.45
    endloop
  endfacet
  facet normal -0.2902846772544617 0.9569403357322092 0
    outer loop
      vertex 7.036498385544353 29.302840478891117 0
      vertex 7.036498385544353 29.302840478891117 3.45
      vertex 7.552379439003997 29.45933128559396 0
    endloop
  endfacet
  facet normal -0.4713967368259982 0.8819212643483548 0
    outer loop
      vertex 7.552379439003997 29.45933128559396 0
      vertex 7.552379439003997 29.45933128559396 3.45
      vertex 8.027818140803905 29.713458566168 0
    endloop
  endfacet
  facet normal -0.6343932841636433 0.7730104533627387 0
    outer loop
      vertex 8.027818140803905 29.713458566168 0
      vertex 8.027818140803905 29.713458566168 3.45
      vertex 8.444543648263005 30.055456351736993 0
    endloop
  endfacet
  facet normal -0.7730104533627385 0.6343932841636437 0
    outer loop
      vertex 8.444543648263005 30.055456351736993 0
      vertex 8.444543648263005 30.055456351736993 3.45
      vertex 8.786541433832 30.472181859196095 0
    endloop
  endfacet
  facet normal -0.881921264348355 0.4713967368259975 0
    outer loop
      vertex 8.786541433832 30.472181859196095 0
      vertex 8.786541433832 30.472181859196095 3.45
      vertex 9.040668714406038 30.947620560996004 0
    endloop
  endfacet
  facet normal -0.9569403357322092 0.2902846772544617 0
    outer loop
      vertex 9.040668714406038 30.947620560996004 0
      vertex 9.040668714406038 30.947620560996004 3.45
      vertex 9.197159521108883 31.463501614455648 0
    endloop
  endfacet
  facet normal -0.9951847266721967 0.09801714032956166 0
    outer loop
      vertex 9.197159521108883 31.463501614455648 0
      vertex 9.197159521108883 31.463501614455648 3.45
      vertex 9.25 32 0
    endloop
  endfacet
  facet normal -0.9951847266721969 -0.09801714032956103 4.657633726496295e-19
    outer loop
      vertex 9.197159521108883 32.536498385544355 0
      vertex 9.25 32 0
      vertex 9.25 32 3.45
    endloop
  endfacet
  facet normal -0.9569403357322092 -0.2902846772544617 0
    outer loop
      vertex 9.197159521108883 32.536498385544355 0
      vertex 9.197159521108883 32.536498385544355 3.45
      vertex 9.040668714406038 33.052379439004 0
    endloop
  endfacet
  facet normal 0.6343932841636443 -0.7730104533627381 5.628380368021384e-18
    outer loop
      vertex 4.555456351736995 33.94454364826301 0
      vertex 4.972181859196094 34.286541433832 0
      vertex 4.972181859196094 34.286541433832 3.45
    endloop
  endfacet
  facet normal 0.4713967368259975 -0.881921264348355 -1.1850046327484117e-18
    outer loop
      vertex 4.972181859196094 34.286541433832 0
      vertex 5.447620560996003 34.54066871440604 0
      vertex 5.447620560996003 34.54066871440604 3.45
    endloop
  endfacet
  facet normal 0.29028467725446777 -0.9569403357322072 -1.229374688707335e-18
    outer loop
      vertex 5.447620560996003 34.54066871440604 0
      vertex 5.963501614455647 34.69715952110889 0
      vertex 5.963501614455647 34.69715952110889 3.45
    endloop
  endfacet
  facet normal 0.09801714032955498 -0.9951847266721975 -3.833763616366877e-19
    outer loop
      vertex 5.963501614455647 34.69715952110889 0
      vertex 6.5 34.75 0
      vertex 6.5 34.75 3.45
    endloop
  endfacet
  facet normal -0.09801714032955498 -0.9951847266721975 3.833763616366877e-19
    outer loop
      vertex 6.5 34.75 0
      vertex 7.036498385544353 34.69715952110889 0
      vertex 7.036498385544353 34.69715952110889 3.45
    endloop
  endfacet
  facet normal -0.4713967368259982 -0.8819212643483548 0
    outer loop
      vertex 8.027818140803905 34.286541433832 0
      vertex 8.027818140803905 34.286541433832 3.45
      vertex 7.552379439003997 34.54066871440604 0
    endloop
  endfacet
  facet normal -0.29028467725446777 -0.9569403357322072 1.229374688707335e-18
    outer loop
      vertex 7.036498385544353 34.69715952110889 0
      vertex 7.552379439003997 34.54066871440604 0
      vertex 7.552379439003997 34.54066871440604 3.45
    endloop
  endfacet
  facet normal -0.6343932841636433 -0.7730104533627387 -4.791615077147273e-18
    outer loop
      vertex 8.027818140803905 34.286541433832 0
      vertex 8.444543648263005 33.94454364826301 0
      vertex 8.444543648263005 33.94454364826301 3.45
    endloop
  endfacet
  facet normal -0.881921264348355 -0.4713967368259975 1.1850046327484117e-18
    outer loop
      vertex 8.786541433832 33.52781814080391 0
      vertex 9.040668714406038 33.052379439004 0
      vertex 9.040668714406038 33.052379439004 3.45
    endloop
  endfacet
  facet normal -0.7730104533627358 -0.6343932841636468 -1.5468930208741337e-18
    outer loop
      vertex 8.444543648263005 33.94454364826301 0
      vertex 8.786541433832 33.52781814080391 0
      vertex 8.786541433832 33.52781814080391 3.45
    endloop
  endfacet
  facet normal 0.9569403357322088 0.2902846772544625 0
    outer loop
      vertex 3.9593312855939615 30.947620560996004 0
      vertex 3.8028404788911163 31.463501614455648 3.45
      vertex 3.9593312855939615 30.947620560996004 3.45
    endloop
  endfacet
  facet normal 0.7730104533627385 0.6343932841636437 0
    outer loop
      vertex 4.555456351736995 30.055456351736993 0
      vertex 4.213458566168001 30.472181859196095 3.45
      vertex 4.555456351736995 30.055456351736993 3.45
    endloop
  endfacet
  facet normal 0.881921264348355 0.4713967368259975 0
    outer loop
      vertex 4.213458566168001 30.472181859196095 0
      vertex 3.9593312855939615 30.947620560996004 3.45
      vertex 4.213458566168001 30.472181859196095 3.45
    endloop
  endfacet
  facet normal 0.9951847266721968 0.09801714032956084 0
    outer loop
      vertex 3.8028404788911163 31.463501614455648 0
      vertex 3.75 32 3.45
      vertex 3.8028404788911163 31.463501614455648 3.45
    endloop
  endfacet
  facet normal 0.9951847266721969 -0.09801714032956019 0
    outer loop
      vertex 3.75 32 0
      vertex 3.8028404788911163 32.536498385544355 3.45
      vertex 3.75 32 3.45
    endloop
  endfacet
  facet normal 0.9569403357322088 -0.2902846772544625 0
    outer loop
      vertex 3.8028404788911163 32.536498385544355 0
      vertex 3.9593312855939615 33.052379439004 3.45
      vertex 3.8028404788911163 32.536498385544355 3.45
    endloop
  endfacet
  facet normal 0.881921264348355 -0.4713967368259975 0
    outer loop
      vertex 3.9593312855939615 33.052379439004 0
      vertex 4.213458566168001 33.52781814080391 3.45
      vertex 3.9593312855939615 33.052379439004 3.45
    endloop
  endfacet
  facet normal 0.7730104533627358 -0.6343932841636468 0
    outer loop
      vertex 4.213458566168001 33.52781814080391 0
      vertex 4.555456351736995 33.94454364826301 3.45
      vertex 4.213458566168001 33.52781814080391 3.45
    endloop
  endfacet
  facet normal 0.2902846772544617 0.9569403357322092 0
    outer loop
      vertex 5.963501614455647 29.302840478891117 0
      vertex 5.447620560996003 29.45933128559396 3.45
      vertex 5.963501614455647 29.302840478891117 3.45
    endloop
  endfacet
  facet normal 0.0980171403295615 0.9951847266721967 0
    outer loop
      vertex 6.5 29.25 0
      vertex 5.963501614455647 29.302840478891117 3.45
      vertex 6.5 29.25 3.45
    endloop
  endfacet
  facet normal -0.0980171403295615 0.9951847266721967 0
    outer loop
      vertex 7.036498385544353 29.302840478891117 0
      vertex 6.5 29.25 3.45
      vertex 7.036498385544353 29.302840478891117 3.45
    endloop
  endfacet
  facet normal 0.6343932841636443 0.7730104533627381 0
    outer loop
      vertex 4.972181859196094 29.713458566168 0
      vertex 4.555456351736995 30.055456351736993 3.45
      vertex 4.972181859196094 29.713458566168 3.45
    endloop
  endfacet
  facet normal 0.4713967368259975 0.881921264348355 0
    outer loop
      vertex 5.447620560996003 29.45933128559396 0
      vertex 4.972181859196094 29.713458566168 3.45
      vertex 5.447620560996003 29.45933128559396 3.45
    endloop
  endfacet
  facet normal -0.2902846772544617 0.9569403357322092 0
    outer loop
      vertex 7.552379439003997 29.45933128559396 0
      vertex 7.036498385544353 29.302840478891117 3.45
      vertex 7.552379439003997 29.45933128559396 3.45
    endloop
  endfacet
  facet normal -0.4713967368259982 0.8819212643483548 0
    outer loop
      vertex 8.027818140803905 29.713458566168 0
      vertex 7.552379439003997 29.45933128559396 3.45
      vertex 8.027818140803905 29.713458566168 3.45
    endloop
  endfacet
  facet normal -0.6343932841636433 0.7730104533627387 0
    outer loop
      vertex 8.444543648263005 30.055456351736993 0
      vertex 8.027818140803905 29.713458566168 3.45
      vertex 8.444543648263005 30.055456351736993 3.45
    endloop
  endfacet
  facet normal -0.7730104533627385 0.6343932841636437 0
    outer loop
      vertex 8.786541433832 30.472181859196095 0
      vertex 8.444543648263005 30.055456351736993 3.45
      vertex 8.786541433832 30.472181859196095 3.45
    endloop
  endfacet
  facet normal -0.881921264348355 0.4713967368259975 0
    outer loop
      vertex 9.040668714406038 30.947620560996004 0
      vertex 8.786541433832 30.472181859196095 3.45
      vertex 9.040668714406038 30.947620560996004 3.45
    endloop
  endfacet
  facet normal -0.9569403357322092 0.2902846772544617 0
    outer loop
      vertex 9.197159521108883 31.463501614455648 0
      vertex 9.040668714406038 30.947620560996004 3.45
      vertex 9.197159521108883 31.463501614455648 3.45
    endloop
  endfacet
  facet normal -0.9951847266721967 0.09801714032956166 0
    outer loop
      vertex 9.25 32 0
      vertex 9.197159521108883 31.463501614455648 3.45
      vertex 9.25 32 3.45
    endloop
  endfacet
  facet normal -0.9951847266721969 -0.09801714032956103 0
    outer loop
      vertex 9.197159521108883 32.536498385544355 0
      vertex 9.25 32 3.45
      vertex 9.197159521108883 32.536498385544355 3.45
    endloop
  endfacet
  facet normal 0.6343932841636443 -0.7730104533627381 0
    outer loop
      vertex 4.555456351736995 33.94454364826301 0
      vertex 4.972181859196094 34.286541433832 3.45
      vertex 4.555456351736995 33.94454364826301 3.45
    endloop
  endfacet
  facet normal 0.4713967368259975 -0.881921264348355 0
    outer loop
      vertex 4.972181859196094 34.286541433832 0
      vertex 5.447620560996003 34.54066871440604 3.45
      vertex 4.972181859196094 34.286541433832 3.45
    endloop
  endfacet
  facet normal 0.29028467725446777 -0.9569403357322072 0
    outer loop
      vertex 5.447620560996003 34.54066871440604 0
      vertex 5.963501614455647 34.69715952110889 3.45
      vertex 5.447620560996003 34.54066871440604 3.45
    endloop
  endfacet
  facet normal 0.09801714032955498 -0.9951847266721975 0
    outer loop
      vertex 5.963501614455647 34.69715952110889 0
      vertex 6.5 34.75 3.45
      vertex 5.963501614455647 34.69715952110889 3.45
    endloop
  endfacet
  facet normal -0.09801714032955498 -0.9951847266721975 0
    outer loop
      vertex 6.5 34.75 0
      vertex 7.036498385544353 34.69715952110889 3.45
      vertex 6.5 34.75 3.45
    endloop
  endfacet
  facet normal -0.29028467725446777 -0.9569403357322072 0
    outer loop
      vertex 7.036498385544353 34.69715952110889 0
      vertex 7.552379439003997 34.54066871440604 3.45
      vertex 7.036498385544353 34.69715952110889 3.45
    endloop
  endfacet
  facet normal -0.4713967368259982 -0.8819212643483548 0
    outer loop
      vertex 7.552379439003997 34.54066871440604 0
      vertex 8.027818140803905 34.286541433832 3.45
      vertex 7.552379439003997 34.54066871440604 3.45
    endloop
  endfacet
  facet normal -0.6343932841636433 -0.7730104533627387 0
    outer loop
      vertex 8.027818140803905 34.286541433832 0
      vertex 8.444543648263005 33.94454364826301 3.45
      vertex 8.027818140803905 34.286541433832 3.45
    endloop
  endfacet
  facet normal -0.7730104533627358 -0.6343932841636468 0
    outer loop
      vertex 8.444543648263005 33.94454364826301 0
      vertex 8.786541433832 33.52781814080391 3.45
      vertex 8.444543648263005 33.94454364826301 3.45
    endloop
  endfacet
  facet normal -0.881921264348355 -0.4713967368259975 0
    outer loop
      vertex 8.786541433832 33.52781814080391 0
      vertex 9.040668714406038 33.052379439004 3.45
      vertex 8.786541433832 33.52781814080391 3.45
    endloop
  endfacet
  facet normal -0.9569403357322092 -0.2902846772544617 0
    outer loop
      vertex 9.040668714406038 33.052379439004 0
      vertex 9.197159521108883 32.536498385544355 3.45
      vertex 9.040668714406038 33.052379439004 3.45
    endloop
  endfacet
  facet normal 0.881921264348355 0.4713967368259975 0
    outer loop
      vertex 3.9593312855939615 49.947620560996 0
      vertex 3.9593312855939615 49.947620560996 3.45
      vertex 4.213458566168001 49.47218185919609 0
    endloop
  endfacet
  facet normal 0.9569403357322088 0.2902846772544625 -2.073491938689891e-18
    outer loop
      vertex 3.9593312855939615 49.947620560996 0
      vertex 3.8028404788911163 50.463501614455645 0
      vertex 3.8028404788911163 50.463501614455645 3.45
    endloop
  endfacet
  facet normal 0.9951847266721969 0.09801714032956019 -1.4647960981394354e-19
    outer loop
      vertex 3.8028404788911163 50.463501614455645 0
      vertex 3.75 51 0
      vertex 3.75 51 3.45
    endloop
  endfacet
  facet normal 0.7730104533627358 0.6343932841636468 -1.5468930208741337e-18
    outer loop
      vertex 4.555456351736995 49.05545635173699 0
      vertex 4.213458566168001 49.47218185919609 0
      vertex 4.213458566168001 49.47218185919609 3.45
    endloop
  endfacet
  facet normal 0.9951847266721969 -0.09801714032956019 1.4647960981394354e-19
    outer loop
      vertex 3.75 51 0
      vertex 3.8028404788911163 51.536498385544355 0
      vertex 3.8028404788911163 51.536498385544355 3.45
    endloop
  endfacet
  facet normal 0.9569403357322088 -0.2902846772544625 2.073491938689891e-18
    outer loop
      vertex 3.8028404788911163 51.536498385544355 0
      vertex 3.9593312855939615 52.052379439004 0
      vertex 3.9593312855939615 52.052379439004 3.45
    endloop
  endfacet
  facet normal 0.881921264348355 -0.4713967368259975 -1.1850046327484117e-18
    outer loop
      vertex 3.9593312855939615 52.052379439004 0
      vertex 4.213458566168001 52.52781814080391 0
      vertex 4.213458566168001 52.52781814080391 3.45
    endloop
  endfacet
  facet normal 0.6343932841636443 0.7730104533627381 0
    outer loop
      vertex 4.555456351736995 49.05545635173699 0
      vertex 4.555456351736995 49.05545635173699 3.45
      vertex 4.972181859196094 48.713458566168 0
    endloop
  endfacet
  facet normal 0.4713967368259975 0.881921264348355 0
    outer loop
      vertex 4.972181859196094 48.713458566168 0
      vertex 4.972181859196094 48.713458566168 3.45
      vertex 5.447620560996003 48.45933128559396 0
    endloop
  endfacet
  facet normal 0.29028467725446777 0.9569403357322072 0
    outer loop
      vertex 5.447620560996003 48.45933128559396 0
      vertex 5.447620560996003 48.45933128559396 3.45
      vertex 5.963501614455647 48.30284047889111 0
    endloop
  endfacet
  facet normal 0.09801714032955498 0.9951847266721975 0
    outer loop
      vertex 5.963501614455647 48.30284047889111 0
      vertex 5.963501614455647 48.30284047889111 3.45
      vertex 6.5 48.25 0
    endloop
  endfacet
  facet normal -0.09801714032955498 0.9951847266721975 0
    outer loop
      vertex 6.5 48.25 0
      vertex 6.5 48.25 3.45
      vertex 7.036498385544353 48.30284047889111 0
    endloop
  endfacet
  facet normal -0.29028467725446777 0.9569403357322072 0
    outer loop
      vertex 7.036498385544353 48.30284047889111 0
      vertex 7.036498385544353 48.30284047889111 3.45
      vertex 7.552379439003997 48.45933128559396 0
    endloop
  endfacet
  facet normal -0.4713967368259982 0.8819212643483548 0
    outer loop
      vertex 7.552379439003997 48.45933128559396 0
      vertex 7.552379439003997 48.45933128559396 3.45
      vertex 8.027818140803905 48.713458566168 0
    endloop
  endfacet
  facet normal -0.6343932841636433 0.7730104533627387 0
    outer loop
      vertex 8.027818140803905 48.713458566168 0
      vertex 8.027818140803905 48.713458566168 3.45
      vertex 8.444543648263005 49.05545635173699 0
    endloop
  endfacet
  facet normal -0.7730104533627358 0.6343932841636468 0
    outer loop
      vertex 8.444543648263005 49.05545635173699 0
      vertex 8.444543648263005 49.05545635173699 3.45
      vertex 8.786541433832 49.47218185919609 0
    endloop
  endfacet
  facet normal -0.881921264348355 0.4713967368259975 0
    outer loop
      vertex 8.786541433832 49.47218185919609 0
      vertex 8.786541433832 49.47218185919609 3.45
      vertex 9.040668714406038 49.947620560996 0
    endloop
  endfacet
  facet normal -0.9569403357322092 0.2902846772544617 0
    outer loop
      vertex 9.040668714406038 49.947620560996 0
      vertex 9.040668714406038 49.947620560996 3.45
      vertex 9.197159521108883 50.463501614455645 0
    endloop
  endfacet
  facet normal -0.9951847266721969 0.09801714032956103 0
    outer loop
      vertex 9.197159521108883 50.463501614455645 0
      vertex 9.197159521108883 50.463501614455645 3.45
      vertex 9.25 51 0
    endloop
  endfacet
  facet normal -0.9951847266721969 -0.09801714032956103 4.657633726496295e-19
    outer loop
      vertex 9.197159521108883 51.536498385544355 0
      vertex 9.25 51 0
      vertex 9.25 51 3.45
    endloop
  endfacet
  facet normal -0.881921264348355 -0.4713967368259975 0
    outer loop
      vertex 9.040668714406038 52.052379439004 0
      vertex 9.040668714406038 52.052379439004 3.45
      vertex 8.786541433832 52.52781814080391 0
    endloop
  endfacet
  facet normal -0.9569403357322092 -0.2902846772544617 0
    outer loop
      vertex 9.197159521108883 51.536498385544355 0
      vertex 9.197159521108883 51.536498385544355 3.45
      vertex 9.040668714406038 52.052379439004 0
    endloop
  endfacet
  facet normal 0.7730104533627358 -0.6343932841636468 1.5468930208741337e-18
    outer loop
      vertex 4.213458566168001 52.52781814080391 0
      vertex 4.555456351736995 52.94454364826301 0
      vertex 4.555456351736995 52.94454364826301 3.45
    endloop
  endfacet
  facet normal 0.6343932841636443 -0.7730104533627381 5.628380368021384e-18
    outer loop
      vertex 4.555456351736995 52.94454364826301 0
      vertex 4.972181859196094 53.286541433832 0
      vertex 4.972181859196094 53.286541433832 3.45
    endloop
  endfacet
  facet normal 0.4713967368259975 -0.881921264348355 -1.1850046327484117e-18
    outer loop
      vertex 4.972181859196094 53.286541433832 0
      vertex 5.447620560996003 53.54066871440604 0
      vertex 5.447620560996003 53.54066871440604 3.45
    endloop
  endfacet
  facet normal 0.29028467725446777 -0.9569403357322072 -1.229374688707335e-18
    outer loop
      vertex 5.447620560996003 53.54066871440604 0
      vertex 5.963501614455647 53.69715952110889 0
      vertex 5.963501614455647 53.69715952110889 3.45
    endloop
  endfacet
  facet normal 0.09801714032955498 -0.9951847266721975 -3.833763616366877e-19
    outer loop
      vertex 5.963501614455647 53.69715952110889 0
      vertex 6.5 53.75 0
      vertex 6.5 53.75 3.45
    endloop
  endfacet
  facet normal -0.09801714032955498 -0.9951847266721975 3.833763616366877e-19
    outer loop
      vertex 6.5 53.75 0
      vertex 7.036498385544353 53.69715952110889 0
      vertex 7.036498385544353 53.69715952110889 3.45
    endloop
  endfacet
  facet normal -0.29028467725446777 -0.9569403357322072 1.229374688707335e-18
    outer loop
      vertex 7.036498385544353 53.69715952110889 0
      vertex 7.552379439003997 53.54066871440604 0
      vertex 7.552379439003997 53.54066871440604 3.45
    endloop
  endfacet
  facet normal -0.4713967368259982 -0.8819212643483548 0
    outer loop
      vertex 8.027818140803905 53.286541433832 0
      vertex 8.027818140803905 53.286541433832 3.45
      vertex 7.552379439003997 53.54066871440604 0
    endloop
  endfacet
  facet normal -0.6343932841636433 -0.7730104533627387 -4.791615077147273e-18
    outer loop
      vertex 8.027818140803905 53.286541433832 0
      vertex 8.444543648263005 52.94454364826301 0
      vertex 8.444543648263005 52.94454364826301 3.45
    endloop
  endfacet
  facet normal -0.7730104533627358 -0.6343932841636468 -1.5468930208741337e-18
    outer loop
      vertex 8.444543648263005 52.94454364826301 0
      vertex 8.786541433832 52.52781814080391 0
      vertex 8.786541433832 52.52781814080391 3.45
    endloop
  endfacet
  facet normal 0.7730104533627358 0.6343932841636468 0
    outer loop
      vertex 4.555456351736995 49.05545635173699 0
      vertex 4.213458566168001 49.47218185919609 3.45
      vertex 4.555456351736995 49.05545635173699 3.45
    endloop
  endfacet
  facet normal 0.9569403357322088 0.2902846772544625 0
    outer loop
      vertex 3.9593312855939615 49.947620560996 0
      vertex 3.8028404788911163 50.463501614455645 3.45
      vertex 3.9593312855939615 49.947620560996 3.45
    endloop
  endfacet
  facet normal 0.9951847266721969 0.09801714032956019 0
    outer loop
      vertex 3.8028404788911163 50.463501614455645 0
      vertex 3.75 51 3.45
      vertex 3.8028404788911163 50.463501614455645 3.45
    endloop
  endfacet
  facet normal 0.881921264348355 0.4713967368259975 0
    outer loop
      vertex 4.213458566168001 49.47218185919609 0
      vertex 3.9593312855939615 49.947620560996 3.45
      vertex 4.213458566168001 49.47218185919609 3.45
    endloop
  endfacet
  facet normal 0.9951847266721969 -0.09801714032956019 0
    outer loop
      vertex 3.75 51 0
      vertex 3.8028404788911163 51.536498385544355 3.45
      vertex 3.75 51 3.45
    endloop
  endfacet
  facet normal 0.9569403357322088 -0.2902846772544625 0
    outer loop
      vertex 3.8028404788911163 51.536498385544355 0
      vertex 3.9593312855939615 52.052379439004 3.45
      vertex 3.8028404788911163 51.536498385544355 3.45
    endloop
  endfacet
  facet normal 0.881921264348355 -0.4713967368259975 0
    outer loop
      vertex 3.9593312855939615 52.052379439004 0
      vertex 4.213458566168001 52.52781814080391 3.45
      vertex 3.9593312855939615 52.052379439004 3.45
    endloop
  endfacet
  facet normal 0.6343932841636443 0.7730104533627381 0
    outer loop
      vertex 4.972181859196094 48.713458566168 0
      vertex 4.555456351736995 49.05545635173699 3.45
      vertex 4.972181859196094 48.713458566168 3.45
    endloop
  endfacet
  facet normal 0.4713967368259975 0.881921264348355 0
    outer loop
      vertex 5.447620560996003 48.45933128559396 0
      vertex 4.972181859196094 48.713458566168 3.45
      vertex 5.447620560996003 48.45933128559396 3.45
    endloop
  endfacet
  facet normal 0.29028467725446777 0.9569403357322072 0
    outer loop
      vertex 5.963501614455647 48.30284047889111 0
      vertex 5.447620560996003 48.45933128559396 3.45
      vertex 5.963501614455647 48.30284047889111 3.45
    endloop
  endfacet
  facet normal 0.09801714032955498 0.9951847266721975 0
    outer loop
      vertex 6.5 48.25 0
      vertex 5.963501614455647 48.30284047889111 3.45
      vertex 6.5 48.25 3.45
    endloop
  endfacet
  facet normal -0.09801714032955498 0.9951847266721975 0
    outer loop
      vertex 7.036498385544353 48.30284047889111 0
      vertex 6.5 48.25 3.45
      vertex 7.036498385544353 48.30284047889111 3.45
    endloop
  endfacet
  facet normal -0.29028467725446777 0.9569403357322072 0
    outer loop
      vertex 7.552379439003997 48.45933128559396 0
      vertex 7.036498385544353 48.30284047889111 3.45
      vertex 7.552379439003997 48.45933128559396 3.45
    endloop
  endfacet
  facet normal -0.4713967368259982 0.8819212643483548 0
    outer loop
      vertex 8.027818140803905 48.713458566168 0
      vertex 7.552379439003997 48.45933128559396 3.45
      vertex 8.027818140803905 48.713458566168 3.45
    endloop
  endfacet
  facet normal -0.6343932841636433 0.7730104533627387 0
    outer loop
      vertex 8.444543648263005 49.05545635173699 0
      vertex 8.027818140803905 48.713458566168 3.45
      vertex 8.444543648263005 49.05545635173699 3.45
    endloop
  endfacet
  facet normal -0.7730104533627358 0.6343932841636468 0
    outer loop
      vertex 8.786541433832 49.47218185919609 0
      vertex 8.444543648263005 49.05545635173699 3.45
      vertex 8.786541433832 49.47218185919609 3.45
    endloop
  endfacet
  facet normal -0.881921264348355 0.4713967368259975 0
    outer loop
      vertex 9.040668714406038 49.947620560996 0
      vertex 8.786541433832 49.47218185919609 3.45
      vertex 9.040668714406038 49.947620560996 3.45
    endloop
  endfacet
  facet normal -0.9569403357322092 0.2902846772544617 0
    outer loop
      vertex 9.197159521108883 50.463501614455645 0
      vertex 9.040668714406038 49.947620560996 3.45
      vertex 9.197159521108883 50.463501614455645 3.45
    endloop
  endfacet
  facet normal -0.9951847266721969 0.09801714032956103 0
    outer loop
      vertex 9.25 51 0
      vertex 9.197159521108883 50.463501614455645 3.45
      vertex 9.25 51 3.45
    endloop
  endfacet
  facet normal -0.9951847266721969 -0.09801714032956103 0
    outer loop
      vertex 9.197159521108883 51.536498385544355 0
      vertex 9.25 51 3.45
      vertex 9.197159521108883 51.536498385544355 3.45
    endloop
  endfacet
  facet normal -0.881921264348355 -0.4713967368259975 0
    outer loop
      vertex 8.786541433832 52.52781814080391 0
      vertex 9.040668714406038 52.052379439004 3.45
      vertex 8.786541433832 52.52781814080391 3.45
    endloop
  endfacet
  facet normal -0.9569403357322092 -0.2902846772544617 0
    outer loop
      vertex 9.040668714406038 52.052379439004 0
      vertex 9.197159521108883 51.536498385544355 3.45
      vertex 9.040668714406038 52.052379439004 3.45
    endloop
  endfacet
  facet normal 0.7730104533627358 -0.6343932841636468 0
    outer loop
      vertex 4.213458566168001 52.52781814080391 0
      vertex 4.555456351736995 52.94454364826301 3.45
      vertex 4.213458566168001 52.52781814080391 3.45
    endloop
  endfacet
  facet normal 0.6343932841636443 -0.7730104533627381 0
    outer loop
      vertex 4.555456351736995 52.94454364826301 0
      vertex 4.972181859196094 53.286541433832 3.45
      vertex 4.555456351736995 52.94454364826301 3.45
    endloop
  endfacet
  facet normal 0.4713967368259975 -0.881921264348355 0
    outer loop
      vertex 4.972181859196094 53.286541433832 0
      vertex 5.447620560996003 53.54066871440604 3.45
      vertex 4.972181859196094 53.286541433832 3.45
    endloop
  endfacet
  facet normal 0.29028467725446777 -0.9569403357322072 0
    outer loop
      vertex 5.447620560996003 53.54066871440604 0
      vertex 5.963501614455647 53.69715952110889 3.45
      vertex 5.447620560996003 53.54066871440604 3.45
    endloop
  endfacet
  facet normal 0.09801714032955498 -0.9951847266721975 0
    outer loop
      vertex 5.963501614455647 53.69715952110889 0
      vertex 6.5 53.75 3.45
      vertex 5.963501614455647 53.69715952110889 3.45
    endloop
  endfacet
  facet normal -0.09801714032955498 -0.9951847266721975 0
    outer loop
      vertex 6.5 53.75 0
      vertex 7.036498385544353 53.69715952110889 3.45
      vertex 6.5 53.75 3.45
    endloop
  endfacet
  facet normal -0.29028467725446777 -0.9569403357322072 0
    outer loop
      vertex 7.036498385544353 53.69715952110889 0
      vertex 7.552379439003997 53.54066871440604 3.45
      vertex 7.036498385544353 53.69715952110889 3.45
    endloop
  endfacet
  facet normal -0.4713967368259982 -0.8819212643483548 0
    outer loop
      vertex 7.552379439003997 53.54066871440604 0
      vertex 8.027818140803905 53.286541433832 3.45
      vertex 7.552379439003997 53.54066871440604 3.45
    endloop
  endfacet
  facet normal -0.6343932841636433 -0.7730104533627387 0
    outer loop
      vertex 8.027818140803905 53.286541433832 0
      vertex 8.444543648263005 52.94454364826301 3.45
      vertex 8.027818140803905 53.286541433832 3.45
    endloop
  endfacet
  facet normal -0.7730104533627358 -0.6343932841636468 0
    outer loop
      vertex 8.444543648263005 52.94454364826301 0
      vertex 8.786541433832 52.52781814080391 3.45
      vertex 8.444543648263005 52.94454364826301 3.45
    endloop
  endfacet
  facet normal 0.8819212643483523 0.47139673682600297 2.029425084058263e-18
    outer loop
      vertex 4.213458566168001 68.4721818591961 0
      vertex 3.9593312855939615 68.947620560996 0
      vertex 3.9593312855939615 68.947620560996 3.45
    endloop
  endfacet
  facet normal 0.7730104533627411 0.6343932841636404 5.1472293061118586e-18
    outer loop
      vertex 4.555456351736995 68.05545635173699 0
      vertex 4.213458566168001 68.4721818591961 0
      vertex 4.213458566168001 68.4721818591961 3.45
    endloop
  endfacet
  facet normal 0.9569403357322099 0.29028467725445883 -2.9934646871613265e-18
    outer loop
      vertex 3.9593312855939615 68.947620560996 0
      vertex 3.8028404788911163 69.46350161445565 0
      vertex 3.8028404788911163 69.46350161445565 3.45
    endloop
  endfacet
  facet normal 0.9951847266721968 0.09801714032956149 2.588774138090289e-19
    outer loop
      vertex 3.8028404788911163 69.46350161445565 0
      vertex 3.75 70 0
      vertex 3.75 70 3.45
    endloop
  endfacet
  facet normal 0.9951847266721968 -0.09801714032956149 -2.588774138090289e-19
    outer loop
      vertex 3.75 70 0
      vertex 3.8028404788911163 70.53649838554435 0
      vertex 3.8028404788911163 70.53649838554435 3.45
    endloop
  endfacet
  facet normal 0.9569403357322099 -0.29028467725445883 2.9934646871613265e-18
    outer loop
      vertex 3.8028404788911163 70.53649838554435 0
      vertex 3.9593312855939615 71.052379439004 0
      vertex 3.9593312855939615 71.052379439004 3.45
    endloop
  endfacet
  facet normal 0.8819212643483523 -0.47139673682600297 -2.029425084058263e-18
    outer loop
      vertex 3.9593312855939615 71.052379439004 0
      vertex 4.213458566168001 71.5278181408039 0
      vertex 4.213458566168001 71.5278181408039 3.45
    endloop
  endfacet
  facet normal 0.7730104533627411 -0.6343932841636404 -5.1472293061118586e-18
    outer loop
      vertex 4.213458566168001 71.5278181408039 0
      vertex 4.555456351736995 71.94454364826301 0
      vertex 4.555456351736995 71.94454364826301 3.45
    endloop
  endfacet
  facet normal 0.6343932841636443 0.7730104533627381 0
    outer loop
      vertex 4.555456351736995 68.05545635173699 0
      vertex 4.555456351736995 68.05545635173699 3.45
      vertex 4.972181859196094 67.713458566168 0
    endloop
  endfacet
  facet normal 0.4713967368259975 0.881921264348355 0
    outer loop
      vertex 4.972181859196094 67.713458566168 0
      vertex 4.972181859196094 67.713458566168 3.45
      vertex 5.447620560996003 67.45933128559396 0
    endloop
  endfacet
  facet normal 0.29028467725446777 0.9569403357322072 0
    outer loop
      vertex 5.447620560996003 67.45933128559396 0
      vertex 5.447620560996003 67.45933128559396 3.45
      vertex 5.963501614455647 67.30284047889111 0
    endloop
  endfacet
  facet normal 0.09801714032955498 0.9951847266721975 3.833763616366877e-19
    outer loop
      vertex 6.5 67.25 0
      vertex 5.963501614455647 67.30284047889111 0
      vertex 5.963501614455647 67.30284047889111 3.45
    endloop
  endfacet
  facet normal -0.09801714032955498 0.9951847266721975 0
    outer loop
      vertex 6.5 67.25 0
      vertex 6.5 67.25 3.45
      vertex 7.036498385544353 67.30284047889111 0
    endloop
  endfacet
  facet normal 0.6343932841636443 -0.7730104533627381 5.628380368021384e-18
    outer loop
      vertex 4.555456351736995 71.94454364826301 0
      vertex 4.972181859196094 72.286541433832 0
      vertex 4.972181859196094 72.286541433832 3.45
    endloop
  endfacet
  facet normal -0.29028467725446777 0.9569403357322072 0
    outer loop
      vertex 7.036498385544353 67.30284047889111 0
      vertex 7.036498385544353 67.30284047889111 3.45
      vertex 7.552379439003997 67.45933128559396 0
    endloop
  endfacet
  facet normal -0.4713967368259982 0.8819212643483548 0
    outer loop
      vertex 7.552379439003997 67.45933128559396 0
      vertex 7.552379439003997 67.45933128559396 3.45
      vertex 8.027818140803905 67.713458566168 0
    endloop
  endfacet
  facet normal -0.6343932841636433 0.7730104533627387 0
    outer loop
      vertex 8.027818140803905 67.713458566168 0
      vertex 8.027818140803905 67.713458566168 3.45
      vertex 8.444543648263005 68.05545635173699 0
    endloop
  endfacet
  facet normal -0.7730104533627411 0.6343932841636404 0
    outer loop
      vertex 8.444543648263005 68.05545635173699 0
      vertex 8.444543648263005 68.05545635173699 3.45
      vertex 8.786541433832 68.4721818591961 0
    endloop
  endfacet
  facet normal -0.8819212643483523 0.47139673682600297 0
    outer loop
      vertex 8.786541433832 68.4721818591961 0
      vertex 8.786541433832 68.4721818591961 3.45
      vertex 9.040668714406038 68.947620560996 0
    endloop
  endfacet
  facet normal -0.9569403357322102 0.29028467725445806 0
    outer loop
      vertex 9.040668714406038 68.947620560996 0
      vertex 9.040668714406038 68.947620560996 3.45
      vertex 9.197159521108883 69.46350161445565 0
    endloop
  endfacet
  facet normal -0.9951847266721967 0.09801714032956231 0
    outer loop
      vertex 9.197159521108883 69.46350161445565 0
      vertex 9.197159521108883 69.46350161445565 3.45
      vertex 9.25 70 0
    endloop
  endfacet
  facet normal -0.9951847266721967 -0.09801714032956231 8.711203962743065e-19
    outer loop
      vertex 9.197159521108883 70.53649838554435 0
      vertex 9.25 70 0
      vertex 9.25 70 3.45
    endloop
  endfacet
  facet normal -0.6343932841636433 -0.7730104533627387 0
    outer loop
      vertex 8.444543648263005 71.94454364826301 0
      vertex 8.444543648263005 71.94454364826301 3.45
      vertex 8.027818140803905 72.286541433832 0
    endloop
  endfacet
  facet normal -0.8819212643483523 -0.47139673682600297 0
    outer loop
      vertex 9.040668714406038 71.052379439004 0
      vertex 9.040668714406038 71.052379439004 3.45
      vertex 8.786541433832 71.5278181408039 0
    endloop
  endfacet
  facet normal -0.9569403357322102 -0.29028467725445806 0
    outer loop
      vertex 9.197159521108883 70.53649838554435 0
      vertex 9.197159521108883 70.53649838554435 3.45
      vertex 9.040668714406038 71.052379439004 0
    endloop
  endfacet
  facet normal -0.7730104533627411 -0.6343932841636404 5.1472293061118586e-18
    outer loop
      vertex 8.444543648263005 71.94454364826301 0
      vertex 8.786541433832 71.5278181408039 0
      vertex 8.786541433832 71.5278181408039 3.45
    endloop
  endfacet
  facet normal 0.4713967368259975 -0.881921264348355 -1.1850046327484117e-18
    outer loop
      vertex 4.972181859196094 72.286541433832 0
      vertex 5.447620560996003 72.54066871440604 0
      vertex 5.447620560996003 72.54066871440604 3.45
    endloop
  endfacet
  facet normal 0.29028467725446777 -0.9569403357322072 -1.229374688707335e-18
    outer loop
      vertex 5.447620560996003 72.54066871440604 0
      vertex 5.963501614455647 72.69715952110889 0
      vertex 5.963501614455647 72.69715952110889 3.45
    endloop
  endfacet
  facet normal 0.09801714032955498 -0.9951847266721975 -3.833763616366877e-19
    outer loop
      vertex 5.963501614455647 72.69715952110889 0
      vertex 6.5 72.75 0
      vertex 6.5 72.75 3.45
    endloop
  endfacet
  facet normal -0.09801714032955498 -0.9951847266721975 3.833763616366877e-19
    outer loop
      vertex 6.5 72.75 0
      vertex 7.036498385544353 72.69715952110889 0
      vertex 7.036498385544353 72.69715952110889 3.45
    endloop
  endfacet
  facet normal -0.29028467725446777 -0.9569403357322072 1.229374688707335e-18
    outer loop
      vertex 7.036498385544353 72.69715952110889 0
      vertex 7.552379439003997 72.54066871440604 0
      vertex 7.552379439003997 72.54066871440604 3.45
    endloop
  endfacet
  facet normal -0.4713967368259982 -0.8819212643483548 3.1559763750987465e-18
    outer loop
      vertex 7.552379439003997 72.54066871440604 0
      vertex 8.027818140803905 72.286541433832 0
      vertex 8.027818140803905 72.286541433832 3.45
    endloop
  endfacet
  facet normal 0.8819212643483523 0.47139673682600297 0
    outer loop
      vertex 4.213458566168001 68.4721818591961 0
      vertex 3.9593312855939615 68.947620560996 3.45
      vertex 4.213458566168001 68.4721818591961 3.45
    endloop
  endfacet
  facet normal 0.7730104533627411 0.6343932841636404 0
    outer loop
      vertex 4.555456351736995 68.05545635173699 0
      vertex 4.213458566168001 68.4721818591961 3.45
      vertex 4.555456351736995 68.05545635173699 3.45
    endloop
  endfacet
  facet normal 0.9569403357322099 0.29028467725445883 0
    outer loop
      vertex 3.9593312855939615 68.947620560996 0
      vertex 3.8028404788911163 69.46350161445565 3.45
      vertex 3.9593312855939615 68.947620560996 3.45
    endloop
  endfacet
  facet normal 0.9951847266721968 0.09801714032956149 0
    outer loop
      vertex 3.8028404788911163 69.46350161445565 0
      vertex 3.75 70 3.45
      vertex 3.8028404788911163 69.46350161445565 3.45
    endloop
  endfacet
  facet normal 0.9951847266721968 -0.09801714032956149 0
    outer loop
      vertex 3.75 70 0
      vertex 3.8028404788911163 70.53649838554435 3.45
      vertex 3.75 70 3.45
    endloop
  endfacet
  facet normal 0.9569403357322099 -0.29028467725445883 0
    outer loop
      vertex 3.8028404788911163 70.53649838554435 0
      vertex 3.9593312855939615 71.052379439004 3.45
      vertex 3.8028404788911163 70.53649838554435 3.45
    endloop
  endfacet
  facet normal 0.8819212643483523 -0.47139673682600297 0
    outer loop
      vertex 3.9593312855939615 71.052379439004 0
      vertex 4.213458566168001 71.5278181408039 3.45
      vertex 3.9593312855939615 71.052379439004 3.45
    endloop
  endfacet
  facet normal 0.7730104533627411 -0.6343932841636404 0
    outer loop
      vertex 4.213458566168001 71.5278181408039 0
      vertex 4.555456351736995 71.94454364826301 3.45
      vertex 4.213458566168001 71.5278181408039 3.45
    endloop
  endfacet
  facet normal 0.6343932841636443 0.7730104533627381 0
    outer loop
      vertex 4.972181859196094 67.713458566168 0
      vertex 4.555456351736995 68.05545635173699 3.45
      vertex 4.972181859196094 67.713458566168 3.45
    endloop
  endfacet
  facet normal 0.4713967368259975 0.881921264348355 0
    outer loop
      vertex 5.447620560996003 67.45933128559396 0
      vertex 4.972181859196094 67.713458566168 3.45
      vertex 5.447620560996003 67.45933128559396 3.45
    endloop
  endfacet
  facet normal 0.29028467725446777 0.9569403357322072 0
    outer loop
      vertex 5.963501614455647 67.30284047889111 0
      vertex 5.447620560996003 67.45933128559396 3.45
      vertex 5.963501614455647 67.30284047889111 3.45
    endloop
  endfacet
  facet normal 0.09801714032955498 0.9951847266721975 0
    outer loop
      vertex 6.5 67.25 0
      vertex 5.963501614455647 67.30284047889111 3.45
      vertex 6.5 67.25 3.45
    endloop
  endfacet
  facet normal -0.09801714032955498 0.9951847266721975 0
    outer loop
      vertex 7.036498385544353 67.30284047889111 0
      vertex 6.5 67.25 3.45
      vertex 7.036498385544353 67.30284047889111 3.45
    endloop
  endfacet
  facet normal 0.6343932841636443 -0.7730104533627381 0
    outer loop
      vertex 4.555456351736995 71.94454364826301 0
      vertex 4.972181859196094 72.286541433832 3.45
      vertex 4.555456351736995 71.94454364826301 3.45
    endloop
  endfacet
  facet normal -0.29028467725446777 0.9569403357322072 0
    outer loop
      vertex 7.552379439003997 67.45933128559396 0
      vertex 7.036498385544353 67.30284047889111 3.45
      vertex 7.552379439003997 67.45933128559396 3.45
    endloop
  endfacet
  facet normal -0.4713967368259982 0.8819212643483548 0
    outer loop
      vertex 8.027818140803905 67.713458566168 0
      vertex 7.552379439003997 67.45933128559396 3.45
      vertex 8.027818140803905 67.713458566168 3.45
    endloop
  endfacet
  facet normal -0.6343932841636433 0.7730104533627387 0
    outer loop
      vertex 8.444543648263005 68.05545635173699 0
      vertex 8.027818140803905 67.713458566168 3.45
      vertex 8.444543648263005 68.05545635173699 3.45
    endloop
  endfacet
  facet normal -0.7730104533627411 0.6343932841636404 0
    outer loop
      vertex 8.786541433832 68.4721818591961 0
      vertex 8.444543648263005 68.05545635173699 3.45
      vertex 8.786541433832 68.4721818591961 3.45
    endloop
  endfacet
  facet normal -0.8819212643483523 0.47139673682600297 0
    outer loop
      vertex 9.040668714406038 68.947620560996 0
      vertex 8.786541433832 68.4721818591961 3.45
      vertex 9.040668714406038 68.947620560996 3.45
    endloop
  endfacet
  facet normal -0.9569403357322102 0.29028467725445806 0
    outer loop
      vertex 9.197159521108883 69.46350161445565 0
      vertex 9.040668714406038 68.947620560996 3.45
      vertex 9.197159521108883 69.46350161445565 3.45
    endloop
  endfacet
  facet normal -0.9951847266721967 0.09801714032956231 0
    outer loop
      vertex 9.25 70 0
      vertex 9.197159521108883 69.46350161445565 3.45
      vertex 9.25 70 3.45
    endloop
  endfacet
  facet normal -0.9951847266721967 -0.09801714032956231 0
    outer loop
      vertex 9.197159521108883 70.53649838554435 0
      vertex 9.25 70 3.45
      vertex 9.197159521108883 70.53649838554435 3.45
    endloop
  endfacet
  facet normal -0.6343932841636433 -0.7730104533627387 0
    outer loop
      vertex 8.027818140803905 72.286541433832 0
      vertex 8.444543648263005 71.94454364826301 3.45
      vertex 8.027818140803905 72.286541433832 3.45
    endloop
  endfacet
  facet normal -0.7730104533627411 -0.6343932841636404 0
    outer loop
      vertex 8.444543648263005 71.94454364826301 0
      vertex 8.786541433832 71.5278181408039 3.45
      vertex 8.444543648263005 71.94454364826301 3.45
    endloop
  endfacet
  facet normal -0.9569403357322102 -0.29028467725445806 0
    outer loop
      vertex 9.040668714406038 71.052379439004 0
      vertex 9.197159521108883 70.53649838554435 3.45
      vertex 9.040668714406038 71.052379439004 3.45
    endloop
  endfacet
  facet normal -0.8819212643483523 -0.47139673682600297 0
    outer loop
      vertex 8.786541433832 71.5278181408039 0
      vertex 9.040668714406038 71.052379439004 3.45
      vertex 8.786541433832 71.5278181408039 3.45
    endloop
  endfacet
  facet normal 0.4713967368259975 -0.881921264348355 0
    outer loop
      vertex 4.972181859196094 72.286541433832 0
      vertex 5.447620560996003 72.54066871440604 3.45
      vertex 4.972181859196094 72.286541433832 3.45
    endloop
  endfacet
  facet normal 0.29028467725446777 -0.9569403357322072 0
    outer loop
      vertex 5.447620560996003 72.54066871440604 0
      vertex 5.963501614455647 72.69715952110889 3.45
      vertex 5.447620560996003 72.54066871440604 3.45
    endloop
  endfacet
  facet normal 0.09801714032955498 -0.9951847266721975 0
    outer loop
      vertex 5.963501614455647 72.69715952110889 0
      vertex 6.5 72.75 3.45
      vertex 5.963501614455647 72.69715952110889 3.45
    endloop
  endfacet
  facet normal -0.09801714032955498 -0.9951847266721975 0
    outer loop
      vertex 6.5 72.75 0
      vertex 7.036498385544353 72.69715952110889 3.45
      vertex 6.5 72.75 3.45
    endloop
  endfacet
  facet normal -0.29028467725446777 -0.9569403357322072 0
    outer loop
      vertex 7.036498385544353 72.69715952110889 0
      vertex 7.552379439003997 72.54066871440604 3.45
      vertex 7.036498385544353 72.69715952110889 3.45
    endloop
  endfacet
  facet normal -0.4713967368259982 -0.8819212643483548 0
    outer loop
      vertex 7.552379439003997 72.54066871440604 0
      vertex 8.027818140803905 72.286541433832 3.45
      vertex 7.552379439003997 72.54066871440604 3.45
    endloop
  endfacet
  facet normal 0.8819212643483523 0.47139673682600297 0
    outer loop
      vertex 3.9593312855939615 138.947620560996 0
      vertex 3.9593312855939615 138.947620560996 3.45
      vertex 4.213458566168001 138.4721818591961 0
    endloop
  endfacet
  facet normal 0.9569403357322099 0.29028467725445883 -2.9934646871613265e-18
    outer loop
      vertex 3.9593312855939615 138.947620560996 0
      vertex 3.8028404788911163 139.46350161445565 0
      vertex 3.8028404788911163 139.46350161445565 3.45
    endloop
  endfacet
  facet normal 0.7730104533627304 0.6343932841636534 0
    outer loop
      vertex 4.213458566168001 138.4721818591961 0
      vertex 4.213458566168001 138.4721818591961 3.45
      vertex 4.555456351736995 138.055456351737 0
    endloop
  endfacet
  facet normal 0.9951847266721968 0.09801714032956149 0
    outer loop
      vertex 3.75 140 0
      vertex 3.75 140 3.45
      vertex 3.8028404788911163 139.46350161445565 0
    endloop
  endfacet
  facet normal 0.9951847266721968 -0.09801714032956149 -2.588774138090289e-19
    outer loop
      vertex 3.75 140 0
      vertex 3.8028404788911163 140.53649838554435 0
      vertex 3.8028404788911163 140.53649838554435 3.45
    endloop
  endfacet
  facet normal 0.9569403357322099 -0.29028467725445883 2.9934646871613265e-18
    outer loop
      vertex 3.8028404788911163 140.53649838554435 0
      vertex 3.9593312855939615 141.052379439004 0
      vertex 3.9593312855939615 141.052379439004 3.45
    endloop
  endfacet
  facet normal 0.8819212643483523 -0.47139673682600297 -2.029425084058263e-18
    outer loop
      vertex 3.9593312855939615 141.052379439004 0
      vertex 4.213458566168001 141.5278181408039 0
      vertex 4.213458566168001 141.5278181408039 3.45
    endloop
  endfacet
  facet normal 0.7730104533627304 -0.6343932841636534 -6.682338139632725e-18
    outer loop
      vertex 4.213458566168001 141.5278181408039 0
      vertex 4.555456351736995 141.944543648263 0
      vertex 4.555456351736995 141.944543648263 3.45
    endloop
  endfacet
  facet normal 0.4713967368259975 0.881921264348355 0
    outer loop
      vertex 4.972181859196094 137.71345856616801 0
      vertex 4.972181859196094 137.71345856616801 3.45
      vertex 5.447620560996003 137.45933128559398 0
    endloop
  endfacet
  facet normal 0.29028467725449186 0.9569403357321999 0
    outer loop
      vertex 5.447620560996003 137.45933128559398 0
      vertex 5.447620560996003 137.45933128559398 3.45
      vertex 5.963501614455647 137.3028404788911 0
    endloop
  endfacet
  facet normal 0.09801714032955498 0.9951847266721975 0
    outer loop
      vertex 5.963501614455647 137.3028404788911 0
      vertex 5.963501614455647 137.3028404788911 3.45
      vertex 6.5 137.25 0
    endloop
  endfacet
  facet normal -0.09801714032955498 0.9951847266721975 0
    outer loop
      vertex 6.5 137.25 0
      vertex 6.5 137.25 3.45
      vertex 7.036498385544353 137.3028404788911 0
    endloop
  endfacet
  facet normal -0.29028467725449186 0.9569403357321999 0
    outer loop
      vertex 7.036498385544353 137.3028404788911 0
      vertex 7.036498385544353 137.3028404788911 3.45
      vertex 7.552379439003997 137.45933128559398 0
    endloop
  endfacet
  facet normal -0.4713967368259982 0.8819212643483548 0
    outer loop
      vertex 7.552379439003997 137.45933128559398 0
      vertex 7.552379439003997 137.45933128559398 3.45
      vertex 8.027818140803905 137.71345856616801 0
    endloop
  endfacet
  facet normal 0.6343932841636443 0.7730104533627381 0
    outer loop
      vertex 4.555456351736995 138.055456351737 0
      vertex 4.555456351736995 138.055456351737 3.45
      vertex 4.972181859196094 137.71345856616801 0
    endloop
  endfacet
  facet normal 0.6343932841636443 -0.7730104533627381 5.628380368021384e-18
    outer loop
      vertex 4.555456351736995 141.944543648263 0
      vertex 4.972181859196094 142.28654143383199 0
      vertex 4.972181859196094 142.28654143383199 3.45
    endloop
  endfacet
  facet normal 0.4713967368259975 -0.881921264348355 -1.1850046327484117e-18
    outer loop
      vertex 4.972181859196094 142.28654143383199 0
      vertex 5.447620560996003 142.54066871440602 0
      vertex 5.447620560996003 142.54066871440602 3.45
    endloop
  endfacet
  facet normal 0.29028467725449186 -0.9569403357321999 7.270675717542575e-19
    outer loop
      vertex 5.447620560996003 142.54066871440602 0
      vertex 5.963501614455647 142.6971595211089 0
      vertex 5.963501614455647 142.6971595211089 3.45
    endloop
  endfacet
  facet normal 0.09801714032955498 -0.9951847266721975 -3.833763616366877e-19
    outer loop
      vertex 5.963501614455647 142.6971595211089 0
      vertex 6.5 142.75 0
      vertex 6.5 142.75 3.45
    endloop
  endfacet
  facet normal -0.09801714032955498 -0.9951847266721975 3.833763616366877e-19
    outer loop
      vertex 6.5 142.75 0
      vertex 7.036498385544353 142.6971595211089 0
      vertex 7.036498385544353 142.6971595211089 3.45
    endloop
  endfacet
  facet normal -0.6343932841636433 0.7730104533627387 0
    outer loop
      vertex 8.027818140803905 137.71345856616801 0
      vertex 8.027818140803905 137.71345856616801 3.45
      vertex 8.444543648263005 138.055456351737 0
    endloop
  endfacet
  facet normal -0.7730104533627304 0.6343932841636534 0
    outer loop
      vertex 8.444543648263005 138.055456351737 0
      vertex 8.444543648263005 138.055456351737 3.45
      vertex 8.786541433832 138.4721818591961 0
    endloop
  endfacet
  facet normal -0.8819212643483523 0.47139673682600297 0
    outer loop
      vertex 8.786541433832 138.4721818591961 0
      vertex 8.786541433832 138.4721818591961 3.45
      vertex 9.040668714406038 138.947620560996 0
    endloop
  endfacet
  facet normal -0.9569403357322102 0.29028467725445806 0
    outer loop
      vertex 9.040668714406038 138.947620560996 0
      vertex 9.040668714406038 138.947620560996 3.45
      vertex 9.197159521108883 139.46350161445565 0
    endloop
  endfacet
  facet normal -0.9951847266721967 0.09801714032956231 0
    outer loop
      vertex 9.197159521108883 139.46350161445565 0
      vertex 9.197159521108883 139.46350161445565 3.45
      vertex 9.25 140 0
    endloop
  endfacet
  facet normal -0.9951847266721967 -0.09801714032956231 8.711203962743065e-19
    outer loop
      vertex 9.197159521108883 140.53649838554435 0
      vertex 9.25 140 0
      vertex 9.25 140 3.45
    endloop
  endfacet
  facet normal -0.9569403357322102 -0.29028467725445806 0
    outer loop
      vertex 9.197159521108883 140.53649838554435 0
      vertex 9.197159521108883 140.53649838554435 3.45
      vertex 9.040668714406038 141.052379439004 0
    endloop
  endfacet
  facet normal -0.29028467725449186 -0.9569403357321999 -7.270675717542575e-19
    outer loop
      vertex 7.036498385544353 142.6971595211089 0
      vertex 7.552379439003997 142.54066871440602 0
      vertex 7.552379439003997 142.54066871440602 3.45
    endloop
  endfacet
  facet normal -0.4713967368259982 -0.8819212643483548 3.1559763750987465e-18
    outer loop
      vertex 7.552379439003997 142.54066871440602 0
      vertex 8.027818140803905 142.28654143383199 0
      vertex 8.027818140803905 142.28654143383199 3.45
    endloop
  endfacet
  facet normal -0.6343932841636433 -0.7730104533627387 -4.791615077147273e-18
    outer loop
      vertex 8.027818140803905 142.28654143383199 0
      vertex 8.444543648263005 141.944543648263 0
      vertex 8.444543648263005 141.944543648263 3.45
    endloop
  endfacet
  facet normal -0.8819212643483523 -0.47139673682600297 0
    outer loop
      vertex 9.040668714406038 141.052379439004 0
      vertex 9.040668714406038 141.052379439004 3.45
      vertex 8.786541433832 141.5278181408039 0
    endloop
  endfacet
  facet normal -0.7730104533627304 -0.6343932841636534 6.682338139632725e-18
    outer loop
      vertex 8.444543648263005 141.944543648263 0
      vertex 8.786541433832 141.5278181408039 0
      vertex 8.786541433832 141.5278181408039 3.45
    endloop
  endfacet
  facet normal 0.9569403357322099 0.29028467725445883 0
    outer loop
      vertex 3.9593312855939615 138.947620560996 0
      vertex 3.8028404788911163 139.46350161445565 3.45
      vertex 3.9593312855939615 138.947620560996 3.45
    endloop
  endfacet
  facet normal 0.8819212643483523 0.47139673682600297 0
    outer loop
      vertex 4.213458566168001 138.4721818591961 0
      vertex 3.9593312855939615 138.947620560996 3.45
      vertex 4.213458566168001 138.4721818591961 3.45
    endloop
  endfacet
  facet normal 0.7730104533627304 0.6343932841636534 0
    outer loop
      vertex 4.555456351736995 138.055456351737 0
      vertex 4.213458566168001 138.4721818591961 3.45
      vertex 4.555456351736995 138.055456351737 3.45
    endloop
  endfacet
  facet normal 0.9951847266721968 0.09801714032956149 0
    outer loop
      vertex 3.8028404788911163 139.46350161445565 0
      vertex 3.75 140 3.45
      vertex 3.8028404788911163 139.46350161445565 3.45
    endloop
  endfacet
  facet normal 0.9951847266721968 -0.09801714032956149 0
    outer loop
      vertex 3.75 140 0
      vertex 3.8028404788911163 140.53649838554435 3.45
      vertex 3.75 140 3.45
    endloop
  endfacet
  facet normal 0.9569403357322099 -0.29028467725445883 0
    outer loop
      vertex 3.8028404788911163 140.53649838554435 0
      vertex 3.9593312855939615 141.052379439004 3.45
      vertex 3.8028404788911163 140.53649838554435 3.45
    endloop
  endfacet
  facet normal 0.8819212643483523 -0.47139673682600297 0
    outer loop
      vertex 3.9593312855939615 141.052379439004 0
      vertex 4.213458566168001 141.5278181408039 3.45
      vertex 3.9593312855939615 141.052379439004 3.45
    endloop
  endfacet
  facet normal 0.7730104533627304 -0.6343932841636534 0
    outer loop
      vertex 4.213458566168001 141.5278181408039 0
      vertex 4.555456351736995 141.944543648263 3.45
      vertex 4.213458566168001 141.5278181408039 3.45
    endloop
  endfacet
  facet normal 0.4713967368259975 0.881921264348355 0
    outer loop
      vertex 5.447620560996003 137.45933128559398 0
      vertex 4.972181859196094 137.71345856616801 3.45
      vertex 5.447620560996003 137.45933128559398 3.45
    endloop
  endfacet
  facet normal 0.29028467725449186 0.9569403357321999 0
    outer loop
      vertex 5.963501614455647 137.3028404788911 0
      vertex 5.447620560996003 137.45933128559398 3.45
      vertex 5.963501614455647 137.3028404788911 3.45
    endloop
  endfacet
  facet normal 0.09801714032955498 0.9951847266721975 0
    outer loop
      vertex 6.5 137.25 0
      vertex 5.963501614455647 137.3028404788911 3.45
      vertex 6.5 137.25 3.45
    endloop
  endfacet
  facet normal -0.09801714032955498 0.9951847266721975 0
    outer loop
      vertex 7.036498385544353 137.3028404788911 0
      vertex 6.5 137.25 3.45
      vertex 7.036498385544353 137.3028404788911 3.45
    endloop
  endfacet
  facet normal -0.29028467725449186 0.9569403357321999 0
    outer loop
      vertex 7.552379439003997 137.45933128559398 0
      vertex 7.036498385544353 137.3028404788911 3.45
      vertex 7.552379439003997 137.45933128559398 3.45
    endloop
  endfacet
  facet normal -0.4713967368259982 0.8819212643483548 0
    outer loop
      vertex 8.027818140803905 137.71345856616801 0
      vertex 7.552379439003997 137.45933128559398 3.45
      vertex 8.027818140803905 137.71345856616801 3.45
    endloop
  endfacet
  facet normal 0.6343932841636443 0.7730104533627381 0
    outer loop
      vertex 4.972181859196094 137.71345856616801 0
      vertex 4.555456351736995 138.055456351737 3.45
      vertex 4.972181859196094 137.71345856616801 3.45
    endloop
  endfacet
  facet normal 0.6343932841636443 -0.7730104533627381 0
    outer loop
      vertex 4.555456351736995 141.944543648263 0
      vertex 4.972181859196094 142.28654143383199 3.45
      vertex 4.555456351736995 141.944543648263 3.45
    endloop
  endfacet
  facet normal 0.4713967368259975 -0.881921264348355 0
    outer loop
      vertex 4.972181859196094 142.28654143383199 0
      vertex 5.447620560996003 142.54066871440602 3.45
      vertex 4.972181859196094 142.28654143383199 3.45
    endloop
  endfacet
  facet normal 0.29028467725449186 -0.9569403357321999 0
    outer loop
      vertex 5.447620560996003 142.54066871440602 0
      vertex 5.963501614455647 142.6971595211089 3.45
      vertex 5.447620560996003 142.54066871440602 3.45
    endloop
  endfacet
  facet normal 0.09801714032955498 -0.9951847266721975 0
    outer loop
      vertex 5.963501614455647 142.6971595211089 0
      vertex 6.5 142.75 3.45
      vertex 5.963501614455647 142.6971595211089 3.45
    endloop
  endfacet
  facet normal -0.09801714032955498 -0.9951847266721975 0
    outer loop
      vertex 6.5 142.75 0
      vertex 7.036498385544353 142.6971595211089 3.45
      vertex 6.5 142.75 3.45
    endloop
  endfacet
  facet normal -0.6343932841636433 0.7730104533627387 0
    outer loop
      vertex 8.444543648263005 138.055456351737 0
      vertex 8.027818140803905 137.71345856616801 3.45
      vertex 8.444543648263005 138.055456351737 3.45
    endloop
  endfacet
  facet normal -0.7730104533627304 0.6343932841636534 0
    outer loop
      vertex 8.786541433832 138.4721818591961 0
      vertex 8.444543648263005 138.055456351737 3.45
      vertex 8.786541433832 138.4721818591961 3.45
    endloop
  endfacet
  facet normal -0.8819212643483523 0.47139673682600297 0
    outer loop
      vertex 9.040668714406038 138.947620560996 0
      vertex 8.786541433832 138.4721818591961 3.45
      vertex 9.040668714406038 138.947620560996 3.45
    endloop
  endfacet
  facet normal -0.9569403357322102 0.29028467725445806 0
    outer loop
      vertex 9.197159521108883 139.46350161445565 0
      vertex 9.040668714406038 138.947620560996 3.45
      vertex 9.197159521108883 139.46350161445565 3.45
    endloop
  endfacet
  facet normal -0.9951847266721967 0.09801714032956231 0
    outer loop
      vertex 9.25 140 0
      vertex 9.197159521108883 139.46350161445565 3.45
      vertex 9.25 140 3.45
    endloop
  endfacet
  facet normal -0.9951847266721967 -0.09801714032956231 0
    outer loop
      vertex 9.197159521108883 140.53649838554435 0
      vertex 9.25 140 3.45
      vertex 9.197159521108883 140.53649838554435 3.45
    endloop
  endfacet
  facet normal -0.9569403357322102 -0.29028467725445806 0
    outer loop
      vertex 9.040668714406038 141.052379439004 0
      vertex 9.197159521108883 140.53649838554435 3.45
      vertex 9.040668714406038 141.052379439004 3.45
    endloop
  endfacet
  facet normal -0.29028467725449186 -0.9569403357321999 0
    outer loop
      vertex 7.036498385544353 142.6971595211089 0
      vertex 7.552379439003997 142.54066871440602 3.45
      vertex 7.036498385544353 142.6971595211089 3.45
    endloop
  endfacet
  facet normal -0.4713967368259982 -0.8819212643483548 0
    outer loop
      vertex 7.552379439003997 142.54066871440602 0
      vertex 8.027818140803905 142.28654143383199 3.45
      vertex 7.552379439003997 142.54066871440602 3.45
    endloop
  endfacet
  facet normal -0.7730104533627304 -0.6343932841636534 0
    outer loop
      vertex 8.444543648263005 141.944543648263 0
      vertex 8.786541433832 141.5278181408039 3.45
      vertex 8.444543648263005 141.944543648263 3.45
    endloop
  endfacet
  facet normal -0.6343932841636433 -0.7730104533627387 0
    outer loop
      vertex 8.027818140803905 142.28654143383199 0
      vertex 8.444543648263005 141.944543648263 3.45
      vertex 8.027818140803905 142.28654143383199 3.45
    endloop
  endfacet
  facet normal -0.8819212643483523 -0.47139673682600297 0
    outer loop
      vertex 8.786541433832 141.5278181408039 0
      vertex 9.040668714406038 141.052379439004 3.45
      vertex 8.786541433832 141.5278181408039 3.45
    endloop
  endfacet
  facet normal 0.7730104533627304 0.6343932841636534 0
    outer loop
      vertex 4.213458566168001 157.4721818591961 0
      vertex 4.213458566168001 157.4721818591961 3.45
      vertex 4.555456351736995 157.055456351737 0
    endloop
  endfacet
  facet normal 0.4713967368259975 0.881921264348355 0
    outer loop
      vertex 4.972181859196094 156.71345856616801 0
      vertex 4.972181859196094 156.71345856616801 3.45
      vertex 5.447620560996003 156.45933128559398 0
    endloop
  endfacet
  facet normal 0.6343932841636443 0.7730104533627381 0
    outer loop
      vertex 4.555456351736995 157.055456351737 0
      vertex 4.555456351736995 157.055456351737 3.45
      vertex 4.972181859196094 156.71345856616801 0
    endloop
  endfacet
  facet normal 0.29028467725449186 0.9569403357321999 0
    outer loop
      vertex 5.447620560996003 156.45933128559398 0
      vertex 5.447620560996003 156.45933128559398 3.45
      vertex 5.963501614455647 156.3028404788911 0
    endloop
  endfacet
  facet normal 0.09801714032955498 0.9951847266721975 0
    outer loop
      vertex 5.963501614455647 156.3028404788911 0
      vertex 5.963501614455647 156.3028404788911 3.45
      vertex 6.5 156.25 0
    endloop
  endfacet
  facet normal -0.09801714032955498 0.9951847266721975 0
    outer loop
      vertex 6.5 156.25 0
      vertex 6.5 156.25 3.45
      vertex 7.036498385544353 156.3028404788911 0
    endloop
  endfacet
  facet normal -0.29028467725449186 0.9569403357321999 0
    outer loop
      vertex 7.036498385544353 156.3028404788911 0
      vertex 7.036498385544353 156.3028404788911 3.45
      vertex 7.552379439003997 156.45933128559398 0
    endloop
  endfacet
  facet normal -0.4713967368259982 0.8819212643483548 0
    outer loop
      vertex 7.552379439003997 156.45933128559398 0
      vertex 7.552379439003997 156.45933128559398 3.45
      vertex 8.027818140803905 156.71345856616801 0
    endloop
  endfacet
  facet normal -0.6343932841636433 0.7730104533627387 0
    outer loop
      vertex 8.027818140803905 156.71345856616801 0
      vertex 8.027818140803905 156.71345856616801 3.45
      vertex 8.444543648263005 157.055456351737 0
    endloop
  endfacet
  facet normal -0.7730104533627304 0.6343932841636534 0
    outer loop
      vertex 8.444543648263005 157.055456351737 0
      vertex 8.444543648263005 157.055456351737 3.45
      vertex 8.786541433832 157.4721818591961 0
    endloop
  endfacet
  facet normal 0.8819212643483523 0.47139673682600297 2.029425084058263e-18
    outer loop
      vertex 4.213458566168001 157.4721818591961 0
      vertex 3.9593312855939615 157.947620560996 0
      vertex 3.9593312855939615 157.947620560996 3.45
    endloop
  endfacet
  facet normal 0.9569403357322099 0.29028467725445883 -2.9934646871613265e-18
    outer loop
      vertex 3.9593312855939615 157.947620560996 0
      vertex 3.8028404788911163 158.46350161445565 0
      vertex 3.8028404788911163 158.46350161445565 3.45
    endloop
  endfacet
  facet normal 0.9951847266721968 0.09801714032956149 0
    outer loop
      vertex 3.75 159 0
      vertex 3.75 159 3.45
      vertex 3.8028404788911163 158.46350161445565 0
    endloop
  endfacet
  facet normal 0.9951847266721968 -0.09801714032956149 -2.588774138090289e-19
    outer loop
      vertex 3.75 159 0
      vertex 3.8028404788911163 159.53649838554435 0
      vertex 3.8028404788911163 159.53649838554435 3.45
    endloop
  endfacet
  facet normal 0.9569403357322099 -0.29028467725445883 2.9934646871613265e-18
    outer loop
      vertex 3.8028404788911163 159.53649838554435 0
      vertex 3.9593312855939615 160.052379439004 0
      vertex 3.9593312855939615 160.052379439004 3.45
    endloop
  endfacet
  facet normal 0.8819212643483523 -0.47139673682600297 -2.029425084058263e-18
    outer loop
      vertex 3.9593312855939615 160.052379439004 0
      vertex 4.213458566168001 160.5278181408039 0
      vertex 4.213458566168001 160.5278181408039 3.45
    endloop
  endfacet
  facet normal 0.7730104533627304 -0.6343932841636534 -6.682338139632725e-18
    outer loop
      vertex 4.213458566168001 160.5278181408039 0
      vertex 4.555456351736995 160.944543648263 0
      vertex 4.555456351736995 160.944543648263 3.45
    endloop
  endfacet
  facet normal 0.6343932841636443 -0.7730104533627381 5.628380368021384e-18
    outer loop
      vertex 4.555456351736995 160.944543648263 0
      vertex 4.972181859196094 161.28654143383199 0
      vertex 4.972181859196094 161.28654143383199 3.45
    endloop
  endfacet
  facet normal 0.4713967368259975 -0.881921264348355 -1.1850046327484117e-18
    outer loop
      vertex 4.972181859196094 161.28654143383199 0
      vertex 5.447620560996003 161.54066871440602 0
      vertex 5.447620560996003 161.54066871440602 3.45
    endloop
  endfacet
  facet normal 0.29028467725449186 -0.9569403357321999 7.270675717542575e-19
    outer loop
      vertex 5.447620560996003 161.54066871440602 0
      vertex 5.963501614455647 161.6971595211089 0
      vertex 5.963501614455647 161.6971595211089 3.45
    endloop
  endfacet
  facet normal 0.09801714032955498 -0.9951847266721975 -3.833763616366877e-19
    outer loop
      vertex 5.963501614455647 161.6971595211089 0
      vertex 6.5 161.75 0
      vertex 6.5 161.75 3.45
    endloop
  endfacet
  facet normal -0.09801714032955498 -0.9951847266721975 3.833763616366877e-19
    outer loop
      vertex 6.5 161.75 0
      vertex 7.036498385544353 161.6971595211089 0
      vertex 7.036498385544353 161.6971595211089 3.45
    endloop
  endfacet
  facet normal -0.8819212643483523 0.47139673682600297 0
    outer loop
      vertex 8.786541433832 157.4721818591961 0
      vertex 8.786541433832 157.4721818591961 3.45
      vertex 9.040668714406038 157.947620560996 0
    endloop
  endfacet
  facet normal -0.9569403357322102 0.29028467725445806 0
    outer loop
      vertex 9.040668714406038 157.947620560996 0
      vertex 9.040668714406038 157.947620560996 3.45
      vertex 9.197159521108883 158.46350161445565 0
    endloop
  endfacet
  facet normal -0.9951847266721967 0.09801714032956231 0
    outer loop
      vertex 9.197159521108883 158.46350161445565 0
      vertex 9.197159521108883 158.46350161445565 3.45
      vertex 9.25 159 0
    endloop
  endfacet
  facet normal -0.9951847266721967 -0.09801714032956231 8.711203962743065e-19
    outer loop
      vertex 9.197159521108883 159.53649838554435 0
      vertex 9.25 159 0
      vertex 9.25 159 3.45
    endloop
  endfacet
  facet normal -0.9569403357322102 -0.29028467725445806 0
    outer loop
      vertex 9.197159521108883 159.53649838554435 0
      vertex 9.197159521108883 159.53649838554435 3.45
      vertex 9.040668714406038 160.052379439004 0
    endloop
  endfacet
  facet normal -0.8819212643483523 -0.47139673682600297 2.029425084058263e-18
    outer loop
      vertex 8.786541433832 160.5278181408039 0
      vertex 9.040668714406038 160.052379439004 0
      vertex 9.040668714406038 160.052379439004 3.45
    endloop
  endfacet
  facet normal -0.7730104533627304 -0.6343932841636534 0
    outer loop
      vertex 8.786541433832 160.5278181408039 0
      vertex 8.786541433832 160.5278181408039 3.45
      vertex 8.444543648263005 160.944543648263 0
    endloop
  endfacet
  facet normal -0.29028467725449186 -0.9569403357321999 -7.270675717542575e-19
    outer loop
      vertex 7.036498385544353 161.6971595211089 0
      vertex 7.552379439003997 161.54066871440602 0
      vertex 7.552379439003997 161.54066871440602 3.45
    endloop
  endfacet
  facet normal -0.4713967368259982 -0.8819212643483548 3.1559763750987465e-18
    outer loop
      vertex 7.552379439003997 161.54066871440602 0
      vertex 8.027818140803905 161.28654143383199 0
      vertex 8.027818140803905 161.28654143383199 3.45
    endloop
  endfacet
  facet normal -0.6343932841636433 -0.7730104533627387 -4.791615077147273e-18
    outer loop
      vertex 8.027818140803905 161.28654143383199 0
      vertex 8.444543648263005 160.944543648263 0
      vertex 8.444543648263005 160.944543648263 3.45
    endloop
  endfacet
  facet normal 0.7730104533627304 0.6343932841636534 0
    outer loop
      vertex 4.555456351736995 157.055456351737 0
      vertex 4.213458566168001 157.4721818591961 3.45
      vertex 4.555456351736995 157.055456351737 3.45
    endloop
  endfacet
  facet normal 0.6343932841636443 0.7730104533627381 0
    outer loop
      vertex 4.972181859196094 156.71345856616801 0
      vertex 4.555456351736995 157.055456351737 3.45
      vertex 4.972181859196094 156.71345856616801 3.45
    endloop
  endfacet
  facet normal 0.4713967368259975 0.881921264348355 0
    outer loop
      vertex 5.447620560996003 156.45933128559398 0
      vertex 4.972181859196094 156.71345856616801 3.45
      vertex 5.447620560996003 156.45933128559398 3.45
    endloop
  endfacet
  facet normal 0.29028467725449186 0.9569403357321999 0
    outer loop
      vertex 5.963501614455647 156.3028404788911 0
      vertex 5.447620560996003 156.45933128559398 3.45
      vertex 5.963501614455647 156.3028404788911 3.45
    endloop
  endfacet
  facet normal 0.09801714032955498 0.9951847266721975 0
    outer loop
      vertex 6.5 156.25 0
      vertex 5.963501614455647 156.3028404788911 3.45
      vertex 6.5 156.25 3.45
    endloop
  endfacet
  facet normal -0.09801714032955498 0.9951847266721975 0
    outer loop
      vertex 7.036498385544353 156.3028404788911 0
      vertex 6.5 156.25 3.45
      vertex 7.036498385544353 156.3028404788911 3.45
    endloop
  endfacet
  facet normal -0.29028467725449186 0.9569403357321999 0
    outer loop
      vertex 7.552379439003997 156.45933128559398 0
      vertex 7.036498385544353 156.3028404788911 3.45
      vertex 7.552379439003997 156.45933128559398 3.45
    endloop
  endfacet
  facet normal -0.4713967368259982 0.8819212643483548 0
    outer loop
      vertex 8.027818140803905 156.71345856616801 0
      vertex 7.552379439003997 156.45933128559398 3.45
      vertex 8.027818140803905 156.71345856616801 3.45
    endloop
  endfacet
  facet normal -0.6343932841636433 0.7730104533627387 0
    outer loop
      vertex 8.444543648263005 157.055456351737 0
      vertex 8.027818140803905 156.71345856616801 3.45
      vertex 8.444543648263005 157.055456351737 3.45
    endloop
  endfacet
  facet normal -0.7730104533627304 0.6343932841636534 0
    outer loop
      vertex 8.786541433832 157.4721818591961 0
      vertex 8.444543648263005 157.055456351737 3.45
      vertex 8.786541433832 157.4721818591961 3.45
    endloop
  endfacet
  facet normal 0.9569403357322099 0.29028467725445883 0
    outer loop
      vertex 3.9593312855939615 157.947620560996 0
      vertex 3.8028404788911163 158.46350161445565 3.45
      vertex 3.9593312855939615 157.947620560996 3.45
    endloop
  endfacet
  facet normal 0.9951847266721968 0.09801714032956149 0
    outer loop
      vertex 3.8028404788911163 158.46350161445565 0
      vertex 3.75 159 3.45
      vertex 3.8028404788911163 158.46350161445565 3.45
    endloop
  endfacet
  facet normal 0.8819212643483523 0.47139673682600297 0
    outer loop
      vertex 4.213458566168001 157.4721818591961 0
      vertex 3.9593312855939615 157.947620560996 3.45
      vertex 4.213458566168001 157.4721818591961 3.45
    endloop
  endfacet
  facet normal 0.9951847266721968 -0.09801714032956149 0
    outer loop
      vertex 3.75 159 0
      vertex 3.8028404788911163 159.53649838554435 3.45
      vertex 3.75 159 3.45
    endloop
  endfacet
  facet normal 0.9569403357322099 -0.29028467725445883 0
    outer loop
      vertex 3.8028404788911163 159.53649838554435 0
      vertex 3.9593312855939615 160.052379439004 3.45
      vertex 3.8028404788911163 159.53649838554435 3.45
    endloop
  endfacet
  facet normal 0.8819212643483523 -0.47139673682600297 0
    outer loop
      vertex 3.9593312855939615 160.052379439004 0
      vertex 4.213458566168001 160.5278181408039 3.45
      vertex 3.9593312855939615 160.052379439004 3.45
    endloop
  endfacet
  facet normal 0.7730104533627304 -0.6343932841636534 0
    outer loop
      vertex 4.213458566168001 160.5278181408039 0
      vertex 4.555456351736995 160.944543648263 3.45
      vertex 4.213458566168001 160.5278181408039 3.45
    endloop
  endfacet
  facet normal 0.6343932841636443 -0.7730104533627381 0
    outer loop
      vertex 4.555456351736995 160.944543648263 0
      vertex 4.972181859196094 161.28654143383199 3.45
      vertex 4.555456351736995 160.944543648263 3.45
    endloop
  endfacet
  facet normal 0.4713967368259975 -0.881921264348355 0
    outer loop
      vertex 4.972181859196094 161.28654143383199 0
      vertex 5.447620560996003 161.54066871440602 3.45
      vertex 4.972181859196094 161.28654143383199 3.45
    endloop
  endfacet
  facet normal 0.29028467725449186 -0.9569403357321999 0
    outer loop
      vertex 5.447620560996003 161.54066871440602 0
      vertex 5.963501614455647 161.6971595211089 3.45
      vertex 5.447620560996003 161.54066871440602 3.45
    endloop
  endfacet
  facet normal 0.09801714032955498 -0.9951847266721975 0
    outer loop
      vertex 5.963501614455647 161.6971595211089 0
      vertex 6.5 161.75 3.45
      vertex 5.963501614455647 161.6971595211089 3.45
    endloop
  endfacet
  facet normal -0.09801714032955498 -0.9951847266721975 0
    outer loop
      vertex 6.5 161.75 0
      vertex 7.036498385544353 161.6971595211089 3.45
      vertex 6.5 161.75 3.45
    endloop
  endfacet
  facet normal -0.8819212643483523 0.47139673682600297 0
    outer loop
      vertex 9.040668714406038 157.947620560996 0
      vertex 8.786541433832 157.4721818591961 3.45
      vertex 9.040668714406038 157.947620560996 3.45
    endloop
  endfacet
  facet normal -0.9569403357322102 0.29028467725445806 0
    outer loop
      vertex 9.197159521108883 158.46350161445565 0
      vertex 9.040668714406038 157.947620560996 3.45
      vertex 9.197159521108883 158.46350161445565 3.45
    endloop
  endfacet
  facet normal -0.9951847266721967 0.09801714032956231 0
    outer loop
      vertex 9.25 159 0
      vertex 9.197159521108883 158.46350161445565 3.45
      vertex 9.25 159 3.45
    endloop
  endfacet
  facet normal -0.9951847266721967 -0.09801714032956231 0
    outer loop
      vertex 9.197159521108883 159.53649838554435 0
      vertex 9.25 159 3.45
      vertex 9.197159521108883 159.53649838554435 3.45
    endloop
  endfacet
  facet normal -0.9569403357322102 -0.29028467725445806 0
    outer loop
      vertex 9.040668714406038 160.052379439004 0
      vertex 9.197159521108883 159.53649838554435 3.45
      vertex 9.040668714406038 160.052379439004 3.45
    endloop
  endfacet
  facet normal -0.8819212643483523 -0.47139673682600297 0
    outer loop
      vertex 8.786541433832 160.5278181408039 0
      vertex 9.040668714406038 160.052379439004 3.45
      vertex 8.786541433832 160.5278181408039 3.45
    endloop
  endfacet
  facet normal -0.29028467725449186 -0.9569403357321999 0
    outer loop
      vertex 7.036498385544353 161.6971595211089 0
      vertex 7.552379439003997 161.54066871440602 3.45
      vertex 7.036498385544353 161.6971595211089 3.45
    endloop
  endfacet
  facet normal -0.4713967368259982 -0.8819212643483548 0
    outer loop
      vertex 7.552379439003997 161.54066871440602 0
      vertex 8.027818140803905 161.28654143383199 3.45
      vertex 7.552379439003997 161.54066871440602 3.45
    endloop
  endfacet
  facet normal -0.6343932841636433 -0.7730104533627387 0
    outer loop
      vertex 8.027818140803905 161.28654143383199 0
      vertex 8.444543648263005 160.944543648263 3.45
      vertex 8.027818140803905 161.28654143383199 3.45
    endloop
  endfacet
  facet normal -0.7730104533627304 -0.6343932841636534 0
    outer loop
      vertex 8.444543648263005 160.944543648263 0
      vertex 8.786541433832 160.5278181408039 3.45
      vertex 8.444543648263005 160.944543648263 3.45
    endloop
  endfacet
  facet normal 0.8819212643483523 0.47139673682600297 0
    outer loop
      vertex 3.9593312855939615 176.947620560996 0
      vertex 3.9593312855939615 176.947620560996 3.45
      vertex 4.213458566168001 176.4721818591961 0
    endloop
  endfacet
  facet normal 0.7730104533627304 0.6343932841636534 6.682338139632725e-18
    outer loop
      vertex 4.555456351736995 176.055456351737 0
      vertex 4.213458566168001 176.4721818591961 0
      vertex 4.213458566168001 176.4721818591961 3.45
    endloop
  endfacet
  facet normal 0.9569403357322099 0.29028467725445883 -2.9934646871613265e-18
    outer loop
      vertex 3.9593312855939615 176.947620560996 0
      vertex 3.8028404788911163 177.46350161445565 0
      vertex 3.8028404788911163 177.46350161445565 3.45
    endloop
  endfacet
  facet normal 0.9951847266721968 0.09801714032956149 0
    outer loop
      vertex 3.75 178 0
      vertex 3.75 178 3.45
      vertex 3.8028404788911163 177.46350161445565 0
    endloop
  endfacet
  facet normal 0.9951847266721968 -0.09801714032956149 -2.588774138090289e-19
    outer loop
      vertex 3.75 178 0
      vertex 3.8028404788911163 178.53649838554435 0
      vertex 3.8028404788911163 178.53649838554435 3.45
    endloop
  endfacet
  facet normal 0.9569403357322099 -0.29028467725445883 2.9934646871613265e-18
    outer loop
      vertex 3.8028404788911163 178.53649838554435 0
      vertex 3.9593312855939615 179.052379439004 0
      vertex 3.9593312855939615 179.052379439004 3.45
    endloop
  endfacet
  facet normal 0.8819212643483523 -0.47139673682600297 -2.029425084058263e-18
    outer loop
      vertex 3.9593312855939615 179.052379439004 0
      vertex 4.213458566168001 179.5278181408039 0
      vertex 4.213458566168001 179.5278181408039 3.45
    endloop
  endfacet
  facet normal 0.7730104533627304 -0.6343932841636534 -6.682338139632725e-18
    outer loop
      vertex 4.213458566168001 179.5278181408039 0
      vertex 4.555456351736995 179.944543648263 0
      vertex 4.555456351736995 179.944543648263 3.45
    endloop
  endfacet
  facet normal 0.29028467725449186 0.9569403357321999 0
    outer loop
      vertex 5.447620560996003 175.45933128559398 0
      vertex 5.447620560996003 175.45933128559398 3.45
      vertex 5.963501614455647 175.3028404788911 0
    endloop
  endfacet
  facet normal 0.6343932841636443 0.7730104533627381 0
    outer loop
      vertex 4.555456351736995 176.055456351737 0
      vertex 4.555456351736995 176.055456351737 3.45
      vertex 4.972181859196094 175.71345856616801 0
    endloop
  endfacet
  facet normal 0.4713967368259975 0.881921264348355 1.1850046327484117e-18
    outer loop
      vertex 5.447620560996003 175.45933128559398 0
      vertex 4.972181859196094 175.71345856616801 0
      vertex 4.972181859196094 175.71345856616801 3.45
    endloop
  endfacet
  facet normal 0.09801714032955498 0.9951847266721975 0
    outer loop
      vertex 5.963501614455647 175.3028404788911 0
      vertex 5.963501614455647 175.3028404788911 3.45
      vertex 6.5 175.25 0
    endloop
  endfacet
  facet normal -0.09801714032955498 0.9951847266721975 0
    outer loop
      vertex 6.5 175.25 0
      vertex 6.5 175.25 3.45
      vertex 7.036498385544353 175.3028404788911 0
    endloop
  endfacet
  facet normal -0.29028467725449186 0.9569403357321999 0
    outer loop
      vertex 7.036498385544353 175.3028404788911 0
      vertex 7.036498385544353 175.3028404788911 3.45
      vertex 7.552379439003997 175.45933128559398 0
    endloop
  endfacet
  facet normal -0.4713967368259982 0.8819212643483548 0
    outer loop
      vertex 7.552379439003997 175.45933128559398 0
      vertex 7.552379439003997 175.45933128559398 3.45
      vertex 8.027818140803905 175.71345856616801 0
    endloop
  endfacet
  facet normal -0.6343932841636433 0.7730104533627387 0
    outer loop
      vertex 8.027818140803905 175.71345856616801 0
      vertex 8.027818140803905 175.71345856616801 3.45
      vertex 8.444543648263005 176.055456351737 0
    endloop
  endfacet
  facet normal -0.7730104533627304 0.6343932841636534 0
    outer loop
      vertex 8.444543648263005 176.055456351737 0
      vertex 8.444543648263005 176.055456351737 3.45
      vertex 8.786541433832 176.4721818591961 0
    endloop
  endfacet
  facet normal -0.8819212643483523 0.47139673682600297 0
    outer loop
      vertex 8.786541433832 176.4721818591961 0
      vertex 8.786541433832 176.4721818591961 3.45
      vertex 9.040668714406038 176.947620560996 0
    endloop
  endfacet
  facet normal -0.9569403357322102 0.29028467725445806 0
    outer loop
      vertex 9.040668714406038 176.947620560996 0
      vertex 9.040668714406038 176.947620560996 3.45
      vertex 9.197159521108883 177.46350161445565 0
    endloop
  endfacet
  facet normal 0.6343932841636443 -0.7730104533627381 5.628380368021384e-18
    outer loop
      vertex 4.555456351736995 179.944543648263 0
      vertex 4.972181859196094 180.28654143383199 0
      vertex 4.972181859196094 180.28654143383199 3.45
    endloop
  endfacet
  facet normal 0.4713967368259975 -0.881921264348355 -1.1850046327484117e-18
    outer loop
      vertex 4.972181859196094 180.28654143383199 0
      vertex 5.447620560996003 180.54066871440602 0
      vertex 5.447620560996003 180.54066871440602 3.45
    endloop
  endfacet
  facet normal 0.29028467725449186 -0.9569403357321999 7.270675717542575e-19
    outer loop
      vertex 5.447620560996003 180.54066871440602 0
      vertex 5.963501614455647 180.6971595211089 0
      vertex 5.963501614455647 180.6971595211089 3.45
    endloop
  endfacet
  facet normal 0.09801714032955498 -0.9951847266721975 -3.833763616366877e-19
    outer loop
      vertex 5.963501614455647 180.6971595211089 0
      vertex 6.5 180.75 0
      vertex 6.5 180.75 3.45
    endloop
  endfacet
  facet normal -0.09801714032955498 -0.9951847266721975 3.833763616366877e-19
    outer loop
      vertex 6.5 180.75 0
      vertex 7.036498385544353 180.6971595211089 0
      vertex 7.036498385544353 180.6971595211089 3.45
    endloop
  endfacet
  facet normal -0.4713967368259982 -0.8819212643483548 0
    outer loop
      vertex 8.027818140803905 180.28654143383199 0
      vertex 8.027818140803905 180.28654143383199 3.45
      vertex 7.552379439003997 180.54066871440602 0
    endloop
  endfacet
  facet normal -0.9951847266721967 0.09801714032956231 0
    outer loop
      vertex 9.197159521108883 177.46350161445565 0
      vertex 9.197159521108883 177.46350161445565 3.45
      vertex 9.25 178 0
    endloop
  endfacet
  facet normal -0.9951847266721967 -0.09801714032956231 8.711203962743065e-19
    outer loop
      vertex 9.197159521108883 178.53649838554435 0
      vertex 9.25 178 0
      vertex 9.25 178 3.45
    endloop
  endfacet
  facet normal -0.9569403357322102 -0.29028467725445806 0
    outer loop
      vertex 9.197159521108883 178.53649838554435 0
      vertex 9.197159521108883 178.53649838554435 3.45
      vertex 9.040668714406038 179.052379439004 0
    endloop
  endfacet
  facet normal -0.6343932841636433 -0.7730104533627387 -4.791615077147273e-18
    outer loop
      vertex 8.027818140803905 180.28654143383199 0
      vertex 8.444543648263005 179.944543648263 0
      vertex 8.444543648263005 179.944543648263 3.45
    endloop
  endfacet
  facet normal -0.8819212643483523 -0.47139673682600297 2.029425084058263e-18
    outer loop
      vertex 8.786541433832 179.5278181408039 0
      vertex 9.040668714406038 179.052379439004 0
      vertex 9.040668714406038 179.052379439004 3.45
    endloop
  endfacet
  facet normal -0.7730104533627304 -0.6343932841636534 6.682338139632725e-18
    outer loop
      vertex 8.444543648263005 179.944543648263 0
      vertex 8.786541433832 179.5278181408039 0
      vertex 8.786541433832 179.5278181408039 3.45
    endloop
  endfacet
  facet normal -0.29028467725449186 -0.9569403357321999 -7.270675717542575e-19
    outer loop
      vertex 7.036498385544353 180.6971595211089 0
      vertex 7.552379439003997 180.54066871440602 0
      vertex 7.552379439003997 180.54066871440602 3.45
    endloop
  endfacet
  facet normal 0.9569403357322099 0.29028467725445883 0
    outer loop
      vertex 3.9593312855939615 176.947620560996 0
      vertex 3.8028404788911163 177.46350161445565 3.45
      vertex 3.9593312855939615 176.947620560996 3.45
    endloop
  endfacet
  facet normal 0.7730104533627304 0.6343932841636534 0
    outer loop
      vertex 4.555456351736995 176.055456351737 0
      vertex 4.213458566168001 176.4721818591961 3.45
      vertex 4.555456351736995 176.055456351737 3.45
    endloop
  endfacet
  facet normal 0.8819212643483523 0.47139673682600297 0
    outer loop
      vertex 4.213458566168001 176.4721818591961 0
      vertex 3.9593312855939615 176.947620560996 3.45
      vertex 4.213458566168001 176.4721818591961 3.45
    endloop
  endfacet
  facet normal 0.9951847266721968 0.09801714032956149 0
    outer loop
      vertex 3.8028404788911163 177.46350161445565 0
      vertex 3.75 178 3.45
      vertex 3.8028404788911163 177.46350161445565 3.45
    endloop
  endfacet
  facet normal 0.9951847266721968 -0.09801714032956149 0
    outer loop
      vertex 3.75 178 0
      vertex 3.8028404788911163 178.53649838554435 3.45
      vertex 3.75 178 3.45
    endloop
  endfacet
  facet normal 0.9569403357322099 -0.29028467725445883 0
    outer loop
      vertex 3.8028404788911163 178.53649838554435 0
      vertex 3.9593312855939615 179.052379439004 3.45
      vertex 3.8028404788911163 178.53649838554435 3.45
    endloop
  endfacet
  facet normal 0.8819212643483523 -0.47139673682600297 0
    outer loop
      vertex 3.9593312855939615 179.052379439004 0
      vertex 4.213458566168001 179.5278181408039 3.45
      vertex 3.9593312855939615 179.052379439004 3.45
    endloop
  endfacet
  facet normal 0.7730104533627304 -0.6343932841636534 0
    outer loop
      vertex 4.213458566168001 179.5278181408039 0
      vertex 4.555456351736995 179.944543648263 3.45
      vertex 4.213458566168001 179.5278181408039 3.45
    endloop
  endfacet
  facet normal 0.4713967368259975 0.881921264348355 0
    outer loop
      vertex 5.447620560996003 175.45933128559398 0
      vertex 4.972181859196094 175.71345856616801 3.45
      vertex 5.447620560996003 175.45933128559398 3.45
    endloop
  endfacet
  facet normal 0.6343932841636443 0.7730104533627381 0
    outer loop
      vertex 4.972181859196094 175.71345856616801 0
      vertex 4.555456351736995 176.055456351737 3.45
      vertex 4.972181859196094 175.71345856616801 3.45
    endloop
  endfacet
  facet normal 0.29028467725449186 0.9569403357321999 0
    outer loop
      vertex 5.963501614455647 175.3028404788911 0
      vertex 5.447620560996003 175.45933128559398 3.45
      vertex 5.963501614455647 175.3028404788911 3.45
    endloop
  endfacet
  facet normal 0.09801714032955498 0.9951847266721975 0
    outer loop
      vertex 6.5 175.25 0
      vertex 5.963501614455647 175.3028404788911 3.45
      vertex 6.5 175.25 3.45
    endloop
  endfacet
  facet normal -0.09801714032955498 0.9951847266721975 0
    outer loop
      vertex 7.036498385544353 175.3028404788911 0
      vertex 6.5 175.25 3.45
      vertex 7.036498385544353 175.3028404788911 3.45
    endloop
  endfacet
  facet normal -0.29028467725449186 0.9569403357321999 0
    outer loop
      vertex 7.552379439003997 175.45933128559398 0
      vertex 7.036498385544353 175.3028404788911 3.45
      vertex 7.552379439003997 175.45933128559398 3.45
    endloop
  endfacet
  facet normal -0.4713967368259982 0.8819212643483548 0
    outer loop
      vertex 8.027818140803905 175.71345856616801 0
      vertex 7.552379439003997 175.45933128559398 3.45
      vertex 8.027818140803905 175.71345856616801 3.45
    endloop
  endfacet
  facet normal -0.6343932841636433 0.7730104533627387 0
    outer loop
      vertex 8.444543648263005 176.055456351737 0
      vertex 8.027818140803905 175.71345856616801 3.45
      vertex 8.444543648263005 176.055456351737 3.45
    endloop
  endfacet
  facet normal -0.7730104533627304 0.6343932841636534 0
    outer loop
      vertex 8.786541433832 176.4721818591961 0
      vertex 8.444543648263005 176.055456351737 3.45
      vertex 8.786541433832 176.4721818591961 3.45
    endloop
  endfacet
  facet normal -0.8819212643483523 0.47139673682600297 0
    outer loop
      vertex 9.040668714406038 176.947620560996 0
      vertex 8.786541433832 176.4721818591961 3.45
      vertex 9.040668714406038 176.947620560996 3.45
    endloop
  endfacet
  facet normal 0.6343932841636443 -0.7730104533627381 0
    outer loop
      vertex 4.555456351736995 179.944543648263 0
      vertex 4.972181859196094 180.28654143383199 3.45
      vertex 4.555456351736995 179.944543648263 3.45
    endloop
  endfacet
  facet normal 0.4713967368259975 -0.881921264348355 0
    outer loop
      vertex 4.972181859196094 180.28654143383199 0
      vertex 5.447620560996003 180.54066871440602 3.45
      vertex 4.972181859196094 180.28654143383199 3.45
    endloop
  endfacet
  facet normal 0.29028467725449186 -0.9569403357321999 0
    outer loop
      vertex 5.447620560996003 180.54066871440602 0
      vertex 5.963501614455647 180.6971595211089 3.45
      vertex 5.447620560996003 180.54066871440602 3.45
    endloop
  endfacet
  facet normal 0.09801714032955498 -0.9951847266721975 0
    outer loop
      vertex 5.963501614455647 180.6971595211089 0
      vertex 6.5 180.75 3.45
      vertex 5.963501614455647 180.6971595211089 3.45
    endloop
  endfacet
  facet normal -0.09801714032955498 -0.9951847266721975 0
    outer loop
      vertex 6.5 180.75 0
      vertex 7.036498385544353 180.6971595211089 3.45
      vertex 6.5 180.75 3.45
    endloop
  endfacet
  facet normal -0.4713967368259982 -0.8819212643483548 0
    outer loop
      vertex 7.552379439003997 180.54066871440602 0
      vertex 8.027818140803905 180.28654143383199 3.45
      vertex 7.552379439003997 180.54066871440602 3.45
    endloop
  endfacet
  facet normal -0.9569403357322102 0.29028467725445806 0
    outer loop
      vertex 9.197159521108883 177.46350161445565 0
      vertex 9.040668714406038 176.947620560996 3.45
      vertex 9.197159521108883 177.46350161445565 3.45
    endloop
  endfacet
  facet normal -0.9951847266721967 0.09801714032956231 0
    outer loop
      vertex 9.25 178 0
      vertex 9.197159521108883 177.46350161445565 3.45
      vertex 9.25 178 3.45
    endloop
  endfacet
  facet normal -0.9951847266721967 -0.09801714032956231 0
    outer loop
      vertex 9.197159521108883 178.53649838554435 0
      vertex 9.25 178 3.45
      vertex 9.197159521108883 178.53649838554435 3.45
    endloop
  endfacet
  facet normal -0.6343932841636433 -0.7730104533627387 0
    outer loop
      vertex 8.027818140803905 180.28654143383199 0
      vertex 8.444543648263005 179.944543648263 3.45
      vertex 8.027818140803905 180.28654143383199 3.45
    endloop
  endfacet
  facet normal -0.7730104533627304 -0.6343932841636534 0
    outer loop
      vertex 8.444543648263005 179.944543648263 0
      vertex 8.786541433832 179.5278181408039 3.45
      vertex 8.444543648263005 179.944543648263 3.45
    endloop
  endfacet
  facet normal -0.8819212643483523 -0.47139673682600297 0
    outer loop
      vertex 8.786541433832 179.5278181408039 0
      vertex 9.040668714406038 179.052379439004 3.45
      vertex 8.786541433832 179.5278181408039 3.45
    endloop
  endfacet
  facet normal -0.9569403357322102 -0.29028467725445806 0
    outer loop
      vertex 9.040668714406038 179.052379439004 0
      vertex 9.197159521108883 178.53649838554435 3.45
      vertex 9.040668714406038 179.052379439004 3.45
    endloop
  endfacet
  facet normal -0.29028467725449186 -0.9569403357321999 0
    outer loop
      vertex 7.036498385544353 180.6971595211089 0
      vertex 7.552379439003997 180.54066871440602 3.45
      vertex 7.036498385544353 180.6971595211089 3.45
    endloop
  endfacet
  facet normal 0 -1 0
    outer loop
      vertex 12.25 5.6000000000000085 0.6
      vertex 33.06 5.6000000000000085 0.6
      vertex 33.05 5.6000000000000085 1.29
    endloop
  endfacet
  facet normal 0 1 1.2872151010146743e-14
    outer loop
      vertex 33.06 6.400000000000008 0.6
      vertex 12.25 6.400000000000008 0.6
      vertex 33.06 6.3999999999999995 1.29
    endloop
  endfacet
  facet normal 1 0 0
    outer loop
      vertex 33.06 5.6000000000000085 0.6
      vertex 33.06 6.400000000000008 0.6
      vertex 33.06 5.6000000000000085 1.29
    endloop
  endfacet
  facet normal 0 -1 0
    outer loop
      vertex 12.25 5.6000000000000085 0.6
      vertex 33.05 5.6000000000000085 1.29
      vertex 12.25 5.6000000000000085 1.29
    endloop
  endfacet
  facet normal 4.268036615570039e-16 1 0
    outer loop
      vertex 12.25 6.400000000000008 1.2899999999999998
      vertex 33.06 6.3999999999999995 1.29
      vertex 12.25 6.400000000000008 0.6
    endloop
  endfacet
  facet normal 0 -1 0
    outer loop
      vertex 33.06 5.6000000000000085 0.6
      vertex 33.06 5.6000000000000085 1.29
      vertex 33.05 5.6000000000000085 1.29
    endloop
  endfacet
  facet normal 1 0 0
    outer loop
      vertex 33.06 6.400000000000008 0.6
      vertex 33.06 6.3999999999999995 1.29
      vertex 33.06 5.6000000000000085 1.29
    endloop
  endfacet
  facet normal 1.067009153892517e-17 1.708035422500241e-16 -1
    outer loop
      vertex 12.25 6.400000000000008 1.2899999999999998
      vertex 12.25 7.700000000000008 1.29
      vertex 33.06 6.3999999999999995 1.29
    endloop
  endfacet
  facet normal 0 0 -1
    outer loop
      vertex 12.25 7.700000000000008 1.29
      vertex 33.06 7.696111111111117 1.29
      vertex 33.06 6.3999999999999995 1.29
    endloop
  endfacet
  facet normal -1.0670091538925097e-17 -5.709718412354447e-14 -1
    outer loop
      vertex 12.25 7.700000000000008 1.29
      vertex 33.06 7.700000000000008 1.2899999999999998
      vertex 33.06 7.696111111111117 1.29
    endloop
  endfacet
  facet normal 0 1 0
    outer loop
      vertex 12.25 7.700000000000008 1.29
      vertex 12.25 7.700000000000008 1.2939234449760766
      vertex 32.79512195121949 7.700000000000008 2.0999999999999996
    endloop
  endfacet
  facet normal 0 1 0
    outer loop
      vertex 12.25 7.700000000000008 1.29
      vertex 32.79512195121949 7.700000000000008 2.0999999999999996
      vertex 33.06 7.700000000000008 1.2899999999999998
    endloop
  endfacet
  facet normal 1 0 0
    outer loop
      vertex 33.06 7.696111111111117 1.29
      vertex 33.06 7.700000000000008 1.2899999999999998
      vertex 33.06 7.700000000000008 2.0999999999999996
    endloop
  endfacet
  facet normal 0 1 0
    outer loop
      vertex 33.06 7.700000000000008 1.2899999999999998
      vertex 32.79512195121949 7.700000000000008 2.0999999999999996
      vertex 33.05 7.700000000000008 2.0999999999999996
    endloop
  endfacet
  facet normal 1 0 0
    outer loop
      vertex 33.06 7.696111111111117 1.29
      vertex 33.06 7.700000000000008 2.0999999999999996
      vertex 33.06 7.696111111111117 2.0999999999999996
    endloop
  endfacet
  facet normal 0 1 0
    outer loop
      vertex 33.06 7.700000000000008 1.2899999999999998
      vertex 33.05 7.700000000000008 2.0999999999999996
      vertex 33.06 7.700000000000008 2.0999999999999996
    endloop
  endfacet
  facet normal 0 0 1
    outer loop
      vertex 33.06 7.696111111111117 2.0999999999999996
      vertex 33.06 7.700000000000008 2.0999999999999996
      vertex 33.05 7.700000000000008 2.0999999999999996
    endloop
  endfacet
  facet normal 0 0 -1
    outer loop
      vertex 33.06 5.6000000000000085 1.29
      vertex 33.06 6.3999999999999995 1.29
      vertex 37.55 5.950000000000008 1.29
    endloop
  endfacet
  facet normal 0 0 -1
    outer loop
      vertex 33.06 5.6000000000000085 1.29
      vertex 37.55 5.950000000000008 1.29
      vertex 37.55 5.6000000000000085 1.29
    endloop
  endfacet
  facet normal 0 0 -1
    outer loop
      vertex 33.06 6.3999999999999995 1.29
      vertex 33.06 7.696111111111117 1.29
      vertex 37.55 5.950000000000008 1.29
    endloop
  endfacet
  facet normal 0 -1 0
    outer loop
      vertex 12.25 5.6000000000000085 1.29
      vertex 33.05 5.6000000000000085 1.29
      vertex 37.55 5.6000000000000085 2.1100000000000003
    endloop
  endfacet
  facet normal 0 -1 0
    outer loop
      vertex 33.06 5.6000000000000085 1.29
      vertex 37.55 5.6000000000000085 2.1100000000000003
      vertex 33.05 5.6000000000000085 1.29
    endloop
  endfacet
  facet normal 0 -1 0
    outer loop
      vertex 33.06 5.6000000000000085 1.29
      vertex 37.55 5.6000000000000085 1.29
      vertex 37.55 5.6000000000000085 2.1100000000000003
    endloop
  endfacet
  facet normal 0.3624462611549484 0.932004671541296 0
    outer loop
      vertex 33.06 7.696111111111117 1.29
      vertex 33.06 7.696111111111117 2.0999999999999996
      vertex 37.55 5.950000000000008 1.29
    endloop
  endfacet
  facet normal 1 0 0
    outer loop
      vertex 37.55 5.6000000000000085 1.29
      vertex 37.55 5.950000000000008 1.29
      vertex 37.55 5.6000000000000085 2.1100000000000003
    endloop
  endfacet
  facet normal 0 -1 0
    outer loop
      vertex 12.25 5.6000000000000085 1.29
      vertex 37.55 5.6000000000000085 2.1100000000000003
      vertex 12.25 5.6000000000000085 2.1100000000000003
    endloop
  endfacet
  facet normal 0 1 0
    outer loop
      vertex 12.25 7.700000000000008 1.2939234449760766
      vertex 12.25 7.700000000000008 2.1100000000000003
      vertex 32.79512195121949 7.700000000000008 2.0999999999999996
    endloop
  endfacet
  facet normal 0 0 1
    outer loop
      vertex 12.25 5.6000000000000085 2.1100000000000003
      vertex 33.05 7.700000000000008 2.1100000000000003
      vertex 12.25 7.700000000000008 2.1100000000000003
    endloop
  endfacet
  facet normal 0 0 1
    outer loop
      vertex 12.25 5.6000000000000085 2.1100000000000003
      vertex 37.55 5.6000000000000085 2.1100000000000003
      vertex 33.05 7.700000000000008 2.1100000000000003
    endloop
  endfacet
  facet normal 0 1 0
    outer loop
      vertex 12.25 7.700000000000008 2.1100000000000003
      vertex 33.05 7.700000000000008 2.1100000000000003
      vertex 32.79512195121949 7.700000000000008 2.0999999999999996
    endloop
  endfacet
  facet normal 0.3624462611549484 0.9320046715412958 0
    outer loop
      vertex 37.55 5.950000000000008 1.29
      vertex 33.05 7.700000000000008 2.1100000000000003
      vertex 37.55 5.950000000000008 2.1100000000000003
    endloop
  endfacet
  facet normal 0.36244626115493944 0.9320046715412994 -4.4988393278407976e-14
    outer loop
      vertex 37.55 5.950000000000008 1.29
      vertex 33.06 7.696111111111117 2.0999999999999996
      vertex 33.05 7.700000000000008 2.1100000000000003
    endloop
  endfacet
  facet normal 0 0 1
    outer loop
      vertex 33.05 7.700000000000008 2.1100000000000003
      vertex 37.55 5.6000000000000085 2.1100000000000003
      vertex 37.55 5.950000000000008 2.1100000000000003
    endloop
  endfacet
  facet normal 0 1 0
    outer loop
      vertex 32.79512195121949 7.700000000000008 2.0999999999999996
      vertex 33.05 7.700000000000008 2.1100000000000003
      vertex 33.05 7.700000000000008 2.0999999999999996
    endloop
  endfacet
  facet normal 0.3624462611549804 0.9320046715412835 -1.8491811374298348e-17
    outer loop
      vertex 33.06 7.696111111111117 2.0999999999999996
      vertex 33.05 7.700000000000008 2.0999999999999996
      vertex 33.05 7.700000000000008 2.1100000000000003
    endloop
  endfacet
  facet normal 1 0 0
    outer loop
      vertex 37.55 5.950000000000008 1.29
      vertex 37.55 5.950000000000008 2.1100000000000003
      vertex 37.55 5.6000000000000085 2.1100000000000003
    endloop
  endfacet
  facet normal 0 1 0
    outer loop
      vertex 12.25 19.60000000000001 0.6
      vertex 33.06 19.60000000000001 1.29
      vertex 33.06 19.60000000000001 0.6
    endloop
  endfacet
  facet normal 1 0 0
    outer loop
      vertex 33.06 18.800000000000008 0.6
      vertex 33.06 19.60000000000001 0.6
      vertex 33.06 18.800000000000008 1.29
    endloop
  endfacet
  facet normal 0 1 0
    outer loop
      vertex 12.25 19.60000000000001 0.6
      vertex 12.25 19.60000000000001 1.2899999999999998
      vertex 33.06 19.60000000000001 1.29
    endloop
  endfacet
  facet normal 0 -1.70803542250024e-16 -1
    outer loop
      vertex 12.25 17.500000000000007 1.29
      vertex 12.25 18.800000000000008 1.2899999999999998
      vertex 33.05 17.500000000000007 1.29
    endloop
  endfacet
  facet normal 3.5668591715814025e-15 5.709718412354536e-14 -1
    outer loop
      vertex 12.25 18.800000000000008 1.2899999999999998
      vertex 33.06 17.5038888888889 1.29
      vertex 33.06 17.500000000000007 1.2899999999999998
    endloop
  endfacet
  facet normal -2.2204460492489584e-14 -3.554421714220831e-13 -1
    outer loop
      vertex 12.25 18.800000000000008 1.2899999999999998
      vertex 33.06 17.500000000000007 1.2899999999999998
      vertex 33.05 17.500000000000007 1.29
    endloop
  endfacet
  facet normal 1.0670091538925097e-17 0 -1
    outer loop
      vertex 12.25 18.800000000000008 1.2899999999999998
      vertex 33.06 18.800000000000008 1.29
      vertex 33.06 17.5038888888889 1.29
    endloop
  endfacet
  facet normal 0 -1 0
    outer loop
      vertex 33.06 17.500000000000007 1.2899999999999998
      vertex 33.06 17.500000000000007 2.0999999999999996
      vertex 33.05 17.500000000000007 1.29
    endloop
  endfacet
  facet normal 1 0 0
    outer loop
      vertex 33.06 17.500000000000007 1.2899999999999998
      vertex 33.06 17.5038888888889 1.29
      vertex 33.06 17.5038888888889 2.0999999999999996
    endloop
  endfacet
  facet normal 0 -1 0
    outer loop
      vertex 33.05 17.500000000000007 1.29
      vertex 33.06 17.500000000000007 2.0999999999999996
      vertex 33.05 17.500000000000007 2.0999999999999996
    endloop
  endfacet
  facet normal 1 0 0
    outer loop
      vertex 33.06 17.500000000000007 1.2899999999999998
      vertex 33.06 17.5038888888889 2.0999999999999996
      vertex 33.06 17.500000000000007 2.0999999999999996
    endloop
  endfacet
  facet normal 0 0 1
    outer loop
      vertex 33.06 17.500000000000007 2.0999999999999996
      vertex 33.06 17.5038888888889 2.0999999999999996
      vertex 33.05 17.500000000000007 2.0999999999999996
    endloop
  endfacet
  facet normal 0 0 -1
    outer loop
      vertex 33.06 17.5038888888889 1.29
      vertex 33.06 18.800000000000008 1.29
      vertex 35.83635038430956 18.800000000000008 1.29
    endloop
  endfacet
  facet normal 0 0 -1
    outer loop
      vertex 33.06 18.800000000000008 1.29
      vertex 33.06 19.60000000000001 1.29
      vertex 35.93359999999999 19.31200000000001 1.29
    endloop
  endfacet
  facet normal 0 0 -1
    outer loop
      vertex 33.06 17.5038888888889 1.29
      vertex 35.83635038430956 18.800000000000008 1.29
      vertex 36.39285714285714 18.800000000000008 1.29
    endloop
  endfacet
  facet normal 0 0 -1
    outer loop
      vertex 33.06 18.800000000000008 1.29
      vertex 36.39285714285714 19.05979955456571 1.29
      vertex 35.83635038430956 18.800000000000008 1.29
    endloop
  endfacet
  facet normal 0 0 -1
    outer loop
      vertex 36.39285714285714 19.60000000000001 1.29
      vertex 37.55 19.60000000000001 1.29
      vertex 37.024132446500865 19.354504048583006 1.29
    endloop
  endfacet
  facet normal 0 -1 0
    outer loop
      vertex 12.25 17.500000000000007 1.29
      vertex 33.05 17.500000000000007 1.29
      vertex 33.05 17.500000000000007 2.0999999999999996
    endloop
  endfacet
  facet normal 0.36244626115494866 -0.932004671541296 1.46311243244843e-17
    outer loop
      vertex 33.06 17.5038888888889 1.29
      vertex 36.39285714285714 18.800000000000008 1.29
      vertex 36.39285714285714 18.800000000000008 2.1100000000000003
    endloop
  endfacet
  facet normal 0 1 0
    outer loop
      vertex 36.39285714285714 19.60000000000001 1.29
      vertex 36.39285714285714 19.60000000000001 2.1100000000000003
      vertex 37.55 19.60000000000001 1.29
    endloop
  endfacet
  facet normal 0 0 -1
    outer loop
      vertex 37.024132446500865 19.354504048583006 1.29
      vertex 37.55 19.60000000000001 1.29
      vertex 37.42142857142857 19.20000000000001 1.29
    endloop
  endfacet
  facet normal 0 0 -1
    outer loop
      vertex 37.42142857142857 19.20000000000001 1.29
      vertex 37.55 19.60000000000001 1.29
      vertex 37.55 19.250000000000007 1.29
    endloop
  endfacet
  facet normal 0.362446261154936 -0.9320046715413007 7.448535642438364e-19
    outer loop
      vertex 37.42142857142857 19.20000000000001 1.29
      vertex 37.55 19.250000000000007 1.29
      vertex 37.55 19.250000000000007 2.1100000000000003
    endloop
  endfacet
  facet normal 1 0 0
    outer loop
      vertex 37.55 19.250000000000007 1.29
      vertex 37.55 19.60000000000001 1.29
      vertex 37.55 19.250000000000007 2.1100000000000003
    endloop
  endfacet
  facet normal 0 -1 0
    outer loop
      vertex 12.25 17.500000000000007 1.29
      vertex 33.05 17.500000000000007 2.1100000000000003
      vertex 12.25 17.500000000000007 2.1100000000000003
    endloop
  endfacet
  facet normal 0 -1 0
    outer loop
      vertex 12.25 17.500000000000007 1.29
      vertex 33.05 17.500000000000007 2.0999999999999996
      vertex 33.05 17.500000000000007 2.1100000000000003
    endloop
  endfacet
  facet normal 0 0 1
    outer loop
      vertex 12.25 17.500000000000007 2.1100000000000003
      vertex 35.83571428571428 19.60000000000001 2.1100000000000003
      vertex 12.25 19.60000000000001 2.1100000000000003
    endloop
  endfacet
  facet normal 0 0 1
    outer loop
      vertex 12.25 17.500000000000007 2.1100000000000003
      vertex 33.05 17.500000000000007 2.1100000000000003
      vertex 36.39285714285714 18.800000000000008 2.1100000000000003
    endloop
  endfacet
  facet normal 0.3624462611549486 -0.9320046715412958 0
    outer loop
      vertex 33.06 17.5038888888889 1.29
      vertex 36.39285714285714 18.800000000000008 2.1100000000000003
      vertex 33.06 17.5038888888889 2.0999999999999996
    endloop
  endfacet
  facet normal 0 0 1
    outer loop
      vertex 12.25 17.500000000000007 2.1100000000000003
      vertex 36.39285714285714 18.800000000000008 2.1100000000000003
      vertex 37.024025974025975 19.045454545454554 2.1100000000000003
    endloop
  endfacet
  facet normal 0 0 1
    outer loop
      vertex 12.25 17.500000000000007 2.1100000000000003
      vertex 37.55 19.250000000000007 2.1100000000000003
      vertex 35.83571428571428 19.60000000000001 2.1100000000000003
    endloop
  endfacet
  facet normal 0 0 1
    outer loop
      vertex 12.25 17.500000000000007 2.1100000000000003
      vertex 37.024025974025975 19.045454545454554 2.1100000000000003
      vertex 37.42142857142857 19.20000000000001 2.1100000000000003
    endloop
  endfacet
  facet normal 0 0 1
    outer loop
      vertex 12.25 17.500000000000007 2.1100000000000003
      vertex 37.42142857142857 19.20000000000001 2.1100000000000003
      vertex 37.55 19.250000000000007 2.1100000000000003
    endloop
  endfacet
  facet normal 0.3624462611549804 -0.9320046715412835 0
    outer loop
      vertex 33.05 17.500000000000007 2.0999999999999996
      vertex 33.06 17.5038888888889 2.0999999999999996
      vertex 33.05 17.500000000000007 2.1100000000000003
    endloop
  endfacet
  facet normal 0.36244626115494866 -0.9320046715412957 -3.645778338474952e-14
    outer loop
      vertex 33.06 17.5038888888889 2.0999999999999996
      vertex 36.39285714285714 18.800000000000008 2.1100000000000003
      vertex 33.05 17.500000000000007 2.1100000000000003
    endloop
  endfacet
  facet normal 0 0 1
    outer loop
      vertex 35.83571428571428 19.60000000000001 2.1100000000000003
      vertex 37.55 19.250000000000007 2.1100000000000003
      vertex 36.39285714285714 19.60000000000001 2.1100000000000003
    endloop
  endfacet
  facet normal 0 1 0
    outer loop
      vertex 37.55 19.60000000000001 1.29
      vertex 36.39285714285714 19.60000000000001 2.1100000000000003
      vertex 37.55 19.60000000000001 2.1100000000000003
    endloop
  endfacet
  facet normal 0.362446261154936 -0.9320046715413007 0
    outer loop
      vertex 37.42142857142857 19.20000000000001 1.29
      vertex 37.55 19.250000000000007 2.1100000000000003
      vertex 37.42142857142857 19.20000000000001 2.1100000000000003
    endloop
  endfacet
  facet normal 1 0 0
    outer loop
      vertex 37.55 19.60000000000001 1.29
      vertex 37.55 19.60000000000001 2.1100000000000003
      vertex 37.55 19.250000000000007 2.1100000000000003
    endloop
  endfacet
  facet normal 0 0 1
    outer loop
      vertex 36.39285714285714 19.60000000000001 2.1100000000000003
      vertex 37.55 19.250000000000007 2.1100000000000003
      vertex 37.55 19.60000000000001 2.1100000000000003
    endloop
  endfacet
  facet normal 0 -1 0
    outer loop
      vertex 40.85 5.6000000000000085 0.6
      vertex 46.85 5.6000000000000085 0.6
      vertex 40.85 5.6000000000000085 1.4
    endloop
  endfacet
  facet normal 0 1 0
    outer loop
      vertex 40.85 6.400000000000008 0.6
      vertex 46.85 6.400000000000008 1.4
      vertex 46.85 6.400000000000008 0.6
    endloop
  endfacet
  facet normal 0 1 0
    outer loop
      vertex 40.85 6.400000000000008 0.6
      vertex 40.85 6.400000000000008 1.4
      vertex 46.85 6.400000000000008 1.4
    endloop
  endfacet
  facet normal 0 -1 0
    outer loop
      vertex 46.85 5.6000000000000085 0.6
      vertex 46.85 5.6000000000000085 1.4
      vertex 40.85 5.6000000000000085 1.4
    endloop
  endfacet
  facet normal 0 0 1
    outer loop
      vertex 40.85 5.6000000000000085 1.4
      vertex 46.85 5.6000000000000085 1.4
      vertex 40.85 6.400000000000008 1.4
    endloop
  endfacet
  facet normal 0 0 1
    outer loop
      vertex 40.85 6.400000000000008 1.4
      vertex 46.85 5.6000000000000085 1.4
      vertex 46.85 6.400000000000008 1.4
    endloop
  endfacet
  facet normal 0 1 0
    outer loop
      vertex 40.85 19.60000000000001 0.6
      vertex 46.85 19.60000000000001 1.4
      vertex 46.85 19.60000000000001 0.6
    endloop
  endfacet
  facet normal 0 1 0
    outer loop
      vertex 40.85 19.60000000000001 0.6
      vertex 40.85 19.60000000000001 1.4
      vertex 46.85 19.60000000000001 1.4
    endloop
  endfacet
  facet normal 0 0 1
    outer loop
      vertex 40.85 19.20000000000001 1.4
      vertex 46.85 18.800000000000008 1.4
      vertex 40.85 19.60000000000001 1.4
    endloop
  endfacet
  facet normal 0 0 1
    outer loop
      vertex 40.85 19.60000000000001 1.4
      vertex 46.85 18.800000000000008 1.4
      vertex 46.85 19.60000000000001 1.4
    endloop
  endfacet
  facet normal -1 0 0
    outer loop
      vertex 46.85 5.6000000000000085 1.4
      vertex 46.85 6.400000000000008 2.63
      vertex 46.85 6.400000000000008 1.4
    endloop
  endfacet
  facet normal -1 0 0
    outer loop
      vertex 46.85 5.6000000000000085 1.4
      vertex 46.85 5.6000000000000085 2.6356445993031357
      vertex 46.85 6.400000000000008 2.6499999999999995
    endloop
  endfacet
  facet normal -1 0 0
    outer loop
      vertex 46.85 5.6000000000000085 1.4
      vertex 46.85 6.400000000000008 2.6499999999999995
      vertex 46.85 6.400000000000008 2.63
    endloop
  endfacet
  facet normal 0 -1 0
    outer loop
      vertex 46.85 5.6000000000000085 1.4
      vertex 49.29839506172834 5.6000000000000085 2.6499999999999995
      vertex 46.85 5.6000000000000085 2.6356445993031357
    endloop
  endfacet
  facet normal -1 0 0
    outer loop
      vertex 46.85 5.6000000000000085 2.6356445993031357
      vertex 46.85 5.6000000000000085 2.6499999999999995
      vertex 46.85 6.400000000000008 2.6499999999999995
    endloop
  endfacet
  facet normal 0 -1 0
    outer loop
      vertex 46.85 5.6000000000000085 0.6
      vertex 146 5.6000000000000085 0.6
      vertex 46.85 5.6000000000000085 1.4
    endloop
  endfacet
  facet normal 0 1 0
    outer loop
      vertex 46.85 6.400000000000008 0.6
      vertex 46.85 6.400000000000008 1.4
      vertex 146 6.400000000000008 0.6
    endloop
  endfacet
  facet normal 0 1 0
    outer loop
      vertex 46.85 6.400000000000008 1.4
      vertex 46.85 6.400000000000008 2.63
      vertex 146 6.400000000000008 0.6
    endloop
  endfacet
  facet normal 0 -1 0
    outer loop
      vertex 46.85 5.6000000000000085 1.4
      vertex 146 5.6000000000000085 0.6
      vertex 49.29839506172834 5.6000000000000085 2.6499999999999995
    endloop
  endfacet
  facet normal 0 1 0
    outer loop
      vertex 46.85 6.400000000000008 2.63
      vertex 146 6.400000000000008 2.63
      vertex 146 6.400000000000008 0.6
    endloop
  endfacet
  facet normal 0 -1 0
    outer loop
      vertex 49.29839506172834 5.6000000000000085 2.6499999999999995
      vertex 146 5.6000000000000085 0.6
      vertex 146 5.6000000000000085 2.6499999999999995
    endloop
  endfacet
  facet normal 0 -1 0
    outer loop
      vertex 46.85 5.6000000000000085 2.6356445993031357
      vertex 49.29839506172834 5.6000000000000085 2.6499999999999995
      vertex 46.85 5.6000000000000085 2.6499999999999995
    endloop
  endfacet
  facet normal -1 0 0
    outer loop
      vertex 46.85 6.400000000000008 2.63
      vertex 46.85 6.400000000000008 2.6499999999999995
      vertex 46.85 7.700000000000008 2.63
    endloop
  endfacet
  facet normal -1 0 0
    outer loop
      vertex 46.85 5.6000000000000085 2.6499999999999995
      vertex 46.85 5.6000000000000085 3.44
      vertex 46.85 6.400000000000008 2.6499999999999995
    endloop
  endfacet
  facet normal 0 -1 0
    outer loop
      vertex 46.85 5.6000000000000085 2.6499999999999995
      vertex 49.29839506172834 5.6000000000000085 2.6499999999999995
      vertex 46.85 5.6000000000000085 3.44
    endloop
  endfacet
  facet normal -1 0 0
    outer loop
      vertex 46.85 6.400000000000008 2.6499999999999995
      vertex 46.85 7.700000000000008 3.44
      vertex 46.85 7.700000000000008 2.63
    endloop
  endfacet
  facet normal -1 0 0
    outer loop
      vertex 46.85 6.400000000000008 2.6499999999999995
      vertex 46.85 5.6000000000000085 3.44
      vertex 46.85 7.700000000000008 3.44
    endloop
  endfacet
  facet normal 0 0 -1
    outer loop
      vertex 46.85 6.400000000000008 2.63
      vertex 46.85 7.700000000000008 2.63
      vertex 146 6.400000000000008 2.63
    endloop
  endfacet
  facet normal 0 1 0
    outer loop
      vertex 46.85 7.700000000000008 2.63
      vertex 46.85 7.700000000000008 3.44
      vertex 146 7.700000000000008 2.63
    endloop
  endfacet
  facet normal 0 -1 0
    outer loop
      vertex 49.29839506172834 5.6000000000000085 2.6499999999999995
      vertex 146 5.6000000000000085 3.44
      vertex 46.85 5.6000000000000085 3.44
    endloop
  endfacet
  facet normal 0 0 1
    outer loop
      vertex 46.85 5.6000000000000085 3.44
      vertex 146 7.700000000000008 3.44
      vertex 46.85 7.700000000000008 3.44
    endloop
  endfacet
  facet normal 0 0 -1
    outer loop
      vertex 46.85 7.700000000000008 2.63
      vertex 146 7.700000000000008 2.63
      vertex 146 6.400000000000008 2.63
    endloop
  endfacet
  facet normal 0 -1 0
    outer loop
      vertex 49.29839506172834 5.6000000000000085 2.6499999999999995
      vertex 146 5.6000000000000085 2.6499999999999995
      vertex 146 5.6000000000000085 3.44
    endloop
  endfacet
  facet normal 0 1 0
    outer loop
      vertex 46.85 7.700000000000008 3.44
      vertex 146 7.700000000000008 3.44
      vertex 146 7.700000000000008 2.63
    endloop
  endfacet
  facet normal 0 0 1
    outer loop
      vertex 46.85 5.6000000000000085 3.44
      vertex 146 5.6000000000000085 3.44
      vertex 146 7.700000000000008 3.44
    endloop
  endfacet
  facet normal 0 -1 0
    outer loop
      vertex 46.85 18.800000000000008 1.4
      vertex 47.80346153846152 18.800000000000008 1.3922115384615386
      vertex 46.85 18.800000000000008 2.63
    endloop
  endfacet
  facet normal 0 -1 0
    outer loop
      vertex 47.80346153846152 18.800000000000008 1.3922115384615386
      vertex 49.2167532467532 18.800000000000008 2.5813092313092323
      vertex 46.85 18.800000000000008 2.63
    endloop
  endfacet
  facet normal 0 -1 0
    outer loop
      vertex 49.2167532467532 18.800000000000008 2.5813092313092323
      vertex 145.52392156862743 18.800000000000008 0.6
      vertex 146 18.800000000000008 0.6
    endloop
  endfacet
  facet normal 0 -1 0
    outer loop
      vertex 49.2167532467532 18.800000000000008 2.5813092313092323
      vertex 146 18.800000000000008 2.63
      vertex 46.85 18.800000000000008 2.63
    endloop
  endfacet
  facet normal 0 -1 0
    outer loop
      vertex 49.2167532467532 18.800000000000008 2.5813092313092323
      vertex 146 18.800000000000008 0.6
      vertex 146 18.800000000000008 2.63
    endloop
  endfacet
  facet normal -1 0 0
    outer loop
      vertex 46.85 17.500000000000007 2.63
      vertex 46.85 18.800000000000008 2.6499999999999995
      vertex 46.85 18.800000000000008 2.63
    endloop
  endfacet
  facet normal -1 0 0
    outer loop
      vertex 46.85 17.500000000000007 2.63
      vertex 46.85 17.500000000000007 3.44
      vertex 46.85 18.800000000000008 2.6499999999999995
    endloop
  endfacet
  facet normal -1 0 0
    outer loop
      vertex 46.85 18.800000000000008 2.6499999999999995
      vertex 46.85 17.500000000000007 3.44
      vertex 46.85 18.800000000000008 3.44
    endloop
  endfacet
  facet normal -1 0 0
    outer loop
      vertex 46.85 19.60000000000001 2.6499999999999995
      vertex 46.85 18.800000000000008 3.44
      vertex 46.85 19.60000000000001 3.44
    endloop
  endfacet
  facet normal 0 0 -1
    outer loop
      vertex 46.85 17.500000000000007 2.63
      vertex 46.85 18.800000000000008 2.63
      vertex 146 17.500000000000007 2.63
    endloop
  endfacet
  facet normal 0 -1 0
    outer loop
      vertex 46.85 17.500000000000007 2.63
      vertex 146 17.500000000000007 3.44
      vertex 46.85 17.500000000000007 3.44
    endloop
  endfacet
  facet normal 0 0 1
    outer loop
      vertex 46.85 17.500000000000007 3.44
      vertex 146 19.60000000000001 3.44
      vertex 46.85 18.800000000000008 3.44
    endloop
  endfacet
  facet normal 0 0 1
    outer loop
      vertex 46.85 18.800000000000008 3.44
      vertex 146 19.60000000000001 3.44
      vertex 46.85 19.60000000000001 3.44
    endloop
  endfacet
  facet normal 0 0 -1
    outer loop
      vertex 46.85 18.800000000000008 2.63
      vertex 146 18.800000000000008 2.63
      vertex 146 17.500000000000007 2.63
    endloop
  endfacet
  facet normal 0 -1 0
    outer loop
      vertex 46.85 17.500000000000007 2.63
      vertex 146 17.500000000000007 2.63
      vertex 146 17.500000000000007 3.44
    endloop
  endfacet
  facet normal 0 0 1
    outer loop
      vertex 46.85 17.500000000000007 3.44
      vertex 146 17.500000000000007 3.44
      vertex 146 19.60000000000001 3.44
    endloop
  endfacet
  facet normal 1 0 0
    outer loop
      vertex 40.85 6.400000000000008 0.6
      vertex 40.85 18.800000000000008 0.6
      vertex 40.85 6.400000000000008 1.4
    endloop
  endfacet
  facet normal 0 -1 0
    outer loop
      vertex 39.65 5.6000000000000085 0.6
      vertex 40.85 5.6000000000000085 0.6
      vertex 39.65 5.6000000000000085 2.4
    endloop
  endfacet
  facet normal -1 0 0
    outer loop
      vertex 39.65 5.6000000000000085 0.6
      vertex 39.65 18.800000000000008 1.4683823529411764
      vertex 39.65 18.800000000000008 0.6
    endloop
  endfacet
  facet normal 1 0 0
    outer loop
      vertex 40.85 18.800000000000008 0.6
      vertex 40.85 18.800000000000008 1.4
      vertex 40.85 6.400000000000008 1.4
    endloop
  endfacet
  facet normal 0 -1 0
    outer loop
      vertex 40.85 5.6000000000000085 0.6
      vertex 40.85 5.6000000000000085 1.4
      vertex 39.65 5.6000000000000085 2.4
    endloop
  endfacet
  facet normal -1 0 0
    outer loop
      vertex 39.65 5.6000000000000085 0.6
      vertex 39.65 19.188235294117657 2.346764705882353
      vertex 39.65 18.800000000000008 1.4683823529411764
    endloop
  endfacet
  facet normal 1 0 0
    outer loop
      vertex 40.85 18.800000000000008 1.4
      vertex 40.85 19.20000000000001 1.4
      vertex 40.85 19.066666666666677 1.7333333333333332
    endloop
  endfacet
  facet normal 1 0 0
    outer loop
      vertex 40.85 18.800000000000008 1.4
      vertex 40.85 19.066666666666677 1.7333333333333332
      vertex 40.85 18.800000000000008 1.914705882352941
    endloop
  endfacet
  facet normal 1 0 0
    outer loop
      vertex 40.85 5.6000000000000085 1.4
      vertex 40.85 6.400000000000008 1.4
      vertex 40.85 5.6000000000000085 2.4
    endloop
  endfacet
  facet normal 1 0 0
    outer loop
      vertex 40.85 6.400000000000008 1.4
      vertex 40.85 18.800000000000008 1.4
      vertex 40.85 5.6000000000000085 2.4
    endloop
  endfacet
  facet normal -1 0 0
    outer loop
      vertex 39.65 5.6000000000000085 0.6
      vertex 39.65 5.6000000000000085 2.4
      vertex 39.65 18.800000000000008 2.4
    endloop
  endfacet
  facet normal 0 -1 0
    outer loop
      vertex 40.85 5.6000000000000085 1.4
      vertex 40.85 5.6000000000000085 2.4
      vertex 39.65 5.6000000000000085 2.4
    endloop
  endfacet
  facet normal -1 0 0
    outer loop
      vertex 39.65 5.6000000000000085 0.6
      vertex 39.65 18.800000000000008 2.4
      vertex 39.65 19.188235294117657 2.346764705882353
    endloop
  endfacet
  facet normal 1 0 0
    outer loop
      vertex 40.85 18.800000000000008 1.4
      vertex 40.85 18.800000000000008 1.914705882352941
      vertex 40.85 5.6000000000000085 2.4
    endloop
  endfacet
  facet normal 0 0 1
    outer loop
      vertex 39.65 5.6000000000000085 2.4
      vertex 40.85 5.6000000000000085 2.4
      vertex 39.65 18.800000000000008 2.4
    endloop
  endfacet
  facet normal 1 0 0
    outer loop
      vertex 40.85 18.800000000000008 1.914705882352941
      vertex 40.85 18.800000000000008 2.4
      vertex 40.85 5.6000000000000085 2.4
    endloop
  endfacet
  facet normal 1 0 0
    outer loop
      vertex 40.85 19.554285714285722 2.342857142857143
      vertex 40.85 19.60000000000001 2.3705882352941177
      vertex 40.85 19.60000000000001 2.4
    endloop
  endfacet
  facet normal 0 0 1
    outer loop
      vertex 40.85 5.6000000000000085 2.4
      vertex 40.85 18.800000000000008 2.4
      vertex 39.65 18.800000000000008 2.4
    endloop
  endfacet
  facet normal 1 0 0
    outer loop
      vertex 40.85 19.554285714285722 2.342857142857143
      vertex 40.85 19.60000000000001 2.4
      vertex 40.85 18.800000000000008 2.4
    endloop
  endfacet
  facet normal 0 0 1
    outer loop
      vertex 40.85 18.800000000000008 2.4
      vertex 40.85 19.60000000000001 2.4
      vertex 40.78142857142857 19.60000000000001 2.4
    endloop
  endfacet
  facet normal 0 -1 0
    outer loop
      vertex 12.25 18.800000000000008 0.6
      vertex 33.06 18.800000000000008 0.6
      vertex 33.06 18.800000000000008 1.29
    endloop
  endfacet
  facet normal 0 -1 0
    outer loop
      vertex 12.25 18.800000000000008 0.6
      vertex 33.06 18.800000000000008 1.29
      vertex 12.25 18.800000000000008 1.2899999999999998
    endloop
  endfacet
  facet normal 1 0 0
    outer loop
      vertex 33.06 19.60000000000001 0.6
      vertex 33.06 19.60000000000001 1.29
      vertex 33.06 18.800000000000008 1.29
    endloop
  endfacet
  facet normal 1.0670091538925097e-17 1.70803542250024e-16 -1
    outer loop
      vertex 12.25 19.60000000000001 1.2899999999999998
      vertex 12.25 20.90000000000001 1.29
      vertex 33.06 19.60000000000001 1.29
    endloop
  endfacet
  facet normal 0 0 -1
    outer loop
      vertex 12.25 20.90000000000001 1.29
      vertex 33.05 20.90000000000001 1.29
      vertex 33.06 19.60000000000001 1.29
    endloop
  endfacet
  facet normal 0 0 -1
    outer loop
      vertex 33.06 19.60000000000001 1.29
      vertex 33.05 20.90000000000001 1.29
      vertex 33.06 20.896111111111118 1.29
    endloop
  endfacet
  facet normal -2.220446049249177e-14 -5.709718412354447e-14 -1
    outer loop
      vertex 33.06 20.896111111111118 1.29
      vertex 33.05 20.90000000000001 1.29
      vertex 33.06 20.90000000000001 1.2899999999999998
    endloop
  endfacet
  facet normal 0 1 0
    outer loop
      vertex 33.06 20.90000000000001 1.2899999999999998
      vertex 33.05 20.90000000000001 1.29
      vertex 33.05 20.90000000000001 2.0999999999999996
    endloop
  endfacet
  facet normal 1 0 0
    outer loop
      vertex 33.06 20.896111111111118 1.29
      vertex 33.06 20.90000000000001 1.2899999999999998
      vertex 33.06 20.90000000000001 2.0999999999999996
    endloop
  endfacet
  facet normal 1 0 0
    outer loop
      vertex 33.06 20.896111111111118 1.29
      vertex 33.06 20.90000000000001 2.0999999999999996
      vertex 33.06 20.896111111111118 2.0999999999999996
    endloop
  endfacet
  facet normal 0 1 0
    outer loop
      vertex 33.06 20.90000000000001 1.2899999999999998
      vertex 33.05 20.90000000000001 2.0999999999999996
      vertex 33.06 20.90000000000001 2.0999999999999996
    endloop
  endfacet
  facet normal 0 0 1
    outer loop
      vertex 33.06 20.896111111111118 2.0999999999999996
      vertex 33.06 20.90000000000001 2.0999999999999996
      vertex 33.05 20.90000000000001 2.0999999999999996
    endloop
  endfacet
  facet normal 0 0 -1
    outer loop
      vertex 33.06 18.800000000000008 1.29
      vertex 35.93359999999999 19.31200000000001 1.29
      vertex 36.39285714285714 19.05979955456571 1.29
    endloop
  endfacet
  facet normal 0 0 -1
    outer loop
      vertex 35.83635038430956 18.800000000000008 1.29
      vertex 36.39285714285714 19.05979955456571 1.29
      vertex 36.39285714285714 18.800000000000008 1.29
    endloop
  endfacet
  facet normal 0 0 -1
    outer loop
      vertex 35.93359999999999 19.31200000000001 1.29
      vertex 37.55 19.15000000000001 1.29
      vertex 36.39285714285714 19.05979955456571 1.29
    endloop
  endfacet
  facet normal 0 0 -1
    outer loop
      vertex 35.93359999999999 19.31200000000001 1.29
      vertex 36.39285714285714 19.60000000000001 1.29
      vertex 37.024132446500865 19.354504048583006 1.29
    endloop
  endfacet
  facet normal 0 0 -1
    outer loop
      vertex 36.39285714285714 18.800000000000008 1.29
      vertex 36.39285714285714 19.05979955456571 1.29
      vertex 37.55 18.800000000000008 1.29
    endloop
  endfacet
  facet normal 0 0 -1
    outer loop
      vertex 35.93359999999999 19.31200000000001 1.29
      vertex 37.42142857142857 19.20000000000001 1.29
      vertex 37.55 19.15000000000001 1.29
    endloop
  endfacet
  facet normal 0 0 -1
    outer loop
      vertex 35.93359999999999 19.31200000000001 1.29
      vertex 37.024132446500865 19.354504048583006 1.29
      vertex 37.42142857142857 19.20000000000001 1.29
    endloop
  endfacet
  facet normal 0 0 -1
    outer loop
      vertex 33.06 19.60000000000001 1.29
      vertex 33.06 20.896111111111118 1.29
      vertex 35.93359999999999 19.31200000000001 1.29
    endloop
  endfacet
  facet normal 0 0 -1
    outer loop
      vertex 35.93359999999999 19.31200000000001 1.29
      vertex 33.06 20.896111111111118 1.29
      vertex 36.39285714285714 19.60000000000001 1.29
    endloop
  endfacet
  facet normal 0 1 0
    outer loop
      vertex 12.25 20.90000000000001 1.29
      vertex 12.25 20.90000000000001 2.1100000000000003
      vertex 33.05 20.90000000000001 1.29
    endloop
  endfacet
  facet normal 0 -1 0
    outer loop
      vertex 36.39285714285714 18.800000000000008 1.29
      vertex 37.55 18.800000000000008 1.29
      vertex 36.39285714285714 18.800000000000008 2.1100000000000003
    endloop
  endfacet
  facet normal 0.36244626115494866 0.932004671541296 0
    outer loop
      vertex 36.39285714285714 19.60000000000001 1.29
      vertex 33.06 20.896111111111118 1.29
      vertex 36.39285714285714 19.60000000000001 2.1100000000000003
    endloop
  endfacet
  facet normal 0 0 -1
    outer loop
      vertex 36.39285714285714 19.05979955456571 1.29
      vertex 37.55 19.15000000000001 1.29
      vertex 37.55 18.800000000000008 1.29
    endloop
  endfacet
  facet normal 1 0 0
    outer loop
      vertex 37.55 18.800000000000008 1.29
      vertex 37.55 19.15000000000001 1.29
      vertex 37.55 18.800000000000008 2.1100000000000003
    endloop
  endfacet
  facet normal 0.36244626115495837 0.9320046715412921 2.1031159459558288e-18
    outer loop
      vertex 37.42142857142857 19.20000000000001 1.29
      vertex 37.55 19.15000000000001 2.1100000000000003
      vertex 37.55 19.15000000000001 1.29
    endloop
  endfacet
  facet normal 0 1 0
    outer loop
      vertex 33.05 20.90000000000001 1.29
      vertex 12.25 20.90000000000001 2.1100000000000003
      vertex 33.05 20.90000000000001 2.0999999999999996
    endloop
  endfacet
  facet normal 0 0 1
    outer loop
      vertex 12.25 19.60000000000001 2.1100000000000003
      vertex 33.05 20.90000000000001 2.1100000000000003
      vertex 12.25 20.90000000000001 2.1100000000000003
    endloop
  endfacet
  facet normal 0 1 0
    outer loop
      vertex 12.25 20.90000000000001 2.1100000000000003
      vertex 33.05 20.90000000000001 2.1100000000000003
      vertex 33.05 20.90000000000001 2.0999999999999996
    endloop
  endfacet
  facet normal 0 0 1
    outer loop
      vertex 12.25 19.60000000000001 2.1100000000000003
      vertex 35.83571428571428 19.60000000000001 2.1100000000000003
      vertex 33.05 20.90000000000001 2.1100000000000003
    endloop
  endfacet
  facet normal 0.3624462611549486 0.9320046715412958 0
    outer loop
      vertex 33.06 20.896111111111118 1.29
      vertex 33.06 20.896111111111118 2.0999999999999996
      vertex 36.39285714285714 19.60000000000001 2.1100000000000003
    endloop
  endfacet
  facet normal 0 0 1
    outer loop
      vertex 36.39285714285714 18.800000000000008 2.1100000000000003
      vertex 37.55 18.800000000000008 2.1100000000000003
      vertex 37.024025974025975 19.045454545454554 2.1100000000000003
    endloop
  endfacet
  facet normal 0.3624462611549804 0.9320046715412835 -1.8491811374298348e-17
    outer loop
      vertex 33.06 20.896111111111118 2.0999999999999996
      vertex 33.05 20.90000000000001 2.0999999999999996
      vertex 33.05 20.90000000000001 2.1100000000000003
    endloop
  endfacet
  facet normal 0.36244626115494866 0.9320046715412957 -4.621453847914003e-14
    outer loop
      vertex 36.39285714285714 19.60000000000001 2.1100000000000003
      vertex 33.06 20.896111111111118 2.0999999999999996
      vertex 33.05 20.90000000000001 2.1100000000000003
    endloop
  endfacet
  facet normal 0 0 1
    outer loop
      vertex 35.83571428571428 19.60000000000001 2.1100000000000003
      vertex 36.39285714285714 19.60000000000001 2.1100000000000003
      vertex 33.05 20.90000000000001 2.1100000000000003
    endloop
  endfacet
  facet normal 0 -1 0
    outer loop
      vertex 37.55 18.800000000000008 1.29
      vertex 37.55 18.800000000000008 2.1100000000000003
      vertex 36.39285714285714 18.800000000000008 2.1100000000000003
    endloop
  endfacet
  facet normal 1 0 0
    outer loop
      vertex 37.55 19.15000000000001 1.29
      vertex 37.55 19.15000000000001 2.1100000000000003
      vertex 37.55 18.800000000000008 2.1100000000000003
    endloop
  endfacet
  facet normal 0.36244626115495837 0.9320046715412921 0
    outer loop
      vertex 37.42142857142857 19.20000000000001 1.29
      vertex 37.42142857142857 19.20000000000001 2.1100000000000003
      vertex 37.55 19.15000000000001 2.1100000000000003
    endloop
  endfacet
  facet normal 0 0 1
    outer loop
      vertex 37.55 18.800000000000008 2.1100000000000003
      vertex 37.42142857142857 19.20000000000001 2.1100000000000003
      vertex 37.024025974025975 19.045454545454554 2.1100000000000003
    endloop
  endfacet
  facet normal 0 0 1
    outer loop
      vertex 37.55 18.800000000000008 2.1100000000000003
      vertex 37.55 19.15000000000001 2.1100000000000003
      vertex 37.42142857142857 19.20000000000001 2.1100000000000003
    endloop
  endfacet
  facet normal 0 1 1.0297720808117394e-14
    outer loop
      vertex 12.25 32.80000000000001 0.6
      vertex 33.06 32.800000000000004 1.29
      vertex 33.06 32.80000000000001 0.6
    endloop
  endfacet
  facet normal 1 0 0
    outer loop
      vertex 33.06 32.000000000000014 0.6
      vertex 33.06 32.80000000000001 0.6
      vertex 33.06 32.000000000000014 1.289999999999997
    endloop
  endfacet
  facet normal 3.4144292924560314e-16 1 0
    outer loop
      vertex 12.25 32.80000000000001 0.6
      vertex 12.25 32.80000000000001 1.2899999999999998
      vertex 33.06 32.800000000000004 1.29
    endloop
  endfacet
  facet normal 0 1.7080354225002353e-16 -1
    outer loop
      vertex 12.25 30.70000000000001 1.29
      vertex 12.25 32.000000000000014 1.2900000000000003
      vertex 33.05 30.70000000000001 1.29
    endloop
  endfacet
  facet normal -2.220446049236343e-14 -3.5510056433556365e-13 -1
    outer loop
      vertex 12.25 32.000000000000014 1.2900000000000003
      vertex 33.06 30.700000000000014 1.2899999999999998
      vertex 33.05 30.70000000000001 1.29
    endloop
  endfacet
  facet normal 3.5455189885066846e-15 5.709718412359549e-14 -1
    outer loop
      vertex 12.25 32.000000000000014 1.2900000000000003
      vertex 33.06 30.7038888888889 1.29
      vertex 33.06 30.700000000000014 1.2899999999999998
    endloop
  endfacet
  facet normal -1.6005137308387647e-16 -2.3984243652425124e-15 -1
    outer loop
      vertex 12.25 32.000000000000014 1.2900000000000003
      vertex 33.06 32.000000000000014 1.289999999999997
      vertex 33.06 30.7038888888889 1.29
    endloop
  endfacet
  facet normal 3.5527136787986834e-13 -1 0
    outer loop
      vertex 33.06 30.700000000000014 1.2899999999999998
      vertex 33.06 30.700000000000014 2.0999999999999996
      vertex 33.05 30.70000000000001 1.29
    endloop
  endfacet
  facet normal 1 0 0
    outer loop
      vertex 33.06 30.700000000000014 1.2899999999999998
      vertex 33.06 30.7038888888889 1.29
      vertex 33.06 30.7038888888889 2.0999999999999996
    endloop
  endfacet
  facet normal 0 -1 4.386066270124077e-15
    outer loop
      vertex 33.05 30.70000000000001 1.29
      vertex 33.06 30.700000000000014 2.0999999999999996
      vertex 33.050000000000004 30.700000000000014 2.0999999999999996
    endloop
  endfacet
  facet normal 1 0 0
    outer loop
      vertex 33.06 30.700000000000014 1.2899999999999998
      vertex 33.06 30.7038888888889 2.0999999999999996
      vertex 33.06 30.700000000000014 2.0999999999999996
    endloop
  endfacet
  facet normal 0 0 1
    outer loop
      vertex 33.06 30.700000000000014 2.0999999999999996
      vertex 33.06 30.7038888888889 2.0999999999999996
      vertex 33.050000000000004 30.700000000000014 2.0999999999999996
    endloop
  endfacet
  facet normal 1.1196801695199222e-15 -2.398424365242512e-15 -1
    outer loop
      vertex 33.06 30.7038888888889 1.29
      vertex 33.06 32.000000000000014 1.289999999999997
      vertex 36.39285714285713 32.25979955456571 1.29
    endloop
  endfacet
  facet normal -8.284222965244367e-30 3.885780586188096e-15 -1
    outer loop
      vertex 33.06 32.000000000000014 1.289999999999997
      vertex 33.06 32.800000000000004 1.29
      vertex 36.39285714285713 32.80000000000001 1.29
    endloop
  endfacet
  facet normal 0 0 -1
    outer loop
      vertex 33.06 30.7038888888889 1.29
      vertex 36.39285714285713 32.25979955456571 1.29
      vertex 36.39285714285713 32.00000000000001 1.29
    endloop
  endfacet
  facet normal 1.1196801695199295e-15 -2.3984243652426043e-15 -1
    outer loop
      vertex 33.06 32.000000000000014 1.289999999999997
      vertex 36.75643683176958 32.4295330569496 1.29
      vertex 36.39285714285713 32.25979955456571 1.29
    endloop
  endfacet
  facet normal 0 3.885780586188061e-15 -1
    outer loop
      vertex 33.06 32.000000000000014 1.289999999999997
      vertex 36.39285714285713 32.80000000000001 1.29
      vertex 37.55 32.80000000000001 1.29
    endloop
  endfacet
  facet normal 1.1196801695199137e-15 -2.3984243652424694e-15 -1
    outer loop
      vertex 33.06 32.000000000000014 1.289999999999997
      vertex 37.55 32.80000000000001 1.29
      vertex 36.75643683176958 32.4295330569496 1.29
    endloop
  endfacet
  facet normal 0 0 -1
    outer loop
      vertex 36.39285714285713 32.00000000000001 1.29
      vertex 36.39285714285713 32.25979955456571 1.29
      vertex 37.2283923597294 32.324930362117 1.29
    endloop
  endfacet
  facet normal 0 -1 4.386066270124077e-15
    outer loop
      vertex 12.25 30.70000000000001 1.29
      vertex 33.05 30.70000000000001 1.29
      vertex 33.050000000000004 30.700000000000014 2.0999999999999996
    endloop
  endfacet
  facet normal 0.3624462611549484 -0.9320046715412958 0
    outer loop
      vertex 33.06 30.7038888888889 1.29
      vertex 36.39285714285713 32.00000000000001 1.29
      vertex 33.06 30.7038888888889 2.0999999999999996
    endloop
  endfacet
  facet normal 0 0 -1
    outer loop
      vertex 36.75643683176958 32.4295330569496 1.29
      vertex 37.55 32.80000000000001 1.29
      vertex 37.421428571428564 32.40000000000001 1.29
    endloop
  endfacet
  facet normal 0 0 -1
    outer loop
      vertex 37.421428571428564 32.40000000000001 1.29
      vertex 37.55 32.80000000000001 1.29
      vertex 37.55 32.45000000000001 1.29
    endloop
  endfacet
  facet normal 0 1 0
    outer loop
      vertex 36.39285714285713 32.80000000000001 1.29
      vertex 37.55 32.80000000000001 2.1100000000000003
      vertex 37.55 32.80000000000001 1.29
    endloop
  endfacet
  facet normal 0.3624462611549186 -0.9320046715413076 -8.075965232416512e-15
    outer loop
      vertex 37.421428571428564 32.40000000000001 1.29
      vertex 37.55 32.45000000000001 1.29
      vertex 37.421428571428564 32.400000000000006 2.1100000000000003
    endloop
  endfacet
  facet normal 1 0 0
    outer loop
      vertex 37.55 32.45000000000001 1.29
      vertex 37.55 32.80000000000001 1.29
      vertex 37.55 32.45000000000001 2.1100000000000003
    endloop
  endfacet
  facet normal 0 0 1
    outer loop
      vertex 12.25 30.70000000000001 2.1100000000000003
      vertex 19.151698128761055 32.70351990767456 2.1100000000000003
      vertex 12.25 32.79862204724411 2.1100000000000003
    endloop
  endfacet
  facet normal 0 -1 0
    outer loop
      vertex 12.25 30.70000000000001 1.29
      vertex 33.05 30.70000000000001 2.1100000000000003
      vertex 12.25 30.70000000000001 2.1100000000000003
    endloop
  endfacet
  facet normal 1.4005890464500735e-14 -1 -3.552713678800185e-13
    outer loop
      vertex 12.25 30.70000000000001 1.29
      vertex 33.050000000000004 30.700000000000014 2.0999999999999996
      vertex 33.05 30.70000000000001 2.1100000000000003
    endloop
  endfacet
  facet normal 0 0 1
    outer loop
      vertex 12.25 30.70000000000001 2.1100000000000003
      vertex 31.018571428571384 32.00000000000001 2.1100000000000003
      vertex 19.151698128761055 32.70351990767456 2.1100000000000003
    endloop
  endfacet
  facet normal 0 0 1
    outer loop
      vertex 12.25 30.70000000000001 2.1100000000000003
      vertex 33.05 30.70000000000001 2.1100000000000003
      vertex 31.018571428571384 32.00000000000001 2.1100000000000003
    endloop
  endfacet
  facet normal 0.36244626115494843 -0.932004671541296 0
    outer loop
      vertex 36.39285714285713 32.00000000000001 1.29
      vertex 36.39285714285713 32.00000000000001 2.1100000000000003
      vertex 33.06 30.7038888888889 2.0999999999999996
    endloop
  endfacet
  facet normal 0 1 0
    outer loop
      vertex 36.39285714285713 32.80000000000001 1.29
      vertex 36.39285714285713 32.80000000000001 2.1100000000000003
      vertex 37.55 32.80000000000001 2.1100000000000003
    endloop
  endfacet
  facet normal 0 0 1
    outer loop
      vertex 19.151698128761055 32.70351990767456 2.1100000000000003
      vertex 31.018571428571384 32.00000000000001 2.1100000000000003
      vertex 36.70976476353834 32.39210977701545 2.1100000000000003
    endloop
  endfacet
  facet normal 0 0 1
    outer loop
      vertex 31.018571428571384 32.00000000000001 2.1100000000000003
      vertex 33.05 30.70000000000001 2.1100000000000003
      vertex 36.39285714285713 32.00000000000001 2.1100000000000003
    endloop
  endfacet
  facet normal 0.36244626115491646 -0.9320046715413083 1.226378539575311e-11
    outer loop
      vertex 33.050000000000004 30.700000000000014 2.0999999999999996
      vertex 33.06 30.7038888888889 2.0999999999999996
      vertex 36.39285714285713 32.00000000000001 2.1100000000000003
    endloop
  endfacet
  facet normal 0.3624462611549486 -0.932004671541296 -7.358101656201119e-14
    outer loop
      vertex 33.050000000000004 30.700000000000014 2.0999999999999996
      vertex 36.39285714285713 32.00000000000001 2.1100000000000003
      vertex 33.05 30.70000000000001 2.1100000000000003
    endloop
  endfacet
  facet normal 0 0 1
    outer loop
      vertex 36.39285714285713 32.80000000000001 2.1100000000000003
      vertex 36.55637496377861 32.46369168356999 2.1100000000000003
      vertex 37.55 32.80000000000001 2.1100000000000003
    endloop
  endfacet
  facet normal 0 0 1
    outer loop
      vertex 36.70976476353834 32.39210977701545 2.1100000000000003
      vertex 37.33155757286192 32.43494983277593 2.1100000000000003
      vertex 36.55637496377861 32.46369168356999 2.1100000000000003
    endloop
  endfacet
  facet normal 0.3624462611549633 -0.9320046715412901 0
    outer loop
      vertex 37.55 32.45000000000001 1.29
      vertex 37.55 32.45000000000001 2.1100000000000003
      vertex 37.421428571428564 32.400000000000006 2.1100000000000003
    endloop
  endfacet
  facet normal 1 0 0
    outer loop
      vertex 37.55 32.80000000000001 1.29
      vertex 37.55 32.80000000000001 2.1100000000000003
      vertex 37.55 32.45000000000001 2.1100000000000003
    endloop
  endfacet
  facet normal 0 0 1
    outer loop
      vertex 36.55637496377861 32.46369168356999 2.1100000000000003
      vertex 37.33155757286192 32.43494983277593 2.1100000000000003
      vertex 37.55 32.45000000000001 2.1100000000000003
    endloop
  endfacet
  facet normal 0 0 1
    outer loop
      vertex 36.55637496377861 32.46369168356999 2.1100000000000003
      vertex 37.55 32.45000000000001 2.1100000000000003
      vertex 37.55 32.80000000000001 2.1100000000000003
    endloop
  endfacet
  facet normal 0 0 1
    outer loop
      vertex 37.421428571428564 32.400000000000006 2.1100000000000003
      vertex 37.55 32.45000000000001 2.1100000000000003
      vertex 37.33155757286192 32.43494983277593 2.1100000000000003
    endloop
  endfacet
  facet normal 0 -1 0
    outer loop
      vertex 40.85 18.800000000000008 0.6
      vertex 46.85 18.800000000000008 0.6
      vertex 40.85 18.800000000000008 1.4
    endloop
  endfacet
  facet normal 0 -1 0
    outer loop
      vertex 46.85 18.800000000000008 0.6
      vertex 46.85 18.800000000000008 1.4
      vertex 40.85 18.800000000000008 1.4
    endloop
  endfacet
  facet normal 0 0 1
    outer loop
      vertex 40.85 18.800000000000008 1.4
      vertex 46.85 18.800000000000008 1.4
      vertex 40.85 19.20000000000001 1.4
    endloop
  endfacet
  facet normal 0 1 0
    outer loop
      vertex 40.85 32.80000000000001 0.6
      vertex 46.85 32.80000000000001 1.4
      vertex 46.85 32.80000000000001 0.6
    endloop
  endfacet
  facet normal 0 1 0
    outer loop
      vertex 40.85 32.80000000000001 0.6
      vertex 40.85 32.80000000000001 1.4
      vertex 46.85 32.80000000000001 1.4
    endloop
  endfacet
  facet normal 0 0 1
    outer loop
      vertex 40.85 32.80000000000001 1.4
      vertex 46.85 32.000000000000014 1.4
      vertex 46.85 32.80000000000001 1.4
    endloop
  endfacet
  facet normal 0 -1 0
    outer loop
      vertex 46.85 18.800000000000008 0.6
      vertex 47.80346153846152 18.800000000000008 1.3922115384615386
      vertex 46.85 18.800000000000008 1.4
    endloop
  endfacet
  facet normal -1 0 0
    outer loop
      vertex 46.85 18.800000000000008 1.4
      vertex 46.85 19.60000000000001 2.63
      vertex 46.85 19.60000000000001 1.4
    endloop
  endfacet
  facet normal -1 0 0
    outer loop
      vertex 46.85 18.800000000000008 1.4
      vertex 46.85 18.800000000000008 2.63
      vertex 46.85 19.60000000000001 2.6499999999999995
    endloop
  endfacet
  facet normal -1 0 0
    outer loop
      vertex 46.85 18.800000000000008 1.4
      vertex 46.85 19.60000000000001 2.6499999999999995
      vertex 46.85 19.60000000000001 2.63
    endloop
  endfacet
  facet normal -1 0 0
    outer loop
      vertex 46.85 18.800000000000008 2.63
      vertex 46.85 18.800000000000008 2.6499999999999995
      vertex 46.85 19.60000000000001 2.6499999999999995
    endloop
  endfacet
  facet normal 0 -1 0
    outer loop
      vertex 46.85 18.800000000000008 0.6
      vertex 144.7858024691358 18.800000000000008 0.6
      vertex 47.80346153846152 18.800000000000008 1.3922115384615386
    endloop
  endfacet
  facet normal 0 1 0
    outer loop
      vertex 46.85 19.60000000000001 0.6
      vertex 46.85 19.60000000000001 1.4
      vertex 146 19.60000000000001 0.6
    endloop
  endfacet
  facet normal 0 -1 0
    outer loop
      vertex 47.80346153846152 18.800000000000008 1.3922115384615386
      vertex 144.7858024691358 18.800000000000008 0.6
      vertex 49.2167532467532 18.800000000000008 2.5813092313092323
    endloop
  endfacet
  facet normal 0 1 0
    outer loop
      vertex 46.85 19.60000000000001 1.4
      vertex 46.85 19.60000000000001 2.63
      vertex 146 19.60000000000001 0.6
    endloop
  endfacet
  facet normal 0 -1 0
    outer loop
      vertex 49.2167532467532 18.800000000000008 2.5813092313092323
      vertex 144.7858024691358 18.800000000000008 0.6
      vertex 145.52392156862743 18.800000000000008 0.6
    endloop
  endfacet
  facet normal 0 1 0
    outer loop
      vertex 46.85 19.60000000000001 2.63
      vertex 146 19.60000000000001 2.63
      vertex 146 19.60000000000001 0.6
    endloop
  endfacet
  facet normal -1 0 0
    outer loop
      vertex 46.85 19.60000000000001 2.63
      vertex 46.85 19.60000000000001 2.6499999999999995
      vertex 46.85 20.90000000000001 2.63
    endloop
  endfacet
  facet normal -1 0 0
    outer loop
      vertex 46.85 18.800000000000008 2.6499999999999995
      vertex 46.85 18.800000000000008 3.44
      vertex 46.85 19.60000000000001 2.6499999999999995
    endloop
  endfacet
  facet normal -1 0 0
    outer loop
      vertex 46.85 19.60000000000001 2.6499999999999995
      vertex 46.85 20.90000000000001 3.44
      vertex 46.85 20.90000000000001 2.63
    endloop
  endfacet
  facet normal -1 0 0
    outer loop
      vertex 46.85 19.60000000000001 2.6499999999999995
      vertex 46.85 19.60000000000001 3.44
      vertex 46.85 20.90000000000001 3.44
    endloop
  endfacet
  facet normal 0 0 -1
    outer loop
      vertex 46.85 19.60000000000001 2.63
      vertex 46.85 20.90000000000001 2.63
      vertex 146 19.60000000000001 2.63
    endloop
  endfacet
  facet normal 0 1 0
    outer loop
      vertex 46.85 20.90000000000001 2.63
      vertex 46.85 20.90000000000001 3.44
      vertex 146 20.90000000000001 2.63
    endloop
  endfacet
  facet normal 0 0 1
    outer loop
      vertex 46.85 19.60000000000001 3.44
      vertex 146 20.90000000000001 3.44
      vertex 46.85 20.90000000000001 3.44
    endloop
  endfacet
  facet normal 0 0 -1
    outer loop
      vertex 46.85 20.90000000000001 2.63
      vertex 146 20.90000000000001 2.63
      vertex 146 19.60000000000001 2.63
    endloop
  endfacet
  facet normal 0 1 0
    outer loop
      vertex 46.85 20.90000000000001 3.44
      vertex 146 20.90000000000001 3.44
      vertex 146 20.90000000000001 2.63
    endloop
  endfacet
  facet normal 0 0 1
    outer loop
      vertex 46.85 19.60000000000001 3.44
      vertex 146 19.60000000000001 3.44
      vertex 146 20.90000000000001 3.44
    endloop
  endfacet
  facet normal 0 -1 0
    outer loop
      vertex 46.85 32.000000000000014 0.6
      vertex 144.7858024691358 32.000000000000014 0.6
      vertex 46.85 32.000000000000014 1.4
    endloop
  endfacet
  facet normal 0 1 0
    outer loop
      vertex 46.85 32.80000000000001 0.6
      vertex 46.85 32.80000000000001 1.4
      vertex 146 32.80000000000001 2.6298759580475997
    endloop
  endfacet
  facet normal 0 1 0
    outer loop
      vertex 46.85 32.80000000000001 0.6
      vertex 146 32.80000000000001 2.6298759580475997
      vertex 146 32.80000000000001 0.6
    endloop
  endfacet
  facet normal -1 0 0
    outer loop
      vertex 46.85 30.700000000000014 2.63
      vertex 46.85 32.000000000000014 2.6499999999999995
      vertex 46.85 32.000000000000014 2.63
    endloop
  endfacet
  facet normal -1 0 0
    outer loop
      vertex 46.85 30.700000000000014 2.63
      vertex 46.85 32.80000000000001 3.44
      vertex 46.85 32.000000000000014 2.6499999999999995
    endloop
  endfacet
  facet normal -1 0 0
    outer loop
      vertex 46.85 32.000000000000014 2.6499999999999995
      vertex 46.85 32.80000000000001 3.44
      vertex 46.85 32.80000000000001 2.6499999999999995
    endloop
  endfacet
  facet normal -1 0 0
    outer loop
      vertex 46.85 30.700000000000014 2.63
      vertex 46.85 30.700000000000014 3.44
      vertex 46.85 32.80000000000001 3.44
    endloop
  endfacet
  facet normal 0 0 -1
    outer loop
      vertex 46.85 30.700000000000014 2.63
      vertex 46.85 32.000000000000014 2.63
      vertex 146 30.700000000000014 2.63
    endloop
  endfacet
  facet normal 0 -1 0
    outer loop
      vertex 46.85 30.700000000000014 2.63
      vertex 146 30.700000000000014 3.44
      vertex 46.85 30.700000000000014 3.44
    endloop
  endfacet
  facet normal 0 0 1
    outer loop
      vertex 46.85 30.700000000000014 3.44
      vertex 146 32.00021177894313 3.44
      vertex 46.85 32.80000000000001 3.44
    endloop
  endfacet
  facet normal 0 0 1
    outer loop
      vertex 46.85 32.80000000000001 3.44
      vertex 146 32.00021177894313 3.44
      vertex 108.23476190476173 32.80000000000001 3.44
    endloop
  endfacet
  facet normal 0 0 -1
    outer loop
      vertex 46.85 32.000000000000014 2.63
      vertex 146 32.00000000000001 2.63
      vertex 146 30.700000000000014 2.63
    endloop
  endfacet
  facet normal 0 -1 0
    outer loop
      vertex 46.85 30.700000000000014 2.63
      vertex 146 30.700000000000014 2.63
      vertex 146 30.700000000000014 3.44
    endloop
  endfacet
  facet normal 0 0 1
    outer loop
      vertex 46.85 30.700000000000014 3.44
      vertex 146 30.700000000000014 3.44
      vertex 146 32.00021177894313 3.44
    endloop
  endfacet
  facet normal 1 0 0
    outer loop
      vertex 40.85 19.60000000000001 0.6
      vertex 40.85 32.000000000000014 0.6
      vertex 40.85 19.60000000000001 1.4
    endloop
  endfacet
  facet normal -1 0 0
    outer loop
      vertex 39.65 18.800000000000008 0.6
      vertex 39.65 18.800000000000008 1.4683823529411764
      vertex 39.65 32.80000000000001 2.4
    endloop
  endfacet
  facet normal 1 0 0
    outer loop
      vertex 40.85 19.20000000000001 1.4
      vertex 40.85 19.60000000000001 1.4
      vertex 40.85 19.066666666666677 1.7333333333333332
    endloop
  endfacet
  facet normal 1 0 0
    outer loop
      vertex 40.85 19.60000000000001 1.4
      vertex 40.85 32.000000000000014 1.4
      vertex 40.85 19.554285714285722 2.342857142857143
    endloop
  endfacet
  facet normal -1 0 0
    outer loop
      vertex 39.65 18.800000000000008 0.6
      vertex 39.65 32.80000000000001 1.4949999999999999
      vertex 39.65 32.008839779005534 0.6
    endloop
  endfacet
  facet normal 1 0 0
    outer loop
      vertex 40.85 32.000000000000014 0.6
      vertex 40.85 32.000000000000014 1.4
      vertex 40.85 19.60000000000001 1.4
    endloop
  endfacet
  facet normal -1 0 0
    outer loop
      vertex 39.65 18.800000000000008 0.6
      vertex 39.65 32.80000000000001 2.4
      vertex 39.65 32.80000000000001 1.4949999999999999
    endloop
  endfacet
  facet normal 1 0 0
    outer loop
      vertex 40.85 19.60000000000001 1.4
      vertex 40.85 18.800000000000008 2.4
      vertex 40.85 19.066666666666677 1.7333333333333332
    endloop
  endfacet
  facet normal 1 0 0
    outer loop
      vertex 40.85 19.066666666666677 1.7333333333333332
      vertex 40.85 18.800000000000008 2.4
      vertex 40.85 18.800000000000008 1.914705882352941
    endloop
  endfacet
  facet normal 1 0 0
    outer loop
      vertex 40.85 19.60000000000001 1.4
      vertex 40.85 19.554285714285722 2.342857142857143
      vertex 40.85 18.800000000000008 2.4
    endloop
  endfacet
  facet normal 1 0 0
    outer loop
      vertex 40.85 32.000000000000014 1.4
      vertex 40.85 19.60000000000001 2.3705882352941177
      vertex 40.85 19.554285714285722 2.342857142857143
    endloop
  endfacet
  facet normal -1 0 0
    outer loop
      vertex 39.65 18.800000000000008 1.4683823529411764
      vertex 39.65 19.188235294117657 2.346764705882353
      vertex 39.65 32.80000000000001 2.4
    endloop
  endfacet
  facet normal 1 0 0
    outer loop
      vertex 40.85 32.000000000000014 1.4
      vertex 40.85 19.60000000000001 2.4
      vertex 40.85 19.60000000000001 2.3705882352941177
    endloop
  endfacet
  facet normal 0 0 1
    outer loop
      vertex 39.65 18.800000000000008 2.4
      vertex 40.85 18.800000000000008 2.4
      vertex 40.78142857142857 19.60000000000001 2.4
    endloop
  endfacet
  facet normal -1 0 0
    outer loop
      vertex 39.65 19.188235294117657 2.346764705882353
      vertex 39.65 18.800000000000008 2.4
      vertex 39.65 32.80000000000001 2.4
    endloop
  endfacet
  facet normal 0 0 1
    outer loop
      vertex 39.65 18.800000000000008 2.4
      vertex 40.78142857142857 19.60000000000001 2.4
      vertex 39.65 32.80000000000001 2.4
    endloop
  endfacet
  facet normal 0 0 1
    outer loop
      vertex 40.85 19.60000000000001 2.4
      vertex 40.85 32.400000000000006 2.4
      vertex 40.78142857142857 19.60000000000001 2.4
    endloop
  endfacet
  facet normal 1 0 0
    outer loop
      vertex 40.85 32.000000000000014 1.4
      vertex 40.85 32.40000000000001 1.8999999999999977
      vertex 40.85 32.400000000000006 2.4
    endloop
  endfacet
  facet normal 1 0 0
    outer loop
      vertex 40.85 32.40000000000001 1.8999999999999977
      vertex 40.85 32.80000000000001 1.9
      vertex 40.85 32.80000000000001 2.339393939393939
    endloop
  endfacet
  facet normal 1 0 0
    outer loop
      vertex 40.85 32.000000000000014 1.4
      vertex 40.85 32.400000000000006 2.4
      vertex 40.85 19.60000000000001 2.4
    endloop
  endfacet
  facet normal 1 0 0
    outer loop
      vertex 40.85 32.40000000000001 1.8999999999999977
      vertex 40.85 32.80000000000001 2.339393939393939
      vertex 40.85 32.77714285714287 2.371428571428571
    endloop
  endfacet
  facet normal 1 0 0
    outer loop
      vertex 40.85 32.40000000000001 1.8999999999999977
      vertex 40.85 32.77714285714287 2.371428571428571
      vertex 40.85 32.400000000000006 2.4
    endloop
  endfacet
  facet normal 0 0 1
    outer loop
      vertex 40.78142857142857 19.60000000000001 2.4
      vertex 40.78142857142857 32.80000000000001 2.4
      vertex 39.65 32.80000000000001 2.4
    endloop
  endfacet
  facet normal 0 0 1
    outer loop
      vertex 40.78142857142857 19.60000000000001 2.4
      vertex 40.85 32.400000000000006 2.4
      vertex 40.78142857142857 32.80000000000001 2.4
    endloop
  endfacet
  facet normal 0 -1 0
    outer loop
      vertex 12.25 32.000000000000014 0.6
      vertex 33.06 32.000000000000014 0.6
      vertex 33.06 32.000000000000014 1.289999999999997
    endloop
  endfacet
  facet normal 0 -1 0
    outer loop
      vertex 12.25 32.000000000000014 0.6
      vertex 33.06 32.000000000000014 1.289999999999997
      vertex 12.25 32.000000000000014 1.2900000000000003
    endloop
  endfacet
  facet normal 1 0 0
    outer loop
      vertex 33.06 32.80000000000001 0.6
      vertex 33.06 32.800000000000004 1.29
      vertex 33.06 32.000000000000014 1.289999999999997
    endloop
  endfacet
  facet normal 1.0670091538925155e-17 1.7080354225002446e-16 -1
    outer loop
      vertex 12.25 32.80000000000001 1.2899999999999998
      vertex 12.25 34.10000000000001 1.29
      vertex 33.06 32.800000000000004 1.29
    endloop
  endfacet
  facet normal 0 0 -1
    outer loop
      vertex 12.25 34.10000000000001 1.29
      vertex 33.05 34.10000000000001 1.29
      vertex 33.06 32.800000000000004 1.29
    endloop
  endfacet
  facet normal 0 0 -1
    outer loop
      vertex 33.06 32.800000000000004 1.29
      vertex 33.05 34.10000000000001 1.29
      vertex 33.06 34.09611111111112 1.29
    endloop
  endfacet
  facet normal -2.2204460492491774e-14 -5.709718412359664e-14 -1
    outer loop
      vertex 33.06 34.09611111111112 1.29
      vertex 33.05 34.10000000000001 1.29
      vertex 33.06 34.10000000000001 1.2899999999999998
    endloop
  endfacet
  facet normal 0 1 0
    outer loop
      vertex 33.06 34.10000000000001 1.2899999999999998
      vertex 33.05 34.10000000000001 1.29
      vertex 33.05 34.10000000000001 2.0999999999999996
    endloop
  endfacet
  facet normal 1 0 0
    outer loop
      vertex 33.06 34.09611111111112 1.29
      vertex 33.06 34.10000000000001 1.2899999999999998
      vertex 33.06 34.10000000000001 2.0999999999999996
    endloop
  endfacet
  facet normal 1 0 0
    outer loop
      vertex 33.06 34.09611111111112 1.29
      vertex 33.06 34.10000000000001 2.0999999999999996
      vertex 33.06 34.09611111111112 2.0999999999999996
    endloop
  endfacet
  facet normal 0 1 0
    outer loop
      vertex 33.06 34.10000000000001 1.2899999999999998
      vertex 33.05 34.10000000000001 2.0999999999999996
      vertex 33.06 34.10000000000001 2.0999999999999996
    endloop
  endfacet
  facet normal 0 0 1
    outer loop
      vertex 33.06 34.09611111111112 2.0999999999999996
      vertex 33.06 34.10000000000001 2.0999999999999996
      vertex 33.05 34.10000000000001 2.0999999999999996
    endloop
  endfacet
  facet normal 0 0 -1
    outer loop
      vertex 36.39285714285713 32.25979955456571 1.29
      vertex 36.75643683176958 32.4295330569496 1.29
      vertex 37.2283923597294 32.324930362117 1.29
    endloop
  endfacet
  facet normal 0 0 -1
    outer loop
      vertex 33.06 32.800000000000004 1.29
      vertex 33.06 34.09611111111112 1.29
      vertex 36.39285714285713 32.80000000000001 1.29
    endloop
  endfacet
  facet normal 0 1 0
    outer loop
      vertex 12.25 34.10000000000001 1.29
      vertex 12.25 34.10000000000001 2.1100000000000003
      vertex 33.05 34.10000000000001 1.29
    endloop
  endfacet
  facet normal 0.36244626115494927 0.9320046715412956 9.830115117633326e-17
    outer loop
      vertex 36.39285714285713 32.80000000000001 1.29
      vertex 33.06 34.09611111111112 1.29
      vertex 33.06 34.09611111111112 2.0999999999999996
    endloop
  endfacet
  facet normal 0 0 -1
    outer loop
      vertex 36.39285714285713 32.00000000000001 1.29
      vertex 37.2283923597294 32.324930362117 1.29
      vertex 37.55 32.00000000000001 1.29
    endloop
  endfacet
  facet normal 0 0 -1
    outer loop
      vertex 36.75643683176958 32.4295330569496 1.29
      vertex 37.55 32.35000000000001 1.29
      vertex 37.2283923597294 32.324930362117 1.29
    endloop
  endfacet
  facet normal 0 0 -1
    outer loop
      vertex 36.75643683176958 32.4295330569496 1.29
      vertex 37.421428571428564 32.40000000000001 1.29
      vertex 37.55 32.35000000000001 1.29
    endloop
  endfacet
  facet normal 0 0 -1
    outer loop
      vertex 37.2283923597294 32.324930362117 1.29
      vertex 37.55 32.35000000000001 1.29
      vertex 37.55 32.00000000000001 1.29
    endloop
  endfacet
  facet normal 0 -1 0
    outer loop
      vertex 36.39285714285713 32.00000000000001 1.29
      vertex 37.55 32.00000000000001 1.29
      vertex 37.55 32.00000000000001 2.1100000000000003
    endloop
  endfacet
  facet normal 1 0 0
    outer loop
      vertex 37.55 32.00000000000001 1.29
      vertex 37.55 32.35000000000001 1.29
      vertex 37.55 32.00000000000001 2.1100000000000003
    endloop
  endfacet
  facet normal 0.3624462611549633 0.9320046715412901 8.075965232416361e-15
    outer loop
      vertex 37.421428571428564 32.40000000000001 1.29
      vertex 37.421428571428564 32.400000000000006 2.1100000000000003
      vertex 37.55 32.35000000000001 1.29
    endloop
  endfacet
  facet normal 0 0 1
    outer loop
      vertex 12.25 32.79862204724411 2.1100000000000003
      vertex 19.151698128761055 32.70351990767456 2.1100000000000003
      vertex 12.25 34.10000000000001 2.1100000000000003
    endloop
  endfacet
  facet normal 0 1 0
    outer loop
      vertex 33.05 34.10000000000001 1.29
      vertex 12.25 34.10000000000001 2.1100000000000003
      vertex 33.05 34.10000000000001 2.0999999999999996
    endloop
  endfacet
  facet normal 0 0 1
    outer loop
      vertex 12.25 34.10000000000001 2.1100000000000003
      vertex 19.151698128761055 32.70351990767456 2.1100000000000003
      vertex 33.05 34.10000000000001 2.1100000000000003
    endloop
  endfacet
  facet normal 0 1 0
    outer loop
      vertex 12.25 34.10000000000001 2.1100000000000003
      vertex 33.05 34.10000000000001 2.1100000000000003
      vertex 33.05 34.10000000000001 2.0999999999999996
    endloop
  endfacet
  facet normal 0 -1 0
    outer loop
      vertex 36.39285714285713 32.00000000000001 1.29
      vertex 37.55 32.00000000000001 2.1100000000000003
      vertex 36.39285714285713 32.00000000000001 2.1100000000000003
    endloop
  endfacet
  facet normal 0.3624462611550311 0.9320046715412639 3.8931274210203893e-13
    outer loop
      vertex 36.39285714285713 32.80000000000001 1.29
      vertex 33.06 34.09611111111112 2.0999999999999996
      vertex 33.05 34.10000000000001 2.1100000000000003
    endloop
  endfacet
  facet normal 0.3624462611549485 0.9320046715412958 0
    outer loop
      vertex 36.39285714285713 32.80000000000001 1.29
      vertex 33.05 34.10000000000001 2.1100000000000003
      vertex 36.39285714285713 32.80000000000001 2.1100000000000003
    endloop
  endfacet
  facet normal 0 0 1
    outer loop
      vertex 19.151698128761055 32.70351990767456 2.1100000000000003
      vertex 36.70976476353834 32.39210977701545 2.1100000000000003
      vertex 33.05 34.10000000000001 2.1100000000000003
    endloop
  endfacet
  facet normal 0 0 1
    outer loop
      vertex 31.018571428571384 32.00000000000001 2.1100000000000003
      vertex 36.39285714285713 32.00000000000001 2.1100000000000003
      vertex 36.70976476353834 32.39210977701545 2.1100000000000003
    endloop
  endfacet
  facet normal 0 0 1
    outer loop
      vertex 36.39285714285713 32.00000000000001 2.1100000000000003
      vertex 37.55 32.00000000000001 2.1100000000000003
      vertex 36.70976476353834 32.39210977701545 2.1100000000000003
    endloop
  endfacet
  facet normal 0.36244626115469275 0.9320046715413953 -2.6070422377289668e-17
    outer loop
      vertex 33.06 34.09611111111112 2.0999999999999996
      vertex 33.05 34.10000000000001 2.0999999999999996
      vertex 33.05 34.10000000000001 2.1100000000000003
    endloop
  endfacet
  facet normal 0 0 1
    outer loop
      vertex 36.39285714285713 32.80000000000001 2.1100000000000003
      vertex 33.05 34.10000000000001 2.1100000000000003
      vertex 36.55637496377861 32.46369168356999 2.1100000000000003
    endloop
  endfacet
  facet normal 0 0 1
    outer loop
      vertex 36.70976476353834 32.39210977701545 2.1100000000000003
      vertex 36.55637496377861 32.46369168356999 2.1100000000000003
      vertex 33.05 34.10000000000001 2.1100000000000003
    endloop
  endfacet
  facet normal 0.3624462611549186 0.9320046715413076 0
    outer loop
      vertex 37.55 32.35000000000001 1.29
      vertex 37.421428571428564 32.400000000000006 2.1100000000000003
      vertex 37.55 32.35000000000001 2.1100000000000003
    endloop
  endfacet
  facet normal 1 0 0
    outer loop
      vertex 37.55 32.35000000000001 1.29
      vertex 37.55 32.35000000000001 2.1100000000000003
      vertex 37.55 32.00000000000001 2.1100000000000003
    endloop
  endfacet
  facet normal 0 0 1
    outer loop
      vertex 36.70976476353834 32.39210977701545 2.1100000000000003
      vertex 37.55 32.00000000000001 2.1100000000000003
      vertex 37.33155757286192 32.43494983277593 2.1100000000000003
    endloop
  endfacet
  facet normal 0 0 1
    outer loop
      vertex 37.421428571428564 32.400000000000006 2.1100000000000003
      vertex 37.55 32.00000000000001 2.1100000000000003
      vertex 37.55 32.35000000000001 2.1100000000000003
    endloop
  endfacet
  facet normal 0 0 1
    outer loop
      vertex 37.421428571428564 32.400000000000006 2.1100000000000003
      vertex 37.33155757286192 32.43494983277593 2.1100000000000003
      vertex 37.55 32.00000000000001 2.1100000000000003
    endloop
  endfacet
  facet normal 0 1 1.0297720808117394e-14
    outer loop
      vertex 12.25 46.00000000000001 0.6
      vertex 33.06 46 1.29
      vertex 33.06 46.00000000000001 0.6
    endloop
  endfacet
  facet normal 1 0 0
    outer loop
      vertex 33.06 45.20000000000001 0.6
      vertex 33.06 46.00000000000001 0.6
      vertex 33.06 45.2 1.29
    endloop
  endfacet
  facet normal 3.4144292924560314e-16 1 0
    outer loop
      vertex 12.25 46.00000000000001 0.6
      vertex 12.25 46.00000000000001 1.2899999999999998
      vertex 33.06 46 1.29
    endloop
  endfacet
  facet normal 1 0 0
    outer loop
      vertex 33.06 46.00000000000001 0.6
      vertex 33.06 46 1.29
      vertex 33.06 45.2 1.29
    endloop
  endfacet
  facet normal 0 -1.7080354225002444e-16 -1
    outer loop
      vertex 12.25 43.900000000000006 1.29
      vertex 12.25 45.2 1.2899999999999998
      vertex 33.05 43.900000000000006 1.29
    endloop
  endfacet
  facet normal -2.2204460492239456e-14 -3.5544217141808206e-13 -1
    outer loop
      vertex 12.25 45.2 1.2899999999999998
      vertex 33.06 43.90000000000001 1.2899999999999998
      vertex 33.05 43.900000000000006 1.29
    endloop
  endfacet
  facet normal 3.566859171591149e-15 5.709718412370184e-14 -1
    outer loop
      vertex 12.25 45.2 1.2899999999999998
      vertex 33.06 43.90388888888889 1.29
      vertex 33.06 43.90000000000001 1.2899999999999998
    endloop
  endfacet
  facet normal 1.0670091538925097e-17 0 -1
    outer loop
      vertex 12.25 45.2 1.2899999999999998
      vertex 33.06 45.2 1.29
      vertex 33.06 43.90388888888889 1.29
    endloop
  endfacet
  facet normal 7.105427357597367e-13 -1 0
    outer loop
      vertex 33.06 43.90000000000001 1.2899999999999998
      vertex 33.06 43.90000000000001 2.0999999999999996
      vertex 33.05 43.900000000000006 1.29
    endloop
  endfacet
  facet normal 1 0 0
    outer loop
      vertex 33.06 43.90000000000001 1.2899999999999998
      vertex 33.06 43.90388888888889 1.29
      vertex 33.06 43.90388888888889 2.0999999999999996
    endloop
  endfacet
  facet normal 0 -1 8.772132540248153e-15
    outer loop
      vertex 33.05 43.900000000000006 1.29
      vertex 33.06 43.90000000000001 2.0999999999999996
      vertex 33.05000000000002 43.90000000000001 2.0999999999999996
    endloop
  endfacet
  facet normal 1 0 0
    outer loop
      vertex 33.06 43.90000000000001 1.2899999999999998
      vertex 33.06 43.90388888888889 2.0999999999999996
      vertex 33.06 43.90000000000001 2.0999999999999996
    endloop
  endfacet
  facet normal 0 0 1
    outer loop
      vertex 33.06 43.90000000000001 2.0999999999999996
      vertex 33.06 43.90388888888889 2.0999999999999996
      vertex 33.05000000000002 43.90000000000001 2.0999999999999996
    endloop
  endfacet
  facet normal 0 0 -1
    outer loop
      vertex 33.06 43.90388888888889 1.29
      vertex 33.06 45.2 1.29
      vertex 35.83635038430956 45.2 1.29
    endloop
  endfacet
  facet normal 0 0 -1
    outer loop
      vertex 33.06 43.90388888888889 1.29
      vertex 35.83635038430956 45.2 1.29
      vertex 36.39285714285713 45.2 1.29
    endloop
  endfacet
  facet normal 0 0 -1
    outer loop
      vertex 33.06 45.2 1.29
      vertex 36.39285714285713 45.459799554565706 1.29
      vertex 35.83635038430956 45.2 1.29
    endloop
  endfacet
  facet normal 0 0 -1
    outer loop
      vertex 36.39285714285713 46.00000000000001 1.29
      vertex 37.55 46.00000000000001 1.29
      vertex 37.024132446500865 45.754504048583 1.29
    endloop
  endfacet
  facet normal 0 -1 8.772132540248155e-15
    outer loop
      vertex 12.25 43.900000000000006 1.29
      vertex 33.05 43.900000000000006 1.29
      vertex 33.05000000000002 43.90000000000001 2.0999999999999996
    endloop
  endfacet
  facet normal 0.3624462611549493 -0.9320046715412956 -9.710235664979255e-17
    outer loop
      vertex 33.06 43.90388888888889 1.29
      vertex 36.39285714285713 45.2 1.29
      vertex 36.39285714285713 45.2 2.1100000000000003
    endloop
  endfacet
  facet normal 0 1 0
    outer loop
      vertex 36.39285714285713 46.00000000000001 1.29
      vertex 36.39285714285713 46.00000000000001 2.1100000000000003
      vertex 37.55 46.00000000000001 1.29
    endloop
  endfacet
  facet normal 0 0 -1
    outer loop
      vertex 37.024132446500865 45.754504048583 1.29
      vertex 37.55 46.00000000000001 1.29
      vertex 37.421428571428564 45.60000000000001 1.29
    endloop
  endfacet
  facet normal 0 0 -1
    outer loop
      vertex 37.421428571428564 45.60000000000001 1.29
      vertex 37.55 46.00000000000001 1.29
      vertex 37.55 45.650000000000006 1.29
    endloop
  endfacet
  facet normal 0.3624462611549186 -0.9320046715413076 -2.3221905237664003e-18
    outer loop
      vertex 37.421428571428564 45.60000000000001 1.29
      vertex 37.55 45.650000000000006 1.29
      vertex 37.55 45.650000000000006 2.1100000000000003
    endloop
  endfacet
  facet normal 1 0 0
    outer loop
      vertex 37.55 45.650000000000006 1.29
      vertex 37.55 46.00000000000001 1.29
      vertex 37.55 45.650000000000006 2.1100000000000003
    endloop
  endfacet
  facet normal 0 -1 0
    outer loop
      vertex 12.25 43.900000000000006 1.29
      vertex 33.05 43.900000000000006 2.1100000000000003
      vertex 12.25 43.900000000000006 2.1100000000000003
    endloop
  endfacet
  facet normal 2.801178092899956e-14 -1 -7.105427357599884e-13
    outer loop
      vertex 12.25 43.900000000000006 1.29
      vertex 33.05000000000002 43.90000000000001 2.0999999999999996
      vertex 33.05 43.900000000000006 2.1100000000000003
    endloop
  endfacet
  facet normal 0 0 1
    outer loop
      vertex 12.25 43.900000000000006 2.1100000000000003
      vertex 35.835714285714275 46.00000000000001 2.1100000000000003
      vertex 12.25 46.00000000000001 2.1100000000000003
    endloop
  endfacet
  facet normal 0 0 1
    outer loop
      vertex 12.25 43.900000000000006 2.1100000000000003
      vertex 33.05 43.900000000000006 2.1100000000000003
      vertex 36.39285714285713 45.2 2.1100000000000003
    endloop
  endfacet
  facet normal 0.36244626115494927 -0.9320046715412956 0
    outer loop
      vertex 33.06 43.90388888888889 1.29
      vertex 36.39285714285713 45.2 2.1100000000000003
      vertex 33.06 43.90388888888889 2.0999999999999996
    endloop
  endfacet
  facet normal 0 0 1
    outer loop
      vertex 12.25 43.900000000000006 2.1100000000000003
      vertex 36.39285714285713 45.2 2.1100000000000003
      vertex 37.02402597402597 45.44545454545455 2.1100000000000003
    endloop
  endfacet
  facet normal 0 0 1
    outer loop
      vertex 12.25 43.900000000000006 2.1100000000000003
      vertex 37.02402597402597 45.44545454545455 2.1100000000000003
      vertex 37.421428571428564 45.60000000000001 2.1100000000000003
    endloop
  endfacet
  facet normal 0 0 1
    outer loop
      vertex 12.25 43.900000000000006 2.1100000000000003
      vertex 37.55 45.650000000000006 2.1100000000000003
      vertex 35.835714285714275 46.00000000000001 2.1100000000000003
    endloop
  endfacet
  facet normal 0 0 1
    outer loop
      vertex 12.25 43.900000000000006 2.1100000000000003
      vertex 37.421428571428564 45.60000000000001 2.1100000000000003
      vertex 37.55 45.650000000000006 2.1100000000000003
    endloop
  endfacet
  facet normal 0.3624462611547886 -0.9320046715413581 6.163865948988703e-11
    outer loop
      vertex 33.05000000000002 43.90000000000001 2.0999999999999996
      vertex 33.06 43.90388888888889 2.0999999999999996
      vertex 36.39285714285713 45.2 2.1100000000000003
    endloop
  endfacet
  facet normal 0.36244626115494855 -0.932004671541296 1.1037152484301712e-13
    outer loop
      vertex 33.05000000000002 43.90000000000001 2.0999999999999996
      vertex 36.39285714285713 45.2 2.1100000000000003
      vertex 33.05 43.900000000000006 2.1100000000000003
    endloop
  endfacet
  facet normal 0 0 1
    outer loop
      vertex 35.835714285714275 46.00000000000001 2.1100000000000003
      vertex 37.55 45.650000000000006 2.1100000000000003
      vertex 36.39285714285713 46.00000000000001 2.1100000000000003
    endloop
  endfacet
  facet normal 0.3624462611549186 -0.9320046715413076 0
    outer loop
      vertex 37.421428571428564 45.60000000000001 1.29
      vertex 37.55 45.650000000000006 2.1100000000000003
      vertex 37.421428571428564 45.60000000000001 2.1100000000000003
    endloop
  endfacet
  facet normal 1 0 0
    outer loop
      vertex 37.55 46.00000000000001 1.29
      vertex 37.55 46.00000000000001 2.1100000000000003
      vertex 37.55 45.650000000000006 2.1100000000000003
    endloop
  endfacet
  facet normal 0 1 0
    outer loop
      vertex 37.55 46.00000000000001 1.29
      vertex 36.39285714285713 46.00000000000001 2.1100000000000003
      vertex 37.55 46.00000000000001 2.1100000000000003
    endloop
  endfacet
  facet normal 0 0 1
    outer loop
      vertex 36.39285714285713 46.00000000000001 2.1100000000000003
      vertex 37.55 45.650000000000006 2.1100000000000003
      vertex 37.55 46.00000000000001 2.1100000000000003
    endloop
  endfacet
  facet normal 0 -1 0
    outer loop
      vertex 40.85 32.000000000000014 0.6
      vertex 46.85 32.000000000000014 0.6
      vertex 40.85 32.000000000000014 1.4
    endloop
  endfacet
  facet normal 0 -1 0
    outer loop
      vertex 46.85 32.000000000000014 0.6
      vertex 46.85 32.000000000000014 1.4
      vertex 40.85 32.000000000000014 1.4
    endloop
  endfacet
  facet normal 0 0 1
    outer loop
      vertex 40.85 32.000000000000014 1.4
      vertex 46.85 32.000000000000014 1.4
      vertex 40.85 32.80000000000001 1.4
    endloop
  endfacet
  facet normal 0 1 0
    outer loop
      vertex 40.85 46.00000000000001 0.6
      vertex 46.85 46.00000000000001 1.4
      vertex 46.85 46.00000000000001 0.6
    endloop
  endfacet
  facet normal 0 1 0
    outer loop
      vertex 40.85 46.00000000000001 0.6
      vertex 40.85 46.00000000000001 1.4
      vertex 46.85 46.00000000000001 1.4
    endloop
  endfacet
  facet normal 0 0 1
    outer loop
      vertex 40.85 45.20000000000001 1.4
      vertex 46.85 45.20000000000001 1.4
      vertex 40.85 46.00000000000001 1.4
    endloop
  endfacet
  facet normal 0 0 1
    outer loop
      vertex 40.85 46.00000000000001 1.4
      vertex 46.85 45.20000000000001 1.4
      vertex 46.85 46.00000000000001 1.4
    endloop
  endfacet
  facet normal -1 0 0
    outer loop
      vertex 46.85 32.000000000000014 1.4
      vertex 46.85 32.80000000000001 2.63
      vertex 46.85 32.80000000000001 1.4
    endloop
  endfacet
  facet normal -1 0 0
    outer loop
      vertex 46.85 32.000000000000014 1.4
      vertex 46.85 32.000000000000014 2.63
      vertex 46.85 32.80000000000001 2.6499999999999995
    endloop
  endfacet
  facet normal -1 0 0
    outer loop
      vertex 46.85 32.000000000000014 1.4
      vertex 46.85 32.80000000000001 2.6499999999999995
      vertex 46.85 32.80000000000001 2.63
    endloop
  endfacet
  facet normal -1 0 0
    outer loop
      vertex 46.85 32.000000000000014 2.63
      vertex 46.85 32.000000000000014 2.6499999999999995
      vertex 46.85 32.80000000000001 2.6499999999999995
    endloop
  endfacet
  facet normal 0 -1 0
    outer loop
      vertex 46.85 32.000000000000014 1.4
      vertex 144.7858024691358 32.000000000000014 0.6
      vertex 46.85 32.000000000000014 2.63
    endloop
  endfacet
  facet normal 0 -1 0
    outer loop
      vertex 46.85 32.000000000000014 2.63
      vertex 144.7858024691358 32.000000000000014 0.6
      vertex 146 32.000000000000014 0.6
    endloop
  endfacet
  facet normal 0 1 0
    outer loop
      vertex 46.85 32.80000000000001 1.4
      vertex 46.85 32.80000000000001 2.63
      vertex 146 32.80000000000001 2.6298759580475997
    endloop
  endfacet
  facet normal -7.166341258296522e-17 -1 -3.5002105209857157e-15
    outer loop
      vertex 46.85 32.000000000000014 2.63
      vertex 146 32.000000000000014 0.6
      vertex 146 32.00000000000001 2.63
    endloop
  endfacet
  facet normal 0 1 0
    outer loop
      vertex 46.85 32.80000000000001 2.63
      vertex 146 32.80000000000001 2.63
      vertex 146 32.80000000000001 2.6298759580475997
    endloop
  endfacet
  facet normal -1 0 0
    outer loop
      vertex 46.85 32.80000000000001 2.63
      vertex 46.85 32.80000000000001 2.6499999999999995
      vertex 46.85 34.10000000000001 2.63
    endloop
  endfacet
  facet normal -1 0 0
    outer loop
      vertex 46.85 32.80000000000001 2.6499999999999995
      vertex 46.85 34.10000000000001 3.44
      vertex 46.85 34.10000000000001 2.63
    endloop
  endfacet
  facet normal -1 0 0
    outer loop
      vertex 46.85 32.80000000000001 2.6499999999999995
      vertex 46.85 32.80000000000001 3.44
      vertex 46.85 34.10000000000001 3.44
    endloop
  endfacet
  facet normal 0 0 1
    outer loop
      vertex 46.85 32.80000000000001 3.44
      vertex 108.23476190476173 32.80000000000001 3.44
      vertex 46.85 34.10000000000001 3.44
    endloop
  endfacet
  facet normal 0 0 -1
    outer loop
      vertex 46.85 32.80000000000001 2.63
      vertex 46.85 34.10000000000001 2.63
      vertex 146 32.80000000000001 2.63
    endloop
  endfacet
  facet normal 0 1 0
    outer loop
      vertex 46.85 34.10000000000001 2.63
      vertex 46.85 34.10000000000001 3.44
      vertex 146 34.10000000000001 2.63
    endloop
  endfacet
  facet normal 0 0 1
    outer loop
      vertex 46.85 34.10000000000001 3.44
      vertex 108.23476190476173 32.80000000000001 3.44
      vertex 146 34.10000000000001 3.44
    endloop
  endfacet
  facet normal 0 0 -1
    outer loop
      vertex 46.85 34.10000000000001 2.63
      vertex 146 34.10000000000001 2.63
      vertex 146 32.80000000000001 2.63
    endloop
  endfacet
  facet normal 0 1 0
    outer loop
      vertex 46.85 34.10000000000001 3.44
      vertex 146 34.10000000000001 3.44
      vertex 146 34.10000000000001 2.63
    endloop
  endfacet
  facet normal 0 0 1
    outer loop
      vertex 108.23476190476173 32.80000000000001 3.44
      vertex 146 32.00021177894313 3.44
      vertex 146 34.10000000000001 3.44
    endloop
  endfacet
  facet normal -1 4.1539421475206174e-13 -2.700062395888453e-11
    outer loop
      vertex 46.85 43.90000000000001 2.63
      vertex 46.85 45.20000000000001 2.6499999999999995
      vertex 46.85000000000054 45.2 2.63
    endloop
  endfacet
  facet normal -1 0 0
    outer loop
      vertex 46.85 43.90000000000001 2.63
      vertex 46.85 43.90000000000001 3.44
      vertex 46.85 45.20000000000001 2.6499999999999995
    endloop
  endfacet
  facet normal -1 0 0
    outer loop
      vertex 46.85 45.20000000000001 2.6499999999999995
      vertex 46.85 43.90000000000001 3.44
      vertex 46.85 45.2 3.44
    endloop
  endfacet
  facet normal 0 0 1
    outer loop
      vertex 46.85 43.90000000000001 3.44
      vertex 84.62523809523861 45.2 3.44
      vertex 46.85 45.2 3.44
    endloop
  endfacet
  facet normal 0 0 -1
    outer loop
      vertex 46.85 43.90000000000001 2.63
      vertex 46.85000000000054 45.2 2.63
      vertex 146 43.90000000000001 2.63
    endloop
  endfacet
  facet normal 0 -1 0
    outer loop
      vertex 46.85 43.90000000000001 2.63
      vertex 146 43.90000000000001 3.44
      vertex 46.85 43.90000000000001 3.44
    endloop
  endfacet
  facet normal 0 0 1
    outer loop
      vertex 46.85 43.90000000000001 3.44
      vertex 146 43.90000000000001 3.44
      vertex 84.62523809523861 45.2 3.44
    endloop
  endfacet
  facet normal -1.8363749474384838e-16 -1.4005890464502007e-14 -1
    outer loop
      vertex 46.85000000000054 45.2 2.63
      vertex 146 45.20000000000001 2.6299999999999817
      vertex 146 43.90000000000001 2.63
    endloop
  endfacet
  facet normal 0 -1 0
    outer loop
      vertex 46.85 43.90000000000001 2.63
      vertex 146 43.90000000000001 2.63
      vertex 146 43.90000000000001 3.44
    endloop
  endfacet
  facet normal 0 0 1
    outer loop
      vertex 84.62523809523861 45.2 3.44
      vertex 146 45.20021177894313 3.44
      vertex 108.23476190476138 46.000000000000014 3.44
    endloop
  endfacet
  facet normal 0 0 1
    outer loop
      vertex 84.62523809523861 45.2 3.44
      vertex 146 43.90000000000001 3.44
      vertex 146 45.20021177894313 3.44
    endloop
  endfacet
  facet normal 1 0 0
    outer loop
      vertex 40.85 32.80000000000001 0.6
      vertex 40.85 45.20000000000001 0.6
      vertex 40.85 32.80000000000001 1.4
    endloop
  endfacet
  facet normal -1 0 0
    outer loop
      vertex 39.65 32.008839779005534 0.6
      vertex 39.65 45.2 1.4683823529411764
      vertex 39.65 45.2 0.6
    endloop
  endfacet
  facet normal 1 0 0
    outer loop
      vertex 40.85 45.20000000000001 0.6
      vertex 40.85 45.20000000000001 1.4
      vertex 40.85 32.80000000000001 1.4
    endloop
  endfacet
  facet normal -1 0 0
    outer loop
      vertex 39.65 32.008839779005534 0.6
      vertex 39.65 32.80000000000001 1.4949999999999999
      vertex 39.65 45.58823529411765 2.3467647058823524
    endloop
  endfacet
  facet normal 1 0 0
    outer loop
      vertex 40.85 32.000000000000014 1.4
      vertex 40.85 32.80000000000001 1.4
      vertex 40.85 32.40000000000001 1.8999999999999977
    endloop
  endfacet
  facet normal 1 0 0
    outer loop
      vertex 40.85 32.80000000000001 1.4
      vertex 40.85 45.20000000000001 1.4
      vertex 40.85 32.80000000000001 1.9
    endloop
  endfacet
  facet normal -1 0 0
    outer loop
      vertex 39.65 32.008839779005534 0.6
      vertex 39.65 45.58823529411765 2.3467647058823524
      vertex 39.65 45.2 1.4683823529411764
    endloop
  endfacet
  facet normal 1 0 0
    outer loop
      vertex 40.85 32.80000000000001 1.4
      vertex 40.85 32.80000000000001 1.9
      vertex 40.85 32.40000000000001 1.8999999999999977
    endloop
  endfacet
  facet normal 1 0 0
    outer loop
      vertex 40.85 45.20000000000001 1.4
      vertex 40.85 32.80000000000001 2.339393939393939
      vertex 40.85 32.80000000000001 1.9
    endloop
  endfacet
  facet normal 1 0 0
    outer loop
      vertex 40.85 45.20000000000001 1.4
      vertex 40.85 32.77714285714287 2.371428571428571
      vertex 40.85 32.80000000000001 2.339393939393939
    endloop
  endfacet
  facet normal -1 0 0
    outer loop
      vertex 39.65 32.80000000000001 1.4949999999999999
      vertex 39.65 32.80000000000001 2.4
      vertex 39.65 45.2 2.4
    endloop
  endfacet
  facet normal 1 0 0
    outer loop
      vertex 40.85 45.20000000000001 1.4
      vertex 40.85 45.60000000000001 1.8999999999999977
      vertex 40.85 32.77714285714287 2.371428571428571
    endloop
  endfacet
  facet normal -1 0 0
    outer loop
      vertex 39.65 32.80000000000001 1.4949999999999999
      vertex 39.65 45.2 2.4
      vertex 39.65 45.58823529411765 2.3467647058823524
    endloop
  endfacet
  facet normal 1 0 0
    outer loop
      vertex 40.85 45.60000000000001 1.8999999999999977
      vertex 40.85 46.00000000000001 1.9
      vertex 40.85 46.00000000000001 2.4
    endloop
  endfacet
  facet normal 0 0 1
    outer loop
      vertex 40.85 32.400000000000006 2.4
      vertex 39.71857142857143 45.2 2.4
      vertex 40.78142857142857 32.80000000000001 2.4
    endloop
  endfacet
  facet normal 0 0 1
    outer loop
      vertex 39.65 32.80000000000001 2.4
      vertex 40.78142857142857 32.80000000000001 2.4
      vertex 39.71857142857143 45.2 2.4
    endloop
  endfacet
  facet normal 1 0 0
    outer loop
      vertex 40.85 32.77714285714287 2.371428571428571
      vertex 40.85 46.00000000000001 2.4
      vertex 40.85 32.400000000000006 2.4
    endloop
  endfacet
  facet normal 1 0 0
    outer loop
      vertex 40.85 45.60000000000001 1.8999999999999977
      vertex 40.85 46.00000000000001 2.4
      vertex 40.85 32.77714285714287 2.371428571428571
    endloop
  endfacet
  facet normal 0 0 1
    outer loop
      vertex 39.65 32.80000000000001 2.4
      vertex 39.71857142857143 45.2 2.4
      vertex 39.65 45.2 2.4
    endloop
  endfacet
  facet normal 0 0 1
    outer loop
      vertex 40.85 32.400000000000006 2.4
      vertex 40.78142857142857 46.00000000000001 2.4
      vertex 39.71857142857143 45.2 2.4
    endloop
  endfacet
  facet normal 0 0 1
    outer loop
      vertex 40.85 32.400000000000006 2.4
      vertex 40.85 46.00000000000001 2.4
      vertex 40.78142857142857 46.00000000000001 2.4
    endloop
  endfacet
  facet normal 0 -1 -1.0297720808117394e-14
    outer loop
      vertex 33.06 45.20000000000001 0.6
      vertex 33.06 45.2 1.29
      vertex 12.25 45.20000000000001 0.6
    endloop
  endfacet
  facet normal 1.0987762366490636e-31 -1 -1.0297720808117396e-14
    outer loop
      vertex 12.25 45.2 1.2899999999999998
      vertex 12.25 45.20000000000001 0.6
      vertex 33.06 45.2 1.29
    endloop
  endfacet
  facet normal 1.0670091538925155e-17 1.7080354225002446e-16 -1
    outer loop
      vertex 12.25 46.00000000000001 1.2899999999999998
      vertex 12.25 47.300000000000004 1.29
      vertex 33.06 46 1.29
    endloop
  endfacet
  facet normal 0 0 -1
    outer loop
      vertex 12.25 47.300000000000004 1.29
      vertex 33.05 47.300000000000004 1.29
      vertex 33.06 46 1.29
    endloop
  endfacet
  facet normal 0 0 -1
    outer loop
      vertex 33.06 46 1.29
      vertex 33.05 47.300000000000004 1.29
      vertex 33.06 47.29611111111112 1.29
    endloop
  endfacet
  facet normal -2.2204460492491774e-14 -5.709718412359664e-14 -1
    outer loop
      vertex 33.06 47.29611111111112 1.29
      vertex 33.05 47.300000000000004 1.29
      vertex 33.06 47.300000000000004 1.2899999999999998
    endloop
  endfacet
  facet normal 0 1 0
    outer loop
      vertex 33.06 47.300000000000004 1.2899999999999998
      vertex 33.05 47.300000000000004 1.29
      vertex 33.05 47.300000000000004 2.0999999999999996
    endloop
  endfacet
  facet normal 1 0 0
    outer loop
      vertex 33.06 47.29611111111112 1.29
      vertex 33.06 47.300000000000004 1.2899999999999998
      vertex 33.06 47.300000000000004 2.0999999999999996
    endloop
  endfacet
  facet normal 1 0 0
    outer loop
      vertex 33.06 47.29611111111112 1.29
      vertex 33.06 47.300000000000004 2.0999999999999996
      vertex 33.06 47.29611111111112 2.0999999999999996
    endloop
  endfacet
  facet normal 0 1 0
    outer loop
      vertex 33.06 47.300000000000004 1.2899999999999998
      vertex 33.05 47.300000000000004 2.0999999999999996
      vertex 33.06 47.300000000000004 2.0999999999999996
    endloop
  endfacet
  facet normal 0 0 1
    outer loop
      vertex 33.06 47.29611111111112 2.0999999999999996
      vertex 33.06 47.300000000000004 2.0999999999999996
      vertex 33.05 47.300000000000004 2.0999999999999996
    endloop
  endfacet
  facet normal 0 0 -1
    outer loop
      vertex 33.06 45.2 1.29
      vertex 33.06 46 1.29
      vertex 36.39285714285713 45.459799554565706 1.29
    endloop
  endfacet
  facet normal 0 0 -1
    outer loop
      vertex 33.06 46 1.29
      vertex 36.39285714285713 46.00000000000001 1.29
      vertex 37.024132446500865 45.754504048583 1.29
    endloop
  endfacet
  facet normal 0 0 -1
    outer loop
      vertex 36.39285714285713 45.459799554565706 1.29
      vertex 33.06 46 1.29
      vertex 37.55 45.550000000000004 1.29
    endloop
  endfacet
  facet normal 0 0 -1
    outer loop
      vertex 33.06 46 1.29
      vertex 37.024132446500865 45.754504048583 1.29
      vertex 37.421428571428564 45.60000000000001 1.29
    endloop
  endfacet
  facet normal 0 0 -1
    outer loop
      vertex 33.06 46 1.29
      vertex 37.421428571428564 45.60000000000001 1.29
      vertex 37.55 45.550000000000004 1.29
    endloop
  endfacet
  facet normal 0 0 -1
    outer loop
      vertex 35.83635038430956 45.2 1.29
      vertex 36.39285714285713 45.459799554565706 1.29
      vertex 36.39285714285713 45.2 1.29
    endloop
  endfacet
  facet normal 0 0 -1
    outer loop
      vertex 36.39285714285713 45.2 1.29
      vertex 36.39285714285713 45.459799554565706 1.29
      vertex 37.55 45.2 1.29
    endloop
  endfacet
  facet normal 0 0 -1
    outer loop
      vertex 33.06 46 1.29
      vertex 33.06 47.29611111111112 1.29
      vertex 36.39285714285713 46.00000000000001 1.29
    endloop
  endfacet
  facet normal 0 1 0
    outer loop
      vertex 12.25 47.300000000000004 1.29
      vertex 12.25 47.300000000000004 2.1100000000000003
      vertex 33.05 47.300000000000004 1.29
    endloop
  endfacet
  facet normal 0 -1 0
    outer loop
      vertex 36.39285714285713 45.2 1.29
      vertex 37.55 45.2 1.29
      vertex 36.39285714285713 45.2 2.1100000000000003
    endloop
  endfacet
  facet normal 0.3624462611549493 0.9320046715412956 9.710235664979255e-17
    outer loop
      vertex 33.06 47.29611111111112 1.29
      vertex 36.39285714285713 46.00000000000001 2.1100000000000003
      vertex 36.39285714285713 46.00000000000001 1.29
    endloop
  endfacet
  facet normal 0 0 -1
    outer loop
      vertex 36.39285714285713 45.459799554565706 1.29
      vertex 37.55 45.550000000000004 1.29
      vertex 37.55 45.2 1.29
    endloop
  endfacet
  facet normal 1 0 0
    outer loop
      vertex 37.55 45.2 1.29
      vertex 37.55 45.550000000000004 1.29
      vertex 37.55 45.2 2.1100000000000003
    endloop
  endfacet
  facet normal 0.3624462611549633 0.9320046715412901 3.505193241399873e-19
    outer loop
      vertex 37.421428571428564 45.60000000000001 1.29
      vertex 37.55 45.550000000000004 2.1100000000000003
      vertex 37.55 45.550000000000004 1.29
    endloop
  endfacet
  facet normal 0 1 0
    outer loop
      vertex 33.05 47.300000000000004 1.29
      vertex 12.25 47.300000000000004 2.1100000000000003
      vertex 33.05 47.300000000000004 2.0999999999999996
    endloop
  endfacet
  facet normal 0 0 1
    outer loop
      vertex 12.25 46.00000000000001 2.1100000000000003
      vertex 33.05 47.300000000000004 2.1100000000000003
      vertex 12.25 47.300000000000004 2.1100000000000003
    endloop
  endfacet
  facet normal 0 1 0
    outer loop
      vertex 12.25 47.300000000000004 2.1100000000000003
      vertex 33.05 47.300000000000004 2.1100000000000003
      vertex 33.05 47.300000000000004 2.0999999999999996
    endloop
  endfacet
  facet normal 0 0 1
    outer loop
      vertex 12.25 46.00000000000001 2.1100000000000003
      vertex 35.835714285714275 46.00000000000001 2.1100000000000003
      vertex 33.05 47.300000000000004 2.1100000000000003
    endloop
  endfacet
  facet normal 0.36244626115494927 0.9320046715412956 0
    outer loop
      vertex 33.06 47.29611111111112 1.29
      vertex 33.06 47.29611111111112 2.0999999999999996
      vertex 36.39285714285713 46.00000000000001 2.1100000000000003
    endloop
  endfacet
  facet normal 0 0 1
    outer loop
      vertex 36.39285714285713 45.2 2.1100000000000003
      vertex 37.55 45.2 2.1100000000000003
      vertex 37.02402597402597 45.44545454545455 2.1100000000000003
    endloop
  endfacet
  facet normal 0.36244626115469275 0.9320046715413953 -2.6070422377289668e-17
    outer loop
      vertex 33.06 47.29611111111112 2.0999999999999996
      vertex 33.05 47.300000000000004 2.0999999999999996
      vertex 33.05 47.300000000000004 2.1100000000000003
    endloop
  endfacet
  facet normal 0.36244626115494855 0.932004671541296 2.9444311582246805e-13
    outer loop
      vertex 33.06 47.29611111111112 2.0999999999999996
      vertex 33.05 47.300000000000004 2.1100000000000003
      vertex 36.39285714285713 46.00000000000001 2.1100000000000003
    endloop
  endfacet
  facet normal 0 0 1
    outer loop
      vertex 33.05 47.300000000000004 2.1100000000000003
      vertex 35.835714285714275 46.00000000000001 2.1100000000000003
      vertex 36.39285714285713 46.00000000000001 2.1100000000000003
    endloop
  endfacet
  facet normal 0 -1 0
    outer loop
      vertex 37.55 45.2 1.29
      vertex 37.55 45.2 2.1100000000000003
      vertex 36.39285714285713 45.2 2.1100000000000003
    endloop
  endfacet
  facet normal 1 0 0
    outer loop
      vertex 37.55 45.550000000000004 1.29
      vertex 37.55 45.550000000000004 2.1100000000000003
      vertex 37.55 45.2 2.1100000000000003
    endloop
  endfacet
  facet normal 0.3624462611549633 0.9320046715412901 0
    outer loop
      vertex 37.421428571428564 45.60000000000001 1.29
      vertex 37.421428571428564 45.60000000000001 2.1100000000000003
      vertex 37.55 45.550000000000004 2.1100000000000003
    endloop
  endfacet
  facet normal 0 0 1
    outer loop
      vertex 37.02402597402597 45.44545454545455 2.1100000000000003
      vertex 37.55 45.2 2.1100000000000003
      vertex 37.421428571428564 45.60000000000001 2.1100000000000003
    endloop
  endfacet
  facet normal 0 0 1
    outer loop
      vertex 37.55 45.2 2.1100000000000003
      vertex 37.55 45.550000000000004 2.1100000000000003
      vertex 37.421428571428564 45.60000000000001 2.1100000000000003
    endloop
  endfacet
  facet normal 0 1 0
    outer loop
      vertex 12.25 59.2 0.6
      vertex 12.25 59.2 1.2899999999999998
      vertex 33.06 59.2 0.6
    endloop
  endfacet
  facet normal 0 -1 0
    outer loop
      vertex 12.25 58.400000000000006 0.6
      vertex 33.06 58.400000000000006 0.6
      vertex 33.06 58.400000000000006 1.29
    endloop
  endfacet
  facet normal 0 -1 0
    outer loop
      vertex 12.25 58.400000000000006 0.6
      vertex 33.06 58.400000000000006 1.29
      vertex 12.25 58.400000000000006 1.2899999999999998
    endloop
  endfacet
  facet normal 0 1 0
    outer loop
      vertex 33.06 59.2 0.6
      vertex 12.25 59.2 1.2899999999999998
      vertex 33.05999999999989 59.2 1.29
    endloop
  endfacet
  facet normal 1 1.4210854715202054e-13 1.647635329298783e-13
    outer loop
      vertex 33.06 59.2 0.6
      vertex 33.05999999999989 59.2 1.29
      vertex 33.06 58.400000000000006 1.29
    endloop
  endfacet
  facet normal 0 -1.7080354225002353e-16 -1
    outer loop
      vertex 12.25 57.1 1.29
      vertex 12.25 58.400000000000006 1.2899999999999998
      vertex 33.05 57.1 1.29
    endloop
  endfacet
  facet normal -2.2204460492241885e-14 -3.55442171418119e-13 -1
    outer loop
      vertex 12.25 58.400000000000006 1.2899999999999998
      vertex 33.06 57.10000000000001 1.2899999999999998
      vertex 33.05 57.1 1.29
    endloop
  endfacet
  facet normal 3.5668591715910716e-15 5.709718412370028e-14 -1
    outer loop
      vertex 12.25 58.400000000000006 1.2899999999999998
      vertex 33.06 57.10388888888889 1.29
      vertex 33.06 57.10000000000001 1.2899999999999998
    endloop
  endfacet
  facet normal 1.0670091538925098e-17 0 -1
    outer loop
      vertex 12.25 58.400000000000006 1.2899999999999998
      vertex 33.06 58.400000000000006 1.29
      vertex 33.06 57.10388888888889 1.29
    endloop
  endfacet
  facet normal 7.105427357597367e-13 -1 0
    outer loop
      vertex 33.06 57.10000000000001 1.2899999999999998
      vertex 33.06 57.10000000000001 2.0999999999999996
      vertex 33.05 57.1 1.29
    endloop
  endfacet
  facet normal 1 0 0
    outer loop
      vertex 33.06 57.10000000000001 1.2899999999999998
      vertex 33.06 57.10388888888889 1.29
      vertex 33.06 57.10388888888889 2.0999999999999996
    endloop
  endfacet
  facet normal 0 -1 8.772132540248153e-15
    outer loop
      vertex 33.05 57.1 1.29
      vertex 33.06 57.10000000000001 2.0999999999999996
      vertex 33.05000000000002 57.10000000000001 2.0999999999999996
    endloop
  endfacet
  facet normal 1 0 0
    outer loop
      vertex 33.06 57.10000000000001 1.2899999999999998
      vertex 33.06 57.10388888888889 2.0999999999999996
      vertex 33.06 57.10000000000001 2.0999999999999996
    endloop
  endfacet
  facet normal 0 0 1
    outer loop
      vertex 33.06 57.10000000000001 2.0999999999999996
      vertex 33.06 57.10388888888889 2.0999999999999996
      vertex 33.05000000000002 57.10000000000001 2.0999999999999996
    endloop
  endfacet
  facet normal 0 0 -1
    outer loop
      vertex 33.06 57.10388888888889 1.29
      vertex 33.06 58.400000000000006 1.29
      vertex 36.39285714285715 58.65979955456571 1.29
    endloop
  endfacet
  facet normal 0 0 -1
    outer loop
      vertex 33.06 58.400000000000006 1.29
      vertex 33.05999999999989 59.2 1.29
      vertex 36.39285714285715 59.2 1.29
    endloop
  endfacet
  facet normal 0 0 -1
    outer loop
      vertex 33.06 57.10388888888889 1.29
      vertex 36.39285714285715 58.65979955456571 1.29
      vertex 36.39285714285715 58.400000000000006 1.29
    endloop
  endfacet
  facet normal 0 0 -1
    outer loop
      vertex 33.06 58.400000000000006 1.29
      vertex 36.756436831769584 58.8295330569496 1.29
      vertex 36.39285714285715 58.65979955456571 1.29
    endloop
  endfacet
  facet normal 0 0 -1
    outer loop
      vertex 33.06 58.400000000000006 1.29
      vertex 36.39285714285715 59.2 1.29
      vertex 37.55 59.2 1.29
    endloop
  endfacet
  facet normal 0 0 -1
    outer loop
      vertex 33.06 58.400000000000006 1.29
      vertex 37.55 59.2 1.29
      vertex 36.756436831769584 58.8295330569496 1.29
    endloop
  endfacet
  facet normal 0 0 -1
    outer loop
      vertex 36.39285714285715 58.400000000000006 1.29
      vertex 36.39285714285715 58.65979955456571 1.29
      vertex 37.228392359729426 58.724930362117 1.29
    endloop
  endfacet
  facet normal 0 -1 8.772132540248155e-15
    outer loop
      vertex 12.25 57.1 1.29
      vertex 33.05 57.1 1.29
      vertex 33.05000000000002 57.10000000000001 2.0999999999999996
    endloop
  endfacet
  facet normal 0.362446261154949 -0.9320046715412957 0
    outer loop
      vertex 33.06 57.10388888888889 1.29
      vertex 36.39285714285715 58.400000000000006 1.29
      vertex 33.06 57.10388888888889 2.0999999999999996
    endloop
  endfacet
  facet normal 0 0 -1
    outer loop
      vertex 36.756436831769584 58.8295330569496 1.29
      vertex 37.55 59.2 1.29
      vertex 37.42142857142858 58.800000000000004 1.29
    endloop
  endfacet
  facet normal 0 0 -1
    outer loop
      vertex 37.42142857142858 58.800000000000004 1.29
      vertex 37.55 59.2 1.29
      vertex 37.55 58.85 1.29
    endloop
  endfacet
  facet normal 0.36244626115495343 -0.9320046715412941 0
    outer loop
      vertex 37.42142857142858 58.800000000000004 1.29
      vertex 37.55 58.85 1.29
      vertex 37.42142857142858 58.800000000000004 2.1100000000000003
    endloop
  endfacet
  facet normal 1 0 0
    outer loop
      vertex 37.55 58.85 1.29
      vertex 37.55 59.2 1.29
      vertex 37.55 58.85 2.1100000000000003
    endloop
  endfacet
  facet normal 0 1 0
    outer loop
      vertex 36.39285714285715 59.2 1.29
      vertex 37.55 59.2 2.1100000000000003
      vertex 37.55 59.2 1.29
    endloop
  endfacet
  facet normal 0 0 1
    outer loop
      vertex 12.25 57.1 2.1100000000000003
      vertex 19.15169812876099 59.10351990767455 2.1100000000000003
      vertex 12.25 59.1986220472441 2.1100000000000003
    endloop
  endfacet
  facet normal 0 -1 0
    outer loop
      vertex 12.25 57.1 1.29
      vertex 33.05 57.1 2.1100000000000003
      vertex 12.25 57.1 2.1100000000000003
    endloop
  endfacet
  facet normal 2.801178092899956e-14 -1 -7.105427357599884e-13
    outer loop
      vertex 12.25 57.1 1.29
      vertex 33.05000000000002 57.10000000000001 2.0999999999999996
      vertex 33.05 57.1 2.1100000000000003
    endloop
  endfacet
  facet normal 0 0 1
    outer loop
      vertex 12.25 57.1 2.1100000000000003
      vertex 31.018571428571487 58.400000000000006 2.1100000000000003
      vertex 19.15169812876099 59.10351990767455 2.1100000000000003
    endloop
  endfacet
  facet normal 0 0 1
    outer loop
      vertex 12.25 57.1 2.1100000000000003
      vertex 33.05 57.1 2.1100000000000003
      vertex 31.018571428571487 58.400000000000006 2.1100000000000003
    endloop
  endfacet
  facet normal 0.362446261154949 -0.9320046715412956 0
    outer loop
      vertex 36.39285714285715 58.400000000000006 1.29
      vertex 36.39285714285715 58.400000000000006 2.1100000000000003
      vertex 33.06 57.10388888888889 2.0999999999999996
    endloop
  endfacet
  facet normal 0 1 0
    outer loop
      vertex 36.39285714285715 59.2 1.29
      vertex 36.39285714285715 59.2 2.1100000000000003
      vertex 37.55 59.2 2.1100000000000003
    endloop
  endfacet
  facet normal 0 0 1
    outer loop
      vertex 19.15169812876099 59.10351990767455 2.1100000000000003
      vertex 31.018571428571487 58.400000000000006 2.1100000000000003
      vertex 36.70976476353835 58.79210977701544 2.1100000000000003
    endloop
  endfacet
  facet normal 0 0 1
    outer loop
      vertex 31.018571428571487 58.400000000000006 2.1100000000000003
      vertex 33.05 57.1 2.1100000000000003
      vertex 36.39285714285715 58.400000000000006 2.1100000000000003
    endloop
  endfacet
  facet normal 0.3624462611547886 -0.9320046715413581 6.152483885489141e-11
    outer loop
      vertex 33.05000000000002 57.10000000000001 2.0999999999999996
      vertex 33.06 57.10388888888889 2.0999999999999996
      vertex 36.39285714285715 58.400000000000006 2.1100000000000003
    endloop
  endfacet
  facet normal 0.3624462611549482 -0.9320046715412961 1.1037152484301641e-13
    outer loop
      vertex 33.05000000000002 57.10000000000001 2.0999999999999996
      vertex 36.39285714285715 58.400000000000006 2.1100000000000003
      vertex 33.05 57.1 2.1100000000000003
    endloop
  endfacet
  facet normal 0 0 1
    outer loop
      vertex 36.55637496377862 58.86369168356998 2.1100000000000003
      vertex 36.70976476353835 58.79210977701544 2.1100000000000003
      vertex 37.33155757286193 58.83494983277592 2.1100000000000003
    endloop
  endfacet
  facet normal 0 0 1
    outer loop
      vertex 36.55637496377862 58.86369168356998 2.1100000000000003
      vertex 37.55 59.2 2.1100000000000003
      vertex 36.39285714285715 59.2 2.1100000000000003
    endloop
  endfacet
  facet normal 0.36244626115495343 -0.9320046715412941 0
    outer loop
      vertex 37.55 58.85 1.29
      vertex 37.55 58.85 2.1100000000000003
      vertex 37.42142857142858 58.800000000000004 2.1100000000000003
    endloop
  endfacet
  facet normal 1 0 0
    outer loop
      vertex 37.55 59.2 1.29
      vertex 37.55 59.2 2.1100000000000003
      vertex 37.55 58.85 2.1100000000000003
    endloop
  endfacet
  facet normal 0 0 1
    outer loop
      vertex 36.55637496377862 58.86369168356998 2.1100000000000003
      vertex 37.33155757286193 58.83494983277592 2.1100000000000003
      vertex 37.55 58.85 2.1100000000000003
    endloop
  endfacet
  facet normal 0 0 1
    outer loop
      vertex 36.55637496377862 58.86369168356998 2.1100000000000003
      vertex 37.55 58.85 2.1100000000000003
      vertex 37.55 59.2 2.1100000000000003
    endloop
  endfacet
  facet normal 0 0 1
    outer loop
      vertex 37.33155757286193 58.83494983277592 2.1100000000000003
      vertex 37.42142857142858 58.800000000000004 2.1100000000000003
      vertex 37.55 58.85 2.1100000000000003
    endloop
  endfacet
  facet normal 0 -1 0
    outer loop
      vertex 40.85 45.20000000000001 0.6
      vertex 46.85 45.20000000000001 0.6
      vertex 40.85 45.20000000000001 1.4
    endloop
  endfacet
  facet normal 0 -1 0
    outer loop
      vertex 46.85 45.20000000000001 0.6
      vertex 46.85 45.20000000000001 1.4
      vertex 40.85 45.20000000000001 1.4
    endloop
  endfacet
  facet normal 0 1 0
    outer loop
      vertex 40.85 59.2 0.6
      vertex 46.85 59.2 1.4
      vertex 46.85 59.2 0.6
    endloop
  endfacet
  facet normal 0 1 0
    outer loop
      vertex 40.85 59.2 0.6
      vertex 40.85 59.2 1.4
      vertex 46.85 59.2 1.4
    endloop
  endfacet
  facet normal 0 0 1
    outer loop
      vertex 40.85 59.2 1.4
      vertex 46.85 58.400000000000006 1.4
      vertex 46.85 59.2 1.4
    endloop
  endfacet
  facet normal -1 0 0
    outer loop
      vertex 46.85 45.20000000000001 1.4
      vertex 46.85 46.00000000000001 2.63
      vertex 46.85 46.00000000000001 1.4
    endloop
  endfacet
  facet normal -1 -6.859914623700114e-13 4.390345359168059e-13
    outer loop
      vertex 46.85 45.20000000000001 1.4
      vertex 46.85000000000054 45.2 2.63
      vertex 46.85 46.00000000000001 2.6499999999999995
    endloop
  endfacet
  facet normal -1 0 0
    outer loop
      vertex 46.85 45.20000000000001 1.4
      vertex 46.85 46.00000000000001 2.6499999999999995
      vertex 46.85 46.00000000000001 2.63
    endloop
  endfacet
  facet normal -1 0 -2.7000623958884385e-11
    outer loop
      vertex 46.85000000000054 45.2 2.63
      vertex 46.85 45.20000000000001 2.6499999999999995
      vertex 46.85 46.00000000000001 2.6499999999999995
    endloop
  endfacet
  facet normal 0 -1 0
    outer loop
      vertex 46.85 45.20000000000001 0.6
      vertex 146 45.20000000000001 0.6
      vertex 46.85 45.20000000000001 1.4
    endloop
  endfacet
  facet normal 0 1 0
    outer loop
      vertex 46.85 46.00000000000001 0.6
      vertex 46.85 46.00000000000001 1.4
      vertex 146 46.00000000000001 0.6
    endloop
  endfacet
  facet normal -4.6610349647456884e-17 -1 -5.776770209431688e-15
    outer loop
      vertex 46.85 45.20000000000001 1.4
      vertex 146 45.20000000000001 0.6
      vertex 46.85000000000054 45.2 2.63
    endloop
  endfacet
  facet normal 0 1 0
    outer loop
      vertex 46.85 46.00000000000001 1.4
      vertex 46.85 46.00000000000001 2.63
      vertex 146 46.00000000000001 0.6
    endloop
  endfacet
  facet normal 7.166341258296561e-17 -1 0
    outer loop
      vertex 46.85000000000054 45.2 2.63
      vertex 146 45.20000000000001 0.6
      vertex 146 45.20000000000001 2.6299999999999817
    endloop
  endfacet
  facet normal 0 1 0
    outer loop
      vertex 46.85 46.00000000000001 2.63
      vertex 146 46.00000000000001 2.6300000000000026
      vertex 146 46.00000000000001 0.6
    endloop
  endfacet
  facet normal -1 0 0
    outer loop
      vertex 46.85 46.00000000000001 2.63
      vertex 46.85 46.00000000000001 2.6499999999999995
      vertex 46.85 47.300000000000004 2.63
    endloop
  endfacet
  facet normal -1 0 0
    outer loop
      vertex 46.85 45.20000000000001 2.6499999999999995
      vertex 46.85 45.2 3.44
      vertex 46.85 46.00000000000001 2.6499999999999995
    endloop
  endfacet
  facet normal -1 0 0
    outer loop
      vertex 46.85 47.300000000000004 2.63
      vertex 46.85 46.00000000000001 2.6499999999999995
      vertex 46.85 47.300000000000004 3.44
    endloop
  endfacet
  facet normal -1 0 0
    outer loop
      vertex 46.85 46.00000000000001 2.6499999999999995
      vertex 46.85 45.2 3.44
      vertex 46.85 47.300000000000004 3.44
    endloop
  endfacet
  facet normal 0 0 1
    outer loop
      vertex 46.85 45.2 3.44
      vertex 84.62523809523861 45.2 3.44
      vertex 46.85 47.300000000000004 3.44
    endloop
  endfacet
  facet normal 2.6873779718611956e-17 0 -1
    outer loop
      vertex 46.85 46.00000000000001 2.63
      vertex 46.85 47.300000000000004 2.63
      vertex 146 46.00000000000001 2.6300000000000026
    endloop
  endfacet
  facet normal 0 1 0
    outer loop
      vertex 46.85 47.300000000000004 2.63
      vertex 46.85 47.300000000000004 3.44
      vertex 146 47.300000000000004 2.63
    endloop
  endfacet
  facet normal 0 0 1
    outer loop
      vertex 46.85 47.300000000000004 3.44
      vertex 84.62523809523861 45.2 3.44
      vertex 108.23476190476138 46.000000000000014 3.44
    endloop
  endfacet
  facet normal 0 0 1
    outer loop
      vertex 46.85 47.300000000000004 3.44
      vertex 108.23476190476138 46.000000000000014 3.44
      vertex 146 47.300000000000004 3.44
    endloop
  endfacet
  facet normal 0 -2.0496425070002935e-15 -1
    outer loop
      vertex 46.85 47.300000000000004 2.63
      vertex 146 47.300000000000004 2.63
      vertex 146 46.00000000000001 2.6300000000000026
    endloop
  endfacet
  facet normal 0 1 0
    outer loop
      vertex 46.85 47.300000000000004 3.44
      vertex 146 47.300000000000004 3.44
      vertex 146 47.300000000000004 2.63
    endloop
  endfacet
  facet normal 0 0 1
    outer loop
      vertex 108.23476190476138 46.000000000000014 3.44
      vertex 146 45.20021177894313 3.44
      vertex 146 47.300000000000004 3.44
    endloop
  endfacet
  facet normal -1 0 0
    outer loop
      vertex 46.85 58.400000000000006 2.63
      vertex 46.85 58.400000000000006 2.6499999999999995
      vertex 46.85 58.800000000000004 2.6499999999999995
    endloop
  endfacet
  facet normal 0 -1 0
    outer loop
      vertex 46.85 58.400000000000006 0.6
      vertex 146 58.400000000000006 0.6
      vertex 46.85 58.400000000000006 1.4
    endloop
  endfacet
  facet normal 0 -1 0
    outer loop
      vertex 46.85 58.400000000000006 1.4
      vertex 146 58.400000000000006 0.6
      vertex 46.85 58.400000000000006 2.63
    endloop
  endfacet
  facet normal 0 1 0
    outer loop
      vertex 46.85 59.2 0.6
      vertex 46.85 59.2 1.4
      vertex 146 59.2 2.6298759580475997
    endloop
  endfacet
  facet normal 0 1 0
    outer loop
      vertex 46.85 59.2 0.6
      vertex 146 59.2 2.6298759580475997
      vertex 146 59.2 0.6
    endloop
  endfacet
  facet normal 0 -1 0
    outer loop
      vertex 46.85 58.400000000000006 2.63
      vertex 146 58.400000000000006 0.6
      vertex 146 58.400000000000006 2.63
    endloop
  endfacet
  facet normal -1 0 0
    outer loop
      vertex 46.85 57.10000000000001 2.63
      vertex 46.85 58.400000000000006 2.6499999999999995
      vertex 46.85 58.400000000000006 2.63
    endloop
  endfacet
  facet normal -1 0 0
    outer loop
      vertex 46.85 57.10000000000001 2.63
      vertex 46.85 58.400000000000006 3.44
      vertex 46.85 58.400000000000006 2.6499999999999995
    endloop
  endfacet
  facet normal -1 0 0
    outer loop
      vertex 46.85 57.10000000000001 2.63
      vertex 46.85 57.10000000000001 3.44
      vertex 46.85 58.400000000000006 3.44
    endloop
  endfacet
  facet normal 0 0 -1
    outer loop
      vertex 46.85 57.10000000000001 2.63
      vertex 46.85 58.400000000000006 2.63
      vertex 146 57.10000000000001 2.63
    endloop
  endfacet
  facet normal 0 -1 0
    outer loop
      vertex 46.85 57.10000000000001 2.63
      vertex 146 57.10000000000001 3.44
      vertex 46.85 57.10000000000001 3.44
    endloop
  endfacet
  facet normal 0 0 1
    outer loop
      vertex 46.85 57.10000000000001 3.44
      vertex 146 58.400000000000006 3.44
      vertex 46.85 58.400000000000006 3.44
    endloop
  endfacet
  facet normal 0 0 -1
    outer loop
      vertex 46.85 58.400000000000006 2.63
      vertex 146 58.400000000000006 2.63
      vertex 146 57.10000000000001 2.63
    endloop
  endfacet
  facet normal 0 -1 0
    outer loop
      vertex 46.85 57.10000000000001 2.63
      vertex 146 57.10000000000001 2.63
      vertex 146 57.10000000000001 3.44
    endloop
  endfacet
  facet normal 0 0 1
    outer loop
      vertex 46.85 57.10000000000001 3.44
      vertex 146 57.10000000000001 3.44
      vertex 146 58.400000000000006 3.44
    endloop
  endfacet
  facet normal 1 0 0
    outer loop
      vertex 40.85 46.00000000000001 0.6
      vertex 40.85 58.400000000000006 0.6
      vertex 40.85 46.00000000000001 1.4
    endloop
  endfacet
  facet normal -1 0 0
    outer loop
      vertex 39.65 45.2 0.6
      vertex 39.65 45.2 1.4683823529411764
      vertex 39.65 59.2 2.4
    endloop
  endfacet
  facet normal 1 0 0
    outer loop
      vertex 40.85 45.20000000000001 1.4
      vertex 40.85 46.00000000000001 1.4
      vertex 40.85 45.60000000000001 1.8999999999999977
    endloop
  endfacet
  facet normal 1 0 0
    outer loop
      vertex 40.85 46.00000000000001 1.4
      vertex 40.85 58.400000000000006 1.4
      vertex 40.85 46.00000000000001 1.9
    endloop
  endfacet
  facet normal -1 0 0
    outer loop
      vertex 39.65 45.2 0.6
      vertex 39.65 59.2 1.4949999999999999
      vertex 39.65 58.40883977900553 0.6
    endloop
  endfacet
  facet normal 1 0 0
    outer loop
      vertex 40.85 46.00000000000001 1.4
      vertex 40.85 58.400000000000006 0.6
      vertex 40.85 58.400000000000006 1.4
    endloop
  endfacet
  facet normal -1 0 0
    outer loop
      vertex 39.65 45.2 0.6
      vertex 39.65 59.2 2.4
      vertex 39.65 59.2 1.4949999999999999
    endloop
  endfacet
  facet normal 1 0 0
    outer loop
      vertex 40.85 46.00000000000001 1.4
      vertex 40.85 46.00000000000001 1.9
      vertex 40.85 45.60000000000001 1.8999999999999977
    endloop
  endfacet
  facet normal 1 0 0
    outer loop
      vertex 40.85 58.400000000000006 1.4
      vertex 40.85 46.00000000000001 2.4
      vertex 40.85 46.00000000000001 1.9
    endloop
  endfacet
  facet normal -1 0 0
    outer loop
      vertex 39.65 45.2 1.4683823529411764
      vertex 39.65 45.58823529411765 2.3467647058823524
      vertex 39.65 59.2 2.4
    endloop
  endfacet
  facet normal 0 0 1
    outer loop
      vertex 39.71857142857143 45.2 2.4
      vertex 40.78142857142857 46.00000000000001 2.4
      vertex 39.65 45.2 2.4
    endloop
  endfacet
  facet normal -1 0 0
    outer loop
      vertex 39.65 45.58823529411765 2.3467647058823524
      vertex 39.65 45.2 2.4
      vertex 39.65 59.2 2.4
    endloop
  endfacet
  facet normal 0 0 1
    outer loop
      vertex 39.65 45.2 2.4
      vertex 40.78142857142857 46.00000000000001 2.4
      vertex 39.71857142857143 58.400000000000006 2.4
    endloop
  endfacet
  facet normal 0 0 1
    outer loop
      vertex 40.85 46.00000000000001 2.4
      vertex 40.85 58.400000000000006 2.4
      vertex 40.78142857142857 46.00000000000001 2.4
    endloop
  endfacet
  facet normal 1 0 0
    outer loop
      vertex 40.85 58.400000000000006 1.4
      vertex 40.85 58.400000000000006 2.4
      vertex 40.85 46.00000000000001 2.4
    endloop
  endfacet
  facet normal 0 0 1
    outer loop
      vertex 39.65 45.2 2.4
      vertex 39.71857142857143 58.400000000000006 2.4
      vertex 39.65 59.2 2.4
    endloop
  endfacet
  facet normal 0 0 1
    outer loop
      vertex 40.78142857142857 46.00000000000001 2.4
      vertex 40.85 58.400000000000006 2.4
      vertex 39.71857142857143 58.400000000000006 2.4
    endloop
  endfacet
  facet normal 1 0 0
    outer loop
      vertex 33.06 58.400000000000006 0.6
      vertex 33.06 59.2 0.6
      vertex 33.06 58.400000000000006 1.29
    endloop
  endfacet
  facet normal 1.0670091538925155e-17 1.7080354225002353e-16 -1
    outer loop
      vertex 12.25 59.2 1.2899999999999998
      vertex 12.25 60.50000000000001 1.29
      vertex 33.05999999999989 59.2 1.29
    endloop
  endfacet
  facet normal 0 0 -1
    outer loop
      vertex 12.25 60.50000000000001 1.29
      vertex 33.05 60.50000000000001 1.29
      vertex 33.05999999999989 59.2 1.29
    endloop
  endfacet
  facet normal 0 0 -1
    outer loop
      vertex 33.05999999999989 59.2 1.29
      vertex 33.05 60.50000000000001 1.29
      vertex 33.06 60.49611111111112 1.29
    endloop
  endfacet
  facet normal -2.2204460492491774e-14 -5.709718412359664e-14 -1
    outer loop
      vertex 33.06 60.49611111111112 1.29
      vertex 33.05 60.50000000000001 1.29
      vertex 33.06 60.50000000000001 1.2899999999999998
    endloop
  endfacet
  facet normal 0 1 0
    outer loop
      vertex 33.06 60.50000000000001 1.2899999999999998
      vertex 33.05 60.50000000000001 1.29
      vertex 33.05 60.50000000000001 2.0999999999999996
    endloop
  endfacet
  facet normal 1 0 0
    outer loop
      vertex 33.06 60.49611111111112 1.29
      vertex 33.06 60.50000000000001 1.2899999999999998
      vertex 33.06 60.50000000000001 2.0999999999999996
    endloop
  endfacet
  facet normal 1 0 0
    outer loop
      vertex 33.06 60.49611111111112 1.29
      vertex 33.06 60.50000000000001 2.0999999999999996
      vertex 33.06 60.49611111111112 2.0999999999999996
    endloop
  endfacet
  facet normal 0 1 0
    outer loop
      vertex 33.06 60.50000000000001 1.2899999999999998
      vertex 33.05 60.50000000000001 2.0999999999999996
      vertex 33.06 60.50000000000001 2.0999999999999996
    endloop
  endfacet
  facet normal 0 0 1
    outer loop
      vertex 33.06 60.49611111111112 2.0999999999999996
      vertex 33.06 60.50000000000001 2.0999999999999996
      vertex 33.05 60.50000000000001 2.0999999999999996
    endloop
  endfacet
  facet normal 0 0 -1
    outer loop
      vertex 36.39285714285715 58.65979955456571 1.29
      vertex 36.756436831769584 58.8295330569496 1.29
      vertex 37.228392359729426 58.724930362117 1.29
    endloop
  endfacet
  facet normal 0 0 -1
    outer loop
      vertex 33.05999999999989 59.2 1.29
      vertex 33.06 60.49611111111112 1.29
      vertex 36.39285714285715 59.2 1.29
    endloop
  endfacet
  facet normal 0 1 0
    outer loop
      vertex 12.25 60.50000000000001 1.29
      vertex 12.25 60.50000000000001 2.1100000000000003
      vertex 33.05 60.50000000000001 1.29
    endloop
  endfacet
  facet normal 0.362446261154949 0.9320046715412957 0
    outer loop
      vertex 33.06 60.49611111111112 1.29
      vertex 33.06 60.49611111111112 2.0999999999999996
      vertex 36.39285714285715 59.2 1.29
    endloop
  endfacet
  facet normal 0 0 -1
    outer loop
      vertex 36.39285714285715 58.400000000000006 1.29
      vertex 37.228392359729426 58.724930362117 1.29
      vertex 37.55 58.400000000000006 1.29
    endloop
  endfacet
  facet normal 0 0 -1
    outer loop
      vertex 36.756436831769584 58.8295330569496 1.29
      vertex 37.42142857142858 58.800000000000004 1.29
      vertex 37.55 58.75000000000001 1.29
    endloop
  endfacet
  facet normal 0 0 -1
    outer loop
      vertex 36.756436831769584 58.8295330569496 1.29
      vertex 37.55 58.75000000000001 1.29
      vertex 37.228392359729426 58.724930362117 1.29
    endloop
  endfacet
  facet normal 0 0 -1
    outer loop
      vertex 37.228392359729426 58.724930362117 1.29
      vertex 37.55 58.75000000000001 1.29
      vertex 37.55 58.400000000000006 1.29
    endloop
  endfacet
  facet normal 0 -1 0
    outer loop
      vertex 36.39285714285715 58.400000000000006 1.29
      vertex 37.55 58.400000000000006 1.29
      vertex 37.55 58.400000000000006 2.1100000000000003
    endloop
  endfacet
  facet normal 1 0 0
    outer loop
      vertex 37.55 58.400000000000006 1.29
      vertex 37.55 58.75000000000001 1.29
      vertex 37.55 58.400000000000006 2.1100000000000003
    endloop
  endfacet
  facet normal 0.36244626115495343 0.9320046715412941 0
    outer loop
      vertex 37.42142857142858 58.800000000000004 1.29
      vertex 37.42142857142858 58.800000000000004 2.1100000000000003
      vertex 37.55 58.75000000000001 1.29
    endloop
  endfacet
  facet normal 0 0 1
    outer loop
      vertex 12.25 59.1986220472441 2.1100000000000003
      vertex 19.15169812876099 59.10351990767455 2.1100000000000003
      vertex 12.25 60.50000000000001 2.1100000000000003
    endloop
  endfacet
  facet normal 0 1 0
    outer loop
      vertex 33.05 60.50000000000001 1.29
      vertex 12.25 60.50000000000001 2.1100000000000003
      vertex 33.05 60.50000000000001 2.0999999999999996
    endloop
  endfacet
  facet normal 0 0 1
    outer loop
      vertex 12.25 60.50000000000001 2.1100000000000003
      vertex 19.15169812876099 59.10351990767455 2.1100000000000003
      vertex 33.05 60.50000000000001 2.1100000000000003
    endloop
  endfacet
  facet normal 0 1 0
    outer loop
      vertex 12.25 60.50000000000001 2.1100000000000003
      vertex 33.05 60.50000000000001 2.1100000000000003
      vertex 33.05 60.50000000000001 2.0999999999999996
    endloop
  endfacet
  facet normal 0 -1 0
    outer loop
      vertex 36.39285714285715 58.400000000000006 1.29
      vertex 37.55 58.400000000000006 2.1100000000000003
      vertex 36.39285714285715 58.400000000000006 2.1100000000000003
    endloop
  endfacet
  facet normal 0.3624462611550266 0.9320046715412655 3.9381260041952815e-13
    outer loop
      vertex 36.39285714285715 59.2 1.29
      vertex 33.06 60.49611111111112 2.0999999999999996
      vertex 33.05 60.50000000000001 2.1100000000000003
    endloop
  endfacet
  facet normal 0.3624462611549482 0.932004671541296 0
    outer loop
      vertex 36.39285714285715 59.2 1.29
      vertex 33.05 60.50000000000001 2.1100000000000003
      vertex 36.39285714285715 59.2 2.1100000000000003
    endloop
  endfacet
  facet normal 0 0 1
    outer loop
      vertex 19.15169812876099 59.10351990767455 2.1100000000000003
      vertex 36.70976476353835 58.79210977701544 2.1100000000000003
      vertex 33.05 60.50000000000001 2.1100000000000003
    endloop
  endfacet
  facet normal 0 0 1
    outer loop
      vertex 31.018571428571487 58.400000000000006 2.1100000000000003
      vertex 36.39285714285715 58.400000000000006 2.1100000000000003
      vertex 36.70976476353835 58.79210977701544 2.1100000000000003
    endloop
  endfacet
  facet normal 0 0 1
    outer loop
      vertex 36.39285714285715 58.400000000000006 2.1100000000000003
      vertex 37.55 58.400000000000006 2.1100000000000003
      vertex 36.70976476353835 58.79210977701544 2.1100000000000003
    endloop
  endfacet
  facet normal 0.36244626115469275 0.9320046715413953 -2.6070422377289668e-17
    outer loop
      vertex 33.06 60.49611111111112 2.0999999999999996
      vertex 33.05 60.50000000000001 2.0999999999999996
      vertex 33.05 60.50000000000001 2.1100000000000003
    endloop
  endfacet
  facet normal 0 0 1
    outer loop
      vertex 36.55637496377862 58.86369168356998 2.1100000000000003
      vertex 33.05 60.50000000000001 2.1100000000000003
      vertex 36.70976476353835 58.79210977701544 2.1100000000000003
    endloop
  endfacet
  facet normal 0 0 1
    outer loop
      vertex 36.55637496377862 58.86369168356998 2.1100000000000003
      vertex 36.39285714285715 59.2 2.1100000000000003
      vertex 33.05 60.50000000000001 2.1100000000000003
    endloop
  endfacet
  facet normal 1 0 0
    outer loop
      vertex 37.55 58.75000000000001 1.29
      vertex 37.55 58.75000000000001 2.1100000000000003
      vertex 37.55 58.400000000000006 2.1100000000000003
    endloop
  endfacet
  facet normal 0.36244626115495343 0.9320046715412941 0
    outer loop
      vertex 37.55 58.75000000000001 1.29
      vertex 37.42142857142858 58.800000000000004 2.1100000000000003
      vertex 37.55 58.75000000000001 2.1100000000000003
    endloop
  endfacet
  facet normal 0 0 1
    outer loop
      vertex 36.70976476353835 58.79210977701544 2.1100000000000003
      vertex 37.55 58.400000000000006 2.1100000000000003
      vertex 37.33155757286193 58.83494983277592 2.1100000000000003
    endloop
  endfacet
  facet normal 0 0 1
    outer loop
      vertex 37.55 58.400000000000006 2.1100000000000003
      vertex 37.55 58.75000000000001 2.1100000000000003
      vertex 37.42142857142858 58.800000000000004 2.1100000000000003
    endloop
  endfacet
  facet normal 0 0 1
    outer loop
      vertex 37.55 58.400000000000006 2.1100000000000003
      vertex 37.42142857142858 58.800000000000004 2.1100000000000003
      vertex 37.33155757286193 58.83494983277592 2.1100000000000003
    endloop
  endfacet
  facet normal 0 1 0
    outer loop
      vertex 12.25 72.4 0.6
      vertex 12.25 72.4 1.2899999999999998
      vertex 33.06 72.4 0.6
    endloop
  endfacet
  facet normal 1 0 0
    outer loop
      vertex 33.06 71.60000000000001 0.6
      vertex 33.06 72.4 0.6
      vertex 33.06 71.60000000000001 1.29
    endloop
  endfacet
  facet normal 0 1 0
    outer loop
      vertex 33.06 72.4 0.6
      vertex 12.25 72.4 1.2899999999999998
      vertex 33.06 72.4 1.29
    endloop
  endfacet
  facet normal 0 -1.7080354225002444e-16 -1
    outer loop
      vertex 12.25 70.30000000000001 1.29
      vertex 12.25 71.60000000000001 1.2899999999999998
      vertex 33.05 70.30000000000001 1.29
    endloop
  endfacet
  facet normal 3.566859171578075e-15 5.709718412349223e-14 -1
    outer loop
      vertex 12.25 71.60000000000001 1.2899999999999998
      vertex 33.06 70.3038888888889 1.29
      vertex 33.06 70.30000000000001 1.2899999999999998
    endloop
  endfacet
  facet normal -2.220446049249444e-14 -3.554421714221618e-13 -1
    outer loop
      vertex 12.25 71.60000000000001 1.2899999999999998
      vertex 33.06 70.30000000000001 1.2899999999999998
      vertex 33.05 70.30000000000001 1.29
    endloop
  endfacet
  facet normal 1.0670091538925098e-17 0 -1
    outer loop
      vertex 12.25 71.60000000000001 1.2899999999999998
      vertex 33.06 71.60000000000001 1.29
      vertex 33.06 70.3038888888889 1.29
    endloop
  endfacet
  facet normal 0 -1 0
    outer loop
      vertex 33.06 70.30000000000001 1.2899999999999998
      vertex 33.05 70.30000000000001 2.0996126255380196
      vertex 33.05 70.30000000000001 1.29
    endloop
  endfacet
  facet normal 1 0 0
    outer loop
      vertex 33.06 70.30000000000001 1.2899999999999998
      vertex 33.06 70.3038888888889 1.29
      vertex 33.06 70.3038888888889 2.0999999999999996
    endloop
  endfacet
  facet normal 0 -1 0
    outer loop
      vertex 22.666609733765323 70.30000000000001 1.6973866037470065
      vertex 33.05 70.30000000000001 2.0996126255380196
      vertex 12.404878048780505 70.30000000000001 2.0999999999999996
    endloop
  endfacet
  facet normal 0 -1 0
    outer loop
      vertex 12.404878048780505 70.30000000000001 2.0999999999999996
      vertex 33.05 70.30000000000001 2.0996126255380196
      vertex 33.05 70.30000000000001 2.0999999999999996
    endloop
  endfacet
  facet normal 0 -1 0
    outer loop
      vertex 33.06 70.30000000000001 1.2899999999999998
      vertex 33.06 70.30000000000001 2.0999999999999996
      vertex 33.05 70.30000000000001 2.0996126255380196
    endloop
  endfacet
  facet normal 1 0 0
    outer loop
      vertex 33.06 70.30000000000001 1.2899999999999998
      vertex 33.06 70.3038888888889 2.0999999999999996
      vertex 33.06 70.30000000000001 2.0999999999999996
    endloop
  endfacet
  facet normal 0 -1 0
    outer loop
      vertex 33.05 70.30000000000001 2.0996126255380196
      vertex 33.06 70.30000000000001 2.0999999999999996
      vertex 33.05 70.30000000000001 2.0999999999999996
    endloop
  endfacet
  facet normal 0 0 1
    outer loop
      vertex 33.06 70.30000000000001 2.0999999999999996
      vertex 33.06 70.3038888888889 2.0999999999999996
      vertex 33.05 70.30000000000001 2.0999999999999996
    endloop
  endfacet
  facet normal 0 -1 0
    outer loop
      vertex 12.25 70.30000000000001 1.29
      vertex 22.666609733765323 70.30000000000001 1.6973866037470065
      vertex 12.404878048780505 70.30000000000001 2.0999999999999996
    endloop
  endfacet
  facet normal 0 0 -1
    outer loop
      vertex 33.06 70.3038888888889 1.29
      vertex 33.06 71.60000000000001 1.29
      vertex 35.83635038430956 71.60000000000001 1.29
    endloop
  endfacet
  facet normal 0 0 -1
    outer loop
      vertex 33.06 71.60000000000001 1.29
      vertex 33.06 72.4 1.29
      vertex 35.93359999999997 72.112 1.29
    endloop
  endfacet
  facet normal 0 0 -1
    outer loop
      vertex 33.06 70.3038888888889 1.29
      vertex 35.83635038430956 71.60000000000001 1.29
      vertex 36.39285714285713 71.60000000000001 1.29
    endloop
  endfacet
  facet normal 0 0 -1
    outer loop
      vertex 33.06 71.60000000000001 1.29
      vertex 36.39285714285713 71.85979955456571 1.29
      vertex 35.83635038430956 71.60000000000001 1.29
    endloop
  endfacet
  facet normal 0 0 -1
    outer loop
      vertex 36.39285714285713 72.4 1.29
      vertex 37.55 72.4 1.29
      vertex 37.02413244650086 72.15450404858301 1.29
    endloop
  endfacet
  facet normal 0 -1 0
    outer loop
      vertex 12.25 70.30000000000001 1.29
      vertex 33.05 70.30000000000001 1.29
      vertex 22.666609733765323 70.30000000000001 1.6973866037470065
    endloop
  endfacet
  facet normal 0 -1 0
    outer loop
      vertex 33.05 70.30000000000001 1.29
      vertex 33.05 70.30000000000001 2.0996126255380196
      vertex 22.666609733765323 70.30000000000001 1.6973866037470065
    endloop
  endfacet
  facet normal 0.36244626115494755 -0.9320046715412962 5.0155063405036586e-18
    outer loop
      vertex 33.06 70.3038888888889 1.29
      vertex 36.39285714285713 71.60000000000001 1.29
      vertex 36.39285714285713 71.60000000000001 2.1100000000000003
    endloop
  endfacet
  facet normal 0 1 0
    outer loop
      vertex 36.39285714285713 72.4 1.29
      vertex 36.39285714285713 72.4 2.1100000000000003
      vertex 37.55 72.4 1.29
    endloop
  endfacet
  facet normal 0 0 -1
    outer loop
      vertex 37.02413244650086 72.15450404858301 1.29
      vertex 37.55 72.4 1.29
      vertex 37.42142857142856 72 1.29
    endloop
  endfacet
  facet normal 0 0 -1
    outer loop
      vertex 37.42142857142856 72 1.29
      vertex 37.55 72.4 1.29
      vertex 37.55 72.05000000000001 1.29
    endloop
  endfacet
  facet normal 0.3624462611549907 -0.9320046715412795 -1.4458922116310379e-18
    outer loop
      vertex 37.42142857142856 72 1.29
      vertex 37.55 72.05000000000001 1.29
      vertex 37.55 72.05000000000001 2.1100000000000003
    endloop
  endfacet
  facet normal 1 0 0
    outer loop
      vertex 37.55 72.05000000000001 1.29
      vertex 37.55 72.4 1.29
      vertex 37.55 72.05000000000001 2.1100000000000003
    endloop
  endfacet
  facet normal 0 -1 0
    outer loop
      vertex 12.25 70.30000000000001 1.29
      vertex 12.404878048780505 70.30000000000001 2.0999999999999996
      vertex 12.25 70.30000000000001 2.1100000000000003
    endloop
  endfacet
  facet normal 0 0 1
    outer loop
      vertex 12.25 70.30000000000001 2.1100000000000003
      vertex 20.111904761904754 72.4 2.1100000000000003
      vertex 12.25 71.61004784688996 2.1100000000000003
    endloop
  endfacet
  facet normal 0 -1 0
    outer loop
      vertex 12.404878048780505 70.30000000000001 2.0999999999999996
      vertex 33.05 70.30000000000001 2.1100000000000003
      vertex 12.25 70.30000000000001 2.1100000000000003
    endloop
  endfacet
  facet normal 0 0 1
    outer loop
      vertex 12.25 70.30000000000001 2.1100000000000003
      vertex 35.83571428571428 72.4 2.1100000000000003
      vertex 20.111904761904754 72.4 2.1100000000000003
    endloop
  endfacet
  facet normal 0 -1 0
    outer loop
      vertex 12.404878048780505 70.30000000000001 2.0999999999999996
      vertex 33.05 70.30000000000001 2.0999999999999996
      vertex 33.05 70.30000000000001 2.1100000000000003
    endloop
  endfacet
  facet normal 0 0 1
    outer loop
      vertex 12.25 70.30000000000001 2.1100000000000003
      vertex 33.05 70.30000000000001 2.1100000000000003
      vertex 36.39285714285713 71.60000000000001 2.1100000000000003
    endloop
  endfacet
  facet normal 0.3624462611549476 -0.9320046715412963 0
    outer loop
      vertex 33.06 70.3038888888889 1.29
      vertex 36.39285714285713 71.60000000000001 2.1100000000000003
      vertex 33.06 70.3038888888889 2.0999999999999996
    endloop
  endfacet
  facet normal 0 0 1
    outer loop
      vertex 12.25 70.30000000000001 2.1100000000000003
      vertex 36.39285714285713 71.60000000000001 2.1100000000000003
      vertex 37.02402597402597 71.84545454545456 2.1100000000000003
    endloop
  endfacet
  facet normal 0 0 1
    outer loop
      vertex 12.25 70.30000000000001 2.1100000000000003
      vertex 37.55 72.05000000000001 2.1100000000000003
      vertex 35.83571428571428 72.4 2.1100000000000003
    endloop
  endfacet
  facet normal 0 0 1
    outer loop
      vertex 12.25 70.30000000000001 2.1100000000000003
      vertex 37.02402597402597 71.84545454545456 2.1100000000000003
      vertex 37.42142857142856 72 2.1100000000000003
    endloop
  endfacet
  facet normal 0 0 1
    outer loop
      vertex 12.25 70.30000000000001 2.1100000000000003
      vertex 37.42142857142856 72 2.1100000000000003
      vertex 37.55 72.05000000000001 2.1100000000000003
    endloop
  endfacet
  facet normal 0.362446261155268 -0.9320046715411717 -1.2294219481440398e-10
    outer loop
      vertex 33.05 70.30000000000001 2.0999999999999996
      vertex 33.06 70.3038888888889 2.0999999999999996
      vertex 36.39285714285713 71.60000000000001 2.1100000000000003
    endloop
  endfacet
  facet normal 0.36244626115494855 -0.932004671541296 0
    outer loop
      vertex 33.05 70.30000000000001 2.0999999999999996
      vertex 36.39285714285713 71.60000000000001 2.1100000000000003
      vertex 33.05 70.30000000000001 2.1100000000000003
    endloop
  endfacet
  facet normal 0 0 1
    outer loop
      vertex 35.83571428571428 72.4 2.1100000000000003
      vertex 37.55 72.05000000000001 2.1100000000000003
      vertex 36.39285714285713 72.4 2.1100000000000003
    endloop
  endfacet
  facet normal 0.3624462611549907 -0.9320046715412795 0
    outer loop
      vertex 37.42142857142856 72 1.29
      vertex 37.55 72.05000000000001 2.1100000000000003
      vertex 37.42142857142856 72 2.1100000000000003
    endloop
  endfacet
  facet normal 0 1 0
    outer loop
      vertex 37.55 72.4 1.29
      vertex 36.39285714285713 72.4 2.1100000000000003
      vertex 37.55 72.4 2.1100000000000003
    endloop
  endfacet
  facet normal 1 0 0
    outer loop
      vertex 37.55 72.4 1.29
      vertex 37.55 72.4 2.1100000000000003
      vertex 37.55 72.05000000000001 2.1100000000000003
    endloop
  endfacet
  facet normal 0 0 1
    outer loop
      vertex 36.39285714285713 72.4 2.1100000000000003
      vertex 37.55 72.05000000000001 2.1100000000000003
      vertex 37.55 72.4 2.1100000000000003
    endloop
  endfacet
  facet normal 0 -1 0
    outer loop
      vertex 40.85 58.400000000000006 0.6
      vertex 46.85 58.400000000000006 0.6
      vertex 40.85 58.400000000000006 1.4
    endloop
  endfacet
  facet normal 0 -1 0
    outer loop
      vertex 46.85 58.400000000000006 0.6
      vertex 46.85 58.400000000000006 1.4
      vertex 40.85 58.400000000000006 1.4
    endloop
  endfacet
  facet normal 0 0 1
    outer loop
      vertex 40.85 58.400000000000006 1.4
      vertex 46.85 58.400000000000006 1.4
      vertex 40.85 59.2 1.4
    endloop
  endfacet
  facet normal 0 1 0
    outer loop
      vertex 40.85 72.4 0.6
      vertex 46.85 72.4 1.4
      vertex 46.85 72.4 0.6
    endloop
  endfacet
  facet normal 0 1 0
    outer loop
      vertex 40.85 72.4 0.6
      vertex 40.85 72.4 1.4
      vertex 46.85 72.4 1.4
    endloop
  endfacet
  facet normal 0 0 1
    outer loop
      vertex 40.85 72 1.4
      vertex 46.85 71.60000000000001 1.4
      vertex 40.85 72.4 1.4
    endloop
  endfacet
  facet normal 0 0 1
    outer loop
      vertex 40.85 72.4 1.4
      vertex 46.85 71.60000000000001 1.4
      vertex 46.85 72.4 1.4
    endloop
  endfacet
  facet normal -1 0 0
    outer loop
      vertex 46.85 58.400000000000006 1.4
      vertex 46.85 59.2 2.63
      vertex 46.85 59.2 1.4
    endloop
  endfacet
  facet normal -1 0 0
    outer loop
      vertex 46.85 58.400000000000006 1.4
      vertex 46.85 58.400000000000006 2.63
      vertex 46.85 58.800000000000004 2.6499999999999995
    endloop
  endfacet
  facet normal -1 0 0
    outer loop
      vertex 46.85 58.400000000000006 1.4
      vertex 46.85 59.2 2.6499999999999995
      vertex 46.85 59.2 2.63
    endloop
  endfacet
  facet normal -1 0 0
    outer loop
      vertex 46.85 58.400000000000006 1.4
      vertex 46.85 58.800000000000004 2.6499999999999995
      vertex 46.85 59.2 2.6499999999999995
    endloop
  endfacet
  facet normal 0 1 0
    outer loop
      vertex 46.85 59.2 1.4
      vertex 46.85 59.2 2.63
      vertex 146 59.2 2.6298759580475997
    endloop
  endfacet
  facet normal 0 1 0
    outer loop
      vertex 46.85 59.2 2.63
      vertex 146 59.2 2.63
      vertex 146 59.2 2.6298759580475997
    endloop
  endfacet
  facet normal -1 0 0
    outer loop
      vertex 46.85 59.2 2.63
      vertex 46.85 59.2 2.6499999999999995
      vertex 46.85 60.50000000000001 2.63
    endloop
  endfacet
  facet normal -1 0 0
    outer loop
      vertex 46.85 58.400000000000006 2.6499999999999995
      vertex 46.85 58.400000000000006 3.44
      vertex 46.85 58.800000000000004 2.6499999999999995
    endloop
  endfacet
  facet normal -1 0 0
    outer loop
      vertex 46.85 58.800000000000004 2.6499999999999995
      vertex 46.85 58.400000000000006 3.44
      vertex 46.85 59.2 2.6499999999999995
    endloop
  endfacet
  facet normal -1 0 0
    outer loop
      vertex 46.85 60.50000000000001 2.63
      vertex 46.85 59.2 2.6499999999999995
      vertex 46.85 60.50000000000001 3.44
    endloop
  endfacet
  facet normal -1 0 0
    outer loop
      vertex 46.85 59.2 2.6499999999999995
      vertex 46.85 58.400000000000006 3.44
      vertex 46.85 60.50000000000001 3.44
    endloop
  endfacet
  facet normal 0 0 -1
    outer loop
      vertex 46.85 59.2 2.63
      vertex 46.85 60.50000000000001 2.63
      vertex 146 59.2 2.63
    endloop
  endfacet
  facet normal 0 1 0
    outer loop
      vertex 46.85 60.50000000000001 2.63
      vertex 46.85 60.50000000000001 3.44
      vertex 146 60.50000000000001 2.63
    endloop
  endfacet
  facet normal 0 0 1
    outer loop
      vertex 46.85 58.400000000000006 3.44
      vertex 146 60.50000000000001 3.44
      vertex 46.85 60.50000000000001 3.44
    endloop
  endfacet
  facet normal 0 0 -1
    outer loop
      vertex 46.85 60.50000000000001 2.63
      vertex 146 60.50000000000001 2.63
      vertex 146 59.2 2.63
    endloop
  endfacet
  facet normal 0 1 0
    outer loop
      vertex 46.85 60.50000000000001 3.44
      vertex 146 60.50000000000001 3.44
      vertex 146 60.50000000000001 2.63
    endloop
  endfacet
  facet normal 0 0 1
    outer loop
      vertex 46.85 58.400000000000006 3.44
      vertex 146 58.400000000000006 3.44
      vertex 146 60.50000000000001 3.44
    endloop
  endfacet
  facet normal 0 -1 0
    outer loop
      vertex 46.85 71.60000000000001 0.6
      vertex 46.86188541292101 71.60000000000001 0.6
      vertex 46.85 71.60000000000001 1.4
    endloop
  endfacet
  facet normal 0 -1 0
    outer loop
      vertex 46.86188541292101 71.60000000000001 0.6
      vertex 49.2167532467532 71.60000000000001 2.5813092313092323
      vertex 46.85 71.60000000000001 1.4
    endloop
  endfacet
  facet normal 0 -1 0
    outer loop
      vertex 46.85 71.60000000000001 1.4
      vertex 49.2167532467532 71.60000000000001 2.5813092313092323
      vertex 46.85 71.60000000000001 2.63
    endloop
  endfacet
  facet normal 0 -1 0
    outer loop
      vertex 49.2167532467532 71.60000000000001 2.5813092313092323
      vertex 145.52392156862743 71.60000000000001 0.6
      vertex 146 71.60000000000001 0.6
    endloop
  endfacet
  facet normal 0 -1 0
    outer loop
      vertex 49.2167532467532 71.60000000000001 2.5813092313092323
      vertex 146 71.60000000000001 2.63
      vertex 46.85 71.60000000000001 2.63
    endloop
  endfacet
  facet normal 0 -1 0
    outer loop
      vertex 49.2167532467532 71.60000000000001 2.5813092313092323
      vertex 146 71.60000000000001 0.6
      vertex 146 71.60000000000001 2.63
    endloop
  endfacet
  facet normal -1 0 0
    outer loop
      vertex 46.85 70.30000000000001 2.63
      vertex 46.85 71.60000000000001 2.6499999999999995
      vertex 46.85 71.60000000000001 2.63
    endloop
  endfacet
  facet normal -1 0 0
    outer loop
      vertex 46.85 70.30000000000001 2.63
      vertex 46.85 70.30000000000001 3.44
      vertex 46.85 71.60000000000001 2.6499999999999995
    endloop
  endfacet
  facet normal -1 0 0
    outer loop
      vertex 46.85 71.60000000000001 2.6499999999999995
      vertex 46.85 70.30000000000001 3.44
      vertex 46.85 71.60000000000001 3.44
    endloop
  endfacet
  facet normal -1 0 0
    outer loop
      vertex 46.85 72.4 2.6499999999999995
      vertex 46.85 72 3.045
      vertex 46.85 72.4 3.44
    endloop
  endfacet
  facet normal -1 0 0
    outer loop
      vertex 46.85 72 3.045
      vertex 46.85 72.06535552193647 3.3109228441754914
      vertex 46.85 72.4 3.44
    endloop
  endfacet
  facet normal -1 0 0
    outer loop
      vertex 46.85 72.06535552193647 3.3109228441754914
      vertex 46.85 71.60000000000001 3.44
      vertex 46.85 72.4 3.44
    endloop
  endfacet
  facet normal 0 0 -1
    outer loop
      vertex 46.85 70.30000000000001 2.63
      vertex 46.85 71.60000000000001 2.63
      vertex 146 70.30000000000001 2.63
    endloop
  endfacet
  facet normal 0 -1 0
    outer loop
      vertex 46.85 70.30000000000001 2.63
      vertex 146 70.30000000000001 3.44
      vertex 46.85 70.30000000000001 3.44
    endloop
  endfacet
  facet normal 0 0 1
    outer loop
      vertex 46.85 70.30000000000001 3.44
      vertex 146 72.4 3.44
      vertex 46.85 71.60000000000001 3.44
    endloop
  endfacet
  facet normal 0 0 1
    outer loop
      vertex 46.85 71.60000000000001 3.44
      vertex 146 72.4 3.44
      vertex 46.85 72.4 3.44
    endloop
  endfacet
  facet normal 0 0 -1
    outer loop
      vertex 46.85 71.60000000000001 2.63
      vertex 146 71.60000000000001 2.63
      vertex 146 70.30000000000001 2.63
    endloop
  endfacet
  facet normal 0 -1 0
    outer loop
      vertex 46.85 70.30000000000001 2.63
      vertex 146 70.30000000000001 2.63
      vertex 146 70.30000000000001 3.44
    endloop
  endfacet
  facet normal 0 0 1
    outer loop
      vertex 46.85 70.30000000000001 3.44
      vertex 146 70.30000000000001 3.44
      vertex 146 72.4 3.44
    endloop
  endfacet
  facet normal 1 0 0
    outer loop
      vertex 40.85 59.2 0.6
      vertex 40.85 71.60000000000001 0.6
      vertex 40.85 59.2 1.4
    endloop
  endfacet
  facet normal -1 0 0
    outer loop
      vertex 39.65 58.40883977900553 0.6
      vertex 39.65 71.60000000000001 1.4683823529411764
      vertex 39.65 71.60000000000001 0.6
    endloop
  endfacet
  facet normal 1 0 0
    outer loop
      vertex 40.85 71.60000000000001 0.6
      vertex 40.85 71.60000000000001 1.4
      vertex 40.85 59.2 1.4
    endloop
  endfacet
  facet normal -1 0 0
    outer loop
      vertex 39.65 58.40883977900553 0.6
      vertex 39.65 59.2 1.4949999999999999
      vertex 39.65 71.98823529411764 2.346764705882353
    endloop
  endfacet
  facet normal -1 0 0
    outer loop
      vertex 39.65 58.40883977900553 0.6
      vertex 39.65 71.98823529411764 2.346764705882353
      vertex 39.65 71.60000000000001 1.4683823529411764
    endloop
  endfacet
  facet normal 1 0 0
    outer loop
      vertex 40.85 71.60000000000001 1.4
      vertex 40.85 72 1.4
      vertex 40.85 71.86666666666667 1.7333333333333332
    endloop
  endfacet
  facet normal 1 0 0
    outer loop
      vertex 40.85 71.60000000000001 1.4
      vertex 40.85 71.86666666666667 1.7333333333333332
      vertex 40.85 71.60000000000001 1.914705882352941
    endloop
  endfacet
  facet normal 1 0 0
    outer loop
      vertex 40.85 58.400000000000006 1.4
      vertex 40.85 59.2 1.4
      vertex 40.85 58.400000000000006 2.4
    endloop
  endfacet
  facet normal 1 0 0
    outer loop
      vertex 40.85 59.2 1.4
      vertex 40.85 71.60000000000001 1.4
      vertex 40.85 58.400000000000006 2.4
    endloop
  endfacet
  facet normal -1 0 0
    outer loop
      vertex 39.65 59.2 1.4949999999999999
      vertex 39.65 59.2 2.4
      vertex 39.65 71.60000000000001 2.4
    endloop
  endfacet
  facet normal 1 0 0
    outer loop
      vertex 40.85 71.60000000000001 1.4
      vertex 40.85 71.60000000000001 1.914705882352941
      vertex 40.85 58.400000000000006 2.4
    endloop
  endfacet
  facet normal -1 0 0
    outer loop
      vertex 39.65 59.2 1.4949999999999999
      vertex 39.65 71.60000000000001 2.4
      vertex 39.65 71.98823529411764 2.346764705882353
    endloop
  endfacet
  facet normal 0 0 1
    outer loop
      vertex 39.71857142857143 58.400000000000006 2.4
      vertex 40.85 58.400000000000006 2.4
      vertex 39.65 59.2 2.4
    endloop
  endfacet
  facet normal 0 0 1
    outer loop
      vertex 40.85 58.400000000000006 2.4
      vertex 39.65 71.60000000000001 2.4
      vertex 39.65 59.2 2.4
    endloop
  endfacet
  facet normal 1 0 0
    outer loop
      vertex 40.85 71.60000000000001 1.914705882352941
      vertex 40.85 71.60000000000001 2.4
      vertex 40.85 58.400000000000006 2.4
    endloop
  endfacet
  facet normal 1 0 0
    outer loop
      vertex 40.85 72.35428571428572 2.342857142857143
      vertex 40.85 72.4 2.3705882352941177
      vertex 40.85 72.4 2.4
    endloop
  endfacet
  facet normal 0 0 1
    outer loop
      vertex 40.85 58.400000000000006 2.4
      vertex 40.85 71.60000000000001 2.4
      vertex 39.65 71.60000000000001 2.4
    endloop
  endfacet
  facet normal 1 0 0
    outer loop
      vertex 40.85 72.35428571428572 2.342857142857143
      vertex 40.85 72.4 2.4
      vertex 40.85 71.60000000000001 2.4
    endloop
  endfacet
  facet normal 0 0 1
    outer loop
      vertex 40.85 71.60000000000001 2.4
      vertex 40.85 72.4 2.4
      vertex 40.78142857142857 72.4 2.4
    endloop
  endfacet
  facet normal 0 -1 0
    outer loop
      vertex 12.25 71.60000000000001 0.6
      vertex 33.06 71.60000000000001 0.6
      vertex 33.06 71.60000000000001 1.29
    endloop
  endfacet
  facet normal 0 -1 0
    outer loop
      vertex 12.25 71.60000000000001 0.6
      vertex 33.06 71.60000000000001 1.29
      vertex 12.25 71.60000000000001 1.2899999999999998
    endloop
  endfacet
  facet normal 1 0 0
    outer loop
      vertex 33.06 72.4 0.6
      vertex 33.06 72.4 1.29
      vertex 33.06 71.60000000000001 1.29
    endloop
  endfacet
  facet normal 1.0670091538925098e-17 1.7080354225002446e-16 -1
    outer loop
      vertex 12.25 72.4 1.2899999999999998
      vertex 12.25 73.7 1.29
      vertex 33.06 72.4 1.29
    endloop
  endfacet
  facet normal 0 0 -1
    outer loop
      vertex 12.25 73.7 1.29
      vertex 33.06 73.69611111111111 1.29
      vertex 33.06 72.4 1.29
    endloop
  endfacet
  facet normal -1.0670091538925098e-17 -5.709718412349232e-14 -1
    outer loop
      vertex 12.25 73.7 1.29
      vertex 33.06 73.7 1.2899999999999998
      vertex 33.06 73.69611111111111 1.29
    endloop
  endfacet
  facet normal 0 1 0
    outer loop
      vertex 12.25 73.7 1.29
      vertex 12.25 73.7 1.2939234449760766
      vertex 32.79512195121949 73.7 2.0999999999999996
    endloop
  endfacet
  facet normal 0 1 0
    outer loop
      vertex 12.25 73.7 1.29
      vertex 32.79512195121949 73.7 2.0999999999999996
      vertex 33.06 73.7 1.2899999999999998
    endloop
  endfacet
  facet normal 1 0 0
    outer loop
      vertex 33.06 73.69611111111111 1.29
      vertex 33.06 73.7 1.2899999999999998
      vertex 33.06 73.7 2.0999999999999996
    endloop
  endfacet
  facet normal 0 1 0
    outer loop
      vertex 33.06 73.7 1.2899999999999998
      vertex 32.79512195121949 73.7 2.0999999999999996
      vertex 33.05 73.7 2.0999999999999996
    endloop
  endfacet
  facet normal 1 0 0
    outer loop
      vertex 33.06 73.69611111111111 1.29
      vertex 33.06 73.7 2.0999999999999996
      vertex 33.06 73.69611111111111 2.0999999999999996
    endloop
  endfacet
  facet normal 0 1 0
    outer loop
      vertex 33.06 73.7 1.2899999999999998
      vertex 33.05 73.7 2.0999999999999996
      vertex 33.06 73.7 2.0999999999999996
    endloop
  endfacet
  facet normal 0 0 1
    outer loop
      vertex 33.06 73.69611111111111 2.0999999999999996
      vertex 33.06 73.7 2.0999999999999996
      vertex 33.05 73.7 2.0999999999999996
    endloop
  endfacet
  facet normal 0 0 -1
    outer loop
      vertex 33.06 71.60000000000001 1.29
      vertex 35.93359999999997 72.112 1.29
      vertex 36.39285714285713 71.85979955456571 1.29
    endloop
  endfacet
  facet normal 0 0 -1
    outer loop
      vertex 35.83635038430956 71.60000000000001 1.29
      vertex 36.39285714285713 71.85979955456571 1.29
      vertex 36.39285714285713 71.60000000000001 1.29
    endloop
  endfacet
  facet normal 0 0 -1
    outer loop
      vertex 35.93359999999997 72.112 1.29
      vertex 37.55 71.95 1.29
      vertex 36.39285714285713 71.85979955456571 1.29
    endloop
  endfacet
  facet normal 0 0 -1
    outer loop
      vertex 36.39285714285713 71.60000000000001 1.29
      vertex 36.39285714285713 71.85979955456571 1.29
      vertex 37.55 71.60000000000001 1.29
    endloop
  endfacet
  facet normal 0 0 -1
    outer loop
      vertex 35.93359999999997 72.112 1.29
      vertex 37.02413244650086 72.15450404858301 1.29
      vertex 37.42142857142856 72 1.29
    endloop
  endfacet
  facet normal 0 0 -1
    outer loop
      vertex 35.93359999999997 72.112 1.29
      vertex 37.42142857142856 72 1.29
      vertex 37.55 71.95 1.29
    endloop
  endfacet
  facet normal 0 0 -1
    outer loop
      vertex 35.93359999999997 72.112 1.29
      vertex 33.06 72.4 1.29
      vertex 33.06 73.69611111111111 1.29
    endloop
  endfacet
  facet normal 0 0 -1
    outer loop
      vertex 35.93359999999997 72.112 1.29
      vertex 33.06 73.69611111111111 1.29
      vertex 36.39285714285713 72.4 1.29
    endloop
  endfacet
  facet normal 0 0 -1
    outer loop
      vertex 35.93359999999997 72.112 1.29
      vertex 36.39285714285713 72.4 1.29
      vertex 37.02413244650086 72.15450404858301 1.29
    endloop
  endfacet
  facet normal 0 -1 0
    outer loop
      vertex 36.39285714285713 71.60000000000001 1.29
      vertex 37.55 71.60000000000001 1.29
      vertex 36.39285714285713 71.60000000000001 2.1100000000000003
    endloop
  endfacet
  facet normal 0.36244626115494755 0.9320046715412962 -5.0155063405036586e-18
    outer loop
      vertex 33.06 73.69611111111111 1.29
      vertex 36.39285714285713 72.4 2.1100000000000003
      vertex 36.39285714285713 72.4 1.29
    endloop
  endfacet
  facet normal 0 0 -1
    outer loop
      vertex 36.39285714285713 71.85979955456571 1.29
      vertex 37.55 71.95 1.29
      vertex 37.55 71.60000000000001 1.29
    endloop
  endfacet
  facet normal 1 0 0
    outer loop
      vertex 37.55 71.60000000000001 1.29
      vertex 37.55 71.95 1.29
      vertex 37.55 71.60000000000001 2.1100000000000003
    endloop
  endfacet
  facet normal 0.3624462611549012 0.9320046715413143 -2.278375607802478e-18
    outer loop
      vertex 37.42142857142856 72 1.29
      vertex 37.55 71.95 2.1100000000000003
      vertex 37.55 71.95 1.29
    endloop
  endfacet
  facet normal 0 0 1
    outer loop
      vertex 12.25 71.61004784688996 2.1100000000000003
      vertex 20.111904761904754 72.4 2.1100000000000003
      vertex 12.25 73.7 2.1100000000000003
    endloop
  endfacet
  facet normal 0 1 0
    outer loop
      vertex 12.25 73.7 1.2939234449760766
      vertex 12.25 73.7 2.1100000000000003
      vertex 32.79512195121949 73.7 2.0999999999999996
    endloop
  endfacet
  facet normal 0 0 1
    outer loop
      vertex 12.25 73.7 2.1100000000000003
      vertex 20.111904761904754 72.4 2.1100000000000003
      vertex 33.05 73.7 2.1100000000000003
    endloop
  endfacet
  facet normal 0 1 0
    outer loop
      vertex 12.25 73.7 2.1100000000000003
      vertex 33.05 73.7 2.1100000000000003
      vertex 32.79512195121949 73.7 2.0999999999999996
    endloop
  endfacet
  facet normal 0.3624462611549476 0.9320046715412963 0
    outer loop
      vertex 33.06 73.69611111111111 1.29
      vertex 33.06 73.69611111111111 2.0999999999999996
      vertex 36.39285714285713 72.4 2.1100000000000003
    endloop
  endfacet
  facet normal 0 0 1
    outer loop
      vertex 20.111904761904754 72.4 2.1100000000000003
      vertex 35.83571428571428 72.4 2.1100000000000003
      vertex 33.05 73.7 2.1100000000000003
    endloop
  endfacet
  facet normal 0 0 1
    outer loop
      vertex 36.39285714285713 71.60000000000001 2.1100000000000003
      vertex 37.55 71.60000000000001 2.1100000000000003
      vertex 37.02402597402597 71.84545454545456 2.1100000000000003
    endloop
  endfacet
  facet normal 0 1 0
    outer loop
      vertex 32.79512195121949 73.7 2.0999999999999996
      vertex 33.05 73.7 2.1100000000000003
      vertex 33.05 73.7 2.0999999999999996
    endloop
  endfacet
  facet normal 0.362446261155268 0.9320046715411717 -1.0913200371308848e-17
    outer loop
      vertex 33.06 73.69611111111111 2.0999999999999996
      vertex 33.05 73.7 2.0999999999999996
      vertex 33.05 73.7 2.1100000000000003
    endloop
  endfacet
  facet normal 0.36244626115494855 0.932004671541296 -3.678158813042533e-13
    outer loop
      vertex 33.06 73.69611111111111 2.0999999999999996
      vertex 33.05 73.7 2.1100000000000003
      vertex 36.39285714285713 72.4 2.1100000000000003
    endloop
  endfacet
  facet normal 0 0 1
    outer loop
      vertex 33.05 73.7 2.1100000000000003
      vertex 35.83571428571428 72.4 2.1100000000000003
      vertex 36.39285714285713 72.4 2.1100000000000003
    endloop
  endfacet
  facet normal 0 -1 0
    outer loop
      vertex 37.55 71.60000000000001 1.29
      vertex 37.55 71.60000000000001 2.1100000000000003
      vertex 36.39285714285713 71.60000000000001 2.1100000000000003
    endloop
  endfacet
  facet normal 1 0 0
    outer loop
      vertex 37.55 71.95 1.29
      vertex 37.55 71.95 2.1100000000000003
      vertex 37.55 71.60000000000001 2.1100000000000003
    endloop
  endfacet
  facet normal 0.3624462611549012 0.9320046715413143 0
    outer loop
      vertex 37.42142857142856 72 1.29
      vertex 37.42142857142856 72 2.1100000000000003
      vertex 37.55 71.95 2.1100000000000003
    endloop
  endfacet
  facet normal 0 0 1
    outer loop
      vertex 37.02402597402597 71.84545454545456 2.1100000000000003
      vertex 37.55 71.60000000000001 2.1100000000000003
      vertex 37.42142857142856 72 2.1100000000000003
    endloop
  endfacet
  facet normal 0 0 1
    outer loop
      vertex 37.55 71.60000000000001 2.1100000000000003
      vertex 37.55 71.95 2.1100000000000003
      vertex 37.42142857142856 72 2.1100000000000003
    endloop
  endfacet
  facet normal 0 1 0
    outer loop
      vertex 12.25 85.60000000000001 0.6
      vertex 12.25 85.60000000000001 1.2899999999999998
      vertex 33.06 85.60000000000001 0.6
    endloop
  endfacet
  facet normal 1 0 0
    outer loop
      vertex 33.06 84.80000000000001 0.6
      vertex 33.06 85.60000000000001 0.6
      vertex 33.06 84.80000000000001 1.2899999999999938
    endloop
  endfacet
  facet normal 6.828858584912061e-16 1 2.0595441616234788e-14
    outer loop
      vertex 33.06 85.60000000000001 0.6
      vertex 12.25 85.60000000000001 1.2899999999999998
      vertex 33.06 85.6 1.29
    endloop
  endfacet
  facet normal 0 3.416070845000489e-16 -1
    outer loop
      vertex 12.25 83.50000000000001 1.29
      vertex 12.25 84.80000000000001 1.2900000000000005
      vertex 33.05 83.50000000000001 1.29
    endloop
  endfacet
  facet normal 3.5348488969612996e-15 5.709718412349223e-14 -1
    outer loop
      vertex 12.25 84.80000000000001 1.2900000000000005
      vertex 33.06 83.50388888888891 1.29
      vertex 33.06 83.50000000000001 1.2899999999999998
    endloop
  endfacet
  facet normal -2.220446049249444e-14 -3.549297607954117e-13 -1
    outer loop
      vertex 12.25 84.80000000000001 1.2900000000000005
      vertex 33.06 83.50000000000001 1.2899999999999998
      vertex 33.05 83.50000000000001 1.29
    endloop
  endfacet
  facet normal -3.2010274616775293e-16 -4.7968487304850635e-15 -1
    outer loop
      vertex 12.25 84.80000000000001 1.2900000000000005
      vertex 33.06 84.80000000000001 1.2899999999999938
      vertex 33.06 83.50388888888891 1.29
    endloop
  endfacet
  facet normal 0 -1 0
    outer loop
      vertex 33.06 83.50000000000001 1.2899999999999998
      vertex 33.05 83.50000000000001 2.0996126255380196
      vertex 33.05 83.50000000000001 1.29
    endloop
  endfacet
  facet normal 1 0 0
    outer loop
      vertex 33.06 83.50000000000001 1.2899999999999998
      vertex 33.06 83.50388888888891 1.29
      vertex 33.06 83.50388888888891 2.0999999999999996
    endloop
  endfacet
  facet normal 0 -1 0
    outer loop
      vertex 22.666609733765323 83.50000000000001 1.6973866037470065
      vertex 33.05 83.50000000000001 2.0996126255380196
      vertex 12.404878048780505 83.50000000000001 2.0999999999999996
    endloop
  endfacet
  facet normal 0 -1 0
    outer loop
      vertex 12.404878048780505 83.50000000000001 2.0999999999999996
      vertex 33.05 83.50000000000001 2.0996126255380196
      vertex 33.05 83.50000000000001 2.0999999999999996
    endloop
  endfacet
  facet normal 0 -1 0
    outer loop
      vertex 33.06 83.50000000000001 1.2899999999999998
      vertex 33.06 83.50000000000001 2.0999999999999996
      vertex 33.05 83.50000000000001 2.0996126255380196
    endloop
  endfacet
  facet normal 1 0 0
    outer loop
      vertex 33.06 83.50000000000001 1.2899999999999998
      vertex 33.06 83.50388888888891 2.0999999999999996
      vertex 33.06 83.50000000000001 2.0999999999999996
    endloop
  endfacet
  facet normal 0 -1 0
    outer loop
      vertex 33.05 83.50000000000001 2.0996126255380196
      vertex 33.06 83.50000000000001 2.0999999999999996
      vertex 33.05 83.50000000000001 2.0999999999999996
    endloop
  endfacet
  facet normal 0 0 1
    outer loop
      vertex 33.06 83.50000000000001 2.0999999999999996
      vertex 33.06 83.50388888888891 2.0999999999999996
      vertex 33.05 83.50000000000001 2.0999999999999996
    endloop
  endfacet
  facet normal 0 -1 0
    outer loop
      vertex 12.25 83.50000000000001 1.29
      vertex 22.666609733765323 83.50000000000001 1.6973866037470065
      vertex 12.404878048780505 83.50000000000001 2.0999999999999996
    endloop
  endfacet
  facet normal 2.239360339039841e-15 -4.7968487304850635e-15 -1
    outer loop
      vertex 33.06 83.50388888888891 1.29
      vertex 33.06 84.80000000000001 1.2899999999999938
      vertex 36.392857142857096 85.05979955456569 1.29
    endloop
  endfacet
  facet normal 0 0 -1
    outer loop
      vertex 33.06 83.50388888888891 1.29
      vertex 36.392857142857096 85.05979955456569 1.29
      vertex 36.392857142857096 84.8 1.29
    endloop
  endfacet
  facet normal 2.239360339039822e-15 -4.796848730484821e-15 -1
    outer loop
      vertex 33.06 84.80000000000001 1.2899999999999938
      vertex 36.75643683176955 85.22953305694959 1.29
      vertex 36.392857142857096 85.05979955456569 1.29
    endloop
  endfacet
  facet normal 2.2393603390398507e-15 -4.796848730485068e-15 -1
    outer loop
      vertex 33.06 84.80000000000001 1.2899999999999938
      vertex 37.55 85.60000000000001 1.29
      vertex 36.75643683176955 85.22953305694959 1.29
    endloop
  endfacet
  facet normal 0 0 -1
    outer loop
      vertex 36.392857142857096 84.8 1.29
      vertex 36.392857142857096 85.05979955456569 1.29
      vertex 37.228392359729334 85.12493036211698 1.29
    endloop
  endfacet
  facet normal -3.313689186097811e-29 7.771561172376261e-15 -1
    outer loop
      vertex 33.06 84.80000000000001 1.2899999999999938
      vertex 33.06 85.6 1.29
      vertex 36.392857142857096 85.60000000000001 1.29
    endloop
  endfacet
  facet normal 0 7.771561172376123e-15 -1
    outer loop
      vertex 33.06 84.80000000000001 1.2899999999999938
      vertex 36.392857142857096 85.60000000000001 1.29
      vertex 37.55 85.60000000000001 1.29
    endloop
  endfacet
  facet normal 0 -1 0
    outer loop
      vertex 12.25 83.50000000000001 1.29
      vertex 33.05 83.50000000000001 1.29
      vertex 22.666609733765323 83.50000000000001 1.6973866037470065
    endloop
  endfacet
  facet normal 0 -1 0
    outer loop
      vertex 33.05 83.50000000000001 1.29
      vertex 33.05 83.50000000000001 2.0996126255380196
      vertex 22.666609733765323 83.50000000000001 1.6973866037470065
    endloop
  endfacet
  facet normal 0.3624462611549475 -0.9320046715412963 0
    outer loop
      vertex 33.06 83.50388888888891 1.29
      vertex 36.392857142857096 84.8 1.29
      vertex 33.06 83.50388888888891 2.0999999999999996
    endloop
  endfacet
  facet normal 0 0 -1
    outer loop
      vertex 36.75643683176955 85.22953305694959 1.29
      vertex 37.55 85.60000000000001 1.29
      vertex 37.42142857142854 85.2 1.29
    endloop
  endfacet
  facet normal 0 0 -1
    outer loop
      vertex 37.42142857142854 85.2 1.29
      vertex 37.55 85.60000000000001 1.29
      vertex 37.55 85.25000000000001 1.29
    endloop
  endfacet
  facet normal 0.3624462611549559 -0.9320046715412931 0
    outer loop
      vertex 37.42142857142854 85.2 1.29
      vertex 37.55 85.25000000000001 1.29
      vertex 37.42142857142854 85.2 2.1100000000000003
    endloop
  endfacet
  facet normal 0 1 0
    outer loop
      vertex 36.392857142857096 85.60000000000001 1.29
      vertex 37.55 85.60000000000001 2.1100000000000003
      vertex 37.55 85.60000000000001 1.29
    endloop
  endfacet
  facet normal 1 0 0
    outer loop
      vertex 37.55 85.25000000000001 1.29
      vertex 37.55 85.60000000000001 1.29
      vertex 37.55 85.25000000000001 2.1100000000000003
    endloop
  endfacet
  facet normal 0 -1 0
    outer loop
      vertex 12.25 83.50000000000001 1.29
      vertex 12.404878048780505 83.50000000000001 2.0999999999999996
      vertex 12.25 83.50000000000001 2.1100000000000003
    endloop
  endfacet
  facet normal 0 0 1
    outer loop
      vertex 12.25 83.50000000000001 2.1100000000000003
      vertex 19.151698128761158 85.50351990767456 2.1100000000000003
      vertex 12.25 84.81004784688994 2.1100000000000003
    endloop
  endfacet
  facet normal 0 -1 0
    outer loop
      vertex 12.404878048780505 83.50000000000001 2.0999999999999996
      vertex 33.05 83.50000000000001 2.1100000000000003
      vertex 12.25 83.50000000000001 2.1100000000000003
    endloop
  endfacet
  facet normal 0 0 1
    outer loop
      vertex 12.25 83.50000000000001 2.1100000000000003
      vertex 31.018571428571178 84.8 2.1100000000000003
      vertex 19.151698128761158 85.50351990767456 2.1100000000000003
    endloop
  endfacet
  facet normal 0 -1 0
    outer loop
      vertex 12.404878048780505 83.50000000000001 2.0999999999999996
      vertex 33.05 83.50000000000001 2.0999999999999996
      vertex 33.05 83.50000000000001 2.1100000000000003
    endloop
  endfacet
  facet normal 0 0 1
    outer loop
      vertex 12.25 83.50000000000001 2.1100000000000003
      vertex 33.05 83.50000000000001 2.1100000000000003
      vertex 31.018571428571178 84.8 2.1100000000000003
    endloop
  endfacet
  facet normal 0.3624462611549475 -0.9320046715412964 0
    outer loop
      vertex 36.392857142857096 84.8 1.29
      vertex 36.392857142857096 84.8 2.1100000000000003
      vertex 33.06 83.50388888888891 2.0999999999999996
    endloop
  endfacet
  facet normal 0 1 0
    outer loop
      vertex 36.392857142857096 85.60000000000001 1.29
      vertex 36.392857142857096 85.60000000000001 2.1100000000000003
      vertex 37.55 85.60000000000001 2.1100000000000003
    endloop
  endfacet
  facet normal 0 0 1
    outer loop
      vertex 19.151698128761158 85.50351990767456 2.1100000000000003
      vertex 31.018571428571178 84.8 2.1100000000000003
      vertex 36.70976476353831 85.19210977701545 2.1100000000000003
    endloop
  endfacet
  facet normal 0 0 1
    outer loop
      vertex 31.018571428571178 84.8 2.1100000000000003
      vertex 33.05 83.50000000000001 2.1100000000000003
      vertex 36.392857142857096 84.8 2.1100000000000003
    endloop
  endfacet
  facet normal 0.362446261155268 -0.9320046715411717 -1.2298940450960113e-10
    outer loop
      vertex 33.05 83.50000000000001 2.0999999999999996
      vertex 33.06 83.50388888888891 2.0999999999999996
      vertex 36.392857142857096 84.8 2.1100000000000003
    endloop
  endfacet
  facet normal 0.3624462611549485 -0.9320046715412961 0
    outer loop
      vertex 33.05 83.50000000000001 2.0999999999999996
      vertex 36.392857142857096 84.8 2.1100000000000003
      vertex 33.05 83.50000000000001 2.1100000000000003
    endloop
  endfacet
  facet normal 0 0 1
    outer loop
      vertex 36.55637496377857 85.26369168356999 2.1100000000000003
      vertex 36.70976476353831 85.19210977701545 2.1100000000000003
      vertex 37.33155757286187 85.23494983277592 2.1100000000000003
    endloop
  endfacet
  facet normal 0 0 1
    outer loop
      vertex 36.55637496377857 85.26369168356999 2.1100000000000003
      vertex 37.55 85.60000000000001 2.1100000000000003
      vertex 36.392857142857096 85.60000000000001 2.1100000000000003
    endloop
  endfacet
  facet normal 0.3624462611549559 -0.9320046715412931 0
    outer loop
      vertex 37.55 85.25000000000001 1.29
      vertex 37.55 85.25000000000001 2.1100000000000003
      vertex 37.42142857142854 85.2 2.1100000000000003
    endloop
  endfacet
  facet normal 1 0 0
    outer loop
      vertex 37.55 85.60000000000001 1.29
      vertex 37.55 85.60000000000001 2.1100000000000003
      vertex 37.55 85.25000000000001 2.1100000000000003
    endloop
  endfacet
  facet normal 0 0 1
    outer loop
      vertex 36.55637496377857 85.26369168356999 2.1100000000000003
      vertex 37.33155757286187 85.23494983277592 2.1100000000000003
      vertex 37.55 85.25000000000001 2.1100000000000003
    endloop
  endfacet
  facet normal 0 0 1
    outer loop
      vertex 37.33155757286187 85.23494983277592 2.1100000000000003
      vertex 37.42142857142854 85.2 2.1100000000000003
      vertex 37.55 85.25000000000001 2.1100000000000003
    endloop
  endfacet
  facet normal 0 0 1
    outer loop
      vertex 36.55637496377857 85.26369168356999 2.1100000000000003
      vertex 37.55 85.25000000000001 2.1100000000000003
      vertex 37.55 85.60000000000001 2.1100000000000003
    endloop
  endfacet
  facet normal 0 -1 0
    outer loop
      vertex 40.85 71.60000000000001 0.6
      vertex 46.85 71.60000000000001 0.6
      vertex 40.85 71.60000000000001 1.4
    endloop
  endfacet
  facet normal 0 -1 0
    outer loop
      vertex 46.85 71.60000000000001 0.6
      vertex 46.85 71.60000000000001 1.4
      vertex 40.85 71.60000000000001 1.4
    endloop
  endfacet
  facet normal 0 0 1
    outer loop
      vertex 40.85 71.60000000000001 1.4
      vertex 46.85 71.60000000000001 1.4
      vertex 40.85 72 1.4
    endloop
  endfacet
  facet normal 0 1 0
    outer loop
      vertex 40.85 85.60000000000001 0.6
      vertex 46.85 85.60000000000001 1.4
      vertex 46.85 85.60000000000001 0.6
    endloop
  endfacet
  facet normal 0 1 0
    outer loop
      vertex 40.85 85.60000000000001 0.6
      vertex 40.85 85.60000000000001 1.4
      vertex 46.85 85.60000000000001 1.4
    endloop
  endfacet
  facet normal 0 0 1
    outer loop
      vertex 40.85 85.60000000000001 1.4
      vertex 46.85 84.80000000000001 1.4
      vertex 46.85 85.60000000000001 1.4
    endloop
  endfacet
  facet normal -1 0 0
    outer loop
      vertex 46.85 71.60000000000001 1.4
      vertex 46.85 72.4 2.63
      vertex 46.85 72.4 1.4
    endloop
  endfacet
  facet normal -1 0 0
    outer loop
      vertex 46.85 71.60000000000001 1.4
      vertex 46.85 71.60000000000001 2.63
      vertex 46.85 72.4 2.6499999999999995
    endloop
  endfacet
  facet normal -1 0 0
    outer loop
      vertex 46.85 71.60000000000001 1.4
      vertex 46.85 72.4 2.6499999999999995
      vertex 46.85 72.4 2.63
    endloop
  endfacet
  facet normal -1 0 0
    outer loop
      vertex 46.85 71.60000000000001 2.63
      vertex 46.85 71.60000000000001 2.6499999999999995
      vertex 46.85 72.4 2.6499999999999995
    endloop
  endfacet
  facet normal 0 1 0
    outer loop
      vertex 46.85 72.4 0.6
      vertex 46.85 72.4 1.4
      vertex 146 72.4 0.6
    endloop
  endfacet
  facet normal 0 -1 0
    outer loop
      vertex 46.86188541292101 71.60000000000001 0.6
      vertex 145.52392156862743 71.60000000000001 0.6
      vertex 49.2167532467532 71.60000000000001 2.5813092313092323
    endloop
  endfacet
  facet normal 0 1 0
    outer loop
      vertex 46.85 72.4 1.4
      vertex 46.85 72.4 2.63
      vertex 146 72.4 0.6
    endloop
  endfacet
  facet normal 0 1 0
    outer loop
      vertex 46.85 72.4 2.63
      vertex 146 72.4 2.63
      vertex 146 72.4 0.6
    endloop
  endfacet
  facet normal -1 0 0
    outer loop
      vertex 46.85 71.60000000000001 2.6499999999999995
      vertex 46.85 72 3.045
      vertex 46.85 72.4 2.6499999999999995
    endloop
  endfacet
  facet normal -1 0 0
    outer loop
      vertex 46.85 72.4 2.63
      vertex 46.85 72.4 2.6499999999999995
      vertex 46.85 73.7 2.63
    endloop
  endfacet
  facet normal -1 0 0
    outer loop
      vertex 46.85 73.7 2.63
      vertex 46.85 72.4 2.6499999999999995
      vertex 46.85 73.7 3.44
    endloop
  endfacet
  facet normal -1 0 0
    outer loop
      vertex 46.85 71.60000000000001 2.6499999999999995
      vertex 46.85 71.60000000000001 3.44
      vertex 46.85 72 3.045
    endloop
  endfacet
  facet normal -1 0 0
    outer loop
      vertex 46.85 72.4 2.6499999999999995
      vertex 46.85 72.4 3.44
      vertex 46.85 73.7 3.44
    endloop
  endfacet
  facet normal -1 0 0
    outer loop
      vertex 46.85 72 3.045
      vertex 46.85 71.60000000000001 3.44
      vertex 46.85 72.06535552193647 3.3109228441754914
    endloop
  endfacet
  facet normal 0 0 -1
    outer loop
      vertex 46.85 72.4 2.63
      vertex 46.85 73.7 2.63
      vertex 146 72.4 2.63
    endloop
  endfacet
  facet normal 0 1 0
    outer loop
      vertex 46.85 73.7 2.63
      vertex 46.85 73.7 3.44
      vertex 146 73.7 2.63
    endloop
  endfacet
  facet normal 0 0 1
    outer loop
      vertex 46.85 72.4 3.44
      vertex 146 73.7 3.44
      vertex 46.85 73.7 3.44
    endloop
  endfacet
  facet normal 0 0 -1
    outer loop
      vertex 46.85 73.7 2.63
      vertex 146 73.7 2.63
      vertex 146 72.4 2.63
    endloop
  endfacet
  facet normal 0 1 0
    outer loop
      vertex 46.85 73.7 3.44
      vertex 146 73.7 3.44
      vertex 146 73.7 2.63
    endloop
  endfacet
  facet normal 0 0 1
    outer loop
      vertex 46.85 72.4 3.44
      vertex 146 72.4 3.44
      vertex 146 73.7 3.44
    endloop
  endfacet
  facet normal 0 -1 0
    outer loop
      vertex 46.85 84.80000000000001 0.6
      vertex 144.7858024691358 84.80000000000001 0.6
      vertex 46.85 84.80000000000001 1.4
    endloop
  endfacet
  facet normal 0 1 0
    outer loop
      vertex 46.85 85.60000000000001 0.6
      vertex 46.85 85.60000000000001 1.4
      vertex 146 85.60000000000001 0.6
    endloop
  endfacet
  facet normal 0 1 0
    outer loop
      vertex 46.85 85.60000000000001 1.4
      vertex 146 85.60000000000001 2.6298759580475997
      vertex 146 85.60000000000001 0.6
    endloop
  endfacet
  facet normal -1 0 0
    outer loop
      vertex 46.85 83.50000000000001 2.63
      vertex 46.85 84.80000000000001 2.6499999999999995
      vertex 46.85 84.80000000000003 2.630000000000001
    endloop
  endfacet
  facet normal -1 0 0
    outer loop
      vertex 46.85 83.50000000000001 2.63
      vertex 46.85 85.60000000000001 3.44
      vertex 46.85 84.80000000000001 2.6499999999999995
    endloop
  endfacet
  facet normal -1 0 0
    outer loop
      vertex 46.85 84.80000000000001 2.6499999999999995
      vertex 46.85 85.60000000000001 3.44
      vertex 46.85 85.60000000000001 2.6499999999999995
    endloop
  endfacet
  facet normal -1 0 0
    outer loop
      vertex 46.85 83.50000000000001 2.63
      vertex 46.85 83.50000000000001 3.44
      vertex 46.85 85.60000000000001 3.44
    endloop
  endfacet
  facet normal 0 6.832141690000903e-16 -1
    outer loop
      vertex 46.85 83.50000000000001 2.63
      vertex 46.85 84.80000000000003 2.630000000000001
      vertex 146 83.50000000000001 2.63
    endloop
  endfacet
  facet normal 0 -1 0
    outer loop
      vertex 46.85 83.50000000000001 2.63
      vertex 146 83.50000000000001 3.44
      vertex 46.85 83.50000000000001 3.44
    endloop
  endfacet
  facet normal 0 0 1
    outer loop
      vertex 46.85 83.50000000000001 3.44
      vertex 146 84.80021177894312 3.44
      vertex 46.85 85.60000000000001 3.44
    endloop
  endfacet
  facet normal 0 0 1
    outer loop
      vertex 46.85 85.60000000000001 3.44
      vertex 146 84.80021177894312 3.44
      vertex 108.23476190476126 85.60000000000001 3.44
    endloop
  endfacet
  facet normal -8.957926572870653e-18 0 -1
    outer loop
      vertex 46.85 84.80000000000003 2.630000000000001
      vertex 146 84.8 2.63
      vertex 146 83.50000000000001 2.63
    endloop
  endfacet
  facet normal 0 -1 0
    outer loop
      vertex 46.85 83.50000000000001 2.63
      vertex 146 83.50000000000001 2.63
      vertex 146 83.50000000000001 3.44
    endloop
  endfacet
  facet normal 0 0 1
    outer loop
      vertex 46.85 83.50000000000001 3.44
      vertex 146 83.50000000000001 3.44
      vertex 146 84.80021177894312 3.44
    endloop
  endfacet
  facet normal 1 0 0
    outer loop
      vertex 40.85 72.4 0.6
      vertex 40.85 84.80000000000001 0.6
      vertex 40.85 72.4 1.4
    endloop
  endfacet
  facet normal -1 0 0
    outer loop
      vertex 39.65 71.60000000000001 0.6
      vertex 39.65 71.60000000000001 1.4683823529411764
      vertex 39.65 85.60000000000001 2.4
    endloop
  endfacet
  facet normal 1 0 0
    outer loop
      vertex 40.85 72 1.4
      vertex 40.85 72.4 1.4
      vertex 40.85 71.86666666666667 1.7333333333333332
    endloop
  endfacet
  facet normal 1 0 0
    outer loop
      vertex 40.85 72.4 1.4
      vertex 40.85 84.80000000000001 1.4
      vertex 40.85 72.35428571428572 2.342857142857143
    endloop
  endfacet
  facet normal -1 0 0
    outer loop
      vertex 39.65 71.60000000000001 0.6
      vertex 39.65 85.60000000000001 1.4949999999999999
      vertex 39.65 84.80883977900552 0.6
    endloop
  endfacet
  facet normal 1 0 0
    outer loop
      vertex 40.85 84.80000000000001 0.6
      vertex 40.85 84.80000000000001 1.4
      vertex 40.85 72.4 1.4
    endloop
  endfacet
  facet normal -1 0 0
    outer loop
      vertex 39.65 71.60000000000001 0.6
      vertex 39.65 85.60000000000001 2.4
      vertex 39.65 85.60000000000001 1.4949999999999999
    endloop
  endfacet
  facet normal 1 0 0
    outer loop
      vertex 40.85 72.4 1.4
      vertex 40.85 71.60000000000001 2.4
      vertex 40.85 71.86666666666667 1.7333333333333332
    endloop
  endfacet
  facet normal 1 0 0
    outer loop
      vertex 40.85 71.86666666666667 1.7333333333333332
      vertex 40.85 71.60000000000001 2.4
      vertex 40.85 71.60000000000001 1.914705882352941
    endloop
  endfacet
  facet normal 1 0 0
    outer loop
      vertex 40.85 72.4 1.4
      vertex 40.85 72.35428571428572 2.342857142857143
      vertex 40.85 71.60000000000001 2.4
    endloop
  endfacet
  facet normal 1 0 0
    outer loop
      vertex 40.85 84.80000000000001 1.4
      vertex 40.85 72.4 2.3705882352941177
      vertex 40.85 72.35428571428572 2.342857142857143
    endloop
  endfacet
  facet normal -1 0 0
    outer loop
      vertex 39.65 71.60000000000001 1.4683823529411764
      vertex 39.65 71.98823529411764 2.346764705882353
      vertex 39.65 85.60000000000001 2.4
    endloop
  endfacet
  facet normal 1 0 0
    outer loop
      vertex 40.85 84.80000000000001 1.4
      vertex 40.85 72.4 2.4
      vertex 40.85 72.4 2.3705882352941177
    endloop
  endfacet
  facet normal 0 0 1
    outer loop
      vertex 39.65 71.60000000000001 2.4
      vertex 40.85 71.60000000000001 2.4
      vertex 40.78142857142857 72.4 2.4
    endloop
  endfacet
  facet normal -1 0 0
    outer loop
      vertex 39.65 71.98823529411764 2.346764705882353
      vertex 39.65 71.60000000000001 2.4
      vertex 39.65 85.60000000000001 2.4
    endloop
  endfacet
  facet normal 0 0 1
    outer loop
      vertex 39.65 71.60000000000001 2.4
      vertex 40.78142857142857 72.4 2.4
      vertex 39.65 85.60000000000001 2.4
    endloop
  endfacet
  facet normal 0 0 1
    outer loop
      vertex 40.85 72.4 2.4
      vertex 40.85 85.2 2.4
      vertex 40.78142857142857 72.4 2.4
    endloop
  endfacet
  facet normal 1 0 0
    outer loop
      vertex 40.85 84.80000000000001 1.4
      vertex 40.85 85.2 1.8999999999999955
      vertex 40.85 85.2 2.4
    endloop
  endfacet
  facet normal 1 0 0
    outer loop
      vertex 40.85 84.80000000000001 1.4
      vertex 40.85 85.2 2.4
      vertex 40.85 72.4 2.4
    endloop
  endfacet
  facet normal 1 0 0
    outer loop
      vertex 40.85 85.2 1.8999999999999955
      vertex 40.85 85.60000000000001 1.9
      vertex 40.85 85.60000000000001 2.3393939393939385
    endloop
  endfacet
  facet normal 1 0 0
    outer loop
      vertex 40.85 85.2 1.8999999999999955
      vertex 40.85 85.60000000000001 2.3393939393939385
      vertex 40.85 85.57714285714287 2.371428571428571
    endloop
  endfacet
  facet normal 1 0 0
    outer loop
      vertex 40.85 85.2 1.8999999999999955
      vertex 40.85 85.57714285714287 2.371428571428571
      vertex 40.85 85.2 2.4
    endloop
  endfacet
  facet normal 0 0 1
    outer loop
      vertex 40.78142857142857 72.4 2.4
      vertex 40.78142857142857 85.60000000000001 2.4
      vertex 39.65 85.60000000000001 2.4
    endloop
  endfacet
  facet normal 0 0 1
    outer loop
      vertex 40.78142857142857 72.4 2.4
      vertex 40.85 85.2 2.4
      vertex 40.78142857142857 85.60000000000001 2.4
    endloop
  endfacet
  facet normal 0 -1 0
    outer loop
      vertex 12.25 84.80000000000001 0.6
      vertex 33.06 84.80000000000001 0.6
      vertex 33.06 84.80000000000001 1.2899999999999938
    endloop
  endfacet
  facet normal 0 -1 0
    outer loop
      vertex 12.25 84.80000000000001 0.6
      vertex 33.06 84.80000000000001 1.2899999999999938
      vertex 12.25 84.80000000000001 1.2900000000000005
    endloop
  endfacet
  facet normal 1 0 0
    outer loop
      vertex 33.06 85.60000000000001 0.6
      vertex 33.06 85.6 1.29
      vertex 33.06 84.80000000000001 1.2899999999999938
    endloop
  endfacet
  facet normal 1.0670091538925214e-17 1.708035422500263e-16 -1
    outer loop
      vertex 12.25 85.60000000000001 1.2899999999999998
      vertex 12.25 86.89999999999999 1.29
      vertex 33.06 85.6 1.29
    endloop
  endfacet
  facet normal 0 0 -1
    outer loop
      vertex 12.25 86.89999999999999 1.29
      vertex 33.06 86.8961111111111 1.29
      vertex 33.06 85.6 1.29
    endloop
  endfacet
  facet normal -1.0670091538925098e-17 -5.709718412349232e-14 -1
    outer loop
      vertex 12.25 86.89999999999999 1.29
      vertex 33.06 86.89999999999999 1.2899999999999998
      vertex 33.06 86.8961111111111 1.29
    endloop
  endfacet
  facet normal 0 1 0
    outer loop
      vertex 12.25 86.89999999999999 1.29
      vertex 12.25 86.89999999999999 1.2939234449760766
      vertex 32.79512195121949 86.89999999999999 2.0999999999999996
    endloop
  endfacet
  facet normal 0 1 0
    outer loop
      vertex 12.25 86.89999999999999 1.29
      vertex 32.79512195121949 86.89999999999999 2.0999999999999996
      vertex 33.06 86.89999999999999 1.2899999999999998
    endloop
  endfacet
  facet normal 1 0 0
    outer loop
      vertex 33.06 86.8961111111111 1.29
      vertex 33.06 86.89999999999999 1.2899999999999998
      vertex 33.06 86.89999999999999 2.0999999999999996
    endloop
  endfacet
  facet normal 0 1 0
    outer loop
      vertex 33.06 86.89999999999999 1.2899999999999998
      vertex 32.79512195121949 86.89999999999999 2.0999999999999996
      vertex 33.05 86.89999999999999 2.0999999999999996
    endloop
  endfacet
  facet normal 1 0 0
    outer loop
      vertex 33.06 86.8961111111111 1.29
      vertex 33.06 86.89999999999999 2.0999999999999996
      vertex 33.06 86.8961111111111 2.0999999999999996
    endloop
  endfacet
  facet normal 0 1 0
    outer loop
      vertex 33.06 86.89999999999999 1.2899999999999998
      vertex 33.05 86.89999999999999 2.0999999999999996
      vertex 33.06 86.89999999999999 2.0999999999999996
    endloop
  endfacet
  facet normal 0 0 1
    outer loop
      vertex 33.06 86.8961111111111 2.0999999999999996
      vertex 33.06 86.89999999999999 2.0999999999999996
      vertex 33.05 86.89999999999999 2.0999999999999996
    endloop
  endfacet
  facet normal 0 0 -1
    outer loop
      vertex 36.392857142857096 85.05979955456569 1.29
      vertex 36.75643683176955 85.22953305694959 1.29
      vertex 37.228392359729334 85.12493036211698 1.29
    endloop
  endfacet
  facet normal 0 0 -1
    outer loop
      vertex 33.06 85.6 1.29
      vertex 33.06 86.8961111111111 1.29
      vertex 36.392857142857096 85.60000000000001 1.29
    endloop
  endfacet
  facet normal 0.3624462611549475 0.9320046715412963 0
    outer loop
      vertex 33.06 86.8961111111111 1.29
      vertex 33.06 86.8961111111111 2.0999999999999996
      vertex 36.392857142857096 85.60000000000001 1.29
    endloop
  endfacet
  facet normal 0 0 -1
    outer loop
      vertex 36.392857142857096 84.8 1.29
      vertex 37.228392359729334 85.12493036211698 1.29
      vertex 37.55 84.8 1.29
    endloop
  endfacet
  facet normal 0 0 -1
    outer loop
      vertex 36.75643683176955 85.22953305694959 1.29
      vertex 37.42142857142854 85.2 1.29
      vertex 37.55 85.14999999999999 1.29
    endloop
  endfacet
  facet normal 0 0 -1
    outer loop
      vertex 36.75643683176955 85.22953305694959 1.29
      vertex 37.55 85.14999999999999 1.29
      vertex 37.228392359729334 85.12493036211698 1.29
    endloop
  endfacet
  facet normal 0 0 -1
    outer loop
      vertex 37.228392359729334 85.12493036211698 1.29
      vertex 37.55 85.14999999999999 1.29
      vertex 37.55 84.8 1.29
    endloop
  endfacet
  facet normal 0 -1 0
    outer loop
      vertex 36.392857142857096 84.8 1.29
      vertex 37.55 84.8 1.29
      vertex 37.55 84.8 2.1100000000000003
    endloop
  endfacet
  facet normal 1 0 0
    outer loop
      vertex 37.55 84.8 1.29
      vertex 37.55 85.14999999999999 1.29
      vertex 37.55 84.8 2.1100000000000003
    endloop
  endfacet
  facet normal 0.3624462611549559 0.9320046715412931 0
    outer loop
      vertex 37.42142857142854 85.2 1.29
      vertex 37.42142857142854 85.2 2.1100000000000003
      vertex 37.55 85.14999999999999 1.29
    endloop
  endfacet
  facet normal 0 0 1
    outer loop
      vertex 12.25 84.81004784688994 2.1100000000000003
      vertex 19.151698128761158 85.50351990767456 2.1100000000000003
      vertex 12.25 86.89999999999999 2.1100000000000003
    endloop
  endfacet
  facet normal 0 1 0
    outer loop
      vertex 12.25 86.89999999999999 1.2939234449760766
      vertex 12.25 86.89999999999999 2.1100000000000003
      vertex 32.79512195121949 86.89999999999999 2.0999999999999996
    endloop
  endfacet
  facet normal 0 0 1
    outer loop
      vertex 12.25 86.89999999999999 2.1100000000000003
      vertex 19.151698128761158 85.50351990767456 2.1100000000000003
      vertex 33.05 86.89999999999999 2.1100000000000003
    endloop
  endfacet
  facet normal 0 1 0
    outer loop
      vertex 12.25 86.89999999999999 2.1100000000000003
      vertex 33.05 86.89999999999999 2.1100000000000003
      vertex 32.79512195121949 86.89999999999999 2.0999999999999996
    endloop
  endfacet
  facet normal 0 -1 0
    outer loop
      vertex 36.392857142857096 84.8 1.29
      vertex 37.55 84.8 2.1100000000000003
      vertex 36.392857142857096 84.8 2.1100000000000003
    endloop
  endfacet
  facet normal 0.36244626115484174 0.9320046715413374 -4.859097006510281e-13
    outer loop
      vertex 36.392857142857096 85.60000000000001 1.29
      vertex 33.06 86.8961111111111 2.0999999999999996
      vertex 33.05 86.89999999999999 2.1100000000000003
    endloop
  endfacet
  facet normal 0.3624462611549484 0.932004671541296 0
    outer loop
      vertex 36.392857142857096 85.60000000000001 1.29
      vertex 33.05 86.89999999999999 2.1100000000000003
      vertex 36.392857142857096 85.60000000000001 2.1100000000000003
    endloop
  endfacet
  facet normal 0 0 1
    outer loop
      vertex 19.151698128761158 85.50351990767456 2.1100000000000003
      vertex 36.70976476353831 85.19210977701545 2.1100000000000003
      vertex 33.05 86.89999999999999 2.1100000000000003
    endloop
  endfacet
  facet normal 0 0 1
    outer loop
      vertex 31.018571428571178 84.8 2.1100000000000003
      vertex 36.392857142857096 84.8 2.1100000000000003
      vertex 36.70976476353831 85.19210977701545 2.1100000000000003
    endloop
  endfacet
  facet normal 0 0 1
    outer loop
      vertex 36.392857142857096 84.8 2.1100000000000003
      vertex 37.55 84.8 2.1100000000000003
      vertex 36.70976476353831 85.19210977701545 2.1100000000000003
    endloop
  endfacet
  facet normal 0 1 0
    outer loop
      vertex 32.79512195121949 86.89999999999999 2.0999999999999996
      vertex 33.05 86.89999999999999 2.1100000000000003
      vertex 33.05 86.89999999999999 2.0999999999999996
    endloop
  endfacet
  facet normal 0.362446261155268 0.9320046715411717 -1.0913200371308848e-17
    outer loop
      vertex 33.06 86.8961111111111 2.0999999999999996
      vertex 33.05 86.89999999999999 2.0999999999999996
      vertex 33.05 86.89999999999999 2.1100000000000003
    endloop
  endfacet
  facet normal 0 0 1
    outer loop
      vertex 36.55637496377857 85.26369168356999 2.1100000000000003
      vertex 36.392857142857096 85.60000000000001 2.1100000000000003
      vertex 33.05 86.89999999999999 2.1100000000000003
    endloop
  endfacet
  facet normal 0 0 -1
    outer loop
      vertex 36.55637496377857 85.26369168356999 2.1100000000000003
      vertex 33.05 86.89999999999999 2.1100000000000003
      vertex 36.70976476353831 85.19210977701545 2.1100000000000003
    endloop
  endfacet
  facet normal 1 0 0
    outer loop
      vertex 37.55 85.14999999999999 1.29
      vertex 37.55 85.14999999999999 2.1100000000000003
      vertex 37.55 84.8 2.1100000000000003
    endloop
  endfacet
  facet normal 0.3624462611549559 0.9320046715412931 0
    outer loop
      vertex 37.55 85.14999999999999 1.29
      vertex 37.42142857142854 85.2 2.1100000000000003
      vertex 37.55 85.14999999999999 2.1100000000000003
    endloop
  endfacet
  facet normal 0 0 1
    outer loop
      vertex 36.70976476353831 85.19210977701545 2.1100000000000003
      vertex 37.55 84.8 2.1100000000000003
      vertex 37.33155757286187 85.23494983277592 2.1100000000000003
    endloop
  endfacet
  facet normal 0 0 1
    outer loop
      vertex 37.55 84.8 2.1100000000000003
      vertex 37.55 85.14999999999999 2.1100000000000003
      vertex 37.42142857142854 85.2 2.1100000000000003
    endloop
  endfacet
  facet normal 0 0 1
    outer loop
      vertex 37.55 84.8 2.1100000000000003
      vertex 37.42142857142854 85.2 2.1100000000000003
      vertex 37.33155757286187 85.23494983277592 2.1100000000000003
    endloop
  endfacet
  facet normal 0 1 0
    outer loop
      vertex 12.25 98.8 0.6
      vertex 12.25 98.8 1.2899999999999998
      vertex 33.06 98.8 0.6
    endloop
  endfacet
  facet normal 1 0 0
    outer loop
      vertex 33.06 98 0.6
      vertex 33.06 98.8 0.6
      vertex 33.06 98 1.29
    endloop
  endfacet
  facet normal 0 1 0
    outer loop
      vertex 33.06 98.8 0.6
      vertex 12.25 98.8 1.2899999999999998
      vertex 33.06 98.8 1.29
    endloop
  endfacet
  facet normal 0 -1.7080354225002444e-16 -1
    outer loop
      vertex 12.25 96.7 1.29
      vertex 12.25 98 1.2899999999999998
      vertex 33.05 96.7 1.29
    endloop
  endfacet
  facet normal 3.566859171578075e-15 5.709718412349223e-14 -1
    outer loop
      vertex 12.25 98 1.2899999999999998
      vertex 33.06 96.7038888888889 1.29
      vertex 33.06 96.7 1.2899999999999998
    endloop
  endfacet
  facet normal -2.220446049249444e-14 -3.554421714221618e-13 -1
    outer loop
      vertex 12.25 98 1.2899999999999998
      vertex 33.06 96.7 1.2899999999999998
      vertex 33.05 96.7 1.29
    endloop
  endfacet
  facet normal 1.0670091538925098e-17 0 -1
    outer loop
      vertex 12.25 98 1.2899999999999998
      vertex 33.06 98 1.29
      vertex 33.06 96.7038888888889 1.29
    endloop
  endfacet
  facet normal 0 -1 0
    outer loop
      vertex 33.06 96.7 1.2899999999999998
      vertex 33.05 96.7 2.0996126255380196
      vertex 33.05 96.7 1.29
    endloop
  endfacet
  facet normal 1 0 0
    outer loop
      vertex 33.06 96.7 1.2899999999999998
      vertex 33.06 96.7038888888889 1.29
      vertex 33.06 96.7038888888889 2.0999999999999996
    endloop
  endfacet
  facet normal 0 -1 0
    outer loop
      vertex 22.666609733765323 96.7 1.6973866037470065
      vertex 33.05 96.7 2.0996126255380196
      vertex 12.404878048780505 96.7 2.0999999999999996
    endloop
  endfacet
  facet normal 0 -1 0
    outer loop
      vertex 12.404878048780505 96.7 2.0999999999999996
      vertex 33.05 96.7 2.0996126255380196
      vertex 33.05 96.7 2.0999999999999996
    endloop
  endfacet
  facet normal 0 -1 0
    outer loop
      vertex 33.06 96.7 1.2899999999999998
      vertex 33.06 96.7 2.0999999999999996
      vertex 33.05 96.7 2.0996126255380196
    endloop
  endfacet
  facet normal 1 0 0
    outer loop
      vertex 33.06 96.7 1.2899999999999998
      vertex 33.06 96.7038888888889 2.0999999999999996
      vertex 33.06 96.7 2.0999999999999996
    endloop
  endfacet
  facet normal 0 -1 0
    outer loop
      vertex 33.05 96.7 2.0996126255380196
      vertex 33.06 96.7 2.0999999999999996
      vertex 33.05 96.7 2.0999999999999996
    endloop
  endfacet
  facet normal 0 0 1
    outer loop
      vertex 33.06 96.7 2.0999999999999996
      vertex 33.06 96.7038888888889 2.0999999999999996
      vertex 33.05 96.7 2.0999999999999996
    endloop
  endfacet
  facet normal 0 -1 0
    outer loop
      vertex 12.25 96.7 1.29
      vertex 22.666609733765323 96.7 1.6973866037470065
      vertex 12.404878048780505 96.7 2.0999999999999996
    endloop
  endfacet
  facet normal 0 0 -1
    outer loop
      vertex 33.06 96.7038888888889 1.29
      vertex 33.06 98 1.29
      vertex 35.83635038430956 98 1.29
    endloop
  endfacet
  facet normal 0 0 -1
    outer loop
      vertex 33.06 98 1.29
      vertex 33.06 98.8 1.29
      vertex 35.93359999999997 98.51199999999999 1.29
    endloop
  endfacet
  facet normal 0 0 -1
    outer loop
      vertex 33.06 96.7038888888889 1.29
      vertex 35.83635038430956 98 1.29
      vertex 36.39285714285713 98 1.29
    endloop
  endfacet
  facet normal 0 0 -1
    outer loop
      vertex 33.06 98 1.29
      vertex 36.39285714285713 98.2597995545657 1.29
      vertex 35.83635038430956 98 1.29
    endloop
  endfacet
  facet normal 0 0 -1
    outer loop
      vertex 36.39285714285713 98.8 1.29
      vertex 37.55 98.8 1.29
      vertex 37.02413244650086 98.554504048583 1.29
    endloop
  endfacet
  facet normal 0 -1 0
    outer loop
      vertex 12.25 96.7 1.29
      vertex 33.05 96.7 1.29
      vertex 22.666609733765323 96.7 1.6973866037470065
    endloop
  endfacet
  facet normal 0 -1 0
    outer loop
      vertex 33.05 96.7 1.29
      vertex 33.05 96.7 2.0996126255380196
      vertex 22.666609733765323 96.7 1.6973866037470065
    endloop
  endfacet
  facet normal 0.36244626115494755 -0.9320046715412962 5.0155063405036586e-18
    outer loop
      vertex 33.06 96.7038888888889 1.29
      vertex 36.39285714285713 98 1.29
      vertex 36.39285714285713 98 2.1100000000000003
    endloop
  endfacet
  facet normal 0 1 0
    outer loop
      vertex 36.39285714285713 98.8 1.29
      vertex 36.39285714285713 98.8 2.1100000000000003
      vertex 37.55 98.8 1.29
    endloop
  endfacet
  facet normal 0 0 -1
    outer loop
      vertex 37.42142857142856 98.4 1.29
      vertex 37.02413244650086 98.554504048583 1.29
      vertex 37.55 98.8 1.29
    endloop
  endfacet
  facet normal 0 0 -1
    outer loop
      vertex 37.42142857142856 98.4 1.29
      vertex 37.55 98.8 1.29
      vertex 37.55 98.45 1.29
    endloop
  endfacet
  facet normal 0.3624462611549012 -0.9320046715413143 2.278375607802478e-18
    outer loop
      vertex 37.42142857142856 98.4 1.29
      vertex 37.55 98.45 1.29
      vertex 37.55 98.45 2.1100000000000003
    endloop
  endfacet
  facet normal 1 0 0
    outer loop
      vertex 37.55 98.45 1.29
      vertex 37.55 98.8 1.29
      vertex 37.55 98.45 2.1100000000000003
    endloop
  endfacet
  facet normal 0 -1 0
    outer loop
      vertex 12.25 96.7 1.29
      vertex 12.404878048780505 96.7 2.0999999999999996
      vertex 12.25 96.7 2.1100000000000003
    endloop
  endfacet
  facet normal 0 0 1
    outer loop
      vertex 12.25 96.7 2.1100000000000003
      vertex 20.111904761904754 98.8 2.1100000000000003
      vertex 12.25 98.01004784688995 2.1100000000000003
    endloop
  endfacet
  facet normal 0 -1 0
    outer loop
      vertex 12.404878048780505 96.7 2.0999999999999996
      vertex 33.05 96.7 2.1100000000000003
      vertex 12.25 96.7 2.1100000000000003
    endloop
  endfacet
  facet normal 0 0 1
    outer loop
      vertex 12.25 96.7 2.1100000000000003
      vertex 35.83571428571428 98.8 2.1100000000000003
      vertex 20.111904761904754 98.8 2.1100000000000003
    endloop
  endfacet
  facet normal 0 -1 0
    outer loop
      vertex 12.404878048780505 96.7 2.0999999999999996
      vertex 33.05 96.7 2.0999999999999996
      vertex 33.05 96.7 2.1100000000000003
    endloop
  endfacet
  facet normal 0 0 1
    outer loop
      vertex 12.25 96.7 2.1100000000000003
      vertex 33.05 96.7 2.1100000000000003
      vertex 36.39285714285713 98 2.1100000000000003
    endloop
  endfacet
  facet normal 0.3624462611549476 -0.9320046715412963 0
    outer loop
      vertex 33.06 96.7038888888889 1.29
      vertex 36.39285714285713 98 2.1100000000000003
      vertex 33.06 96.7038888888889 2.0999999999999996
    endloop
  endfacet
  facet normal 0 0 1
    outer loop
      vertex 12.25 96.7 2.1100000000000003
      vertex 36.39285714285713 98 2.1100000000000003
      vertex 37.02402597402597 98.24545454545455 2.1100000000000003
    endloop
  endfacet
  facet normal 0 0 1
    outer loop
      vertex 12.25 96.7 2.1100000000000003
      vertex 37.55 98.45 2.1100000000000003
      vertex 35.83571428571428 98.8 2.1100000000000003
    endloop
  endfacet
  facet normal 0 0 1
    outer loop
      vertex 12.25 96.7 2.1100000000000003
      vertex 37.02402597402597 98.24545454545455 2.1100000000000003
      vertex 37.42142857142856 98.4 2.1100000000000003
    endloop
  endfacet
  facet normal 0 0 1
    outer loop
      vertex 12.25 96.7 2.1100000000000003
      vertex 37.42142857142856 98.4 2.1100000000000003
      vertex 37.55 98.45 2.1100000000000003
    endloop
  endfacet
  facet normal 0.362446261155268 -0.9320046715411717 -1.2294219481440398e-10
    outer loop
      vertex 33.05 96.7 2.0999999999999996
      vertex 33.06 96.7038888888889 2.0999999999999996
      vertex 36.39285714285713 98 2.1100000000000003
    endloop
  endfacet
  facet normal 0.36244626115494855 -0.932004671541296 0
    outer loop
      vertex 33.05 96.7 2.0999999999999996
      vertex 36.39285714285713 98 2.1100000000000003
      vertex 33.05 96.7 2.1100000000000003
    endloop
  endfacet
  facet normal 0 0 1
    outer loop
      vertex 35.83571428571428 98.8 2.1100000000000003
      vertex 37.55 98.45 2.1100000000000003
      vertex 36.39285714285713 98.8 2.1100000000000003
    endloop
  endfacet
  facet normal 0.3624462611549012 -0.9320046715413143 0
    outer loop
      vertex 37.42142857142856 98.4 1.29
      vertex 37.55 98.45 2.1100000000000003
      vertex 37.42142857142856 98.4 2.1100000000000003
    endloop
  endfacet
  facet normal 0 1 0
    outer loop
      vertex 37.55 98.8 1.29
      vertex 36.39285714285713 98.8 2.1100000000000003
      vertex 37.55 98.8 2.1100000000000003
    endloop
  endfacet
  facet normal 1 0 0
    outer loop
      vertex 37.55 98.8 1.29
      vertex 37.55 98.8 2.1100000000000003
      vertex 37.55 98.45 2.1100000000000003
    endloop
  endfacet
  facet normal 0 0 1
    outer loop
      vertex 36.39285714285713 98.8 2.1100000000000003
      vertex 37.55 98.45 2.1100000000000003
      vertex 37.55 98.8 2.1100000000000003
    endloop
  endfacet
  facet normal 0 -1 0
    outer loop
      vertex 40.85 84.80000000000001 0.6
      vertex 46.85 84.80000000000001 0.6
      vertex 40.85 84.80000000000001 1.4
    endloop
  endfacet
  facet normal 0 -1 0
    outer loop
      vertex 46.85 84.80000000000001 0.6
      vertex 46.85 84.80000000000001 1.4
      vertex 40.85 84.80000000000001 1.4
    endloop
  endfacet
  facet normal 0 0 1
    outer loop
      vertex 40.85 84.80000000000001 1.4
      vertex 46.85 84.80000000000001 1.4
      vertex 40.85 85.60000000000001 1.4
    endloop
  endfacet
  facet normal 0 1 0
    outer loop
      vertex 40.85 98.8 0.6
      vertex 46.85 98.8 1.4
      vertex 46.85 98.8 0.6
    endloop
  endfacet
  facet normal 0 1 0
    outer loop
      vertex 40.85 98.8 0.6
      vertex 40.85 98.8 1.4
      vertex 46.85 98.8 1.4
    endloop
  endfacet
  facet normal 0 0 1
    outer loop
      vertex 40.85 98.4 1.4
      vertex 46.85 98 1.4
      vertex 40.85 98.8 1.4
    endloop
  endfacet
  facet normal 0 0 1
    outer loop
      vertex 40.85 98.8 1.4
      vertex 46.85 98 1.4
      vertex 46.85 98.8 1.4
    endloop
  endfacet
  facet normal -1 0 0
    outer loop
      vertex 46.85 84.80000000000001 1.4
      vertex 46.85 85.60000000000001 2.63
      vertex 46.85 85.60000000000001 1.4
    endloop
  endfacet
  facet normal -1 0 0
    outer loop
      vertex 46.85 84.80000000000001 1.4
      vertex 46.85 84.80000000000003 2.630000000000001
      vertex 46.85 85.60000000000001 2.6499999999999995
    endloop
  endfacet
  facet normal -1 0 0
    outer loop
      vertex 46.85 84.80000000000001 1.4
      vertex 46.85 85.60000000000001 2.6499999999999995
      vertex 46.85 85.60000000000001 2.63
    endloop
  endfacet
  facet normal -1 0 0
    outer loop
      vertex 46.85 84.80000000000003 2.630000000000001
      vertex 46.85 84.80000000000001 2.6499999999999995
      vertex 46.85 85.60000000000001 2.6499999999999995
    endloop
  endfacet
  facet normal 9.43764394844631e-17 -1 1.155354041886341e-14
    outer loop
      vertex 46.85 84.80000000000001 1.4
      vertex 144.7858024691358 84.80000000000001 0.6
      vertex 46.85 84.80000000000003 2.630000000000001
    endloop
  endfacet
  facet normal 0 -1 7.000421041971415e-15
    outer loop
      vertex 46.85 84.80000000000003 2.630000000000001
      vertex 144.7858024691358 84.80000000000001 0.6
      vertex 146 84.80000000000001 0.6
    endloop
  endfacet
  facet normal 0 1 0
    outer loop
      vertex 46.85 85.60000000000001 1.4
      vertex 46.85 85.60000000000001 2.63
      vertex 146 85.60000000000001 2.6298759580475997
    endloop
  endfacet
  facet normal -2.8665365033186093e-16 -1 -7.000421041971431e-15
    outer loop
      vertex 46.85 84.80000000000003 2.630000000000001
      vertex 146 84.80000000000001 0.6
      vertex 146 84.8 2.63
    endloop
  endfacet
  facet normal 0 1 0
    outer loop
      vertex 46.85 85.60000000000001 2.63
      vertex 146 85.60000000000001 2.63
      vertex 146 85.60000000000001 2.6298759580475997
    endloop
  endfacet
  facet normal -1 0 0
    outer loop
      vertex 46.85 85.60000000000001 2.63
      vertex 46.85 85.60000000000001 2.6499999999999995
      vertex 46.85 86.89999999999999 2.63
    endloop
  endfacet
  facet normal -1 0 0
    outer loop
      vertex 46.85 86.89999999999999 2.63
      vertex 46.85 85.60000000000001 2.6499999999999995
      vertex 46.85 86.89999999999999 3.44
    endloop
  endfacet
  facet normal -1 0 0
    outer loop
      vertex 46.85 85.60000000000001 2.6499999999999995
      vertex 46.85 85.60000000000001 3.44
      vertex 46.85 86.89999999999999 3.44
    endloop
  endfacet
  facet normal 0 0 1
    outer loop
      vertex 46.85 85.60000000000001 3.44
      vertex 108.23476190476126 85.60000000000001 3.44
      vertex 46.85 86.89999999999999 3.44
    endloop
  endfacet
  facet normal 0 0 -1
    outer loop
      vertex 46.85 85.60000000000001 2.63
      vertex 46.85 86.89999999999999 2.63
      vertex 146 85.60000000000001 2.63
    endloop
  endfacet
  facet normal 0 1 0
    outer loop
      vertex 46.85 86.89999999999999 2.63
      vertex 46.85 86.89999999999999 3.44
      vertex 146 86.89999999999999 2.63
    endloop
  endfacet
  facet normal 0 0 1
    outer loop
      vertex 46.85 86.89999999999999 3.44
      vertex 108.23476190476126 85.60000000000001 3.44
      vertex 146 86.89999999999999 3.44
    endloop
  endfacet
  facet normal 0 0 -1
    outer loop
      vertex 46.85 86.89999999999999 2.63
      vertex 146 86.89999999999999 2.63
      vertex 146 85.60000000000001 2.63
    endloop
  endfacet
  facet normal 0 1 0
    outer loop
      vertex 46.85 86.89999999999999 3.44
      vertex 146 86.89999999999999 3.44
      vertex 146 86.89999999999999 2.63
    endloop
  endfacet
  facet normal 0 0 1
    outer loop
      vertex 108.23476190476126 85.60000000000001 3.44
      vertex 146 84.80021177894312 3.44
      vertex 146 86.89999999999999 3.44
    endloop
  endfacet
  facet normal 0 -1 0
    outer loop
      vertex 46.85 98 0.6
      vertex 46.86188541292101 98 0.6
      vertex 46.85 98 1.4
    endloop
  endfacet
  facet normal 0 -1 0
    outer loop
      vertex 46.86188541292101 98 0.6
      vertex 49.2167532467532 98 2.5813092313092323
      vertex 46.85 98 1.4
    endloop
  endfacet
  facet normal 0 -1 0
    outer loop
      vertex 46.85 98 1.4
      vertex 49.2167532467532 98 2.5813092313092323
      vertex 46.85 98 2.63
    endloop
  endfacet
  facet normal 0 -1 0
    outer loop
      vertex 49.2167532467532 98 2.5813092313092323
      vertex 145.52392156862743 98 0.6
      vertex 146 98 0.6
    endloop
  endfacet
  facet normal 0 -1 0
    outer loop
      vertex 49.2167532467532 98 2.5813092313092323
      vertex 146 98 2.63
      vertex 46.85 98 2.63
    endloop
  endfacet
  facet normal 0 -1 0
    outer loop
      vertex 49.2167532467532 98 2.5813092313092323
      vertex 146 98 0.6
      vertex 146 98 2.63
    endloop
  endfacet
  facet normal -1 0 0
    outer loop
      vertex 46.85 96.7 2.63
      vertex 46.85 98 2.6499999999999995
      vertex 46.85 98 2.63
    endloop
  endfacet
  facet normal -1 0 0
    outer loop
      vertex 46.85 96.7 2.63
      vertex 46.85 96.7 3.44
      vertex 46.85 98 2.6499999999999995
    endloop
  endfacet
  facet normal -1 0 0
    outer loop
      vertex 46.85 98 2.6499999999999995
      vertex 46.85 96.7 3.44
      vertex 46.85 98 3.44
    endloop
  endfacet
  facet normal -1 0 0
    outer loop
      vertex 46.85 98.8 2.6499999999999995
      vertex 46.85 98.4 3.045
      vertex 46.85 98.8 3.44
    endloop
  endfacet
  facet normal -1 0 0
    outer loop
      vertex 46.85 98 3.44
      vertex 46.85 98.8 3.44
      vertex 46.85 98.46535552193646 3.3109228441754914
    endloop
  endfacet
  facet normal -1 0 0
    outer loop
      vertex 46.85 98.4 3.045
      vertex 46.85 98.46535552193646 3.3109228441754914
      vertex 46.85 98.8 3.44
    endloop
  endfacet
  facet normal 0 0 -1
    outer loop
      vertex 46.85 96.7 2.63
      vertex 46.85 98 2.63
      vertex 146 96.7 2.63
    endloop
  endfacet
  facet normal 0 -1 0
    outer loop
      vertex 46.85 96.7 2.63
      vertex 146 96.7 3.44
      vertex 46.85 96.7 3.44
    endloop
  endfacet
  facet normal 0 0 1
    outer loop
      vertex 46.85 96.7 3.44
      vertex 146 98.8 3.44
      vertex 46.85 98 3.44
    endloop
  endfacet
  facet normal 0 0 1
    outer loop
      vertex 46.85 98 3.44
      vertex 146 98.8 3.44
      vertex 46.85 98.8 3.44
    endloop
  endfacet
  facet normal 0 0 -1
    outer loop
      vertex 46.85 98 2.63
      vertex 146 98 2.63
      vertex 146 96.7 2.63
    endloop
  endfacet
  facet normal 0 -1 0
    outer loop
      vertex 46.85 96.7 2.63
      vertex 146 96.7 2.63
      vertex 146 96.7 3.44
    endloop
  endfacet
  facet normal 0 0 1
    outer loop
      vertex 46.85 96.7 3.44
      vertex 146 96.7 3.44
      vertex 146 98.8 3.44
    endloop
  endfacet
  facet normal 1 0 0
    outer loop
      vertex 40.85 85.60000000000001 0.6
      vertex 40.85 98 0.6
      vertex 40.85 85.60000000000001 1.4
    endloop
  endfacet
  facet normal -1 0 0
    outer loop
      vertex 39.65 84.80883977900552 0.6
      vertex 39.65 98 1.4683823529411764
      vertex 39.65 98 0.6
    endloop
  endfacet
  facet normal 1 0 0
    outer loop
      vertex 40.85 98 0.6
      vertex 40.85 98 1.4
      vertex 40.85 85.60000000000001 1.4
    endloop
  endfacet
  facet normal -1 0 0
    outer loop
      vertex 39.65 84.80883977900552 0.6
      vertex 39.65 85.60000000000001 1.4949999999999999
      vertex 39.65 98.38823529411765 2.346764705882353
    endloop
  endfacet
  facet normal 1 0 0
    outer loop
      vertex 40.85 84.80000000000001 1.4
      vertex 40.85 85.60000000000001 1.4
      vertex 40.85 85.2 1.8999999999999955
    endloop
  endfacet
  facet normal 1 0 0
    outer loop
      vertex 40.85 85.60000000000001 1.4
      vertex 40.85 98 1.4
      vertex 40.85 85.60000000000001 1.9
    endloop
  endfacet
  facet normal -1 0 0
    outer loop
      vertex 39.65 84.80883977900552 0.6
      vertex 39.65 98.38823529411765 2.346764705882353
      vertex 39.65 98 1.4683823529411764
    endloop
  endfacet
  facet normal 1 0 0
    outer loop
      vertex 40.85 98 1.4
      vertex 40.85 98.4 1.4
      vertex 40.85 98.26666666666667 1.7333333333333332
    endloop
  endfacet
  facet normal 1 0 0
    outer loop
      vertex 40.85 98 1.4
      vertex 40.85 98.26666666666667 1.7333333333333332
      vertex 40.85 98 1.9
    endloop
  endfacet
  facet normal 1 0 0
    outer loop
      vertex 40.85 85.60000000000001 1.4
      vertex 40.85 85.60000000000001 1.9
      vertex 40.85 85.2 1.8999999999999955
    endloop
  endfacet
  facet normal 1 0 0
    outer loop
      vertex 40.85 98 1.4
      vertex 40.85 85.60000000000001 2.3393939393939385
      vertex 40.85 85.60000000000001 1.9
    endloop
  endfacet
  facet normal -1 0 0
    outer loop
      vertex 39.65 85.60000000000001 1.4949999999999999
      vertex 39.65 85.60000000000001 2.4
      vertex 39.65 98 2.4
    endloop
  endfacet
  facet normal 1 0 0
    outer loop
      vertex 40.85 98 1.4
      vertex 40.85 98 1.9
      vertex 40.85 85.60000000000001 2.3393939393939385
    endloop
  endfacet
  facet normal -1 0 0
    outer loop
      vertex 39.65 85.60000000000001 1.4949999999999999
      vertex 39.65 98 2.4
      vertex 39.65 98.38823529411765 2.346764705882353
    endloop
  endfacet
  facet normal 1 0 0
    outer loop
      vertex 40.85 85.60000000000001 2.3393939393939385
      vertex 40.85 98 2.4
      vertex 40.85 85.57714285714287 2.371428571428571
    endloop
  endfacet
  facet normal 0 0 1
    outer loop
      vertex 39.65 85.60000000000001 2.4
      vertex 40.78142857142857 85.60000000000001 2.4
      vertex 39.65 98 2.4
    endloop
  endfacet
  facet normal 1 0 0
    outer loop
      vertex 40.85 85.57714285714287 2.371428571428571
      vertex 40.85 98 2.4
      vertex 40.85 85.2 2.4
    endloop
  endfacet
  facet normal 0 0 1
    outer loop
      vertex 40.85 85.2 2.4
      vertex 40.85 98 2.4
      vertex 40.78142857142857 85.60000000000001 2.4
    endloop
  endfacet
  facet normal 1 0 0
    outer loop
      vertex 40.85 98 1.9
      vertex 40.85 98 2.4
      vertex 40.85 85.60000000000001 2.3393939393939385
    endloop
  endfacet
  facet normal 1 0 0
    outer loop
      vertex 40.85 98.75428571428571 2.342857142857143
      vertex 40.85 98.8 2.3705882352941177
      vertex 40.85 98.8 2.4
    endloop
  endfacet
  facet normal 0 0 1
    outer loop
      vertex 40.78142857142857 85.60000000000001 2.4
      vertex 40.85 98 2.4
      vertex 39.65 98 2.4
    endloop
  endfacet
  facet normal 0 0 1
    outer loop
      vertex 40.85 98 2.4
      vertex 40.85 98.4 2.4
      vertex 40.78142857142857 98.8 2.4
    endloop
  endfacet
  facet normal 1 0 0
    outer loop
      vertex 40.85 98.75428571428571 2.342857142857143
      vertex 40.85 98.8 2.4
      vertex 40.85 98.4 2.4
    endloop
  endfacet
  facet normal 0 0 1
    outer loop
      vertex 40.85 98.4 2.4
      vertex 40.85 98.8 2.4
      vertex 40.78142857142857 98.8 2.4
    endloop
  endfacet
  facet normal 0 -1 0
    outer loop
      vertex 12.25 98 0.6
      vertex 33.06 98 0.6
      vertex 33.06 98 1.29
    endloop
  endfacet
  facet normal 0 -1 0
    outer loop
      vertex 12.25 98 0.6
      vertex 33.06 98 1.29
      vertex 12.25 98 1.2899999999999998
    endloop
  endfacet
  facet normal 1 0 0
    outer loop
      vertex 33.06 98.8 0.6
      vertex 33.06 98.8 1.29
      vertex 33.06 98 1.29
    endloop
  endfacet
  facet normal 1.0670091538925098e-17 1.7080354225002446e-16 -1
    outer loop
      vertex 12.25 98.8 1.2899999999999998
      vertex 12.25 100.1 1.29
      vertex 33.06 98.8 1.29
    endloop
  endfacet
  facet normal 0 0 -1
    outer loop
      vertex 12.25 100.1 1.29
      vertex 33.06 100.0961111111111 1.29
      vertex 33.06 98.8 1.29
    endloop
  endfacet
  facet normal -1.0670091538925098e-17 -5.709718412349232e-14 -1
    outer loop
      vertex 12.25 100.1 1.29
      vertex 33.06 100.1 1.2899999999999998
      vertex 33.06 100.0961111111111 1.29
    endloop
  endfacet
  facet normal 0 1 0
    outer loop
      vertex 12.25 100.1 1.29
      vertex 12.25 100.1 1.2939234449760766
      vertex 32.79512195121949 100.1 2.0999999999999996
    endloop
  endfacet
  facet normal 0 1 0
    outer loop
      vertex 12.25 100.1 1.29
      vertex 32.79512195121949 100.1 2.0999999999999996
      vertex 33.06 100.1 1.2899999999999998
    endloop
  endfacet
  facet normal 1 0 0
    outer loop
      vertex 33.06 100.0961111111111 1.29
      vertex 33.06 100.1 1.2899999999999998
      vertex 33.06 100.1 2.0999999999999996
    endloop
  endfacet
  facet normal 0 1 0
    outer loop
      vertex 33.06 100.1 1.2899999999999998
      vertex 32.79512195121949 100.1 2.0999999999999996
      vertex 33.05 100.1 2.0999999999999996
    endloop
  endfacet
  facet normal 1 0 0
    outer loop
      vertex 33.06 100.0961111111111 1.29
      vertex 33.06 100.1 2.0999999999999996
      vertex 33.06 100.0961111111111 2.0999999999999996
    endloop
  endfacet
  facet normal 0 1 0
    outer loop
      vertex 33.06 100.1 1.2899999999999998
      vertex 33.05 100.1 2.0999999999999996
      vertex 33.06 100.1 2.0999999999999996
    endloop
  endfacet
  facet normal 0 0 1
    outer loop
      vertex 33.06 100.0961111111111 2.0999999999999996
      vertex 33.06 100.1 2.0999999999999996
      vertex 33.05 100.1 2.0999999999999996
    endloop
  endfacet
  facet normal 0 0 -1
    outer loop
      vertex 33.06 98 1.29
      vertex 35.93359999999997 98.51199999999999 1.29
      vertex 36.39285714285713 98.2597995545657 1.29
    endloop
  endfacet
  facet normal 0 0 -1
    outer loop
      vertex 35.83635038430956 98 1.29
      vertex 36.39285714285713 98.2597995545657 1.29
      vertex 36.39285714285713 98 1.29
    endloop
  endfacet
  facet normal 0 0 -1
    outer loop
      vertex 36.39285714285713 98.2597995545657 1.29
      vertex 35.93359999999997 98.51199999999999 1.29
      vertex 37.55 98.35 1.29
    endloop
  endfacet
  facet normal 0 0 -1
    outer loop
      vertex 36.39285714285713 98 1.29
      vertex 36.39285714285713 98.2597995545657 1.29
      vertex 37.55 98 1.29
    endloop
  endfacet
  facet normal 0 0 -1
    outer loop
      vertex 35.93359999999997 98.51199999999999 1.29
      vertex 37.42142857142856 98.4 1.29
      vertex 37.55 98.35 1.29
    endloop
  endfacet
  facet normal 0 0 -1
    outer loop
      vertex 33.06 98.8 1.29
      vertex 33.06 100.0961111111111 1.29
      vertex 35.93359999999997 98.51199999999999 1.29
    endloop
  endfacet
  facet normal 0 0 -1
    outer loop
      vertex 33.06 100.0961111111111 1.29
      vertex 36.39285714285713 98.8 1.29
      vertex 35.93359999999997 98.51199999999999 1.29
    endloop
  endfacet
  facet normal 0 0 -1
    outer loop
      vertex 35.93359999999997 98.51199999999999 1.29
      vertex 36.39285714285713 98.8 1.29
      vertex 37.02413244650086 98.554504048583 1.29
    endloop
  endfacet
  facet normal 0 0 -1
    outer loop
      vertex 35.93359999999997 98.51199999999999 1.29
      vertex 37.02413244650086 98.554504048583 1.29
      vertex 37.42142857142856 98.4 1.29
    endloop
  endfacet
  facet normal 0 -1 0
    outer loop
      vertex 36.39285714285713 98 1.29
      vertex 37.55 98 1.29
      vertex 36.39285714285713 98 2.1100000000000003
    endloop
  endfacet
  facet normal 0.36244626115494755 0.9320046715412962 -5.0155063405036586e-18
    outer loop
      vertex 33.06 100.0961111111111 1.29
      vertex 36.39285714285713 98.8 2.1100000000000003
      vertex 36.39285714285713 98.8 1.29
    endloop
  endfacet
  facet normal 0 0 -1
    outer loop
      vertex 36.39285714285713 98.2597995545657 1.29
      vertex 37.55 98.35 1.29
      vertex 37.55 98 1.29
    endloop
  endfacet
  facet normal 1 0 0
    outer loop
      vertex 37.55 98 1.29
      vertex 37.55 98.35 1.29
      vertex 37.55 98 2.1100000000000003
    endloop
  endfacet
  facet normal 0.3624462611549907 0.9320046715412795 1.4458922116310379e-18
    outer loop
      vertex 37.42142857142856 98.4 1.29
      vertex 37.55 98.35 2.1100000000000003
      vertex 37.55 98.35 1.29
    endloop
  endfacet
  facet normal 0 0 1
    outer loop
      vertex 12.25 98.01004784688995 2.1100000000000003
      vertex 20.111904761904754 98.8 2.1100000000000003
      vertex 12.25 100.1 2.1100000000000003
    endloop
  endfacet
  facet normal 0 1 0
    outer loop
      vertex 12.25 100.1 1.2939234449760766
      vertex 12.25 100.1 2.1100000000000003
      vertex 32.79512195121949 100.1 2.0999999999999996
    endloop
  endfacet
  facet normal 0 0 1
    outer loop
      vertex 12.25 100.1 2.1100000000000003
      vertex 20.111904761904754 98.8 2.1100000000000003
      vertex 33.05 100.1 2.1100000000000003
    endloop
  endfacet
  facet normal 0 1 0
    outer loop
      vertex 12.25 100.1 2.1100000000000003
      vertex 33.05 100.1 2.1100000000000003
      vertex 32.79512195121949 100.1 2.0999999999999996
    endloop
  endfacet
  facet normal 0.3624462611549476 0.9320046715412963 0
    outer loop
      vertex 33.06 100.0961111111111 1.29
      vertex 33.06 100.0961111111111 2.0999999999999996
      vertex 36.39285714285713 98.8 2.1100000000000003
    endloop
  endfacet
  facet normal 0 0 1
    outer loop
      vertex 20.111904761904754 98.8 2.1100000000000003
      vertex 35.83571428571428 98.8 2.1100000000000003
      vertex 33.05 100.1 2.1100000000000003
    endloop
  endfacet
  facet normal 0 0 1
    outer loop
      vertex 36.39285714285713 98 2.1100000000000003
      vertex 37.55 98 2.1100000000000003
      vertex 37.02402597402597 98.24545454545455 2.1100000000000003
    endloop
  endfacet
  facet normal 0 1 0
    outer loop
      vertex 32.79512195121949 100.1 2.0999999999999996
      vertex 33.05 100.1 2.1100000000000003
      vertex 33.05 100.1 2.0999999999999996
    endloop
  endfacet
  facet normal 0.362446261155268 0.9320046715411717 -1.0913200371308848e-17
    outer loop
      vertex 33.06 100.0961111111111 2.0999999999999996
      vertex 33.05 100.1 2.0999999999999996
      vertex 33.05 100.1 2.1100000000000003
    endloop
  endfacet
  facet normal 0.36244626115494855 0.932004671541296 -3.678158813042533e-13
    outer loop
      vertex 33.06 100.0961111111111 2.0999999999999996
      vertex 33.05 100.1 2.1100000000000003
      vertex 36.39285714285713 98.8 2.1100000000000003
    endloop
  endfacet
  facet normal 0 0 1
    outer loop
      vertex 33.05 100.1 2.1100000000000003
      vertex 35.83571428571428 98.8 2.1100000000000003
      vertex 36.39285714285713 98.8 2.1100000000000003
    endloop
  endfacet
  facet normal 0 -1 0
    outer loop
      vertex 37.55 98 1.29
      vertex 37.55 98 2.1100000000000003
      vertex 36.39285714285713 98 2.1100000000000003
    endloop
  endfacet
  facet normal 0.3624462611549907 0.9320046715412795 0
    outer loop
      vertex 37.42142857142856 98.4 1.29
      vertex 37.42142857142856 98.4 2.1100000000000003
      vertex 37.55 98.35 2.1100000000000003
    endloop
  endfacet
  facet normal 1 0 0
    outer loop
      vertex 37.55 98.35 1.29
      vertex 37.55 98.35 2.1100000000000003
      vertex 37.55 98 2.1100000000000003
    endloop
  endfacet
  facet normal 0 0 1
    outer loop
      vertex 37.02402597402597 98.24545454545455 2.1100000000000003
      vertex 37.55 98 2.1100000000000003
      vertex 37.42142857142856 98.4 2.1100000000000003
    endloop
  endfacet
  facet normal 0 0 1
    outer loop
      vertex 37.55 98 2.1100000000000003
      vertex 37.55 98.35 2.1100000000000003
      vertex 37.42142857142856 98.4 2.1100000000000003
    endloop
  endfacet
  facet normal 0 -1 0
    outer loop
      vertex 12.25 111.2 0.6
      vertex 33.06 111.2 0.6
      vertex 33.06 111.2 1.29
    endloop
  endfacet
  facet normal 0 1 2.0595441616234788e-14
    outer loop
      vertex 12.25 112 0.6
      vertex 33.06 111.99999999999999 1.29
      vertex 33.06 112 0.6
    endloop
  endfacet
  facet normal -6.82885858491206e-16 -1 2.059544161623478e-14
    outer loop
      vertex 12.25 111.2 0.6
      vertex 33.06 111.2 1.29
      vertex 12.25 111.20000000000002 1.2900000000000003
    endloop
  endfacet
  facet normal 6.828858584912063e-16 1 0
    outer loop
      vertex 12.25 112 0.6
      vertex 12.25 112 1.2899999999999998
      vertex 33.06 111.99999999999999 1.29
    endloop
  endfacet
  facet normal 0 1.708035422500226e-16 -1
    outer loop
      vertex 12.25 109.9 1.29
      vertex 12.25 111.20000000000002 1.2900000000000003
      vertex 33.05 109.9 1.29
    endloop
  endfacet
  facet normal 3.5455189885002266e-15 5.709718412349164e-14 -1
    outer loop
      vertex 12.25 111.20000000000002 1.2900000000000003
      vertex 33.06 109.9038888888889 1.29
      vertex 33.06 109.9 1.2899999999999998
    endloop
  endfacet
  facet normal -2.220446049249323e-14 -3.5510056433763847e-13 -1
    outer loop
      vertex 12.25 111.20000000000002 1.2900000000000003
      vertex 33.06 109.9 1.2899999999999998
      vertex 33.05 109.9 1.29
    endloop
  endfacet
  facet normal -1.0670091538925098e-17 0 -1
    outer loop
      vertex 12.25 111.20000000000002 1.2900000000000003
      vertex 33.06 111.2 1.29
      vertex 33.06 109.9038888888889 1.29
    endloop
  endfacet
  facet normal 0 -1 0
    outer loop
      vertex 33.06 109.9 1.2899999999999998
      vertex 33.05 109.9 2.0996126255380196
      vertex 33.05 109.9 1.29
    endloop
  endfacet
  facet normal 1 0 0
    outer loop
      vertex 33.06 109.9 1.2899999999999998
      vertex 33.06 109.9038888888889 1.29
      vertex 33.06 109.9038888888889 2.0999999999999996
    endloop
  endfacet
  facet normal 0 -1 0
    outer loop
      vertex 22.666609733765323 109.9 1.6973866037470065
      vertex 33.05 109.9 2.0996126255380196
      vertex 12.404878048780505 109.9 2.0999999999999996
    endloop
  endfacet
  facet normal 0 -1 0
    outer loop
      vertex 12.404878048780505 109.9 2.0999999999999996
      vertex 33.05 109.9 2.0996126255380196
      vertex 33.05 109.9 2.0999999999999996
    endloop
  endfacet
  facet normal 0 -1 0
    outer loop
      vertex 33.06 109.9 1.2899999999999998
      vertex 33.06 109.9 2.0999999999999996
      vertex 33.05 109.9 2.0996126255380196
    endloop
  endfacet
  facet normal 1 0 0
    outer loop
      vertex 33.06 109.9 1.2899999999999998
      vertex 33.06 109.9038888888889 2.0999999999999996
      vertex 33.06 109.9 2.0999999999999996
    endloop
  endfacet
  facet normal 0 -1 0
    outer loop
      vertex 33.05 109.9 2.0996126255380196
      vertex 33.06 109.9 2.0999999999999996
      vertex 33.05 109.9 2.0999999999999996
    endloop
  endfacet
  facet normal 0 0 1
    outer loop
      vertex 33.06 109.9 2.0999999999999996
      vertex 33.06 109.9038888888889 2.0999999999999996
      vertex 33.05 109.9 2.0999999999999996
    endloop
  endfacet
  facet normal 0 -1 0
    outer loop
      vertex 12.25 109.9 1.29
      vertex 22.666609733765323 109.9 1.6973866037470065
      vertex 12.404878048780505 109.9 2.0999999999999996
    endloop
  endfacet
  facet normal 0 0 -1
    outer loop
      vertex 33.06 109.9038888888889 1.29
      vertex 33.06 111.2 1.29
      vertex 36.39285714285713 111.4597995545657 1.29
    endloop
  endfacet
  facet normal 0 0 -1
    outer loop
      vertex 33.06 109.9038888888889 1.29
      vertex 36.39285714285713 111.4597995545657 1.29
      vertex 36.39285714285713 111.2 1.29
    endloop
  endfacet
  facet normal 0 0 -1
    outer loop
      vertex 33.06 111.2 1.29
      vertex 36.75643683176957 111.6295330569496 1.29
      vertex 36.39285714285713 111.4597995545657 1.29
    endloop
  endfacet
  facet normal 0 0 -1
    outer loop
      vertex 36.39285714285713 111.2 1.29
      vertex 36.39285714285713 111.4597995545657 1.29
      vertex 37.228392359729376 111.52493036211699 1.29
    endloop
  endfacet
  facet normal 0 0 -1
    outer loop
      vertex 33.06 111.2 1.29
      vertex 33.06 111.99999999999999 1.29
      vertex 36.39285714285713 112 1.29
    endloop
  endfacet
  facet normal 0 0 -1
    outer loop
      vertex 33.06 111.2 1.29
      vertex 36.39285714285713 112 1.29
      vertex 37.55 112 1.29
    endloop
  endfacet
  facet normal 0 0 -1
    outer loop
      vertex 33.06 111.2 1.29
      vertex 37.55 112 1.29
      vertex 36.75643683176957 111.6295330569496 1.29
    endloop
  endfacet
  facet normal 0 -1 0
    outer loop
      vertex 12.25 109.9 1.29
      vertex 33.05 109.9 1.29
      vertex 22.666609733765323 109.9 1.6973866037470065
    endloop
  endfacet
  facet normal 0 -1 0
    outer loop
      vertex 33.05 109.9 1.29
      vertex 33.05 109.9 2.0996126255380196
      vertex 22.666609733765323 109.9 1.6973866037470065
    endloop
  endfacet
  facet normal 0.3624462611549476 -0.9320046715412963 0
    outer loop
      vertex 33.06 109.9038888888889 1.29
      vertex 36.39285714285713 111.2 1.29
      vertex 33.06 109.9038888888889 2.0999999999999996
    endloop
  endfacet
  facet normal 0 0 -1
    outer loop
      vertex 36.75643683176957 111.6295330569496 1.29
      vertex 37.55 112 1.29
      vertex 37.42142857142856 111.6 1.29
    endloop
  endfacet
  facet normal 0 0 -1
    outer loop
      vertex 37.42142857142856 111.6 1.29
      vertex 37.55 112 1.29
      vertex 37.55 111.65 1.29
    endloop
  endfacet
  facet normal 0 1 0
    outer loop
      vertex 36.39285714285713 112 1.29
      vertex 37.55 112 2.1100000000000003
      vertex 37.55 112 1.29
    endloop
  endfacet
  facet normal 0.3624462611549907 -0.9320046715412795 0
    outer loop
      vertex 37.42142857142856 111.6 1.29
      vertex 37.55 111.65 1.29
      vertex 37.42142857142856 111.6 2.1100000000000003
    endloop
  endfacet
  facet normal 1 0 0
    outer loop
      vertex 37.55 111.65 1.29
      vertex 37.55 112 1.29
      vertex 37.55 111.65 2.1100000000000003
    endloop
  endfacet
  facet normal 0 -1 0
    outer loop
      vertex 12.25 109.9 1.29
      vertex 12.404878048780505 109.9 2.0999999999999996
      vertex 12.25 109.9 2.1100000000000003
    endloop
  endfacet
  facet normal 0 0 1
    outer loop
      vertex 12.25 109.9 2.1100000000000003
      vertex 19.151698128761034 111.90351990767455 2.1100000000000003
      vertex 12.25 111.21004784688995 2.1100000000000003
    endloop
  endfacet
  facet normal 0 -1 0
    outer loop
      vertex 12.404878048780505 109.9 2.0999999999999996
      vertex 33.05 109.9 2.1100000000000003
      vertex 12.25 109.9 2.1100000000000003
    endloop
  endfacet
  facet normal 0 0 1
    outer loop
      vertex 12.25 109.9 2.1100000000000003
      vertex 31.018571428571384 111.2 2.1100000000000003
      vertex 19.151698128761034 111.90351990767455 2.1100000000000003
    endloop
  endfacet
  facet normal 0 -1 0
    outer loop
      vertex 12.404878048780505 109.9 2.0999999999999996
      vertex 33.05 109.9 2.0999999999999996
      vertex 33.05 109.9 2.1100000000000003
    endloop
  endfacet
  facet normal 0 0 1
    outer loop
      vertex 12.25 109.9 2.1100000000000003
      vertex 33.05 109.9 2.1100000000000003
      vertex 31.018571428571384 111.2 2.1100000000000003
    endloop
  endfacet
  facet normal 0.36244626115494755 -0.9320046715412962 0
    outer loop
      vertex 36.39285714285713 111.2 1.29
      vertex 36.39285714285713 111.2 2.1100000000000003
      vertex 33.06 109.9038888888889 2.0999999999999996
    endloop
  endfacet
  facet normal 0 1 0
    outer loop
      vertex 36.39285714285713 112 1.29
      vertex 36.39285714285713 112 2.1100000000000003
      vertex 37.55 112 2.1100000000000003
    endloop
  endfacet
  facet normal 0 0 1
    outer loop
      vertex 19.151698128761034 111.90351990767455 2.1100000000000003
      vertex 31.018571428571384 111.2 2.1100000000000003
      vertex 36.70976476353834 111.59210977701544 2.1100000000000003
    endloop
  endfacet
  facet normal 0 0 1
    outer loop
      vertex 31.018571428571384 111.2 2.1100000000000003
      vertex 33.05 109.9 2.1100000000000003
      vertex 36.39285714285713 111.2 2.1100000000000003
    endloop
  endfacet
  facet normal 0.362446261155268 -0.9320046715411717 -1.2294219481440398e-10
    outer loop
      vertex 33.05 109.9 2.0999999999999996
      vertex 33.06 109.9038888888889 2.0999999999999996
      vertex 36.39285714285713 111.2 2.1100000000000003
    endloop
  endfacet
  facet normal 0.36244626115494855 -0.932004671541296 0
    outer loop
      vertex 33.05 109.9 2.0999999999999996
      vertex 36.39285714285713 111.2 2.1100000000000003
      vertex 33.05 109.9 2.1100000000000003
    endloop
  endfacet
  facet normal 0 0 1
    outer loop
      vertex 36.39285714285713 112 2.1100000000000003
      vertex 36.5563749637786 111.66369168356998 2.1100000000000003
      vertex 37.55 112 2.1100000000000003
    endloop
  endfacet
  facet normal 0 0 1
    outer loop
      vertex 36.5563749637786 111.66369168356998 2.1100000000000003
      vertex 36.70976476353834 111.59210977701544 2.1100000000000003
      vertex 37.3315575728619 111.63494983277593 2.1100000000000003
    endloop
  endfacet
  facet normal 0.3624462611549907 -0.9320046715412795 0
    outer loop
      vertex 37.55 111.65 1.29
      vertex 37.55 111.65 2.1100000000000003
      vertex 37.42142857142856 111.6 2.1100000000000003
    endloop
  endfacet
  facet normal 1 0 0
    outer loop
      vertex 37.55 112 1.29
      vertex 37.55 112 2.1100000000000003
      vertex 37.55 111.65 2.1100000000000003
    endloop
  endfacet
  facet normal 0 0 1
    outer loop
      vertex 36.5563749637786 111.66369168356998 2.1100000000000003
      vertex 37.3315575728619 111.63494983277593 2.1100000000000003
      vertex 37.55 111.65 2.1100000000000003
    endloop
  endfacet
  facet normal 0 0 1
    outer loop
      vertex 36.5563749637786 111.66369168356998 2.1100000000000003
      vertex 37.55 111.65 2.1100000000000003
      vertex 37.55 112 2.1100000000000003
    endloop
  endfacet
  facet normal 0 0 1
    outer loop
      vertex 37.42142857142856 111.6 2.1100000000000003
      vertex 37.55 111.65 2.1100000000000003
      vertex 37.3315575728619 111.63494983277593 2.1100000000000003
    endloop
  endfacet
  facet normal 0 -1 0
    outer loop
      vertex 40.85 98 0.6
      vertex 46.85 98 0.6
      vertex 40.85 98 1.4
    endloop
  endfacet
  facet normal 0 -1 0
    outer loop
      vertex 46.85 98 0.6
      vertex 46.85 98 1.4
      vertex 40.85 98 1.4
    endloop
  endfacet
  facet normal 0 0 1
    outer loop
      vertex 40.85 98 1.4
      vertex 46.85 98 1.4
      vertex 40.85 98.4 1.4
    endloop
  endfacet
  facet normal 0 1 0
    outer loop
      vertex 40.85 112 0.6
      vertex 46.85 112 1.4
      vertex 46.85 112 0.6
    endloop
  endfacet
  facet normal 0 1 0
    outer loop
      vertex 40.85 112 0.6
      vertex 40.85 112 1.4
      vertex 46.85 112 1.4
    endloop
  endfacet
  facet normal 0 0 1
    outer loop
      vertex 40.85 112 1.4
      vertex 46.85 111.2 1.4
      vertex 46.85 112 1.4
    endloop
  endfacet
  facet normal -1 0 0
    outer loop
      vertex 46.85 98 1.4
      vertex 46.85 98.8 2.63
      vertex 46.85 98.8 1.4
    endloop
  endfacet
  facet normal -1 0 0
    outer loop
      vertex 46.85 98 1.4
      vertex 46.85 98 2.63
      vertex 46.85 98.8 2.6499999999999995
    endloop
  endfacet
  facet normal -1 0 0
    outer loop
      vertex 46.85 98 1.4
      vertex 46.85 98.8 2.6499999999999995
      vertex 46.85 98.8 2.63
    endloop
  endfacet
  facet normal -1 0 0
    outer loop
      vertex 46.85 98 2.63
      vertex 46.85 98 2.6499999999999995
      vertex 46.85 98.8 2.6499999999999995
    endloop
  endfacet
  facet normal 0 1 0
    outer loop
      vertex 46.85 98.8 0.6
      vertex 46.85 98.8 1.4
      vertex 146 98.8 0.6
    endloop
  endfacet
  facet normal 0 -1 0
    outer loop
      vertex 46.86188541292101 98 0.6
      vertex 145.52392156862743 98 0.6
      vertex 49.2167532467532 98 2.5813092313092323
    endloop
  endfacet
  facet normal 0 1 0
    outer loop
      vertex 46.85 98.8 1.4
      vertex 46.85 98.8 2.63
      vertex 146 98.8 0.6
    endloop
  endfacet
  facet normal 0 1 0
    outer loop
      vertex 46.85 98.8 2.63
      vertex 146 98.8 2.63
      vertex 146 98.8 0.6
    endloop
  endfacet
  facet normal -1 0 0
    outer loop
      vertex 46.85 98 2.6499999999999995
      vertex 46.85 98.4 3.045
      vertex 46.85 98.8 2.6499999999999995
    endloop
  endfacet
  facet normal -1 0 0
    outer loop
      vertex 46.85 98.8 2.63
      vertex 46.85 98.8 2.6499999999999995
      vertex 46.85 100.1 2.63
    endloop
  endfacet
  facet normal -1 0 0
    outer loop
      vertex 46.85 100.1 2.63
      vertex 46.85 98.8 2.6499999999999995
      vertex 46.85 100.1 3.44
    endloop
  endfacet
  facet normal -1 0 0
    outer loop
      vertex 46.85 98 2.6499999999999995
      vertex 46.85 98 3.44
      vertex 46.85 98.4 3.045
    endloop
  endfacet
  facet normal -1 0 0
    outer loop
      vertex 46.85 98.8 2.6499999999999995
      vertex 46.85 98.8 3.44
      vertex 46.85 100.1 3.44
    endloop
  endfacet
  facet normal -1 0 0
    outer loop
      vertex 46.85 98.4 3.045
      vertex 46.85 98 3.44
      vertex 46.85 98.46535552193646 3.3109228441754914
    endloop
  endfacet
  facet normal 0 0 -1
    outer loop
      vertex 46.85 98.8 2.63
      vertex 46.85 100.1 2.63
      vertex 146 98.8 2.63
    endloop
  endfacet
  facet normal 0 1 0
    outer loop
      vertex 46.85 100.1 2.63
      vertex 46.85 100.1 3.44
      vertex 146 100.1 2.63
    endloop
  endfacet
  facet normal 0 0 1
    outer loop
      vertex 46.85 98.8 3.44
      vertex 146 100.1 3.44
      vertex 46.85 100.1 3.44
    endloop
  endfacet
  facet normal 0 0 -1
    outer loop
      vertex 46.85 100.1 2.63
      vertex 146 100.1 2.63
      vertex 146 98.8 2.63
    endloop
  endfacet
  facet normal 0 1 0
    outer loop
      vertex 46.85 100.1 3.44
      vertex 146 100.1 3.44
      vertex 146 100.1 2.63
    endloop
  endfacet
  facet normal 0 0 1
    outer loop
      vertex 46.85 98.8 3.44
      vertex 146 98.8 3.44
      vertex 146 100.1 3.44
    endloop
  endfacet
  facet normal -1 0 0
    outer loop
      vertex 46.85 111.2 2.63
      vertex 46.85 111.2 2.6499999999999995
      vertex 46.85 111.6 2.6499999999999995
    endloop
  endfacet
  facet normal 0 -1 0
    outer loop
      vertex 46.85 111.2 0.6
      vertex 146 111.2 0.6
      vertex 46.85 111.2 1.4
    endloop
  endfacet
  facet normal 0 1 0
    outer loop
      vertex 46.85 112 0.6
      vertex 46.85 112 1.4
      vertex 146 112 0.6
    endloop
  endfacet
  facet normal 0 -1 0
    outer loop
      vertex 46.85 111.2 1.4
      vertex 146 111.2 0.6
      vertex 46.85 111.2 2.63
    endloop
  endfacet
  facet normal 0 1 0
    outer loop
      vertex 46.85 112 1.4
      vertex 146 112 2.6298759580475997
      vertex 146 112 0.6
    endloop
  endfacet
  facet normal 0 -1 0
    outer loop
      vertex 46.85 111.2 2.63
      vertex 146 111.2 0.6
      vertex 146 111.2 2.63
    endloop
  endfacet
  facet normal -1 0 0
    outer loop
      vertex 46.85 109.9 2.63
      vertex 46.85 111.2 2.6499999999999995
      vertex 46.85 111.2 2.63
    endloop
  endfacet
  facet normal -1 0 0
    outer loop
      vertex 46.85 109.9 2.63
      vertex 46.85 111.2 3.44
      vertex 46.85 111.2 2.6499999999999995
    endloop
  endfacet
  facet normal -1 0 0
    outer loop
      vertex 46.85 109.9 2.63
      vertex 46.85 109.9 3.44
      vertex 46.85 111.2 3.44
    endloop
  endfacet
  facet normal -1 0 0
    outer loop
      vertex 46.85 112 2.6499999999999995
      vertex 46.85 111.2 3.44
      vertex 46.85 112 3.44
    endloop
  endfacet
  facet normal 0 0 -1
    outer loop
      vertex 46.85 109.9 2.63
      vertex 46.85 111.2 2.63
      vertex 146 109.9 2.63
    endloop
  endfacet
  facet normal 0 -1 0
    outer loop
      vertex 46.85 109.9 2.63
      vertex 146 109.9 3.44
      vertex 46.85 109.9 3.44
    endloop
  endfacet
  facet normal 0 0 1
    outer loop
      vertex 46.85 109.9 3.44
      vertex 146 111.20008067769263 3.44
      vertex 46.85 111.2 3.44
    endloop
  endfacet
  facet normal 0 0 1
    outer loop
      vertex 46.85 111.2 3.44
      vertex 146 111.20008067769263 3.44
      vertex 46.85 112 3.44
    endloop
  endfacet
  facet normal 0 0 -1
    outer loop
      vertex 46.85 111.2 2.63
      vertex 146 111.2 2.63
      vertex 146 109.9 2.63
    endloop
  endfacet
  facet normal 0 -1 0
    outer loop
      vertex 46.85 109.9 2.63
      vertex 146 109.9 2.63
      vertex 146 109.9 3.44
    endloop
  endfacet
  facet normal 0 0 1
    outer loop
      vertex 46.85 109.9 3.44
      vertex 146 109.9 3.44
      vertex 146 111.20008067769263 3.44
    endloop
  endfacet
  facet normal 1 0 0
    outer loop
      vertex 40.85 98.8 0.6
      vertex 40.85 111.2 0.6
      vertex 40.85 98.8 1.4
    endloop
  endfacet
  facet normal -1 0 0
    outer loop
      vertex 39.65 98 0.6
      vertex 39.65 98 1.4683823529411764
      vertex 39.65 112 2.4
    endloop
  endfacet
  facet normal 1 0 0
    outer loop
      vertex 40.85 98.4 1.4
      vertex 40.85 98.8 1.4
      vertex 40.85 98.26666666666667 1.7333333333333332
    endloop
  endfacet
  facet normal 1 0 0
    outer loop
      vertex 40.85 98.8 1.4
      vertex 40.85 111.2 1.4
      vertex 40.85 98.75428571428571 2.342857142857143
    endloop
  endfacet
  facet normal 1 0 0
    outer loop
      vertex 40.85 98.8 1.4
      vertex 40.85 98 2.4
      vertex 40.85 98.26666666666667 1.7333333333333332
    endloop
  endfacet
  facet normal 1 0 0
    outer loop
      vertex 40.85 98.26666666666667 1.7333333333333332
      vertex 40.85 98 2.4
      vertex 40.85 98 1.9
    endloop
  endfacet
  facet normal 1 0 0
    outer loop
      vertex 40.85 98.8 1.4
      vertex 40.85 98.75428571428571 2.342857142857143
      vertex 40.85 98 2.4
    endloop
  endfacet
  facet normal 1 0 0
    outer loop
      vertex 40.85 98.75428571428571 2.342857142857143
      vertex 40.85 111.2 1.4
      vertex 40.85 98.8 2.3705882352941177
    endloop
  endfacet
  facet normal -1 0 0
    outer loop
      vertex 39.65 98 1.4683823529411764
      vertex 39.65 98.38823529411765 2.346764705882353
      vertex 39.65 112 2.4
    endloop
  endfacet
  facet normal 0 0 1
    outer loop
      vertex 39.65 98 2.4
      vertex 40.85 98 2.4
      vertex 40.78142857142857 98.8 2.4
    endloop
  endfacet
  facet normal 1 0 0
    outer loop
      vertex 40.85 98.75428571428571 2.342857142857143
      vertex 40.85 98.4 2.4
      vertex 40.85 98 2.4
    endloop
  endfacet
  facet normal -1 0 0
    outer loop
      vertex 39.65 98.38823529411765 2.346764705882353
      vertex 39.65 98 2.4
      vertex 39.65 112 2.4
    endloop
  endfacet
  facet normal 0 0 1
    outer loop
      vertex 39.65 98 2.4
      vertex 40.78142857142857 98.8 2.4
      vertex 39.71857142857143 111.2 2.4
    endloop
  endfacet
  facet normal 1 0 0
    outer loop
      vertex 40.85 98.8 2.3705882352941177
      vertex 40.85 111.2 2.4
      vertex 40.85 98.8 2.4
    endloop
  endfacet
  facet normal 0 0 1
    outer loop
      vertex 40.85 98.8 2.4
      vertex 40.85 111.2 2.4
      vertex 40.78142857142857 98.8 2.4
    endloop
  endfacet
  facet normal -1 0 0
    outer loop
      vertex 39.65 98 0.6
      vertex 39.65 112 1.4949999999999999
      vertex 39.65 111.20883977900553 0.6
    endloop
  endfacet
  facet normal 1 0 0
    outer loop
      vertex 40.85 98.8 1.4
      vertex 40.85 111.2 0.6
      vertex 40.85 111.2 1.4
    endloop
  endfacet
  facet normal -1 0 0
    outer loop
      vertex 39.65 98 0.6
      vertex 39.65 112 2.4
      vertex 39.65 112 1.4949999999999999
    endloop
  endfacet
  facet normal 1 0 0
    outer loop
      vertex 40.85 98.8 2.3705882352941177
      vertex 40.85 111.2 1.4
      vertex 40.85 111.2 2.4
    endloop
  endfacet
  facet normal 0 0 1
    outer loop
      vertex 39.65 98 2.4
      vertex 39.71857142857143 111.2 2.4
      vertex 39.65 112 2.4
    endloop
  endfacet
  facet normal 0 0 1
    outer loop
      vertex 40.78142857142857 98.8 2.4
      vertex 40.85 111.2 2.4
      vertex 39.71857142857143 111.2 2.4
    endloop
  endfacet
  facet normal 1 0 0
    outer loop
      vertex 33.06 111.2 0.6
      vertex 33.06 112 0.6
      vertex 33.06 111.2 1.29
    endloop
  endfacet
  facet normal 1 0 0
    outer loop
      vertex 33.06 112 0.6
      vertex 33.06 111.99999999999999 1.29
      vertex 33.06 111.2 1.29
    endloop
  endfacet
  facet normal 1.0670091538925214e-17 1.7080354225002446e-16 -1
    outer loop
      vertex 12.25 112 1.2899999999999998
      vertex 12.25 113.3 1.29
      vertex 33.06 111.99999999999999 1.29
    endloop
  endfacet
  facet normal 0 0 -1
    outer loop
      vertex 12.25 113.3 1.29
      vertex 33.06 113.2961111111111 1.29
      vertex 33.06 111.99999999999999 1.29
    endloop
  endfacet
  facet normal -1.0670091538925098e-17 -5.709718412349232e-14 -1
    outer loop
      vertex 12.25 113.3 1.29
      vertex 33.06 113.3 1.2899999999999998
      vertex 33.06 113.2961111111111 1.29
    endloop
  endfacet
  facet normal 0 1 0
    outer loop
      vertex 12.25 113.3 1.29
      vertex 12.25 113.3 1.2939234449760766
      vertex 32.79512195121949 113.3 2.0999999999999996
    endloop
  endfacet
  facet normal 0 1 0
    outer loop
      vertex 12.25 113.3 1.29
      vertex 32.79512195121949 113.3 2.0999999999999996
      vertex 33.06 113.3 1.2899999999999998
    endloop
  endfacet
  facet normal 1 0 0
    outer loop
      vertex 33.06 113.2961111111111 1.29
      vertex 33.06 113.3 1.2899999999999998
      vertex 33.06 113.3 2.0999999999999996
    endloop
  endfacet
  facet normal 0 1 0
    outer loop
      vertex 33.06 113.3 1.2899999999999998
      vertex 32.79512195121949 113.3 2.0999999999999996
      vertex 33.05 113.3 2.0999999999999996
    endloop
  endfacet
  facet normal 1 0 0
    outer loop
      vertex 33.06 113.2961111111111 1.29
      vertex 33.06 113.3 2.0999999999999996
      vertex 33.06 113.2961111111111 2.0999999999999996
    endloop
  endfacet
  facet normal 0 1 0
    outer loop
      vertex 33.06 113.3 1.2899999999999998
      vertex 33.05 113.3 2.0999999999999996
      vertex 33.06 113.3 2.0999999999999996
    endloop
  endfacet
  facet normal 0 0 1
    outer loop
      vertex 33.06 113.2961111111111 2.0999999999999996
      vertex 33.06 113.3 2.0999999999999996
      vertex 33.05 113.3 2.0999999999999996
    endloop
  endfacet
  facet normal 0 0 -1
    outer loop
      vertex 36.39285714285713 111.4597995545657 1.29
      vertex 36.75643683176957 111.6295330569496 1.29
      vertex 37.228392359729376 111.52493036211699 1.29
    endloop
  endfacet
  facet normal 0 0 -1
    outer loop
      vertex 33.06 111.99999999999999 1.29
      vertex 33.06 113.2961111111111 1.29
      vertex 36.39285714285713 112 1.29
    endloop
  endfacet
  facet normal 0.3624462611549476 0.9320046715412963 0
    outer loop
      vertex 33.06 113.2961111111111 1.29
      vertex 33.06 113.2961111111111 2.0999999999999996
      vertex 36.39285714285713 112 1.29
    endloop
  endfacet
  facet normal 0 0 -1
    outer loop
      vertex 36.39285714285713 111.2 1.29
      vertex 37.228392359729376 111.52493036211699 1.29
      vertex 37.55 111.2 1.29
    endloop
  endfacet
  facet normal 0 0 -1
    outer loop
      vertex 37.228392359729376 111.52493036211699 1.29
      vertex 37.55 111.55 1.29
      vertex 37.55 111.2 1.29
    endloop
  endfacet
  facet normal 0 0 -1
    outer loop
      vertex 36.75643683176957 111.6295330569496 1.29
      vertex 37.42142857142856 111.6 1.29
      vertex 37.55 111.55 1.29
    endloop
  endfacet
  facet normal 0 0 -1
    outer loop
      vertex 36.75643683176957 111.6295330569496 1.29
      vertex 37.55 111.55 1.29
      vertex 37.228392359729376 111.52493036211699 1.29
    endloop
  endfacet
  facet normal 0 -1 0
    outer loop
      vertex 36.39285714285713 111.2 1.29
      vertex 37.55 111.2 1.29
      vertex 37.55 111.2 2.1100000000000003
    endloop
  endfacet
  facet normal 1 0 0
    outer loop
      vertex 37.55 111.2 1.29
      vertex 37.55 111.55 1.29
      vertex 37.55 111.2 2.1100000000000003
    endloop
  endfacet
  facet normal 0.3624462611549012 0.9320046715413143 -2.278375607802478e-18
    outer loop
      vertex 37.55 111.55 1.29
      vertex 37.42142857142856 111.6 1.29
      vertex 37.42142857142856 111.6 2.1100000000000003
    endloop
  endfacet
  facet normal 0 0 1
    outer loop
      vertex 12.25 111.21004784688995 2.1100000000000003
      vertex 19.151698128761034 111.90351990767455 2.1100000000000003
      vertex 12.25 113.3 2.1100000000000003
    endloop
  endfacet
  facet normal 0 1 0
    outer loop
      vertex 12.25 113.3 1.2939234449760766
      vertex 12.25 113.3 2.1100000000000003
      vertex 32.79512195121949 113.3 2.0999999999999996
    endloop
  endfacet
  facet normal 0 0 1
    outer loop
      vertex 12.25 113.3 2.1100000000000003
      vertex 19.151698128761034 111.90351990767455 2.1100000000000003
      vertex 33.05 113.3 2.1100000000000003
    endloop
  endfacet
  facet normal 0 1 0
    outer loop
      vertex 12.25 113.3 2.1100000000000003
      vertex 33.05 113.3 2.1100000000000003
      vertex 32.79512195121949 113.3 2.0999999999999996
    endloop
  endfacet
  facet normal 0 -1 0
    outer loop
      vertex 36.39285714285713 111.2 1.29
      vertex 37.55 111.2 2.1100000000000003
      vertex 36.39285714285713 111.2 2.1100000000000003
    endloop
  endfacet
  facet normal 0.36244626115484413 0.9320046715413365 -4.965968641550507e-13
    outer loop
      vertex 36.39285714285713 112 1.29
      vertex 33.06 113.2961111111111 2.0999999999999996
      vertex 33.05 113.3 2.1100000000000003
    endloop
  endfacet
  facet normal 0.3624462611549485 0.9320046715412958 0
    outer loop
      vertex 36.39285714285713 112 1.29
      vertex 33.05 113.3 2.1100000000000003
      vertex 36.39285714285713 112 2.1100000000000003
    endloop
  endfacet
  facet normal 0 0 1
    outer loop
      vertex 19.151698128761034 111.90351990767455 2.1100000000000003
      vertex 36.70976476353834 111.59210977701544 2.1100000000000003
      vertex 33.05 113.3 2.1100000000000003
    endloop
  endfacet
  facet normal 0 0 1
    outer loop
      vertex 31.018571428571384 111.2 2.1100000000000003
      vertex 36.39285714285713 111.2 2.1100000000000003
      vertex 36.70976476353834 111.59210977701544 2.1100000000000003
    endloop
  endfacet
  facet normal 0 0 1
    outer loop
      vertex 36.39285714285713 111.2 2.1100000000000003
      vertex 37.55 111.2 2.1100000000000003
      vertex 36.70976476353834 111.59210977701544 2.1100000000000003
    endloop
  endfacet
  facet normal 0 1 0
    outer loop
      vertex 32.79512195121949 113.3 2.0999999999999996
      vertex 33.05 113.3 2.1100000000000003
      vertex 33.05 113.3 2.0999999999999996
    endloop
  endfacet
  facet normal 0.362446261155268 0.9320046715411717 -1.0913200371308848e-17
    outer loop
      vertex 33.06 113.2961111111111 2.0999999999999996
      vertex 33.05 113.3 2.0999999999999996
      vertex 33.05 113.3 2.1100000000000003
    endloop
  endfacet
  facet normal 0 0 1
    outer loop
      vertex 33.05 113.3 2.1100000000000003
      vertex 36.5563749637786 111.66369168356998 2.1100000000000003
      vertex 36.39285714285713 112 2.1100000000000003
    endloop
  endfacet
  facet normal 0 0 -1
    outer loop
      vertex 33.05 113.3 2.1100000000000003
      vertex 36.70976476353834 111.59210977701544 2.1100000000000003
      vertex 36.5563749637786 111.66369168356998 2.1100000000000003
    endloop
  endfacet
  facet normal 1 0 0
    outer loop
      vertex 37.55 111.55 1.29
      vertex 37.55 111.55 2.1100000000000003
      vertex 37.55 111.2 2.1100000000000003
    endloop
  endfacet
  facet normal 0.3624462611549012 0.9320046715413143 0
    outer loop
      vertex 37.55 111.55 1.29
      vertex 37.42142857142856 111.6 2.1100000000000003
      vertex 37.55 111.55 2.1100000000000003
    endloop
  endfacet
  facet normal 0 0 1
    outer loop
      vertex 36.70976476353834 111.59210977701544 2.1100000000000003
      vertex 37.55 111.2 2.1100000000000003
      vertex 37.3315575728619 111.63494983277593 2.1100000000000003
    endloop
  endfacet
  facet normal 0 0 1
    outer loop
      vertex 37.55 111.2 2.1100000000000003
      vertex 37.55 111.55 2.1100000000000003
      vertex 37.42142857142856 111.6 2.1100000000000003
    endloop
  endfacet
  facet normal 0 0 1
    outer loop
      vertex 37.55 111.2 2.1100000000000003
      vertex 37.42142857142856 111.6 2.1100000000000003
      vertex 37.3315575728619 111.63494983277593 2.1100000000000003
    endloop
  endfacet
  facet normal 0 1 0
    outer loop
      vertex 12.25 125.2 0.6
      vertex 33.06 125.2 1.29
      vertex 33.06 125.2 0.6
    endloop
  endfacet
  facet normal 1 0 0
    outer loop
      vertex 33.06 124.4 0.6
      vertex 33.06 125.2 0.6
      vertex 33.06 124.4 1.29
    endloop
  endfacet
  facet normal 0 1 0
    outer loop
      vertex 12.25 125.2 0.6
      vertex 12.25 125.2 1.2899999999999998
      vertex 33.06 125.2 1.29
    endloop
  endfacet
  facet normal 0 -1.7080354225002444e-16 -1
    outer loop
      vertex 12.25 123.10000000000001 1.29
      vertex 12.25 124.4 1.2899999999999998
      vertex 33.05 123.10000000000001 1.29
    endloop
  endfacet
  facet normal 3.566859171578075e-15 5.709718412349223e-14 -1
    outer loop
      vertex 12.25 124.4 1.2899999999999998
      vertex 33.06 123.1038888888889 1.29
      vertex 33.06 123.10000000000001 1.2899999999999998
    endloop
  endfacet
  facet normal -2.220446049249444e-14 -3.554421714221618e-13 -1
    outer loop
      vertex 12.25 124.4 1.2899999999999998
      vertex 33.06 123.10000000000001 1.2899999999999998
      vertex 33.05 123.10000000000001 1.29
    endloop
  endfacet
  facet normal 1.0670091538925098e-17 0 -1
    outer loop
      vertex 12.25 124.4 1.2899999999999998
      vertex 33.06 124.4 1.29
      vertex 33.06 123.1038888888889 1.29
    endloop
  endfacet
  facet normal 0 -1 0
    outer loop
      vertex 33.06 123.10000000000001 1.2899999999999998
      vertex 33.05 123.10000000000001 2.0996126255380196
      vertex 33.05 123.10000000000001 1.29
    endloop
  endfacet
  facet normal 1 0 0
    outer loop
      vertex 33.06 123.10000000000001 1.2899999999999998
      vertex 33.06 123.1038888888889 1.29
      vertex 33.06 123.1038888888889 2.0999999999999996
    endloop
  endfacet
  facet normal 0 -1 0
    outer loop
      vertex 22.666609733765323 123.10000000000001 1.6973866037470065
      vertex 33.05 123.10000000000001 2.0996126255380196
      vertex 12.404878048780505 123.10000000000001 2.0999999999999996
    endloop
  endfacet
  facet normal 0 -1 0
    outer loop
      vertex 12.404878048780505 123.10000000000001 2.0999999999999996
      vertex 33.05 123.10000000000001 2.0996126255380196
      vertex 33.05 123.10000000000001 2.0999999999999996
    endloop
  endfacet
  facet normal 0 -1 0
    outer loop
      vertex 33.06 123.10000000000001 1.2899999999999998
      vertex 33.06 123.10000000000001 2.0999999999999996
      vertex 33.05 123.10000000000001 2.0996126255380196
    endloop
  endfacet
  facet normal 1 0 0
    outer loop
      vertex 33.06 123.10000000000001 1.2899999999999998
      vertex 33.06 123.1038888888889 2.0999999999999996
      vertex 33.06 123.10000000000001 2.0999999999999996
    endloop
  endfacet
  facet normal 0 -1 0
    outer loop
      vertex 33.05 123.10000000000001 2.0996126255380196
      vertex 33.06 123.10000000000001 2.0999999999999996
      vertex 33.05 123.10000000000001 2.0999999999999996
    endloop
  endfacet
  facet normal 0 0 1
    outer loop
      vertex 33.06 123.10000000000001 2.0999999999999996
      vertex 33.06 123.1038888888889 2.0999999999999996
      vertex 33.05 123.10000000000001 2.0999999999999996
    endloop
  endfacet
  facet normal 0 -1 0
    outer loop
      vertex 12.25 123.10000000000001 1.29
      vertex 22.666609733765323 123.10000000000001 1.6973866037470065
      vertex 12.404878048780505 123.10000000000001 2.0999999999999996
    endloop
  endfacet
  facet normal 0 0 -1
    outer loop
      vertex 33.06 123.1038888888889 1.29
      vertex 33.06 124.4 1.29
      vertex 35.83635038430956 124.4 1.29
    endloop
  endfacet
  facet normal 0 0 -1
    outer loop
      vertex 33.06 123.1038888888889 1.29
      vertex 35.83635038430956 124.4 1.29
      vertex 36.39285714285713 124.4 1.29
    endloop
  endfacet
  facet normal 0 0 -1
    outer loop
      vertex 33.06 124.4 1.29
      vertex 36.39285714285713 124.65979955456571 1.29
      vertex 35.83635038430956 124.4 1.29
    endloop
  endfacet
  facet normal 0 0 -1
    outer loop
      vertex 33.06 124.4 1.29
      vertex 33.06 125.2 1.29
      vertex 35.93359999999997 124.91199999999999 1.29
    endloop
  endfacet
  facet normal 0 0 -1
    outer loop
      vertex 36.39285714285713 125.2 1.29
      vertex 37.55 125.2 1.29
      vertex 37.02413244650086 124.954504048583 1.29
    endloop
  endfacet
  facet normal 0 -1 0
    outer loop
      vertex 12.25 123.10000000000001 1.29
      vertex 33.05 123.10000000000001 1.29
      vertex 22.666609733765323 123.10000000000001 1.6973866037470065
    endloop
  endfacet
  facet normal 0 -1 0
    outer loop
      vertex 33.05 123.10000000000001 1.29
      vertex 33.05 123.10000000000001 2.0996126255380196
      vertex 22.666609733765323 123.10000000000001 1.6973866037470065
    endloop
  endfacet
  facet normal 0.36244626115494755 -0.9320046715412962 5.0155063405036586e-18
    outer loop
      vertex 33.06 123.1038888888889 1.29
      vertex 36.39285714285713 124.4 1.29
      vertex 36.39285714285713 124.4 2.1100000000000003
    endloop
  endfacet
  facet normal 0 1 0
    outer loop
      vertex 36.39285714285713 125.2 1.29
      vertex 36.39285714285713 125.2 2.1100000000000003
      vertex 37.55 125.2 1.29
    endloop
  endfacet
  facet normal 0 0 -1
    outer loop
      vertex 37.02413244650086 124.954504048583 1.29
      vertex 37.55 125.2 1.29
      vertex 37.42142857142856 124.80000000000001 1.29
    endloop
  endfacet
  facet normal 0 0 -1
    outer loop
      vertex 37.42142857142856 124.80000000000001 1.29
      vertex 37.55 125.2 1.29
      vertex 37.55 124.85000000000001 1.29
    endloop
  endfacet
  facet normal 0.3624462611549012 -0.9320046715413143 2.278375607802478e-18
    outer loop
      vertex 37.42142857142856 124.80000000000001 1.29
      vertex 37.55 124.85000000000001 1.29
      vertex 37.55 124.85000000000001 2.1100000000000003
    endloop
  endfacet
  facet normal 1 0 0
    outer loop
      vertex 37.55 124.85000000000001 1.29
      vertex 37.55 125.2 1.29
      vertex 37.55 124.85000000000001 2.1100000000000003
    endloop
  endfacet
  facet normal 0 -1 0
    outer loop
      vertex 12.25 123.10000000000001 1.29
      vertex 12.404878048780505 123.10000000000001 2.0999999999999996
      vertex 12.25 123.10000000000001 2.1100000000000003
    endloop
  endfacet
  facet normal 0 0 1
    outer loop
      vertex 12.25 123.10000000000001 2.1100000000000003
      vertex 20.111904761904754 125.2 2.1100000000000003
      vertex 12.25 124.41004784688995 2.1100000000000003
    endloop
  endfacet
  facet normal 0 -1 0
    outer loop
      vertex 12.404878048780505 123.10000000000001 2.0999999999999996
      vertex 33.05 123.10000000000001 2.1100000000000003
      vertex 12.25 123.10000000000001 2.1100000000000003
    endloop
  endfacet
  facet normal 0 0 1
    outer loop
      vertex 12.25 123.10000000000001 2.1100000000000003
      vertex 35.83571428571428 125.2 2.1100000000000003
      vertex 20.111904761904754 125.2 2.1100000000000003
    endloop
  endfacet
  facet normal 0 -1 0
    outer loop
      vertex 12.404878048780505 123.10000000000001 2.0999999999999996
      vertex 33.05 123.10000000000001 2.0999999999999996
      vertex 33.05 123.10000000000001 2.1100000000000003
    endloop
  endfacet
  facet normal 0 0 1
    outer loop
      vertex 12.25 123.10000000000001 2.1100000000000003
      vertex 33.05 123.10000000000001 2.1100000000000003
      vertex 36.39285714285713 124.4 2.1100000000000003
    endloop
  endfacet
  facet normal 0.3624462611549476 -0.9320046715412963 0
    outer loop
      vertex 33.06 123.1038888888889 1.29
      vertex 36.39285714285713 124.4 2.1100000000000003
      vertex 33.06 123.1038888888889 2.0999999999999996
    endloop
  endfacet
  facet normal 0 0 1
    outer loop
      vertex 12.25 123.10000000000001 2.1100000000000003
      vertex 36.39285714285713 124.4 2.1100000000000003
      vertex 37.02402597402597 124.64545454545456 2.1100000000000003
    endloop
  endfacet
  facet normal 0 0 1
    outer loop
      vertex 12.25 123.10000000000001 2.1100000000000003
      vertex 37.55 124.85000000000001 2.1100000000000003
      vertex 35.83571428571428 125.2 2.1100000000000003
    endloop
  endfacet
  facet normal 0 0 1
    outer loop
      vertex 12.25 123.10000000000001 2.1100000000000003
      vertex 37.02402597402597 124.64545454545456 2.1100000000000003
      vertex 37.42142857142856 124.80000000000001 2.1100000000000003
    endloop
  endfacet
  facet normal 0 0 1
    outer loop
      vertex 12.25 123.10000000000001 2.1100000000000003
      vertex 37.42142857142856 124.80000000000001 2.1100000000000003
      vertex 37.55 124.85000000000001 2.1100000000000003
    endloop
  endfacet
  facet normal 0.362446261155268 -0.9320046715411717 -1.2294219481440398e-10
    outer loop
      vertex 33.05 123.10000000000001 2.0999999999999996
      vertex 33.06 123.1038888888889 2.0999999999999996
      vertex 36.39285714285713 124.4 2.1100000000000003
    endloop
  endfacet
  facet normal 0.36244626115494855 -0.932004671541296 0
    outer loop
      vertex 33.05 123.10000000000001 2.0999999999999996
      vertex 36.39285714285713 124.4 2.1100000000000003
      vertex 33.05 123.10000000000001 2.1100000000000003
    endloop
  endfacet
  facet normal 0 0 1
    outer loop
      vertex 35.83571428571428 125.2 2.1100000000000003
      vertex 37.55 124.85000000000001 2.1100000000000003
      vertex 36.39285714285713 125.2 2.1100000000000003
    endloop
  endfacet
  facet normal 0 1 0
    outer loop
      vertex 37.55 125.2 1.29
      vertex 36.39285714285713 125.2 2.1100000000000003
      vertex 37.55 125.2 2.1100000000000003
    endloop
  endfacet
  facet normal 0.3624462611549012 -0.9320046715413143 0
    outer loop
      vertex 37.42142857142856 124.80000000000001 1.29
      vertex 37.55 124.85000000000001 2.1100000000000003
      vertex 37.42142857142856 124.80000000000001 2.1100000000000003
    endloop
  endfacet
  facet normal 1 0 0
    outer loop
      vertex 37.55 125.2 1.29
      vertex 37.55 125.2 2.1100000000000003
      vertex 37.55 124.85000000000001 2.1100000000000003
    endloop
  endfacet
  facet normal 0 0 1
    outer loop
      vertex 36.39285714285713 125.2 2.1100000000000003
      vertex 37.55 124.85000000000001 2.1100000000000003
      vertex 37.55 125.2 2.1100000000000003
    endloop
  endfacet
  facet normal 0 -1 0
    outer loop
      vertex 40.85 111.2 0.6
      vertex 46.85 111.2 0.6
      vertex 40.85 111.2 1.4
    endloop
  endfacet
  facet normal 0 -1 0
    outer loop
      vertex 46.85 111.2 0.6
      vertex 46.85 111.2 1.4
      vertex 40.85 111.2 1.4
    endloop
  endfacet
  facet normal 0 0 1
    outer loop
      vertex 40.85 111.2 1.4
      vertex 46.85 111.2 1.4
      vertex 40.85 112 1.4
    endloop
  endfacet
  facet normal 0 1 0
    outer loop
      vertex 40.85 125.2 0.6
      vertex 46.85 125.2 1.4
      vertex 46.85 125.2 0.6
    endloop
  endfacet
  facet normal 0 1 0
    outer loop
      vertex 40.85 125.2 0.6
      vertex 40.85 125.2 1.4
      vertex 46.85 125.2 1.4
    endloop
  endfacet
  facet normal 0 0 1
    outer loop
      vertex 40.85 124.80000000000001 1.4
      vertex 46.85 124.4 1.4
      vertex 40.85 125.2 1.4
    endloop
  endfacet
  facet normal 0 0 1
    outer loop
      vertex 40.85 125.2 1.4
      vertex 46.85 124.4 1.4
      vertex 46.85 125.2 1.4
    endloop
  endfacet
  facet normal -1 0 0
    outer loop
      vertex 46.85 111.2 1.4
      vertex 46.85 112 2.63
      vertex 46.85 112 1.4
    endloop
  endfacet
  facet normal -1 0 0
    outer loop
      vertex 46.85 111.2 1.4
      vertex 46.85 111.2 2.63
      vertex 46.85 111.6 2.6499999999999995
    endloop
  endfacet
  facet normal -1 0 0
    outer loop
      vertex 46.85 111.2 1.4
      vertex 46.85 112 2.6499999999999995
      vertex 46.85 112 2.63
    endloop
  endfacet
  facet normal -1 0 0
    outer loop
      vertex 46.85 111.2 1.4
      vertex 46.85 111.6 2.6499999999999995
      vertex 46.85 112 2.6499999999999995
    endloop
  endfacet
  facet normal 0 1 0
    outer loop
      vertex 46.85 112 1.4
      vertex 46.85 112 2.63
      vertex 146 112 2.6298759580475997
    endloop
  endfacet
  facet normal 0 1 0
    outer loop
      vertex 46.85 112 2.63
      vertex 146 112 2.63
      vertex 146 112 2.6298759580475997
    endloop
  endfacet
  facet normal -1 0 0
    outer loop
      vertex 46.85 112 2.63
      vertex 46.85 112 2.6499999999999995
      vertex 46.85 113.3 2.63
    endloop
  endfacet
  facet normal -1 0 0
    outer loop
      vertex 46.85 111.2 2.6499999999999995
      vertex 46.85 111.2 3.44
      vertex 46.85 111.6 2.6499999999999995
    endloop
  endfacet
  facet normal -1 0 0
    outer loop
      vertex 46.85 113.3 2.63
      vertex 46.85 112 2.6499999999999995
      vertex 46.85 113.3 3.44
    endloop
  endfacet
  facet normal -1 0 0
    outer loop
      vertex 46.85 111.6 2.6499999999999995
      vertex 46.85 111.2 3.44
      vertex 46.85 112 2.6499999999999995
    endloop
  endfacet
  facet normal -1 0 0
    outer loop
      vertex 46.85 112 2.6499999999999995
      vertex 46.85 112 3.44
      vertex 46.85 113.3 3.44
    endloop
  endfacet
  facet normal 0 0 -1
    outer loop
      vertex 46.85 112 2.63
      vertex 46.85 113.3 2.63
      vertex 146 112 2.63
    endloop
  endfacet
  facet normal 0 1 0
    outer loop
      vertex 46.85 113.3 2.63
      vertex 46.85 113.3 3.44
      vertex 146 113.3 2.63
    endloop
  endfacet
  facet normal 0 0 1
    outer loop
      vertex 46.85 112 3.44
      vertex 146 113.3 3.44
      vertex 46.85 113.3 3.44
    endloop
  endfacet
  facet normal 0 0 -1
    outer loop
      vertex 46.85 113.3 2.63
      vertex 146 113.3 2.63
      vertex 146 112 2.63
    endloop
  endfacet
  facet normal 0 1 0
    outer loop
      vertex 46.85 113.3 3.44
      vertex 146 113.3 3.44
      vertex 146 113.3 2.63
    endloop
  endfacet
  facet normal 0 0 1
    outer loop
      vertex 46.85 112 3.44
      vertex 146 111.20008067769263 3.44
      vertex 146 113.3 3.44
    endloop
  endfacet
  facet normal 0 -1 0
    outer loop
      vertex 46.85 124.4 0.6
      vertex 46.86188541292101 124.4 0.6
      vertex 46.85 124.4 1.4
    endloop
  endfacet
  facet normal 0 -1 0
    outer loop
      vertex 46.86188541292101 124.4 0.6
      vertex 49.2167532467532 124.4 2.5813092313092323
      vertex 46.85 124.4 1.4
    endloop
  endfacet
  facet normal 0 -1 0
    outer loop
      vertex 46.85 124.4 1.4
      vertex 49.2167532467532 124.4 2.5813092313092323
      vertex 46.85 124.4 2.63
    endloop
  endfacet
  facet normal 0 -1 0
    outer loop
      vertex 49.2167532467532 124.4 2.5813092313092323
      vertex 145.52392156862743 124.4 0.6
      vertex 146 124.4 0.6
    endloop
  endfacet
  facet normal 0 -1 0
    outer loop
      vertex 49.2167532467532 124.4 2.5813092313092323
      vertex 146 124.4 2.63
      vertex 46.85 124.4 2.63
    endloop
  endfacet
  facet normal 0 -1 0
    outer loop
      vertex 49.2167532467532 124.4 2.5813092313092323
      vertex 146 124.4 0.6
      vertex 146 124.4 2.63
    endloop
  endfacet
  facet normal -1 0 0
    outer loop
      vertex 46.85 123.10000000000001 2.63
      vertex 46.85 124.4 2.6499999999999995
      vertex 46.85 124.4 2.63
    endloop
  endfacet
  facet normal -1 0 0
    outer loop
      vertex 46.85 123.10000000000001 2.63
      vertex 46.85 123.10000000000001 3.44
      vertex 46.85 124.4 2.6499999999999995
    endloop
  endfacet
  facet normal -1 0 0
    outer loop
      vertex 46.85 124.4 2.6499999999999995
      vertex 46.85 123.10000000000001 3.44
      vertex 46.85 124.4 3.44
    endloop
  endfacet
  facet normal -1 0 0
    outer loop
      vertex 46.85 125.2 2.6499999999999995
      vertex 46.85 124.80000000000001 3.045
      vertex 46.85 125.2 3.44
    endloop
  endfacet
  facet normal -1 0 0
    outer loop
      vertex 46.85 124.80000000000001 3.045
      vertex 46.85 124.86535552193646 3.3109228441754914
      vertex 46.85 125.2 3.44
    endloop
  endfacet
  facet normal -1 0 0
    outer loop
      vertex 46.85 124.4 3.44
      vertex 46.85 125.2 3.44
      vertex 46.85 124.86535552193646 3.3109228441754914
    endloop
  endfacet
  facet normal 0 0 -1
    outer loop
      vertex 46.85 123.10000000000001 2.63
      vertex 46.85 124.4 2.63
      vertex 146 123.10000000000001 2.63
    endloop
  endfacet
  facet normal 0 -1 0
    outer loop
      vertex 46.85 123.10000000000001 2.63
      vertex 146 123.10000000000001 3.44
      vertex 46.85 123.10000000000001 3.44
    endloop
  endfacet
  facet normal 0 0 1
    outer loop
      vertex 46.85 123.10000000000001 3.44
      vertex 146 125.2 3.44
      vertex 46.85 124.4 3.44
    endloop
  endfacet
  facet normal 0 0 1
    outer loop
      vertex 46.85 124.4 3.44
      vertex 146 125.2 3.44
      vertex 46.85 125.2 3.44
    endloop
  endfacet
  facet normal 0 0 -1
    outer loop
      vertex 46.85 124.4 2.63
      vertex 146 124.4 2.63
      vertex 146 123.10000000000001 2.63
    endloop
  endfacet
  facet normal 0 -1 0
    outer loop
      vertex 46.85 123.10000000000001 2.63
      vertex 146 123.10000000000001 2.63
      vertex 146 123.10000000000001 3.44
    endloop
  endfacet
  facet normal 0 0 1
    outer loop
      vertex 46.85 123.10000000000001 3.44
      vertex 146 123.10000000000001 3.44
      vertex 146 125.2 3.44
    endloop
  endfacet
  facet normal 1 0 0
    outer loop
      vertex 40.85 112 0.6
      vertex 40.85 124.4 0.6
      vertex 40.85 112 1.4
    endloop
  endfacet
  facet normal -1 0 0
    outer loop
      vertex 39.65 111.20883977900553 0.6
      vertex 39.65 124.4 1.4683823529411764
      vertex 39.65 124.4 0.6
    endloop
  endfacet
  facet normal 1 0 0
    outer loop
      vertex 40.85 124.4 0.6
      vertex 40.85 124.4 1.4
      vertex 40.85 112 1.4
    endloop
  endfacet
  facet normal -1 0 0
    outer loop
      vertex 39.65 111.20883977900553 0.6
      vertex 39.65 112 1.4949999999999999
      vertex 39.65 124.78823529411765 2.346764705882353
    endloop
  endfacet
  facet normal -1 0 0
    outer loop
      vertex 39.65 111.20883977900553 0.6
      vertex 39.65 124.78823529411765 2.346764705882353
      vertex 39.65 124.4 1.4683823529411764
    endloop
  endfacet
  facet normal 1 0 0
    outer loop
      vertex 40.85 124.4 1.4
      vertex 40.85 124.80000000000001 1.4
      vertex 40.85 124.66666666666667 1.7333333333333332
    endloop
  endfacet
  facet normal 1 0 0
    outer loop
      vertex 40.85 124.4 1.4
      vertex 40.85 124.66666666666667 1.7333333333333332
      vertex 40.85 124.4 1.914705882352941
    endloop
  endfacet
  facet normal 1 0 0
    outer loop
      vertex 40.85 111.2 1.4
      vertex 40.85 112 1.4
      vertex 40.85 111.2 2.4
    endloop
  endfacet
  facet normal 1 0 0
    outer loop
      vertex 40.85 112 1.4
      vertex 40.85 124.4 1.4
      vertex 40.85 111.2 2.4
    endloop
  endfacet
  facet normal -1 0 0
    outer loop
      vertex 39.65 112 1.4949999999999999
      vertex 39.65 112 2.4
      vertex 39.65 124.4 2.4
    endloop
  endfacet
  facet normal 1 0 0
    outer loop
      vertex 40.85 124.4 1.4
      vertex 40.85 124.4 1.914705882352941
      vertex 40.85 111.2 2.4
    endloop
  endfacet
  facet normal -1 0 0
    outer loop
      vertex 39.65 112 1.4949999999999999
      vertex 39.65 124.4 2.4
      vertex 39.65 124.78823529411765 2.346764705882353
    endloop
  endfacet
  facet normal 0 0 1
    outer loop
      vertex 39.71857142857143 111.2 2.4
      vertex 40.85 111.2 2.4
      vertex 39.65 112 2.4
    endloop
  endfacet
  facet normal 0 0 1
    outer loop
      vertex 40.85 111.2 2.4
      vertex 39.65 124.4 2.4
      vertex 39.65 112 2.4
    endloop
  endfacet
  facet normal 1 0 0
    outer loop
      vertex 40.85 124.4 1.914705882352941
      vertex 40.85 124.4 2.4
      vertex 40.85 111.2 2.4
    endloop
  endfacet
  facet normal 1 0 0
    outer loop
      vertex 40.85 125.15428571428572 2.342857142857143
      vertex 40.85 125.2 2.3705882352941177
      vertex 40.85 125.2 2.4
    endloop
  endfacet
  facet normal 0 0 1
    outer loop
      vertex 40.85 111.2 2.4
      vertex 40.85 124.4 2.4
      vertex 39.65 124.4 2.4
    endloop
  endfacet
  facet normal 1 0 0
    outer loop
      vertex 40.85 125.15428571428572 2.342857142857143
      vertex 40.85 125.2 2.4
      vertex 40.85 124.4 2.4
    endloop
  endfacet
  facet normal 0 0 1
    outer loop
      vertex 40.85 124.4 2.4
      vertex 40.85 125.2 2.4
      vertex 40.78142857142857 125.2 2.4
    endloop
  endfacet
  facet normal 0 -1 0
    outer loop
      vertex 12.25 124.4 0.6
      vertex 33.06 124.4 0.6
      vertex 33.06 124.4 1.29
    endloop
  endfacet
  facet normal 0 -1 0
    outer loop
      vertex 12.25 124.4 0.6
      vertex 33.06 124.4 1.29
      vertex 12.25 124.4 1.2899999999999998
    endloop
  endfacet
  facet normal 1 0 0
    outer loop
      vertex 33.06 125.2 0.6
      vertex 33.06 125.2 1.29
      vertex 33.06 124.4 1.29
    endloop
  endfacet
  facet normal 1.0670091538925098e-17 1.7080354225002446e-16 -1
    outer loop
      vertex 12.25 125.2 1.2899999999999998
      vertex 12.25 126.5 1.29
      vertex 33.06 125.2 1.29
    endloop
  endfacet
  facet normal 0 0 -1
    outer loop
      vertex 12.25 126.5 1.29
      vertex 33.06 126.4961111111111 1.29
      vertex 33.06 125.2 1.29
    endloop
  endfacet
  facet normal -1.0670091538925098e-17 -5.709718412349232e-14 -1
    outer loop
      vertex 12.25 126.5 1.29
      vertex 33.06 126.5 1.2899999999999998
      vertex 33.06 126.4961111111111 1.29
    endloop
  endfacet
  facet normal 0 1 0
    outer loop
      vertex 12.25 126.5 1.29
      vertex 12.25 126.5 1.2939234449760766
      vertex 32.79512195121949 126.5 2.0999999999999996
    endloop
  endfacet
  facet normal 0 1 0
    outer loop
      vertex 12.25 126.5 1.29
      vertex 32.79512195121949 126.5 2.0999999999999996
      vertex 33.06 126.5 1.2899999999999998
    endloop
  endfacet
  facet normal 1 0 0
    outer loop
      vertex 33.06 126.4961111111111 1.29
      vertex 33.06 126.5 1.2899999999999998
      vertex 33.06 126.5 2.0999999999999996
    endloop
  endfacet
  facet normal 0 1 0
    outer loop
      vertex 33.06 126.5 1.2899999999999998
      vertex 32.79512195121949 126.5 2.0999999999999996
      vertex 33.05 126.5 2.0999999999999996
    endloop
  endfacet
  facet normal 1 0 0
    outer loop
      vertex 33.06 126.4961111111111 1.29
      vertex 33.06 126.5 2.0999999999999996
      vertex 33.06 126.4961111111111 2.0999999999999996
    endloop
  endfacet
  facet normal 0 1 0
    outer loop
      vertex 33.06 126.5 1.2899999999999998
      vertex 33.05 126.5 2.0999999999999996
      vertex 33.06 126.5 2.0999999999999996
    endloop
  endfacet
  facet normal 0 0 1
    outer loop
      vertex 33.06 126.4961111111111 2.0999999999999996
      vertex 33.06 126.5 2.0999999999999996
      vertex 33.05 126.5 2.0999999999999996
    endloop
  endfacet
  facet normal 0 0 -1
    outer loop
      vertex 33.06 124.4 1.29
      vertex 35.93359999999997 124.91199999999999 1.29
      vertex 36.39285714285713 124.65979955456571 1.29
    endloop
  endfacet
  facet normal 0 0 -1
    outer loop
      vertex 35.83635038430956 124.4 1.29
      vertex 36.39285714285713 124.65979955456571 1.29
      vertex 36.39285714285713 124.4 1.29
    endloop
  endfacet
  facet normal 0 0 -1
    outer loop
      vertex 36.39285714285713 124.4 1.29
      vertex 36.39285714285713 124.65979955456571 1.29
      vertex 37.55 124.4 1.29
    endloop
  endfacet
  facet normal 0 0 -1
    outer loop
      vertex 33.06 125.2 1.29
      vertex 33.06 126.4961111111111 1.29
      vertex 35.93359999999997 124.91199999999999 1.29
    endloop
  endfacet
  facet normal 0 0 -1
    outer loop
      vertex 33.06 126.4961111111111 1.29
      vertex 36.39285714285713 125.2 1.29
      vertex 35.93359999999997 124.91199999999999 1.29
    endloop
  endfacet
  facet normal 0 0 -1
    outer loop
      vertex 35.93359999999997 124.91199999999999 1.29
      vertex 36.39285714285713 125.2 1.29
      vertex 37.02413244650086 124.954504048583 1.29
    endloop
  endfacet
  facet normal 0 0 -1
    outer loop
      vertex 36.39285714285713 124.65979955456571 1.29
      vertex 35.93359999999997 124.91199999999999 1.29
      vertex 37.55 124.75 1.29
    endloop
  endfacet
  facet normal 0 0 -1
    outer loop
      vertex 35.93359999999997 124.91199999999999 1.29
      vertex 37.02413244650086 124.954504048583 1.29
      vertex 37.42142857142856 124.80000000000001 1.29
    endloop
  endfacet
  facet normal 0 0 -1
    outer loop
      vertex 35.93359999999997 124.91199999999999 1.29
      vertex 37.42142857142856 124.80000000000001 1.29
      vertex 37.55 124.75 1.29
    endloop
  endfacet
  facet normal 0 -1 0
    outer loop
      vertex 36.39285714285713 124.4 1.29
      vertex 37.55 124.4 1.29
      vertex 36.39285714285713 124.4 2.1100000000000003
    endloop
  endfacet
  facet normal 0.36244626115494755 0.9320046715412962 -5.0155063405036586e-18
    outer loop
      vertex 33.06 126.4961111111111 1.29
      vertex 36.39285714285713 125.2 2.1100000000000003
      vertex 36.39285714285713 125.2 1.29
    endloop
  endfacet
  facet normal 0 0 -1
    outer loop
      vertex 36.39285714285713 124.65979955456571 1.29
      vertex 37.55 124.75 1.29
      vertex 37.55 124.4 1.29
    endloop
  endfacet
  facet normal 1 0 0
    outer loop
      vertex 37.55 124.4 1.29
      vertex 37.55 124.75 1.29
      vertex 37.55 124.4 2.1100000000000003
    endloop
  endfacet
  facet normal 0.3624462611549907 0.9320046715412795 1.4458922116310379e-18
    outer loop
      vertex 37.42142857142856 124.80000000000001 1.29
      vertex 37.55 124.75 2.1100000000000003
      vertex 37.55 124.75 1.29
    endloop
  endfacet
  facet normal 0 0 1
    outer loop
      vertex 12.25 124.41004784688995 2.1100000000000003
      vertex 20.111904761904754 125.2 2.1100000000000003
      vertex 12.25 126.5 2.1100000000000003
    endloop
  endfacet
  facet normal 0 1 0
    outer loop
      vertex 12.25 126.5 1.2939234449760766
      vertex 12.25 126.5 2.1100000000000003
      vertex 32.79512195121949 126.5 2.0999999999999996
    endloop
  endfacet
  facet normal 0 0 1
    outer loop
      vertex 12.25 126.5 2.1100000000000003
      vertex 20.111904761904754 125.2 2.1100000000000003
      vertex 33.05 126.5 2.1100000000000003
    endloop
  endfacet
  facet normal 0 1 0
    outer loop
      vertex 12.25 126.5 2.1100000000000003
      vertex 33.05 126.5 2.1100000000000003
      vertex 32.79512195121949 126.5 2.0999999999999996
    endloop
  endfacet
  facet normal 0.3624462611549476 0.9320046715412963 0
    outer loop
      vertex 33.06 126.4961111111111 1.29
      vertex 33.06 126.4961111111111 2.0999999999999996
      vertex 36.39285714285713 125.2 2.1100000000000003
    endloop
  endfacet
  facet normal 0 0 1
    outer loop
      vertex 20.111904761904754 125.2 2.1100000000000003
      vertex 35.83571428571428 125.2 2.1100000000000003
      vertex 33.05 126.5 2.1100000000000003
    endloop
  endfacet
  facet normal 0 0 1
    outer loop
      vertex 36.39285714285713 124.4 2.1100000000000003
      vertex 37.55 124.4 2.1100000000000003
      vertex 37.02402597402597 124.64545454545456 2.1100000000000003
    endloop
  endfacet
  facet normal 0 1 0
    outer loop
      vertex 32.79512195121949 126.5 2.0999999999999996
      vertex 33.05 126.5 2.1100000000000003
      vertex 33.05 126.5 2.0999999999999996
    endloop
  endfacet
  facet normal 0.362446261155268 0.9320046715411717 -1.0913200371308848e-17
    outer loop
      vertex 33.06 126.4961111111111 2.0999999999999996
      vertex 33.05 126.5 2.0999999999999996
      vertex 33.05 126.5 2.1100000000000003
    endloop
  endfacet
  facet normal 0.36244626115494855 0.932004671541296 -3.678158813042533e-13
    outer loop
      vertex 33.06 126.4961111111111 2.0999999999999996
      vertex 33.05 126.5 2.1100000000000003
      vertex 36.39285714285713 125.2 2.1100000000000003
    endloop
  endfacet
  facet normal 0 0 1
    outer loop
      vertex 33.05 126.5 2.1100000000000003
      vertex 35.83571428571428 125.2 2.1100000000000003
      vertex 36.39285714285713 125.2 2.1100000000000003
    endloop
  endfacet
  facet normal 0 -1 0
    outer loop
      vertex 37.55 124.4 1.29
      vertex 37.55 124.4 2.1100000000000003
      vertex 36.39285714285713 124.4 2.1100000000000003
    endloop
  endfacet
  facet normal 1 0 0
    outer loop
      vertex 37.55 124.75 1.29
      vertex 37.55 124.75 2.1100000000000003
      vertex 37.55 124.4 2.1100000000000003
    endloop
  endfacet
  facet normal 0.3624462611549907 0.9320046715412795 0
    outer loop
      vertex 37.42142857142856 124.80000000000001 1.29
      vertex 37.42142857142856 124.80000000000001 2.1100000000000003
      vertex 37.55 124.75 2.1100000000000003
    endloop
  endfacet
  facet normal 0 0 1
    outer loop
      vertex 37.02402597402597 124.64545454545456 2.1100000000000003
      vertex 37.55 124.4 2.1100000000000003
      vertex 37.42142857142856 124.80000000000001 2.1100000000000003
    endloop
  endfacet
  facet normal 0 0 1
    outer loop
      vertex 37.55 124.4 2.1100000000000003
      vertex 37.55 124.75 2.1100000000000003
      vertex 37.42142857142856 124.80000000000001 2.1100000000000003
    endloop
  endfacet
  facet normal 0 -1 0
    outer loop
      vertex 12.25 137.6 0.6
      vertex 33.06 137.6 0.6
      vertex 33.06 137.6 1.29
    endloop
  endfacet
  facet normal 0 1 0
    outer loop
      vertex 12.25 138.4 0.6
      vertex 33.06 138.4 1.29
      vertex 33.06 138.4 0.6
    endloop
  endfacet
  facet normal 1 0 0
    outer loop
      vertex 33.06 137.6 0.6
      vertex 33.06 138.4 0.6
      vertex 33.06 137.6 1.29
    endloop
  endfacet
  facet normal 0 -1 0
    outer loop
      vertex 12.25 137.6 0.6
      vertex 33.06 137.6 1.29
      vertex 12.25 137.6 1.2899999999999998
    endloop
  endfacet
  facet normal 0 1 0
    outer loop
      vertex 12.25 138.4 0.6
      vertex 12.25 138.4 1.2899999999999998
      vertex 33.06 138.4 1.29
    endloop
  endfacet
  facet normal 1 0 0
    outer loop
      vertex 33.06 138.4 0.6
      vertex 33.06 138.4 1.29
      vertex 33.06 137.6 1.29
    endloop
  endfacet
  facet normal 0 0 -1
    outer loop
      vertex 12.25 136.29999999999998 1.2899999999999998
      vertex 12.25 137.6 1.2899999999999998
      vertex 33.06 136.29999999999998 1.2899999999999998
    endloop
  endfacet
  facet normal 3.566859171552084e-15 5.709718412307555e-14 -1
    outer loop
      vertex 12.25 137.6 1.2899999999999998
      vertex 33.06 136.3038888888889 1.29
      vertex 33.06 136.29999999999998 1.2899999999999998
    endloop
  endfacet
  facet normal 1.0670091538925097e-17 0 -1
    outer loop
      vertex 12.25 137.6 1.2899999999999998
      vertex 33.06 137.6 1.29
      vertex 33.06 136.3038888888889 1.29
    endloop
  endfacet
  facet normal 0 -1 0
    outer loop
      vertex 12.25 136.29999999999998 1.2899999999999998
      vertex 33.06 136.29999999999998 1.2899999999999998
      vertex 33.06 136.29999999999998 2.0999999999999996
    endloop
  endfacet
  facet normal 1 0 0
    outer loop
      vertex 33.06 136.29999999999998 1.2899999999999998
      vertex 33.06 136.3038888888889 1.29
      vertex 33.06 136.3038888888889 2.0999999999999996
    endloop
  endfacet
  facet normal 0 -1 3.5088530160992606e-14
    outer loop
      vertex 12.25 136.29999999999998 1.2899999999999998
      vertex 33.05 136.3 2.0999999999999996
      vertex 12.25 136.3 2.0999999999999996
    endloop
  endfacet
  facet normal -2.8421709430391103e-12 -1 7.301923126499248e-11
    outer loop
      vertex 12.25 136.29999999999998 1.2899999999999998
      vertex 33.06 136.29999999999998 2.0999999999999996
      vertex 33.05 136.3 2.0999999999999996
    endloop
  endfacet
  facet normal 1 0 0
    outer loop
      vertex 33.06 136.29999999999998 1.2899999999999998
      vertex 33.06 136.3038888888889 2.0999999999999996
      vertex 33.06 136.29999999999998 2.0999999999999996
    endloop
  endfacet
  facet normal 0 0 1
    outer loop
      vertex 33.06 136.29999999999998 2.0999999999999996
      vertex 33.06 136.3038888888889 2.0999999999999996
      vertex 33.05 136.3 2.0999999999999996
    endloop
  endfacet
  facet normal 0 0 -1
    outer loop
      vertex 33.06 136.3038888888889 1.29
      vertex 33.06 137.6 1.29
      vertex 36.3928571428572 137.85979955456574 1.29
    endloop
  endfacet
  facet normal 0 0 -1
    outer loop
      vertex 33.06 136.3038888888889 1.29
      vertex 36.3928571428572 137.85979955456574 1.29
      vertex 36.39285714285717 137.60000000000002 1.29
    endloop
  endfacet
  facet normal 0 0 -1
    outer loop
      vertex 36.39285714285717 137.60000000000002 1.29
      vertex 36.3928571428572 137.85979955456574 1.29
      vertex 37.22839235972943 137.924930362117 1.29
    endloop
  endfacet
  facet normal 0 0 -1
    outer loop
      vertex 33.06 137.6 1.29
      vertex 33.06 138.4 1.29
      vertex 36.39285714285717 138.4 1.29
    endloop
  endfacet
  facet normal 0 0 -1
    outer loop
      vertex 33.06 137.6 1.29
      vertex 36.75643683176959 138.02953305694962 1.29
      vertex 36.3928571428572 137.85979955456574 1.29
    endloop
  endfacet
  facet normal 0 0 -1
    outer loop
      vertex 33.06 137.6 1.29
      vertex 36.39285714285717 138.4 1.29
      vertex 37.55 138.4 1.29
    endloop
  endfacet
  facet normal 0 0 -1
    outer loop
      vertex 33.06 137.6 1.29
      vertex 37.55 138.4 1.29
      vertex 36.75643683176959 138.02953305694962 1.29
    endloop
  endfacet
  facet normal 0.36244626115494766 -0.9320046715412963 0
    outer loop
      vertex 33.06 136.3038888888889 1.29
      vertex 36.39285714285717 137.60000000000002 1.29
      vertex 33.06 136.3038888888889 2.0999999999999996
    endloop
  endfacet
  facet normal 0 0 -1
    outer loop
      vertex 36.75643683176959 138.02953305694962 1.29
      vertex 37.55 138.4 1.29
      vertex 37.42142857142858 138 1.29
    endloop
  endfacet
  facet normal 0 0 -1
    outer loop
      vertex 37.42142857142858 138 1.29
      vertex 37.55 138.4 1.29
      vertex 37.55 138.05 1.29
    endloop
  endfacet
  facet normal 0 1 0
    outer loop
      vertex 36.39285714285717 138.4 1.29
      vertex 37.55 138.4 2.1100000000000003
      vertex 37.55 138.4 1.29
    endloop
  endfacet
  facet normal 0.36244626115504286 -0.9320046715412592 0
    outer loop
      vertex 37.42142857142858 138 1.29
      vertex 37.55 138.05 1.29
      vertex 37.42142857142858 138 2.1100000000000003
    endloop
  endfacet
  facet normal 1 0 0
    outer loop
      vertex 37.55 138.05 1.29
      vertex 37.55 138.4 1.29
      vertex 37.55 138.05 2.1100000000000003
    endloop
  endfacet
  facet normal 0 0 1
    outer loop
      vertex 12.25 136.3 2.1100000000000003
      vertex 31.01857142857159 137.60000000000002 2.1100000000000003
      vertex 12.25 137.6015965534719 2.1100000000000003
    endloop
  endfacet
  facet normal 0 -1 0
    outer loop
      vertex 12.25 136.3 2.0999999999999996
      vertex 33.05 136.3 2.1100000000000003
      vertex 12.25 136.3 2.1100000000000003
    endloop
  endfacet
  facet normal 0 0 1
    outer loop
      vertex 12.25 136.3 2.1100000000000003
      vertex 33.05 136.3 2.1100000000000003
      vertex 31.01857142857159 137.60000000000002 2.1100000000000003
    endloop
  endfacet
  facet normal 0 -1 0
    outer loop
      vertex 12.25 136.3 2.0999999999999996
      vertex 33.05 136.3 2.0999999999999996
      vertex 33.05 136.3 2.1100000000000003
    endloop
  endfacet
  facet normal 0 0 1
    outer loop
      vertex 12.25 137.6015965534719 2.1100000000000003
      vertex 31.01857142857159 137.60000000000002 2.1100000000000003
      vertex 36.70976476353836 137.99210977701546 2.1100000000000003
    endloop
  endfacet
  facet normal 0.36244626115494766 -0.9320046715412962 0
    outer loop
      vertex 36.39285714285717 137.60000000000002 1.29
      vertex 36.39285714285717 137.60000000000002 2.1100000000000003
      vertex 33.06 136.3038888888889 2.0999999999999996
    endloop
  endfacet
  facet normal 0 1 0
    outer loop
      vertex 36.39285714285717 138.4 1.29
      vertex 36.39285714285717 138.4 2.1100000000000003
      vertex 37.55 138.4 2.1100000000000003
    endloop
  endfacet
  facet normal 0 0 1
    outer loop
      vertex 31.01857142857159 137.60000000000002 2.1100000000000003
      vertex 33.05 136.3 2.1100000000000003
      vertex 36.39285714285717 137.60000000000002 2.1100000000000003
    endloop
  endfacet
  facet normal 0.362446261155268 -0.9320046715411717 -1.229111528230412e-10
    outer loop
      vertex 33.05 136.3 2.0999999999999996
      vertex 33.06 136.3038888888889 2.0999999999999996
      vertex 36.39285714285717 137.60000000000002 2.1100000000000003
    endloop
  endfacet
  facet normal 0.36244626115494866 -0.932004671541296 0
    outer loop
      vertex 33.05 136.3 2.0999999999999996
      vertex 36.39285714285717 137.60000000000002 2.1100000000000003
      vertex 33.05 136.3 2.1100000000000003
    endloop
  endfacet
  facet normal 0 0 1
    outer loop
      vertex 36.556374963778644 138.06369168357 2.1100000000000003
      vertex 36.70976476353836 137.99210977701546 2.1100000000000003
      vertex 37.33155757286193 138.03494983277594 2.1100000000000003
    endloop
  endfacet
  facet normal 0 0 1
    outer loop
      vertex 36.39285714285717 138.4 2.1100000000000003
      vertex 36.556374963778644 138.06369168357 2.1100000000000003
      vertex 37.55 138.4 2.1100000000000003
    endloop
  endfacet
  facet normal 0.36244626115504286 -0.9320046715412592 0
    outer loop
      vertex 37.55 138.05 1.29
      vertex 37.55 138.05 2.1100000000000003
      vertex 37.42142857142858 138 2.1100000000000003
    endloop
  endfacet
  facet normal 1 0 0
    outer loop
      vertex 37.55 138.4 1.29
      vertex 37.55 138.4 2.1100000000000003
      vertex 37.55 138.05 2.1100000000000003
    endloop
  endfacet
  facet normal 0 0 1
    outer loop
      vertex 36.556374963778644 138.06369168357 2.1100000000000003
      vertex 37.33155757286193 138.03494983277594 2.1100000000000003
      vertex 37.55 138.05 2.1100000000000003
    endloop
  endfacet
  facet normal 0 0 1
    outer loop
      vertex 36.556374963778644 138.06369168357 2.1100000000000003
      vertex 37.55 138.05 2.1100000000000003
      vertex 37.55 138.4 2.1100000000000003
    endloop
  endfacet
  facet normal 0 0 1
    outer loop
      vertex 37.42142857142858 138 2.1100000000000003
      vertex 37.55 138.05 2.1100000000000003
      vertex 37.33155757286193 138.03494983277594 2.1100000000000003
    endloop
  endfacet
  facet normal 0 -1 0
    outer loop
      vertex 40.85 124.4 0.6
      vertex 46.85 124.4 0.6
      vertex 40.85 124.4 1.4
    endloop
  endfacet
  facet normal 0 -1 0
    outer loop
      vertex 46.85 124.4 0.6
      vertex 46.85 124.4 1.4
      vertex 40.85 124.4 1.4
    endloop
  endfacet
  facet normal 0 0 1
    outer loop
      vertex 40.85 124.4 1.4
      vertex 46.85 124.4 1.4
      vertex 40.85 124.80000000000001 1.4
    endloop
  endfacet
  facet normal 0 -1 0
    outer loop
      vertex 40.85 137.6 0.6
      vertex 46.85 137.6 0.6
      vertex 40.85 137.6 1.4
    endloop
  endfacet
  facet normal 0 1 0
    outer loop
      vertex 40.85 138.4 0.6
      vertex 46.85 138.4 1.4
      vertex 46.85 138.4 0.6
    endloop
  endfacet
  facet normal 0 -1 0
    outer loop
      vertex 46.85 137.6 0.6
      vertex 46.85 137.6 1.4
      vertex 40.85 137.6 1.4
    endloop
  endfacet
  facet normal 0 1 0
    outer loop
      vertex 40.85 138.4 0.6
      vertex 40.85 138.4 1.4
      vertex 46.85 138.4 1.4
    endloop
  endfacet
  facet normal 0 0 1
    outer loop
      vertex 40.85 138.4 1.4
      vertex 46.85 137.6 1.4
      vertex 46.85 138.4 1.4
    endloop
  endfacet
  facet normal -1 0 0
    outer loop
      vertex 46.85 124.4 1.4
      vertex 46.85 125.2 2.63
      vertex 46.85 125.2 1.4
    endloop
  endfacet
  facet normal -1 0 0
    outer loop
      vertex 46.85 124.4 1.4
      vertex 46.85 124.4 2.63
      vertex 46.85 125.2 2.6499999999999995
    endloop
  endfacet
  facet normal -1 0 0
    outer loop
      vertex 46.85 124.4 1.4
      vertex 46.85 125.2 2.6499999999999995
      vertex 46.85 125.2 2.63
    endloop
  endfacet
  facet normal -1 0 0
    outer loop
      vertex 46.85 124.4 2.63
      vertex 46.85 124.4 2.6499999999999995
      vertex 46.85 125.2 2.6499999999999995
    endloop
  endfacet
  facet normal 0 1 0
    outer loop
      vertex 46.85 125.2 0.6
      vertex 46.85 125.2 1.4
      vertex 146 125.2 0.6
    endloop
  endfacet
  facet normal 0 -1 0
    outer loop
      vertex 46.86188541292101 124.4 0.6
      vertex 145.52392156862743 124.4 0.6
      vertex 49.2167532467532 124.4 2.5813092313092323
    endloop
  endfacet
  facet normal 0 1 0
    outer loop
      vertex 46.85 125.2 1.4
      vertex 46.85 125.2 2.63
      vertex 146 125.2 0.6
    endloop
  endfacet
  facet normal 0 1 0
    outer loop
      vertex 46.85 125.2 2.63
      vertex 146 125.2 2.63
      vertex 146 125.2 0.6
    endloop
  endfacet
  facet normal -1 0 0
    outer loop
      vertex 46.85 125.2 2.63
      vertex 46.85 125.2 2.6499999999999995
      vertex 46.85 126.5 2.63
    endloop
  endfacet
  facet normal -1 0 0
    outer loop
      vertex 46.85 124.4 2.6499999999999995
      vertex 46.85 124.80000000000001 3.045
      vertex 46.85 125.2 2.6499999999999995
    endloop
  endfacet
  facet normal -1 0 0
    outer loop
      vertex 46.85 126.5 2.63
      vertex 46.85 125.2 2.6499999999999995
      vertex 46.85 126.5 3.44
    endloop
  endfacet
  facet normal -1 0 0
    outer loop
      vertex 46.85 124.4 2.6499999999999995
      vertex 46.85 124.4 3.44
      vertex 46.85 124.80000000000001 3.045
    endloop
  endfacet
  facet normal -1 0 0
    outer loop
      vertex 46.85 125.2 2.6499999999999995
      vertex 46.85 125.2 3.44
      vertex 46.85 126.5 3.44
    endloop
  endfacet
  facet normal -1 0 0
    outer loop
      vertex 46.85 124.80000000000001 3.045
      vertex 46.85 124.4 3.44
      vertex 46.85 124.86535552193646 3.3109228441754914
    endloop
  endfacet
  facet normal 0 0 -1
    outer loop
      vertex 46.85 125.2 2.63
      vertex 46.85 126.5 2.63
      vertex 146 125.2 2.63
    endloop
  endfacet
  facet normal 0 1 0
    outer loop
      vertex 46.85 126.5 2.63
      vertex 46.85 126.5 3.44
      vertex 146 126.5 2.63
    endloop
  endfacet
  facet normal 0 0 1
    outer loop
      vertex 46.85 125.2 3.44
      vertex 146 126.5 3.44
      vertex 46.85 126.5 3.44
    endloop
  endfacet
  facet normal 0 0 -1
    outer loop
      vertex 46.85 126.5 2.63
      vertex 146 126.5 2.63
      vertex 146 125.2 2.63
    endloop
  endfacet
  facet normal 0 1 0
    outer loop
      vertex 46.85 126.5 3.44
      vertex 146 126.5 3.44
      vertex 146 126.5 2.63
    endloop
  endfacet
  facet normal 0 0 1
    outer loop
      vertex 46.85 125.2 3.44
      vertex 146 125.2 3.44
      vertex 146 126.5 3.44
    endloop
  endfacet
  facet normal -1 0 0
    outer loop
      vertex 46.85 137.6 2.63
      vertex 46.85 137.6 2.6499999999999995
      vertex 46.85 138 2.6499999999999995
    endloop
  endfacet
  facet normal 0 -1 0
    outer loop
      vertex 46.85 137.6 0.6
      vertex 146 137.6 0.6
      vertex 46.85 137.6 1.4
    endloop
  endfacet
  facet normal 0 1 0
    outer loop
      vertex 46.85 138.4 0.6
      vertex 46.85 138.4 1.4
      vertex 146 138.4 0.6
    endloop
  endfacet
  facet normal 0 -1 0
    outer loop
      vertex 46.85 137.6 1.4
      vertex 146 137.6 0.6
      vertex 46.85 137.6 2.63
    endloop
  endfacet
  facet normal 0 1 0
    outer loop
      vertex 46.85 138.4 1.4
      vertex 146 138.4 2.6298759580475997
      vertex 146 138.4 0.6
    endloop
  endfacet
  facet normal 0 -1 0
    outer loop
      vertex 46.85 137.6 2.63
      vertex 146 137.6 0.6
      vertex 146 137.6 2.63
    endloop
  endfacet
  facet normal -1 0 0
    outer loop
      vertex 46.85 136.29999999999998 2.63
      vertex 46.85 137.6 2.6499999999999995
      vertex 46.85 137.6 2.63
    endloop
  endfacet
  facet normal -1 0 0
    outer loop
      vertex 46.85 136.29999999999998 2.63
      vertex 46.85 137.60000000000002 3.44
      vertex 46.85 137.6 2.6499999999999995
    endloop
  endfacet
  facet normal -1 0 0
    outer loop
      vertex 46.85 136.29999999999998 2.63
      vertex 46.85 136.29999999999998 3.44
      vertex 46.85 137.60000000000002 3.44
    endloop
  endfacet
  facet normal -1 0 0
    outer loop
      vertex 46.85 138.4 2.6499999999999995
      vertex 46.85 137.60000000000002 3.44
      vertex 46.85 138.39999999999998 3.44
    endloop
  endfacet
  facet normal 0 0 -1
    outer loop
      vertex 46.85 136.29999999999998 2.63
      vertex 46.85 137.6 2.63
      vertex 146 136.29999999999998 2.63
    endloop
  endfacet
  facet normal 0 -1 0
    outer loop
      vertex 46.85 136.29999999999998 2.63
      vertex 146 136.29999999999998 3.44
      vertex 46.85 136.29999999999998 3.44
    endloop
  endfacet
  facet normal 0 0 1
    outer loop
      vertex 46.85 136.29999999999998 3.44
      vertex 146 137.60008067769263 3.44
      vertex 46.85 137.60000000000002 3.44
    endloop
  endfacet
  facet normal 0 0 1
    outer loop
      vertex 46.85 137.60000000000002 3.44
      vertex 146 137.60008067769263 3.44
      vertex 46.85 138.39999999999998 3.44
    endloop
  endfacet
  facet normal 0 0 -1
    outer loop
      vertex 46.85 137.6 2.63
      vertex 146 137.6 2.63
      vertex 146 136.29999999999998 2.63
    endloop
  endfacet
  facet normal 0 -1 0
    outer loop
      vertex 46.85 136.29999999999998 2.63
      vertex 146 136.29999999999998 2.63
      vertex 146 136.29999999999998 3.44
    endloop
  endfacet
  facet normal 0 0 1
    outer loop
      vertex 46.85 136.29999999999998 3.44
      vertex 146 136.29999999999998 3.44
      vertex 146 137.60008067769263 3.44
    endloop
  endfacet
  facet normal 1 0 0
    outer loop
      vertex 40.85 125.2 0.6
      vertex 40.85 137.6 0.6
      vertex 40.85 125.2 1.4
    endloop
  endfacet
  facet normal -1 0 0
    outer loop
      vertex 39.65 124.4 0.6
      vertex 39.65 124.4 1.4683823529411764
      vertex 39.65 138.4 2.4
    endloop
  endfacet
  facet normal 1 0 0
    outer loop
      vertex 40.85 124.80000000000001 1.4
      vertex 40.85 125.2 1.4
      vertex 40.85 124.66666666666667 1.7333333333333332
    endloop
  endfacet
  facet normal 1 0 0
    outer loop
      vertex 40.85 125.2 1.4
      vertex 40.85 137.6 1.4
      vertex 40.85 125.15428571428572 2.342857142857143
    endloop
  endfacet
  facet normal -1 0 0
    outer loop
      vertex 39.65 124.4 0.6
      vertex 39.65 138.4 1.4949999999999997
      vertex 39.65 137.60883977900554 0.6
    endloop
  endfacet
  facet normal 1 0 0
    outer loop
      vertex 40.85 137.6 0.6
      vertex 40.85 137.6 1.4
      vertex 40.85 125.2 1.4
    endloop
  endfacet
  facet normal -1 0 0
    outer loop
      vertex 39.65 124.4 0.6
      vertex 39.65 138.4 2.4
      vertex 39.65 138.4 1.4949999999999997
    endloop
  endfacet
  facet normal 1 0 0
    outer loop
      vertex 40.85 125.2 1.4
      vertex 40.85 124.4 2.4
      vertex 40.85 124.66666666666667 1.7333333333333332
    endloop
  endfacet
  facet normal 1 0 0
    outer loop
      vertex 40.85 124.66666666666667 1.7333333333333332
      vertex 40.85 124.4 2.4
      vertex 40.85 124.4 1.914705882352941
    endloop
  endfacet
  facet normal 1 0 0
    outer loop
      vertex 40.85 125.2 1.4
      vertex 40.85 125.15428571428572 2.342857142857143
      vertex 40.85 124.4 2.4
    endloop
  endfacet
  facet normal 1 0 0
    outer loop
      vertex 40.85 137.6 1.4
      vertex 40.85 125.2 2.3705882352941177
      vertex 40.85 125.15428571428572 2.342857142857143
    endloop
  endfacet
  facet normal -1 0 0
    outer loop
      vertex 39.65 124.4 1.4683823529411764
      vertex 39.65 124.78823529411765 2.346764705882353
      vertex 39.65 138.4 2.4
    endloop
  endfacet
  facet normal 0 0 1
    outer loop
      vertex 39.65 124.4 2.4
      vertex 40.85 124.4 2.4
      vertex 40.78142857142857 125.2 2.4
    endloop
  endfacet
  facet normal -1 0 0
    outer loop
      vertex 39.65 124.78823529411765 2.346764705882353
      vertex 39.65 124.4 2.4
      vertex 39.65 138.4 2.4
    endloop
  endfacet
  facet normal 0 0 1
    outer loop
      vertex 39.65 124.4 2.4
      vertex 40.78142857142857 125.2 2.4
      vertex 39.71857142857142 137.60000000000002 2.4
    endloop
  endfacet
  facet normal 1 0 0
    outer loop
      vertex 40.85 125.2 2.3705882352941177
      vertex 40.85 137.60000000000002 2.4
      vertex 40.85 125.2 2.4
    endloop
  endfacet
  facet normal 0 0 1
    outer loop
      vertex 40.85 125.2 2.4
      vertex 40.85 137.60000000000002 2.4
      vertex 40.78142857142857 125.2 2.4
    endloop
  endfacet
  facet normal 1 0 0
    outer loop
      vertex 40.85 137.6 1.4
      vertex 40.85 137.60000000000002 2.4
      vertex 40.85 125.2 2.3705882352941177
    endloop
  endfacet
  facet normal 0 0 1
    outer loop
      vertex 39.65 124.4 2.4
      vertex 39.71857142857142 137.60000000000002 2.4
      vertex 39.65 138.4 2.4
    endloop
  endfacet
  facet normal 0 0 1
    outer loop
      vertex 40.78142857142857 125.2 2.4
      vertex 40.85 137.60000000000002 2.4
      vertex 39.71857142857142 137.60000000000002 2.4
    endloop
  endfacet
  facet normal 1.0670091538925098e-17 1.708035422500226e-16 -1
    outer loop
      vertex 12.25 138.4 1.2899999999999998
      vertex 12.25 139.70000000000002 1.29
      vertex 33.06 138.4 1.29
    endloop
  endfacet
  facet normal 0 0 -1
    outer loop
      vertex 12.25 139.70000000000002 1.29
      vertex 33.06 139.69611111111112 1.29
      vertex 33.06 138.4 1.29
    endloop
  endfacet
  facet normal -1.0670091538925098e-17 -5.709718412349232e-14 -1
    outer loop
      vertex 12.25 139.70000000000002 1.29
      vertex 33.06 139.70000000000002 1.2899999999999998
      vertex 33.06 139.69611111111112 1.29
    endloop
  endfacet
  facet normal 0 1 0
    outer loop
      vertex 12.25 139.70000000000002 1.29
      vertex 12.25 139.70000000000002 1.2939234449760766
      vertex 32.79512195121949 139.70000000000002 2.0999999999999996
    endloop
  endfacet
  facet normal 0 1 0
    outer loop
      vertex 12.25 139.70000000000002 1.29
      vertex 32.79512195121949 139.70000000000002 2.0999999999999996
      vertex 33.06 139.70000000000002 1.2899999999999998
    endloop
  endfacet
  facet normal 1 0 0
    outer loop
      vertex 33.06 139.69611111111112 1.29
      vertex 33.06 139.70000000000002 1.2899999999999998
      vertex 33.06 139.70000000000002 2.0999999999999996
    endloop
  endfacet
  facet normal 0 1 0
    outer loop
      vertex 33.06 139.70000000000002 1.2899999999999998
      vertex 32.79512195121949 139.70000000000002 2.0999999999999996
      vertex 33.05 139.70000000000002 2.0999999999999996
    endloop
  endfacet
  facet normal 1 0 0
    outer loop
      vertex 33.06 139.69611111111112 1.29
      vertex 33.06 139.70000000000002 2.0999999999999996
      vertex 33.06 139.69611111111112 2.0999999999999996
    endloop
  endfacet
  facet normal 0 1 0
    outer loop
      vertex 33.06 139.70000000000002 1.2899999999999998
      vertex 33.05 139.70000000000002 2.0999999999999996
      vertex 33.06 139.70000000000002 2.0999999999999996
    endloop
  endfacet
  facet normal 0 0 1
    outer loop
      vertex 33.06 139.69611111111112 2.0999999999999996
      vertex 33.06 139.70000000000002 2.0999999999999996
      vertex 33.05 139.70000000000002 2.0999999999999996
    endloop
  endfacet
  facet normal 0 0 -1
    outer loop
      vertex 33.06 138.4 1.29
      vertex 33.06 139.69611111111112 1.29
      vertex 36.39285714285717 138.4 1.29
    endloop
  endfacet
  facet normal 0 0 -1
    outer loop
      vertex 36.3928571428572 137.85979955456574 1.29
      vertex 36.75643683176959 138.02953305694962 1.29
      vertex 37.22839235972943 137.924930362117 1.29
    endloop
  endfacet
  facet normal 0.36244626115494766 0.9320046715412963 0
    outer loop
      vertex 33.06 139.69611111111112 1.29
      vertex 33.06 139.69611111111112 2.0999999999999996
      vertex 36.39285714285717 138.4 1.29
    endloop
  endfacet
  facet normal 0 0 -1
    outer loop
      vertex 36.39285714285717 137.60000000000002 1.29
      vertex 37.22839235972943 137.924930362117 1.29
      vertex 37.55 137.60000000000002 1.29
    endloop
  endfacet
  facet normal 0 0 -1
    outer loop
      vertex 36.75643683176959 138.02953305694962 1.29
      vertex 37.42142857142858 138 1.29
      vertex 37.55 137.95000000000002 1.29
    endloop
  endfacet
  facet normal 0 0 -1
    outer loop
      vertex 36.75643683176959 138.02953305694962 1.29
      vertex 37.55 137.95000000000002 1.29
      vertex 37.22839235972943 137.924930362117 1.29
    endloop
  endfacet
  facet normal 0 0 -1
    outer loop
      vertex 37.55 137.60000000000002 1.29
      vertex 37.22839235972943 137.924930362117 1.29
      vertex 37.55 137.95000000000002 1.29
    endloop
  endfacet
  facet normal 0 -1 0
    outer loop
      vertex 36.39285714285717 137.60000000000002 1.29
      vertex 37.55 137.60000000000002 1.29
      vertex 37.55 137.60000000000002 2.1100000000000003
    endloop
  endfacet
  facet normal 1 0 0
    outer loop
      vertex 37.55 137.60000000000002 1.29
      vertex 37.55 137.95000000000002 1.29
      vertex 37.55 137.60000000000002 2.1100000000000003
    endloop
  endfacet
  facet normal 0.36244626115486395 0.9320046715413288 0
    outer loop
      vertex 37.42142857142858 138 1.29
      vertex 37.42142857142858 138 2.1100000000000003
      vertex 37.55 137.95000000000002 1.29
    endloop
  endfacet
  facet normal 0 1 0
    outer loop
      vertex 12.25 139.70000000000002 1.2939234449760766
      vertex 12.25 139.70000000000002 2.1100000000000003
      vertex 32.79512195121949 139.70000000000002 2.0999999999999996
    endloop
  endfacet
  facet normal 0 0 1
    outer loop
      vertex 12.25 137.6015965534719 2.1100000000000003
      vertex 33.05 139.70000000000002 2.1100000000000003
      vertex 12.25 139.70000000000002 2.1100000000000003
    endloop
  endfacet
  facet normal 0 1 0
    outer loop
      vertex 12.25 139.70000000000002 2.1100000000000003
      vertex 33.05 139.70000000000002 2.1100000000000003
      vertex 32.79512195121949 139.70000000000002 2.0999999999999996
    endloop
  endfacet
  facet normal 0 0 1
    outer loop
      vertex 12.25 137.6015965534719 2.1100000000000003
      vertex 36.556374963778644 138.06369168357 2.1100000000000003
      vertex 33.05 139.70000000000002 2.1100000000000003
    endloop
  endfacet
  facet normal 0 -1 0
    outer loop
      vertex 36.39285714285717 137.60000000000002 1.29
      vertex 37.55 137.60000000000002 2.1100000000000003
      vertex 36.39285714285717 137.60000000000002 2.1100000000000003
    endloop
  endfacet
  facet normal 0.362446261154848 0.9320046715413349 -4.744725607606901e-13
    outer loop
      vertex 36.39285714285717 138.4 1.29
      vertex 33.06 139.69611111111112 2.0999999999999996
      vertex 33.05 139.70000000000002 2.1100000000000003
    endloop
  endfacet
  facet normal 0.36244626115494866 0.932004671541296 0
    outer loop
      vertex 36.39285714285717 138.4 1.29
      vertex 33.05 139.70000000000002 2.1100000000000003
      vertex 36.39285714285717 138.4 2.1100000000000003
    endloop
  endfacet
  facet normal 0 0 1
    outer loop
      vertex 12.25 137.6015965534719 2.1100000000000003
      vertex 36.70976476353836 137.99210977701546 2.1100000000000003
      vertex 36.556374963778644 138.06369168357 2.1100000000000003
    endloop
  endfacet
  facet normal 0 0 1
    outer loop
      vertex 31.01857142857159 137.60000000000002 2.1100000000000003
      vertex 36.39285714285717 137.60000000000002 2.1100000000000003
      vertex 36.70976476353836 137.99210977701546 2.1100000000000003
    endloop
  endfacet
  facet normal 0 0 1
    outer loop
      vertex 36.39285714285717 137.60000000000002 2.1100000000000003
      vertex 37.55 137.60000000000002 2.1100000000000003
      vertex 36.70976476353836 137.99210977701546 2.1100000000000003
    endloop
  endfacet
  facet normal 0 1 0
    outer loop
      vertex 32.79512195121949 139.70000000000002 2.0999999999999996
      vertex 33.05 139.70000000000002 2.1100000000000003
      vertex 33.05 139.70000000000002 2.0999999999999996
    endloop
  endfacet
  facet normal 0.362446261155268 0.9320046715411717 -1.0913200371308848e-17
    outer loop
      vertex 33.06 139.69611111111112 2.0999999999999996
      vertex 33.05 139.70000000000002 2.0999999999999996
      vertex 33.05 139.70000000000002 2.1100000000000003
    endloop
  endfacet
  facet normal 0 0 1
    outer loop
      vertex 33.05 139.70000000000002 2.1100000000000003
      vertex 36.556374963778644 138.06369168357 2.1100000000000003
      vertex 36.39285714285717 138.4 2.1100000000000003
    endloop
  endfacet
  facet normal 0.36244626115486395 0.9320046715413288 0
    outer loop
      vertex 37.55 137.95000000000002 1.29
      vertex 37.42142857142858 138 2.1100000000000003
      vertex 37.55 137.95000000000002 2.1100000000000003
    endloop
  endfacet
  facet normal 1 0 0
    outer loop
      vertex 37.55 137.95000000000002 1.29
      vertex 37.55 137.95000000000002 2.1100000000000003
      vertex 37.55 137.60000000000002 2.1100000000000003
    endloop
  endfacet
  facet normal 0 0 1
    outer loop
      vertex 36.70976476353836 137.99210977701546 2.1100000000000003
      vertex 37.55 137.60000000000002 2.1100000000000003
      vertex 37.33155757286193 138.03494983277594 2.1100000000000003
    endloop
  endfacet
  facet normal 0 0 1
    outer loop
      vertex 37.55 137.60000000000002 2.1100000000000003
      vertex 37.55 137.95000000000002 2.1100000000000003
      vertex 37.42142857142858 138 2.1100000000000003
    endloop
  endfacet
  facet normal 0 0 1
    outer loop
      vertex 37.55 137.60000000000002 2.1100000000000003
      vertex 37.42142857142858 138 2.1100000000000003
      vertex 37.33155757286193 138.03494983277594 2.1100000000000003
    endloop
  endfacet
  facet normal 1 0 0
    outer loop
      vertex 33.06 150.8 0.6
      vertex 33.06 151.60000000000002 0.6
      vertex 33.06 150.8 1.29
    endloop
  endfacet
  facet normal 1 0 0
    outer loop
      vertex 33.06 151.60000000000002 0.6
      vertex 33.06 151.60000000000002 1.29
      vertex 33.06 150.8 1.29
    endloop
  endfacet
  facet normal 0 0 -1
    outer loop
      vertex 12.25 149.5 1.2899999999999998
      vertex 12.25 150.8 1.2899999999999998
      vertex 33.06 149.5 1.2899999999999998
    endloop
  endfacet
  facet normal 3.566859171552084e-15 5.709718412307555e-14 -1
    outer loop
      vertex 12.25 150.8 1.2899999999999998
      vertex 33.06 149.50388888888892 1.29
      vertex 33.06 149.5 1.2899999999999998
    endloop
  endfacet
  facet normal 1.0670091538925097e-17 0 -1
    outer loop
      vertex 12.25 150.8 1.2899999999999998
      vertex 33.06 150.8 1.29
      vertex 33.06 149.50388888888892 1.29
    endloop
  endfacet
  facet normal 0 -1 0
    outer loop
      vertex 12.25 149.5 1.2899999999999998
      vertex 33.06 149.5 1.2899999999999998
      vertex 33.06 149.5 2.0999999999999996
    endloop
  endfacet
  facet normal 1 0 0
    outer loop
      vertex 33.06 149.5 1.2899999999999998
      vertex 33.06 149.50388888888892 1.29
      vertex 33.06 149.50388888888892 2.0999999999999996
    endloop
  endfacet
  facet normal 0 -1 3.5088530160992606e-14
    outer loop
      vertex 12.25 149.5 1.2899999999999998
      vertex 33.05 149.50000000000003 2.0999999999999996
      vertex 12.25 149.50000000000003 2.0999999999999996
    endloop
  endfacet
  facet normal -2.8421709430391103e-12 -1 7.301923126499248e-11
    outer loop
      vertex 12.25 149.5 1.2899999999999998
      vertex 33.06 149.5 2.0999999999999996
      vertex 33.05 149.50000000000003 2.0999999999999996
    endloop
  endfacet
  facet normal 1 0 0
    outer loop
      vertex 33.06 149.5 1.2899999999999998
      vertex 33.06 149.50388888888892 2.0999999999999996
      vertex 33.06 149.5 2.0999999999999996
    endloop
  endfacet
  facet normal 0 0 1
    outer loop
      vertex 33.06 149.5 2.0999999999999996
      vertex 33.06 149.50388888888892 2.0999999999999996
      vertex 33.05 149.50000000000003 2.0999999999999996
    endloop
  endfacet
  facet normal 0 0 -1
    outer loop
      vertex 33.06 149.50388888888892 1.29
      vertex 33.06 150.8 1.29
      vertex 35.83635038430953 150.8 1.29
    endloop
  endfacet
  facet normal 0 0 -1
    outer loop
      vertex 33.06 149.50388888888892 1.29
      vertex 35.83635038430953 150.8 1.29
      vertex 36.392857142857096 150.8 1.29
    endloop
  endfacet
  facet normal 0 0 -1
    outer loop
      vertex 33.06 150.8 1.29
      vertex 36.392857142857096 151.0597995545657 1.29
      vertex 35.83635038430953 150.8 1.29
    endloop
  endfacet
  facet normal 0 0 -1
    outer loop
      vertex 36.392857142857096 151.60000000000002 1.29
      vertex 37.55 151.60000000000002 1.29
      vertex 37.02413244650084 151.354504048583 1.29
    endloop
  endfacet
  facet normal 0.3624462611549475 -0.9320046715412964 -4.652420605348588e-17
    outer loop
      vertex 33.06 149.50388888888892 1.29
      vertex 36.392857142857096 150.8 1.29
      vertex 36.392857142857096 150.8 2.1100000000000003
    endloop
  endfacet
  facet normal 0 1 0
    outer loop
      vertex 36.392857142857096 151.60000000000002 1.29
      vertex 36.392857142857096 151.60000000000002 2.1100000000000003
      vertex 37.55 151.60000000000002 1.29
    endloop
  endfacet
  facet normal 0 0 -1
    outer loop
      vertex 37.02413244650084 151.354504048583 1.29
      vertex 37.55 151.60000000000002 1.29
      vertex 37.42142857142854 151.20000000000002 1.29
    endloop
  endfacet
  facet normal 0 0 -1
    outer loop
      vertex 37.42142857142854 151.20000000000002 1.29
      vertex 37.55 151.60000000000002 1.29
      vertex 37.55 151.25000000000003 1.29
    endloop
  endfacet
  facet normal 0.3624462611549559 -0.9320046715412931 8.762983371286451e-20
    outer loop
      vertex 37.42142857142854 151.20000000000002 1.29
      vertex 37.55 151.25000000000003 1.29
      vertex 37.55 151.25000000000003 2.1100000000000003
    endloop
  endfacet
  facet normal 1 0 0
    outer loop
      vertex 37.55 151.25000000000003 1.29
      vertex 37.55 151.60000000000002 1.29
      vertex 37.55 151.25000000000003 2.1100000000000003
    endloop
  endfacet
  facet normal 0 0 1
    outer loop
      vertex 12.25 149.50000000000003 2.1100000000000003
      vertex 20.111904761904896 151.60000000000002 2.1100000000000003
      vertex 12.25 150.81004784688997 2.1100000000000003
    endloop
  endfacet
  facet normal 0 -1 0
    outer loop
      vertex 12.25 149.50000000000003 2.0999999999999996
      vertex 33.05 149.50000000000003 2.1100000000000003
      vertex 12.25 149.50000000000003 2.1100000000000003
    endloop
  endfacet
  facet normal 0 0 1
    outer loop
      vertex 12.25 149.50000000000003 2.1100000000000003
      vertex 35.83571428571425 151.60000000000002 2.1100000000000003
      vertex 20.111904761904896 151.60000000000002 2.1100000000000003
    endloop
  endfacet
  facet normal 0 -1 0
    outer loop
      vertex 12.25 149.50000000000003 2.0999999999999996
      vertex 33.05 149.50000000000003 2.0999999999999996
      vertex 33.05 149.50000000000003 2.1100000000000003
    endloop
  endfacet
  facet normal 0 0 1
    outer loop
      vertex 12.25 149.50000000000003 2.1100000000000003
      vertex 33.05 149.50000000000003 2.1100000000000003
      vertex 36.392857142857096 150.8 2.1100000000000003
    endloop
  endfacet
  facet normal 0.3624462611549475 -0.9320046715412963 0
    outer loop
      vertex 33.06 149.50388888888892 1.29
      vertex 36.392857142857096 150.8 2.1100000000000003
      vertex 33.06 149.50388888888892 2.0999999999999996
    endloop
  endfacet
  facet normal 0 0 1
    outer loop
      vertex 12.25 149.50000000000003 2.1100000000000003
      vertex 36.392857142857096 150.8 2.1100000000000003
      vertex 37.02402597402595 151.04545454545456 2.1100000000000003
    endloop
  endfacet
  facet normal 0 0 1
    outer loop
      vertex 12.25 149.50000000000003 2.1100000000000003
      vertex 37.55 151.25000000000003 2.1100000000000003
      vertex 35.83571428571425 151.60000000000002 2.1100000000000003
    endloop
  endfacet
  facet normal 0 0 1
    outer loop
      vertex 12.25 149.50000000000003 2.1100000000000003
      vertex 37.02402597402595 151.04545454545456 2.1100000000000003
      vertex 37.42142857142854 151.20000000000002 2.1100000000000003
    endloop
  endfacet
  facet normal 0 0 1
    outer loop
      vertex 12.25 149.50000000000003 2.1100000000000003
      vertex 37.42142857142854 151.20000000000002 2.1100000000000003
      vertex 37.55 151.25000000000003 2.1100000000000003
    endloop
  endfacet
  facet normal 0.362446261155268 -0.9320046715411717 -1.2298940450960113e-10
    outer loop
      vertex 33.05 149.50000000000003 2.0999999999999996
      vertex 33.06 149.50388888888892 2.0999999999999996
      vertex 36.392857142857096 150.8 2.1100000000000003
    endloop
  endfacet
  facet normal 0.3624462611549485 -0.9320046715412961 0
    outer loop
      vertex 33.05 149.50000000000003 2.0999999999999996
      vertex 36.392857142857096 150.8 2.1100000000000003
      vertex 33.05 149.50000000000003 2.1100000000000003
    endloop
  endfacet
  facet normal 0 0 1
    outer loop
      vertex 35.83571428571425 151.60000000000002 2.1100000000000003
      vertex 37.55 151.25000000000003 2.1100000000000003
      vertex 36.392857142857096 151.60000000000002 2.1100000000000003
    endloop
  endfacet
  facet normal 0 1 0
    outer loop
      vertex 37.55 151.60000000000002 1.29
      vertex 36.392857142857096 151.60000000000002 2.1100000000000003
      vertex 37.55 151.60000000000002 2.1100000000000003
    endloop
  endfacet
  facet normal 0.3624462611549559 -0.9320046715412931 0
    outer loop
      vertex 37.42142857142854 151.20000000000002 1.29
      vertex 37.55 151.25000000000003 2.1100000000000003
      vertex 37.42142857142854 151.20000000000002 2.1100000000000003
    endloop
  endfacet
  facet normal 1 0 0
    outer loop
      vertex 37.55 151.60000000000002 1.29
      vertex 37.55 151.60000000000002 2.1100000000000003
      vertex 37.55 151.25000000000003 2.1100000000000003
    endloop
  endfacet
  facet normal 0 0 1
    outer loop
      vertex 36.392857142857096 151.60000000000002 2.1100000000000003
      vertex 37.55 151.25000000000003 2.1100000000000003
      vertex 37.55 151.60000000000002 2.1100000000000003
    endloop
  endfacet
  facet normal 0 0 1
    outer loop
      vertex 40.85 137.6 1.4
      vertex 46.85 137.6 1.4
      vertex 40.85 138.4 1.4
    endloop
  endfacet
  facet normal 0 1 0
    outer loop
      vertex 40.85 151.60000000000002 0.6
      vertex 46.85 151.60000000000002 1.4
      vertex 46.85 151.60000000000002 0.6
    endloop
  endfacet
  facet normal 0 1 0
    outer loop
      vertex 40.85 151.60000000000002 0.6
      vertex 40.85 151.60000000000002 1.4
      vertex 46.85 151.60000000000002 1.4
    endloop
  endfacet
  facet normal 0 0 1
    outer loop
      vertex 40.85 151.20000000000002 1.4
      vertex 46.85 150.8 1.4
      vertex 40.85 151.60000000000002 1.4
    endloop
  endfacet
  facet normal 0 0 1
    outer loop
      vertex 40.85 151.60000000000002 1.4
      vertex 46.85 150.8 1.4
      vertex 46.85 151.60000000000002 1.4
    endloop
  endfacet
  facet normal -1 0 0
    outer loop
      vertex 46.85 137.6 1.4
      vertex 46.85 138.4 2.63
      vertex 46.85 138.4 1.4
    endloop
  endfacet
  facet normal -1 0 0
    outer loop
      vertex 46.85 137.6 1.4
      vertex 46.85 137.6 2.63
      vertex 46.85 138 2.6499999999999995
    endloop
  endfacet
  facet normal -1 0 0
    outer loop
      vertex 46.85 137.6 1.4
      vertex 46.85 138.4 2.6499999999999995
      vertex 46.85 138.4 2.63
    endloop
  endfacet
  facet normal -1 0 0
    outer loop
      vertex 46.85 137.6 1.4
      vertex 46.85 138 2.6499999999999995
      vertex 46.85 138.4 2.6499999999999995
    endloop
  endfacet
  facet normal 0 1 0
    outer loop
      vertex 46.85 138.4 1.4
      vertex 46.85 138.4 2.63
      vertex 146 138.4 2.6298759580475997
    endloop
  endfacet
  facet normal 0 1 0
    outer loop
      vertex 46.85 138.4 2.63
      vertex 146 138.4 2.63
      vertex 146 138.4 2.6298759580475997
    endloop
  endfacet
  facet normal -1 0 0
    outer loop
      vertex 46.85 138.4 2.63
      vertex 46.85 138.4 2.6499999999999995
      vertex 46.85 139.70000000000002 2.63
    endloop
  endfacet
  facet normal -1 0 0
    outer loop
      vertex 46.85 137.6 2.6499999999999995
      vertex 46.85 137.60000000000002 3.44
      vertex 46.85 138 2.6499999999999995
    endloop
  endfacet
  facet normal -1 0 0
    outer loop
      vertex 46.85 139.70000000000002 2.63
      vertex 46.85 138.4 2.6499999999999995
      vertex 46.85 139.70000000000002 3.44
    endloop
  endfacet
  facet normal -1 0 0
    outer loop
      vertex 46.85 138 2.6499999999999995
      vertex 46.85 137.60000000000002 3.44
      vertex 46.85 138.4 2.6499999999999995
    endloop
  endfacet
  facet normal -1 0 0
    outer loop
      vertex 46.85 138.4 2.6499999999999995
      vertex 46.85 138.39999999999998 3.44
      vertex 46.85 139.70000000000002 3.44
    endloop
  endfacet
  facet normal 0 0 -1
    outer loop
      vertex 46.85 138.4 2.63
      vertex 46.85 139.70000000000002 2.63
      vertex 146 138.4 2.63
    endloop
  endfacet
  facet normal 0 1 0
    outer loop
      vertex 46.85 139.70000000000002 2.63
      vertex 46.85 139.70000000000002 3.44
      vertex 146 139.70000000000002 2.63
    endloop
  endfacet
  facet normal 0 0 1
    outer loop
      vertex 46.85 138.39999999999998 3.44
      vertex 146 139.70000000000002 3.44
      vertex 46.85 139.70000000000002 3.44
    endloop
  endfacet
  facet normal 0 0 -1
    outer loop
      vertex 46.85 139.70000000000002 2.63
      vertex 146 139.70000000000002 2.63
      vertex 146 138.4 2.63
    endloop
  endfacet
  facet normal 0 1 0
    outer loop
      vertex 46.85 139.70000000000002 3.44
      vertex 146 139.70000000000002 3.44
      vertex 146 139.70000000000002 2.63
    endloop
  endfacet
  facet normal 0 0 1
    outer loop
      vertex 46.85 138.39999999999998 3.44
      vertex 146 137.60008067769263 3.44
      vertex 146 139.70000000000002 3.44
    endloop
  endfacet
  facet normal 0 -1 0
    outer loop
      vertex 46.85 150.8 0.6
      vertex 46.86188541292101 150.8 0.6
      vertex 46.85 150.8 1.4
    endloop
  endfacet
  facet normal 0 -1 0
    outer loop
      vertex 46.86188541292101 150.8 0.6
      vertex 49.2167532467532 150.8 2.5813092313092323
      vertex 46.85 150.8 1.4
    endloop
  endfacet
  facet normal 0 -1 0
    outer loop
      vertex 46.85 150.8 1.4
      vertex 49.2167532467532 150.8 2.5813092313092323
      vertex 46.85 150.8 2.63
    endloop
  endfacet
  facet normal 0 -1 0
    outer loop
      vertex 49.2167532467532 150.8 2.5813092313092323
      vertex 145.52392156862743 150.8 0.6
      vertex 146 150.8 0.6
    endloop
  endfacet
  facet normal 0 -1 0
    outer loop
      vertex 49.2167532467532 150.8 2.5813092313092323
      vertex 146 150.8 2.63
      vertex 46.85 150.8 2.63
    endloop
  endfacet
  facet normal 0 -1 0
    outer loop
      vertex 49.2167532467532 150.8 2.5813092313092323
      vertex 146 150.8 0.6
      vertex 146 150.8 2.63
    endloop
  endfacet
  facet normal -1 0 0
    outer loop
      vertex 46.85 149.5 2.63
      vertex 46.85 150.8 2.6499999999999995
      vertex 46.85 150.8 2.63
    endloop
  endfacet
  facet normal -1 0 0
    outer loop
      vertex 46.85 149.5 2.63
      vertex 46.85 151.6 3.44
      vertex 46.85 150.8 2.6499999999999995
    endloop
  endfacet
  facet normal -1 0 0
    outer loop
      vertex 46.85 150.8 2.6499999999999995
      vertex 46.85 151.6 3.44
      vertex 46.85 151.60000000000002 2.6499999999999995
    endloop
  endfacet
  facet normal -1 0 0
    outer loop
      vertex 46.85 149.5 2.63
      vertex 46.85 149.5 3.44
      vertex 46.85 151.6 3.44
    endloop
  endfacet
  facet normal 0 0 -1
    outer loop
      vertex 46.85 149.5 2.63
      vertex 46.85 150.8 2.63
      vertex 146 149.5 2.63
    endloop
  endfacet
  facet normal 0 -1 0
    outer loop
      vertex 46.85 149.5 2.63
      vertex 146 149.5 3.44
      vertex 46.85 149.5 3.44
    endloop
  endfacet
  facet normal 0 0 1
    outer loop
      vertex 46.85 149.5 3.44
      vertex 146 151.6 3.44
      vertex 46.85 151.6 3.44
    endloop
  endfacet
  facet normal 0 0 -1
    outer loop
      vertex 46.85 150.8 2.63
      vertex 146 150.8 2.63
      vertex 146 149.5 2.63
    endloop
  endfacet
  facet normal 0 -1 0
    outer loop
      vertex 46.85 149.5 2.63
      vertex 146 149.5 2.63
      vertex 146 149.5 3.44
    endloop
  endfacet
  facet normal 0 0 1
    outer loop
      vertex 46.85 149.5 3.44
      vertex 146 149.5 3.44
      vertex 146 151.6 3.44
    endloop
  endfacet
  facet normal 1 0 0
    outer loop
      vertex 40.85 138.4 0.6
      vertex 40.85 150.8 0.6
      vertex 40.85 138.4 1.4
    endloop
  endfacet
  facet normal -1 0 0
    outer loop
      vertex 39.65 137.60883977900554 0.6
      vertex 39.65 150.8 1.468382352941176
      vertex 39.65 150.8 0.6
    endloop
  endfacet
  facet normal 1 0 0
    outer loop
      vertex 40.85 150.8 0.6
      vertex 40.85 150.8 1.4
      vertex 40.85 138.4 1.4
    endloop
  endfacet
  facet normal -1 0 0
    outer loop
      vertex 39.65 137.60883977900554 0.6
      vertex 39.65 138.4 1.4949999999999997
      vertex 39.65 151.18823529411767 2.346764705882352
    endloop
  endfacet
  facet normal -1 0 0
    outer loop
      vertex 39.65 137.60883977900554 0.6
      vertex 39.65 151.18823529411767 2.346764705882352
      vertex 39.65 150.8 1.468382352941176
    endloop
  endfacet
  facet normal 1 0 0
    outer loop
      vertex 40.85 150.8 1.4
      vertex 40.85 151.0666666666667 1.7333333333333332
      vertex 40.85 150.8 1.9147058823529415
    endloop
  endfacet
  facet normal 1 0 0
    outer loop
      vertex 40.85 150.8 1.4
      vertex 40.85 151.20000000000002 1.4
      vertex 40.85 151.0666666666667 1.7333333333333332
    endloop
  endfacet
  facet normal 1 0 0
    outer loop
      vertex 40.85 137.6 1.4
      vertex 40.85 138.4 1.4
      vertex 40.85 137.60000000000002 2.4
    endloop
  endfacet
  facet normal 1 0 0
    outer loop
      vertex 40.85 138.4 1.4
      vertex 40.85 150.8 1.4
      vertex 40.85 137.60000000000002 2.4
    endloop
  endfacet
  facet normal -1 0 0
    outer loop
      vertex 39.65 138.4 1.4949999999999997
      vertex 39.65 138.4 2.4
      vertex 39.65 150.8 2.4
    endloop
  endfacet
  facet normal 1 0 0
    outer loop
      vertex 40.85 150.8 1.4
      vertex 40.85 150.8 1.9147058823529415
      vertex 40.85 137.60000000000002 2.4
    endloop
  endfacet
  facet normal -1 0 0
    outer loop
      vertex 39.65 138.4 1.4949999999999997
      vertex 39.65 150.8 2.4
      vertex 39.65 151.18823529411767 2.346764705882352
    endloop
  endfacet
  facet normal 0 0 1
    outer loop
      vertex 39.71857142857142 137.60000000000002 2.4
      vertex 40.85 137.60000000000002 2.4
      vertex 39.65 138.4 2.4
    endloop
  endfacet
  facet normal 0 0 1
    outer loop
      vertex 40.85 137.60000000000002 2.4
      vertex 39.65 150.8 2.4
      vertex 39.65 138.4 2.4
    endloop
  endfacet
  facet normal 1 0 0
    outer loop
      vertex 40.85 150.8 1.9147058823529415
      vertex 40.85 150.8 2.4
      vertex 40.85 137.60000000000002 2.4
    endloop
  endfacet
  facet normal 1 0 0
    outer loop
      vertex 40.85 151.55428571428573 2.342857142857142
      vertex 40.85 151.60000000000002 2.370588235294117
      vertex 40.85 151.60000000000002 2.4
    endloop
  endfacet
  facet normal 0 0 1
    outer loop
      vertex 40.85 137.60000000000002 2.4
      vertex 40.85 150.8 2.4
      vertex 39.65 150.8 2.4
    endloop
  endfacet
  facet normal 1 0 0
    outer loop
      vertex 40.85 151.55428571428573 2.342857142857142
      vertex 40.85 151.60000000000002 2.4
      vertex 40.85 150.8 2.4
    endloop
  endfacet
  facet normal 0 0 1
    outer loop
      vertex 40.85 150.8 2.4
      vertex 40.85 151.60000000000002 2.4
      vertex 40.78142857142857 151.60000000000002 2.4
    endloop
  endfacet
  facet normal 0 -1 0
    outer loop
      vertex 12.25 150.8 0.6
      vertex 33.06 150.8 0.6
      vertex 33.06 150.8 1.29
    endloop
  endfacet
  facet normal 0 1 0
    outer loop
      vertex 12.25 151.60000000000002 0.6
      vertex 33.06 151.60000000000002 1.29
      vertex 33.06 151.60000000000002 0.6
    endloop
  endfacet
  facet normal 0 -1 0
    outer loop
      vertex 12.25 150.8 0.6
      vertex 33.06 150.8 1.29
      vertex 12.25 150.8 1.2899999999999998
    endloop
  endfacet
  facet normal 0 1 0
    outer loop
      vertex 12.25 151.60000000000002 0.6
      vertex 12.25 151.60000000000002 1.2899999999999998
      vertex 33.06 151.60000000000002 1.29
    endloop
  endfacet
  facet normal 1.0670091538925097e-17 1.708035422500263e-16 -1
    outer loop
      vertex 12.25 151.60000000000002 1.2899999999999998
      vertex 12.25 152.9 1.29
      vertex 33.06 151.60000000000002 1.29
    endloop
  endfacet
  facet normal 0 0 -1
    outer loop
      vertex 12.25 152.9 1.29
      vertex 33.06 152.8961111111111 1.29
      vertex 33.06 151.60000000000002 1.29
    endloop
  endfacet
  facet normal -1.0670091538925098e-17 -5.709718412349232e-14 -1
    outer loop
      vertex 12.25 152.9 1.29
      vertex 33.06 152.9 1.2899999999999998
      vertex 33.06 152.8961111111111 1.29
    endloop
  endfacet
  facet normal 0 1 0
    outer loop
      vertex 12.25 152.9 1.29
      vertex 12.25 152.9 1.2939234449760766
      vertex 32.79512195121949 152.9 2.0999999999999996
    endloop
  endfacet
  facet normal 0 1 0
    outer loop
      vertex 12.25 152.9 1.29
      vertex 32.79512195121949 152.9 2.0999999999999996
      vertex 33.06 152.9 1.2899999999999998
    endloop
  endfacet
  facet normal 1 0 0
    outer loop
      vertex 33.06 152.8961111111111 1.29
      vertex 33.06 152.9 1.2899999999999998
      vertex 33.06 152.9 2.0999999999999996
    endloop
  endfacet
  facet normal 0 1 0
    outer loop
      vertex 33.06 152.9 1.2899999999999998
      vertex 32.79512195121949 152.9 2.0999999999999996
      vertex 33.05 152.9 2.0999999999999996
    endloop
  endfacet
  facet normal 1 0 0
    outer loop
      vertex 33.06 152.8961111111111 1.29
      vertex 33.06 152.9 2.0999999999999996
      vertex 33.06 152.8961111111111 2.0999999999999996
    endloop
  endfacet
  facet normal 0 1 0
    outer loop
      vertex 33.06 152.9 1.2899999999999998
      vertex 33.05 152.9 2.0999999999999996
      vertex 33.06 152.9 2.0999999999999996
    endloop
  endfacet
  facet normal 0 0 1
    outer loop
      vertex 33.06 152.8961111111111 2.0999999999999996
      vertex 33.06 152.9 2.0999999999999996
      vertex 33.05 152.9 2.0999999999999996
    endloop
  endfacet
  facet normal 0 0 -1
    outer loop
      vertex 35.83635038430953 150.8 1.29
      vertex 36.392857142857096 151.0597995545657 1.29
      vertex 36.392857142857096 150.8 1.29
    endloop
  endfacet
  facet normal 0 0 -1
    outer loop
      vertex 36.392857142857096 150.8 1.29
      vertex 36.392857142857096 151.0597995545657 1.29
      vertex 37.55 150.8 1.29
    endloop
  endfacet
  facet normal 0 0 -1
    outer loop
      vertex 33.06 150.8 1.29
      vertex 33.06 151.60000000000002 1.29
      vertex 36.392857142857096 151.0597995545657 1.29
    endloop
  endfacet
  facet normal 0 0 -1
    outer loop
      vertex 33.06 151.60000000000002 1.29
      vertex 33.06 152.8961111111111 1.29
      vertex 36.392857142857096 151.60000000000002 1.29
    endloop
  endfacet
  facet normal 0 0 -1
    outer loop
      vertex 33.06 151.60000000000002 1.29
      vertex 36.392857142857096 151.60000000000002 1.29
      vertex 37.02413244650084 151.354504048583 1.29
    endloop
  endfacet
  facet normal 0 0 -1
    outer loop
      vertex 33.06 151.60000000000002 1.29
      vertex 37.55 151.15 1.29
      vertex 36.392857142857096 151.0597995545657 1.29
    endloop
  endfacet
  facet normal 0 0 -1
    outer loop
      vertex 33.06 151.60000000000002 1.29
      vertex 37.02413244650084 151.354504048583 1.29
      vertex 37.42142857142854 151.20000000000002 1.29
    endloop
  endfacet
  facet normal 0 0 -1
    outer loop
      vertex 33.06 151.60000000000002 1.29
      vertex 37.42142857142854 151.20000000000002 1.29
      vertex 37.55 151.15 1.29
    endloop
  endfacet
  facet normal 0 -1 0
    outer loop
      vertex 36.392857142857096 150.8 1.29
      vertex 37.55 150.8 1.29
      vertex 36.392857142857096 150.8 2.1100000000000003
    endloop
  endfacet
  facet normal 0.3624462611549475 0.9320046715412964 4.652420605348588e-17
    outer loop
      vertex 33.06 152.8961111111111 1.29
      vertex 36.392857142857096 151.60000000000002 2.1100000000000003
      vertex 36.392857142857096 151.60000000000002 1.29
    endloop
  endfacet
  facet normal 0 0 -1
    outer loop
      vertex 36.392857142857096 151.0597995545657 1.29
      vertex 37.55 151.15 1.29
      vertex 37.55 150.8 1.29
    endloop
  endfacet
  facet normal 1 0 0
    outer loop
      vertex 37.55 150.8 1.29
      vertex 37.55 151.15 1.29
      vertex 37.55 150.8 2.1100000000000003
    endloop
  endfacet
  facet normal 0.3624462611549559 0.9320046715412931 -8.762983371286451e-20
    outer loop
      vertex 37.42142857142854 151.20000000000002 1.29
      vertex 37.55 151.15 2.1100000000000003
      vertex 37.55 151.15 1.29
    endloop
  endfacet
  facet normal 0 0 1
    outer loop
      vertex 12.25 150.81004784688997 2.1100000000000003
      vertex 20.111904761904896 151.60000000000002 2.1100000000000003
      vertex 12.25 152.9 2.1100000000000003
    endloop
  endfacet
  facet normal 0 1 0
    outer loop
      vertex 12.25 152.9 1.2939234449760766
      vertex 12.25 152.9 2.1100000000000003
      vertex 32.79512195121949 152.9 2.0999999999999996
    endloop
  endfacet
  facet normal 0 0 1
    outer loop
      vertex 12.25 152.9 2.1100000000000003
      vertex 20.111904761904896 151.60000000000002 2.1100000000000003
      vertex 33.05 152.9 2.1100000000000003
    endloop
  endfacet
  facet normal 0 1 0
    outer loop
      vertex 12.25 152.9 2.1100000000000003
      vertex 33.05 152.9 2.1100000000000003
      vertex 32.79512195121949 152.9 2.0999999999999996
    endloop
  endfacet
  facet normal 0.3624462611549475 0.9320046715412963 0
    outer loop
      vertex 33.06 152.8961111111111 1.29
      vertex 33.06 152.8961111111111 2.0999999999999996
      vertex 36.392857142857096 151.60000000000002 2.1100000000000003
    endloop
  endfacet
  facet normal 0 0 1
    outer loop
      vertex 20.111904761904896 151.60000000000002 2.1100000000000003
      vertex 35.83571428571425 151.60000000000002 2.1100000000000003
      vertex 33.05 152.9 2.1100000000000003
    endloop
  endfacet
  facet normal 0 0 1
    outer loop
      vertex 36.392857142857096 150.8 2.1100000000000003
      vertex 37.55 150.8 2.1100000000000003
      vertex 37.02402597402595 151.04545454545456 2.1100000000000003
    endloop
  endfacet
  facet normal 0 1 0
    outer loop
      vertex 32.79512195121949 152.9 2.0999999999999996
      vertex 33.05 152.9 2.1100000000000003
      vertex 33.05 152.9 2.0999999999999996
    endloop
  endfacet
  facet normal 0.362446261155268 0.9320046715411717 -1.0913200371308848e-17
    outer loop
      vertex 33.06 152.8961111111111 2.0999999999999996
      vertex 33.05 152.9 2.0999999999999996
      vertex 33.05 152.9 2.1100000000000003
    endloop
  endfacet
  facet normal 0.3624462611549485 0.9320046715412961 -3.6790874196218015e-13
    outer loop
      vertex 33.06 152.8961111111111 2.0999999999999996
      vertex 33.05 152.9 2.1100000000000003
      vertex 36.392857142857096 151.60000000000002 2.1100000000000003
    endloop
  endfacet
  facet normal 0 0 1
    outer loop
      vertex 33.05 152.9 2.1100000000000003
      vertex 35.83571428571425 151.60000000000002 2.1100000000000003
      vertex 36.392857142857096 151.60000000000002 2.1100000000000003
    endloop
  endfacet
  facet normal 0 -1 0
    outer loop
      vertex 37.55 150.8 1.29
      vertex 37.55 150.8 2.1100000000000003
      vertex 36.392857142857096 150.8 2.1100000000000003
    endloop
  endfacet
  facet normal 1 0 0
    outer loop
      vertex 37.55 151.15 1.29
      vertex 37.55 151.15 2.1100000000000003
      vertex 37.55 150.8 2.1100000000000003
    endloop
  endfacet
  facet normal 0.3624462611549559 0.9320046715412931 0
    outer loop
      vertex 37.42142857142854 151.20000000000002 1.29
      vertex 37.42142857142854 151.20000000000002 2.1100000000000003
      vertex 37.55 151.15 2.1100000000000003
    endloop
  endfacet
  facet normal 0 0 1
    outer loop
      vertex 37.55 150.8 2.1100000000000003
      vertex 37.42142857142854 151.20000000000002 2.1100000000000003
      vertex 37.02402597402595 151.04545454545456 2.1100000000000003
    endloop
  endfacet
  facet normal 0 0 1
    outer loop
      vertex 37.55 150.8 2.1100000000000003
      vertex 37.55 151.15 2.1100000000000003
      vertex 37.42142857142854 151.20000000000002 2.1100000000000003
    endloop
  endfacet
  facet normal 0 -1 0
    outer loop
      vertex 12.25 164 0.6
      vertex 33.06 164 0.6
      vertex 33.06 164 1.29
    endloop
  endfacet
  facet normal 0 1 0
    outer loop
      vertex 12.25 164.8 0.6
      vertex 33.06 164.8 1.29
      vertex 33.06 164.8 0.6
    endloop
  endfacet
  facet normal 0 -1 0
    outer loop
      vertex 12.25 164 0.6
      vertex 33.06 164 1.29
      vertex 12.25 164 1.2900000000000003
    endloop
  endfacet
  facet normal 0 1 0
    outer loop
      vertex 12.25 164.8 0.6
      vertex 12.25 164.8 1.2899999999999998
      vertex 33.06 164.8 1.29
    endloop
  endfacet
  facet normal 1 0 0
    outer loop
      vertex 33.06 164.8 0.6
      vertex 33.06 164.8 1.29
      vertex 33.06 164 1.29
    endloop
  endfacet
  facet normal 0 3.416070845000452e-16 -1
    outer loop
      vertex 12.25 162.7 1.2899999999999998
      vertex 12.25 164 1.2900000000000003
      vertex 33.06 162.7 1.2899999999999998
    endloop
  endfacet
  facet normal 3.545518988474233e-15 5.709718412307555e-14 -1
    outer loop
      vertex 12.25 164 1.2900000000000003
      vertex 33.06 162.7038888888889 1.29
      vertex 33.06 162.7 1.2899999999999998
    endloop
  endfacet
  facet normal -1.0670091538925097e-17 0 -1
    outer loop
      vertex 12.25 164 1.2900000000000003
      vertex 33.06 164 1.29
      vertex 33.06 162.7038888888889 1.29
    endloop
  endfacet
  facet normal 0 -1 0
    outer loop
      vertex 12.25 162.7 1.2899999999999998
      vertex 33.06 162.7 1.2899999999999998
      vertex 33.06 162.7 2.0999999999999996
    endloop
  endfacet
  facet normal 1 0 0
    outer loop
      vertex 33.06 162.7 1.2899999999999998
      vertex 33.06 162.7038888888889 1.29
      vertex 33.06 162.7038888888889 2.0999999999999996
    endloop
  endfacet
  facet normal 0 -1 3.5088530160992606e-14
    outer loop
      vertex 12.25 162.7 1.2899999999999998
      vertex 33.05 162.70000000000002 2.0999999999999996
      vertex 12.25 162.70000000000002 2.0999999999999996
    endloop
  endfacet
  facet normal -2.8421709430391103e-12 -1 7.301923126499248e-11
    outer loop
      vertex 12.25 162.7 1.2899999999999998
      vertex 33.06 162.7 2.0999999999999996
      vertex 33.05 162.70000000000002 2.0999999999999996
    endloop
  endfacet
  facet normal 1 0 0
    outer loop
      vertex 33.06 162.7 1.2899999999999998
      vertex 33.06 162.7038888888889 2.0999999999999996
      vertex 33.06 162.7 2.0999999999999996
    endloop
  endfacet
  facet normal 0 0 1
    outer loop
      vertex 33.06 162.7 2.0999999999999996
      vertex 33.06 162.7038888888889 2.0999999999999996
      vertex 33.05 162.70000000000002 2.0999999999999996
    endloop
  endfacet
  facet normal 0 0 -1
    outer loop
      vertex 33.06 162.7038888888889 1.29
      vertex 33.06 164 1.29
      vertex 36.392857142857096 164.2597995545657 1.29
    endloop
  endfacet
  facet normal 0 0 -1
    outer loop
      vertex 33.06 162.7038888888889 1.29
      vertex 36.392857142857096 164.2597995545657 1.29
      vertex 36.392857142857096 164 1.29
    endloop
  endfacet
  facet normal 0 0 -1
    outer loop
      vertex 33.06 164 1.29
      vertex 33.06 164.8 1.29
      vertex 36.392857142857096 164.8 1.29
    endloop
  endfacet
  facet normal 0 0 -1
    outer loop
      vertex 33.06 164 1.29
      vertex 36.756436831769555 164.4295330569496 1.29
      vertex 36.392857142857096 164.2597995545657 1.29
    endloop
  endfacet
  facet normal 0 0 -1
    outer loop
      vertex 33.06 164 1.29
      vertex 37.55 164.8 1.29
      vertex 36.756436831769555 164.4295330569496 1.29
    endloop
  endfacet
  facet normal 0 0 -1
    outer loop
      vertex 33.06 164 1.29
      vertex 36.392857142857096 164.8 1.29
      vertex 37.55 164.8 1.29
    endloop
  endfacet
  facet normal 0 0 -1
    outer loop
      vertex 36.392857142857096 164 1.29
      vertex 36.392857142857096 164.2597995545657 1.29
      vertex 37.228392359729334 164.324930362117 1.29
    endloop
  endfacet
  facet normal 0.3624462611549475 -0.9320046715412963 0
    outer loop
      vertex 33.06 162.7038888888889 1.29
      vertex 36.392857142857096 164 1.29
      vertex 33.06 162.7038888888889 2.0999999999999996
    endloop
  endfacet
  facet normal 0 0 -1
    outer loop
      vertex 36.756436831769555 164.4295330569496 1.29
      vertex 37.55 164.8 1.29
      vertex 37.42142857142854 164.4 1.29
    endloop
  endfacet
  facet normal 0 0 -1
    outer loop
      vertex 37.42142857142854 164.4 1.29
      vertex 37.55 164.8 1.29
      vertex 37.55 164.45000000000002 1.29
    endloop
  endfacet
  facet normal 0 1 0
    outer loop
      vertex 36.392857142857096 164.8 1.29
      vertex 37.55 164.8 2.1100000000000003
      vertex 37.55 164.8 1.29
    endloop
  endfacet
  facet normal 0.3624462611549559 -0.9320046715412931 0
    outer loop
      vertex 37.42142857142854 164.4 1.29
      vertex 37.55 164.45000000000002 1.29
      vertex 37.42142857142854 164.4 2.1100000000000003
    endloop
  endfacet
  facet normal 1 0 0
    outer loop
      vertex 37.55 164.45000000000002 1.29
      vertex 37.55 164.8 1.29
      vertex 37.55 164.45000000000002 2.1100000000000003
    endloop
  endfacet
  facet normal 0 0 1
    outer loop
      vertex 12.25 162.70000000000002 2.1100000000000003
      vertex 31.018571428571178 164 2.1100000000000003
      vertex 12.25 164.00159655347187 2.1100000000000003
    endloop
  endfacet
  facet normal 0 -1 0
    outer loop
      vertex 12.25 162.70000000000002 2.0999999999999996
      vertex 33.05 162.70000000000002 2.1100000000000003
      vertex 12.25 162.70000000000002 2.1100000000000003
    endloop
  endfacet
  facet normal 0 0 1
    outer loop
      vertex 12.25 162.70000000000002 2.1100000000000003
      vertex 33.05 162.70000000000002 2.1100000000000003
      vertex 31.018571428571178 164 2.1100000000000003
    endloop
  endfacet
  facet normal 0 -1 0
    outer loop
      vertex 12.25 162.70000000000002 2.0999999999999996
      vertex 33.05 162.70000000000002 2.0999999999999996
      vertex 33.05 162.70000000000002 2.1100000000000003
    endloop
  endfacet
  facet normal 0 0 1
    outer loop
      vertex 12.25 164.00159655347187 2.1100000000000003
      vertex 31.018571428571178 164 2.1100000000000003
      vertex 36.70976476353831 164.39210977701546 2.1100000000000003
    endloop
  endfacet
  facet normal 0.3624462611549475 -0.9320046715412964 0
    outer loop
      vertex 36.392857142857096 164 1.29
      vertex 36.392857142857096 164 2.1100000000000003
      vertex 33.06 162.7038888888889 2.0999999999999996
    endloop
  endfacet
  facet normal 0 1 0
    outer loop
      vertex 36.392857142857096 164.8 1.29
      vertex 36.392857142857096 164.8 2.1100000000000003
      vertex 37.55 164.8 2.1100000000000003
    endloop
  endfacet
  facet normal 0 0 1
    outer loop
      vertex 31.018571428571178 164 2.1100000000000003
      vertex 33.05 162.70000000000002 2.1100000000000003
      vertex 36.392857142857096 164 2.1100000000000003
    endloop
  endfacet
  facet normal 0.362446261155268 -0.9320046715411717 -1.2298940450960113e-10
    outer loop
      vertex 33.05 162.70000000000002 2.0999999999999996
      vertex 33.06 162.7038888888889 2.0999999999999996
      vertex 36.392857142857096 164 2.1100000000000003
    endloop
  endfacet
  facet normal 0.3624462611549485 -0.9320046715412961 0
    outer loop
      vertex 33.05 162.70000000000002 2.0999999999999996
      vertex 36.392857142857096 164 2.1100000000000003
      vertex 33.05 162.70000000000002 2.1100000000000003
    endloop
  endfacet
  facet normal 0 0 1
    outer loop
      vertex 36.55637496377858 164.46369168357 2.1100000000000003
      vertex 36.70976476353831 164.39210977701546 2.1100000000000003
      vertex 37.33155757286187 164.43494983277594 2.1100000000000003
    endloop
  endfacet
  facet normal 0 0 1
    outer loop
      vertex 36.392857142857096 164.8 2.1100000000000003
      vertex 36.55637496377858 164.46369168357 2.1100000000000003
      vertex 37.55 164.8 2.1100000000000003
    endloop
  endfacet
  facet normal 0.3624462611549559 -0.9320046715412931 0
    outer loop
      vertex 37.55 164.45000000000002 1.29
      vertex 37.55 164.45000000000002 2.1100000000000003
      vertex 37.42142857142854 164.4 2.1100000000000003
    endloop
  endfacet
  facet normal 1 0 0
    outer loop
      vertex 37.55 164.8 1.29
      vertex 37.55 164.8 2.1100000000000003
      vertex 37.55 164.45000000000002 2.1100000000000003
    endloop
  endfacet
  facet normal 0 0 1
    outer loop
      vertex 36.55637496377858 164.46369168357 2.1100000000000003
      vertex 37.33155757286187 164.43494983277594 2.1100000000000003
      vertex 37.55 164.45000000000002 2.1100000000000003
    endloop
  endfacet
  facet normal 0 0 1
    outer loop
      vertex 36.55637496377858 164.46369168357 2.1100000000000003
      vertex 37.55 164.45000000000002 2.1100000000000003
      vertex 37.55 164.8 2.1100000000000003
    endloop
  endfacet
  facet normal 0 0 1
    outer loop
      vertex 37.42142857142854 164.4 2.1100000000000003
      vertex 37.55 164.45000000000002 2.1100000000000003
      vertex 37.33155757286187 164.43494983277594 2.1100000000000003
    endloop
  endfacet
  facet normal 0 -1 0
    outer loop
      vertex 40.85 150.8 0.6
      vertex 46.85 150.8 0.6
      vertex 40.85 150.8 1.4
    endloop
  endfacet
  facet normal 0 -1 0
    outer loop
      vertex 46.85 150.8 0.6
      vertex 46.85 150.8 1.4
      vertex 40.85 150.8 1.4
    endloop
  endfacet
  facet normal 0 0 1
    outer loop
      vertex 40.85 150.8 1.4
      vertex 46.85 150.8 1.4
      vertex 40.85 151.20000000000002 1.4
    endloop
  endfacet
  facet normal 0 1 0
    outer loop
      vertex 40.85 164.8 0.6
      vertex 46.85 164.8 1.4
      vertex 46.85 164.8 0.6
    endloop
  endfacet
  facet normal 0 1 0
    outer loop
      vertex 40.85 164.8 0.6
      vertex 40.85 164.8 1.4
      vertex 46.85 164.8 1.4
    endloop
  endfacet
  facet normal 0 0 1
    outer loop
      vertex 40.85 164.8 1.4
      vertex 46.85 164 1.4
      vertex 46.85 164.8 1.4
    endloop
  endfacet
  facet normal -1 0 0
    outer loop
      vertex 46.85 150.8 1.4
      vertex 46.85 151.60000000000002 2.63
      vertex 46.85 151.60000000000002 1.4
    endloop
  endfacet
  facet normal -1 0 0
    outer loop
      vertex 46.85 150.8 1.4
      vertex 46.85 150.8 2.63
      vertex 46.85 151.60000000000002 2.6499999999999995
    endloop
  endfacet
  facet normal -1 0 0
    outer loop
      vertex 46.85 150.8 1.4
      vertex 46.85 151.60000000000002 2.6499999999999995
      vertex 46.85 151.60000000000002 2.63
    endloop
  endfacet
  facet normal -1 0 0
    outer loop
      vertex 46.85 150.8 2.63
      vertex 46.85 150.8 2.6499999999999995
      vertex 46.85 151.60000000000002 2.6499999999999995
    endloop
  endfacet
  facet normal 0 1 0
    outer loop
      vertex 46.85 151.60000000000002 0.6
      vertex 46.85 151.60000000000002 1.4
      vertex 146 151.60000000000002 0.6
    endloop
  endfacet
  facet normal 0 -1 0
    outer loop
      vertex 46.86188541292101 150.8 0.6
      vertex 145.52392156862743 150.8 0.6
      vertex 49.2167532467532 150.8 2.5813092313092323
    endloop
  endfacet
  facet normal 0 1 0
    outer loop
      vertex 46.85 151.60000000000002 1.4
      vertex 46.85 151.60000000000002 2.63
      vertex 146 151.60000000000002 0.6
    endloop
  endfacet
  facet normal 0 1 0
    outer loop
      vertex 46.85 151.60000000000002 2.63
      vertex 146 151.60000000000002 2.63
      vertex 146 151.60000000000002 0.6
    endloop
  endfacet
  facet normal -1 0 0
    outer loop
      vertex 46.85 151.60000000000002 2.63
      vertex 46.85 151.60000000000002 2.6499999999999995
      vertex 46.85 152.9 2.63
    endloop
  endfacet
  facet normal -1 0 0
    outer loop
      vertex 46.85 152.9 2.63
      vertex 46.85 151.60000000000002 2.6499999999999995
      vertex 46.85 152.9 3.44
    endloop
  endfacet
  facet normal -1 0 0
    outer loop
      vertex 46.85 151.60000000000002 2.6499999999999995
      vertex 46.85 151.6 3.44
      vertex 46.85 152.9 3.44
    endloop
  endfacet
  facet normal 0 0 -1
    outer loop
      vertex 46.85 151.60000000000002 2.63
      vertex 46.85 152.9 2.63
      vertex 146 151.60000000000002 2.63
    endloop
  endfacet
  facet normal 0 1 0
    outer loop
      vertex 46.85 152.9 2.63
      vertex 46.85 152.9 3.44
      vertex 146 152.9 2.63
    endloop
  endfacet
  facet normal 0 0 1
    outer loop
      vertex 46.85 151.6 3.44
      vertex 146 152.9 3.44
      vertex 46.85 152.9 3.44
    endloop
  endfacet
  facet normal 0 0 -1
    outer loop
      vertex 46.85 152.9 2.63
      vertex 146 152.9 2.63
      vertex 146 151.60000000000002 2.63
    endloop
  endfacet
  facet normal 0 1 0
    outer loop
      vertex 46.85 152.9 3.44
      vertex 146 152.9 3.44
      vertex 146 152.9 2.63
    endloop
  endfacet
  facet normal 0 0 1
    outer loop
      vertex 46.85 151.6 3.44
      vertex 146 151.6 3.44
      vertex 146 152.9 3.44
    endloop
  endfacet
  facet normal 0 -1 0
    outer loop
      vertex 46.85 164 0.6
      vertex 146 164 0.6
      vertex 46.85 164 1.4
    endloop
  endfacet
  facet normal 0 1 0
    outer loop
      vertex 46.85 164.8 0.6
      vertex 46.85 164.8 1.4
      vertex 146 164.8 0.6
    endloop
  endfacet
  facet normal 0 -1 0
    outer loop
      vertex 46.85 164 1.4
      vertex 146 164 0.6
      vertex 46.85 164 2.63
    endloop
  endfacet
  facet normal 0 1 0
    outer loop
      vertex 46.85 164.8 1.4
      vertex 146 164.8 2.6298759580475997
      vertex 146 164.8 0.6
    endloop
  endfacet
  facet normal 0 -1 0
    outer loop
      vertex 46.85 164 2.63
      vertex 146 164 0.6
      vertex 146 164 2.63
    endloop
  endfacet
  facet normal -1 0 0
    outer loop
      vertex 46.85 162.7 2.63
      vertex 46.85 164 2.6499999999999995
      vertex 46.85 164 2.63
    endloop
  endfacet
  facet normal -1 0 0
    outer loop
      vertex 46.85 162.7 2.63
      vertex 46.85 164.79999999999998 3.44
      vertex 46.85 164 2.6499999999999995
    endloop
  endfacet
  facet normal -1 0 0
    outer loop
      vertex 46.85 164 2.6499999999999995
      vertex 46.85 164.79999999999998 3.44
      vertex 46.85 164.8 2.6499999999999995
    endloop
  endfacet
  facet normal -1 0 0
    outer loop
      vertex 46.85 162.7 2.63
      vertex 46.85 162.7 3.44
      vertex 46.85 164.79999999999998 3.44
    endloop
  endfacet
  facet normal 0 0 -1
    outer loop
      vertex 46.85 162.7 2.63
      vertex 46.85 164 2.63
      vertex 146 162.7 2.63
    endloop
  endfacet
  facet normal 0 -1 0
    outer loop
      vertex 46.85 162.7 2.63
      vertex 146 162.7 3.44
      vertex 46.85 162.7 3.44
    endloop
  endfacet
  facet normal 0 0 1
    outer loop
      vertex 46.85 162.7 3.44
      vertex 146 164.79999999999998 3.44
      vertex 46.85 164.79999999999998 3.44
    endloop
  endfacet
  facet normal 0 0 -1
    outer loop
      vertex 46.85 164 2.63
      vertex 146 164 2.63
      vertex 146 162.7 2.63
    endloop
  endfacet
  facet normal 0 -1 0
    outer loop
      vertex 46.85 162.7 2.63
      vertex 146 162.7 2.63
      vertex 146 162.7 3.44
    endloop
  endfacet
  facet normal 0 0 1
    outer loop
      vertex 46.85 162.7 3.44
      vertex 146 162.7 3.44
      vertex 146 164.79999999999998 3.44
    endloop
  endfacet
  facet normal 1 0 0
    outer loop
      vertex 40.85 151.60000000000002 0.6
      vertex 40.85 164 0.6
      vertex 40.85 151.60000000000002 1.4
    endloop
  endfacet
  facet normal -1 0 0
    outer loop
      vertex 39.65 150.8 0.6
      vertex 39.65 150.8 1.468382352941176
      vertex 39.65 164.8 2.4
    endloop
  endfacet
  facet normal 1 0 0
    outer loop
      vertex 40.85 151.20000000000002 1.4
      vertex 40.85 151.60000000000002 1.4
      vertex 40.85 151.0666666666667 1.7333333333333332
    endloop
  endfacet
  facet normal 1 0 0
    outer loop
      vertex 40.85 151.60000000000002 1.4
      vertex 40.85 164 1.4
      vertex 40.85 151.55428571428573 2.342857142857142
    endloop
  endfacet
  facet normal -1 0 0
    outer loop
      vertex 39.65 150.8 0.6
      vertex 39.65 164.8 1.4949999999999999
      vertex 39.65 164.0088397790055 0.6
    endloop
  endfacet
  facet normal 1 0 0
    outer loop
      vertex 40.85 151.60000000000002 1.4
      vertex 40.85 164 0.6
      vertex 40.85 164 1.4
    endloop
  endfacet
  facet normal -1 0 0
    outer loop
      vertex 39.65 150.8 0.6
      vertex 39.65 164.8 2.4
      vertex 39.65 164.8 1.4949999999999999
    endloop
  endfacet
  facet normal 1 0 0
    outer loop
      vertex 40.85 151.60000000000002 1.4
      vertex 40.85 150.8 2.4
      vertex 40.85 151.0666666666667 1.7333333333333332
    endloop
  endfacet
  facet normal 1 0 0
    outer loop
      vertex 40.85 150.8 1.9147058823529415
      vertex 40.85 151.0666666666667 1.7333333333333332
      vertex 40.85 150.8 2.4
    endloop
  endfacet
  facet normal 1 0 0
    outer loop
      vertex 40.85 151.60000000000002 1.4
      vertex 40.85 151.55428571428573 2.342857142857142
      vertex 40.85 150.8 2.4
    endloop
  endfacet
  facet normal 1 0 0
    outer loop
      vertex 40.85 164 1.4
      vertex 40.85 151.60000000000002 2.370588235294117
      vertex 40.85 151.55428571428573 2.342857142857142
    endloop
  endfacet
  facet normal -1 0 0
    outer loop
      vertex 39.65 150.8 1.468382352941176
      vertex 39.65 151.18823529411767 2.346764705882352
      vertex 39.65 164.8 2.4
    endloop
  endfacet
  facet normal 0 0 1
    outer loop
      vertex 39.65 150.8 2.4
      vertex 40.85 150.8 2.4
      vertex 40.78142857142857 151.60000000000002 2.4
    endloop
  endfacet
  facet normal -1 0 0
    outer loop
      vertex 39.65 151.18823529411767 2.346764705882352
      vertex 39.65 150.8 2.4
      vertex 39.65 164.8 2.4
    endloop
  endfacet
  facet normal 0 0 1
    outer loop
      vertex 39.65 150.8 2.4
      vertex 40.78142857142857 151.60000000000002 2.4
      vertex 39.71857142857143 164 2.4
    endloop
  endfacet
  facet normal 1 0 0
    outer loop
      vertex 40.85 151.60000000000002 2.370588235294117
      vertex 40.85 164 2.4
      vertex 40.85 151.60000000000002 2.4
    endloop
  endfacet
  facet normal 0 0 1
    outer loop
      vertex 40.85 151.60000000000002 2.4
      vertex 40.85 164 2.4
      vertex 40.78142857142857 151.60000000000002 2.4
    endloop
  endfacet
  facet normal 1 0 0
    outer loop
      vertex 40.85 164 1.4
      vertex 40.85 164 2.4
      vertex 40.85 151.60000000000002 2.370588235294117
    endloop
  endfacet
  facet normal 0 0 1
    outer loop
      vertex 39.65 150.8 2.4
      vertex 39.71857142857143 164 2.4
      vertex 39.65 164.8 2.4
    endloop
  endfacet
  facet normal 0 0 1
    outer loop
      vertex 40.78142857142857 151.60000000000002 2.4
      vertex 40.85 164 2.4
      vertex 39.71857142857143 164 2.4
    endloop
  endfacet
  facet normal 1 0 0
    outer loop
      vertex 33.06 164 0.6
      vertex 33.06 164.8 0.6
      vertex 33.06 164 1.29
    endloop
  endfacet
  facet normal 1.0670091538925097e-17 1.708035422500263e-16 -1
    outer loop
      vertex 12.25 164.8 1.2899999999999998
      vertex 12.25 166.1 1.29
      vertex 33.06 164.8 1.29
    endloop
  endfacet
  facet normal 0 0 -1
    outer loop
      vertex 12.25 166.1 1.29
      vertex 33.06 166.0961111111111 1.29
      vertex 33.06 164.8 1.29
    endloop
  endfacet
  facet normal -1.0670091538925098e-17 -5.709718412349232e-14 -1
    outer loop
      vertex 12.25 166.1 1.29
      vertex 33.06 166.1 1.2899999999999998
      vertex 33.06 166.0961111111111 1.29
    endloop
  endfacet
  facet normal 0 1 0
    outer loop
      vertex 12.25 166.1 1.29
      vertex 12.25 166.1 1.2939234449760766
      vertex 32.79512195121949 166.1 2.0999999999999996
    endloop
  endfacet
  facet normal 0 1 0
    outer loop
      vertex 12.25 166.1 1.29
      vertex 32.79512195121949 166.1 2.0999999999999996
      vertex 33.06 166.1 1.2899999999999998
    endloop
  endfacet
  facet normal 1 0 0
    outer loop
      vertex 33.06 166.0961111111111 1.29
      vertex 33.06 166.1 1.2899999999999998
      vertex 33.06 166.1 2.0999999999999996
    endloop
  endfacet
  facet normal 0 1 0
    outer loop
      vertex 33.06 166.1 1.2899999999999998
      vertex 32.79512195121949 166.1 2.0999999999999996
      vertex 33.05 166.1 2.0999999999999996
    endloop
  endfacet
  facet normal 1 0 0
    outer loop
      vertex 33.06 166.0961111111111 1.29
      vertex 33.06 166.1 2.0999999999999996
      vertex 33.06 166.0961111111111 2.0999999999999996
    endloop
  endfacet
  facet normal 0 1 0
    outer loop
      vertex 33.06 166.1 1.2899999999999998
      vertex 33.05 166.1 2.0999999999999996
      vertex 33.06 166.1 2.0999999999999996
    endloop
  endfacet
  facet normal 0 0 1
    outer loop
      vertex 33.06 166.0961111111111 2.0999999999999996
      vertex 33.06 166.1 2.0999999999999996
      vertex 33.05 166.1 2.0999999999999996
    endloop
  endfacet
  facet normal 0 0 -1
    outer loop
      vertex 33.06 164.8 1.29
      vertex 33.06 166.0961111111111 1.29
      vertex 36.392857142857096 164.8 1.29
    endloop
  endfacet
  facet normal 0 0 -1
    outer loop
      vertex 36.392857142857096 164.2597995545657 1.29
      vertex 36.756436831769555 164.4295330569496 1.29
      vertex 37.228392359729334 164.324930362117 1.29
    endloop
  endfacet
  facet normal 0.3624462611549475 0.9320046715412963 0
    outer loop
      vertex 33.06 166.0961111111111 1.29
      vertex 33.06 166.0961111111111 2.0999999999999996
      vertex 36.392857142857096 164.8 1.29
    endloop
  endfacet
  facet normal 0 0 -1
    outer loop
      vertex 36.392857142857096 164 1.29
      vertex 37.228392359729334 164.324930362117 1.29
      vertex 37.55 164 1.29
    endloop
  endfacet
  facet normal 0 0 -1
    outer loop
      vertex 36.756436831769555 164.4295330569496 1.29
      vertex 37.42142857142854 164.4 1.29
      vertex 37.55 164.35 1.29
    endloop
  endfacet
  facet normal 0 0 -1
    outer loop
      vertex 36.756436831769555 164.4295330569496 1.29
      vertex 37.55 164.35 1.29
      vertex 37.228392359729334 164.324930362117 1.29
    endloop
  endfacet
  facet normal 0 0 -1
    outer loop
      vertex 37.55 164 1.29
      vertex 37.228392359729334 164.324930362117 1.29
      vertex 37.55 164.35 1.29
    endloop
  endfacet
  facet normal 0 -1 0
    outer loop
      vertex 36.392857142857096 164 1.29
      vertex 37.55 164 1.29
      vertex 37.55 164 2.1100000000000003
    endloop
  endfacet
  facet normal 1 0 0
    outer loop
      vertex 37.55 164 1.29
      vertex 37.55 164.35 1.29
      vertex 37.55 164 2.1100000000000003
    endloop
  endfacet
  facet normal 0.3624462611549559 0.9320046715412931 0
    outer loop
      vertex 37.42142857142854 164.4 1.29
      vertex 37.42142857142854 164.4 2.1100000000000003
      vertex 37.55 164.35 1.29
    endloop
  endfacet
  facet normal 0 1 0
    outer loop
      vertex 12.25 166.1 1.2939234449760766
      vertex 12.25 166.1 2.1100000000000003
      vertex 32.79512195121949 166.1 2.0999999999999996
    endloop
  endfacet
  facet normal 0 0 1
    outer loop
      vertex 12.25 164.00159655347187 2.1100000000000003
      vertex 33.05 166.1 2.1100000000000003
      vertex 12.25 166.1 2.1100000000000003
    endloop
  endfacet
  facet normal 0 1 0
    outer loop
      vertex 12.25 166.1 2.1100000000000003
      vertex 33.05 166.1 2.1100000000000003
      vertex 32.79512195121949 166.1 2.0999999999999996
    endloop
  endfacet
  facet normal 0 0 1
    outer loop
      vertex 12.25 164.00159655347187 2.1100000000000003
      vertex 36.55637496377858 164.46369168357 2.1100000000000003
      vertex 33.05 166.1 2.1100000000000003
    endloop
  endfacet
  facet normal 0 -1 0
    outer loop
      vertex 36.392857142857096 164 1.29
      vertex 37.55 164 2.1100000000000003
      vertex 36.392857142857096 164 2.1100000000000003
    endloop
  endfacet
  facet normal 0.36244626115484174 0.9320046715413374 -4.859097006510281e-13
    outer loop
      vertex 36.392857142857096 164.8 1.29
      vertex 33.06 166.0961111111111 2.0999999999999996
      vertex 33.05 166.1 2.1100000000000003
    endloop
  endfacet
  facet normal 0.3624462611549484 0.932004671541296 0
    outer loop
      vertex 36.392857142857096 164.8 1.29
      vertex 33.05 166.1 2.1100000000000003
      vertex 36.392857142857096 164.8 2.1100000000000003
    endloop
  endfacet
  facet normal 0 0 1
    outer loop
      vertex 12.25 164.00159655347187 2.1100000000000003
      vertex 36.70976476353831 164.39210977701546 2.1100000000000003
      vertex 36.55637496377858 164.46369168357 2.1100000000000003
    endloop
  endfacet
  facet normal 0 1 0
    outer loop
      vertex 32.79512195121949 166.1 2.0999999999999996
      vertex 33.05 166.1 2.1100000000000003
      vertex 33.05 166.1 2.0999999999999996
    endloop
  endfacet
  facet normal 0.362446261155268 0.9320046715411717 -1.0913200371308848e-17
    outer loop
      vertex 33.06 166.0961111111111 2.0999999999999996
      vertex 33.05 166.1 2.0999999999999996
      vertex 33.05 166.1 2.1100000000000003
    endloop
  endfacet
  facet normal 0 0 1
    outer loop
      vertex 31.018571428571178 164 2.1100000000000003
      vertex 36.392857142857096 164 2.1100000000000003
      vertex 36.70976476353831 164.39210977701546 2.1100000000000003
    endloop
  endfacet
  facet normal 0 0 1
    outer loop
      vertex 33.05 166.1 2.1100000000000003
      vertex 36.55637496377858 164.46369168357 2.1100000000000003
      vertex 36.392857142857096 164.8 2.1100000000000003
    endloop
  endfacet
  facet normal 0 0 1
    outer loop
      vertex 36.392857142857096 164 2.1100000000000003
      vertex 37.55 164 2.1100000000000003
      vertex 36.70976476353831 164.39210977701546 2.1100000000000003
    endloop
  endfacet
  facet normal 1 0 0
    outer loop
      vertex 37.55 164.35 1.29
      vertex 37.55 164.35 2.1100000000000003
      vertex 37.55 164 2.1100000000000003
    endloop
  endfacet
  facet normal 0.3624462611549559 0.9320046715412931 0
    outer loop
      vertex 37.55 164.35 1.29
      vertex 37.42142857142854 164.4 2.1100000000000003
      vertex 37.55 164.35 2.1100000000000003
    endloop
  endfacet
  facet normal 0 0 1
    outer loop
      vertex 36.70976476353831 164.39210977701546 2.1100000000000003
      vertex 37.55 164 2.1100000000000003
      vertex 37.33155757286187 164.43494983277594 2.1100000000000003
    endloop
  endfacet
  facet normal 0 0 1
    outer loop
      vertex 37.55 164 2.1100000000000003
      vertex 37.55 164.35 2.1100000000000003
      vertex 37.42142857142854 164.4 2.1100000000000003
    endloop
  endfacet
  facet normal 0 0 1
    outer loop
      vertex 37.55 164 2.1100000000000003
      vertex 37.42142857142854 164.4 2.1100000000000003
      vertex 37.33155757286187 164.43494983277594 2.1100000000000003
    endloop
  endfacet
  facet normal 1 0 0
    outer loop
      vertex 33.06 177.2 0.6
      vertex 33.06 178 0.6
      vertex 33.06 177.2 1.29
    endloop
  endfacet
  facet normal 1 0 0
    outer loop
      vertex 33.06 178 0.6
      vertex 33.06 178 1.29
      vertex 33.06 177.2 1.29
    endloop
  endfacet
  facet normal 0 0 -1
    outer loop
      vertex 12.25 175.89999999999998 1.2899999999999998
      vertex 12.25 177.2 1.2899999999999998
      vertex 33.06 175.89999999999998 1.2899999999999998
    endloop
  endfacet
  facet normal 3.566859171552084e-15 5.709718412307555e-14 -1
    outer loop
      vertex 12.25 177.2 1.2899999999999998
      vertex 33.06 175.9038888888889 1.29
      vertex 33.06 175.89999999999998 1.2899999999999998
    endloop
  endfacet
  facet normal 1.0670091538925097e-17 0 -1
    outer loop
      vertex 12.25 177.2 1.2899999999999998
      vertex 33.06 177.2 1.29
      vertex 33.06 175.9038888888889 1.29
    endloop
  endfacet
  facet normal 0 -1 0
    outer loop
      vertex 12.25 175.89999999999998 1.2899999999999998
      vertex 33.06 175.89999999999998 1.2899999999999998
      vertex 33.06 175.89999999999998 2.0999999999999996
    endloop
  endfacet
  facet normal 1 0 0
    outer loop
      vertex 33.06 175.89999999999998 1.2899999999999998
      vertex 33.06 175.9038888888889 1.29
      vertex 33.06 175.9038888888889 2.0999999999999996
    endloop
  endfacet
  facet normal 0 -1 3.5088530160992606e-14
    outer loop
      vertex 12.25 175.89999999999998 1.2899999999999998
      vertex 33.05 175.9 2.0999999999999996
      vertex 12.25 175.9 2.0999999999999996
    endloop
  endfacet
  facet normal -2.8421709430391103e-12 -1 7.301923126499248e-11
    outer loop
      vertex 12.25 175.89999999999998 1.2899999999999998
      vertex 33.06 175.89999999999998 2.0999999999999996
      vertex 33.05 175.9 2.0999999999999996
    endloop
  endfacet
  facet normal 1 0 0
    outer loop
      vertex 33.06 175.89999999999998 1.2899999999999998
      vertex 33.06 175.9038888888889 2.0999999999999996
      vertex 33.06 175.89999999999998 2.0999999999999996
    endloop
  endfacet
  facet normal 0 0 1
    outer loop
      vertex 33.06 175.89999999999998 2.0999999999999996
      vertex 33.06 175.9038888888889 2.0999999999999996
      vertex 33.05 175.9 2.0999999999999996
    endloop
  endfacet
  facet normal 0 0 -1
    outer loop
      vertex 33.06 175.9038888888889 1.29
      vertex 33.06 177.2 1.29
      vertex 35.83635038430953 177.2 1.29
    endloop
  endfacet
  facet normal 0 0 -1
    outer loop
      vertex 33.06 175.9038888888889 1.29
      vertex 35.83635038430953 177.2 1.29
      vertex 36.392857142857096 177.2 1.29
    endloop
  endfacet
  facet normal 0 0 -1
    outer loop
      vertex 33.06 177.2 1.29
      vertex 36.392857142857096 177.45979955456568 1.29
      vertex 35.83635038430953 177.2 1.29
    endloop
  endfacet
  facet normal 0 0 -1
    outer loop
      vertex 36.392857142857096 178 1.29
      vertex 37.55 178 1.29
      vertex 37.02413244650084 177.754504048583 1.29
    endloop
  endfacet
  facet normal 0.3624462611549475 -0.9320046715412964 -4.652420605348588e-17
    outer loop
      vertex 33.06 175.9038888888889 1.29
      vertex 36.392857142857096 177.2 1.29
      vertex 36.392857142857096 177.2 2.1100000000000003
    endloop
  endfacet
  facet normal 0 1 0
    outer loop
      vertex 36.392857142857096 178 1.29
      vertex 36.392857142857096 178 2.1100000000000003
      vertex 37.55 178 1.29
    endloop
  endfacet
  facet normal 0 0 -1
    outer loop
      vertex 37.02413244650084 177.754504048583 1.29
      vertex 37.55 178 1.29
      vertex 37.42142857142854 177.6 1.29
    endloop
  endfacet
  facet normal 0 0 -1
    outer loop
      vertex 37.42142857142854 177.6 1.29
      vertex 37.55 178 1.29
      vertex 37.55 177.65 1.29
    endloop
  endfacet
  facet normal 0.3624462611549559 -0.9320046715412931 8.762983371286451e-20
    outer loop
      vertex 37.42142857142854 177.6 1.29
      vertex 37.55 177.65 1.29
      vertex 37.55 177.65 2.1100000000000003
    endloop
  endfacet
  facet normal 1 0 0
    outer loop
      vertex 37.55 177.65 1.29
      vertex 37.55 178 1.29
      vertex 37.55 177.65 2.1100000000000003
    endloop
  endfacet
  facet normal 0 0 1
    outer loop
      vertex 12.25 175.9 2.1100000000000003
      vertex 20.111904761904896 178 2.1100000000000003
      vertex 12.25 177.21004784688995 2.1100000000000003
    endloop
  endfacet
  facet normal 0 -1 0
    outer loop
      vertex 12.25 175.9 2.0999999999999996
      vertex 33.05 175.9 2.1100000000000003
      vertex 12.25 175.9 2.1100000000000003
    endloop
  endfacet
  facet normal 0 0 1
    outer loop
      vertex 12.25 175.9 2.1100000000000003
      vertex 35.83571428571425 178 2.1100000000000003
      vertex 20.111904761904896 178 2.1100000000000003
    endloop
  endfacet
  facet normal 0 -1 0
    outer loop
      vertex 12.25 175.9 2.0999999999999996
      vertex 33.05 175.9 2.0999999999999996
      vertex 33.05 175.9 2.1100000000000003
    endloop
  endfacet
  facet normal 0 0 1
    outer loop
      vertex 12.25 175.9 2.1100000000000003
      vertex 33.05 175.9 2.1100000000000003
      vertex 36.392857142857096 177.2 2.1100000000000003
    endloop
  endfacet
  facet normal 0.3624462611549475 -0.9320046715412963 0
    outer loop
      vertex 33.06 175.9038888888889 1.29
      vertex 36.392857142857096 177.2 2.1100000000000003
      vertex 33.06 175.9038888888889 2.0999999999999996
    endloop
  endfacet
  facet normal 0 0 1
    outer loop
      vertex 12.25 175.9 2.1100000000000003
      vertex 36.392857142857096 177.2 2.1100000000000003
      vertex 37.02402597402595 177.44545454545454 2.1100000000000003
    endloop
  endfacet
  facet normal 0 0 1
    outer loop
      vertex 12.25 175.9 2.1100000000000003
      vertex 37.55 177.65 2.1100000000000003
      vertex 35.83571428571425 178 2.1100000000000003
    endloop
  endfacet
  facet normal 0 0 1
    outer loop
      vertex 12.25 175.9 2.1100000000000003
      vertex 37.02402597402595 177.44545454545454 2.1100000000000003
      vertex 37.42142857142854 177.6 2.1100000000000003
    endloop
  endfacet
  facet normal 0 0 1
    outer loop
      vertex 12.25 175.9 2.1100000000000003
      vertex 37.42142857142854 177.6 2.1100000000000003
      vertex 37.55 177.65 2.1100000000000003
    endloop
  endfacet
  facet normal 0.362446261155268 -0.9320046715411717 0
    outer loop
      vertex 33.05 175.9 2.0999999999999996
      vertex 33.06 175.9038888888889 2.0999999999999996
      vertex 33.05 175.9 2.1100000000000003
    endloop
  endfacet
  facet normal 0.36244626115494843 -0.9320046715412961 -3.6790833293308025e-13
    outer loop
      vertex 33.06 175.9038888888889 2.0999999999999996
      vertex 36.392857142857096 177.2 2.1100000000000003
      vertex 33.05 175.9 2.1100000000000003
    endloop
  endfacet
  facet normal 0 0 1
    outer loop
      vertex 35.83571428571425 178 2.1100000000000003
      vertex 37.55 177.65 2.1100000000000003
      vertex 36.392857142857096 178 2.1100000000000003
    endloop
  endfacet
  facet normal 0 1 0
    outer loop
      vertex 37.55 178 1.29
      vertex 36.392857142857096 178 2.1100000000000003
      vertex 37.55 178 2.1100000000000003
    endloop
  endfacet
  facet normal 0.3624462611549559 -0.9320046715412931 0
    outer loop
      vertex 37.42142857142854 177.6 1.29
      vertex 37.55 177.65 2.1100000000000003
      vertex 37.42142857142854 177.6 2.1100000000000003
    endloop
  endfacet
  facet normal 1 0 0
    outer loop
      vertex 37.55 178 1.29
      vertex 37.55 178 2.1100000000000003
      vertex 37.55 177.65 2.1100000000000003
    endloop
  endfacet
  facet normal 0 0 1
    outer loop
      vertex 36.392857142857096 178 2.1100000000000003
      vertex 37.55 177.65 2.1100000000000003
      vertex 37.55 178 2.1100000000000003
    endloop
  endfacet
  facet normal 0 -1 0
    outer loop
      vertex 40.85 164 0.6
      vertex 46.85 164 0.6
      vertex 40.85 164 1.4
    endloop
  endfacet
  facet normal 0 -1 0
    outer loop
      vertex 46.85 164 0.6
      vertex 46.85 164 1.4
      vertex 40.85 164 1.4
    endloop
  endfacet
  facet normal 0 0 1
    outer loop
      vertex 40.85 164 1.4
      vertex 46.85 164 1.4
      vertex 40.85 164.8 1.4
    endloop
  endfacet
  facet normal 0 1 0
    outer loop
      vertex 40.85 178 0.6
      vertex 46.85 178 1.4
      vertex 46.85 178 0.6
    endloop
  endfacet
  facet normal 0 1 0
    outer loop
      vertex 40.85 178 0.6
      vertex 40.85 178 1.4
      vertex 46.85 178 1.4
    endloop
  endfacet
  facet normal 0 0 1
    outer loop
      vertex 40.85 177.6 1.4
      vertex 46.85 177.2 1.4
      vertex 40.85 178 1.4
    endloop
  endfacet
  facet normal 0 0 1
    outer loop
      vertex 40.85 178 1.4
      vertex 46.85 177.2 1.4
      vertex 46.85 178 1.4
    endloop
  endfacet
  facet normal -1 0 0
    outer loop
      vertex 46.85 164 1.4
      vertex 46.85 164.8 2.63
      vertex 46.85 164.8 1.4
    endloop
  endfacet
  facet normal -1 0 0
    outer loop
      vertex 46.85 164 1.4
      vertex 46.85 164 2.63
      vertex 46.85 164.8 2.6499999999999995
    endloop
  endfacet
  facet normal -1 0 0
    outer loop
      vertex 46.85 164 1.4
      vertex 46.85 164.8 2.6499999999999995
      vertex 46.85 164.8 2.63
    endloop
  endfacet
  facet normal -1 0 0
    outer loop
      vertex 46.85 164 2.63
      vertex 46.85 164 2.6499999999999995
      vertex 46.85 164.8 2.6499999999999995
    endloop
  endfacet
  facet normal 0 1 0
    outer loop
      vertex 46.85 164.8 1.4
      vertex 46.85 164.8 2.63
      vertex 146 164.8 2.6298759580475997
    endloop
  endfacet
  facet normal 0 1 0
    outer loop
      vertex 46.85 164.8 2.63
      vertex 146 164.8 2.63
      vertex 146 164.8 2.6298759580475997
    endloop
  endfacet
  facet normal -1 0 0
    outer loop
      vertex 46.85 164.8 2.63
      vertex 46.85 164.8 2.6499999999999995
      vertex 46.85 166.1 2.63
    endloop
  endfacet
  facet normal -1 0 0
    outer loop
      vertex 46.85 166.1 2.63
      vertex 46.85 164.8 2.6499999999999995
      vertex 46.85 166.1 3.44
    endloop
  endfacet
  facet normal -1 0 0
    outer loop
      vertex 46.85 164.8 2.6499999999999995
      vertex 46.85 164.79999999999998 3.44
      vertex 46.85 166.1 3.44
    endloop
  endfacet
  facet normal 0 0 -1
    outer loop
      vertex 46.85 164.8 2.63
      vertex 46.85 166.1 2.63
      vertex 146 164.8 2.63
    endloop
  endfacet
  facet normal 0 1 0
    outer loop
      vertex 46.85 166.1 2.63
      vertex 46.85 166.1 3.44
      vertex 146 166.1 2.63
    endloop
  endfacet
  facet normal 0 0 1
    outer loop
      vertex 46.85 164.79999999999998 3.44
      vertex 146 166.1 3.44
      vertex 46.85 166.1 3.44
    endloop
  endfacet
  facet normal 0 0 -1
    outer loop
      vertex 46.85 166.1 2.63
      vertex 146 166.1 2.63
      vertex 146 164.8 2.63
    endloop
  endfacet
  facet normal 0 1 0
    outer loop
      vertex 46.85 166.1 3.44
      vertex 146 166.1 3.44
      vertex 146 166.1 2.63
    endloop
  endfacet
  facet normal 0 0 1
    outer loop
      vertex 46.85 164.79999999999998 3.44
      vertex 146 164.79999999999998 3.44
      vertex 146 166.1 3.44
    endloop
  endfacet
  facet normal 0 -1 0
    outer loop
      vertex 46.85 177.2 0.6
      vertex 46.86188541292101 177.2 0.6
      vertex 46.85 177.2 1.4
    endloop
  endfacet
  facet normal 0 -1 0
    outer loop
      vertex 46.86188541292101 177.2 0.6
      vertex 49.2167532467532 177.2 2.5813092313092323
      vertex 46.85 177.2 1.4
    endloop
  endfacet
  facet normal 0 -1 0
    outer loop
      vertex 46.85 177.2 1.4
      vertex 49.2167532467532 177.2 2.5813092313092323
      vertex 46.85 177.2 2.63
    endloop
  endfacet
  facet normal 0 -1 0
    outer loop
      vertex 49.2167532467532 177.2 2.5813092313092323
      vertex 145.52392156862743 177.2 0.6
      vertex 146 177.2 0.6
    endloop
  endfacet
  facet normal 0 -1 0
    outer loop
      vertex 49.2167532467532 177.2 2.5813092313092323
      vertex 146 177.2 2.63
      vertex 46.85 177.2 2.63
    endloop
  endfacet
  facet normal 0 -1 0
    outer loop
      vertex 49.2167532467532 177.2 2.5813092313092323
      vertex 146 177.2 0.6
      vertex 146 177.2 2.63
    endloop
  endfacet
  facet normal -1 0 0
    outer loop
      vertex 46.85 175.89999999999998 2.63
      vertex 46.85 177.2 2.6499999999999995
      vertex 46.85 177.2 2.63
    endloop
  endfacet
  facet normal -1 0 0
    outer loop
      vertex 46.85 175.89999999999998 2.63
      vertex 46.85 177.99999999999997 3.44
      vertex 46.85 177.2 2.6499999999999995
    endloop
  endfacet
  facet normal -1 0 0
    outer loop
      vertex 46.85 177.2 2.6499999999999995
      vertex 46.85 177.99999999999997 3.44
      vertex 46.85 178 2.6499999999999995
    endloop
  endfacet
  facet normal -1 0 0
    outer loop
      vertex 46.85 175.89999999999998 2.63
      vertex 46.85 175.89999999999998 3.44
      vertex 46.85 177.99999999999997 3.44
    endloop
  endfacet
  facet normal 0 0 -1
    outer loop
      vertex 46.85 175.89999999999998 2.63
      vertex 46.85 177.2 2.63
      vertex 146 175.89999999999998 2.63
    endloop
  endfacet
  facet normal 0 -1 0
    outer loop
      vertex 46.85 175.89999999999998 2.63
      vertex 146 175.89999999999998 3.44
      vertex 46.85 175.89999999999998 3.44
    endloop
  endfacet
  facet normal 0 0 1
    outer loop
      vertex 46.85 175.89999999999998 3.44
      vertex 146 177.99999999999997 3.44
      vertex 46.85 177.99999999999997 3.44
    endloop
  endfacet
  facet normal 0 0 -1
    outer loop
      vertex 46.85 177.2 2.63
      vertex 146 177.2 2.63
      vertex 146 175.89999999999998 2.63
    endloop
  endfacet
  facet normal 0 -1 0
    outer loop
      vertex 46.85 175.89999999999998 2.63
      vertex 146 175.89999999999998 2.63
      vertex 146 175.89999999999998 3.44
    endloop
  endfacet
  facet normal 0 0 1
    outer loop
      vertex 46.85 175.89999999999998 3.44
      vertex 146 175.89999999999998 3.44
      vertex 146 177.99999999999997 3.44
    endloop
  endfacet
  facet normal 1 0 0
    outer loop
      vertex 40.85 164.8 0.6
      vertex 40.85 177.2 0.6
      vertex 40.85 164.8 1.4
    endloop
  endfacet
  facet normal -1 0 0
    outer loop
      vertex 39.65 164.0088397790055 0.6
      vertex 39.65 177.2 1.468382352941176
      vertex 39.65 177.2 0.6
    endloop
  endfacet
  facet normal 1 0 0
    outer loop
      vertex 40.85 177.2 0.6
      vertex 40.85 177.2 1.4
      vertex 40.85 164.8 1.4
    endloop
  endfacet
  facet normal -1 0 0
    outer loop
      vertex 39.65 164.0088397790055 0.6
      vertex 39.65 164.8 1.4949999999999999
      vertex 39.65 177.58823529411765 2.346764705882352
    endloop
  endfacet
  facet normal -1 0 0
    outer loop
      vertex 39.65 164.0088397790055 0.6
      vertex 39.65 177.58823529411765 2.346764705882352
      vertex 39.65 177.2 1.468382352941176
    endloop
  endfacet
  facet normal 1 0 0
    outer loop
      vertex 40.85 177.2 1.4
      vertex 40.85 177.6 1.4
      vertex 40.85 177.46666666666667 1.7333333333333332
    endloop
  endfacet
  facet normal 1 0 0
    outer loop
      vertex 40.85 177.2 1.4
      vertex 40.85 177.46666666666667 1.7333333333333332
      vertex 40.85 177.2 1.9147058823529415
    endloop
  endfacet
  facet normal 1 0 0
    outer loop
      vertex 40.85 164 1.4
      vertex 40.85 164.8 1.4
      vertex 40.85 164 2.4
    endloop
  endfacet
  facet normal 1 0 0
    outer loop
      vertex 40.85 164.8 1.4
      vertex 40.85 177.2 1.4
      vertex 40.85 164 2.4
    endloop
  endfacet
  facet normal -1 0 0
    outer loop
      vertex 39.65 164.8 1.4949999999999999
      vertex 39.65 164.8 2.4
      vertex 39.65 177.2 2.4
    endloop
  endfacet
  facet normal 1 0 0
    outer loop
      vertex 40.85 177.2 1.4
      vertex 40.85 177.2 1.9147058823529415
      vertex 40.85 164 2.4
    endloop
  endfacet
  facet normal -1 0 0
    outer loop
      vertex 39.65 164.8 1.4949999999999999
      vertex 39.65 177.2 2.4
      vertex 39.65 177.58823529411765 2.346764705882352
    endloop
  endfacet
  facet normal 0 0 1
    outer loop
      vertex 39.71857142857143 164 2.4
      vertex 40.85 164 2.4
      vertex 39.65 164.8 2.4
    endloop
  endfacet
  facet normal 0 0 1
    outer loop
      vertex 40.85 164 2.4
      vertex 39.65 177.2 2.4
      vertex 39.65 164.8 2.4
    endloop
  endfacet
  facet normal 1 0 0
    outer loop
      vertex 40.85 177.2 1.9147058823529415
      vertex 40.85 177.2 2.4
      vertex 40.85 164 2.4
    endloop
  endfacet
  facet normal 1 0 0
    outer loop
      vertex 40.85 177.9542857142857 2.342857142857142
      vertex 40.85 178 2.370588235294117
      vertex 40.85 178 2.4
    endloop
  endfacet
  facet normal 0 0 1
    outer loop
      vertex 40.85 164 2.4
      vertex 40.85 177.2 2.4
      vertex 39.65 177.2 2.4
    endloop
  endfacet
  facet normal 1 0 0
    outer loop
      vertex 40.85 177.9542857142857 2.342857142857142
      vertex 40.85 178 2.4
      vertex 40.85 177.2 2.4
    endloop
  endfacet
  facet normal 0 0 1
    outer loop
      vertex 40.85 177.2 2.4
      vertex 40.85 178 2.4
      vertex 40.78142857142857 178 2.4
    endloop
  endfacet
  facet normal 0 -1 0
    outer loop
      vertex 12.25 177.2 0.6
      vertex 33.06 177.2 0.6
      vertex 33.06 177.2 1.29
    endloop
  endfacet
  facet normal 0 1 0
    outer loop
      vertex 12.25 178 0.6
      vertex 33.06 178 1.29
      vertex 33.06 178 0.6
    endloop
  endfacet
  facet normal 0 -1 0
    outer loop
      vertex 12.25 177.2 0.6
      vertex 33.06 177.2 1.29
      vertex 12.25 177.2 1.2899999999999998
    endloop
  endfacet
  facet normal 0 1 0
    outer loop
      vertex 12.25 178 0.6
      vertex 12.25 178 1.2899999999999998
      vertex 33.06 178 1.29
    endloop
  endfacet
  facet normal 1.0670091538925097e-17 1.708035422500263e-16 -1
    outer loop
      vertex 12.25 178 1.2899999999999998
      vertex 12.25 179.29999999999998 1.29
      vertex 33.06 178 1.29
    endloop
  endfacet
  facet normal 0 0 -1
    outer loop
      vertex 12.25 179.29999999999998 1.29
      vertex 33.06 179.2961111111111 1.29
      vertex 33.06 178 1.29
    endloop
  endfacet
  facet normal -1.0670091538925098e-17 -5.709718412349232e-14 -1
    outer loop
      vertex 12.25 179.29999999999998 1.29
      vertex 33.06 179.29999999999998 1.2899999999999998
      vertex 33.06 179.2961111111111 1.29
    endloop
  endfacet
  facet normal 0 1 0
    outer loop
      vertex 12.25 179.29999999999998 1.29
      vertex 12.25 179.29999999999998 1.2939234449760766
      vertex 32.79512195121949 179.29999999999998 2.0999999999999996
    endloop
  endfacet
  facet normal 0 1 0
    outer loop
      vertex 12.25 179.29999999999998 1.29
      vertex 32.79512195121949 179.29999999999998 2.0999999999999996
      vertex 33.06 179.29999999999998 1.2899999999999998
    endloop
  endfacet
  facet normal 1 0 0
    outer loop
      vertex 33.06 179.2961111111111 1.29
      vertex 33.06 179.29999999999998 1.2899999999999998
      vertex 33.06 179.29999999999998 2.0999999999999996
    endloop
  endfacet
  facet normal 0 1 0
    outer loop
      vertex 33.06 179.29999999999998 1.2899999999999998
      vertex 32.79512195121949 179.29999999999998 2.0999999999999996
      vertex 33.05 179.29999999999998 2.0999999999999996
    endloop
  endfacet
  facet normal 1 0 0
    outer loop
      vertex 33.06 179.2961111111111 1.29
      vertex 33.06 179.29999999999998 2.0999999999999996
      vertex 33.06 179.2961111111111 2.0999999999999996
    endloop
  endfacet
  facet normal 0 1 0
    outer loop
      vertex 33.06 179.29999999999998 1.2899999999999998
      vertex 33.05 179.29999999999998 2.0999999999999996
      vertex 33.06 179.29999999999998 2.0999999999999996
    endloop
  endfacet
  facet normal 0 0 1
    outer loop
      vertex 33.06 179.2961111111111 2.0999999999999996
      vertex 33.06 179.29999999999998 2.0999999999999996
      vertex 33.05 179.29999999999998 2.0999999999999996
    endloop
  endfacet
  facet normal 0 0 -1
    outer loop
      vertex 33.06 177.2 1.29
      vertex 33.06 178 1.29
      vertex 36.392857142857096 177.45979955456568 1.29
    endloop
  endfacet
  facet normal 0 0 -1
    outer loop
      vertex 33.06 178 1.29
      vertex 33.06 179.2961111111111 1.29
      vertex 36.392857142857096 178 1.29
    endloop
  endfacet
  facet normal 0 0 -1
    outer loop
      vertex 33.06 178 1.29
      vertex 36.392857142857096 178 1.29
      vertex 37.02413244650084 177.754504048583 1.29
    endloop
  endfacet
  facet normal 0 0 -1
    outer loop
      vertex 33.06 178 1.29
      vertex 37.55 177.54999999999998 1.29
      vertex 36.392857142857096 177.45979955456568 1.29
    endloop
  endfacet
  facet normal 0 0 -1
    outer loop
      vertex 33.06 178 1.29
      vertex 37.02413244650084 177.754504048583 1.29
      vertex 37.42142857142854 177.6 1.29
    endloop
  endfacet
  facet normal 0 0 -1
    outer loop
      vertex 33.06 178 1.29
      vertex 37.42142857142854 177.6 1.29
      vertex 37.55 177.54999999999998 1.29
    endloop
  endfacet
  facet normal 0 0 -1
    outer loop
      vertex 35.83635038430953 177.2 1.29
      vertex 36.392857142857096 177.45979955456568 1.29
      vertex 36.392857142857096 177.2 1.29
    endloop
  endfacet
  facet normal 0 0 -1
    outer loop
      vertex 36.392857142857096 177.2 1.29
      vertex 36.392857142857096 177.45979955456568 1.29
      vertex 37.55 177.2 1.29
    endloop
  endfacet
  facet normal 0.3624462611549475 0.9320046715412964 4.652420605348588e-17
    outer loop
      vertex 33.06 179.2961111111111 1.29
      vertex 36.392857142857096 178 2.1100000000000003
      vertex 36.392857142857096 178 1.29
    endloop
  endfacet
  facet normal 0 -1 0
    outer loop
      vertex 36.392857142857096 177.2 1.29
      vertex 37.55 177.2 1.29
      vertex 36.392857142857096 177.2 2.1100000000000003
    endloop
  endfacet
  facet normal 0 0 -1
    outer loop
      vertex 36.392857142857096 177.45979955456568 1.29
      vertex 37.55 177.54999999999998 1.29
      vertex 37.55 177.2 1.29
    endloop
  endfacet
  facet normal 1 0 0
    outer loop
      vertex 37.55 177.2 1.29
      vertex 37.55 177.54999999999998 1.29
      vertex 37.55 177.2 2.1100000000000003
    endloop
  endfacet
  facet normal 0.3624462611549559 0.9320046715412931 0
    outer loop
      vertex 37.55 177.54999999999998 1.29
      vertex 37.42142857142854 177.6 1.29
      vertex 37.55 177.54999999999998 2.1100000000000003
    endloop
  endfacet
  facet normal 0 0 1
    outer loop
      vertex 12.25 177.21004784688995 2.1100000000000003
      vertex 20.111904761904896 178 2.1100000000000003
      vertex 12.25 179.29999999999998 2.1100000000000003
    endloop
  endfacet
  facet normal 0 1 0
    outer loop
      vertex 12.25 179.29999999999998 1.2939234449760766
      vertex 12.25 179.29999999999998 2.1100000000000003
      vertex 32.79512195121949 179.29999999999998 2.0999999999999996
    endloop
  endfacet
  facet normal 0 0 1
    outer loop
      vertex 12.25 179.29999999999998 2.1100000000000003
      vertex 20.111904761904896 178 2.1100000000000003
      vertex 33.05 179.29999999999998 2.1100000000000003
    endloop
  endfacet
  facet normal 0 1 0
    outer loop
      vertex 12.25 179.29999999999998 2.1100000000000003
      vertex 33.05 179.29999999999998 2.1100000000000003
      vertex 32.79512195121949 179.29999999999998 2.0999999999999996
    endloop
  endfacet
  facet normal 0.3624462611549475 0.9320046715412963 0
    outer loop
      vertex 33.06 179.2961111111111 1.29
      vertex 33.06 179.2961111111111 2.0999999999999996
      vertex 36.392857142857096 178 2.1100000000000003
    endloop
  endfacet
  facet normal 0 0 1
    outer loop
      vertex 20.111904761904896 178 2.1100000000000003
      vertex 35.83571428571425 178 2.1100000000000003
      vertex 33.05 179.29999999999998 2.1100000000000003
    endloop
  endfacet
  facet normal 0 1 0
    outer loop
      vertex 32.79512195121949 179.29999999999998 2.0999999999999996
      vertex 33.05 179.29999999999998 2.1100000000000003
      vertex 33.05 179.29999999999998 2.0999999999999996
    endloop
  endfacet
  facet normal 0.362446261155268 0.9320046715411717 -1.0913200371308848e-17
    outer loop
      vertex 33.06 179.2961111111111 2.0999999999999996
      vertex 33.05 179.29999999999998 2.0999999999999996
      vertex 33.05 179.29999999999998 2.1100000000000003
    endloop
  endfacet
  facet normal 0.3624462611549485 0.9320046715412961 -3.6790874196218015e-13
    outer loop
      vertex 33.06 179.2961111111111 2.0999999999999996
      vertex 33.05 179.29999999999998 2.1100000000000003
      vertex 36.392857142857096 178 2.1100000000000003
    endloop
  endfacet
  facet normal 0 0 1
    outer loop
      vertex 33.05 179.29999999999998 2.1100000000000003
      vertex 35.83571428571425 178 2.1100000000000003
      vertex 36.392857142857096 178 2.1100000000000003
    endloop
  endfacet
  facet normal 0 0 1
    outer loop
      vertex 36.392857142857096 177.2 2.1100000000000003
      vertex 37.55 177.2 2.1100000000000003
      vertex 37.02402597402595 177.44545454545454 2.1100000000000003
    endloop
  endfacet
  facet normal 0 -1 0
    outer loop
      vertex 37.55 177.2 1.29
      vertex 37.55 177.2 2.1100000000000003
      vertex 36.392857142857096 177.2 2.1100000000000003
    endloop
  endfacet
  facet normal 0.3624462611549559 0.9320046715412931 0
    outer loop
      vertex 37.42142857142854 177.6 1.29
      vertex 37.42142857142854 177.6 2.1100000000000003
      vertex 37.55 177.54999999999998 2.1100000000000003
    endloop
  endfacet
  facet normal 1 0 0
    outer loop
      vertex 37.55 177.54999999999998 1.29
      vertex 37.55 177.54999999999998 2.1100000000000003
      vertex 37.55 177.2 2.1100000000000003
    endloop
  endfacet
  facet normal 0 0 1
    outer loop
      vertex 37.02402597402595 177.44545454545454 2.1100000000000003
      vertex 37.55 177.2 2.1100000000000003
      vertex 37.42142857142854 177.6 2.1100000000000003
    endloop
  endfacet
  facet normal 0 0 1
    outer loop
      vertex 37.55 177.2 2.1100000000000003
      vertex 37.55 177.54999999999998 2.1100000000000003
      vertex 37.42142857142854 177.6 2.1100000000000003
    endloop
  endfacet
  facet normal 0 -1 0
    outer loop
      vertex 12.25 190.39999999999998 0.6
      vertex 33.06 190.39999999999998 0.6
      vertex 33.06 190.39999999999998 1.29
    endloop
  endfacet
  facet normal 0 1 0
    outer loop
      vertex 12.25 191.2 0.6
      vertex 33.06 191.2 1.29
      vertex 33.06 191.2 0.6
    endloop
  endfacet
  facet normal 0 -1 0
    outer loop
      vertex 12.25 190.39999999999998 0.6
      vertex 33.06 190.39999999999998 1.29
      vertex 12.25 190.39999999999998 1.2900000000000003
    endloop
  endfacet
  facet normal 0 1 0
    outer loop
      vertex 12.25 191.2 0.6
      vertex 12.25 191.2 1.2899999999999998
      vertex 33.06 191.2 1.29
    endloop
  endfacet
  facet normal 1 0 0
    outer loop
      vertex 33.06 191.2 0.6
      vertex 33.06 191.2 1.29
      vertex 33.06 190.39999999999998 1.29
    endloop
  endfacet
  facet normal 0 3.416070845000452e-16 -1
    outer loop
      vertex 12.25 189.09999999999997 1.2899999999999998
      vertex 12.25 190.39999999999998 1.2900000000000003
      vertex 33.06 189.09999999999997 1.2899999999999998
    endloop
  endfacet
  facet normal 3.545518988474233e-15 5.709718412307555e-14 -1
    outer loop
      vertex 12.25 190.39999999999998 1.2900000000000003
      vertex 33.06 189.1038888888889 1.29
      vertex 33.06 189.09999999999997 1.2899999999999998
    endloop
  endfacet
  facet normal -1.0670091538925097e-17 0 -1
    outer loop
      vertex 12.25 190.39999999999998 1.2900000000000003
      vertex 33.06 190.39999999999998 1.29
      vertex 33.06 189.1038888888889 1.29
    endloop
  endfacet
  facet normal 0 -1 0
    outer loop
      vertex 12.25 189.09999999999997 1.2899999999999998
      vertex 33.06 189.09999999999997 1.2899999999999998
      vertex 33.06 189.09999999999997 2.0999999999999996
    endloop
  endfacet
  facet normal 1 0 0
    outer loop
      vertex 33.06 189.09999999999997 1.2899999999999998
      vertex 33.06 189.1038888888889 1.29
      vertex 33.06 189.1038888888889 2.0999999999999996
    endloop
  endfacet
  facet normal 0 -1 3.5088530160992606e-14
    outer loop
      vertex 12.25 189.09999999999997 1.2899999999999998
      vertex 33.05 189.1 2.0999999999999996
      vertex 12.25 189.1 2.0999999999999996
    endloop
  endfacet
  facet normal -2.8421709430391103e-12 -1 7.301923126499248e-11
    outer loop
      vertex 12.25 189.09999999999997 1.2899999999999998
      vertex 33.06 189.09999999999997 2.0999999999999996
      vertex 33.05 189.1 2.0999999999999996
    endloop
  endfacet
  facet normal 1 0 0
    outer loop
      vertex 33.06 189.09999999999997 1.2899999999999998
      vertex 33.06 189.1038888888889 2.0999999999999996
      vertex 33.06 189.09999999999997 2.0999999999999996
    endloop
  endfacet
  facet normal 0 0 1
    outer loop
      vertex 33.06 189.09999999999997 2.0999999999999996
      vertex 33.06 189.1038888888889 2.0999999999999996
      vertex 33.05 189.1 2.0999999999999996
    endloop
  endfacet
  facet normal 0 0 -1
    outer loop
      vertex 33.06 189.1038888888889 1.29
      vertex 33.06 190.39999999999998 1.29
      vertex 36.392857142857096 190.65979955456567 1.29
    endloop
  endfacet
  facet normal 0 0 -1
    outer loop
      vertex 33.06 189.1038888888889 1.29
      vertex 36.392857142857096 190.65979955456567 1.29
      vertex 36.392857142857096 190.39999999999998 1.29
    endloop
  endfacet
  facet normal 0 0 -1
    outer loop
      vertex 33.06 190.39999999999998 1.29
      vertex 33.06 191.2 1.29
      vertex 36.392857142857096 191.2 1.29
    endloop
  endfacet
  facet normal 0 0 -1
    outer loop
      vertex 33.06 190.39999999999998 1.29
      vertex 36.756436831769555 190.82953305694957 1.29
      vertex 36.392857142857096 190.65979955456567 1.29
    endloop
  endfacet
  facet normal 0 0 -1
    outer loop
      vertex 33.06 190.39999999999998 1.29
      vertex 36.392857142857096 191.2 1.29
      vertex 37.55 191.2 1.29
    endloop
  endfacet
  facet normal 0 0 -1
    outer loop
      vertex 33.06 190.39999999999998 1.29
      vertex 37.55 191.2 1.29
      vertex 36.756436831769555 190.82953305694957 1.29
    endloop
  endfacet
  facet normal 0 0 -1
    outer loop
      vertex 36.392857142857096 190.39999999999998 1.29
      vertex 36.392857142857096 190.65979955456567 1.29
      vertex 37.228392359729334 190.72493036211696 1.29
    endloop
  endfacet
  facet normal 0.3624462611549475 -0.9320046715412963 0
    outer loop
      vertex 33.06 189.1038888888889 1.29
      vertex 36.392857142857096 190.39999999999998 1.29
      vertex 33.06 189.1038888888889 2.0999999999999996
    endloop
  endfacet
  facet normal 0 0 -1
    outer loop
      vertex 36.756436831769555 190.82953305694957 1.29
      vertex 37.55 191.2 1.29
      vertex 37.42142857142854 190.79999999999998 1.29
    endloop
  endfacet
  facet normal 0 0 -1
    outer loop
      vertex 37.42142857142854 190.79999999999998 1.29
      vertex 37.55 191.2 1.29
      vertex 37.55 190.85 1.29
    endloop
  endfacet
  facet normal 0.3624462611549559 -0.9320046715412931 0
    outer loop
      vertex 37.42142857142854 190.79999999999998 1.29
      vertex 37.55 190.85 1.29
      vertex 37.42142857142854 190.79999999999998 2.1100000000000003
    endloop
  endfacet
  facet normal 1 0 0
    outer loop
      vertex 37.55 190.85 1.29
      vertex 37.55 191.2 1.29
      vertex 37.55 190.85 2.1100000000000003
    endloop
  endfacet
  facet normal 0 1 0
    outer loop
      vertex 36.392857142857096 191.2 1.29
      vertex 37.55 191.2 2.1100000000000003
      vertex 37.55 191.2 1.29
    endloop
  endfacet
  facet normal 0 0 1
    outer loop
      vertex 12.25 189.1 2.1100000000000003
      vertex 31.018571428571178 190.39999999999998 2.1100000000000003
      vertex 12.25 190.40159655347185 2.1100000000000003
    endloop
  endfacet
  facet normal 0 -1 0
    outer loop
      vertex 12.25 189.1 2.0999999999999996
      vertex 33.05 189.1 2.1100000000000003
      vertex 12.25 189.1 2.1100000000000003
    endloop
  endfacet
  facet normal 0 0 1
    outer loop
      vertex 12.25 189.1 2.1100000000000003
      vertex 33.05 189.1 2.1100000000000003
      vertex 31.018571428571178 190.39999999999998 2.1100000000000003
    endloop
  endfacet
  facet normal 0 -1 0
    outer loop
      vertex 12.25 189.1 2.0999999999999996
      vertex 33.05 189.1 2.0999999999999996
      vertex 33.05 189.1 2.1100000000000003
    endloop
  endfacet
  facet normal 0 0 1
    outer loop
      vertex 12.25 190.40159655347185 2.1100000000000003
      vertex 31.018571428571178 190.39999999999998 2.1100000000000003
      vertex 36.70976476353831 190.79210977701544 2.1100000000000003
    endloop
  endfacet
  facet normal 0.3624462611549475 -0.9320046715412964 0
    outer loop
      vertex 36.392857142857096 190.39999999999998 1.29
      vertex 36.392857142857096 190.39999999999998 2.1100000000000003
      vertex 33.06 189.1038888888889 2.0999999999999996
    endloop
  endfacet
  facet normal 0 1 0
    outer loop
      vertex 36.392857142857096 191.2 1.29
      vertex 36.392857142857096 191.2 2.1100000000000003
      vertex 37.55 191.2 2.1100000000000003
    endloop
  endfacet
  facet normal 0 0 1
    outer loop
      vertex 31.018571428571178 190.39999999999998 2.1100000000000003
      vertex 33.05 189.1 2.1100000000000003
      vertex 36.392857142857096 190.39999999999998 2.1100000000000003
    endloop
  endfacet
  facet normal 0.362446261155268 -0.9320046715411717 -1.2298940450960113e-10
    outer loop
      vertex 33.05 189.1 2.0999999999999996
      vertex 33.06 189.1038888888889 2.0999999999999996
      vertex 36.392857142857096 190.39999999999998 2.1100000000000003
    endloop
  endfacet
  facet normal 0.3624462611549485 -0.9320046715412961 0
    outer loop
      vertex 33.05 189.1 2.0999999999999996
      vertex 36.392857142857096 190.39999999999998 2.1100000000000003
      vertex 33.05 189.1 2.1100000000000003
    endloop
  endfacet
  facet normal 0 0 1
    outer loop
      vertex 36.392857142857096 191.2 2.1100000000000003
      vertex 36.55637496377858 190.86369168356998 2.1100000000000003
      vertex 37.55 191.2 2.1100000000000003
    endloop
  endfacet
  facet normal 0 0 1
    outer loop
      vertex 36.55637496377858 190.86369168356998 2.1100000000000003
      vertex 36.70976476353831 190.79210977701544 2.1100000000000003
      vertex 37.33155757286187 190.83494983277592 2.1100000000000003
    endloop
  endfacet
  facet normal 0.3624462611549559 -0.9320046715412931 0
    outer loop
      vertex 37.55 190.85 1.29
      vertex 37.55 190.85 2.1100000000000003
      vertex 37.42142857142854 190.79999999999998 2.1100000000000003
    endloop
  endfacet
  facet normal 1 0 0
    outer loop
      vertex 37.55 191.2 1.29
      vertex 37.55 191.2 2.1100000000000003
      vertex 37.55 190.85 2.1100000000000003
    endloop
  endfacet
  facet normal 0 0 1
    outer loop
      vertex 36.55637496377858 190.86369168356998 2.1100000000000003
      vertex 37.33155757286187 190.83494983277592 2.1100000000000003
      vertex 37.55 190.85 2.1100000000000003
    endloop
  endfacet
  facet normal 0 0 1
    outer loop
      vertex 36.55637496377858 190.86369168356998 2.1100000000000003
      vertex 37.55 190.85 2.1100000000000003
      vertex 37.55 191.2 2.1100000000000003
    endloop
  endfacet
  facet normal 0 0 1
    outer loop
      vertex 37.42142857142854 190.79999999999998 2.1100000000000003
      vertex 37.55 190.85 2.1100000000000003
      vertex 37.33155757286187 190.83494983277592 2.1100000000000003
    endloop
  endfacet
  facet normal 0 -1 0
    outer loop
      vertex 40.85 177.2 0.6
      vertex 46.85 177.2 0.6
      vertex 40.85 177.2 1.4
    endloop
  endfacet
  facet normal 0 -1 0
    outer loop
      vertex 46.85 177.2 0.6
      vertex 46.85 177.2 1.4
      vertex 40.85 177.2 1.4
    endloop
  endfacet
  facet normal 0 0 1
    outer loop
      vertex 40.85 177.2 1.4
      vertex 46.85 177.2 1.4
      vertex 40.85 177.6 1.4
    endloop
  endfacet
  facet normal 0 1 0
    outer loop
      vertex 40.85 191.2 0.6
      vertex 46.85 191.2 1.4
      vertex 46.85 191.2 0.6
    endloop
  endfacet
  facet normal 0 1 0
    outer loop
      vertex 40.85 191.2 0.6
      vertex 40.85 191.2 1.4
      vertex 46.85 191.2 1.4
    endloop
  endfacet
  facet normal 0 0 1
    outer loop
      vertex 40.85 191.2 1.4
      vertex 46.85 190.39999999999998 1.4
      vertex 46.85 191.2 1.4
    endloop
  endfacet
  facet normal -1 0 0
    outer loop
      vertex 46.85 177.2 1.4
      vertex 46.85 178 2.63
      vertex 46.85 178 1.4
    endloop
  endfacet
  facet normal -1 0 0
    outer loop
      vertex 46.85 177.2 1.4
      vertex 46.85 177.2 2.63
      vertex 46.85 178 2.6499999999999995
    endloop
  endfacet
  facet normal -1 0 0
    outer loop
      vertex 46.85 177.2 1.4
      vertex 46.85 178 2.6499999999999995
      vertex 46.85 178 2.63
    endloop
  endfacet
  facet normal -1 0 0
    outer loop
      vertex 46.85 177.2 2.63
      vertex 46.85 177.2 2.6499999999999995
      vertex 46.85 178 2.6499999999999995
    endloop
  endfacet
  facet normal 0 1 0
    outer loop
      vertex 46.85 178 0.6
      vertex 46.85 178 1.4
      vertex 146 178 0.6
    endloop
  endfacet
  facet normal 0 -1 0
    outer loop
      vertex 46.86188541292101 177.2 0.6
      vertex 145.52392156862743 177.2 0.6
      vertex 49.2167532467532 177.2 2.5813092313092323
    endloop
  endfacet
  facet normal 0 1 0
    outer loop
      vertex 46.85 178 1.4
      vertex 46.85 178 2.63
      vertex 146 178 0.6
    endloop
  endfacet
  facet normal 0 1 0
    outer loop
      vertex 46.85 178 2.63
      vertex 146 178 2.63
      vertex 146 178 0.6
    endloop
  endfacet
  facet normal -1 0 0
    outer loop
      vertex 46.85 178 2.63
      vertex 46.85 178 2.6499999999999995
      vertex 46.85 179.29999999999998 2.63
    endloop
  endfacet
  facet normal -1 0 0
    outer loop
      vertex 46.85 179.29999999999998 2.63
      vertex 46.85 178 2.6499999999999995
      vertex 46.85 179.29999999999998 3.44
    endloop
  endfacet
  facet normal -1 0 0
    outer loop
      vertex 46.85 178 2.6499999999999995
      vertex 46.85 177.99999999999997 3.44
      vertex 46.85 179.29999999999998 3.44
    endloop
  endfacet
  facet normal 0 0 -1
    outer loop
      vertex 46.85 178 2.63
      vertex 46.85 179.29999999999998 2.63
      vertex 146 178 2.63
    endloop
  endfacet
  facet normal 0 1 0
    outer loop
      vertex 46.85 179.29999999999998 2.63
      vertex 46.85 179.29999999999998 3.44
      vertex 146 179.29999999999998 2.63
    endloop
  endfacet
  facet normal 0 0 1
    outer loop
      vertex 46.85 177.99999999999997 3.44
      vertex 146 179.29999999999998 3.44
      vertex 46.85 179.29999999999998 3.44
    endloop
  endfacet
  facet normal 0 0 -1
    outer loop
      vertex 46.85 179.29999999999998 2.63
      vertex 146 179.29999999999998 2.63
      vertex 146 178 2.63
    endloop
  endfacet
  facet normal 0 1 0
    outer loop
      vertex 46.85 179.29999999999998 3.44
      vertex 146 179.29999999999998 3.44
      vertex 146 179.29999999999998 2.63
    endloop
  endfacet
  facet normal 0 0 1
    outer loop
      vertex 46.85 177.99999999999997 3.44
      vertex 146 177.99999999999997 3.44
      vertex 146 179.29999999999998 3.44
    endloop
  endfacet
  facet normal 0 -1 0
    outer loop
      vertex 46.85 190.39999999999998 0.6
      vertex 146 190.39999999999998 0.6
      vertex 46.85 190.39999999999998 1.4
    endloop
  endfacet
  facet normal 0 1 0
    outer loop
      vertex 46.85 191.2 0.6
      vertex 46.85 191.2 1.4
      vertex 146 191.2 0.6
    endloop
  endfacet
  facet normal 0 -1 0
    outer loop
      vertex 46.85 190.39999999999998 1.4
      vertex 146 190.39999999999998 0.6
      vertex 46.85 190.39999999999998 2.63
    endloop
  endfacet
  facet normal 0 1 0
    outer loop
      vertex 46.85 191.2 1.4
      vertex 146 191.2 2.6298759580475997
      vertex 146 191.2 0.6
    endloop
  endfacet
  facet normal 0 -1 0
    outer loop
      vertex 46.85 190.39999999999998 2.63
      vertex 146 190.39999999999998 0.6
      vertex 146 190.39999999999998 2.63
    endloop
  endfacet
  facet normal -1 0 0
    outer loop
      vertex 46.85 189.09999999999997 2.63
      vertex 46.85 190.39999999999998 2.6499999999999995
      vertex 46.85 190.39999999999998 2.63
    endloop
  endfacet
  facet normal -1 0 0
    outer loop
      vertex 46.85 189.09999999999997 2.63
      vertex 46.85 191.19999999999996 3.44
      vertex 46.85 190.39999999999998 2.6499999999999995
    endloop
  endfacet
  facet normal -1 0 0
    outer loop
      vertex 46.85 190.39999999999998 2.6499999999999995
      vertex 46.85 191.19999999999996 3.44
      vertex 46.85 191.2 2.6499999999999995
    endloop
  endfacet
  facet normal -1 0 0
    outer loop
      vertex 46.85 189.09999999999997 2.63
      vertex 46.85 189.09999999999997 3.44
      vertex 46.85 191.19999999999996 3.44
    endloop
  endfacet
  facet normal 0 0 -1
    outer loop
      vertex 46.85 189.09999999999997 2.63
      vertex 46.85 190.39999999999998 2.63
      vertex 146 189.09999999999997 2.63
    endloop
  endfacet
  facet normal 0 -1 0
    outer loop
      vertex 46.85 189.09999999999997 2.63
      vertex 146 189.09999999999997 3.44
      vertex 46.85 189.09999999999997 3.44
    endloop
  endfacet
  facet normal 0 0 1
    outer loop
      vertex 46.85 189.09999999999997 3.44
      vertex 146 191.19999999999996 3.44
      vertex 46.85 191.19999999999996 3.44
    endloop
  endfacet
  facet normal 0 0 -1
    outer loop
      vertex 46.85 190.39999999999998 2.63
      vertex 146 190.39999999999998 2.63
      vertex 146 189.09999999999997 2.63
    endloop
  endfacet
  facet normal 0 -1 0
    outer loop
      vertex 46.85 189.09999999999997 2.63
      vertex 146 189.09999999999997 2.63
      vertex 146 189.09999999999997 3.44
    endloop
  endfacet
  facet normal 0 0 1
    outer loop
      vertex 46.85 189.09999999999997 3.44
      vertex 146 189.09999999999997 3.44
      vertex 146 191.19999999999996 3.44
    endloop
  endfacet
  facet normal 1 0 0
    outer loop
      vertex 40.85 178 0.6
      vertex 40.85 190.39999999999998 0.6
      vertex 40.85 178 1.4
    endloop
  endfacet
  facet normal -1 0 0
    outer loop
      vertex 39.65 177.2 0.6
      vertex 39.65 177.2 1.468382352941176
      vertex 39.65 191.2 2.4
    endloop
  endfacet
  facet normal 1 0 0
    outer loop
      vertex 40.85 177.6 1.4
      vertex 40.85 178 1.4
      vertex 40.85 177.46666666666667 1.7333333333333332
    endloop
  endfacet
  facet normal 1 0 0
    outer loop
      vertex 40.85 178 1.4
      vertex 40.85 190.39999999999998 1.4
      vertex 40.85 177.9542857142857 2.342857142857142
    endloop
  endfacet
  facet normal -1 0 0
    outer loop
      vertex 39.65 177.2 0.6
      vertex 39.65 191.2 1.4949999999999999
      vertex 39.65 190.4088397790055 0.6
    endloop
  endfacet
  facet normal 1 0 0
    outer loop
      vertex 40.85 190.39999999999998 0.6
      vertex 40.85 190.39999999999998 1.4
      vertex 40.85 178 1.4
    endloop
  endfacet
  facet normal -1 0 0
    outer loop
      vertex 39.65 177.2 0.6
      vertex 39.65 191.2 2.4
      vertex 39.65 191.2 1.4949999999999999
    endloop
  endfacet
  facet normal 1 0 0
    outer loop
      vertex 40.85 178 1.4
      vertex 40.85 177.2 2.4
      vertex 40.85 177.46666666666667 1.7333333333333332
    endloop
  endfacet
  facet normal 1 0 0
    outer loop
      vertex 40.85 177.46666666666667 1.7333333333333332
      vertex 40.85 177.2 2.4
      vertex 40.85 177.2 1.9147058823529415
    endloop
  endfacet
  facet normal 1 0 0
    outer loop
      vertex 40.85 178 1.4
      vertex 40.85 177.9542857142857 2.342857142857142
      vertex 40.85 177.2 2.4
    endloop
  endfacet
  facet normal 1 0 0
    outer loop
      vertex 40.85 190.39999999999998 1.4
      vertex 40.85 178 2.370588235294117
      vertex 40.85 177.9542857142857 2.342857142857142
    endloop
  endfacet
  facet normal -1 0 0
    outer loop
      vertex 39.65 177.2 1.468382352941176
      vertex 39.65 177.58823529411765 2.346764705882352
      vertex 39.65 191.2 2.4
    endloop
  endfacet
  facet normal 0 0 1
    outer loop
      vertex 39.65 177.2 2.4
      vertex 40.85 177.2 2.4
      vertex 40.78142857142857 178 2.4
    endloop
  endfacet
  facet normal -1 0 0
    outer loop
      vertex 39.65 177.58823529411765 2.346764705882352
      vertex 39.65 177.2 2.4
      vertex 39.65 191.2 2.4
    endloop
  endfacet
  facet normal 0 0 1
    outer loop
      vertex 39.65 177.2 2.4
      vertex 40.78142857142857 178 2.4
      vertex 39.71857142857143 190.39999999999998 2.4
    endloop
  endfacet
  facet normal 1 0 0
    outer loop
      vertex 40.85 178 2.370588235294117
      vertex 40.85 190.39999999999998 2.4
      vertex 40.85 178 2.4
    endloop
  endfacet
  facet normal 0 0 1
    outer loop
      vertex 40.85 178 2.4
      vertex 40.85 190.39999999999998 2.4
      vertex 40.78142857142857 178 2.4
    endloop
  endfacet
  facet normal 1 0 0
    outer loop
      vertex 40.85 190.39999999999998 1.4
      vertex 40.85 190.39999999999998 2.4
      vertex 40.85 178 2.370588235294117
    endloop
  endfacet
  facet normal 0 0 1
    outer loop
      vertex 39.65 177.2 2.4
      vertex 39.71857142857143 190.39999999999998 2.4
      vertex 39.65 191.2 2.4
    endloop
  endfacet
  facet normal 0 0 1
    outer loop
      vertex 40.78142857142857 178 2.4
      vertex 40.85 190.39999999999998 2.4
      vertex 39.71857142857143 190.39999999999998 2.4
    endloop
  endfacet
  facet normal 1 0 0
    outer loop
      vertex 33.06 190.39999999999998 0.6
      vertex 33.06 191.2 0.6
      vertex 33.06 190.39999999999998 1.29
    endloop
  endfacet
  facet normal 1.0670091538925097e-17 1.708035422500263e-16 -1
    outer loop
      vertex 12.25 191.2 1.2899999999999998
      vertex 12.25 192.49999999999997 1.29
      vertex 33.06 191.2 1.29
    endloop
  endfacet
  facet normal 0 0 -1
    outer loop
      vertex 12.25 192.49999999999997 1.29
      vertex 33.06 192.49611111111108 1.29
      vertex 33.06 191.2 1.29
    endloop
  endfacet
  facet normal -1.0670091538925098e-17 -5.709718412349232e-14 -1
    outer loop
      vertex 12.25 192.49999999999997 1.29
      vertex 33.06 192.49999999999997 1.2899999999999998
      vertex 33.06 192.49611111111108 1.29
    endloop
  endfacet
  facet normal 0 1 0
    outer loop
      vertex 12.25 192.49999999999997 1.29
      vertex 12.25 192.49999999999997 1.2939234449760766
      vertex 32.79512195121949 192.49999999999997 2.0999999999999996
    endloop
  endfacet
  facet normal 0 1 0
    outer loop
      vertex 12.25 192.49999999999997 1.29
      vertex 32.79512195121949 192.49999999999997 2.0999999999999996
      vertex 33.06 192.49999999999997 1.2899999999999998
    endloop
  endfacet
  facet normal 1 0 0
    outer loop
      vertex 33.06 192.49611111111108 1.29
      vertex 33.06 192.49999999999997 1.2899999999999998
      vertex 33.06 192.49999999999997 2.0999999999999996
    endloop
  endfacet
  facet normal 0 1 0
    outer loop
      vertex 33.06 192.49999999999997 1.2899999999999998
      vertex 32.79512195121949 192.49999999999997 2.0999999999999996
      vertex 33.05 192.49999999999997 2.0999999999999996
    endloop
  endfacet
  facet normal 1 0 0
    outer loop
      vertex 33.06 192.49611111111108 1.29
      vertex 33.06 192.49999999999997 2.0999999999999996
      vertex 33.06 192.49611111111108 2.0999999999999996
    endloop
  endfacet
  facet normal 0 1 0
    outer loop
      vertex 33.06 192.49999999999997 1.2899999999999998
      vertex 33.05 192.49999999999997 2.0999999999999996
      vertex 33.06 192.49999999999997 2.0999999999999996
    endloop
  endfacet
  facet normal 0 0 1
    outer loop
      vertex 33.06 192.49611111111108 2.0999999999999996
      vertex 33.06 192.49999999999997 2.0999999999999996
      vertex 33.05 192.49999999999997 2.0999999999999996
    endloop
  endfacet
  facet normal 0 0 -1
    outer loop
      vertex 33.06 191.2 1.29
      vertex 33.06 192.49611111111108 1.29
      vertex 36.392857142857096 191.2 1.29
    endloop
  endfacet
  facet normal 0 0 -1
    outer loop
      vertex 36.392857142857096 190.65979955456567 1.29
      vertex 36.756436831769555 190.82953305694957 1.29
      vertex 37.228392359729334 190.72493036211696 1.29
    endloop
  endfacet
  facet normal 0.3624462611549475 0.9320046715412963 0
    outer loop
      vertex 33.06 192.49611111111108 1.29
      vertex 33.06 192.49611111111108 2.0999999999999996
      vertex 36.392857142857096 191.2 1.29
    endloop
  endfacet
  facet normal 0 0 -1
    outer loop
      vertex 36.392857142857096 190.39999999999998 1.29
      vertex 37.228392359729334 190.72493036211696 1.29
      vertex 37.55 190.39999999999998 1.29
    endloop
  endfacet
  facet normal 0 0 -1
    outer loop
      vertex 36.756436831769555 190.82953305694957 1.29
      vertex 37.42142857142854 190.79999999999998 1.29
      vertex 37.55 190.74999999999997 1.29
    endloop
  endfacet
  facet normal 0 0 -1
    outer loop
      vertex 36.756436831769555 190.82953305694957 1.29
      vertex 37.55 190.74999999999997 1.29
      vertex 37.228392359729334 190.72493036211696 1.29
    endloop
  endfacet
  facet normal 0 0 -1
    outer loop
      vertex 37.228392359729334 190.72493036211696 1.29
      vertex 37.55 190.74999999999997 1.29
      vertex 37.55 190.39999999999998 1.29
    endloop
  endfacet
  facet normal 0 -1 0
    outer loop
      vertex 36.392857142857096 190.39999999999998 1.29
      vertex 37.55 190.39999999999998 1.29
      vertex 37.55 190.39999999999998 2.1100000000000003
    endloop
  endfacet
  facet normal 1 0 0
    outer loop
      vertex 37.55 190.39999999999998 1.29
      vertex 37.55 190.74999999999997 1.29
      vertex 37.55 190.39999999999998 2.1100000000000003
    endloop
  endfacet
  facet normal 0.3624462611549559 0.9320046715412931 0
    outer loop
      vertex 37.42142857142854 190.79999999999998 1.29
      vertex 37.42142857142854 190.79999999999998 2.1100000000000003
      vertex 37.55 190.74999999999997 1.29
    endloop
  endfacet
  facet normal 0 1 0
    outer loop
      vertex 12.25 192.49999999999997 1.2939234449760766
      vertex 12.25 192.49999999999997 2.1100000000000003
      vertex 32.79512195121949 192.49999999999997 2.0999999999999996
    endloop
  endfacet
  facet normal 0 0 1
    outer loop
      vertex 12.25 190.40159655347185 2.1100000000000003
      vertex 33.05 192.49999999999997 2.1100000000000003
      vertex 12.25 192.49999999999997 2.1100000000000003
    endloop
  endfacet
  facet normal 0 1 0
    outer loop
      vertex 12.25 192.49999999999997 2.1100000000000003
      vertex 33.05 192.49999999999997 2.1100000000000003
      vertex 32.79512195121949 192.49999999999997 2.0999999999999996
    endloop
  endfacet
  facet normal 0 0 1
    outer loop
      vertex 12.25 190.40159655347185 2.1100000000000003
      vertex 36.55637496377858 190.86369168356998 2.1100000000000003
      vertex 33.05 192.49999999999997 2.1100000000000003
    endloop
  endfacet
  facet normal 0.36244626115484174 0.9320046715413374 -4.859097006510281e-13
    outer loop
      vertex 36.392857142857096 191.2 1.29
      vertex 33.06 192.49611111111108 2.0999999999999996
      vertex 33.05 192.49999999999997 2.1100000000000003
    endloop
  endfacet
  facet normal 0.3624462611549484 0.932004671541296 0
    outer loop
      vertex 36.392857142857096 191.2 1.29
      vertex 33.05 192.49999999999997 2.1100000000000003
      vertex 36.392857142857096 191.2 2.1100000000000003
    endloop
  endfacet
  facet normal 0 -1 0
    outer loop
      vertex 36.392857142857096 190.39999999999998 1.29
      vertex 37.55 190.39999999999998 2.1100000000000003
      vertex 36.392857142857096 190.39999999999998 2.1100000000000003
    endloop
  endfacet
  facet normal 0 0 1
    outer loop
      vertex 12.25 190.40159655347185 2.1100000000000003
      vertex 36.70976476353831 190.79210977701544 2.1100000000000003
      vertex 36.55637496377858 190.86369168356998 2.1100000000000003
    endloop
  endfacet
  facet normal 0 1 0
    outer loop
      vertex 32.79512195121949 192.49999999999997 2.0999999999999996
      vertex 33.05 192.49999999999997 2.1100000000000003
      vertex 33.05 192.49999999999997 2.0999999999999996
    endloop
  endfacet
  facet normal 0.362446261155268 0.9320046715411717 -1.0913200371308848e-17
    outer loop
      vertex 33.06 192.49611111111108 2.0999999999999996
      vertex 33.05 192.49999999999997 2.0999999999999996
      vertex 33.05 192.49999999999997 2.1100000000000003
    endloop
  endfacet
  facet normal 0 0 1
    outer loop
      vertex 31.018571428571178 190.39999999999998 2.1100000000000003
      vertex 36.392857142857096 190.39999999999998 2.1100000000000003
      vertex 36.70976476353831 190.79210977701544 2.1100000000000003
    endloop
  endfacet
  facet normal 0 0 1
    outer loop
      vertex 33.05 192.49999999999997 2.1100000000000003
      vertex 36.55637496377858 190.86369168356998 2.1100000000000003
      vertex 36.392857142857096 191.2 2.1100000000000003
    endloop
  endfacet
  facet normal 0 0 1
    outer loop
      vertex 36.392857142857096 190.39999999999998 2.1100000000000003
      vertex 37.55 190.39999999999998 2.1100000000000003
      vertex 36.70976476353831 190.79210977701544 2.1100000000000003
    endloop
  endfacet
  facet normal 1 0 0
    outer loop
      vertex 37.55 190.74999999999997 1.29
      vertex 37.55 190.74999999999997 2.1100000000000003
      vertex 37.55 190.39999999999998 2.1100000000000003
    endloop
  endfacet
  facet normal 0.3624462611549559 0.9320046715412931 0
    outer loop
      vertex 37.55 190.74999999999997 1.29
      vertex 37.42142857142854 190.79999999999998 2.1100000000000003
      vertex 37.55 190.74999999999997 2.1100000000000003
    endloop
  endfacet
  facet normal 0 0 1
    outer loop
      vertex 36.70976476353831 190.79210977701544 2.1100000000000003
      vertex 37.55 190.39999999999998 2.1100000000000003
      vertex 37.33155757286187 190.83494983277592 2.1100000000000003
    endloop
  endfacet
  facet normal 0 0 1
    outer loop
      vertex 37.55 190.39999999999998 2.1100000000000003
      vertex 37.55 190.74999999999997 2.1100000000000003
      vertex 37.42142857142854 190.79999999999998 2.1100000000000003
    endloop
  endfacet
  facet normal 0 0 1
    outer loop
      vertex 37.55 190.39999999999998 2.1100000000000003
      vertex 37.42142857142854 190.79999999999998 2.1100000000000003
      vertex 37.33155757286187 190.83494983277592 2.1100000000000003
    endloop
  endfacet
  facet normal 0 -1 0
    outer loop
      vertex 12.25 203.59999999999997 0.6
      vertex 33.06 203.59999999999997 0.6
      vertex 33.06 203.59999999999997 1.29
    endloop
  endfacet
  facet normal 0 1 0
    outer loop
      vertex 12.25 204.39999999999998 0.6
      vertex 33.06 204.39999999999998 1.29
      vertex 33.06 204.39999999999998 0.6
    endloop
  endfacet
  facet normal 1 0 0
    outer loop
      vertex 33.06 203.59999999999997 0.6
      vertex 33.06 204.39999999999998 0.6
      vertex 33.06 203.59999999999997 1.29
    endloop
  endfacet
  facet normal 0 -1 0
    outer loop
      vertex 12.25 203.59999999999997 0.6
      vertex 33.06 203.59999999999997 1.29
      vertex 12.25 203.59999999999997 1.2899999999999998
    endloop
  endfacet
  facet normal 0 1 0
    outer loop
      vertex 12.25 204.39999999999998 0.6
      vertex 12.25 204.39999999999998 1.29
      vertex 33.06 204.39999999999998 1.29
    endloop
  endfacet
  facet normal 1 0 0
    outer loop
      vertex 33.06 204.39999999999998 0.6
      vertex 33.06 204.39999999999998 1.29
      vertex 33.06 203.59999999999997 1.29
    endloop
  endfacet
  facet normal 0 0 -1
    outer loop
      vertex 12.25 202.29999999999995 1.2899999999999998
      vertex 12.25 203.59999999999997 1.2899999999999998
      vertex 33.06 202.29999999999995 1.2899999999999998
    endloop
  endfacet
  facet normal 3.566859171552084e-15 5.709718412307555e-14 -1
    outer loop
      vertex 12.25 203.59999999999997 1.2899999999999998
      vertex 33.06 202.30388888888888 1.29
      vertex 33.06 202.29999999999995 1.2899999999999998
    endloop
  endfacet
  facet normal 1.0670091538925097e-17 0 -1
    outer loop
      vertex 12.25 203.59999999999997 1.2899999999999998
      vertex 33.06 203.59999999999997 1.29
      vertex 33.06 202.30388888888888 1.29
    endloop
  endfacet
  facet normal 0 -1 0
    outer loop
      vertex 12.25 202.29999999999995 1.2899999999999998
      vertex 33.06 202.29999999999995 1.2899999999999998
      vertex 33.06 202.29999999999995 2.0999999999999996
    endloop
  endfacet
  facet normal 1 0 0
    outer loop
      vertex 33.06 202.29999999999995 1.2899999999999998
      vertex 33.06 202.30388888888888 1.29
      vertex 33.06 202.30388888888888 2.0999999999999996
    endloop
  endfacet
  facet normal 0 -1 3.5088530160992606e-14
    outer loop
      vertex 12.25 202.29999999999995 1.2899999999999998
      vertex 33.05 202.29999999999998 2.0999999999999996
      vertex 12.25 202.29999999999998 2.0999999999999996
    endloop
  endfacet
  facet normal -2.8421709430391103e-12 -1 7.301923126499248e-11
    outer loop
      vertex 12.25 202.29999999999995 1.2899999999999998
      vertex 33.06 202.29999999999995 2.0999999999999996
      vertex 33.05 202.29999999999998 2.0999999999999996
    endloop
  endfacet
  facet normal 1 0 0
    outer loop
      vertex 33.06 202.29999999999995 1.2899999999999998
      vertex 33.06 202.30388888888888 2.0999999999999996
      vertex 33.06 202.29999999999995 2.0999999999999996
    endloop
  endfacet
  facet normal 0 0 1
    outer loop
      vertex 33.06 202.29999999999995 2.0999999999999996
      vertex 33.06 202.30388888888888 2.0999999999999996
      vertex 33.05 202.29999999999998 2.0999999999999996
    endloop
  endfacet
  facet normal 0 0 -1
    outer loop
      vertex 33.06 202.30388888888888 1.29
      vertex 33.06 203.59999999999997 1.29
      vertex 37.55 204.39999999999998 1.29
    endloop
  endfacet
  facet normal 0 0 -1
    outer loop
      vertex 33.06 203.59999999999997 1.29
      vertex 33.06 204.39999999999998 1.29
      vertex 37.55 204.39999999999998 1.29
    endloop
  endfacet
  facet normal 0 0 -1
    outer loop
      vertex 33.06 202.30388888888888 1.29
      vertex 37.55 204.39999999999998 1.29
      vertex 37.55 204.04999999999998 1.29
    endloop
  endfacet
  facet normal 0 1 0
    outer loop
      vertex 12.25 204.39999999999998 1.29
      vertex 12.25 204.39999999999998 2.1100000000000003
      vertex 33.06 204.39999999999998 1.29
    endloop
  endfacet
  facet normal 0 1 0
    outer loop
      vertex 33.06 204.39999999999998 1.29
      vertex 12.25 204.39999999999998 2.1100000000000003
      vertex 37.55 204.39999999999998 1.29
    endloop
  endfacet
  facet normal 0.3624462611549477 -0.9320046715412962 0
    outer loop
      vertex 33.06 202.30388888888888 1.29
      vertex 37.55 204.04999999999998 1.29
      vertex 33.06 202.30388888888888 2.0999999999999996
    endloop
  endfacet
  facet normal 1 0 0
    outer loop
      vertex 37.55 204.04999999999998 1.29
      vertex 37.55 204.39999999999998 1.29
      vertex 37.55 204.04999999999998 2.1100000000000003
    endloop
  endfacet
  facet normal 0 -1 0
    outer loop
      vertex 12.25 202.29999999999998 2.0999999999999996
      vertex 33.05 202.29999999999998 2.1100000000000003
      vertex 12.25 202.29999999999998 2.1100000000000003
    endloop
  endfacet
  facet normal 0 0 1
    outer loop
      vertex 12.25 202.29999999999998 2.1100000000000003
      vertex 37.55 204.39999999999998 2.1100000000000003
      vertex 12.25 204.39999999999998 2.1100000000000003
    endloop
  endfacet
  facet normal 0 -1 0
    outer loop
      vertex 12.25 202.29999999999998 2.0999999999999996
      vertex 33.05 202.29999999999998 2.0999999999999996
      vertex 33.05 202.29999999999998 2.1100000000000003
    endloop
  endfacet
  facet normal 0 0 1
    outer loop
      vertex 12.25 202.29999999999998 2.1100000000000003
      vertex 33.05 202.29999999999998 2.1100000000000003
      vertex 37.55 204.04999999999998 2.1100000000000003
    endloop
  endfacet
  facet normal 0 1 0
    outer loop
      vertex 37.55 204.39999999999998 1.29
      vertex 12.25 204.39999999999998 2.1100000000000003
      vertex 37.55 204.39999999999998 2.1100000000000003
    endloop
  endfacet
  facet normal 0.3624462611549477 -0.9320046715412963 0
    outer loop
      vertex 37.55 204.04999999999998 1.29
      vertex 37.55 204.04999999999998 2.1100000000000003
      vertex 33.06 202.30388888888888 2.0999999999999996
    endloop
  endfacet
  facet normal 0 0 1
    outer loop
      vertex 12.25 202.29999999999998 2.1100000000000003
      vertex 37.55 204.04999999999998 2.1100000000000003
      vertex 37.55 204.39999999999998 2.1100000000000003
    endloop
  endfacet
  facet normal 0.362446261155268 -0.9320046715411717 -1.6555728726441856e-10
    outer loop
      vertex 33.05 202.29999999999998 2.0999999999999996
      vertex 33.06 202.30388888888888 2.0999999999999996
      vertex 37.55 204.04999999999998 2.1100000000000003
    endloop
  endfacet
  facet normal 0.36244626115494843 -0.932004671541296 0
    outer loop
      vertex 33.05 202.29999999999998 2.0999999999999996
      vertex 37.55 204.04999999999998 2.1100000000000003
      vertex 33.05 202.29999999999998 2.1100000000000003
    endloop
  endfacet
  facet normal 1 0 0
    outer loop
      vertex 37.55 204.39999999999998 1.29
      vertex 37.55 204.39999999999998 2.1100000000000003
      vertex 37.55 204.04999999999998 2.1100000000000003
    endloop
  endfacet
  facet normal 0 -1 0
    outer loop
      vertex 40.85 190.39999999999998 0.6
      vertex 46.85 190.39999999999998 0.6
      vertex 40.85 190.39999999999998 1.4
    endloop
  endfacet
  facet normal 0 -1 0
    outer loop
      vertex 46.85 190.39999999999998 0.6
      vertex 46.85 190.39999999999998 1.4
      vertex 40.85 190.39999999999998 1.4
    endloop
  endfacet
  facet normal 0 0 1
    outer loop
      vertex 40.85 190.39999999999998 1.4
      vertex 46.85 190.39999999999998 1.4
      vertex 40.85 191.2 1.4
    endloop
  endfacet
  facet normal 0 -1 0
    outer loop
      vertex 40.85 203.59999999999997 0.6
      vertex 46.85 203.59999999999997 0.6
      vertex 40.85 203.59999999999997 1.4
    endloop
  endfacet
  facet normal 0 1 0
    outer loop
      vertex 40.85 204.39999999999998 0.6
      vertex 46.85 204.39999999999998 1.4
      vertex 46.85 204.39999999999998 0.6
    endloop
  endfacet
  facet normal 0 1 0
    outer loop
      vertex 40.85 204.39999999999998 0.6
      vertex 40.85 204.39999999999998 1.4
      vertex 46.85 204.39999999999998 1.4
    endloop
  endfacet
  facet normal 0 -1 0
    outer loop
      vertex 46.85 203.59999999999997 0.6
      vertex 46.85 203.59999999999997 1.4
      vertex 40.85 203.59999999999997 1.4
    endloop
  endfacet
  facet normal 0 0 1
    outer loop
      vertex 40.85 203.59999999999997 1.4
      vertex 46.85 203.59999999999997 1.4
      vertex 40.85 204.39999999999998 1.4
    endloop
  endfacet
  facet normal 0 0 1
    outer loop
      vertex 40.85 204.39999999999998 1.4
      vertex 46.85 203.59999999999997 1.4
      vertex 46.85 204.39999999999998 1.4
    endloop
  endfacet
  facet normal -1 0 0
    outer loop
      vertex 46.85 190.39999999999998 1.4
      vertex 46.85 191.2 2.63
      vertex 46.85 191.2 1.4
    endloop
  endfacet
  facet normal -1 0 0
    outer loop
      vertex 46.85 190.39999999999998 1.4
      vertex 46.85 190.39999999999998 2.63
      vertex 46.85 191.2 2.6499999999999995
    endloop
  endfacet
  facet normal -1 0 0
    outer loop
      vertex 46.85 190.39999999999998 1.4
      vertex 46.85 191.2 2.6499999999999995
      vertex 46.85 191.2 2.63
    endloop
  endfacet
  facet normal -1 0 0
    outer loop
      vertex 46.85 190.39999999999998 2.63
      vertex 46.85 190.39999999999998 2.6499999999999995
      vertex 46.85 191.2 2.6499999999999995
    endloop
  endfacet
  facet normal 0 1 0
    outer loop
      vertex 46.85 191.2 1.4
      vertex 46.85 191.2 2.63
      vertex 146 191.2 2.6298759580475997
    endloop
  endfacet
  facet normal 0 1 0
    outer loop
      vertex 46.85 191.2 2.63
      vertex 146 191.2 2.63
      vertex 146 191.2 2.6298759580475997
    endloop
  endfacet
  facet normal -1 0 0
    outer loop
      vertex 46.85 191.2 2.63
      vertex 46.85 191.2 2.6499999999999995
      vertex 46.85 192.49999999999997 2.63
    endloop
  endfacet
  facet normal -1 0 0
    outer loop
      vertex 46.85 192.49999999999997 2.63
      vertex 46.85 191.2 2.6499999999999995
      vertex 46.85 192.49999999999997 3.44
    endloop
  endfacet
  facet normal -1 0 0
    outer loop
      vertex 46.85 191.2 2.6499999999999995
      vertex 46.85 191.19999999999996 3.44
      vertex 46.85 192.49999999999997 3.44
    endloop
  endfacet
  facet normal 0 0 -1
    outer loop
      vertex 46.85 191.2 2.63
      vertex 46.85 192.49999999999997 2.63
      vertex 146 191.2 2.63
    endloop
  endfacet
  facet normal 0 1 0
    outer loop
      vertex 46.85 192.49999999999997 2.63
      vertex 46.85 192.49999999999997 3.44
      vertex 146 192.49999999999997 2.63
    endloop
  endfacet
  facet normal 0 0 1
    outer loop
      vertex 46.85 191.19999999999996 3.44
      vertex 146 192.49999999999997 3.44
      vertex 46.85 192.49999999999997 3.44
    endloop
  endfacet
  facet normal 0 0 -1
    outer loop
      vertex 46.85 192.49999999999997 2.63
      vertex 146 192.49999999999997 2.63
      vertex 146 191.2 2.63
    endloop
  endfacet
  facet normal 0 1 0
    outer loop
      vertex 46.85 192.49999999999997 3.44
      vertex 146 192.49999999999997 3.44
      vertex 146 192.49999999999997 2.63
    endloop
  endfacet
  facet normal 0 0 1
    outer loop
      vertex 46.85 191.19999999999996 3.44
      vertex 146 191.19999999999996 3.44
      vertex 146 192.49999999999997 3.44
    endloop
  endfacet
  facet normal -1 0 0
    outer loop
      vertex 46.85 203.59999999999997 1.4
      vertex 46.85 204.39999999999998 2.6499999999999995
      vertex 46.85 204.39999999999998 1.4
    endloop
  endfacet
  facet normal -1 0 0
    outer loop
      vertex 46.85 203.59999999999997 1.4
      vertex 46.85 203.59999999999997 2.63
      vertex 46.85 204.39999999999998 2.6499999999999995
    endloop
  endfacet
  facet normal -1 0 0
    outer loop
      vertex 46.85 203.59999999999997 2.63
      vertex 46.85 203.59999999999997 2.6499999999999995
      vertex 46.85 204.39999999999998 2.6499999999999995
    endloop
  endfacet
  facet normal 0 -1 0
    outer loop
      vertex 46.85 203.59999999999997 0.6
      vertex 146 203.59999999999997 0.6
      vertex 46.85 203.59999999999997 1.4
    endloop
  endfacet
  facet normal 0 1 0
    outer loop
      vertex 46.85 204.39999999999998 0.6
      vertex 46.85 204.39999999999998 1.4
      vertex 146 204.39999999999998 0.6
    endloop
  endfacet
  facet normal 0 -1 0
    outer loop
      vertex 46.85 203.59999999999997 1.4
      vertex 146 203.59999999999997 0.6
      vertex 46.85 203.59999999999997 2.63
    endloop
  endfacet
  facet normal 0 1 0
    outer loop
      vertex 46.85 204.39999999999998 1.4
      vertex 46.85 204.39999999999998 2.6499999999999995
      vertex 146 204.39999999999998 0.6
    endloop
  endfacet
  facet normal 0 -1 0
    outer loop
      vertex 46.85 203.59999999999997 2.63
      vertex 146 203.59999999999997 0.6
      vertex 146 203.59999999999997 2.63
    endloop
  endfacet
  facet normal 0 1 0
    outer loop
      vertex 46.85 204.39999999999998 2.6499999999999995
      vertex 146 204.39999999999998 2.6499999999999995
      vertex 146 204.39999999999998 0.6
    endloop
  endfacet
  facet normal -1 0 0
    outer loop
      vertex 46.85 202.29999999999995 2.63
      vertex 46.85 203.59999999999997 2.6499999999999995
      vertex 46.85 203.59999999999997 2.63
    endloop
  endfacet
  facet normal -1 0 0
    outer loop
      vertex 46.85 202.29999999999995 2.63
      vertex 46.85 204.39999999999995 3.44
      vertex 46.85 203.59999999999997 2.6499999999999995
    endloop
  endfacet
  facet normal -1 0 0
    outer loop
      vertex 46.85 203.59999999999997 2.6499999999999995
      vertex 46.85 204.39999999999995 3.44
      vertex 46.85 204.39999999999998 2.6499999999999995
    endloop
  endfacet
  facet normal -1 0 0
    outer loop
      vertex 46.85 202.29999999999995 2.63
      vertex 46.85 202.29999999999995 3.44
      vertex 46.85 204.39999999999995 3.44
    endloop
  endfacet
  facet normal 0 0 -1
    outer loop
      vertex 46.85 202.29999999999995 2.63
      vertex 46.85 203.59999999999997 2.63
      vertex 146 202.29999999999995 2.63
    endloop
  endfacet
  facet normal 0 1 3.5976847380258214e-14
    outer loop
      vertex 46.85 204.39999999999998 2.6499999999999995
      vertex 46.85 204.39999999999995 3.44
      vertex 146 204.39999999999998 2.6499999999999995
    endloop
  endfacet
  facet normal 0 -1 0
    outer loop
      vertex 46.85 202.29999999999995 2.63
      vertex 146 202.29999999999995 3.44
      vertex 46.85 202.29999999999995 3.44
    endloop
  endfacet
  facet normal 0 0 1
    outer loop
      vertex 46.85 202.29999999999995 3.44
      vertex 146 204.39999999999995 3.44
      vertex 46.85 204.39999999999995 3.44
    endloop
  endfacet
  facet normal 0 0 -1
    outer loop
      vertex 46.85 203.59999999999997 2.63
      vertex 146 203.59999999999997 2.63
      vertex 146 202.29999999999995 2.63
    endloop
  endfacet
  facet normal 0 -1 0
    outer loop
      vertex 46.85 202.29999999999995 2.63
      vertex 146 202.29999999999995 2.63
      vertex 146 202.29999999999995 3.44
    endloop
  endfacet
  facet normal 0 1 3.5976847380258214e-14
    outer loop
      vertex 46.85 204.39999999999995 3.44
      vertex 146 204.39999999999995 3.44
      vertex 146 204.39999999999998 2.6499999999999995
    endloop
  endfacet
  facet normal 0 0 1
    outer loop
      vertex 46.85 202.29999999999995 3.44
      vertex 146 202.29999999999995 3.44
      vertex 146 204.39999999999995 3.44
    endloop
  endfacet
  facet normal 1 0 0
    outer loop
      vertex 40.85 191.2 0.6
      vertex 40.85 203.59999999999997 0.6
      vertex 40.85 191.2 1.4
    endloop
  endfacet
  facet normal 0 1 0
    outer loop
      vertex 39.65 204.39999999999998 0.6
      vertex 40.85 204.39999999999998 1.4
      vertex 40.85 204.39999999999998 0.6
    endloop
  endfacet
  facet normal 1 0 0
    outer loop
      vertex 40.85 203.59999999999997 0.6
      vertex 40.85 203.59999999999997 1.4
      vertex 40.85 191.2 1.4
    endloop
  endfacet
  facet normal -1 0 0
    outer loop
      vertex 39.65 190.4088397790055 0.6
      vertex 39.65 204.39999999999998 2.4
      vertex 39.65 204.39999999999998 0.6
    endloop
  endfacet
  facet normal -1 0 0
    outer loop
      vertex 39.65 190.4088397790055 0.6
      vertex 39.65 191.2 1.4949999999999999
      vertex 39.65 204.39999999999998 2.4
    endloop
  endfacet
  facet normal 0 1 0
    outer loop
      vertex 39.65 204.39999999999998 0.6
      vertex 39.65 204.39999999999998 2.4
      vertex 40.85 204.39999999999998 1.4
    endloop
  endfacet
  facet normal 1 0 0
    outer loop
      vertex 40.85 190.39999999999998 1.4
      vertex 40.85 191.2 1.4
      vertex 40.85 190.39999999999998 2.4
    endloop
  endfacet
  facet normal 1 0 0
    outer loop
      vertex 40.85 191.2 1.4
      vertex 40.85 203.59999999999997 1.4
      vertex 40.85 190.39999999999998 2.4
    endloop
  endfacet
  facet normal -1 0 0
    outer loop
      vertex 39.65 191.2 1.4949999999999999
      vertex 39.65 191.2 2.4
      vertex 39.65 204.39999999999998 2.4
    endloop
  endfacet
  facet normal 1 0 0
    outer loop
      vertex 40.85 203.59999999999997 1.4
      vertex 40.85 204.39999999999998 1.4
      vertex 40.85 204.39999999999998 2.4
    endloop
  endfacet
  facet normal 1 0 0
    outer loop
      vertex 40.85 203.59999999999997 1.4
      vertex 40.85 204.39999999999998 2.4
      vertex 40.85 190.39999999999998 2.4
    endloop
  endfacet
  facet normal 0 1 0
    outer loop
      vertex 40.85 204.39999999999998 1.4
      vertex 39.65 204.39999999999998 2.4
      vertex 40.85 204.39999999999998 2.4
    endloop
  endfacet
  facet normal 0 0 1
    outer loop
      vertex 39.71857142857143 190.39999999999998 2.4
      vertex 40.85 190.39999999999998 2.4
      vertex 39.65 191.2 2.4
    endloop
  endfacet
  facet normal 0 0 1
    outer loop
      vertex 39.65 191.2 2.4
      vertex 40.85 190.39999999999998 2.4
      vertex 39.65 204.39999999999998 2.4
    endloop
  endfacet
  facet normal 0 0 1
    outer loop
      vertex 40.85 190.39999999999998 2.4
      vertex 40.85 204.39999999999998 2.4
      vertex 39.65 204.39999999999998 2.4
    endloop
  endfacet
  facet normal 1 0 0
    outer loop
      vertex 12.25 2 0.6
      vertex 12.25 5.6000000000000085 1.29
      vertex 12.25 5.6000000000000085 2.1100000000000003
    endloop
  endfacet
  facet normal 1 0 0
    outer loop
      vertex 12.25 2 0.6
      vertex 12.25 5.6000000000000085 2.1100000000000003
      vertex 12.25 2 3.45
    endloop
  endfacet
  facet normal 1 0 0
    outer loop
      vertex 12.25 5.6000000000000085 2.1100000000000003
      vertex 12.25 7.700000000000008 2.1100000000000003
      vertex 12.25 2 3.45
    endloop
  endfacet
  facet normal 1 0 0
    outer loop
      vertex 12.25 7.700000000000008 2.1100000000000003
      vertex 12.25 17.500000000000007 2.1100000000000003
      vertex 12.25 2 3.45
    endloop
  endfacet
  facet normal 1 0 0
    outer loop
      vertex 12.25 17.500000000000007 2.1100000000000003
      vertex 12.25 19.60000000000001 2.1100000000000003
      vertex 12.25 2 3.45
    endloop
  endfacet
  facet normal 1 0 0
    outer loop
      vertex 12.25 19.60000000000001 2.1100000000000003
      vertex 12.25 20.90000000000001 2.1100000000000003
      vertex 12.25 2 3.45
    endloop
  endfacet
  facet normal 1 0 0
    outer loop
      vertex 12.25 20.90000000000001 2.1100000000000003
      vertex 12.25 30.70000000000001 2.1100000000000003
      vertex 12.25 2 3.45
    endloop
  endfacet
  facet normal 1 0 0
    outer loop
      vertex 12.25 32.79862204724411 2.1100000000000003
      vertex 12.25 2 3.45
      vertex 12.25 30.70000000000001 2.1100000000000003
    endloop
  endfacet
  facet normal 1 0 0
    outer loop
      vertex 12.25 32.79862204724411 2.1100000000000003
      vertex 12.25 34.10000000000001 2.1100000000000003
      vertex 12.25 2 3.45
    endloop
  endfacet
  facet normal 1 0 0
    outer loop
      vertex 12.25 34.10000000000001 2.1100000000000003
      vertex 12.25 43.900000000000006 2.1100000000000003
      vertex 12.25 2 3.45
    endloop
  endfacet
  facet normal 1 0 0
    outer loop
      vertex 12.25 43.900000000000006 2.1100000000000003
      vertex 12.25 46.00000000000001 2.1100000000000003
      vertex 12.25 2 3.45
    endloop
  endfacet
  facet normal 1 0 0
    outer loop
      vertex 12.25 46.00000000000001 2.1100000000000003
      vertex 12.25 47.300000000000004 2.1100000000000003
      vertex 12.25 2 3.45
    endloop
  endfacet
  facet normal 1 0 0
    outer loop
      vertex 12.25 47.300000000000004 2.1100000000000003
      vertex 12.25 57.1 2.1100000000000003
      vertex 12.25 2 3.45
    endloop
  endfacet
  facet normal 1 0 0
    outer loop
      vertex 12.25 57.1 2.1100000000000003
      vertex 12.25 59.1986220472441 2.1100000000000003
      vertex 12.25 2 3.45
    endloop
  endfacet
  facet normal 1 0 0
    outer loop
      vertex 12.25 59.1986220472441 2.1100000000000003
      vertex 12.25 60.50000000000001 2.1100000000000003
      vertex 12.25 2 3.45
    endloop
  endfacet
  facet normal 1 0 0
    outer loop
      vertex 12.25 60.50000000000001 2.1100000000000003
      vertex 12.25 70.30000000000001 2.1100000000000003
      vertex 12.25 2 3.45
    endloop
  endfacet
  facet normal 1 0 0
    outer loop
      vertex 12.25 70.30000000000001 2.1100000000000003
      vertex 12.25 71.61004784688996 2.1100000000000003
      vertex 12.25 2 3.45
    endloop
  endfacet
  facet normal 1 0 0
    outer loop
      vertex 12.25 71.61004784688996 2.1100000000000003
      vertex 12.25 73.7 2.1100000000000003
      vertex 12.25 2 3.45
    endloop
  endfacet
  facet normal 1 0 0
    outer loop
      vertex 12.25 73.7 2.1100000000000003
      vertex 12.25 83.50000000000001 2.1100000000000003
      vertex 12.25 2 3.45
    endloop
  endfacet
  facet normal 1 0 0
    outer loop
      vertex 12.25 83.50000000000001 2.1100000000000003
      vertex 12.25 84.81004784688994 2.1100000000000003
      vertex 12.25 2 3.45
    endloop
  endfacet
  facet normal 1 0 0
    outer loop
      vertex 12.25 84.81004784688994 2.1100000000000003
      vertex 12.25 86.89999999999999 2.1100000000000003
      vertex 12.25 2 3.45
    endloop
  endfacet
  facet normal 1 0 0
    outer loop
      vertex 12.25 86.89999999999999 2.1100000000000003
      vertex 12.25 96.7 2.1100000000000003
      vertex 12.25 2 3.45
    endloop
  endfacet
  facet normal 1 0 0
    outer loop
      vertex 12.25 96.7 2.1100000000000003
      vertex 12.25 98.01004784688995 2.1100000000000003
      vertex 12.25 2 3.45
    endloop
  endfacet
  facet normal 1 0 0
    outer loop
      vertex 12.25 2 3.45
      vertex 12.25 98.01004784688995 2.1100000000000003
      vertex 12.25 100.1 2.1100000000000003
    endloop
  endfacet
  facet normal 1 0 0
    outer loop
      vertex 12.25 2 3.45
      vertex 12.25 100.1 2.1100000000000003
      vertex 12.25 109.9 2.1100000000000003
    endloop
  endfacet
  facet normal 1 0 0
    outer loop
      vertex 12.25 2 3.45
      vertex 12.25 109.9 2.1100000000000003
      vertex 12.25 111.21004784688995 2.1100000000000003
    endloop
  endfacet
  facet normal 1 0 0
    outer loop
      vertex 12.25 2 3.45
      vertex 12.25 111.21004784688995 2.1100000000000003
      vertex 12.25 113.3 2.1100000000000003
    endloop
  endfacet
  facet normal 1 0 0
    outer loop
      vertex 12.25 2 3.45
      vertex 12.25 113.3 2.1100000000000003
      vertex 12.25 123.10000000000001 2.1100000000000003
    endloop
  endfacet
  facet normal 1 0 0
    outer loop
      vertex 12.25 2 3.45
      vertex 12.25 123.10000000000001 2.1100000000000003
      vertex 12.25 124.41004784688995 2.1100000000000003
    endloop
  endfacet
  facet normal 1 0 0
    outer loop
      vertex 12.25 2 3.45
      vertex 12.25 124.41004784688995 2.1100000000000003
      vertex 12.25 126.5 2.1100000000000003
    endloop
  endfacet
  facet normal 1 0 0
    outer loop
      vertex 12.25 2 3.45
      vertex 12.25 126.5 2.1100000000000003
      vertex 12.25 136.3 2.1100000000000003
    endloop
  endfacet
  facet normal 1 0 0
    outer loop
      vertex 12.25 2 3.45
      vertex 12.25 136.3 2.1100000000000003
      vertex 12.25 137.6015965534719 2.1100000000000003
    endloop
  endfacet
  facet normal 1 0 0
    outer loop
      vertex 12.25 2 3.45
      vertex 12.25 137.6015965534719 2.1100000000000003
      vertex 12.25 139.70000000000002 2.1100000000000003
    endloop
  endfacet
  facet normal 1 0 0
    outer loop
      vertex 12.25 2 3.45
      vertex 12.25 139.70000000000002 2.1100000000000003
      vertex 12.25 149.50000000000003 2.1100000000000003
    endloop
  endfacet
  facet normal 1 0 0
    outer loop
      vertex 12.25 2 3.45
      vertex 12.25 149.50000000000003 2.1100000000000003
      vertex 12.25 150.81004784688997 2.1100000000000003
    endloop
  endfacet
  facet normal 1 0 0
    outer loop
      vertex 12.25 2 3.45
      vertex 12.25 150.81004784688997 2.1100000000000003
      vertex 12.25 152.9 2.1100000000000003
    endloop
  endfacet
  facet normal 0 0 1
    outer loop
      vertex 12.230991523246853 1.9958900590804007 3.45
      vertex 12.25 2 3.45
      vertex 10.264960020634511 208.42919783337632 3.45
    endloop
  endfacet
  facet normal 1 0 0
    outer loop
      vertex 12.25 2 3.45
      vertex 12.25 152.9 2.1100000000000003
      vertex 12.25 162.70000000000002 2.1100000000000003
    endloop
  endfacet
  facet normal 1 0 0
    outer loop
      vertex 12.25 2 3.45
      vertex 12.25 162.70000000000002 2.1100000000000003
      vertex 12.25 164.00159655347187 2.1100000000000003
    endloop
  endfacet
  facet normal 1 0 0
    outer loop
      vertex 12.25 2 3.45
      vertex 12.25 164.00159655347187 2.1100000000000003
      vertex 12.25 166.1 2.1100000000000003
    endloop
  endfacet
  facet normal 1 0 0
    outer loop
      vertex 12.25 2 3.45
      vertex 12.25 166.1 2.1100000000000003
      vertex 12.25 175.9 2.1100000000000003
    endloop
  endfacet
  facet normal 1 0 0
    outer loop
      vertex 12.25 2 3.45
      vertex 12.25 175.9 2.1100000000000003
      vertex 12.25 177.21004784688995 2.1100000000000003
    endloop
  endfacet
  facet normal 1 0 0
    outer loop
      vertex 12.25 2 3.45
      vertex 12.25 177.21004784688995 2.1100000000000003
      vertex 12.25 179.29999999999998 2.1100000000000003
    endloop
  endfacet
  facet normal 1 0 0
    outer loop
      vertex 12.25 2 3.45
      vertex 12.25 179.29999999999998 2.1100000000000003
      vertex 12.25 208 3.45
    endloop
  endfacet
  facet normal 0 0 1
    outer loop
      vertex 10.264960020634511 208.42919783337632 3.45
      vertex 12.25 2 3.45
      vertex 12.25 208 3.45
    endloop
  endfacet
  facet normal 1 0 0
    outer loop
      vertex 12.25 208 3.45
      vertex 12.25 204.39999999999998 2.1100000000000003
      vertex 12.25 208 0.6
    endloop
  endfacet
  facet normal 1 0 0
    outer loop
      vertex 12.25 179.29999999999998 2.1100000000000003
      vertex 12.25 189.1 2.1100000000000003
      vertex 12.25 208 3.45
    endloop
  endfacet
  facet normal 1 0 0
    outer loop
      vertex 12.25 189.1 2.1100000000000003
      vertex 12.25 190.40159655347185 2.1100000000000003
      vertex 12.25 208 3.45
    endloop
  endfacet
  facet normal 1 0 0
    outer loop
      vertex 12.25 190.40159655347185 2.1100000000000003
      vertex 12.25 192.49999999999997 2.1100000000000003
      vertex 12.25 208 3.45
    endloop
  endfacet
  facet normal 1 0 0
    outer loop
      vertex 12.25 192.49999999999997 2.1100000000000003
      vertex 12.25 202.29999999999998 2.1100000000000003
      vertex 12.25 208 3.45
    endloop
  endfacet
  facet normal 1 0 0
    outer loop
      vertex 12.25 202.29999999999998 2.1100000000000003
      vertex 12.25 204.39999999999998 2.1100000000000003
      vertex 12.25 208 3.45
    endloop
  endfacet
endsolid OpenSCAD_Model
